open_time_ms,open,high,low,close,volume
1789728300000,0.216,0.2161,0.2149,0.215,1078168.1
1789729200000,0.2151,0.2153,0.2131,0.2134,2631937.5
1789730100000,0.2134,0.2138,0.213,0.2132,1922227.3
1789731000000,0.2133,0.215,0.213,0.2139,2860627.7
1789731900000,0.2139,0.2147,0.2139,0.2142,1258766.3
1789732800000,0.2142,0.2146,0.213,0.2138,1147402.3
1789733700000,0.2139,0.2145,0.2133,0.2143,1867892.4
1789734600000,0.2143,0.2155,0.2141,0.2149,1414564.5
1789735500000,0.215,0.2153,0.2147,0.2149,1079061.3
1789736400000,0.2148,0.2159,0.2144,0.2158,928999.9
1789737300000,0.2158,0.2163,0.2153,0.2161,1673181.2
1789738200000,0.216,0.2185,0.2157,0.2177,7524203.2
1789739100000,0.2176,0.2197,0.2162,0.2171,5560168.9
1789740000000,0.2171,0.2183,0.2171,0.2175,4408732.7
1789740900000,0.2176,0.2202,0.2175,0.2187,6281684.8
1789741800000,0.2187,0.2198,0.2184,0.2197,3526819.1
1789742700000,0.2197,0.2213,0.2194,0.2209,3482618.8
1789743600000,0.221,0.2217,0.2184,0.2193,4897529.3
1789744500000,0.2192,0.2202,0.2191,0.2199,2022308.3
1789745400000,0.22,0.22,0.2183,0.2184,2342981.8
1789746300000,0.2183,0.2202,0.2177,0.22,3272859.7
1789747200000,0.2201,0.221,0.2195,0.2199,1499523.1
1789748100000,0.22,0.2203,0.2192,0.2198,2249871.5
1789749000000,0.2198,0.2207,0.2185,0.2193,2100339.1
1789749900000,0.2192,0.2193,0.2182,0.2184,2153598.6
1789750800000,0.2184,0.219,0.2176,0.2186,1618188.6
1789751700000,0.2187,0.2195,0.2183,0.2195,1406863.6
1789752600000,0.2196,0.2203,0.2194,0.2202,1417114.2
1789753500000,0.2201,0.2212,0.2198,0.2211,1944497.2
1789754400000,0.221,0.2211,0.2204,0.221,1056385.4
1789755300000,0.221,0.2215,0.2206,0.2213,1531014.4
1789756200000,0.2212,0.2218,0.2207,0.2208,1680601.7
1789757100000,0.2208,0.2213,0.2205,0.2207,1655884.2
1789758000000,0.2208,0.2225,0.2207,0.2224,2115714.1
1789758900000,0.2224,0.2234,0.222,0.2222,3394713.6
1789759800000,0.2221,0.2232,0.2218,0.2229,1795044.7
1789760700000,0.223,0.2232,0.2218,0.2224,1457127.6
1789761600000,0.2223,0.2227,0.2216,0.2225,1438088.8
1789762500000,0.2225,0.2236,0.2225,0.2225,1635592.9
1789763400000,0.2226,0.2239,0.2225,0.2236,1790768.4
1789764300000,0.2237,0.2238,0.2229,0.2235,1208022.7
1789765200000,0.2236,0.2252,0.2233,0.2249,3126692.6
1789766100000,0.2249,0.2249,0.2238,0.224,1322204.0
1789767000000,0.2241,0.2252,0.224,0.2246,1356172.1
1789767900000,0.2246,0.2254,0.2242,0.2252,1353299.7
1789768800000,0.2252,0.2256,0.2249,0.2255,2231726.0
1789769700000,0.2256,0.2258,0.2251,0.2258,1610542.9
1789770600000,0.2258,0.2263,0.2242,0.2259,3664674.7
1789771500000,0.2259,0.227,0.2256,0.2267,2239812.6
1789772400000,0.2267,0.2271,0.225,0.2254,3153756.3
1789773300000,0.2254,0.2256,0.2245,0.2245,1686264.4
1789774200000,0.2245,0.2249,0.2239,0.2241,2164360.5
1789775100000,0.2241,0.2249,0.224,0.2244,1552946.8
1789776000000,0.2244,0.2284,0.2244,0.2278,4163352.8
1789776900000,0.2278,0.2292,0.2259,0.2268,7209276.7
1789777800000,0.2268,0.229,0.2268,0.228,2095758.0
1789778700000,0.228,0.2285,0.2272,0.2274,1457652.4
1789779600000,0.2274,0.2279,0.2264,0.2264,1091749.6
1789780500000,0.2265,0.2266,0.2246,0.2257,1767429.6
1789781400000,0.2257,0.2267,0.2248,0.2267,1220914.7
1789782300000,0.2267,0.2295,0.2267,0.2292,2960337.2
1789783200000,0.2291,0.2309,0.2286,0.2301,5685999.5
1789784100000,0.2302,0.231,0.2299,0.2308,2745120.0
1789785000000,0.2308,0.235,0.2305,0.2337,7091541.3
1789785900000,0.2338,0.2347,0.2326,0.2346,2933586.8
1789786800000,0.2347,0.2348,0.2333,0.2334,2840755.1
1789787700000,0.2334,0.2334,0.2311,0.2316,3084796.9
1789788600000,0.2317,0.2333,0.2308,0.2319,4587794.2
1789789500000,0.2319,0.2322,0.2308,0.2309,3181369.3
1789790400000,0.231,0.2317,0.2304,0.2307,2021305.9
1789791300000,0.2306,0.2309,0.2276,0.2279,2667403.2
1789792200000,0.2279,0.2279,0.2254,0.2256,2491269.4
1789793100000,0.2256,0.2264,0.2253,0.2259,1231696.0
1789794000000,0.2258,0.2275,0.2257,0.2273,2481788.2
1789794900000,0.2273,0.2273,0.2263,0.2263,1419279.1
1789795800000,0.2262,0.2265,0.225,0.2251,990385.0
1789796700000,0.2251,0.2253,0.2241,0.2244,2021101.3
1789797600000,0.2245,0.225,0.2215,0.2228,3709389.3
1789798500000,0.2227,0.2234,0.2217,0.2224,1697906.4
1789799400000,0.2224,0.2234,0.2222,0.2232,695542.3
1789800300000,0.2231,0.2234,0.2228,0.2232,952917.7
1789801200000,0.2233,0.2237,0.223,0.2235,663654.6
1789802100000,0.2235,0.2237,0.2229,0.2231,799884.5
1789803000000,0.223,0.2231,0.2215,0.2217,1396558.8
1789803900000,0.2217,0.2223,0.2214,0.2216,2316868.0
1789804800000,0.2217,0.2236,0.2209,0.2234,3396144.8
1789805700000,0.2234,0.2244,0.2232,0.2238,1754534.4
1789806600000,0.2237,0.2246,0.2237,0.2241,809938.6
1789807500000,0.2241,0.2246,0.2238,0.224,1063905.3
1789808400000,0.224,0.2245,0.2235,0.2238,1852468.2
1789809300000,0.2239,0.2242,0.2231,0.2237,1680591.1
1789810200000,0.2237,0.2241,0.223,0.2234,1311877.2
1789811100000,0.2235,0.2241,0.2235,0.2237,869388.6
1789812000000,0.2237,0.2241,0.2234,0.224,699237.4
1789812900000,0.2241,0.2251,0.2238,0.2251,1237626.6
1789813800000,0.2252,0.2256,0.225,0.2253,1223893.8
1789814700000,0.2252,0.2253,0.2247,0.2247,1698867.1
1789815600000,0.2248,0.2258,0.2248,0.2253,1314473.2
1789816500000,0.2254,0.2271,0.2251,0.2261,3592038.3
1789817400000,0.2262,0.2267,0.2258,0.2267,1470729.8
1789818300000,0.2267,0.2273,0.2262,0.2271,1701079.0
1789819200000,0.2271,0.2271,0.2262,0.2265,2975780.7
1789820100000,0.2265,0.2266,0.2253,0.2258,1536263.0
1789821000000,0.2258,0.2269,0.2258,0.2265,3874991.6
1789821900000,0.2265,0.2277,0.2258,0.2272,3119777.2
1789822800000,0.2272,0.2284,0.2262,0.2271,3008571.0
1789823700000,0.2272,0.2283,0.2269,0.227,1327205.1
1789824600000,0.227,0.2278,0.2266,0.227,1508457.4
1789825500000,0.2269,0.2276,0.2268,0.227,1676951.5
1789826400000,0.2271,0.228,0.2269,0.2279,1535288.2
1789827300000,0.228,0.229,0.2279,0.2289,1963053.3
1789828200000,0.229,0.229,0.2276,0.2281,1595361.2
1789829100000,0.2281,0.2285,0.2273,0.2273,1760310.0
1789830000000,0.2272,0.2282,0.2271,0.2275,1651968.8
1789830900000,0.2275,0.2277,0.2263,0.2264,1819679.4
1789831800000,0.2265,0.2281,0.2261,0.2279,1947322.8
1789832700000,0.2278,0.2278,0.2267,0.2271,1331845.7
1789833600000,0.2272,0.2283,0.2256,0.2281,1970374.0
1789834500000,0.2282,0.2284,0.2277,0.228,1395103.9
1789835400000,0.2281,0.2292,0.2279,0.2285,1035223.0
1789836300000,0.2286,0.2298,0.2284,0.2298,1178772.0
1789837200000,0.2297,0.2307,0.2292,0.2304,3763340.8
1789838100000,0.2305,0.2312,0.2283,0.2292,2739249.4
1789839000000,0.2292,0.2298,0.2288,0.2293,855390.0
1789839900000,0.2292,0.23,0.229,0.2297,606802.5
1789840800000,0.2297,0.2304,0.2284,0.2288,2274237.7
1789841700000,0.2289,0.2296,0.2286,0.2289,1136918.1
1789842600000,0.229,0.2301,0.228,0.2291,1805579.1
1789843500000,0.2292,0.2299,0.2281,0.2299,894124.1
1789844400000,0.2299,0.2307,0.2293,0.2295,1465990.7
1789845300000,0.2294,0.2308,0.2293,0.2302,1220130.3
1789846200000,0.2302,0.2311,0.2301,0.2308,1004877.1
1789847100000,0.2308,0.2314,0.2302,0.2302,1300779.1
1789848000000,0.2302,0.2308,0.2295,0.2301,923957.4
1789848900000,0.2301,0.2313,0.2289,0.2298,1406286.0
1789849800000,0.2299,0.23,0.2292,0.2299,2380526.1
1789850700000,0.2298,0.2302,0.2287,0.2291,1271393.7
1789851600000,0.2292,0.2293,0.2266,0.2269,3201500.1
1789852500000,0.2268,0.2282,0.226,0.2277,4106165.9
1789853400000,0.2278,0.2278,0.226,0.2269,1639327.1
1789854300000,0.2269,0.2276,0.2267,0.2272,727558.5
1789855200000,0.2272,0.2272,0.2249,0.2259,2187800.8
1789856100000,0.226,0.2265,0.2251,0.2261,1578321.3
1789857000000,0.2261,0.2277,0.2261,0.2276,1390239.4
1789857900000,0.2276,0.2282,0.2274,0.2281,636756.8
1789858800000,0.228,0.2288,0.2276,0.2276,957151.1
1789859700000,0.2276,0.2281,0.2268,0.2273,946198.1
1789860600000,0.2274,0.2283,0.2273,0.2279,785182.7
1789861500000,0.2279,0.2284,0.2277,0.2278,638905.7
1789862400000,0.2279,0.2284,0.2273,0.2281,760500.9
1789863300000,0.2281,0.2291,0.2277,0.2287,2161945.7
1789864200000,0.2286,0.2301,0.2284,0.2292,2240378.6
1789865100000,0.2292,0.2292,0.2283,0.2288,1245560.7
1789866000000,0.2288,0.2288,0.2267,0.2268,1313772.0
1789866900000,0.2267,0.2281,0.2266,0.2271,1222429.4
1789867800000,0.227,0.2272,0.2259,0.2271,1153984.5
1789868700000,0.2272,0.2276,0.2264,0.2272,539642.9
1789869600000,0.2273,0.2291,0.2271,0.2289,1320387.2
1789870500000,0.2288,0.2289,0.2259,0.2264,1163575.2
1789871400000,0.2264,0.2266,0.2224,0.2225,3241181.5
1789872300000,0.2225,0.224,0.2189,0.2197,8535797.1
1789873200000,0.2197,0.2221,0.2188,0.2199,2825356.6
1789874100000,0.2199,0.2227,0.2192,0.2218,2751289.0
1789875000000,0.2217,0.2224,0.2209,0.2221,1878513.4
1789875900000,0.2222,0.2229,0.2216,0.2224,1073725.0
1789876800000,0.2224,0.2226,0.2211,0.2217,1491370.6
1789877700000,0.2217,0.2226,0.2209,0.2217,440526.6
1789878600000,0.2217,0.2221,0.2213,0.2214,516932.7
1789879500000,0.2214,0.2217,0.2205,0.2212,1932718.8
1789880400000,0.2212,0.222,0.2208,0.2215,633087.4
1789881300000,0.2215,0.2215,0.22,0.2201,1028978.6
1789882200000,0.2201,0.2211,0.2201,0.2203,1504320.9
1789883100000,0.2203,0.2214,0.2199,0.2212,797548.7
1789884000000,0.2213,0.2221,0.2207,0.221,1080994.8
1789884900000,0.221,0.2216,0.2207,0.221,900416.7
1789885800000,0.221,0.221,0.2192,0.2198,1376915.3
1789886700000,0.2197,0.2205,0.2194,0.2201,665145.8
1789887600000,0.2201,0.2206,0.22,0.2204,305140.5
1789888500000,0.2203,0.2206,0.2198,0.2203,459840.2
1789889400000,0.2202,0.2205,0.2192,0.2196,439295.7
1789890300000,0.2196,0.2198,0.219,0.2193,551863.9
1789891200000,0.2192,0.2209,0.2192,0.2205,1077971.4
1789892100000,0.2205,0.2209,0.2199,0.22,345857.4
1789893000000,0.22,0.2201,0.2187,0.2193,1199795.5
1789893900000,0.2192,0.2197,0.2187,0.2197,1270224.4
1789894800000,0.2196,0.2204,0.2195,0.2196,387119.2
1789895700000,0.2196,0.2207,0.2196,0.2206,391919.8
1789896600000,0.2205,0.2223,0.2205,0.2214,1293100.8
1789897500000,0.2214,0.2214,0.2201,0.2202,534436.5
1789898400000,0.2202,0.2207,0.2188,0.2194,980485.9
1789899300000,0.2195,0.2202,0.2188,0.219,646182.9
1789900200000,0.219,0.2197,0.2183,0.2191,817126.8
1789901100000,0.2191,0.2195,0.2188,0.2194,549447.7
1789902000000,0.2194,0.2206,0.2192,0.2199,1214095.7
1789902900000,0.2199,0.2204,0.2194,0.2201,2130150.1
1789903800000,0.2201,0.2209,0.2199,0.2206,633450.8
1789904700000,0.2205,0.2215,0.2204,0.2214,500140.3
1789905600000,0.2214,0.2229,0.2204,0.2221,1505722.8
1789906500000,0.2221,0.2225,0.2208,0.221,1191140.7
1789907400000,0.2209,0.2215,0.2208,0.2215,365433.4
1789908300000,0.2214,0.2225,0.2213,0.2222,1113123.4
1789909200000,0.2222,0.2225,0.2215,0.2215,515932.1
1789910100000,0.2216,0.2216,0.221,0.2213,638721.5
1789911000000,0.2213,0.2214,0.2205,0.2211,345986.7
1789911900000,0.2212,0.2227,0.2205,0.2218,2948340.0
1789912800000,0.2217,0.2233,0.2213,0.2213,1200860.3
1789913700000,0.2212,0.2215,0.2204,0.2207,969920.5
1789914600000,0.2208,0.2221,0.2206,0.2218,1011298.9
1789915500000,0.2217,0.2224,0.2213,0.2214,516835.7
1789916400000,0.2214,0.2233,0.2214,0.2224,1929349.1
1789917300000,0.2225,0.2236,0.2225,0.2226,1135479.7
1789918200000,0.2226,0.2241,0.2225,0.224,1772949.9
1789919100000,0.224,0.2248,0.2239,0.2246,979346.4
1789920000000,0.2247,0.226,0.224,0.2253,4337094.3
1789920900000,0.2254,0.2273,0.2252,0.2271,4661440.5
1789921800000,0.227,0.2321,0.227,0.2316,7531957.2
1789922700000,0.2315,0.2329,0.2311,0.2322,7351522.3
1789923600000,0.2322,0.233,0.2298,0.2306,4497821.7
1789924500000,0.2305,0.2309,0.2274,0.2275,5287409.3
1789925400000,0.2276,0.2296,0.2269,0.2296,4316232.3
1789926300000,0.2296,0.2299,0.2274,0.2279,1947688.2
1789927200000,0.2278,0.2286,0.2266,0.2272,1360465.5
1789928100000,0.2272,0.2285,0.2271,0.2284,603533.0
1789929000000,0.2283,0.2285,0.2271,0.2276,1335012.0
1789929900000,0.2276,0.228,0.2264,0.2266,1591347.0
1789930800000,0.2267,0.2277,0.2264,0.227,943252.8
1789931700000,0.227,0.2272,0.2259,0.2264,1099473.1
1789932600000,0.2264,0.2282,0.2264,0.2277,891453.9
1789933500000,0.2278,0.2286,0.2276,0.2278,899723.5
1789934400000,0.2279,0.2288,0.2276,0.2277,467638.9
1789935300000,0.2278,0.2285,0.2272,0.2281,1663987.9
1789936200000,0.2281,0.2283,0.2272,0.2277,1246235.4
1789937100000,0.2277,0.2279,0.2269,0.227,535309.3
1789938000000,0.2271,0.2271,0.2238,0.2252,3813714.3
1789938900000,0.2253,0.2262,0.2252,0.2262,1326956.9
1789939800000,0.2261,0.2268,0.2257,0.2257,1777424.1
1789940700000,0.2258,0.2272,0.2258,0.227,414760.2
1789941600000,0.227,0.2288,0.2259,0.2288,2135314.1
1789942500000,0.2288,0.2289,0.2277,0.2289,1234774.4
1789943400000,0.2288,0.2294,0.2281,0.2281,1540157.6
1789944300000,0.2282,0.2287,0.228,0.2286,922912.5
1789945200000,0.2285,0.229,0.2277,0.2279,1683129.3
1789946100000,0.2279,0.229,0.2275,0.228,645080.8
1789947000000,0.2281,0.2291,0.2279,0.229,436267.0
1789947900000,0.2289,0.2289,0.2277,0.2279,1017893.2
1789948800000,0.2279,0.2306,0.2278,0.2305,2635757.2
1789949700000,0.2305,0.2324,0.2298,0.2317,2587457.3
1789950600000,0.2316,0.2322,0.2299,0.2305,1810501.5
1789951500000,0.2305,0.2314,0.2303,0.2307,1931779.5
1789952400000,0.2308,0.2317,0.23,0.2316,2175270.3
1789953300000,0.2317,0.234,0.2306,0.2314,4820640.3
1789954200000,0.2315,0.2325,0.2296,0.2306,3782668.0
1789955100000,0.2306,0.2309,0.2267,0.2272,3975399.7
1789956000000,0.2272,0.2293,0.2266,0.2293,5328063.9
1789956900000,0.2293,0.2312,0.2291,0.2305,4422065.7
1789957800000,0.2305,0.2307,0.2286,0.2298,2593441.4
1789958700000,0.2298,0.231,0.2297,0.2306,1521942.2
1789959600000,0.2306,0.232,0.2303,0.2307,1702080.9
1789960500000,0.2308,0.2343,0.2307,0.2325,3592086.0
1789961400000,0.2325,0.2334,0.2319,0.2323,1643243.0
1789962300000,0.2323,0.2329,0.2316,0.2319,1002693.6
1789963200000,0.232,0.2323,0.2304,0.2309,1556963.6
1789964100000,0.2308,0.2316,0.2302,0.2305,1288791.3
1789965000000,0.2305,0.2322,0.2302,0.2321,768297.3
1789965900000,0.2322,0.2328,0.2312,0.2313,1308687.5
1789966800000,0.2313,0.2316,0.2301,0.2306,778869.6
1789967700000,0.2307,0.2325,0.2307,0.2322,762495.5
1789968600000,0.2321,0.2334,0.2315,0.2318,1434968.9
1789969500000,0.2317,0.2324,0.2315,0.2316,891448.7
1789970400000,0.2317,0.2326,0.2314,0.2322,1173258.7
1789971300000,0.2322,0.2346,0.2322,0.234,2858242.2
1789972200000,0.2341,0.2346,0.2318,0.2319,1949636.3
1789973100000,0.2319,0.2338,0.2319,0.2329,1729680.7
1789974000000,0.2329,0.2334,0.2316,0.2326,1479883.7
1789974900000,0.2326,0.2331,0.2322,0.2325,1069688.5
1789975800000,0.2324,0.2325,0.231,0.2314,1093865.6
1789976700000,0.2314,0.2325,0.2311,0.2323,1134249.2
1789977600000,0.2322,0.2335,0.2322,0.2326,1554230.0
1789978500000,0.2326,0.2337,0.232,0.2334,2500587.4
1789979400000,0.2335,0.2373,0.2331,0.2363,10592209.4
1789980300000,0.2362,0.238,0.2355,0.2373,8607902.6
1789981200000,0.2372,0.2378,0.2362,0.2367,5510164.4
1789982100000,0.2366,0.2393,0.2365,0.239,5808224.8
1789983000000,0.239,0.2413,0.2388,0.2409,10144904.4
1789983900000,0.2408,0.241,0.2366,0.2371,7781760.1
1789984800000,0.2372,0.2396,0.2364,0.2391,3793498.1
1789985700000,0.2391,0.2398,0.2386,0.2395,2557421.7
1789986600000,0.2395,0.2404,0.2391,0.2401,2619157.7
1789987500000,0.2401,0.2408,0.2395,0.2407,2101148.6
1789988400000,0.2407,0.2439,0.2404,0.2434,6823836.9
1789989300000,0.2434,0.2436,0.2417,0.2419,5785914.9
1789990200000,0.2419,0.2429,0.2415,0.2424,2580443.7
1789991100000,0.2424,0.2426,0.2415,0.2418,1995419.9
1789992000000,0.2418,0.2431,0.2412,0.2427,2661839.1
1789992900000,0.2427,0.2454,0.2427,0.2451,6657447.3
1789993800000,0.2451,0.2488,0.2446,0.247,9103437.8
1789994700000,0.2469,0.2474,0.2454,0.2458,2737768.6
1789995600000,0.2457,0.2468,0.2447,0.2454,4121274.9
1789996500000,0.2453,0.2456,0.2416,0.2425,6858985.8
1789997400000,0.2426,0.2435,0.2412,0.2432,4626694.9
1789998300000,0.2431,0.2459,0.2429,0.2438,3977569.7
1789999200000,0.2439,0.2442,0.2397,0.2419,5733858.0
1790000100000,0.2419,0.2434,0.2416,0.2429,3287299.8
1790001000000,0.2429,0.2433,0.2414,0.2422,2369508.4
1790001900000,0.2422,0.245,0.2418,0.244,3774492.6
1790002800000,0.2441,0.2469,0.2438,0.2449,5339868.5
1790003700000,0.2448,0.2448,0.242,0.2423,4716291.9
1790004600000,0.2423,0.2451,0.2423,0.2451,2535174.0
1790005500000,0.2452,0.2458,0.2445,0.2448,1849494.3
1790006400000,0.2448,0.2461,0.2443,0.245,4722550.4
1790007300000,0.2451,0.2466,0.2437,0.2438,2476538.8
1790008200000,0.2438,0.2441,0.2414,0.2438,2806359.8
1790009100000,0.2438,0.2448,0.2437,0.2439,1577306.2
1790010000000,0.2439,0.2451,0.243,0.2431,1935817.0
1790010900000,0.2431,0.2436,0.2424,0.243,1669542.5
1790011800000,0.243,0.2441,0.2426,0.2427,2144988.9
1790012700000,0.2427,0.2428,0.2402,0.2413,4771527.8
1790013600000,0.2414,0.2439,0.2406,0.2437,2523705.9
1790014500000,0.2437,0.2441,0.2431,0.2434,1227090.9
1790015400000,0.2435,0.2443,0.2425,0.2439,1123563.3
1790016300000,0.2439,0.2446,0.2436,0.2437,696425.6
1790017200000,0.2437,0.2437,0.2424,0.2428,1277701.2
1790018100000,0.2428,0.2436,0.2421,0.243,1062039.6
1790019000000,0.2431,0.2443,0.2426,0.2431,1328384.1
1790019900000,0.243,0.2448,0.2429,0.2448,1012972.8
1790020800000,0.2447,0.2455,0.2444,0.2454,2466047.0
1790021700000,0.2453,0.2478,0.2451,0.2473,4169731.3
1790022600000,0.2473,0.2473,0.2449,0.2454,2821494.6
1790023500000,0.2454,0.2468,0.2447,0.2465,1710716.2
1790024400000,0.2465,0.2466,0.2443,0.2445,2798761.0
1790025300000,0.2444,0.2451,0.2436,0.2448,1632010.0
1790026200000,0.2447,0.2464,0.2447,0.2454,1507443.4
1790027100000,0.2455,0.2456,0.2442,0.2446,715691.5
1790028000000,0.2447,0.2466,0.2447,0.2465,1574236.8
1790028900000,0.2466,0.2474,0.2445,0.2452,2151136.5
1790029800000,0.2453,0.2463,0.2447,0.2462,1645742.5
1790030700000,0.2461,0.2465,0.245,0.2464,1843174.7
1790031600000,0.2463,0.2477,0.2461,0.2467,1908587.1
1790032500000,0.2467,0.247,0.2441,0.2444,1674180.0
1790033400000,0.2444,0.2447,0.2432,0.2442,2742840.3
1790034300000,0.2441,0.2456,0.2438,0.2451,1360077.8
1790035200000,0.2451,0.2456,0.2441,0.2448,2323698.1
1790036100000,0.2447,0.2472,0.2442,0.2465,2363625.7
1790037000000,0.2464,0.2483,0.2455,0.2481,3415868.1
1790037900000,0.2481,0.249,0.2446,0.2452,4759859.0
1790038800000,0.2452,0.246,0.243,0.2449,4241564.0
1790039700000,0.2449,0.246,0.2424,0.2457,2922373.4
1790040600000,0.2456,0.247,0.2448,0.2456,2137867.8
1790041500000,0.2455,0.2466,0.2444,0.2457,1991608.6
1790042400000,0.2457,0.2469,0.2449,0.2458,2745725.7
1790043300000,0.2458,0.2482,0.2455,0.2479,6657694.0
1790044200000,0.248,0.2499,0.2469,0.2474,3914920.2
1790045100000,0.2474,0.2478,0.245,0.2457,2597367.6
1790046000000,0.2456,0.2465,0.2443,0.2451,2192429.3
1790046900000,0.245,0.2485,0.2448,0.2482,2054138.5
1790047800000,0.2483,0.2483,0.2462,0.2467,1812539.4
1790048700000,0.2466,0.2483,0.2463,0.2481,2005096.6
1790049600000,0.248,0.2527,0.2475,0.2509,16011970.9
1790050500000,0.2508,0.2517,0.2498,0.2504,3475007.8
1790051400000,0.2505,0.2509,0.2462,0.2469,5392391.7
1790052300000,0.2468,0.2477,0.2459,0.2464,2293370.0
1790053200000,0.2465,0.2476,0.2457,0.2468,1714095.6
1790054100000,0.2468,0.2469,0.2415,0.2422,7189133.5
1790055000000,0.2421,0.2444,0.2401,0.2444,5299873.5
1790055900000,0.2444,0.2454,0.2431,0.2445,3408917.9
1790056800000,0.2446,0.2451,0.2429,0.2436,1890352.7
1790057700000,0.2437,0.2441,0.2432,0.244,950426.7
1790058600000,0.244,0.2464,0.2437,0.2462,1555848.2
1790059500000,0.2462,0.2466,0.2449,0.2449,2482895.3
1790060400000,0.245,0.246,0.2442,0.2454,923884.9
1790061300000,0.2454,0.2458,0.2437,0.2441,1930889.9
1790062200000,0.2441,0.245,0.2434,0.245,2446767.9
1790063100000,0.245,0.2462,0.2448,0.2455,1416193.2
1790064000000,0.2455,0.2465,0.2448,0.246,1312167.3
1790064900000,0.246,0.246,0.2437,0.2439,1804449.8
1790065800000,0.244,0.2486,0.2435,0.2483,2880588.0
1790066700000,0.2482,0.2505,0.2474,0.2496,4141261.3
1790067600000,0.2495,0.2496,0.2459,0.2475,4103304.6
1790068500000,0.2474,0.2489,0.2474,0.2483,2289235.0
1790069400000,0.2483,0.249,0.2476,0.2477,1195582.0
1790070300000,0.2476,0.2484,0.247,0.248,1480122.8
1790071200000,0.2479,0.248,0.246,0.2462,1628811.5
1790072100000,0.2462,0.247,0.2442,0.2451,1988588.0
1790073000000,0.2451,0.2461,0.2443,0.2452,2043634.2
1790073900000,0.2452,0.2457,0.245,0.2451,1037308.0
1790074800000,0.2451,0.2455,0.2437,0.2451,1678511.7
1790075700000,0.2451,0.2462,0.2449,0.245,915916.3
1790076600000,0.245,0.2469,0.2446,0.2465,945103.6
1790077500000,0.2465,0.2469,0.2457,0.2461,1462715.5
1790078400000,0.2461,0.2464,0.2452,0.2452,1219297.2
1790079300000,0.2451,0.2469,0.2442,0.2468,2047131.8
1790080200000,0.2469,0.2478,0.2466,0.2474,2186734.7
1790081100000,0.2474,0.2498,0.2474,0.2498,3804214.2
1790082000000,0.2498,0.2523,0.2496,0.251,7754711.3
1790082900000,0.251,0.2525,0.2491,0.2502,9058957.6
1790083800000,0.2501,0.2522,0.248,0.251,9831565.2
1790084700000,0.251,0.2537,0.2505,0.2534,6811459.7
1790085600000,0.2534,0.2539,0.2508,0.2539,7196576.5
1790086500000,0.2539,0.2545,0.2499,0.25,4718027.0
1790087400000,0.25,0.2502,0.2456,0.2482,8600333.8
1790088300000,0.2482,0.2509,0.2482,0.2506,2670825.4
1790089200000,0.2506,0.2528,0.2504,0.2526,3203188.1
1790090100000,0.2527,0.2543,0.2511,0.2529,4449994.5
1790091000000,0.2529,0.2531,0.2511,0.2528,3980312.1
1790091900000,0.2529,0.254,0.2515,0.2522,3924931.9
1790092800000,0.2522,0.2529,0.2484,0.2486,9124868.5
1790093700000,0.2485,0.2495,0.2473,0.2476,3677492.5
1790094600000,0.2477,0.2488,0.2472,0.2482,1778496.8
1790095500000,0.2481,0.2503,0.2478,0.249,2596580.7
1790096400000,0.2491,0.25,0.2482,0.2489,2121251.6
1790097300000,0.2489,0.2497,0.2483,0.2496,1935777.7
1790098200000,0.2497,0.25,0.2484,0.2487,2825535.4
1790099100000,0.2488,0.2502,0.2485,0.2499,2438587.5
1790100000000,0.2499,0.2504,0.2493,0.25,1913690.4
1790100900000,0.2501,0.2513,0.25,0.2503,2736144.3
1790101800000,0.2503,0.252,0.2502,0.2506,1950927.7
1790102700000,0.2507,0.2516,0.2504,0.2506,2303590.9
1790103600000,0.2506,0.2531,0.2506,0.2526,2639754.4
1790104500000,0.2526,0.254,0.2526,0.2538,2289514.3
1790105400000,0.2538,0.2539,0.2507,0.252,3121363.4
1790106300000,0.2521,0.2533,0.2505,0.2527,2918671.9
1790107200000,0.2528,0.2531,0.2507,0.251,3456855.9
1790108100000,0.251,0.2534,0.251,0.2532,1311692.0
1790109000000,0.2531,0.2533,0.2518,0.2518,1925630.4
1790109900000,0.2519,0.2525,0.2514,0.252,2462992.7
1790110800000,0.2521,0.2532,0.2517,0.2519,1623252.2
1790111700000,0.2519,0.2521,0.2509,0.2513,1213213.5
1790112600000,0.2513,0.2527,0.2508,0.2508,1973002.6
1790113500000,0.2509,0.252,0.2507,0.2511,669151.6
1790114400000,0.2512,0.2519,0.2491,0.2503,3566817.6
1790115300000,0.2502,0.2521,0.25,0.2515,1588384.8
1790116200000,0.2514,0.2546,0.2514,0.2544,2200242.1
1790117100000,0.2544,0.2555,0.2531,0.2531,3035590.0
1790118000000,0.2531,0.2563,0.2529,0.2557,2901383.7
1790118900000,0.2558,0.2578,0.2556,0.2563,4592890.6
1790119800000,0.2562,0.2572,0.2546,0.2552,3184861.9
1790120700000,0.2553,0.2557,0.2531,0.2543,2805731.0
1790121600000,0.2543,0.2565,0.2537,0.2564,3147908.0
1790122500000,0.2563,0.2578,0.2552,0.2556,2699610.0
1790123400000,0.2555,0.2568,0.254,0.2545,2864840.0
1790124300000,0.2545,0.2554,0.2541,0.2543,1316728.7
1790125200000,0.2543,0.2565,0.254,0.2559,1580529.8
1790126100000,0.2559,0.2565,0.2547,0.2552,2074624.3
1790127000000,0.2551,0.2556,0.2524,0.253,2758576.4
1790127900000,0.253,0.2537,0.2519,0.2531,3744472.0
1790128800000,0.253,0.253,0.2513,0.2529,1881805.5
1790129700000,0.253,0.2554,0.253,0.2542,1947190.9
1790130600000,0.2541,0.255,0.2535,0.2549,1117051.2
1790131500000,0.2549,0.2565,0.2547,0.2563,979517.1
1790132400000,0.2563,0.2564,0.2545,0.2559,935338.5
1790133300000,0.2559,0.2573,0.2556,0.2565,1615234.0
1790134200000,0.2566,0.2583,0.2563,0.2583,4685629.9
1790135100000,0.2583,0.2601,0.258,0.2598,6146303.7
1790136000000,0.2599,0.26,0.2577,0.2586,6091430.7
1790136900000,0.2586,0.2617,0.2582,0.2608,4695626.6
1790137800000,0.2609,0.2623,0.2595,0.2603,3540013.2
1790138700000,0.2603,0.261,0.2598,0.2598,1370345.0
1790139600000,0.2598,0.2599,0.2573,0.2574,2838940.0
1790140500000,0.2575,0.2581,0.2568,0.2577,3556397.6
1790141400000,0.2576,0.2591,0.2574,0.2582,1460732.6
1790142300000,0.2581,0.2584,0.2549,0.256,4566333.7
1790143200000,0.256,0.2582,0.2558,0.2579,1552346.7
1790144100000,0.2579,0.2594,0.2578,0.258,1906532.5
1790145000000,0.258,0.26,0.2567,0.2598,1438836.7
1790145900000,0.2598,0.26,0.2583,0.259,1106336.2
1790146800000,0.2589,0.2589,0.2572,0.2576,3391782.4
1790147700000,0.2577,0.2593,0.2575,0.258,1320073.5
1790148600000,0.2581,0.2587,0.2554,0.2557,2135820.7
1790149500000,0.2558,0.2567,0.2555,0.2561,2070190.7
1790150400000,0.2561,0.2566,0.2534,0.255,2741982.2
1790151300000,0.2551,0.2569,0.2551,0.2555,2274534.3
1790152200000,0.2554,0.2572,0.2553,0.2559,2537472.4
1790153100000,0.2558,0.2558,0.2516,0.2536,5122559.1
1790154000000,0.2536,0.2543,0.253,0.2535,2126578.7
1790154900000,0.2535,0.2555,0.2534,0.2547,2045460.2
1790155800000,0.2548,0.2556,0.2537,0.2539,1264080.6
1790156700000,0.2538,0.2542,0.253,0.2536,2232971.2
1790157600000,0.2535,0.2549,0.2526,0.2532,3258408.5
1790158500000,0.2531,0.2535,0.2512,0.2528,3392121.1
1790159400000,0.2529,0.2542,0.2521,0.2542,2007651.9
1790160300000,0.2541,0.2546,0.2531,0.2544,1514154.0
1790161200000,0.2544,0.2545,0.2525,0.2526,1755489.9
1790162100000,0.2527,0.253,0.2496,0.2508,3580731.1
1790163000000,0.2509,0.251,0.2493,0.25,2871002.0
1790163900000,0.2501,0.2515,0.25,0.2509,1514557.4
1790164800000,0.251,0.2512,0.2483,0.2501,2948232.4
1790165700000,0.2501,0.251,0.2491,0.2499,2592512.5
1790166600000,0.25,0.2509,0.2499,0.25,1876566.7
1790167500000,0.2501,0.2507,0.249,0.2502,1675908.6
1790168400000,0.2502,0.2503,0.2469,0.2476,4317682.9
1790169300000,0.2476,0.2491,0.2476,0.2488,1607111.3
1790170200000,0.2487,0.2498,0.2478,0.2493,3965135.6
1790171100000,0.2493,0.2494,0.2477,0.2486,1320401.1
1790172000000,0.2485,0.2499,0.2354,0.2407,21452127.3
1790172900000,0.2407,0.2409,0.2367,0.2372,15040284.3
1790173800000,0.2372,0.241,0.2363,0.2396,5974056.9
1790174700000,0.2396,0.2409,0.238,0.2401,3000008.1
1790175600000,0.2402,0.2417,0.2396,0.241,4194635.7
1790176500000,0.241,0.2417,0.2391,0.2394,2594174.4
1790177400000,0.2395,0.2397,0.238,0.2392,3305747.3
1790178300000,0.2392,0.2398,0.2371,0.2374,5231812.2
1790179200000,0.2373,0.2399,0.2334,0.2393,7583577.5
1790180100000,0.2393,0.2397,0.238,0.2386,1904779.8
1790181000000,0.2387,0.2394,0.2379,0.2388,974973.4
1790181900000,0.2388,0.2394,0.2374,0.2386,2418691.2
1790182800000,0.2385,0.2394,0.2361,0.2372,1846371.7
1790183700000,0.2372,0.2398,0.2372,0.2392,1264117.6
1790184600000,0.2391,0.2403,0.2384,0.2398,1229908.5
1790185500000,0.2397,0.2403,0.2391,0.2395,1552154.3
1790186400000,0.2394,0.2394,0.2378,0.2381,1382189.6
1790187300000,0.2381,0.2386,0.2372,0.2376,1106991.5
1790188200000,0.2376,0.2381,0.2371,0.238,882914.0
1790189100000,0.2379,0.2392,0.2375,0.2381,1266889.5
1790190000000,0.2381,0.2387,0.2373,0.2382,592087.4
1790190900000,0.2383,0.2393,0.2377,0.239,1281120.0
1790191800000,0.239,0.2395,0.2381,0.2382,770626.7
1790192700000,0.2383,0.2391,0.2383,0.2385,860158.4
1790193600000,0.2385,0.2388,0.2371,0.2377,1053429.9
1790194500000,0.2376,0.2389,0.2364,0.237,611707.2
1790195400000,0.237,0.2383,0.2369,0.2379,597156.6
1790196300000,0.238,0.2381,0.2367,0.2368,685435.1
1790197200000,0.2368,0.2376,0.2364,0.2374,920572.3
1790198100000,0.2374,0.2381,0.2368,0.2381,840221.7
1790199000000,0.238,0.2391,0.2379,0.2386,610210.3
1790199900000,0.2386,0.2386,0.2376,0.2379,598629.8
1790200800000,0.2379,0.2402,0.2379,0.2394,2185328.7
1790201700000,0.2394,0.2399,0.2385,0.2385,784219.1
1790202600000,0.2385,0.2385,0.2378,0.2382,407647.7
1790203500000,0.2383,0.2393,0.2383,0.2386,863211.2
1790204400000,0.2386,0.2391,0.238,0.2389,657106.9
1790205300000,0.2389,0.239,0.2383,0.2385,395045.4
1790206200000,0.2384,0.2386,0.2377,0.238,1059910.8
1790207100000,0.2381,0.2386,0.238,0.2384,391895.0
1790208000000,0.2384,0.2388,0.2371,0.2376,1040617.3
1790208900000,0.2376,0.2388,0.2375,0.2386,709783.0
1790209800000,0.2386,0.2392,0.2379,0.2381,628694.3
1790210700000,0.238,0.2384,0.2373,0.2379,1511051.8
1790211600000,0.2379,0.2385,0.2375,0.2378,816159.7
1790212500000,0.2379,0.2379,0.2364,0.237,1446478.7
1790213400000,0.2369,0.2382,0.2364,0.2366,1356481.5
1790214300000,0.2365,0.2372,0.2361,0.2366,839447.2
1790215200000,0.2367,0.237,0.2348,0.2364,1641805.8
1790216100000,0.2364,0.2384,0.2364,0.2381,1669497.7
1790217000000,0.238,0.2393,0.2377,0.2392,1488625.2
1790217900000,0.2393,0.2403,0.2392,0.2399,2602151.9
1790218800000,0.24,0.2411,0.2397,0.2405,2023736.3
1790219700000,0.2404,0.2408,0.2385,0.2387,1838753.7
1790220600000,0.2387,0.2388,0.2378,0.2387,514565.8
1790221500000,0.2387,0.2396,0.2385,0.2387,587432.6
1790222400000,0.2388,0.2396,0.2378,0.2387,1286859.7
1790223300000,0.2387,0.2407,0.2384,0.2407,1073079.6
1790224200000,0.2407,0.2409,0.2396,0.2398,789746.9
1790225100000,0.2398,0.2413,0.2393,0.2411,869737.7
1790226000000,0.2411,0.2437,0.2411,0.2428,2149462.3
1790226900000,0.2429,0.2431,0.2417,0.242,1424735.1
1790227800000,0.242,0.2422,0.2405,0.2413,1938806.7
1790228700000,0.2412,0.2419,0.2399,0.2401,1374430.8
1790229600000,0.2401,0.2414,0.2397,0.241,939589.6
1790230500000,0.241,0.2415,0.2402,0.2414,1672531.9
1790231400000,0.2414,0.2417,0.241,0.2416,547400.5
1790232300000,0.2416,0.2416,0.2407,0.241,616900.4
1790233200000,0.2411,0.2411,0.2395,0.2406,948311.7
1790234100000,0.2406,0.2415,0.2403,0.2415,719600.4
1790235000000,0.2415,0.2422,0.2411,0.2416,880664.4
1790235900000,0.2415,0.2426,0.2414,0.2422,1038722.3
1790236800000,0.2421,0.2428,0.2412,0.2415,1632400.0
1790237700000,0.2414,0.2421,0.2389,0.2389,1318942.8
1790238600000,0.2389,0.2399,0.2382,0.2384,1534045.8
1790239500000,0.2383,0.2386,0.2366,0.2384,1655370.1
1790240400000,0.2384,0.2393,0.2368,0.237,1394139.4
1790241300000,0.2369,0.2369,0.2349,0.2351,3301250.1
1790242200000,0.2351,0.2354,0.2329,0.2342,4265676.0
1790243100000,0.2342,0.235,0.2338,0.2342,1156936.9
1790244000000,0.2342,0.2352,0.234,0.2348,1199519.8
1790244900000,0.2349,0.2354,0.2339,0.2344,2006844.4
1790245800000,0.2343,0.2352,0.2335,0.2347,751255.0
1790246700000,0.2347,0.2363,0.2346,0.2361,907485.4
1790247600000,0.2361,0.2372,0.2361,0.2369,1036133.1
1790248500000,0.2368,0.2369,0.236,0.2361,696107.0
1790249400000,0.2361,0.2365,0.2356,0.236,686718.5
1790250300000,0.236,0.2361,0.2351,0.2358,1345528.9
1790251200000,0.2359,0.2369,0.235,0.2363,913008.7
1790252100000,0.2363,0.2368,0.236,0.2361,647938.8
1790253000000,0.2362,0.2364,0.2352,0.2361,1501568.1
1790253900000,0.2361,0.2371,0.2357,0.2366,770343.2
1790254800000,0.2366,0.2382,0.2366,0.2381,1070259.5
1790255700000,0.2381,0.2402,0.238,0.2401,2068484.7
1790256600000,0.2401,0.2426,0.2398,0.2407,3919165.7
1790257500000,0.2407,0.2415,0.2403,0.2415,1849749.7
1790258400000,0.2415,0.2443,0.2412,0.244,3335970.7
1790259300000,0.2441,0.2506,0.2435,0.2503,11824110.4
1790260200000,0.2503,0.2511,0.2484,0.2486,9834578.8
1790261100000,0.2486,0.2486,0.243,0.2456,9335777.0
1790262000000,0.2455,0.2474,0.2447,0.2465,3034872.6
1790262900000,0.2465,0.249,0.2464,0.2478,1918211.4
1790263800000,0.2477,0.2503,0.2476,0.2503,3291132.9
1790264700000,0.2503,0.2504,0.2488,0.249,4394527.0
1790265600000,0.2491,0.2491,0.2454,0.2475,4693147.6
1790266500000,0.2475,0.2515,0.2473,0.2505,5210180.0
1790267400000,0.2505,0.251,0.2491,0.2491,1823948.8
1790268300000,0.2491,0.2501,0.2478,0.2487,2319616.1
1790269200000,0.2486,0.2494,0.2471,0.2479,1959379.1
1790270100000,0.2479,0.2488,0.2469,0.2479,1945141.6
1790271000000,0.2478,0.2483,0.2456,0.2462,1899361.5
1790271900000,0.2462,0.2468,0.2457,0.2464,2033131.9
1790272800000,0.2464,0.2467,0.2445,0.2458,1760052.6
1790273700000,0.2459,0.2479,0.2455,0.2473,1781092.1
1790274600000,0.2474,0.2483,0.2462,0.2466,1932214.0
1790275500000,0.2467,0.2486,0.2463,0.2481,1531175.2
1790276400000,0.2481,0.2481,0.2467,0.2476,874833.1
1790277300000,0.2477,0.2487,0.2476,0.2487,468971.0
1790278200000,0.2487,0.2488,0.2473,0.2477,1602529.8
1790279100000,0.2477,0.2485,0.2474,0.2482,1046187.3
1790280000000,0.2482,0.2489,0.2474,0.2475,942731.0
1790280900000,0.2475,0.2484,0.2469,0.2476,1063679.8
1790281800000,0.2476,0.2479,0.2464,0.247,1418857.4
1790282700000,0.2471,0.2481,0.2471,0.2474,778909.0
1790283600000,0.2475,0.2484,0.2472,0.2479,849472.9
1790284500000,0.2479,0.249,0.2478,0.249,561735.2
1790285400000,0.249,0.2501,0.2489,0.2501,1227216.6
1790286300000,0.2501,0.2503,0.2484,0.2484,1018771.0
1790287200000,0.2485,0.249,0.2472,0.2477,1618189.1
1790288100000,0.2476,0.2478,0.2461,0.2471,1172661.7
1790289000000,0.2472,0.2481,0.2467,0.2471,638327.3
1790289900000,0.2472,0.2478,0.247,0.2476,582082.8
1790290800000,0.2476,0.2491,0.2475,0.2484,764280.3
1790291700000,0.2484,0.2492,0.2481,0.249,566818.1
1790292600000,0.2489,0.2493,0.2484,0.2484,748778.0
1790293500000,0.2484,0.2487,0.2475,0.2477,1391155.5
1790294400000,0.2477,0.2505,0.2476,0.2503,2042393.7
1790295300000,0.2502,0.2507,0.2491,0.2495,2911379.9
1790296200000,0.2495,0.2502,0.249,0.2494,1589475.3
1790297100000,0.2494,0.2502,0.2491,0.2502,743063.4
1790298000000,0.2503,0.2523,0.2498,0.2518,3553473.0
1790298900000,0.2517,0.2533,0.2506,0.2508,2195208.1
1790299800000,0.2509,0.251,0.2489,0.2506,1785690.5
1790300700000,0.2505,0.2507,0.2494,0.2499,1118145.2
1790301600000,0.2499,0.2521,0.2498,0.2511,1412861.4
1790302500000,0.251,0.2516,0.2494,0.2496,1378753.1
1790303400000,0.2497,0.2502,0.2473,0.2483,1887775.1
1790304300000,0.2483,0.2485,0.2468,0.2474,1642116.3
1790305200000,0.2475,0.2485,0.2468,0.2475,1189037.6
1790306100000,0.2474,0.2483,0.2469,0.247,987321.1
1790307000000,0.247,0.248,0.2464,0.2469,1100710.4
1790307900000,0.2469,0.2478,0.2467,0.2477,1140909.2
1790308800000,0.2477,0.2483,0.2468,0.2473,1178210.9
1790309700000,0.2473,0.2485,0.2471,0.2481,904638.1
1790310600000,0.2481,0.2499,0.2479,0.2496,725123.3
1790311500000,0.2495,0.2495,0.248,0.248,948053.8
1790312400000,0.248,0.2484,0.2472,0.2473,1022354.7
1790313300000,0.2472,0.2484,0.2469,0.2473,1070516.8
1790314200000,0.2473,0.2483,0.2465,0.2476,1066841.9
1790315100000,0.2475,0.2479,0.2474,0.2474,630887.4
1790316000000,0.2475,0.2484,0.2466,0.2475,1191277.3
1790316900000,0.2476,0.2492,0.2469,0.2476,1392434.3
1790317800000,0.2477,0.2484,0.2466,0.2474,955925.5
1790318700000,0.2473,0.2475,0.2465,0.2472,1096904.6
1790319600000,0.2472,0.2484,0.2466,0.2469,1402857.0
1790320500000,0.2469,0.249,0.2469,0.2482,1267851.1
1790321400000,0.2482,0.2486,0.2462,0.2471,1558353.1
1790322300000,0.2471,0.2495,0.247,0.2493,1214734.8
1790323200000,0.2494,0.25,0.2486,0.2495,2316634.3
1790324100000,0.2496,0.2531,0.2496,0.2526,2354073.9
1790325000000,0.2527,0.2531,0.2514,0.2515,1964982.8
1790325900000,0.2515,0.2525,0.2504,0.252,1328373.6
1790326800000,0.252,0.2537,0.2519,0.2524,2254421.4
1790327700000,0.2524,0.2541,0.2516,0.2538,2153242.5
1790328600000,0.2538,0.2543,0.2532,0.2539,2087522.0
1790329500000,0.254,0.2551,0.2525,0.2531,3504785.4
1790330400000,0.2532,0.2533,0.2516,0.2518,1856473.0
1790331300000,0.2517,0.2533,0.2514,0.2531,1227203.9
1790332200000,0.2532,0.2534,0.2523,0.2527,1182130.5
1790333100000,0.2526,0.2534,0.2525,0.2527,1782546.4
1790334000000,0.2527,0.2568,0.2526,0.2565,3327822.4
1790334900000,0.2566,0.2571,0.2549,0.2565,5428021.5
1790335800000,0.2565,0.2578,0.2556,0.2558,5491303.6
1790336700000,0.2558,0.2567,0.255,0.2552,3173503.8
1790337600000,0.2553,0.2571,0.2535,0.2547,4632657.8
1790338500000,0.2548,0.2558,0.2507,0.2558,8421230.5
1790339400000,0.2559,0.2586,0.2554,0.257,8050238.9
1790340300000,0.257,0.258,0.2559,0.2575,3837150.7
1790341200000,0.2575,0.2586,0.2558,0.2567,3788229.7
1790342100000,0.2567,0.2581,0.2551,0.2551,3961354.8
1790343000000,0.2551,0.258,0.2532,0.2551,6534102.6
1790343900000,0.255,0.2562,0.2526,0.2553,4425750.7
1790344800000,0.2553,0.2557,0.2506,0.2527,5824435.1
1790345700000,0.2527,0.2541,0.2515,0.2519,2801959.1
1790346600000,0.252,0.2545,0.252,0.2526,2179348.2
1790347500000,0.2526,0.2555,0.2517,0.2554,2845876.0
1790348400000,0.2553,0.2567,0.2546,0.2566,4475653.7
1790349300000,0.2566,0.257,0.2539,0.2544,3610381.2
1790350200000,0.2544,0.2551,0.252,0.2525,2775942.3
1790351100000,0.2524,0.2544,0.251,0.2541,3852398.6
1790352000000,0.2541,0.2566,0.254,0.256,6109194.3
1790352900000,0.2561,0.2569,0.2548,0.2566,3214618.2
1790353800000,0.2566,0.257,0.255,0.2563,3276020.8
1790354700000,0.2563,0.2563,0.2538,0.254,2419862.5
1790355600000,0.2539,0.2562,0.2539,0.2561,2570243.4
1790356500000,0.2562,0.2563,0.2531,0.2532,2525778.4
1790357400000,0.2532,0.2551,0.253,0.2545,2492109.2
1790358300000,0.2545,0.2547,0.2536,0.2546,963608.3
1790359200000,0.2546,0.2562,0.254,0.2557,2201768.3
1790360100000,0.2557,0.2568,0.2546,0.2549,1977913.1
1790361000000,0.2549,0.2558,0.2543,0.255,1141550.8
1790361900000,0.2551,0.2556,0.2548,0.2553,1342745.8
1790362800000,0.2553,0.2555,0.2544,0.2551,1644921.3
1790363700000,0.2551,0.2552,0.2538,0.2544,1009146.1
1790364600000,0.2545,0.2552,0.2539,0.2545,1094605.6
1790365500000,0.2545,0.2558,0.2545,0.255,1068576.1
1790366400000,0.2551,0.256,0.255,0.255,1143865.4
1790367300000,0.255,0.2568,0.255,0.2566,1848954.6
1790368200000,0.2566,0.2576,0.2563,0.2566,2585804.0
1790369100000,0.2565,0.2565,0.2544,0.2545,1084839.0
1790370000000,0.2544,0.2549,0.2531,0.2536,2168868.5
1790370900000,0.2536,0.2539,0.2525,0.2537,1583178.9
1790371800000,0.2536,0.2539,0.253,0.2538,1082658.2
1790372700000,0.2539,0.2539,0.2528,0.2533,746882.9
1790373600000,0.2532,0.2547,0.2525,0.2547,1779265.2
1790374500000,0.2548,0.2565,0.2548,0.2562,2335156.0
1790375400000,0.2562,0.2586,0.2562,0.2582,4902341.8
1790376300000,0.2583,0.2594,0.2575,0.2576,3659300.5
1790377200000,0.2575,0.2587,0.2571,0.2586,2021517.1
1790378100000,0.2585,0.2596,0.2582,0.2596,2609328.8
1790379000000,0.2597,0.2598,0.2585,0.2585,1620500.8
1790379900000,0.2585,0.2589,0.258,0.2588,977148.7
1790380800000,0.2588,0.259,0.2571,0.2581,1416386.6
1790381700000,0.258,0.2591,0.2575,0.2576,1204078.3
1790382600000,0.2576,0.2581,0.256,0.2573,2618566.7
1790383500000,0.2573,0.2582,0.2569,0.2572,1026841.1
1790384400000,0.2571,0.259,0.257,0.2582,1993352.2
1790385300000,0.2581,0.261,0.2576,0.2586,5882432.1
1790386200000,0.2586,0.261,0.2586,0.2609,2526850.9
1790387100000,0.2609,0.2654,0.2605,0.2618,11995963.9
1790388000000,0.2619,0.2636,0.2605,0.2628,5443545.8
1790388900000,0.2627,0.2634,0.2609,0.261,1885079.9
1790389800000,0.2609,0.2611,0.2592,0.2601,2760862.7
1790390700000,0.2601,0.2602,0.2591,0.2591,1462055.6
1790391600000,0.2592,0.2592,0.257,0.2575,3111008.7
1790392500000,0.2576,0.2579,0.257,0.2578,1921575.1
1790393400000,0.2578,0.2579,0.2568,0.257,1623781.5
1790394300000,0.257,0.2571,0.2558,0.2564,1678671.0
1790395200000,0.2564,0.2574,0.2557,0.2569,2022299.0
1790396100000,0.2569,0.258,0.2551,0.2557,4325634.8
1790397000000,0.2557,0.2567,0.2555,0.2564,1456212.2
1790397900000,0.2565,0.2569,0.2563,0.2566,466702.3
1790398800000,0.2566,0.2566,0.2551,0.2553,1041365.8
1790399700000,0.2553,0.2558,0.2546,0.2547,2329203.7
1790400600000,0.2547,0.256,0.2545,0.2557,1474238.0
1790401500000,0.2557,0.256,0.2549,0.2551,672608.4
1790402400000,0.255,0.255,0.254,0.2544,1910424.8
1790403300000,0.2543,0.2547,0.2539,0.254,778062.0
1790404200000,0.2541,0.255,0.2539,0.2547,972655.3
1790405100000,0.2546,0.2549,0.254,0.2541,1313419.8
1790406000000,0.2542,0.2555,0.2539,0.2554,1293858.4
1790406900000,0.2554,0.2555,0.2551,0.2554,479085.9
1790407800000,0.2554,0.256,0.2554,0.2557,1718267.6
1790408700000,0.2558,0.2563,0.2558,0.2559,593437.9
1790409600000,0.2559,0.2559,0.2542,0.2546,2841226.2
1790410500000,0.2546,0.2552,0.2539,0.2552,1382268.4
1790411400000,0.2552,0.2569,0.2552,0.2562,1330802.5
1790412300000,0.2562,0.2562,0.2548,0.2549,1415308.6
1790413200000,0.2549,0.2553,0.253,0.2536,1746158.4
1790414100000,0.2535,0.254,0.253,0.2535,1427617.6
1790415000000,0.2536,0.2545,0.2531,0.2541,767808.6
1790415900000,0.2541,0.2543,0.2539,0.2543,426638.9
1790416800000,0.2542,0.2566,0.2542,0.2566,2859321.3
1790417700000,0.2566,0.2573,0.2564,0.2568,1793891.0
1790418600000,0.2569,0.257,0.2563,0.2566,1354472.5
1790419500000,0.2567,0.2578,0.2564,0.2576,1436238.3
1790420400000,0.2575,0.2576,0.2564,0.2565,2280952.8
1790421300000,0.2566,0.2579,0.2564,0.2579,687071.4
1790422200000,0.2579,0.2583,0.2572,0.2578,1404977.9
1790423100000,0.2579,0.258,0.257,0.2572,892510.6
1790424000000,0.2572,0.2578,0.257,0.2574,2486040.8
1790424900000,0.2573,0.2583,0.2555,0.2556,2117992.9
1790425800000,0.2555,0.256,0.2546,0.2549,1408183.9
1790426700000,0.255,0.2563,0.2549,0.2556,1678963.3
1790427600000,0.2556,0.2568,0.2549,0.2552,1487590.9
1790428500000,0.2552,0.2557,0.254,0.2546,2835426.7
1790429400000,0.2547,0.2552,0.2542,0.255,595869.2
1790430300000,0.255,0.256,0.255,0.2557,1438800.2
1790431200000,0.2556,0.2564,0.255,0.2563,758235.4
1790432100000,0.2564,0.2564,0.2556,0.2556,459124.3
1790433000000,0.2557,0.2568,0.2555,0.2565,754636.0
1790433900000,0.2564,0.2573,0.2562,0.2572,1091148.9
1790434800000,0.2572,0.2579,0.2567,0.2578,1004359.3
1790435700000,0.2578,0.2604,0.2578,0.2603,4714196.3
1790436600000,0.2604,0.261,0.2592,0.2598,3128284.6
1790437500000,0.2598,0.2604,0.2588,0.2603,2506845.0
1790438400000,0.2603,0.2603,0.2586,0.2589,1056582.4
1790439300000,0.2589,0.2592,0.2582,0.2586,957880.8
1790440200000,0.2586,0.2595,0.2585,0.2585,1258229.6
1790441100000,0.2585,0.2588,0.258,0.2585,1816396.9
1790442000000,0.2585,0.2585,0.2566,0.2569,1655300.6
1790442900000,0.2569,0.2569,0.2559,0.2566,1494708.5
1790443800000,0.2566,0.2569,0.2562,0.2568,1248537.6
1790444700000,0.2567,0.2568,0.256,0.2565,1466502.5
1790445600000,0.2565,0.257,0.2562,0.2566,806462.8
1790446500000,0.2566,0.2566,0.2558,0.2559,408675.6
1790447400000,0.256,0.2562,0.2545,0.2548,1235559.4
1790448300000,0.2548,0.2552,0.2545,0.2548,1166976.2
1790449200000,0.2549,0.2555,0.2548,0.2553,665477.1
1790450100000,0.2554,0.2557,0.2547,0.2548,573243.7
1790451000000,0.2548,0.255,0.2541,0.2549,1206027.6
1790451900000,0.2548,0.2551,0.2544,0.2544,209187.7
1790452800000,0.2545,0.2549,0.2523,0.2529,2550248.7
1790453700000,0.2529,0.2533,0.2519,0.2531,2014000.0
1790454600000,0.2531,0.2532,0.2487,0.2494,5937844.6
1790455500000,0.2495,0.2505,0.2478,0.2503,3182971.7
1790456400000,0.2503,0.2518,0.2502,0.2513,1139779.3
1790457300000,0.2513,0.2531,0.2512,0.2531,1000501.6
1790458200000,0.253,0.2536,0.2525,0.2525,1221482.8
1790459100000,0.2525,0.2529,0.2518,0.2525,1354091.1
1790460000000,0.2526,0.2536,0.2522,0.2531,847554.0
1790460900000,0.2531,0.2533,0.2524,0.2529,531050.4
1790461800000,0.2529,0.253,0.2522,0.2524,402196.1
1790462700000,0.2524,0.2529,0.2521,0.2523,659618.5
1790463600000,0.2522,0.2534,0.2522,0.2533,489830.9
1790464500000,0.2533,0.2536,0.253,0.2532,568028.4
1790465400000,0.2532,0.2538,0.2532,0.2536,349766.1
1790466300000,0.2536,0.2548,0.2536,0.254,1583776.8
1790467200000,0.254,0.2541,0.2525,0.2525,923756.8
1790468100000,0.2525,0.253,0.2523,0.2524,1144854.7
1790469000000,0.2525,0.2531,0.2521,0.2525,2641203.6
1790469900000,0.2525,0.2527,0.2514,0.2518,924850.6
1790470800000,0.2517,0.2524,0.2511,0.2521,1045181.2
1790471700000,0.2521,0.2524,0.2506,0.2511,1181414.3
1790472600000,0.251,0.252,0.2508,0.2519,561048.4
1790473500000,0.2519,0.253,0.2517,0.2526,816129.3
1790474400000,0.2526,0.2535,0.2524,0.2532,2159871.2
1790475300000,0.2532,0.2536,0.2529,0.253,457724.2
1790476200000,0.253,0.2533,0.2525,0.2527,318436.4
1790477100000,0.2527,0.2529,0.252,0.2521,707907.8
1790478000000,0.2522,0.2528,0.252,0.2524,336817.1
1790478900000,0.2524,0.2524,0.2515,0.2518,242450.8
1790479800000,0.2518,0.2523,0.2516,0.2521,435447.1
1790480700000,0.2521,0.2522,0.2517,0.2517,291009.5
1790481600000,0.2516,0.2526,0.2511,0.2523,1349578.6
1790482500000,0.2523,0.2525,0.2512,0.2512,784338.6
1790483400000,0.2513,0.2514,0.2505,0.2506,579067.6
1790484300000,0.2505,0.2508,0.25,0.2506,1089663.6
1790485200000,0.2506,0.2525,0.2505,0.252,883804.3
1790486100000,0.2519,0.253,0.2518,0.2527,538669.7
1790487000000,0.2526,0.2544,0.2523,0.253,1153249.5
1790487900000,0.2531,0.2539,0.253,0.2531,518538.7
1790488800000,0.2531,0.2552,0.2531,0.2551,1062460.3
1790489700000,0.255,0.2561,0.2544,0.2553,2366928.7
1790490600000,0.2554,0.2559,0.2544,0.2557,1556796.7
1790491500000,0.2557,0.2562,0.2553,0.2553,926589.2
1790492400000,0.2553,0.256,0.2548,0.2557,1066257.1
1790493300000,0.2557,0.2575,0.2553,0.2575,4624493.2
1790494200000,0.2575,0.258,0.2569,0.257,2320642.5
1790495100000,0.2571,0.2583,0.257,0.258,2042288.7
1790496000000,0.2581,0.2583,0.2569,0.2578,1572496.8
1790496900000,0.2577,0.2586,0.2572,0.2579,2416562.7
1790497800000,0.2578,0.2586,0.2565,0.2569,1412209.3
1790498700000,0.2569,0.2571,0.2558,0.2561,1055282.1
1790499600000,0.256,0.2562,0.2547,0.2553,2273783.1
1790500500000,0.2553,0.2557,0.2548,0.2553,1266305.1
1790501400000,0.2552,0.2567,0.2552,0.2566,1116780.3
1790502300000,0.2566,0.2569,0.2561,0.2563,1514516.4
1790503200000,0.2562,0.2572,0.2558,0.2572,1456859.3
1790504100000,0.2572,0.2573,0.2563,0.2566,1151225.5
1790505000000,0.2566,0.2566,0.2561,0.2561,478880.4
1790505900000,0.2561,0.2567,0.2557,0.2559,615116.9
1790506800000,0.256,0.2563,0.2553,0.2561,399664.2
1790507700000,0.256,0.2572,0.2555,0.2567,966851.0
1790508600000,0.2566,0.2571,0.2557,0.2562,1032826.2
1790509500000,0.2563,0.2571,0.256,0.2568,868275.8
1790510400000,0.2568,0.2576,0.2567,0.2573,591721.4
1790511300000,0.2573,0.2573,0.2566,0.2571,521760.2
1790512200000,0.2571,0.2596,0.2569,0.2596,2240968.0
1790513100000,0.2596,0.2596,0.2562,0.2562,2988207.5
1790514000000,0.2563,0.2563,0.2534,0.2538,3628224.3
1790514900000,0.2539,0.256,0.2538,0.256,1618786.1
1790515800000,0.256,0.2572,0.2547,0.2548,1778071.7
1790516700000,0.2549,0.2565,0.2545,0.2564,1007374.1
1790517600000,0.2565,0.2568,0.2551,0.256,1591582.4
1790518500000,0.256,0.2563,0.2533,0.2538,1517772.8
1790519400000,0.2539,0.2549,0.2535,0.2543,1440891.7
1790520300000,0.2542,0.2546,0.2528,0.2535,2261314.8
1790521200000,0.2534,0.2537,0.2519,0.253,1621826.5
1790522100000,0.253,0.2539,0.252,0.2531,1308815.7
1790523000000,0.2531,0.2537,0.2527,0.2528,742584.5
1790523900000,0.2528,0.2546,0.2528,0.2543,400266.5
1790524800000,0.2543,0.2554,0.2539,0.2553,934391.8
1790525700000,0.2553,0.2559,0.2544,0.2544,774659.3
1790526600000,0.2543,0.2548,0.2537,0.2539,838794.3
1790527500000,0.2539,0.2544,0.2535,0.2538,420211.1
1790528400000,0.2538,0.2545,0.2533,0.2541,887204.6
1790529300000,0.2542,0.2546,0.2535,0.2536,627225.3
1790530200000,0.2537,0.2543,0.2536,0.2539,738324.1
1790531100000,0.254,0.2549,0.254,0.2547,446920.3
1790532000000,0.2547,0.2558,0.2541,0.2556,952022.1
1790532900000,0.2557,0.2571,0.2557,0.2569,2384279.0
1790533800000,0.257,0.257,0.2559,0.2563,484259.4
1790534700000,0.2564,0.2574,0.256,0.2573,870920.7
1790535600000,0.2573,0.2573,0.256,0.2566,701164.3
1790536500000,0.2567,0.2574,0.2556,0.2557,1031903.8
1790537400000,0.2558,0.256,0.2552,0.2554,1245269.8
1790538300000,0.2554,0.2557,0.255,0.2552,315530.2
1790539200000,0.2553,0.2566,0.2552,0.2564,503552.7
1790540100000,0.2565,0.2565,0.2544,0.2547,782236.9
1790541000000,0.2547,0.2558,0.2547,0.2555,534048.1
1790541900000,0.2556,0.2557,0.2543,0.2549,596910.1
1790542800000,0.2549,0.2562,0.2544,0.2561,747856.0
1790543700000,0.2562,0.2567,0.2556,0.2556,1003044.3
1790544600000,0.2556,0.2558,0.2537,0.2547,1312837.9
1790545500000,0.2548,0.2562,0.2547,0.2559,577988.4
1790546400000,0.2559,0.2565,0.2521,0.2523,2643698.3
1790547300000,0.2523,0.2548,0.2519,0.2544,1069470.8
1790548200000,0.2544,0.2544,0.2518,0.2521,1055571.9
1790549100000,0.252,0.2531,0.2514,0.2527,1332893.9
1790550000000,0.2527,0.2542,0.2525,0.2527,923319.2
1790550900000,0.2526,0.2545,0.2525,0.2541,1244753.7
1790551800000,0.254,0.2544,0.2531,0.2533,1086611.8
1790552700000,0.2534,0.256,0.2534,0.2551,1406923.7
1790553600000,0.2551,0.2557,0.2535,0.2547,1479522.4
1790554500000,0.2547,0.2581,0.2547,0.2577,4505607.4
1790555400000,0.2576,0.2577,0.2538,0.2545,2118084.1
1790556300000,0.2545,0.2579,0.2545,0.2548,1469592.1
1790557200000,0.2548,0.2568,0.254,0.2543,1609826.5
1790558100000,0.2542,0.2573,0.2538,0.2565,3321651.9
1790559000000,0.2564,0.257,0.2548,0.2548,839230.6
1790559900000,0.2547,0.256,0.2527,0.2541,2520728.9
1790560800000,0.254,0.2565,0.2523,0.2561,2641931.8
1790561700000,0.2562,0.2563,0.254,0.2544,1887265.0
1790562600000,0.2544,0.2546,0.2531,0.2537,1437286.1
1790563500000,0.2537,0.254,0.2517,0.252,1804913.2
1790564400000,0.2521,0.2535,0.2518,0.2527,3766254.5
1790565300000,0.2526,0.2539,0.2505,0.2509,1948309.5
1790566200000,0.2509,0.2527,0.2494,0.2519,3550478.9
1790567100000,0.2519,0.2524,0.25,0.2502,899439.8
1790568000000,0.2502,0.2504,0.2462,0.2488,8888053.8
1790568900000,0.2487,0.2507,0.2482,0.2495,1441787.1
1790569800000,0.2494,0.2498,0.2484,0.2492,1631391.7
1790570700000,0.2491,0.2498,0.2484,0.2496,592233.0
1790571600000,0.2495,0.2508,0.2466,0.2473,1908829.8
1790572500000,0.2473,0.2477,0.2458,0.246,3442967.5
1790573400000,0.2459,0.2469,0.2437,0.2468,5619629.1
1790574300000,0.2468,0.2473,0.2452,0.2468,1360648.2
1790575200000,0.2468,0.2486,0.2463,0.2475,2118106.0
1790576100000,0.2475,0.2475,0.2452,0.2453,1496022.6
1790577000000,0.2453,0.2468,0.2451,0.2461,1140835.2
1790577900000,0.246,0.2465,0.2446,0.2451,1192889.9
1790578800000,0.2451,0.2467,0.2447,0.2449,1040580.1
1790579700000,0.2449,0.2455,0.2431,0.2432,1532888.1
1790580600000,0.2432,0.2439,0.2426,0.2429,1829840.9
1790581500000,0.2429,0.2437,0.2424,0.2426,1251433.4
1790582400000,0.2426,0.2448,0.2419,0.2447,1966696.1
1790583300000,0.2447,0.2452,0.2436,0.244,1110778.8
1790584200000,0.2441,0.2445,0.2434,0.2439,802474.5
1790585100000,0.2439,0.2458,0.2439,0.245,1303209.8
1790586000000,0.2449,0.2454,0.2422,0.2446,2900012.9
1790586900000,0.2445,0.246,0.2442,0.2447,1591912.3
1790587800000,0.2446,0.2447,0.2426,0.2427,1277396.8
1790588700000,0.2428,0.2439,0.2425,0.2429,2177193.9
1790589600000,0.243,0.245,0.2428,0.2439,1407013.3
1790590500000,0.244,0.2453,0.2436,0.2447,1797301.8
1790591400000,0.2448,0.2472,0.2446,0.2464,2204679.9
1790592300000,0.2463,0.2465,0.2453,0.2454,1940929.4
1790593200000,0.2454,0.2467,0.2451,0.2452,2953143.9
1790594100000,0.2452,0.2462,0.245,0.2457,1537473.7
1790595000000,0.2457,0.246,0.2453,0.2458,800607.3
1790595900000,0.2458,0.246,0.245,0.246,1049481.0
1790596800000,0.246,0.2503,0.2452,0.2502,4326770.5
1790597700000,0.2502,0.2536,0.25,0.2519,8188238.2
1790598600000,0.252,0.2535,0.2507,0.2518,3760412.1
1790599500000,0.2519,0.2531,0.2514,0.2523,2792666.3
1790600400000,0.2522,0.2522,0.249,0.2503,2769639.0
1790601300000,0.2503,0.2505,0.2493,0.2499,2062578.9
1790602200000,0.2499,0.2517,0.2482,0.251,4325573.3
1790603100000,0.2509,0.2511,0.2485,0.2491,2188871.9
1790604000000,0.2491,0.2491,0.2462,0.2465,5053385.0
1790604900000,0.2465,0.2471,0.2422,0.2432,6079791.6
1790605800000,0.2432,0.245,0.2411,0.2423,7590377.9
1790606700000,0.2423,0.2429,0.2395,0.241,9763054.4
1790607600000,0.2411,0.2431,0.2405,0.2407,5014578.0
1790608500000,0.2408,0.2431,0.2395,0.2424,4741148.1
1790609400000,0.2423,0.2444,0.2417,0.2435,2948276.3
1790610300000,0.2435,0.2448,0.2434,0.2446,2468872.0
1790611200000,0.2445,0.2453,0.2433,0.2444,2379930.2
1790612100000,0.2444,0.2497,0.2442,0.2489,6570220.0
1790613000000,0.2488,0.2493,0.2453,0.2458,2509696.8
1790613900000,0.2458,0.2466,0.2449,0.2464,3271499.4
1790614800000,0.2464,0.2502,0.2441,0.2501,4069138.1
1790615700000,0.25,0.2503,0.2475,0.2481,3988642.1
1790616600000,0.2482,0.249,0.2475,0.2486,1595417.2
1790617500000,0.2486,0.249,0.2475,0.2487,1254160.9
1790618400000,0.2487,0.2507,0.248,0.2503,2070237.3
1790619300000,0.2503,0.2509,0.2494,0.2496,3223546.1
1790620200000,0.2495,0.2498,0.2481,0.2489,2440224.4
1790621100000,0.2489,0.2501,0.2485,0.2495,676466.9
1790622000000,0.2495,0.2495,0.2462,0.247,2017793.9
1790622900000,0.2469,0.2472,0.2459,0.2461,721908.4
1790623800000,0.246,0.2462,0.2429,0.2439,2504942.3
1790624700000,0.2439,0.2445,0.2432,0.2434,2003691.9
1790625600000,0.2434,0.2458,0.2426,0.2452,2039136.9
1790626500000,0.2451,0.2462,0.2444,0.2458,628720.6
1790627400000,0.2458,0.2462,0.2451,0.2454,574766.2
1790628300000,0.2453,0.2461,0.245,0.246,629275.1
1790629200000,0.2461,0.2477,0.2461,0.2461,1058281.8
1790630100000,0.2461,0.2462,0.2448,0.2451,444905.2
1790631000000,0.2451,0.2459,0.2444,0.2447,596818.8
1790631900000,0.2447,0.245,0.2434,0.2437,729483.2
1790632800000,0.2437,0.2437,0.2422,0.2429,1152615.9
1790633700000,0.2429,0.244,0.2429,0.2433,921132.8
1790634600000,0.2433,0.2454,0.2431,0.2452,928015.9
1790635500000,0.2453,0.2458,0.2452,0.2454,480109.0
1790636400000,0.2455,0.2467,0.2453,0.2454,554355.8
1790637300000,0.2454,0.2473,0.2454,0.247,687953.2
1790638200000,0.2471,0.2472,0.2466,0.2468,403963.7
1790639100000,0.2469,0.2475,0.2466,0.2473,451442.3
1790640000000,0.2473,0.2486,0.2469,0.2485,1061817.2
1790640900000,0.2484,0.2485,0.2469,0.2481,1003120.5
1790641800000,0.2482,0.2503,0.2475,0.2496,1892106.6
1790642700000,0.2495,0.2495,0.2457,0.2458,1005759.1
1790643600000,0.2457,0.2478,0.2441,0.2444,1397945.8
1790644500000,0.2444,0.2451,0.2423,0.2424,2463601.6
1790645400000,0.2424,0.243,0.2408,0.2425,3331006.6
1790646300000,0.2425,0.2441,0.2418,0.2425,2156287.3
1790647200000,0.2426,0.2433,0.2405,0.2413,2157906.5
1790648100000,0.2414,0.2428,0.24,0.2404,2367354.0
1790649000000,0.2404,0.2411,0.2389,0.2409,3600270.4
1790649900000,0.2408,0.2417,0.2398,0.2407,1742400.0
1790650800000,0.2406,0.2417,0.2396,0.2401,2748309.9
1790651700000,0.24,0.2433,0.2397,0.243,1259910.9
1790652600000,0.243,0.2439,0.2422,0.2429,987086.1
1790653500000,0.2429,0.2434,0.2425,0.2427,863307.6
1790654400000,0.2427,0.2433,0.2414,0.2431,3095328.4
1790655300000,0.2432,0.2444,0.243,0.2433,914655.0
1790656200000,0.2433,0.2436,0.2423,0.2428,792719.0
1790657100000,0.2427,0.2433,0.2416,0.2431,964171.5
1790658000000,0.2431,0.244,0.2425,0.2435,615662.6
1790658900000,0.2436,0.2448,0.2427,0.2442,586989.1
1790659800000,0.2442,0.2443,0.2412,0.2439,1913123.7
1790660700000,0.2439,0.2452,0.243,0.2452,1351258.0
1790661600000,0.2452,0.2479,0.245,0.2477,2663301.2
1790662500000,0.2477,0.2478,0.2462,0.2468,917758.3
1790663400000,0.2468,0.2478,0.2466,0.2474,1367595.3
1790664300000,0.2474,0.2494,0.2473,0.2491,2061443.8
1790665200000,0.249,0.2499,0.2481,0.2498,1943033.9
1790666100000,0.2499,0.2514,0.2496,0.2508,4910364.4
1790667000000,0.2509,0.2525,0.2499,0.2512,3434098.2
1790667900000,0.2512,0.2521,0.251,0.252,4016499.4
1790668800000,0.252,0.253,0.2512,0.2518,2721882.6
1790669700000,0.2518,0.2546,0.2518,0.2535,4286428.5
1790670600000,0.2535,0.2536,0.2509,0.2515,1840986.0
1790671500000,0.2514,0.253,0.2513,0.2529,1709327.1
1790672400000,0.2528,0.2531,0.2512,0.2515,2367898.9
1790673300000,0.2515,0.2529,0.2514,0.2522,1675025.8
1790674200000,0.2522,0.2539,0.2521,0.2535,1558600.6
1790675100000,0.2535,0.2547,0.2533,0.2536,1572745.5
1790676000000,0.2537,0.2537,0.2528,0.253,967317.9
1790676900000,0.253,0.2531,0.2516,0.2519,1453071.2
1790677800000,0.2519,0.2519,0.25,0.2506,1689350.9
1790678700000,0.2506,0.2517,0.2504,0.2516,1292346.7
1790679600000,0.2516,0.2518,0.2507,0.2509,882664.9
1790680500000,0.2509,0.2515,0.2505,0.251,613034.6
1790681400000,0.251,0.254,0.251,0.254,2084248.2
1790682300000,0.2539,0.2547,0.2531,0.2539,2399715.7
1790683200000,0.2538,0.2545,0.2526,0.2526,2482110.3
1790684100000,0.2527,0.2536,0.2517,0.252,1622034.3
1790685000000,0.2521,0.254,0.252,0.2532,1726704.2
1790685900000,0.2532,0.2534,0.2523,0.2526,931819.5
1790686800000,0.2525,0.2534,0.2519,0.2529,1404431.0
1790687700000,0.2529,0.2537,0.2523,0.2529,1317473.9
1790688600000,0.2529,0.2529,0.2507,0.2518,1767995.2
1790689500000,0.2518,0.253,0.2511,0.2519,1464516.9
1790690400000,0.2519,0.2525,0.25,0.2506,1486170.1
1790691300000,0.2506,0.2522,0.2502,0.2515,1069019.2
1790692200000,0.2515,0.254,0.2513,0.253,3121359.8
1790693100000,0.2531,0.2538,0.2518,0.252,1418869.1
1790694000000,0.2521,0.2521,0.2481,0.2488,3130585.3
1790694900000,0.2487,0.2498,0.2437,0.245,4179343.1
1790695800000,0.2449,0.2465,0.2446,0.2458,4623579.9
1790696700000,0.2458,0.2464,0.2434,0.2443,3228050.6
1790697600000,0.2443,0.2452,0.2439,0.2445,1946721.5
1790698500000,0.2445,0.2454,0.2442,0.2452,1571528.1
1790699400000,0.2451,0.2451,0.2423,0.2423,1962243.4
1790700300000,0.2424,0.2428,0.2405,0.242,3024679.3
1790701200000,0.242,0.2427,0.2414,0.2424,1611394.2
1790702100000,0.2424,0.2425,0.2405,0.2421,2061995.1
1790703000000,0.2421,0.2422,0.2415,0.2415,1621283.4
1790703900000,0.2415,0.2418,0.2398,0.2416,3529385.5
1790704800000,0.2416,0.2434,0.2416,0.2431,4722818.7
1790705700000,0.2431,0.2444,0.2431,0.2438,1324322.7
1790706600000,0.2437,0.2456,0.2433,0.2452,2445477.4
1790707500000,0.2452,0.2454,0.2444,0.2451,888804.1
1790708400000,0.245,0.2457,0.2445,0.2446,901699.8
1790709300000,0.2446,0.2455,0.2445,0.2447,620525.9
1790710200000,0.2448,0.2455,0.2439,0.2441,2019063.4
1790711100000,0.2441,0.2446,0.243,0.2432,1419358.5
1790712000000,0.2433,0.2446,0.2427,0.2438,1066825.4
1790712900000,0.2438,0.2458,0.2438,0.2454,839519.5
1790713800000,0.2453,0.2453,0.2446,0.2447,506177.5
1790714700000,0.2447,0.2451,0.2443,0.2448,747448.0
1790715600000,0.2447,0.2454,0.2439,0.2453,1888546.6
1790716500000,0.2453,0.2453,0.2432,0.244,1622318.8
1790717400000,0.244,0.2444,0.2436,0.2438,992766.1
1790718300000,0.2438,0.2448,0.2432,0.2441,225703.4
1790719200000,0.2441,0.246,0.244,0.2452,781569.4
1790720100000,0.2452,0.2456,0.2446,0.245,1137628.9
1790721000000,0.2449,0.2453,0.2444,0.2451,250357.1
1790721900000,0.2451,0.2452,0.2447,0.2447,344095.2
1790722800000,0.2447,0.2468,0.2446,0.2466,999405.8
1790723700000,0.2466,0.2467,0.2453,0.2454,938255.5
1790724600000,0.2453,0.2453,0.2435,0.244,497467.2
1790725500000,0.2439,0.2447,0.2439,0.2445,362926.6
1790726400000,0.2445,0.2447,0.2425,0.2427,1674490.9
1790727300000,0.2427,0.2433,0.242,0.2433,585222.6
1790728200000,0.2432,0.2443,0.2431,0.2434,1276697.2
1790729100000,0.2434,0.2445,0.243,0.2445,678110.1
1790730000000,0.2445,0.2459,0.2441,0.2456,825363.1
1790730900000,0.2457,0.2466,0.2453,0.2454,843612.5
1790731800000,0.2454,0.2458,0.2445,0.2456,1998063.2
1790732700000,0.2455,0.2462,0.245,0.2453,469791.5
1790733600000,0.2453,0.2465,0.2448,0.2455,828593.5
1790734500000,0.2455,0.2461,0.2448,0.2449,452703.7
1790735400000,0.2449,0.2462,0.2446,0.2458,2354333.7
1790736300000,0.2457,0.2465,0.2453,0.2456,532728.1
1790737200000,0.2457,0.246,0.2448,0.2449,277216.8
1790738100000,0.2449,0.2451,0.2433,0.2443,954726.7
1790739000000,0.2442,0.2453,0.2437,0.2444,289343.2
1790739900000,0.2443,0.2445,0.2434,0.2438,1116455.7
1790740800000,0.2437,0.2456,0.2437,0.245,854001.3
1790741700000,0.245,0.2459,0.245,0.2452,655469.9
1790742600000,0.2452,0.2454,0.2445,0.245,771029.3
1790743500000,0.245,0.2452,0.244,0.2441,395117.5
1790744400000,0.2442,0.2453,0.2441,0.2442,738962.4
1790745300000,0.2441,0.2451,0.2438,0.2451,629478.3
1790746200000,0.2451,0.2466,0.2451,0.2463,1225321.2
1790747100000,0.2463,0.2469,0.2453,0.2459,947489.6
1790748000000,0.2458,0.2465,0.2441,0.2442,691692.0
1790748900000,0.2443,0.2449,0.2427,0.2436,1173527.2
1790749800000,0.2436,0.2438,0.2428,0.2437,825792.2
1790750700000,0.2437,0.244,0.2422,0.2427,1436017.1
1790751600000,0.2426,0.2434,0.2419,0.2421,884133.7
1790752500000,0.2421,0.2445,0.2421,0.244,1259549.4
1790753400000,0.244,0.2453,0.2436,0.2451,752641.8
1790754300000,0.245,0.2455,0.2443,0.2446,1212552.0
1790755200000,0.2445,0.2446,0.2433,0.2435,819206.4
1790756100000,0.2434,0.2452,0.2432,0.2444,1196487.3
1790757000000,0.2443,0.2444,0.2434,0.244,501355.2
1790757900000,0.244,0.2453,0.244,0.2449,972013.1
1790758800000,0.2448,0.2464,0.2447,0.2463,1679587.5
1790759700000,0.2463,0.2472,0.2459,0.2469,2943701.9
1790760600000,0.247,0.2497,0.2469,0.2481,3608001.6
1790761500000,0.2481,0.2482,0.2473,0.2475,918491.6
1790762400000,0.2475,0.2485,0.2473,0.2473,1247061.2
1790763300000,0.2472,0.2485,0.247,0.2481,1277706.0
1790764200000,0.2481,0.249,0.248,0.2486,826211.0
1790765100000,0.2485,0.2489,0.2481,0.2484,1123120.1
1790766000000,0.2484,0.2484,0.2468,0.2476,1300185.6
1790766900000,0.2476,0.2484,0.247,0.2481,403926.1
1790767800000,0.2481,0.2492,0.2473,0.2489,465668.6
1790768700000,0.2489,0.2494,0.2482,0.2485,726107.4
1790769600000,0.2485,0.249,0.248,0.2485,992051.2
1790770500000,0.2484,0.2484,0.2466,0.2479,1059730.3
1790771400000,0.2478,0.2531,0.2473,0.2523,8173771.7
1790772300000,0.2524,0.2552,0.2513,0.2537,6831241.4
1790773200000,0.2538,0.255,0.2532,0.2543,4205145.2
1790774100000,0.2543,0.2553,0.2539,0.2551,3427404.9
1790775000000,0.2551,0.2569,0.2488,0.2514,8698897.4
1790775900000,0.2514,0.2521,0.2507,0.2516,1925213.9
1790776800000,0.2517,0.2528,0.2495,0.2506,3040174.1
1790777700000,0.2505,0.2505,0.245,0.2454,4700895.2
1790778600000,0.2453,0.246,0.2437,0.2443,4488409.0
1790779500000,0.2442,0.2461,0.2438,0.2449,2851202.2
1790780400000,0.2448,0.2464,0.2447,0.2454,1443693.7
1790781300000,0.2454,0.2456,0.243,0.2443,1865975.3
1790782200000,0.2444,0.2465,0.2444,0.2455,1274864.0
1790783100000,0.2455,0.2474,0.2455,0.2471,1555051.1
1790784000000,0.2471,0.2491,0.2469,0.2489,2401903.1
1790784900000,0.2488,0.2489,0.2478,0.248,1042712.2
1790785800000,0.2479,0.2498,0.2469,0.2494,1276687.8
1790786700000,0.2494,0.2499,0.249,0.2495,590059.1
1790787600000,0.2495,0.25,0.2488,0.249,1074563.4
1790788500000,0.2489,0.2489,0.2467,0.2481,771932.2
1790789400000,0.248,0.2481,0.2457,0.2461,1308042.7
1790790300000,0.246,0.2475,0.2457,0.2463,500656.8
1790791200000,0.2462,0.2467,0.2449,0.2453,1558582.2
1790792100000,0.2453,0.2454,0.2446,0.2451,858725.1
1790793000000,0.2452,0.2457,0.243,0.2431,1842872.2
1790793900000,0.2431,0.2444,0.2427,0.2441,1291922.2
1790794800000,0.2441,0.2443,0.2422,0.2427,1210697.2
1790795700000,0.2426,0.243,0.2414,0.2427,2386613.0
1790796600000,0.2427,0.244,0.2426,0.2434,899588.7
1790797500000,0.2434,0.2437,0.2416,0.2427,2440355.8
1790798400000,0.2427,0.2437,0.2423,0.2436,1703919.6
1790799300000,0.2436,0.2456,0.2436,0.2451,1163842.1
1790800200000,0.2451,0.2452,0.2442,0.2444,1229019.1
1790801100000,0.2445,0.2449,0.244,0.2447,534927.0
1790802000000,0.2448,0.2454,0.2442,0.2448,898516.5
1790802900000,0.2447,0.2453,0.2442,0.2446,411657.9
1790803800000,0.2446,0.2456,0.2442,0.2451,481488.4
1790804700000,0.2451,0.2452,0.244,0.2445,724399.8
1790805600000,0.2446,0.2448,0.2432,0.2445,550064.1
1790806500000,0.2445,0.2464,0.2445,0.2464,368350.4
1790807400000,0.2465,0.2479,0.2464,0.2479,1102852.4
1790808300000,0.2478,0.2485,0.2472,0.2478,958463.4
1790809200000,0.2478,0.249,0.2471,0.2473,2249132.3
1790810100000,0.2473,0.2486,0.247,0.2475,1291245.1
1790811000000,0.2476,0.2478,0.2467,0.247,933348.1
1790811900000,0.247,0.247,0.2465,0.2466,707377.3
1790812800000,0.2465,0.2467,0.2456,0.2461,1186670.3
1790813700000,0.2461,0.2467,0.2456,0.2462,798414.8
1790814600000,0.2461,0.2468,0.2452,0.2468,600353.6
1790815500000,0.2467,0.2468,0.2461,0.2464,384971.1
1790816400000,0.2463,0.248,0.2463,0.2479,640354.3
1790817300000,0.2478,0.2495,0.2476,0.2486,1516998.9
1790818200000,0.2485,0.2486,0.2474,0.2477,403260.7
1790819100000,0.2478,0.2479,0.2469,0.2474,511780.9
1790820000000,0.2474,0.2482,0.2466,0.2474,461362.6
1790820900000,0.2474,0.2476,0.2464,0.2475,586333.8
1790821800000,0.2476,0.2489,0.2476,0.2481,436698.2
1790822700000,0.2481,0.2493,0.2476,0.2491,995435.7
1790823600000,0.249,0.2496,0.248,0.2486,821425.8
1790824500000,0.2485,0.2494,0.2482,0.2492,565172.5
1790825400000,0.2491,0.2509,0.2485,0.2506,1077234.9
1790826300000,0.2507,0.2513,0.2498,0.2511,1327224.2
1790827200000,0.2511,0.2515,0.2502,0.2503,752237.3
1790828100000,0.2503,0.2519,0.2498,0.2513,2114541.0
1790829000000,0.2513,0.2524,0.2511,0.2517,1766387.9
1790829900000,0.2516,0.2543,0.2513,0.2527,4131173.7
1790830800000,0.2527,0.2533,0.2521,0.2528,1790114.6
1790831700000,0.2527,0.2529,0.2522,0.2526,817809.5
1790832600000,0.2527,0.2539,0.2526,0.2533,1348994.4
1790833500000,0.2534,0.2541,0.2529,0.2535,1094994.0
1790834400000,0.2535,0.2537,0.2526,0.253,1441877.1
1790835300000,0.253,0.254,0.2529,0.254,1793102.2
1790836200000,0.2539,0.254,0.2526,0.2529,1171820.2
1790837100000,0.2528,0.2545,0.2526,0.2535,1361104.3
1790838000000,0.2535,0.2544,0.2526,0.2528,1663611.4
1790838900000,0.2527,0.2535,0.2474,0.2483,6327579.8
1790839800000,0.2483,0.2502,0.2482,0.2491,1938779.3
1790840700000,0.2491,0.25,0.2482,0.2485,1190679.4
1790841600000,0.2485,0.2493,0.2466,0.2468,2020249.1
1790842500000,0.2468,0.2476,0.2461,0.247,1268407.6
1790843400000,0.247,0.247,0.2455,0.2459,1665233.8
1790844300000,0.2458,0.247,0.2455,0.2467,1992819.4
1790845200000,0.2467,0.2478,0.246,0.2473,2105349.7
1790846100000,0.2474,0.2474,0.2464,0.2472,2915702.3
1790847000000,0.2472,0.2481,0.2471,0.2473,1647169.9
1790847900000,0.2473,0.2474,0.2459,0.2466,1998745.0
1790848800000,0.2467,0.2468,0.2432,0.2452,3675160.2
1790849700000,0.2451,0.2456,0.2445,0.2454,1799226.5
1790850600000,0.2455,0.2472,0.2454,0.247,705066.2
1790851500000,0.2471,0.2483,0.2468,0.2478,1787004.2
1790852400000,0.2478,0.2478,0.2465,0.2475,1514851.4
1790853300000,0.2475,0.2479,0.2471,0.2474,784936.2
1790854200000,0.2475,0.2487,0.2468,0.2487,1170464.5
1790855100000,0.2488,0.2496,0.2483,0.2489,2168209.2
1790856000000,0.249,0.2496,0.2488,0.2495,896272.4
1790856900000,0.2494,0.2495,0.2484,0.2486,1735941.8
1790857800000,0.2487,0.2494,0.2481,0.2482,913579.3
1790858700000,0.2482,0.2486,0.2469,0.2476,1575847.4
1790859600000,0.2476,0.2478,0.2451,0.2453,2088559.7
1790860500000,0.2453,0.246,0.2448,0.2452,1331955.0
1790861400000,0.2451,0.2484,0.2451,0.2481,2157849.4
1790862300000,0.2481,0.2486,0.247,0.2477,1026337.7
1790863200000,0.2477,0.2477,0.2445,0.245,4828413.1
1790864100000,0.245,0.2474,0.2449,0.2466,1301310.9
1790865000000,0.2466,0.2481,0.2459,0.2462,1589720.6
1790865900000,0.2462,0.2469,0.244,0.245,2433113.9
1790866800000,0.245,0.2462,0.243,0.2452,3146280.3
1790867700000,0.2453,0.2472,0.2452,0.246,2097523.2
1790868600000,0.246,0.246,0.2442,0.2447,2143337.5
1790869500000,0.2447,0.2469,0.2446,0.2465,1910310.1
1790870400000,0.2465,0.2475,0.2459,0.2466,1478918.9
1790871300000,0.2467,0.247,0.2457,0.2465,1296804.5
1790872200000,0.2465,0.2485,0.2454,0.246,1694414.5
1790873100000,0.2461,0.247,0.2443,0.245,1874250.1
1790874000000,0.245,0.248,0.245,0.2478,2584317.1
1790874900000,0.2478,0.251,0.2477,0.251,3671549.6
1790875800000,0.2509,0.2519,0.2499,0.2517,2948488.8
1790876700000,0.2516,0.2518,0.2497,0.2505,2648137.0
1790877600000,0.2504,0.2507,0.2494,0.2502,1736041.9
1790878500000,0.2502,0.2507,0.2491,0.2492,1078267.8
1790879400000,0.2492,0.2512,0.2488,0.2497,1802558.3
1790880300000,0.2497,0.2499,0.2482,0.2487,1068321.9
1790881200000,0.2487,0.2497,0.2479,0.249,1159818.7
1790882100000,0.2491,0.2494,0.2463,0.2464,1002743.2
1790883000000,0.2464,0.2477,0.2463,0.247,1129471.8
1790883900000,0.2469,0.2488,0.2468,0.2482,1224952.0
1790884800000,0.2482,0.2491,0.2481,0.2483,560830.6
1790885700000,0.2484,0.2487,0.2479,0.248,511346.1
1790886600000,0.248,0.2489,0.2475,0.248,558965.1
1790887500000,0.2479,0.2483,0.2474,0.2474,410010.6
1790888400000,0.2474,0.2476,0.2465,0.2465,422600.8
1790889300000,0.2465,0.2475,0.2454,0.2456,1406779.8
1790890200000,0.2456,0.2459,0.2446,0.2446,1476369.7
1790891100000,0.2446,0.2456,0.2446,0.2451,1272751.9
1790892000000,0.2451,0.247,0.2451,0.2462,986989.7
1790892900000,0.2462,0.2467,0.246,0.2464,711014.7
1790893800000,0.2463,0.2465,0.2455,0.2457,712781.7
1790894700000,0.2456,0.2463,0.2447,0.2461,835695.6
1790895600000,0.2461,0.2461,0.2453,0.2455,688367.9
1790896500000,0.2456,0.2461,0.2454,0.2459,463712.8
1790897400000,0.2459,0.2465,0.2456,0.246,475576.9
1790898300000,0.246,0.2465,0.2457,0.2464,290857.8
1790899200000,0.2463,0.2464,0.2456,0.2458,1200497.9
1790900100000,0.2457,0.2467,0.2456,0.246,919410.2
1790901000000,0.2459,0.2463,0.2455,0.2462,643408.4
1790901900000,0.2462,0.247,0.2459,0.2461,644360.4
1790902800000,0.2462,0.2462,0.2451,0.2451,474349.5
1790903700000,0.2451,0.2458,0.244,0.2452,2542125.3
1790904600000,0.2453,0.2456,0.2446,0.2448,622955.7
1790905500000,0.2447,0.2469,0.2447,0.2462,831170.3
1790906400000,0.2463,0.2482,0.2462,0.2478,2261693.6
1790907300000,0.2479,0.2481,0.2465,0.2471,1238882.7
1790908200000,0.2471,0.2475,0.2465,0.2475,395156.4
1790909100000,0.2475,0.2495,0.2474,0.2493,1482569.2
1790910000000,0.2492,0.2506,0.2486,0.249,3634375.4
1790910900000,0.249,0.2492,0.248,0.2483,527437.1
1790911800000,0.2482,0.2499,0.2482,0.2495,1306699.5
1790912700000,0.2495,0.25,0.249,0.2499,1324696.7
1790913600000,0.2499,0.2504,0.2487,0.2487,886845.4
1790914500000,0.2487,0.2544,0.2486,0.2542,7208350.9
1790915400000,0.2542,0.2549,0.2529,0.2544,3786979.3
1790916300000,0.2544,0.2565,0.2537,0.2564,6795806.4
1790917200000,0.2564,0.2573,0.2547,0.2549,5746116.3
1790918100000,0.2549,0.2552,0.2537,0.2544,2200019.6
1790919000000,0.2544,0.2548,0.2515,0.2536,3628674.2
1790919900000,0.2536,0.2537,0.2529,0.2535,1301615.7
1790920800000,0.2535,0.2547,0.253,0.2535,2183393.7
1790921700000,0.2535,0.2552,0.2534,0.2551,1654613.6
1790922600000,0.2551,0.2562,0.2545,0.2555,2904386.2
1790923500000,0.2554,0.2554,0.2543,0.2545,2484151.5
1790924400000,0.2546,0.2552,0.2541,0.2545,2156219.3
1790925300000,0.2545,0.2546,0.2531,0.2537,1735069.1
1790926200000,0.2537,0.2537,0.2528,0.2536,2061052.1
1790927100000,0.2536,0.2558,0.2536,0.2555,2119242.5
1790928000000,0.2555,0.256,0.2545,0.2546,2458076.9
1790928900000,0.2547,0.2573,0.2546,0.2564,6089175.5
1790929800000,0.2564,0.2569,0.2554,0.2558,1402343.1
1790930700000,0.2557,0.2558,0.2543,0.2546,1174423.9
1790931600000,0.2546,0.2566,0.2535,0.256,4533749.4
1790932500000,0.2561,0.2565,0.2551,0.2554,1171795.3
1790933400000,0.2554,0.2564,0.2552,0.2554,1484862.0
1790934300000,0.2553,0.2579,0.2552,0.2571,2774229.7
1790935200000,0.257,0.2574,0.2563,0.2564,1959958.4
1790936100000,0.2564,0.2568,0.2548,0.2564,1979453.7
1790937000000,0.2563,0.2572,0.2558,0.2569,1634469.7
1790937900000,0.257,0.2571,0.256,0.2561,1215332.0
1790938800000,0.2561,0.2569,0.2558,0.2561,952920.3
1790939700000,0.2562,0.2564,0.2554,0.2556,694150.6
1790940600000,0.2557,0.2561,0.255,0.2554,1161284.2
1790941500000,0.2554,0.256,0.2551,0.2552,1240576.9
1790942400000,0.2552,0.2559,0.2544,0.2553,2022966.2
1790943300000,0.2554,0.2568,0.2552,0.2565,1507756.0
1790944200000,0.2564,0.2598,0.2552,0.2554,11536848.8
1790945100000,0.2555,0.2574,0.2553,0.257,1771726.5
1790946000000,0.2571,0.258,0.2565,0.2565,2967824.9
1790946900000,0.2565,0.257,0.2559,0.2559,1955236.8
1790947800000,0.2559,0.2589,0.2558,0.2571,3602030.3
1790948700000,0.2572,0.2575,0.255,0.2555,2543688.1
1790949600000,0.2554,0.2567,0.2538,0.2544,3148892.2
1790950500000,0.2544,0.2557,0.2538,0.2538,1726854.7
1790951400000,0.2538,0.2545,0.2524,0.2543,3362191.1
1790952300000,0.2543,0.2553,0.251,0.2523,4249254.8
1790953200000,0.2524,0.253,0.2506,0.2523,3859562.9
1790954100000,0.2524,0.2529,0.2506,0.2521,2547421.3
1790955000000,0.2521,0.2524,0.2508,0.2515,1657409.4
1790955900000,0.2515,0.2521,0.251,0.252,978608.0
1790956800000,0.252,0.2537,0.252,0.2528,1063585.4
1790957700000,0.2528,0.2542,0.2525,0.2525,1125870.6
1790958600000,0.2525,0.253,0.2514,0.2527,1092525.6
1790959500000,0.2528,0.2536,0.2518,0.2523,593160.9
1790960400000,0.2523,0.2533,0.2512,0.2515,1557008.6
1790961300000,0.2514,0.2521,0.2504,0.2511,1853964.8
1790962200000,0.2511,0.2513,0.2494,0.2497,4495544.5
1790963100000,0.2497,0.2508,0.2493,0.2502,1330187.9
1790964000000,0.2501,0.2509,0.2498,0.2502,1011084.0
1790964900000,0.2502,0.2502,0.246,0.2463,3898041.0
1790965800000,0.2463,0.2465,0.2376,0.2386,22226002.9
1790966700000,0.2386,0.2398,0.2369,0.2395,11566243.0
1790967600000,0.2394,0.2403,0.2383,0.2388,5795788.5
1790968500000,0.2388,0.24,0.2376,0.2398,3760416.3
1790969400000,0.2398,0.2405,0.2394,0.24,1855632.1
1790970300000,0.2401,0.2404,0.2392,0.2396,1868993.5
1790971200000,0.2395,0.2403,0.2391,0.2402,3181617.4
1790972100000,0.2402,0.2409,0.2396,0.2404,2508493.7
1790973000000,0.2404,0.2411,0.2394,0.2394,2779847.1
1790973900000,0.2394,0.2404,0.2389,0.239,2284490.2
1790974800000,0.2389,0.2408,0.2389,0.2402,721454.8
1790975700000,0.2403,0.2408,0.2391,0.2395,2080405.9
1790976600000,0.2395,0.241,0.2393,0.2406,908703.7
1790977500000,0.2407,0.2412,0.2401,0.2411,686070.7
1790978400000,0.2412,0.2418,0.2409,0.241,1592551.0
1790979300000,0.2409,0.2414,0.2402,0.2413,1806989.6
1790980200000,0.2414,0.2421,0.2413,0.2418,831416.9
1790981100000,0.2418,0.2423,0.2418,0.2421,729341.6
1790982000000,0.2421,0.2425,0.2419,0.2421,1717244.7
1790982900000,0.2422,0.2433,0.2421,0.2433,1087776.2
1790983800000,0.2433,0.2447,0.2433,0.2446,1193425.5
1790984700000,0.2446,0.2447,0.2441,0.2444,1456374.1
1790985600000,0.2445,0.245,0.2441,0.2449,2164338.0
1790986500000,0.2449,0.2468,0.2449,0.2464,2067032.9
1790987400000,0.2464,0.247,0.2462,0.2466,1134671.3
1790988300000,0.2466,0.247,0.246,0.2466,1183080.6
1790989200000,0.2466,0.2479,0.2459,0.2473,1185828.5
1790990100000,0.2473,0.2485,0.247,0.2473,1502403.4
1790991000000,0.2474,0.2479,0.2469,0.2479,759673.9
1790991900000,0.248,0.2481,0.2469,0.2474,1355471.4
1790992800000,0.2474,0.2482,0.2471,0.2481,1135360.0
1790993700000,0.2481,0.2487,0.2477,0.2478,1444249.4
1790994600000,0.2477,0.2479,0.247,0.2476,858136.1
1790995500000,0.2477,0.2477,0.2468,0.2468,864491.9
1790996400000,0.2469,0.2478,0.2465,0.2466,1483226.0
1790997300000,0.2466,0.2481,0.2466,0.2471,1221315.7
1790998200000,0.2471,0.2477,0.2469,0.2472,368957.3
1790999100000,0.2473,0.248,0.2471,0.2477,436888.6
1791000000000,0.2477,0.2479,0.2465,0.2474,805124.6
1791000900000,0.2473,0.2473,0.2457,0.2459,830632.7
1791001800000,0.2459,0.2462,0.2449,0.2455,1141836.1
1791002700000,0.2456,0.2462,0.2454,0.2455,460452.3
1791003600000,0.2455,0.2464,0.2449,0.2459,880720.0
1791004500000,0.2458,0.2467,0.2457,0.2464,276886.7
1791005400000,0.2464,0.2471,0.2462,0.2464,428633.1
1791006300000,0.2464,0.2469,0.246,0.2462,354207.8
1791007200000,0.2462,0.2469,0.246,0.246,489801.4
1791008100000,0.246,0.2463,0.2455,0.2457,809757.3
1791009000000,0.2456,0.2461,0.2453,0.2457,812628.9
1791009900000,0.2457,0.2462,0.2453,0.2455,508980.7
1791010800000,0.2455,0.2455,0.2447,0.2447,401904.3
1791011700000,0.2447,0.2449,0.2442,0.2445,522606.3
1791012600000,0.2446,0.2446,0.2436,0.2437,722426.1
1791013500000,0.2438,0.2445,0.2437,0.2439,591335.3
1791014400000,0.2439,0.2445,0.2433,0.2443,1228452.7
1791015300000,0.2443,0.2444,0.2433,0.2436,1198486.0
1791016200000,0.2436,0.2439,0.2432,0.2436,394043.3
1791017100000,0.2436,0.2438,0.2431,0.2431,730331.8
1791018000000,0.2431,0.2443,0.243,0.2439,592649.6
1791018900000,0.2439,0.244,0.2431,0.2431,789118.6
1791019800000,0.2431,0.2439,0.2428,0.2436,2029567.6
1791020700000,0.2436,0.2445,0.2436,0.2442,602363.0
1791021600000,0.2442,0.2452,0.244,0.2447,421367.7
1791022500000,0.2447,0.2452,0.244,0.2445,605838.1
1791023400000,0.2445,0.2456,0.2444,0.2452,1093189.1
1791024300000,0.2453,0.2458,0.2451,0.2455,1640948.6
1791025200000,0.2456,0.2457,0.245,0.2451,623525.0
1791026100000,0.2451,0.2454,0.2448,0.2452,339420.0
1791027000000,0.2453,0.2463,0.2453,0.2454,678152.7
1791027900000,0.2454,0.2458,0.2451,0.2451,460634.7
1791028800000,0.2451,0.2459,0.2451,0.2456,617792.8
1791029700000,0.2456,0.246,0.245,0.245,1584246.3
1791030600000,0.245,0.2451,0.244,0.2441,879113.7
1791031500000,0.2441,0.245,0.2441,0.2448,344903.2
1791032400000,0.2448,0.2456,0.2446,0.2448,517921.7
1791033300000,0.2448,0.2449,0.2442,0.2445,842766.5
1791034200000,0.2445,0.2452,0.2444,0.2446,655062.8
1791035100000,0.2446,0.2453,0.2446,0.2453,271356.5
1791036000000,0.2453,0.2456,0.2444,0.2444,799339.9
1791036900000,0.2444,0.2459,0.2444,0.2457,604879.4
1791037800000,0.2457,0.246,0.2454,0.2459,474233.9
1791038700000,0.2459,0.2467,0.2456,0.2458,679275.5
1791039600000,0.2458,0.2458,0.2447,0.2452,1091333.3
1791040500000,0.2452,0.2454,0.2448,0.2451,408753.9
1791041400000,0.2451,0.2453,0.2445,0.245,484394.2
1791042300000,0.245,0.2454,0.2446,0.2449,587104.2
1791043200000,0.2449,0.245,0.2444,0.2449,488444.9
1791044100000,0.2449,0.2449,0.2444,0.2447,457820.5
1791045000000,0.2447,0.2455,0.2447,0.245,612119.0
1791045900000,0.2451,0.2452,0.2447,0.2448,633910.5
1791046800000,0.2448,0.2466,0.2448,0.2464,860324.2
1791047700000,0.2463,0.2469,0.2458,0.2463,899994.5
1791048600000,0.2463,0.2463,0.2455,0.2457,598870.1
1791049500000,0.2458,0.246,0.2453,0.2459,469939.3
1791050400000,0.246,0.246,0.2451,0.2455,975502.2
1791051300000,0.2455,0.2457,0.2449,0.2453,325458.6
1791052200000,0.2453,0.2462,0.245,0.246,805576.7
1791053100000,0.246,0.246,0.2448,0.2453,565595.1
1791054000000,0.2454,0.2454,0.2446,0.245,848779.9
1791054900000,0.245,0.2454,0.2448,0.2451,395774.3
1791055800000,0.2451,0.2456,0.245,0.2452,480613.5
1791056700000,0.2452,0.2457,0.245,0.2454,542776.7
1791057600000,0.2455,0.2462,0.2452,0.2454,608143.3
1791058500000,0.2454,0.246,0.2453,0.2456,653728.8
1791059400000,0.2457,0.2458,0.2454,0.2457,277732.7
1791060300000,0.2456,0.2457,0.2451,0.2454,384963.1
1791061200000,0.2454,0.2457,0.2446,0.2451,345197.1
1791062100000,0.2452,0.2454,0.2448,0.2448,245608.4
1791063000000,0.2448,0.2451,0.2447,0.2448,283520.5
1791063900000,0.2448,0.2451,0.2447,0.2449,176647.1
1791064800000,0.2449,0.2452,0.2446,0.2448,501547.2
1791065700000,0.2448,0.245,0.2446,0.2449,289007.1
1791066600000,0.2449,0.2454,0.2449,0.2451,498526.1
1791067500000,0.2451,0.2451,0.2444,0.2445,1073039.9
1791068400000,0.2445,0.2445,0.2437,0.2442,630915.7
1791069300000,0.2441,0.2446,0.2441,0.2443,373478.9
1791070200000,0.2443,0.2445,0.2442,0.2444,343605.8
1791071100000,0.2444,0.2446,0.2438,0.2438,627324.8
1791072000000,0.2438,0.2441,0.2435,0.2441,1033562.7
1791072900000,0.244,0.2447,0.244,0.2445,546111.2
1791073800000,0.2444,0.2448,0.244,0.244,431748.8
1791074700000,0.2441,0.2441,0.2435,0.2436,433430.0
1791075600000,0.2436,0.2443,0.2434,0.2441,2633632.4
1791076500000,0.244,0.2441,0.2433,0.2437,501486.2
1791077400000,0.2438,0.2442,0.2436,0.2437,501556.6
1791078300000,0.2437,0.2441,0.2436,0.2437,229043.3
1791079200000,0.2437,0.2445,0.2437,0.2437,865941.0
1791080100000,0.2437,0.244,0.2435,0.2437,915887.9
1791081000000,0.2438,0.2442,0.2437,0.2439,788211.2
1791081900000,0.2439,0.2439,0.243,0.2432,1449274.5
1791082800000,0.2431,0.2434,0.2425,0.2433,824894.9
1791083700000,0.2433,0.2434,0.2429,0.2431,677544.6
1791084600000,0.2432,0.244,0.2431,0.2434,875882.4
1791085500000,0.2434,0.2434,0.243,0.2432,562841.2
1791086400000,0.2432,0.2433,0.2422,0.2427,1364388.7
1791087300000,0.2427,0.2432,0.2426,0.243,523496.5
1791088200000,0.2431,0.2432,0.2429,0.243,499569.4
1791089100000,0.243,0.2435,0.2429,0.2434,307076.8
1791090000000,0.2435,0.2438,0.2433,0.2434,857746.5
1791090900000,0.2434,0.2439,0.2434,0.2438,385894.9
1791091800000,0.2438,0.2446,0.2438,0.2445,553079.1
1791092700000,0.2444,0.2446,0.2439,0.244,900747.7
1791093600000,0.2439,0.2444,0.2437,0.2438,705525.4
1791094500000,0.2439,0.2447,0.2438,0.2441,775581.0
1791095400000,0.2441,0.2446,0.2439,0.2442,1010493.0
1791096300000,0.2442,0.2453,0.2442,0.2446,617161.2
1791097200000,0.2447,0.2455,0.2446,0.2452,829831.6
1791098100000,0.2452,0.2453,0.2446,0.245,1196987.0
1791099000000,0.245,0.2452,0.2446,0.2451,991507.1
1791099900000,0.2452,0.246,0.245,0.2459,1040266.0
1791100800000,0.2459,0.2462,0.2454,0.2456,684732.6
1791101700000,0.2455,0.2459,0.2454,0.2454,602544.7
1791102600000,0.2454,0.2455,0.2446,0.2449,709484.9
1791103500000,0.2449,0.2451,0.2447,0.2449,355904.6
1791104400000,0.2449,0.245,0.2442,0.2446,2093483.8
1791105300000,0.2446,0.2455,0.2446,0.2451,531134.9
1791106200000,0.2451,0.2452,0.2445,0.2448,867886.9
1791107100000,0.2448,0.2454,0.2446,0.2452,1203342.2
1791108000000,0.2452,0.2456,0.245,0.2453,460794.6
1791108900000,0.2454,0.2458,0.245,0.2451,738056.4
1791109800000,0.2451,0.2454,0.2447,0.2451,917371.8
1791110700000,0.2452,0.2455,0.2449,0.245,583602.4
1791111600000,0.2451,0.2455,0.245,0.2451,300834.6
1791112500000,0.2452,0.2456,0.245,0.2456,457967.6
1791113400000,0.2456,0.2456,0.2447,0.2448,512609.3
1791114300000,0.2449,0.2454,0.2449,0.2452,298025.2
1791115200000,0.2452,0.2455,0.2446,0.2447,578913.9
1791116100000,0.2446,0.2451,0.2443,0.2448,476358.7
1791117000000,0.2449,0.2452,0.2447,0.2452,337842.5
1791117900000,0.2451,0.2453,0.2448,0.2449,267978.8
1791118800000,0.2449,0.2452,0.2447,0.2452,385420.6
1791119700000,0.2451,0.2458,0.2451,0.2457,525930.7
1791120600000,0.2456,0.2464,0.2455,0.2455,1183994.6
1791121500000,0.2456,0.2461,0.2446,0.2446,1814292.6
1791122400000,0.2446,0.245,0.244,0.2445,892982.0
1791123300000,0.2446,0.2454,0.2442,0.2451,1090139.0
1791124200000,0.2451,0.246,0.245,0.2456,571300.9
1791125100000,0.2456,0.2461,0.2446,0.2457,3680717.4
1791126000000,0.2457,0.2498,0.2457,0.2489,10001409.0
1791126900000,0.249,0.2493,0.2477,0.2483,3944135.2
1791127800000,0.2483,0.2488,0.2476,0.2479,1874521.0
1791128700000,0.2479,0.2485,0.2478,0.2479,2177742.4
1791129600000,0.2479,0.2486,0.2467,0.2486,4028406.7
1791130500000,0.2486,0.2486,0.2474,0.2474,690987.3
1791131400000,0.2474,0.2478,0.2469,0.2471,451253.5
1791132300000,0.2472,0.2478,0.247,0.2476,496840.8
1791133200000,0.2476,0.2485,0.2476,0.2477,873243.4
1791134100000,0.2477,0.2478,0.2473,0.2474,1179495.8
1791135000000,0.2473,0.2482,0.2467,0.2481,908573.3
1791135900000,0.2482,0.2488,0.2477,0.2478,838171.0
1791136800000,0.2477,0.2479,0.2475,0.2478,461794.4
1791137700000,0.2477,0.2488,0.2477,0.2486,1303332.4
1791138600000,0.2486,0.2496,0.2485,0.2492,682379.4
1791139500000,0.2493,0.2504,0.2487,0.2497,1926088.4
1791140400000,0.2497,0.2535,0.2497,0.2531,9254788.7
1791141300000,0.2531,0.2567,0.2528,0.2554,14378137.0
1791142200000,0.2555,0.2576,0.2541,0.2542,7648151.1
1791143100000,0.2542,0.2542,0.2519,0.2528,4664007.5
1791144000000,0.2528,0.253,0.2509,0.252,3271711.3
1791144900000,0.2519,0.2521,0.2507,0.2508,1450940.0
1791145800000,0.2507,0.2514,0.2503,0.2504,2218370.4
1791146700000,0.2504,0.2521,0.2503,0.2515,2456202.9
1791147600000,0.2515,0.2521,0.251,0.2517,1143178.4
1791148500000,0.2517,0.2523,0.2513,0.2522,825213.9
1791149400000,0.2522,0.2528,0.2521,0.2527,1013111.8
1791150300000,0.2527,0.2555,0.2526,0.2533,2049720.6
1791151200000,0.2533,0.2564,0.2533,0.2554,2755652.2
1791152100000,0.2553,0.2584,0.2552,0.2584,7898161.6
1791153000000,0.2583,0.2685,0.2579,0.266,33650883.8
1791153900000,0.266,0.2671,0.261,0.2621,10764733.9
1791154800000,0.2621,0.2635,0.2611,0.2632,7490762.9
1791155700000,0.2631,0.2644,0.2613,0.2614,4573970.6
1791156600000,0.2614,0.2617,0.2589,0.2592,4947188.4
1791157500000,0.2591,0.2601,0.2589,0.2597,2613568.5
1791158400000,0.2597,0.2606,0.2588,0.2591,5475206.5
1791159300000,0.2592,0.2602,0.2578,0.2583,2617863.6
1791160200000,0.2582,0.2624,0.2578,0.2619,3032517.9
1791161100000,0.2618,0.264,0.2609,0.2635,4723847.1
1791162000000,0.2636,0.2666,0.2632,0.266,8328674.2
1791162900000,0.266,0.2674,0.2645,0.2647,6362071.8
1791163800000,0.2647,0.265,0.2624,0.2634,4673736.9
1791164700000,0.2633,0.2643,0.2632,0.2637,1768325.7
1791165600000,0.2638,0.268,0.2636,0.2679,4714951.1
1791166500000,0.2678,0.2694,0.2667,0.2671,7238272.4
1791167400000,0.2671,0.2712,0.2663,0.2699,9092595.2
1791168300000,0.2699,0.2706,0.2679,0.2683,4241228.9
1791169200000,0.2684,0.2697,0.2672,0.2697,4117087.8
1791170100000,0.2697,0.2708,0.2681,0.2696,6050580.1
1791171000000,0.2697,0.2724,0.2694,0.2705,7887284.2
1791171900000,0.2705,0.2712,0.2681,0.2688,5194611.4
1791172800000,0.2688,0.2698,0.2668,0.2675,4705842.7
1791173700000,0.2675,0.2685,0.2652,0.2667,4723216.2
1791174600000,0.2667,0.2671,0.2637,0.2653,6629034.0
1791175500000,0.2652,0.2677,0.2651,0.2665,2332289.2
1791176400000,0.2664,0.2683,0.2661,0.2673,3994985.5
1791177300000,0.2673,0.2677,0.2662,0.2662,2140237.9
1791178200000,0.2663,0.2693,0.2651,0.2686,3218716.3
1791179100000,0.2686,0.2698,0.2683,0.2697,2175913.5
1791180000000,0.2697,0.2732,0.2695,0.2719,10412914.7
1791180900000,0.2719,0.2742,0.2704,0.2712,5575406.8
1791181800000,0.2712,0.2721,0.2688,0.2693,3698546.7
1791182700000,0.2692,0.2723,0.2692,0.2712,4057640.6
1791183600000,0.2712,0.2722,0.2705,0.2718,3146711.2
1791184500000,0.2718,0.2721,0.2708,0.2713,1673816.5
1791185400000,0.2714,0.2731,0.2707,0.2727,4247215.0
1791186300000,0.2728,0.2735,0.2722,0.2729,3121550.1
1791187200000,0.2728,0.2748,0.2722,0.2729,4029712.2
1791188100000,0.2729,0.2737,0.2718,0.2724,1931068.7
1791189000000,0.2724,0.2732,0.2716,0.2717,2509489.6
1791189900000,0.2717,0.2723,0.2703,0.2709,2448645.8
1791190800000,0.2709,0.2715,0.2708,0.2709,1955824.6
1791191700000,0.271,0.2723,0.2706,0.2709,2189420.0
1791192600000,0.2709,0.2715,0.27,0.2703,1440750.0
1791193500000,0.2703,0.2718,0.2702,0.2718,1367221.1
1791194400000,0.2718,0.2745,0.2715,0.2745,5385252.2
1791195300000,0.2746,0.2751,0.2724,0.2725,3260276.4
1791196200000,0.2726,0.274,0.2724,0.2729,3068977.2
1791197100000,0.273,0.2751,0.2728,0.275,2483137.7
1791198000000,0.275,0.2755,0.2721,0.2721,2525105.6
1791198900000,0.2721,0.2738,0.272,0.2736,1968412.3
1791199800000,0.2737,0.274,0.2715,0.2717,3037882.9
1791200700000,0.2717,0.2728,0.2716,0.2723,2217134.0
1791201600000,0.2723,0.2735,0.2716,0.272,1263229.8
1791202500000,0.2719,0.2721,0.2707,0.2718,1950041.4
1791203400000,0.2718,0.2731,0.2711,0.2712,2664287.4
1791204300000,0.2712,0.2724,0.271,0.2719,1450153.2
1791205200000,0.272,0.2752,0.272,0.2747,5251399.4
1791206100000,0.2747,0.2768,0.2742,0.2763,5858238.6
1791207000000,0.2762,0.2763,0.2734,0.2738,4969242.6
1791207900000,0.2737,0.2755,0.2729,0.2743,3227595.4
1791208800000,0.2742,0.2757,0.2733,0.2755,3894187.9
1791209700000,0.2754,0.2759,0.2717,0.272,3938684.6
1791210600000,0.2719,0.272,0.2691,0.2702,8810656.4
1791211500000,0.2703,0.2704,0.2677,0.2684,7831161.0
1791212400000,0.2684,0.2696,0.2678,0.2683,3140122.6
1791213300000,0.2682,0.269,0.2674,0.2678,3626074.8
1791214200000,0.2678,0.268,0.2649,0.2654,9703943.2
1791215100000,0.2653,0.2657,0.2626,0.2639,7169188.8
1791216000000,0.264,0.265,0.2622,0.2637,6735572.9
1791216900000,0.2637,0.2638,0.2617,0.2618,3567910.1
1791217800000,0.2618,0.2645,0.2618,0.2638,2885253.8
1791218700000,0.2637,0.2652,0.2636,0.2649,1676901.6
1791219600000,0.2649,0.2653,0.264,0.2646,1220081.5
1791220500000,0.2646,0.2653,0.2645,0.2651,1635539.5
1791221400000,0.265,0.265,0.2637,0.2643,1209459.8
1791222300000,0.2644,0.2648,0.2641,0.2644,1095751.9
1791223200000,0.2643,0.2657,0.2643,0.2646,2134131.6
1791224100000,0.2647,0.2654,0.2646,0.2649,1089199.7
1791225000000,0.2648,0.2651,0.2642,0.2643,1576393.1
1791225900000,0.2642,0.2654,0.2642,0.2653,769115.4
1791226800000,0.2652,0.2652,0.2642,0.2648,641391.7
1791227700000,0.2648,0.2663,0.2646,0.2661,1274572.3
1791228600000,0.2661,0.2667,0.2654,0.2656,831078.6
1791229500000,0.2655,0.2661,0.265,0.2661,540235.7
1791230400000,0.2662,0.2673,0.2656,0.2671,1828148.1
1791231300000,0.2671,0.2686,0.2671,0.2682,2514917.6
1791232200000,0.2682,0.2692,0.2681,0.2684,1913387.3
1791233100000,0.2685,0.2693,0.2684,0.2692,2495500.2
1791234000000,0.2691,0.2697,0.2687,0.2688,802105.5
1791234900000,0.2688,0.2696,0.2686,0.2691,1186849.6
1791235800000,0.2691,0.27,0.269,0.2695,1179426.9
1791236700000,0.2695,0.2702,0.2687,0.2699,1196518.3
1791237600000,0.2698,0.2741,0.2698,0.273,5742208.6
1791238500000,0.273,0.274,0.2723,0.2736,1758625.1
1791239400000,0.2736,0.2737,0.2725,0.2731,898408.4
1791240300000,0.2731,0.2732,0.2713,0.2718,1618299.0
1791241200000,0.2718,0.2722,0.2711,0.2714,1848743.7
1791242100000,0.2714,0.2716,0.2704,0.2709,2434672.4
1791243000000,0.271,0.2718,0.2709,0.2711,752415.8
1791243900000,0.2711,0.2711,0.2702,0.2704,1083548.2
1791244800000,0.2704,0.272,0.2704,0.2712,1957623.4
1791245700000,0.2712,0.2721,0.2702,0.2702,1263228.4
1791246600000,0.2703,0.2709,0.2688,0.2688,2629298.2
1791247500000,0.2688,0.2712,0.2683,0.2709,2746802.5
1791248400000,0.271,0.2722,0.2704,0.2706,1021012.7
1791249300000,0.2705,0.2709,0.2688,0.2692,2039254.4
1791250200000,0.2693,0.2697,0.2679,0.2679,1120842.1
1791251100000,0.2679,0.2686,0.2677,0.268,1198518.9
1791252000000,0.268,0.2686,0.267,0.2682,1138774.0
1791252900000,0.2681,0.2692,0.268,0.2681,923007.3
1791253800000,0.268,0.2685,0.2667,0.2676,813289.8
1791254700000,0.2675,0.2675,0.2664,0.2666,901019.6
1791255600000,0.2666,0.2672,0.2664,0.2667,317794.7
1791256500000,0.2666,0.2676,0.2666,0.2669,551599.9
1791257400000,0.267,0.267,0.2656,0.2659,1735550.6
1791258300000,0.266,0.2668,0.2659,0.266,831474.8
1791259200000,0.2661,0.2676,0.2659,0.2674,945763.8
1791260100000,0.2674,0.2683,0.2671,0.2681,1044426.3
1791261000000,0.2682,0.2698,0.2676,0.2693,1567351.0
1791261900000,0.2693,0.2703,0.2689,0.2697,2805918.2
1791262800000,0.2698,0.2725,0.2696,0.2714,3511746.5
1791263700000,0.2715,0.2719,0.2711,0.2715,1647718.3
1791264600000,0.2715,0.2715,0.2695,0.2696,1269459.7
1791265500000,0.2695,0.27,0.2681,0.2685,2216312.8
1791266400000,0.2685,0.2686,0.2668,0.2674,1992016.5
1791267300000,0.2674,0.2687,0.2672,0.2678,1251738.1
1791268200000,0.2679,0.27,0.2677,0.2699,2519325.2
1791269100000,0.2699,0.2708,0.2694,0.2701,2050935.4
1791270000000,0.2701,0.2701,0.2683,0.269,1488967.6
1791270900000,0.2691,0.2705,0.269,0.2701,1044077.4
1791271800000,0.2701,0.2718,0.2697,0.2715,1728692.6
1791272700000,0.2716,0.2743,0.2716,0.2734,7931625.7
1791273600000,0.2734,0.2737,0.2721,0.2724,3132727.2
1791274500000,0.2724,0.2732,0.2721,0.2727,1108634.6
1791275400000,0.2726,0.274,0.2723,0.2738,1589578.1
1791276300000,0.2737,0.2743,0.2734,0.2742,1281112.7
1791277200000,0.2741,0.2824,0.2739,0.2816,18727833.5
1791278100000,0.2817,0.2823,0.2741,0.2748,10253074.7
1791279000000,0.2748,0.2779,0.2745,0.2777,3986373.8
1791279900000,0.2777,0.2792,0.2765,0.2767,3538655.8
1791280800000,0.2766,0.2795,0.2758,0.2786,3423978.8
1791281700000,0.2786,0.2793,0.2768,0.2774,2295840.9
1791282600000,0.2775,0.2779,0.2763,0.2773,1372461.6
1791283500000,0.2773,0.2774,0.2762,0.2764,1203617.2
1791284400000,0.2764,0.2781,0.2762,0.2772,2275536.5
1791285300000,0.2772,0.2801,0.2772,0.2789,6365532.1
1791286200000,0.2789,0.2793,0.2776,0.2791,3396990.3
1791287100000,0.279,0.28,0.2788,0.2792,1936861.0
1791288000000,0.2793,0.2799,0.2776,0.2779,2922743.5
1791288900000,0.2779,0.2782,0.2771,0.2774,1711842.0
1791289800000,0.2774,0.279,0.277,0.278,1538880.6
1791290700000,0.278,0.2783,0.277,0.2773,2013563.8
1791291600000,0.2772,0.2773,0.2757,0.2759,2948550.6
1791292500000,0.2759,0.2763,0.2745,0.2754,3655454.9
1791293400000,0.2753,0.2765,0.2748,0.2755,5188847.1
1791294300000,0.2755,0.2762,0.2745,0.2752,2823351.6
1791295200000,0.2751,0.2755,0.2728,0.2747,4059440.8
1791296100000,0.2748,0.2749,0.2722,0.2728,4755982.9
1791297000000,0.2727,0.2754,0.2725,0.2753,3029117.7
1791297900000,0.2752,0.276,0.2744,0.2756,1496946.1
1791298800000,0.2757,0.2759,0.2745,0.2748,2095079.8
1791299700000,0.2748,0.2748,0.2732,0.2736,1643031.3
1791300600000,0.2736,0.2744,0.2727,0.2728,1894363.2
1791301500000,0.2728,0.2733,0.2712,0.2715,1696974.6
1791302400000,0.2715,0.2725,0.2713,0.2717,1951975.5
1791303300000,0.2716,0.273,0.271,0.2722,3515559.2
1791304200000,0.2722,0.2726,0.2703,0.2722,9750576.0
1791305100000,0.2721,0.2734,0.2717,0.2722,4196652.8
1791306000000,0.2721,0.2728,0.2719,0.2719,1675097.8
1791306900000,0.272,0.273,0.2717,0.2726,1096983.5
1791307800000,0.2725,0.2733,0.272,0.2728,1670073.7
1791308700000,0.2728,0.2736,0.2725,0.2728,1370554.6
1791309600000,0.2728,0.2736,0.272,0.2721,2193624.1
1791310500000,0.2721,0.2721,0.2709,0.2714,1695858.2
1791311400000,0.2714,0.272,0.271,0.2718,499551.9
1791312300000,0.2717,0.272,0.2714,0.272,901335.8
1791313200000,0.2719,0.272,0.2707,0.2711,1370509.4
1791314100000,0.271,0.2712,0.2694,0.2702,2384243.8
1791315000000,0.2703,0.2711,0.2699,0.2705,731496.5
1791315900000,0.2705,0.2712,0.2705,0.2708,1238496.4
1791316800000,0.2708,0.2709,0.2703,0.2705,1561572.3
1791317700000,0.2705,0.2715,0.2704,0.2711,566329.9
1791318600000,0.2712,0.2718,0.2707,0.2708,742945.4
1791319500000,0.2708,0.2714,0.2706,0.2709,299176.1
1791320400000,0.2709,0.2714,0.2701,0.2704,580251.5
1791321300000,0.2704,0.2705,0.269,0.2693,1481420.5
1791322200000,0.2693,0.2697,0.2687,0.2688,1059287.3
1791323100000,0.2688,0.2689,0.268,0.2686,1776627.2
1791324000000,0.2687,0.2695,0.2683,0.2683,1709842.6
1791324900000,0.2684,0.2684,0.2677,0.2678,964890.5
1791325800000,0.2677,0.2682,0.2675,0.2678,892181.4
1791326700000,0.2678,0.268,0.2673,0.2679,691418.9
1791327600000,0.268,0.2685,0.2676,0.2682,1264618.7
1791328500000,0.2681,0.2683,0.2677,0.2682,997814.9
1791329400000,0.2682,0.2682,0.2673,0.2677,1070109.2
1791330300000,0.2676,0.2677,0.2673,0.2674,596400.1
1791331200000,0.2674,0.2677,0.267,0.2675,1331864.4
1791332100000,0.2675,0.2675,0.2666,0.2667,961677.5
1791333000000,0.2667,0.2673,0.2662,0.2672,1988773.9
1791333900000,0.2673,0.2676,0.267,0.2672,664310.9
1791334800000,0.2672,0.2672,0.2659,0.2662,1383760.8
1791335700000,0.2662,0.2662,0.2641,0.2645,2631493.0
1791336600000,0.2644,0.2649,0.2631,0.2639,3187001.0
1791337500000,0.264,0.2643,0.2601,0.2605,4686230.6
1791338400000,0.2605,0.2607,0.2493,0.2537,35519951.6
1791339300000,0.2537,0.2553,0.2532,0.2538,8634252.9
1791340200000,0.2539,0.2544,0.2524,0.2527,6830665.8
1791341100000,0.2527,0.2534,0.2525,0.2527,4574993.9
1791342000000,0.2527,0.254,0.2526,0.2528,4617194.7
1791342900000,0.2529,0.2537,0.2525,0.2536,5456909.7
1791343800000,0.2536,0.2547,0.2535,0.2543,2484371.3
1791344700000,0.2542,0.2552,0.254,0.2543,2501718.0
1791345600000,0.2543,0.2552,0.2534,0.2549,3969603.1
1791346500000,0.2548,0.255,0.2537,0.2545,2169529.9
1791347400000,0.2546,0.2546,0.2531,0.254,2161676.2
1791348300000,0.254,0.2548,0.2539,0.2545,1636893.7
1791349200000,0.2546,0.2567,0.2546,0.2567,3954361.1
1791350100000,0.2567,0.2571,0.2556,0.2561,7826758.3
1791351000000,0.256,0.2568,0.2558,0.2564,2285568.2
1791351900000,0.2564,0.258,0.2563,0.2576,1734120.6
1791352800000,0.2575,0.2577,0.2566,0.2573,2089110.0
1791353700000,0.2573,0.2573,0.2563,0.2567,1737597.6
1791354600000,0.2568,0.259,0.2566,0.2586,2725694.5
1791355500000,0.2586,0.2587,0.2574,0.2575,1778433.1
1791356400000,0.2575,0.2575,0.257,0.2574,1448271.5
1791357300000,0.2575,0.2575,0.2567,0.2572,1376553.2
1791358200000,0.2573,0.2583,0.2572,0.2581,2151265.8
1791359100000,0.258,0.2585,0.2577,0.258,2015054.5
1791360000000,0.2579,0.258,0.2568,0.2577,1689759.0
1791360900000,0.2577,0.2579,0.257,0.2578,1007687.5
1791361800000,0.2578,0.2591,0.2576,0.2582,1675583.0
1791362700000,0.2582,0.2582,0.2558,0.2561,1551157.4
1791363600000,0.2561,0.2564,0.2553,0.2557,2122118.5
1791364500000,0.2557,0.2559,0.2547,0.255,2158679.4
1791365400000,0.255,0.255,0.2535,0.2543,2193242.7
1791366300000,0.2543,0.2556,0.2541,0.2555,1148937.8
1791367200000,0.2555,0.2558,0.2528,0.2548,3078448.8
1791368100000,0.2549,0.2554,0.2546,0.2549,550988.0
1791369000000,0.2549,0.255,0.2538,0.2542,784343.4
1791369900000,0.2542,0.2555,0.2542,0.2554,541242.2
1791370800000,0.2554,0.2556,0.2542,0.2545,1874692.3
1791371700000,0.2544,0.2547,0.2534,0.2546,1258780.0
1791372600000,0.2545,0.2548,0.2537,0.2538,921320.6
1791373500000,0.2538,0.2542,0.2533,0.2536,1427912.1
1791374400000,0.2536,0.2551,0.2534,0.2551,1153144.3
1791375300000,0.2552,0.2555,0.2542,0.255,1867349.1
1791376200000,0.2549,0.2563,0.2544,0.2545,1635194.5
1791377100000,0.2545,0.2549,0.2537,0.2542,1245875.2
1791378000000,0.2542,0.2546,0.2534,0.2541,1769365.8
1791378900000,0.2541,0.2542,0.2526,0.253,2062532.0
1791379800000,0.253,0.2544,0.2523,0.2526,2185108.5
1791380700000,0.2527,0.2555,0.251,0.254,6378128.5
1791381600000,0.2541,0.2547,0.2531,0.2536,2619833.8
1791382500000,0.2535,0.254,0.2526,0.2527,1621587.1
1791383400000,0.2527,0.2538,0.2525,0.253,1682059.2
1791384300000,0.2529,0.2532,0.2524,0.2532,1410180.0
1791385200000,0.2532,0.254,0.2519,0.2537,2085201.8
1791386100000,0.2536,0.2538,0.2525,0.2528,1142663.6
1791387000000,0.2529,0.2552,0.2528,0.2543,2238691.7
1791387900000,0.2542,0.2565,0.2541,0.2562,3287987.2
1791388800000,0.2562,0.258,0.2554,0.2571,3396626.7
1791389700000,0.2571,0.2582,0.2568,0.2576,3004677.7
1791390600000,0.2575,0.2582,0.2563,0.257,3541481.3
1791391500000,0.257,0.2577,0.2557,0.2563,1088653.1
1791392400000,0.2563,0.2577,0.2561,0.2567,1622715.4
1791393300000,0.2567,0.2568,0.2547,0.2551,1248742.2
1791394200000,0.2551,0.2558,0.2539,0.2539,1715292.4
1791395100000,0.2539,0.255,0.2536,0.2549,751031.1
1791396000000,0.2549,0.2577,0.2548,0.2561,1102141.1
1791396900000,0.2561,0.2564,0.2552,0.2563,2054200.9
1791397800000,0.2563,0.2568,0.2559,0.2561,1520952.7
1791398700000,0.256,0.2575,0.256,0.2568,558714.1
1791399600000,0.2568,0.2572,0.2565,0.2569,760111.0
1791400500000,0.257,0.258,0.2568,0.2571,688009.5
1791401400000,0.2571,0.2573,0.2561,0.2563,687965.2
1791402300000,0.2562,0.2562,0.2549,0.255,566775.4
1791403200000,0.2551,0.2557,0.2543,0.2548,1014329.3
1791404100000,0.2547,0.2553,0.2544,0.2551,743570.9
1791405000000,0.255,0.2552,0.254,0.2544,1042786.2
1791405900000,0.2544,0.2553,0.2544,0.2553,286930.8
1791406800000,0.2552,0.2553,0.2542,0.2547,1546473.2
1791407700000,0.2547,0.2548,0.254,0.254,483253.6
1791408600000,0.2539,0.2541,0.2531,0.2534,1398240.8
1791409500000,0.2534,0.2541,0.2531,0.254,828689.6
1791410400000,0.254,0.2544,0.2535,0.2539,554144.7
1791411300000,0.2539,0.2549,0.2535,0.2547,536346.2
1791412200000,0.2547,0.255,0.2536,0.2538,506737.4
1791413100000,0.2537,0.2544,0.2535,0.2543,396297.0
1791414000000,0.2543,0.2547,0.254,0.2542,397509.7
1791414900000,0.2542,0.255,0.2542,0.255,639289.3
1791415800000,0.255,0.2555,0.255,0.2553,498484.9
1791416700000,0.2552,0.2558,0.255,0.2555,747356.9
1791417600000,0.2555,0.2563,0.2552,0.2562,795285.9
1791418500000,0.2562,0.2572,0.2557,0.2557,1091012.4
1791419400000,0.2556,0.2561,0.2553,0.2555,600775.4
1791420300000,0.2554,0.2568,0.2553,0.2565,944032.9
1791421200000,0.2564,0.2579,0.2562,0.2575,1511009.3
1791422100000,0.2575,0.2582,0.256,0.2574,1308165.9
1791423000000,0.2574,0.2578,0.256,0.2561,1016887.1
1791423900000,0.256,0.2562,0.2551,0.2552,531311.4
1791424800000,0.2552,0.2566,0.2548,0.2557,1001518.1
1791425700000,0.2558,0.2572,0.2554,0.2568,632432.4
1791426600000,0.2569,0.2577,0.2565,0.2575,975572.7
1791427500000,0.2575,0.258,0.2569,0.2572,1196623.1
1791428400000,0.2572,0.2581,0.2542,0.2542,3906813.8
1791429300000,0.2543,0.2552,0.2534,0.255,1757777.9
1791430200000,0.255,0.2555,0.2542,0.2545,818098.2
1791431100000,0.2544,0.2548,0.254,0.2543,845372.3
1791432000000,0.2544,0.2548,0.2538,0.2541,1191239.6
1791432900000,0.2542,0.2547,0.2495,0.2547,9968508.3
1791433800000,0.2546,0.255,0.2515,0.2516,2160476.4
1791434700000,0.2516,0.253,0.2511,0.2524,2207218.2
1791435600000,0.2524,0.2543,0.2523,0.2543,1400429.9
1791436500000,0.2542,0.2557,0.254,0.2552,1207015.8
1791437400000,0.2551,0.2553,0.2533,0.2535,1408594.5
1791438300000,0.2534,0.2541,0.2522,0.2524,1965528.5
1791439200000,0.2524,0.2538,0.2524,0.2534,1143581.8
1791440100000,0.2535,0.2535,0.2507,0.2512,2182378.1
1791441000000,0.2511,0.2521,0.2508,0.2519,1149008.9
1791441900000,0.2519,0.2537,0.2519,0.2532,1233292.7
1791442800000,0.2532,0.2533,0.2518,0.2531,872263.7
1791443700000,0.253,0.2545,0.2523,0.2537,2148282.1
1791444600000,0.2537,0.2542,0.253,0.2531,1056357.0
1791445500000,0.253,0.253,0.252,0.252,1191713.7
1791446400000,0.252,0.2529,0.2514,0.2516,2850712.2
1791447300000,0.2517,0.253,0.2515,0.2526,1652797.9
1791448200000,0.2525,0.2528,0.2515,0.2522,1214166.6
1791449100000,0.2523,0.2526,0.2519,0.2521,360904.9
1791450000000,0.2521,0.2537,0.252,0.2524,551548.2
1791450900000,0.2524,0.2526,0.2512,0.2526,650065.4
1791451800000,0.2526,0.2546,0.2522,0.2542,966663.6
1791452700000,0.2542,0.255,0.254,0.2546,2885424.3
1791453600000,0.2546,0.2549,0.2539,0.2544,655196.1
1791454500000,0.2544,0.2547,0.2535,0.2538,1321305.0
1791455400000,0.2538,0.2542,0.2521,0.253,1162748.9
1791456300000,0.2531,0.2531,0.2507,0.2514,2357155.9
1791457200000,0.2514,0.2515,0.2495,0.2509,3313661.1
1791458100000,0.2508,0.2517,0.2497,0.2509,1627248.4
1791459000000,0.2509,0.2514,0.2498,0.2508,1347383.7
1791459900000,0.2508,0.251,0.2496,0.2499,858051.3
1791460800000,0.2498,0.25,0.2485,0.2492,2362570.6
1791461700000,0.2492,0.2504,0.2491,0.2496,773566.1
1791462600000,0.2496,0.2496,0.2468,0.2471,3122090.2
1791463500000,0.2472,0.2481,0.2453,0.2474,5916690.6
1791464400000,0.2474,0.2484,0.2463,0.248,2626681.8
1791465300000,0.2479,0.2485,0.2474,0.2478,1932843.3
1791466200000,0.2478,0.2484,0.2448,0.2463,3551010.5
1791467100000,0.2463,0.248,0.2453,0.2476,1950949.8
1791468000000,0.2475,0.2495,0.2473,0.2493,1574155.4
1791468900000,0.2493,0.2496,0.2482,0.2487,1181298.2
1791469800000,0.2487,0.2493,0.2472,0.2474,937396.3
1791470700000,0.2475,0.2481,0.2469,0.2475,848237.7
1791471600000,0.2474,0.2476,0.2415,0.2416,5977459.1
1791472500000,0.2416,0.242,0.2327,0.2347,29518469.2
1791473400000,0.2347,0.2364,0.2305,0.2341,21649603.8
1791474300000,0.234,0.235,0.2307,0.2316,10257459.1
1791475200000,0.2316,0.2326,0.2288,0.2302,12932049.7
1791476100000,0.2302,0.2334,0.2299,0.2317,6694647.7
1791477000000,0.2316,0.2326,0.2304,0.231,4739672.9
1791477900000,0.231,0.2317,0.2274,0.228,8800719.5
1791478800000,0.2281,0.2294,0.2264,0.2293,7937112.8
1791479700000,0.2293,0.2293,0.2238,0.226,10251396.1
1791480600000,0.2261,0.2276,0.2256,0.2262,5354476.0
1791481500000,0.2262,0.2268,0.2244,0.2255,4907086.8
1791482400000,0.2255,0.2267,0.2248,0.226,2787829.0
1791483300000,0.226,0.2297,0.226,0.2288,5671004.1
1791484200000,0.2288,0.2299,0.2281,0.2293,4843230.9
1791485100000,0.2294,0.2294,0.2282,0.2289,3654638.1
1791486000000,0.2288,0.2303,0.2288,0.2298,4260766.6
1791486900000,0.2297,0.2308,0.2292,0.2305,3461990.8
1791487800000,0.2305,0.2321,0.2304,0.2319,3757997.5
1791488700000,0.2318,0.2327,0.2315,0.2316,4522572.0
1791489600000,0.2317,0.2339,0.2317,0.2337,3657070.6
1791490500000,0.2336,0.2346,0.2335,0.2343,3373623.1
1791491400000,0.2344,0.2349,0.2338,0.2344,1746577.2
1791492300000,0.2344,0.2351,0.2342,0.2347,1270832.1
1791493200000,0.2346,0.235,0.2335,0.2347,1766571.4
1791494100000,0.2347,0.2353,0.2339,0.2339,2289604.2
1791495000000,0.2339,0.2341,0.2334,0.2335,1215605.2
1791495900000,0.2335,0.234,0.2326,0.234,1757721.6
1791496800000,0.234,0.2353,0.234,0.235,1246965.2
1791497700000,0.2349,0.2353,0.2344,0.2348,1529273.9
1791498600000,0.2348,0.2356,0.2345,0.2352,817370.4
1791499500000,0.2352,0.2353,0.2344,0.2346,1068414.5
1791500400000,0.2347,0.2349,0.234,0.2345,1065435.6
1791501300000,0.2345,0.2348,0.2343,0.2344,1221039.5
1791502200000,0.2343,0.2349,0.2336,0.2337,1157597.9
1791503100000,0.2337,0.2338,0.2318,0.2322,1408076.4
1791504000000,0.2323,0.2329,0.2319,0.2328,926189.8
1791504900000,0.2328,0.2329,0.2313,0.2328,905108.2
1791505800000,0.2327,0.2333,0.2323,0.2329,1162387.8
1791506700000,0.2329,0.2333,0.2325,0.2325,565178.5
1791507600000,0.2325,0.233,0.232,0.2326,1155691.5
1791508500000,0.2327,0.2339,0.2319,0.2329,1470522.1
1791509400000,0.233,0.2341,0.2324,0.234,1021856.0
1791510300000,0.234,0.2341,0.2334,0.2336,669605.6
1791511200000,0.2336,0.2339,0.233,0.2331,1090206.7
1791512100000,0.2331,0.2338,0.2328,0.2328,1446113.0
1791513000000,0.2327,0.2338,0.2326,0.2336,1044234.4
1791513900000,0.2335,0.2355,0.2332,0.2343,1989494.8
1791514800000,0.2342,0.2348,0.2338,0.2344,1496533.9
1791515700000,0.2344,0.2357,0.2344,0.2347,1732043.0
1791516600000,0.2346,0.2354,0.2344,0.2353,1139517.8
1791517500000,0.2352,0.2359,0.2351,0.2356,2088788.5
1791518400000,0.2357,0.2362,0.2355,0.2361,1716810.9
1791519300000,0.236,0.2361,0.2355,0.2356,1735453.7
1791520200000,0.2356,0.2362,0.235,0.2351,951547.9
1791521100000,0.235,0.2352,0.234,0.2346,1633871.4
1791522000000,0.2346,0.236,0.2345,0.2357,2884560.8
1791522900000,0.2358,0.2379,0.2357,0.2378,1128205.6
1791523800000,0.2378,0.239,0.2376,0.238,2466845.7
1791524700000,0.2381,0.2387,0.2373,0.2375,1422768.2
1791525600000,0.2376,0.2392,0.2374,0.2391,724858.3
1791526500000,0.2391,0.2402,0.2389,0.2398,1777517.4
