open_time_ms,open,high,low,close,volume
1789990800000,792.81,793.66,792.77,793.66,690.214
1789990860000,793.65,794.13,793.42,793.84,671.431
1789990920000,793.84,794.09,793.66,794.01,354.406
1789990980000,794.0,794.0,793.01,793.06,213.516
1789991040000,793.06,793.65,792.55,792.84,181.167
1789991100000,792.83,792.83,791.73,792.15,248.951
1789991160000,792.15,792.92,791.65,792.38,429.501
1789991220000,792.38,792.59,791.96,792.21,210.652
1789991280000,792.21,792.21,791.75,792.05,134.135
1789991340000,792.06,792.16,791.55,791.93,263.011
1789991400000,791.92,791.93,791.14,791.7,150.152
1789991460000,791.69,791.85,791.09,791.85,227.03
1789991520000,791.85,791.86,791.27,791.27,76.35
1789991580000,791.27,791.92,791.25,791.85,59.42
1789991640000,791.86,791.97,790.87,790.95,87.75
1789991700000,790.94,791.28,790.62,791.22,80.012
1789991760000,791.21,791.21,789.8,789.93,288.574
1789991820000,789.92,790.15,789.67,789.86,155.982
1789991880000,789.86,789.86,789.32,789.86,139.45
1789991940000,789.86,790.9,789.77,790.61,217.754
1789992000000,790.6,790.6,788.7,789.35,292.658
1789992060000,789.35,790.03,789.35,789.98,244.799
1789992120000,789.97,789.97,788.77,789.36,266.993
1789992180000,789.36,790.04,789.11,789.12,234.31
1789992240000,789.12,790.14,789.09,790.14,137.918
1789992300000,790.14,790.49,789.98,790.48,104.502
1789992360000,790.48,791.73,790.45,791.31,269.217
1789992420000,791.3,791.41,790.6,791.24,123.065
1789992480000,791.24,791.55,791.08,791.48,46.667
1789992540000,791.49,791.49,789.51,789.51,168.798
1789992600000,789.54,789.71,789.14,789.47,43.598
1789992660000,789.46,790.09,789.38,790.09,43.009
1789992720000,790.09,790.5,789.91,790.2,178.997
1789992780000,790.21,790.4,790.2,790.2,43.335
1789992840000,790.21,790.25,789.64,789.64,130.675
1789992900000,789.65,790.13,789.65,790.12,79.853
1789992960000,790.13,790.66,790.07,790.21,72.498
1789993020000,790.21,790.88,789.82,790.81,88.844
1789993080000,790.81,791.15,790.76,791.15,99.536
1789993140000,791.14,791.54,790.55,790.98,167.627
1789993200000,790.98,791.3,790.81,790.9,41.696
1789993260000,790.89,791.89,790.23,790.23,311.851
1789993320000,790.23,790.23,788.51,789.59,392.232
1789993380000,789.58,790.0,789.29,790.0,100.696
1789993440000,790.0,790.2,789.62,789.91,81.82
1789993500000,789.9,789.9,789.15,789.15,101.848
1789993560000,789.15,789.17,788.25,788.91,457.32
1789993620000,788.91,789.04,787.68,787.98,733.203
1789993680000,787.98,788.41,787.98,788.2,77.737
1789993740000,788.21,788.42,787.9,788.21,92.291
1789993800000,788.21,788.67,788.11,788.65,142.949
1789993860000,788.65,789.7,788.65,789.69,86.6
1789993920000,789.7,790.0,788.9,789.24,438.025
1789993980000,789.25,789.57,789.0,789.15,130.557
1789994040000,789.14,789.54,788.45,788.94,249.83
1789994100000,788.95,789.97,788.94,789.97,193.964
1789994160000,789.97,790.75,789.97,790.04,152.636
1789994220000,790.01,790.04,789.6,789.81,113.388
1789994280000,789.8,789.96,789.49,789.8,68.238
1789994340000,789.8,789.8,789.31,789.55,73.58
1789994400000,789.55,789.93,789.45,789.92,57.718
1789994460000,789.93,789.96,789.16,789.33,44.52
1789994520000,789.33,789.58,789.02,789.46,113.167
1789994580000,789.45,789.61,789.1,789.19,29.399
1789994640000,789.19,789.47,788.41,789.38,659.071
1789994700000,789.38,790.11,788.94,789.11,382.908
1789994760000,789.1,789.18,788.46,788.46,79.693
1789994820000,788.46,789.44,788.31,789.27,142.416
1789994880000,789.28,789.95,789.02,789.67,322.529
1789994940000,789.68,790.45,789.67,790.34,99.076
1789995000000,790.34,790.5,790.26,790.32,114.921
1789995060000,790.31,790.31,789.36,789.53,154.913
1789995120000,789.54,789.74,789.4,789.44,84.322
1789995180000,789.45,789.97,789.41,789.47,50.739
1789995240000,789.46,790.33,789.28,790.33,145.844
1789995300000,790.32,790.36,790.05,790.08,94.081
1789995360000,790.06,790.21,789.74,789.74,135.963
1789995420000,789.74,790.69,789.74,790.67,164.736
1789995480000,790.66,791.21,790.62,791.15,120.44
1789995540000,791.15,791.15,790.36,790.5,154.673
1789995600000,790.49,790.49,789.6,789.69,75.921
1789995660000,789.69,790.48,789.65,790.01,52.279
1789995720000,790.01,790.68,789.91,790.46,219.741
1789995780000,790.47,790.65,790.19,790.22,93.096
1789995840000,790.23,790.37,789.85,789.96,46.361
1789995900000,789.95,791.25,789.95,791.22,105.488
1789995960000,791.23,791.49,790.77,791.49,112.641
1789996020000,791.49,791.84,791.3,791.69,92.463
1789996080000,791.69,792.12,791.53,791.88,341.554
1789996140000,791.87,792.02,791.61,791.69,61.46
1789996200000,791.69,791.79,791.31,791.48,114.426
1789996260000,791.49,791.57,791.17,791.38,137.507
1789996320000,791.38,791.57,790.25,790.34,273.802
1789996380000,790.34,791.32,790.26,791.13,177.885
1789996440000,791.14,791.19,790.51,791.05,72.261
1789996500000,791.05,791.05,790.05,790.05,68.067
1789996560000,790.05,790.2,789.7,790.15,313.553
1789996620000,790.14,790.42,790.01,790.08,107.972
1789996680000,790.08,790.43,790.08,790.23,19.751
1789996740000,790.22,790.97,790.22,790.83,107.962
1789996800000,790.83,790.91,790.23,790.83,207.832
1789996860000,790.83,791.16,790.71,791.08,43.375
1789996920000,791.08,791.32,790.56,790.62,62.088
1789996980000,790.61,790.61,790.2,790.21,113.47
1789997040000,790.2,790.3,789.67,789.68,103.778
1789997100000,789.68,789.78,788.89,789.48,289.276
1789997160000,789.48,789.98,788.48,789.16,83.914
1789997220000,789.15,789.6,788.76,789.29,202.617
1789997280000,789.3,789.3,787.98,788.42,174.58
1789997340000,788.42,788.71,787.24,788.11,311.482
1789997400000,788.11,789.06,787.6,788.82,118.081
1789997460000,788.82,788.84,786.48,787.89,237.421
1789997520000,787.9,789.36,787.9,789.15,249.084
1789997580000,789.18,789.24,788.69,788.83,87.977
1789997640000,788.83,789.51,788.54,789.51,67.363
1789997700000,789.51,790.0,789.15,789.9,111.263
1789997760000,789.91,790.04,788.26,788.66,199.4
1789997820000,788.66,788.67,787.7,787.72,99.443
1789997880000,787.71,787.92,786.56,787.17,389.015
1789997940000,787.17,787.5,786.2,787.5,314.16
1789998000000,787.5,788.0,787.07,787.34,140.305
1789998060000,787.34,787.64,785.95,786.15,595.397
1789998120000,786.15,787.15,786.15,786.37,257.823
1789998180000,786.38,787.2,786.06,787.19,380.061
1789998240000,787.19,787.3,786.44,787.19,122.509
1789998300000,787.19,788.82,786.95,788.82,193.186
1789998360000,788.82,789.49,788.73,789.49,89.338
1789998420000,789.49,790.4,789.34,789.74,198.088
1789998480000,789.72,790.58,789.46,789.72,126.694
1789998540000,789.73,789.93,789.29,789.64,239.696
1789998600000,789.63,791.5,789.6,791.25,410.619
1789998660000,791.24,792.2,791.05,792.11,221.528
1789998720000,792.11,792.68,791.96,791.98,122.001
1789998780000,791.98,791.98,789.91,789.99,213.454
1789998840000,790.05,790.57,789.36,789.7,187.525
1789998900000,789.69,791.46,788.95,791.4,381.816
1789998960000,791.31,796.3,791.31,795.67,2298.603
1789999020000,795.67,795.97,795.12,795.55,624.676
1789999080000,795.56,795.56,794.66,794.76,116.251
1789999140000,794.75,794.75,794.12,794.32,75.926
1789999200000,794.32,794.91,793.96,794.16,316.512
1789999260000,794.16,795.83,794.16,795.75,691.538
1789999320000,795.75,799.36,795.47,798.08,4197.133
1789999380000,798.08,798.88,796.71,797.31,1003.138
1789999440000,797.3,797.3,795.01,795.42,319.507
1789999500000,795.42,795.5,792.87,792.88,615.524
1789999560000,792.88,793.57,791.78,792.81,384.638
1789999620000,792.8,793.12,792.08,792.87,285.562
1789999680000,792.86,793.96,792.66,793.88,281.369
1789999740000,793.88,794.37,793.67,794.09,408.934
1789999800000,794.08,794.49,793.49,794.06,142.575
1789999860000,794.07,794.79,793.81,794.07,415.752
1789999920000,794.08,794.11,791.85,792.08,255.983
1789999980000,792.08,792.74,791.69,792.43,139.526
1790000040000,792.43,793.34,792.29,792.93,513.567
1790000100000,792.94,793.82,792.63,793.33,234.689
1790000160000,793.32,793.88,793.1,793.88,74.306
1790000220000,793.88,794.28,793.87,793.98,98.364
1790000280000,793.97,794.36,793.68,794.14,200.369
1790000340000,794.14,796.31,793.87,796.16,649.453
1790000400000,796.16,797.03,796.02,796.36,428.596
1790000460000,796.35,797.03,796.11,797.03,449.662
1790000520000,797.03,798.0,796.08,798.0,868.896
1790000580000,797.99,798.45,797.84,798.27,382.359
1790000640000,798.28,798.59,797.92,798.51,458.711
1790000700000,798.51,798.99,798.46,798.94,362.816
1790000760000,798.94,799.27,798.27,798.72,641.855
1790000820000,798.71,799.04,798.48,798.7,622.604
1790000880000,798.68,798.71,797.54,797.54,264.739
1790000940000,797.54,797.93,797.23,797.61,162.274
1790001000000,797.61,797.75,796.11,796.19,382.084
1790001060000,796.19,796.55,795.99,796.27,276.041
1790001120000,796.28,797.2,796.0,797.19,288.58
1790001180000,797.19,797.71,796.97,797.48,108.179
1790001240000,797.47,797.48,796.13,797.33,784.288
1790001300000,797.33,797.58,797.04,797.57,230.101
1790001360000,797.58,798.08,797.58,797.88,338.641
1790001420000,797.88,797.88,797.13,797.32,93.122
1790001480000,797.32,797.32,795.89,795.89,259.602
1790001540000,795.9,795.9,794.9,795.44,323.344
1790001600000,795.43,795.46,793.03,793.92,569.389
1790001660000,793.92,795.98,793.92,795.98,175.574
1790001720000,795.98,796.26,795.78,796.08,116.011
1790001780000,796.08,796.46,795.77,795.79,114.745
1790001840000,795.79,796.28,795.6,795.76,110.943
1790001900000,795.78,795.99,795.45,795.7,150.113
1790001960000,795.7,796.48,795.7,795.87,127.754
1790002020000,795.87,797.06,795.87,796.76,209.881
1790002080000,796.77,797.35,796.68,797.3,101.937
1790002140000,797.29,798.15,797.28,798.02,251.159
1790002200000,798.03,798.89,797.53,798.38,540.739
1790002260000,798.38,798.6,797.72,798.6,150.979
1790002320000,798.6,798.9,798.5,798.89,168.692
1790002380000,798.89,799.0,797.68,797.97,547.449
1790002440000,797.97,799.28,797.97,798.86,582.656
1790002500000,798.85,798.86,798.35,798.7,203.077
1790002560000,798.69,798.69,797.9,798.29,260.264
1790002620000,798.28,798.35,797.27,797.44,208.092
1790002680000,797.43,797.43,796.52,797.04,353.73
1790002740000,797.03,797.46,797.03,797.37,235.746
1790002800000,797.38,798.93,797.27,798.83,319.283
1790002860000,798.83,799.2,798.4,798.87,306.211
1790002920000,798.86,799.98,798.48,799.93,455.004
1790002980000,799.93,801.56,799.88,800.61,3691.05
1790003040000,800.61,800.74,799.18,799.99,543.517
1790003100000,800.0,800.2,799.46,799.82,280.236
1790003160000,799.82,800.17,799.0,799.33,462.604
1790003220000,799.34,801.56,799.34,801.49,400.396
1790003280000,801.49,804.84,801.49,804.31,2731.75
1790003340000,804.31,804.94,803.61,804.17,674.776
1790003400000,804.17,805.93,804.08,805.0,1549.625
1790003460000,805.0,805.59,804.41,804.45,848.273
1790003520000,804.45,806.93,803.93,806.82,714.513
1790003580000,806.82,806.9,805.47,805.73,1382.934
1790003640000,805.74,807.49,804.7,807.08,1733.24
1790003700000,807.08,807.09,805.23,805.79,947.504
1790003760000,805.78,805.99,804.46,804.6,707.021
1790003820000,804.59,804.88,803.81,804.66,450.601
1790003880000,804.66,804.94,803.49,804.32,309.26
1790003940000,804.31,804.47,802.92,802.93,282.048
1790004000000,802.93,802.93,801.5,801.9,1091.95
1790004060000,801.88,802.37,801.44,801.88,355.822
1790004120000,801.87,802.52,800.86,801.01,562.948
1790004180000,801.01,801.99,800.91,801.35,364.069
1790004240000,801.35,801.35,799.5,800.93,1010.828
1790004300000,800.93,801.88,800.86,801.54,176.333
1790004360000,801.54,801.54,800.25,800.77,701.601
1790004420000,800.78,801.18,800.39,800.39,99.238
1790004480000,800.39,800.4,799.48,799.48,278.633
1790004540000,799.49,800.0,799.48,800.0,181.735
1790004600000,800.0,801.5,799.99,801.11,274.346
1790004660000,801.12,801.12,800.4,800.67,136.468
1790004720000,800.67,802.2,800.21,802.11,425.04
1790004780000,802.11,802.56,801.72,802.5,373.765
1790004840000,802.5,802.99,801.76,801.77,329.243
1790004900000,801.76,802.41,801.43,802.11,248.672
1790004960000,802.14,803.32,802.08,802.77,336.554
1790005020000,802.76,803.34,801.93,802.27,100.128
1790005080000,802.26,802.85,801.95,802.6,112.317
1790005140000,802.61,803.27,802.37,803.18,124.204
1790005200000,803.17,803.6,803.04,803.12,206.985
1790005260000,803.12,803.5,802.74,803.17,182.119
1790005320000,803.17,803.36,802.97,803.35,88.607
1790005380000,803.36,804.0,803.31,804.0,266.509
1790005440000,804.0,804.72,803.99,804.7,174.632
1790005500000,804.7,804.76,804.18,804.25,160.87
1790005560000,804.25,805.43,804.25,804.78,417.578
1790005620000,804.8,805.69,804.51,805.41,279.518
1790005680000,805.4,805.73,804.58,804.58,155.756
1790005740000,804.58,804.58,803.16,803.95,652.01
1790005800000,803.96,805.33,803.95,805.25,203.433
1790005860000,805.25,805.8,805.1,805.61,232.495
1790005920000,805.6,805.78,804.8,805.68,290.206
1790005980000,805.68,805.95,805.08,805.12,82.696
1790006040000,805.12,805.23,804.61,804.77,32.955
1790006100000,804.76,804.91,804.12,804.77,84.116
1790006160000,804.76,805.16,804.68,805.0,121.375
1790006220000,804.99,804.99,803.14,803.38,186.789
1790006280000,803.38,803.62,803.08,803.33,73.052
1790006340000,803.33,803.56,802.84,803.08,150.107
1790006400000,803.07,803.35,801.95,802.29,340.2
1790006460000,802.31,802.74,802.19,802.28,199.2
1790006520000,802.28,802.53,801.87,801.92,140.665
1790006580000,801.95,802.13,801.12,801.3,205.977
1790006640000,801.3,801.68,800.6,800.63,382.627
1790006700000,800.63,800.67,800.09,800.11,129.895
1790006760000,800.11,800.13,798.93,798.93,467.562
1790006820000,798.94,800.6,798.35,799.65,312.283
1790006880000,799.64,800.52,799.43,799.91,196.23
1790006940000,799.92,799.94,799.45,799.92,116.42
1790007000000,799.93,800.77,799.79,800.67,119.054
1790007060000,800.69,801.19,800.6,800.61,206.866
1790007120000,800.6,800.73,800.02,800.14,101.191
1790007180000,800.14,800.45,800.0,800.01,189.303
1790007240000,800.02,800.5,799.86,800.49,133.68
1790007300000,800.5,802.75,800.5,802.75,131.938
1790007360000,802.75,802.9,802.2,802.9,127.268
1790007420000,802.9,803.6,801.96,801.98,133.596
1790007480000,801.97,802.37,801.62,801.74,119.042
1790007540000,801.73,802.34,801.22,802.24,138.86
1790007600000,802.23,802.33,801.78,802.29,64.13
1790007660000,802.29,802.44,801.46,802.43,69.051
1790007720000,802.44,802.71,802.08,802.08,225.287
1790007780000,802.09,802.21,800.47,800.78,409.117
1790007840000,800.78,800.86,798.44,798.71,382.675
1790007900000,798.72,798.88,797.53,797.93,501.456
1790007960000,797.92,797.92,796.4,796.74,623.731
1790008020000,796.74,799.25,796.72,799.25,227.158
1790008080000,799.26,799.75,798.98,799.08,182.656
1790008140000,799.08,799.17,798.56,798.56,116.983
1790008200000,798.56,799.36,798.52,799.36,221.38
1790008260000,799.35,800.0,799.35,799.57,94.883
1790008320000,799.58,799.9,798.49,799.28,111.156
1790008380000,799.28,799.56,798.89,798.89,120.511
1790008440000,798.9,798.9,797.45,797.66,196.08
1790008500000,797.65,798.23,797.59,797.97,60.591
1790008560000,797.97,798.0,797.12,797.34,89.865
1790008620000,797.35,797.55,796.75,796.92,198.043
1790008680000,796.91,796.91,794.63,795.43,1096.579
1790008740000,795.42,795.5,794.7,794.71,248.489
1790008800000,794.71,796.0,794.7,795.99,251.458
1790008860000,796.0,796.72,795.99,796.7,148.276
1790008920000,796.7,797.18,796.55,797.18,149.011
1790008980000,797.18,798.15,797.17,797.91,140.265
1790009040000,797.91,798.28,797.68,798.11,62.655
1790009100000,798.11,798.6,797.95,798.6,76.961
1790009160000,798.6,799.18,798.28,799.17,221.75
1790009220000,799.17,799.51,798.82,799.5,132.012
1790009280000,799.5,799.77,799.26,799.77,83.172
1790009340000,799.77,799.99,799.72,799.93,58.824
1790009400000,799.93,800.17,799.21,799.82,120.832
1790009460000,799.82,799.82,798.94,799.33,88.953
1790009520000,799.33,799.33,798.63,799.07,144.689
1790009580000,799.06,799.33,799.06,799.33,68.953
1790009640000,799.33,799.33,798.95,799.26,86.574
1790009700000,799.26,799.75,799.26,799.44,83.045
1790009760000,799.44,799.44,798.71,798.72,64.387
1790009820000,798.72,798.72,798.22,798.36,181.687
1790009880000,798.36,798.36,798.02,798.14,40.872
1790009940000,798.13,798.33,798.11,798.2,38.127
1790010000000,798.2,798.34,797.58,797.99,405.16
1790010060000,797.99,798.3,797.81,797.89,151.55
1790010120000,797.9,798.12,797.46,797.81,54.662
1790010180000,797.81,798.04,797.57,798.01,28.631
1790010240000,798.0,798.0,797.34,797.71,55.967
1790010300000,797.71,798.17,797.71,798.16,50.398
1790010360000,798.16,798.4,797.79,798.28,60.651
1790010420000,798.28,798.95,798.11,798.94,38.055
1790010480000,798.94,799.54,798.94,799.51,303.485
1790010540000,799.52,799.56,798.67,798.67,55.903
1790010600000,798.67,798.68,797.8,797.88,64.503
1790010660000,797.88,798.0,797.57,797.6,64.968
1790010720000,797.6,797.7,797.14,797.22,133.91
1790010780000,797.21,797.21,795.91,796.02,187.329
1790010840000,796.02,796.32,795.91,795.92,33.067
1790010900000,795.91,796.06,795.55,795.96,92.51
1790010960000,795.97,795.99,794.78,794.79,107.098
1790011020000,794.79,794.99,794.42,794.44,154.755
1790011080000,794.45,794.84,794.41,794.73,85.857
1790011140000,794.73,795.0,794.52,794.94,101.866
1790011200000,794.94,795.83,794.94,795.83,56.656
1790011260000,795.83,796.32,795.72,795.98,85.219
1790011320000,796.0,796.04,795.18,795.33,127.526
1790011380000,795.33,796.32,795.08,796.32,123.69
1790011440000,796.32,796.55,796.24,796.25,135.926
1790011500000,796.25,796.39,795.95,796.38,114.428
1790011560000,796.38,796.38,795.58,795.58,80.977
1790011620000,795.59,796.35,795.43,796.06,59.836
1790011680000,796.07,796.08,795.55,795.62,62.96
1790011740000,795.62,796.19,795.49,795.51,90.518
1790011800000,795.51,795.6,794.85,795.48,110.97
1790011860000,795.49,795.79,795.28,795.54,124.828
1790011920000,795.54,796.43,795.36,796.43,65.047
1790011980000,796.43,796.77,796.12,796.43,80.717
1790012040000,796.43,796.86,795.93,796.17,189.907
1790012100000,796.17,796.39,796.14,796.35,21.6
1790012160000,796.35,796.89,796.34,796.89,151.763
1790012220000,796.88,797.46,796.79,797.14,100.641
1790012280000,797.14,797.25,796.64,796.72,107.262
1790012340000,796.72,796.83,796.03,796.03,34.47
1790012400000,796.02,796.64,796.02,796.46,31.242
1790012460000,796.47,796.94,796.47,796.77,40.483
1790012520000,796.76,797.14,796.6,796.89,259.996
1790012580000,796.88,797.2,796.57,797.08,352.705
1790012640000,797.08,797.08,796.54,796.55,47.02
1790012700000,796.55,796.55,795.94,795.94,100.322
1790012760000,795.93,796.09,795.72,795.85,29.344
1790012820000,795.85,796.11,795.72,795.78,30.638
1790012880000,795.77,795.77,794.46,795.23,237.32
1790012940000,795.22,795.65,795.04,795.04,59.662
1790013000000,795.05,795.2,794.46,794.62,164.201
1790013060000,794.61,794.62,793.22,794.06,511.732
1790013120000,794.07,794.67,794.07,794.37,78.049
1790013180000,794.37,794.46,793.43,793.84,58.403
1790013240000,793.84,793.99,793.67,793.99,108.717
1790013300000,794.0,794.17,793.65,793.99,72.365
1790013360000,793.99,794.28,793.61,794.18,183.832
1790013420000,794.19,795.0,794.16,794.99,52.588
1790013480000,795.0,795.5,794.86,795.5,107.024
1790013540000,795.5,796.07,795.24,796.07,54.111
1790013600000,796.07,796.17,795.47,795.48,63.698
1790013660000,795.48,796.0,794.89,796.0,70.243
1790013720000,796.01,796.3,795.67,795.68,69.313
1790013780000,795.68,796.04,795.21,796.04,65.236
1790013840000,796.04,797.4,796.04,797.36,71.516
1790013900000,797.36,797.95,797.32,797.95,65.01
1790013960000,797.96,798.13,797.58,798.13,176.241
1790014020000,798.14,798.53,798.14,798.38,43.044
1790014080000,798.39,798.61,798.07,798.19,149.198
1790014140000,798.19,798.8,798.19,798.66,122.535
1790014200000,798.66,800.09,798.63,799.93,444.846
1790014260000,799.94,800.4,799.77,800.25,162.671
1790014320000,800.25,800.44,799.75,800.25,60.571
1790014380000,800.26,800.42,799.93,800.24,361.134
1790014440000,800.24,800.35,800.05,800.21,15.51
1790014500000,800.21,800.42,800.07,800.41,25.226
1790014560000,800.41,800.5,800.01,800.06,46.196
1790014620000,800.05,800.05,799.62,799.97,73.329
1790014680000,799.96,800.18,799.6,799.9,129.596
1790014740000,799.91,800.35,799.79,799.8,77.05
1790014800000,799.8,800.0,799.46,799.86,80.287
1790014860000,799.85,800.15,799.84,800.04,37.745
1790014920000,800.04,800.44,799.69,799.94,342.83
1790014980000,799.94,799.94,799.35,799.54,77.238
1790015040000,799.54,799.78,799.21,799.47,140.622
1790015100000,799.47,799.94,799.47,799.56,56.284
1790015160000,799.57,799.93,799.22,799.55,215.61
1790015220000,799.55,800.0,799.44,799.99,43.265
1790015280000,800.0,800.0,799.48,799.61,80.385
1790015340000,799.6,799.68,798.85,799.63,147.995
1790015400000,799.63,799.72,799.5,799.69,35.578
1790015460000,799.69,799.98,799.36,799.49,37.785
1790015520000,799.49,800.16,799.49,799.95,31.185
1790015580000,799.95,799.95,799.56,799.57,16.869
1790015640000,799.57,799.57,799.05,799.32,31.16
1790015700000,799.33,799.67,798.92,799.13,92.17
1790015760000,799.13,799.86,799.13,799.76,45.697
1790015820000,799.76,799.76,798.36,798.91,136.101
1790015880000,798.83,799.28,798.79,799.16,126.325
1790015940000,799.16,799.77,799.16,799.67,86.027
1790016000000,799.67,799.85,799.54,799.55,33.36
1790016060000,799.56,799.56,799.4,799.49,35.595
1790016120000,799.49,800.0,799.49,799.99,171.631
1790016180000,799.99,800.0,799.46,799.59,13.98
1790016240000,799.59,799.63,799.2,799.21,23.198
1790016300000,799.21,799.89,799.21,799.89,16.067
1790016360000,799.89,799.99,798.85,799.19,77.939
1790016420000,799.16,799.67,798.94,799.65,44.377
1790016480000,799.66,799.85,799.26,799.77,141.738
1790016540000,799.77,800.16,799.76,799.96,160.208
1790016600000,799.96,800.28,799.82,800.26,41.767
1790016660000,800.25,800.49,800.25,800.4,57.663
1790016720000,800.4,800.66,800.31,800.58,43.655
1790016780000,800.58,801.0,800.57,801.0,67.297
1790016840000,801.0,801.0,800.77,800.8,77.436
1790016900000,800.79,801.0,800.79,800.95,61.922
1790016960000,800.95,801.19,800.95,801.14,57.116
1790017020000,801.16,801.25,800.9,800.91,72.692
1790017080000,800.91,800.91,800.76,800.85,18.037
1790017140000,800.82,801.48,800.76,801.12,141.64
1790017200000,801.09,801.09,800.73,800.93,39.811
1790017260000,800.93,801.06,800.64,800.75,64.825
1790017320000,800.75,800.79,800.32,800.69,173.006
1790017380000,800.7,800.8,800.39,800.45,38.482
1790017440000,800.45,800.64,800.41,800.42,22.069
1790017500000,800.42,800.72,800.26,800.46,25.79
1790017560000,800.45,801.37,800.11,801.36,50.855
1790017620000,801.36,801.54,800.31,800.57,87.712
1790017680000,800.58,801.15,800.58,800.63,247.213
1790017740000,800.62,800.62,800.0,800.14,93.824
1790017800000,800.13,800.61,799.73,800.59,567.046
1790017860000,800.58,800.67,800.25,800.5,92.893
1790017920000,800.49,800.55,800.27,800.51,8.522
1790017980000,800.52,800.86,800.43,800.85,23.652
1790018040000,800.86,801.06,800.78,800.98,282.907
1790018100000,800.97,801.17,800.79,801.11,24.572
1790018160000,801.1,801.54,800.87,801.44,39.621
1790018220000,801.44,801.59,801.37,801.39,71.935
1790018280000,801.4,801.58,801.02,801.1,54.729
1790018340000,801.09,801.31,800.43,800.73,78.003
1790018400000,800.74,801.21,800.24,800.4,123.735
1790018460000,800.4,800.87,800.32,800.64,56.358
1790018520000,800.63,800.64,799.52,799.68,119.957
1790018580000,799.68,799.68,798.6,799.06,85.214
1790018640000,799.06,799.53,799.05,799.12,22.84
1790018700000,799.12,799.36,799.11,799.22,76.516
1790018760000,799.23,799.8,799.23,799.77,42.697
1790018820000,799.77,800.34,799.77,800.06,51.728
1790018880000,800.06,800.06,799.36,799.48,26.215
1790018940000,799.48,799.89,799.37,799.79,42.997
1790019000000,799.79,799.79,799.31,799.36,47.366
1790019060000,799.36,800.04,799.36,799.98,41.674
1790019120000,799.99,800.45,799.85,800.02,121.362
1790019180000,800.0,801.16,800.0,800.53,111.932
1790019240000,800.52,802.0,800.38,801.77,256.969
1790019300000,801.84,802.02,801.04,801.05,406.648
1790019360000,801.05,801.05,800.67,800.88,27.983
1790019420000,800.89,800.99,800.01,800.1,84.682
1790019480000,800.1,800.19,799.76,799.92,62.717
1790019540000,799.91,800.13,799.83,799.93,93.439
1790019600000,799.96,800.15,799.9,799.97,21.944
1790019660000,799.96,800.18,798.85,798.92,167.62
1790019720000,798.91,799.69,798.75,799.33,128.966
1790019780000,799.33,799.37,799.08,799.35,55.835
1790019840000,799.35,800.0,799.35,799.89,376.675
1790019900000,799.9,799.9,799.31,799.52,69.583
1790019960000,799.51,799.72,799.24,799.36,70.894
1790020020000,799.36,799.52,799.28,799.36,29.089
1790020080000,799.36,799.65,799.36,799.56,42.462
1790020140000,799.57,799.91,799.57,799.9,253.808
1790020200000,799.89,799.92,799.31,799.84,19.996
1790020260000,799.83,799.98,799.7,799.71,9.18
1790020320000,799.71,799.82,799.36,799.37,19.495
1790020380000,799.37,799.37,799.05,799.07,44.874
1790020440000,799.06,799.06,798.73,799.05,59.174
1790020500000,799.06,799.7,798.99,799.7,11.112
1790020560000,799.69,799.82,799.5,799.74,50.625
1790020620000,799.77,800.26,799.75,800.26,24.374
1790020680000,800.26,800.26,799.75,800.1,20.896
1790020740000,800.1,800.19,799.89,799.89,23.135
1790020800000,799.9,800.52,799.9,800.17,92.703
1790020860000,800.17,800.68,800.17,800.51,92.937
1790020920000,800.51,800.51,800.01,800.07,49.219
1790020980000,800.08,800.34,799.94,800.03,37.684
1790021040000,800.02,800.09,799.65,800.09,34.129
1790021100000,800.09,800.38,799.9,799.9,12.176
1790021160000,799.89,800.17,799.8,800.01,53.056
1790021220000,800.01,800.87,800.01,800.55,41.45
1790021280000,800.55,801.1,800.54,800.91,345.924
1790021340000,800.9,800.9,800.09,800.75,165.236
1790021400000,800.75,801.51,800.68,801.51,55.285
1790021460000,801.51,801.87,801.26,801.79,169.427
1790021520000,801.78,801.78,801.49,801.66,75.419
1790021580000,801.65,802.07,801.65,802.07,37.451
1790021640000,802.06,802.1,801.99,801.99,12.673
1790021700000,801.99,802.0,801.55,801.86,141.849
1790021760000,801.86,801.93,801.76,801.77,52.139
1790021820000,801.77,802.73,801.59,802.63,134.526
1790021880000,802.63,803.97,802.54,803.87,295.662
1790021940000,803.88,804.78,803.88,804.19,496.917
1790022000000,804.2,804.57,803.85,804.28,124.688
1790022060000,804.29,805.5,804.22,805.03,299.822
1790022120000,805.02,805.15,804.58,804.58,63.399
1790022180000,804.59,805.79,804.59,805.27,124.176
1790022240000,805.27,805.33,804.53,805.13,75.39
1790022300000,805.13,805.16,804.47,804.6,84.951
1790022360000,804.6,806.49,804.6,806.45,264.019
1790022420000,806.43,806.5,805.74,805.87,92.612
1790022480000,805.89,806.5,805.76,806.3,152.702
1790022540000,806.33,806.56,805.61,805.61,189.68
1790022600000,805.6,805.6,804.15,804.15,232.825
1790022660000,804.14,804.22,803.94,803.99,79.198
1790022720000,803.99,804.9,803.99,804.76,78.815
1790022780000,804.75,805.12,804.2,804.2,31.432
1790022840000,804.19,804.19,803.26,803.52,141.385
1790022900000,803.53,803.71,803.23,803.36,128.663
1790022960000,803.33,803.99,802.8,803.98,214.829
1790023020000,803.99,804.25,803.84,804.08,25.752
1790023080000,804.07,804.12,803.97,804.11,10.852
1790023140000,804.12,804.12,803.47,803.85,108.752
1790023200000,803.85,803.97,803.52,803.61,30.495
1790023260000,803.61,803.81,803.37,803.46,24.256
1790023320000,803.48,803.81,803.48,803.75,111.816
1790023380000,803.74,804.08,803.74,804.08,46.976
1790023440000,804.07,804.07,803.02,803.27,79.012
1790023500000,803.26,803.38,802.92,802.93,19.295
1790023560000,802.92,803.35,802.9,803.21,22.577
1790023620000,803.22,803.41,803.11,803.14,39.924
1790023680000,803.14,803.5,803.0,803.41,64.243
1790023740000,803.42,803.45,802.89,803.18,51.519
1790023800000,803.19,803.48,803.1,803.48,43.307
1790023860000,803.48,804.58,803.48,804.39,36.855
1790023920000,804.39,804.7,804.27,804.69,82.696
1790023980000,804.68,804.68,804.48,804.59,33.163
1790024040000,804.58,804.58,804.09,804.1,23.383
1790024100000,804.09,804.37,803.96,804.37,28.296
1790024160000,804.36,804.52,804.25,804.41,51.835
1790024220000,804.42,805.0,804.13,805.0,121.098
1790024280000,805.0,805.33,804.62,804.75,278.351
1790024340000,804.75,805.34,804.62,805.25,28.879
1790024400000,805.25,805.26,804.6,804.74,48.718
1790024460000,804.74,804.74,803.64,803.94,961.593
1790024520000,803.95,804.09,803.64,804.01,213.484
1790024580000,804.02,804.02,803.04,803.66,87.173
1790024640000,803.67,804.4,803.43,803.43,80.982
1790024700000,803.41,803.41,802.41,803.16,86.538
1790024760000,803.15,803.52,802.81,803.01,55.601
1790024820000,803.01,803.03,802.42,802.42,27.233
1790024880000,802.42,803.04,802.42,802.97,112.541
1790024940000,802.98,803.04,802.41,802.54,116.986
1790025000000,802.53,802.6,802.26,802.6,96.742
1790025060000,802.6,802.92,802.6,802.79,43.594
1790025120000,802.79,803.07,802.79,802.98,73.971
1790025180000,802.98,803.02,802.57,802.77,74.365
1790025240000,802.77,802.86,802.57,802.73,66.203
1790025300000,802.74,803.08,802.74,803.08,112.792
1790025360000,803.07,803.64,802.98,803.41,85.835
1790025420000,803.4,803.41,802.8,802.8,87.265
1790025480000,802.78,802.99,802.78,802.99,21.524
1790025540000,803.0,803.02,802.67,802.68,17.34
1790025600000,802.68,802.68,802.04,802.41,114.91
1790025660000,802.41,803.64,802.41,803.43,122.45
1790025720000,803.43,803.88,803.21,803.27,92.827
1790025780000,803.27,803.39,803.03,803.39,50.325
1790025840000,803.39,804.13,803.39,804.12,66.374
1790025900000,804.12,804.42,803.99,804.06,85.959
1790025960000,804.05,804.06,803.72,803.83,81.756
1790026020000,803.84,803.93,803.8,803.82,32.792
1790026080000,803.83,804.29,803.82,804.1,104.034
1790026140000,804.1,804.14,803.89,804.01,168.583
1790026200000,804.0,804.38,804.0,804.38,51.559
1790026260000,804.37,804.62,804.37,804.62,121.43
1790026320000,804.62,805.51,804.62,805.51,408.128
1790026380000,805.52,805.89,805.34,805.5,189.236
1790026440000,805.51,806.0,805.43,806.0,38.394
1790026500000,806.0,806.16,805.78,806.16,59.309
1790026560000,806.16,806.18,805.8,806.16,28.459
1790026620000,806.15,806.64,806.15,806.54,176.486
1790026680000,806.54,806.93,805.94,806.67,259.045
1790026740000,806.67,807.11,806.49,806.92,384.281
1790026800000,806.93,807.08,806.52,806.56,174.851
1790026860000,806.57,806.59,806.46,806.52,20.504
1790026920000,806.53,806.76,806.35,806.44,32.467
1790026980000,806.44,806.44,806.1,806.41,109.881
1790027040000,806.41,806.43,806.12,806.12,15.625
1790027100000,806.13,806.17,805.68,805.71,26.448
1790027160000,805.71,805.78,804.73,804.83,193.357
1790027220000,804.83,804.87,804.74,804.8,28.891
1790027280000,804.8,805.5,804.79,805.21,188.312
1790027340000,805.22,805.23,804.85,804.86,33.199
1790027400000,804.85,804.94,804.53,804.61,51.981
1790027460000,804.61,804.82,804.59,804.73,80.589
1790027520000,804.72,804.72,804.21,804.37,88.202
1790027580000,804.37,804.37,804.15,804.16,14.822
1790027640000,804.15,804.17,804.11,804.16,28.823
1790027700000,804.16,804.74,804.15,804.73,56.618
1790027760000,804.74,804.86,804.73,804.74,59.037
1790027820000,804.74,804.74,804.65,804.65,102.001
1790027880000,804.66,804.7,804.65,804.68,48.208
1790027940000,804.69,804.69,804.23,804.27,179.536
1790028000000,804.27,804.74,804.26,804.45,66.093
1790028060000,804.45,804.56,804.25,804.48,179.998
1790028120000,804.48,806.09,804.28,806.09,574.017
1790028180000,806.09,806.2,805.58,805.9,189.41
1790028240000,805.91,806.61,805.87,806.49,207.296
1790028300000,806.49,806.57,805.42,805.44,30.245
1790028360000,805.44,805.44,804.29,805.05,85.561
1790028420000,805.06,805.5,804.93,804.97,41.541
1790028480000,804.97,805.61,804.67,805.61,32.123
1790028540000,805.61,805.61,805.02,805.31,46.629
1790028600000,805.32,805.51,805.14,805.26,24.061
1790028660000,805.27,805.67,805.14,805.65,68.982
1790028720000,805.66,805.96,805.24,805.61,117.418
1790028780000,805.61,805.92,805.4,805.89,53.562
1790028840000,805.89,805.89,805.63,805.63,40.963
1790028900000,805.64,805.99,805.63,805.99,180.659
1790028960000,805.99,806.52,805.74,806.2,107.634
1790029020000,806.24,807.29,806.24,807.03,209.953
1790029080000,807.04,807.09,806.6,806.81,57.923
1790029140000,806.81,807.13,806.65,806.65,40.68
1790029200000,806.65,806.67,806.25,806.25,114.766
1790029260000,806.26,806.83,806.25,806.26,158.499
1790029320000,806.25,806.3,805.88,806.0,126.317
1790029380000,805.99,805.99,803.85,804.79,441.055
1790029440000,804.8,805.28,804.34,804.44,42.505
1790029500000,804.45,804.99,799.08,802.46,2159.151
1790029560000,802.45,802.58,801.87,801.88,163.944
1790029620000,801.88,801.88,801.16,801.7,138.137
1790029680000,801.69,801.69,800.77,800.77,210.886
1790029740000,800.79,801.52,800.79,801.52,49.707
1790029800000,801.53,802.04,801.33,802.03,111.328
1790029860000,802.03,802.03,800.68,800.97,124.603
1790029920000,800.96,801.36,800.78,800.99,106.118
1790029980000,800.99,801.09,800.67,801.0,63.963
1790030040000,800.99,802.28,800.95,802.28,86.03
1790030100000,802.27,802.28,801.4,801.56,19.565
1790030160000,801.56,802.07,801.52,802.01,32.32
1790030220000,802.01,802.84,802.01,802.84,21.883
1790030280000,802.85,802.89,802.23,802.23,77.482
1790030340000,802.23,802.31,801.65,801.65,58.86
1790030400000,801.65,801.67,801.27,801.48,132.735
1790030460000,801.48,801.54,800.87,800.91,151.675
1790030520000,800.9,800.9,800.63,800.72,125.383
1790030580000,800.72,801.0,800.29,800.32,163.207
1790030640000,800.31,800.36,800.01,800.35,259.657
1790030700000,800.35,800.45,800.18,800.18,52.323
1790030760000,800.19,800.19,799.74,799.87,119.921
1790030820000,799.86,799.92,799.34,799.91,194.884
1790030880000,799.9,799.9,799.5,799.57,137.95
1790030940000,799.56,799.65,799.39,799.45,99.892
1790031000000,799.45,800.0,799.45,799.99,192.241
1790031060000,799.99,799.99,798.86,798.86,345.331
1790031120000,798.86,799.42,798.86,799.32,349.122
1790031180000,799.32,799.89,799.32,799.51,134.705
1790031240000,799.56,800.2,799.55,800.2,48.497
1790031300000,800.2,800.26,800.0,800.26,25.559
1790031360000,800.25,800.41,799.9,800.41,41.19
1790031420000,800.42,800.58,799.98,800.5,64.446
1790031480000,800.5,801.11,800.5,801.11,204.785
1790031540000,801.11,801.41,801.03,801.32,41.27
1790031600000,801.32,801.69,800.86,801.69,21.574
1790031660000,801.69,802.47,801.69,801.97,75.46
1790031720000,801.97,802.38,801.97,802.3,75.911
1790031780000,802.29,802.74,802.24,802.32,163.441
1790031840000,802.33,802.76,802.32,802.76,21.889
1790031900000,802.76,802.92,802.61,802.66,37.489
1790031960000,802.65,803.33,802.65,802.89,61.906
1790032020000,802.89,802.96,802.4,802.84,55.439
1790032080000,802.84,803.05,802.63,803.05,15.865
1790032140000,803.04,803.12,802.51,802.87,34.858
1790032200000,802.87,803.13,802.23,803.12,92.22
1790032260000,803.13,803.13,802.84,802.93,29.178
1790032320000,802.92,803.05,802.42,803.05,16.417
1790032380000,803.05,803.49,803.05,803.18,26.199
1790032440000,803.18,803.27,802.74,802.74,38.688
1790032500000,802.7,803.48,802.68,802.93,30.717
1790032560000,802.93,802.93,802.0,802.01,37.324
1790032620000,802.01,802.01,801.79,801.8,26.728
1790032680000,801.8,802.19,801.59,801.59,67.524
1790032740000,801.58,801.58,801.13,801.18,28.996
1790032800000,801.17,801.18,800.65,801.0,156.531
1790032860000,801.0,801.35,800.61,800.67,89.222
1790032920000,800.67,800.76,800.61,800.62,9.359
1790032980000,800.62,800.76,800.58,800.58,13.276
1790033040000,800.58,800.59,800.2,800.24,52.09
1790033100000,800.23,800.24,800.07,800.07,19.154
1790033160000,800.08,800.2,799.96,799.96,32.439
1790033220000,799.97,800.28,799.91,799.91,108.485
1790033280000,799.91,800.1,799.6,799.6,81.086
1790033340000,799.6,799.74,799.38,799.63,293.155
1790033400000,799.64,799.82,799.38,799.38,46.851
1790033460000,799.36,799.36,799.07,799.13,48.693
1790033520000,799.12,799.53,798.61,799.05,184.782
1790033580000,799.05,799.05,798.0,798.21,254.937
1790033640000,798.24,798.53,798.08,798.42,92.913
1790033700000,798.41,798.41,797.66,797.88,126.547
1790033760000,797.88,798.66,797.88,798.66,109.61
1790033820000,798.71,799.23,798.64,798.64,38.731
1790033880000,798.64,798.84,798.36,798.76,55.233
1790033940000,798.75,798.98,798.57,798.96,43.347
1790034000000,798.95,799.36,798.95,799.01,82.586
1790034060000,799.0,799.16,798.93,798.94,23.833
1790034120000,798.94,799.39,798.66,799.39,128.891
1790034180000,799.4,799.49,799.19,799.43,35.125
1790034240000,799.44,799.44,798.78,798.91,105.085
1790034300000,798.92,799.01,798.67,798.99,19.438
1790034360000,799.0,799.0,798.39,798.77,60.072
1790034420000,798.76,798.77,798.25,798.26,24.924
1790034480000,798.26,798.45,798.0,798.43,92.827
1790034540000,798.42,798.79,798.31,798.46,74.767
1790034600000,798.46,798.69,798.23,798.44,57.544
1790034660000,798.44,798.76,798.42,798.45,56.29
1790034720000,798.45,798.59,798.14,798.37,112.34
1790034780000,798.38,798.38,798.06,798.16,114.921
1790034840000,798.16,799.26,798.15,799.26,172.185
1790034900000,799.26,799.53,799.26,799.32,67.348
1790034960000,799.33,799.46,799.03,799.14,39.931
1790035020000,799.13,799.48,799.0,799.46,77.852
1790035080000,799.47,799.82,799.29,799.6,43.721
1790035140000,799.6,799.71,799.36,799.41,43.878
1790035200000,799.41,799.5,798.76,798.78,94.63
1790035260000,798.79,799.01,798.4,798.8,167.679
1790035320000,798.81,799.04,798.7,798.83,123.165
1790035380000,798.82,798.83,798.24,798.37,98.341
1790035440000,798.37,798.51,797.76,797.97,186.674
1790035500000,797.98,798.65,797.88,798.59,89.131
1790035560000,798.59,798.65,797.81,798.07,137.548
1790035620000,798.08,798.48,797.35,797.36,221.323
1790035680000,797.36,798.08,797.35,797.71,95.498
1790035740000,797.71,797.87,797.4,797.68,79.686
1790035800000,797.68,798.27,797.67,798.17,157.077
1790035860000,798.18,798.37,797.8,798.2,72.204
1790035920000,798.2,798.65,798.2,798.43,88.239
1790035980000,798.42,798.78,798.27,798.6,217.048
1790036040000,798.61,799.37,798.61,799.36,89.164
1790036100000,799.37,799.47,798.67,799.46,40.78
1790036160000,799.46,799.87,799.38,799.72,242.022
1790036220000,799.73,800.0,799.39,799.39,45.225
1790036280000,799.39,799.4,799.06,799.35,42.754
1790036340000,799.35,799.96,799.35,799.88,71.48
1790036400000,799.87,799.88,798.88,798.89,85.548
1790036460000,798.89,799.16,798.88,799.16,22.41
1790036520000,799.16,799.92,799.16,799.88,68.176
1790036580000,799.87,799.88,799.02,799.02,34.815
1790036640000,799.02,799.25,798.54,798.99,229.075
1790036700000,798.99,799.12,798.75,798.95,68.437
1790036760000,798.96,799.13,798.19,798.19,101.354
1790036820000,798.19,799.08,797.73,799.06,51.502
1790036880000,799.05,799.24,798.83,798.84,23.56
1790036940000,798.84,798.97,798.63,798.72,53.501
1790037000000,798.72,802.37,798.44,800.14,2860.495
1790037060000,800.13,800.14,798.58,799.09,443.608
1790037120000,799.09,799.43,798.85,799.42,52.718
1790037180000,799.43,801.24,799.42,800.54,265.422
1790037240000,800.53,801.05,800.12,800.5,147.851
1790037300000,800.49,800.49,799.68,799.69,73.174
1790037360000,799.68,799.74,798.9,798.95,110.273
1790037420000,798.95,799.37,798.66,798.66,186.813
1790037480000,798.67,798.72,798.32,798.39,63.848
1790037540000,798.38,798.83,798.29,798.47,96.676
1790037600000,798.48,798.75,797.0,797.2,212.097
1790037660000,797.19,798.54,797.04,798.54,66.521
1790037720000,798.52,798.75,798.1,798.74,89.504
1790037780000,798.75,799.15,798.74,798.99,79.027
1790037840000,799.0,799.55,799.0,799.55,28.471
1790037900000,799.55,800.0,799.39,799.56,229.411
1790037960000,799.57,799.57,798.61,798.92,97.431
1790038020000,798.92,799.0,798.5,798.59,36.478
1790038080000,798.6,799.01,798.3,798.98,73.061
1790038140000,798.98,799.17,798.4,798.77,60.35
1790038200000,798.77,799.18,798.3,798.3,113.49
1790038260000,798.29,798.35,797.0,797.46,349.099
1790038320000,797.46,797.53,797.05,797.37,126.415
1790038380000,797.36,797.46,797.0,797.33,63.504
1790038440000,797.33,797.7,797.08,797.69,41.85
1790038500000,797.69,797.82,796.16,796.39,316.327
1790038560000,796.39,796.69,795.76,796.1,141.545
1790038620000,796.1,796.1,794.88,795.1,298.061
1790038680000,795.1,795.26,794.15,794.36,225.913
1790038740000,794.37,794.37,793.84,794.35,118.16
1790038800000,794.35,794.8,793.44,793.54,207.721
1790038860000,793.54,794.67,792.9,794.5,242.318
1790038920000,794.5,794.51,792.81,792.82,180.85
1790038980000,792.82,792.86,791.86,791.92,258.416
1790039040000,791.92,792.38,791.83,791.84,295.018
1790039100000,791.85,792.37,790.97,791.75,1730.386
1790039160000,791.77,793.47,791.77,793.3,107.233
1790039220000,793.3,793.46,792.92,793.16,92.798
1790039280000,793.15,793.74,792.8,793.74,200.161
1790039340000,793.75,793.83,793.08,793.62,259.588
1790039400000,793.61,793.99,793.22,793.42,380.866
1790039460000,793.41,793.47,792.37,792.78,253.033
1790039520000,792.77,793.39,792.42,793.29,101.437
1790039580000,793.29,793.36,792.85,792.88,94.536
1790039640000,792.92,793.1,792.26,792.72,73.368
1790039700000,792.71,793.74,792.66,793.73,51.754
1790039760000,793.72,793.72,792.17,792.19,73.682
1790039820000,792.19,792.58,792.03,792.03,86.978
1790039880000,792.03,792.23,790.41,790.49,152.593
1790039940000,790.49,791.33,790.01,791.32,309.615
1790040000000,791.32,791.81,790.94,791.55,348.206
1790040060000,791.54,791.96,790.56,791.96,72.992
1790040120000,791.95,792.26,791.69,792.09,82.601
1790040180000,792.1,792.96,792.1,792.82,101.992
1790040240000,792.81,793.72,792.7,793.72,68.358
1790040300000,793.72,794.0,793.08,793.08,55.772
1790040360000,793.07,793.76,792.79,793.76,59.565
1790040420000,793.76,794.32,793.61,793.73,63.531
1790040480000,793.73,794.0,793.63,794.0,114.238
1790040540000,793.99,794.96,793.99,794.96,35.811
1790040600000,794.96,794.99,794.19,794.61,56.878
1790040660000,794.6,795.64,794.55,795.45,107.341
1790040720000,795.45,795.61,795.13,795.42,27.808
1790040780000,795.43,796.09,795.42,795.48,28.446
1790040840000,795.47,795.75,795.33,795.35,30.533
1790040900000,795.35,795.35,794.88,795.31,55.765
1790040960000,795.31,795.52,795.06,795.34,76.406
1790041020000,795.3,795.3,794.52,794.52,11.725
1790041080000,794.52,794.61,793.87,793.87,57.625
1790041140000,793.86,793.87,793.05,793.25,202.586
1790041200000,793.26,793.83,793.19,793.81,236.814
1790041260000,793.81,793.92,793.11,793.4,59.769
1790041320000,793.36,793.7,793.19,793.69,36.977
1790041380000,793.7,793.7,782.75,786.04,17139.795
1790041440000,786.04,788.56,785.8,788.37,528.631
1790041500000,788.38,788.8,788.17,788.17,503.327
1790041560000,788.17,788.4,788.0,788.32,218.092
1790041620000,788.32,788.99,788.32,788.77,469.367
1790041680000,788.77,789.21,788.59,788.83,121.066
1790041740000,788.83,788.83,788.06,788.06,50.397
1790041800000,788.05,788.14,787.9,787.96,46.365
1790041860000,787.96,789.08,787.96,789.08,189.963
1790041920000,789.08,789.26,788.99,789.21,35.363
1790041980000,789.22,789.53,789.22,789.32,57.272
1790042040000,789.33,789.79,789.33,789.79,72.087
1790042100000,789.8,790.19,789.78,789.94,209.462
1790042160000,789.93,789.93,789.33,789.51,98.256
1790042220000,789.51,789.9,789.38,789.39,51.65
1790042280000,789.39,789.41,789.0,789.05,44.18
1790042340000,789.05,789.43,788.88,789.41,157.183
1790042400000,789.4,789.46,788.93,788.93,76.997
1790042460000,788.93,788.93,787.78,787.78,185.842
1790042520000,787.78,788.98,787.67,788.98,124.728
1790042580000,788.99,789.65,788.6,788.61,104.383
1790042640000,788.6,788.64,788.11,788.33,83.015
1790042700000,788.3,789.53,788.28,788.99,146.868
1790042760000,789.0,790.05,789.0,790.05,78.195
1790042820000,790.05,790.05,789.48,789.87,30.125
1790042880000,789.87,790.3,789.84,789.86,119.968
1790042940000,789.85,789.85,788.36,789.02,121.606
1790043000000,789.02,789.02,787.34,787.89,415.995
1790043060000,787.89,788.51,787.89,788.13,70.945
1790043120000,788.13,788.19,787.8,788.03,303.891
1790043180000,788.04,788.18,787.4,787.46,370.679
1790043240000,787.46,788.73,787.46,788.26,649.682
1790043300000,788.27,789.0,787.98,788.96,147.025
1790043360000,788.96,789.52,788.78,789.42,354.053
1790043420000,789.42,789.43,787.98,787.98,137.404
1790043480000,787.98,788.48,787.72,788.48,83.181
1790043540000,788.49,788.91,788.45,788.45,73.848
1790043600000,788.44,788.74,788.23,788.74,64.715
1790043660000,788.74,788.74,788.04,788.31,107.998
1790043720000,788.31,789.0,788.31,788.9,53.489
1790043780000,788.9,789.36,788.89,789.03,77.504
1790043840000,789.02,789.65,788.96,789.28,100.619
1790043900000,789.29,789.93,789.28,789.93,29.946
1790043960000,789.92,790.19,789.92,790.15,174.526
1790044020000,790.16,790.55,790.15,790.55,75.62
1790044080000,790.54,791.19,790.54,790.96,193.537
1790044140000,790.95,790.96,790.39,790.6,80.255
1790044200000,790.6,790.66,790.0,790.04,111.456
1790044260000,790.04,790.04,789.52,789.73,119.917
1790044320000,789.73,789.73,789.13,789.42,56.969
1790044380000,789.43,789.83,789.43,789.83,65.988
1790044440000,789.84,790.27,789.84,790.27,67.161
1790044500000,790.27,791.16,790.27,790.85,73.826
1790044560000,790.86,791.45,790.85,791.45,95.916
1790044620000,791.46,792.36,791.46,791.81,802.108
1790044680000,791.8,792.2,791.63,791.63,49.317
1790044740000,791.63,791.64,791.27,791.41,62.463
1790044800000,791.42,791.81,791.42,791.6,248.532
1790044860000,791.6,792.0,791.45,792.0,109.3
1790044920000,792.0,792.02,791.95,791.98,50.365
1790044980000,791.98,792.35,791.64,791.64,90.747
1790045040000,791.64,791.78,791.57,791.67,14.398
1790045100000,791.66,791.66,791.34,791.38,72.134
1790045160000,791.39,791.58,791.11,791.41,72.354
1790045220000,791.42,791.42,791.14,791.4,21.36
1790045280000,791.39,792.32,791.39,792.29,49.036
1790045340000,792.3,792.31,791.4,791.4,410.661
1790045400000,791.4,791.6,791.14,791.35,52.026
1790045460000,791.36,793.2,790.95,791.1,762.378
1790045520000,791.1,791.22,790.03,790.1,542.105
1790045580000,790.1,790.12,789.71,789.72,115.095
1790045640000,789.72,790.49,789.58,790.48,172.342
1790045700000,790.49,790.54,789.8,789.81,15.097
1790045760000,789.81,790.54,789.64,790.54,65.433
1790045820000,790.53,790.53,790.11,790.35,39.259
1790045880000,790.35,791.0,790.34,790.96,26.668
1790045940000,790.95,791.36,790.86,790.94,67.446
1790046000000,790.94,791.42,790.47,791.37,122.775
1790046060000,791.38,791.38,789.8,789.8,67.677
1790046120000,789.8,791.05,789.67,791.05,186.259
1790046180000,791.05,791.47,790.84,791.2,61.687
1790046240000,791.2,791.42,790.87,791.17,33.181
1790046300000,791.16,791.17,790.66,790.74,8.927
1790046360000,790.75,790.84,790.32,790.33,127.863
1790046420000,790.33,790.33,789.58,789.58,54.486
1790046480000,789.59,790.28,789.55,790.06,54.803
1790046540000,790.07,790.07,789.13,789.19,136.783
1790046600000,789.19,789.3,788.75,788.76,115.792
1790046660000,788.75,788.91,788.3,788.45,70.176
1790046720000,788.44,789.15,788.44,788.75,117.149
1790046780000,788.76,789.29,788.76,789.1,66.914
1790046840000,789.1,789.8,789.09,789.72,83.691
1790046900000,789.71,790.33,789.71,790.14,70.323
1790046960000,790.14,790.26,789.0,789.06,59.039
1790047020000,789.06,789.41,789.06,789.41,18.219
1790047080000,789.41,790.32,789.4,790.28,55.551
1790047140000,790.28,790.3,789.41,789.53,41.964
1790047200000,789.53,789.53,789.01,789.3,104.437
1790047260000,789.31,789.93,789.25,789.47,270.04
1790047320000,789.47,789.52,788.75,789.15,71.518
1790047380000,789.14,789.15,788.49,789.07,34.803
1790047440000,789.08,789.55,789.08,789.24,35.285
1790047500000,789.23,790.11,789.01,790.11,59.238
1790047560000,790.11,791.2,790.1,791.19,95.442
1790047620000,791.2,791.64,791.08,791.63,108.841
1790047680000,791.64,791.98,791.64,791.98,36.93
1790047740000,791.97,792.15,791.65,791.85,43.498
1790047800000,791.84,791.88,791.0,791.1,38.804
1790047860000,791.09,791.44,789.52,789.92,107.781
1790047920000,789.92,789.97,789.42,789.67,34.855
1790047980000,789.66,789.72,789.3,789.41,83.78
1790048040000,789.4,789.73,789.4,789.7,18.45
1790048100000,789.69,789.7,789.35,789.53,62.575
1790048160000,789.54,789.54,789.36,789.37,28.464
1790048220000,789.36,789.6,789.23,789.37,28.802
1790048280000,789.36,789.6,789.26,789.59,18.16
1790048340000,789.6,789.73,789.26,789.26,28.342
1790048400000,789.27,789.43,789.0,789.01,16.692
1790048460000,789.01,789.39,789.0,789.38,49.424
1790048520000,789.39,789.69,789.12,789.13,81.255
1790048580000,789.12,789.13,788.61,788.93,134.075
1790048640000,788.92,789.19,788.92,788.99,44.14
1790048700000,788.98,789.28,788.74,789.28,85.726
1790048760000,789.28,789.29,788.99,788.99,45.018
1790048820000,788.99,789.32,788.91,789.29,74.492
1790048880000,789.29,789.36,788.8,788.85,54.245
1790048940000,788.85,789.44,788.85,789.2,68.533
1790049000000,789.19,789.29,788.81,788.85,62.293
1790049060000,788.84,788.93,788.3,788.45,71.106
1790049120000,788.44,788.44,787.82,787.99,190.657
1790049180000,788.0,788.15,787.8,788.08,152.071
1790049240000,788.08,788.08,787.86,788.08,120.281
1790049300000,788.07,788.72,788.07,788.71,53.728
1790049360000,788.71,789.03,788.71,788.73,27.633
1790049420000,788.72,789.36,788.72,789.36,42.186
1790049480000,789.39,789.74,789.39,789.67,19.959
1790049540000,789.67,789.86,788.92,789.16,140.595
1790049600000,789.16,789.59,788.78,788.92,93.022
1790049660000,788.92,789.11,788.68,789.09,70.019
1790049720000,789.08,789.09,788.81,788.92,45.825
1790049780000,788.91,789.66,788.72,789.65,140.42
1790049840000,789.65,790.37,789.65,790.23,123.176
1790049900000,790.23,790.45,789.37,789.73,135.426
1790049960000,789.72,790.47,789.72,790.3,33.699
1790050020000,790.31,790.47,789.43,789.45,57.481
1790050080000,789.45,789.64,789.15,789.15,32.773
1790050140000,789.14,789.14,788.83,788.98,32.818
1790050200000,788.97,789.41,788.92,789.36,26.344
1790050260000,789.36,789.57,789.12,789.19,155.226
1790050320000,789.18,789.19,788.49,788.8,141.315
1790050380000,788.79,788.89,788.62,788.62,117.278
1790050440000,788.62,788.74,788.48,788.49,23.145
1790050500000,788.48,788.58,788.3,788.3,44.806
1790050560000,788.3,788.45,788.02,788.02,149.072
1790050620000,788.03,788.03,787.69,787.96,214.561
1790050680000,787.97,788.15,787.95,788.15,73.283
1790050740000,788.15,788.24,788.08,788.16,15.217
1790050800000,788.16,788.32,787.99,788.3,119.964
1790050860000,788.31,788.57,788.3,788.54,16.113
1790050920000,788.54,788.77,788.28,788.28,110.107
1790050980000,788.29,788.31,787.96,788.21,65.602
1790051040000,788.22,788.28,788.2,788.28,38.357
1790051100000,788.29,788.4,788.12,788.4,91.1
1790051160000,788.4,788.59,788.4,788.44,19.144
1790051220000,788.45,788.45,788.14,788.23,17.413
1790051280000,788.23,788.65,788.21,788.32,49.014
1790051340000,788.32,788.5,788.18,788.18,89.051
1790051400000,788.18,788.19,788.18,788.18,19.641
1790051460000,788.18,788.27,787.94,788.1,65.038
1790051520000,788.11,788.11,787.98,787.99,10.691
1790051580000,787.99,788.07,787.79,788.01,167.114
1790051640000,788.02,788.21,787.8,788.06,896.387
1790051700000,788.06,788.14,787.83,787.97,202.886
1790051760000,787.98,787.98,787.14,787.25,118.954
1790051820000,787.25,787.81,787.1,787.81,164.852
1790051880000,787.81,788.0,787.43,787.49,126.007
1790051940000,787.48,788.74,787.48,788.03,261.019
1790052000000,788.02,788.02,787.22,787.29,47.274
1790052060000,787.29,788.06,787.29,787.8,102.967
1790052120000,787.8,787.82,787.36,787.59,130.856
1790052180000,787.59,787.81,787.58,787.75,28.731
1790052240000,787.76,787.76,787.42,787.64,35.731
1790052300000,787.65,787.65,787.16,787.42,77.648
1790052360000,787.42,787.56,787.29,787.53,74.127
1790052420000,787.53,787.67,787.19,787.62,69.926
1790052480000,787.62,787.62,787.06,787.06,40.079
1790052540000,787.07,787.07,786.04,786.35,187.587
1790052600000,786.36,786.47,785.39,785.82,722.314
1790052660000,785.82,786.67,785.81,786.48,645.929
1790052720000,786.47,787.36,786.36,787.36,96.897
1790052780000,787.37,787.57,787.25,787.28,140.664
1790052840000,787.28,787.55,787.05,787.48,106.745
1790052900000,787.49,787.86,786.97,787.01,159.156
1790052960000,787.0,787.0,786.67,786.68,49.675
1790053020000,786.67,786.79,786.54,786.68,87.059
1790053080000,786.69,787.17,786.69,786.87,63.093
1790053140000,786.87,787.35,786.87,787.3,78.705
1790053200000,787.31,787.56,786.18,786.3,199.446
1790053260000,786.31,786.54,785.67,786.54,656.959
1790053320000,786.54,787.18,786.53,786.54,80.759
1790053380000,786.54,787.18,786.52,786.68,230.32
1790053440000,786.67,787.02,786.4,786.8,61.995
1790053500000,786.79,787.56,786.7,787.34,301.735
1790053560000,787.34,787.75,787.18,787.6,72.452
1790053620000,787.59,787.65,787.3,787.31,40.369
1790053680000,787.3,787.6,786.95,787.59,85.98
1790053740000,787.6,787.6,786.99,787.22,40.45
1790053800000,787.23,787.49,787.23,787.49,30.971
1790053860000,787.49,787.77,787.16,787.23,85.664
1790053920000,787.22,787.23,786.59,786.6,45.163
1790053980000,786.6,786.93,786.59,786.93,87.568
1790054040000,786.92,786.96,786.57,786.66,86.691
1790054100000,786.67,786.75,786.19,786.22,106.877
1790054160000,786.21,786.22,785.52,785.86,154.683
1790054220000,785.85,785.85,784.97,785.19,260.126
1790054280000,785.19,785.25,784.02,784.71,387.238
1790054340000,784.72,784.85,784.44,784.45,61.007
1790054400000,784.45,784.84,784.0,784.76,169.07
1790054460000,784.75,785.82,784.75,785.82,191.582
1790054520000,785.81,786.59,785.81,786.59,94.282
1790054580000,786.58,786.83,786.26,786.82,66.488
1790054640000,786.83,786.98,785.76,785.76,114.875
1790054700000,785.76,785.77,784.78,784.78,56.809
1790054760000,784.79,785.25,784.78,785.25,109.038
1790054820000,785.25,785.43,783.83,784.39,581.062
1790054880000,784.4,784.76,783.25,784.68,704.614
1790054940000,784.68,784.86,784.52,784.68,108.387
1790055000000,784.67,785.19,784.01,784.21,131.429
1790055060000,784.21,784.21,783.87,783.93,222.533
1790055120000,783.94,783.94,783.25,783.48,255.545
1790055180000,783.49,784.51,783.49,784.5,353.747
1790055240000,784.51,785.08,784.2,784.57,285.188
1790055300000,784.56,784.94,784.46,784.63,1242.386
1790055360000,784.64,784.81,784.35,784.72,128.769
1790055420000,784.72,786.24,784.71,786.11,134.597
1790055480000,786.12,786.5,785.63,786.49,161.316
1790055540000,786.49,786.95,786.49,786.77,89.525
1790055600000,786.77,786.84,786.44,786.49,58.034
1790055660000,786.49,786.61,785.77,786.35,233.529
1790055720000,786.35,786.66,786.34,786.61,158.317
1790055780000,786.62,786.62,786.44,786.61,40.535
1790055840000,786.62,786.79,786.56,786.77,46.412
1790055900000,786.77,787.56,786.77,787.24,261.919
1790055960000,787.24,787.56,787.16,787.55,88.09
1790056020000,787.55,787.89,787.52,787.7,161.594
1790056080000,787.69,788.52,787.57,787.66,440.421
1790056140000,787.66,787.93,787.46,787.71,109.142
1790056200000,787.71,787.95,787.2,787.76,95.668
1790056260000,787.77,788.42,787.77,788.09,87.831
1790056320000,788.1,788.49,788.09,788.49,30.689
1790056380000,788.49,789.0,788.49,788.81,113.742
1790056440000,788.8,788.82,788.41,788.51,131.842
1790056500000,788.52,788.68,788.34,788.35,56.4
1790056560000,788.34,788.43,787.91,787.92,180.02
1790056620000,787.92,788.11,787.91,788.1,26.833
1790056680000,788.09,788.11,787.71,787.71,39.399
1790056740000,787.72,787.72,787.24,787.43,42.879
1790056800000,787.43,787.92,787.31,787.92,38.124
1790056860000,787.92,788.04,787.22,787.29,44.149
1790056920000,787.3,787.3,786.83,786.98,53.141
1790056980000,786.98,787.26,786.7,786.91,125.361
1790057040000,786.91,786.92,786.51,786.51,52.88
1790057100000,786.51,786.7,786.45,786.46,152.823
1790057160000,786.46,786.81,786.23,786.45,86.878
1790057220000,786.45,786.46,786.07,786.34,55.059
1790057280000,786.34,787.36,786.33,787.36,43.038
1790057340000,787.35,787.57,786.74,786.75,32.793
1790057400000,786.75,786.92,786.58,786.75,45.458
1790057460000,786.74,786.9,786.62,786.65,30.763
1790057520000,786.65,786.65,786.26,786.27,17.189
1790057580000,786.27,786.58,786.1,786.19,66.324
1790057640000,786.19,787.18,786.19,786.77,148.704
1790057700000,786.78,787.03,786.41,786.41,34.497
1790057760000,786.41,786.93,786.27,786.28,40.932
1790057820000,786.28,786.6,786.27,786.6,110.619
1790057880000,786.59,786.6,786.3,786.31,31.334
1790057940000,786.31,786.31,785.68,785.8,75.013
1790058000000,785.8,786.3,785.8,786.11,52.261
1790058060000,786.11,786.3,786.01,786.2,35.861
1790058120000,786.18,786.24,786.01,786.02,21.99
1790058180000,786.01,786.2,785.72,786.2,16.803
1790058240000,786.2,786.2,785.7,785.98,433.402
1790058300000,785.98,786.24,785.88,786.15,29.956
1790058360000,786.14,786.94,786.14,786.9,365.343
1790058420000,786.9,786.9,785.79,786.3,493.401
1790058480000,786.3,786.77,786.3,786.71,17.831
1790058540000,786.7,787.94,786.63,787.48,187.658
1790058600000,787.48,787.84,787.17,787.18,17.016
1790058660000,787.18,787.85,786.86,787.85,37.371
1790058720000,787.84,787.89,787.49,787.89,25.138
1790058780000,787.89,788.37,787.65,787.66,75.466
1790058840000,787.65,788.25,787.64,787.77,33.377
1790058900000,787.8,788.12,787.74,787.74,17.906
1790058960000,787.74,787.85,787.58,787.66,27.044
1790059020000,787.66,788.08,787.2,787.97,34.726
1790059080000,787.97,788.16,787.63,787.84,66.866
1790059140000,787.84,788.14,787.56,787.63,112.429
1790059200000,787.62,787.87,787.56,787.61,35.118
1790059260000,787.6,788.12,787.32,787.56,121.811
1790059320000,787.55,787.93,787.46,787.75,50.711
1790059380000,787.74,787.74,787.5,787.51,28.651
1790059440000,787.51,787.67,787.43,787.64,5.027
1790059500000,787.63,787.64,787.3,787.5,58.699
1790059560000,787.47,787.55,787.4,787.41,13.824
1790059620000,787.41,787.46,787.4,787.45,21.189
1790059680000,787.45,787.62,787.45,787.61,16.659
1790059740000,787.61,787.66,787.33,787.34,50.68
1790059800000,787.33,787.73,787.25,787.51,151.766
1790059860000,787.5,787.61,787.47,787.52,19.573
1790059920000,787.53,788.18,787.45,788.09,231.846
1790059980000,788.09,788.09,787.52,787.56,82.719
1790060040000,787.55,787.55,787.18,787.25,35.366
1790060100000,787.25,787.25,787.1,787.13,13.366
1790060160000,787.14,787.14,786.41,786.42,72.497
1790060220000,786.43,786.55,786.4,786.45,47.835
1790060280000,786.45,786.51,786.2,786.31,128.582
1790060340000,786.31,786.92,786.31,786.6,34.52
1790060400000,786.6,786.67,786.5,786.5,38.701
1790060460000,786.51,786.51,786.2,786.28,43.953
1790060520000,786.27,786.54,786.19,786.45,100.398
1790060580000,786.44,786.44,786.08,786.3,222.671
1790060640000,786.3,786.95,786.09,786.6,31.498
1790060700000,786.61,786.97,786.36,786.44,11.323
1790060760000,786.43,786.79,786.43,786.59,19.894
1790060820000,786.58,787.3,786.5,787.14,26.321
1790060880000,787.14,787.14,786.45,786.61,43.521
1790060940000,786.61,787.14,786.61,787.0,12.279
1790061000000,787.0,787.44,786.98,787.41,131.182
1790061060000,787.42,787.57,787.42,787.48,46.603
1790061120000,787.49,787.49,787.36,787.45,13.577
1790061180000,787.44,787.45,787.01,787.01,24.907
1790061240000,787.02,787.24,786.83,786.97,57.51
1790061300000,786.98,787.18,786.69,786.69,95.762
1790061360000,786.7,786.89,786.09,786.53,230.135
1790061420000,786.54,786.99,786.54,786.7,47.512
1790061480000,786.7,786.85,786.54,786.55,50.444
1790061540000,786.54,786.55,785.81,785.81,71.81
1790061600000,785.81,786.15,785.69,785.8,118.526
1790061660000,785.86,785.87,785.45,785.46,46.56
1790061720000,785.46,785.75,785.21,785.31,178.107
1790061780000,785.31,785.31,785.0,785.08,67.093
1790061840000,785.08,785.33,785.0,785.0,60.313
1790061900000,785.01,785.52,785.0,785.24,148.111
1790061960000,785.25,785.32,785.12,785.17,43.664
1790062020000,785.18,785.26,785.0,785.26,32.564
1790062080000,785.26,785.26,784.8,784.86,141.795
1790062140000,784.87,785.24,784.87,785.23,19.767
1790062200000,785.23,785.32,784.82,784.83,34.604
1790062260000,784.82,785.11,784.82,785.11,25.069
1790062320000,785.11,785.11,784.53,784.54,86.294
1790062380000,784.54,784.54,783.15,784.03,639.089
1790062440000,784.04,784.15,783.99,783.99,28.18
1790062500000,783.99,783.99,783.16,783.38,229.408
1790062560000,783.37,784.56,783.26,784.2,144.759
1790062620000,784.19,784.31,784.08,784.31,71.094
1790062680000,784.31,784.31,783.88,784.04,224.17
1790062740000,784.04,784.61,784.03,784.61,17.543
1790062800000,784.6,785.07,784.6,784.8,62.278
1790062860000,784.79,784.8,784.62,784.7,87.57
1790062920000,784.7,784.98,784.58,784.94,43.356
1790062980000,784.94,784.99,784.72,784.8,72.922
1790063040000,784.81,785.02,784.62,785.02,15.738
1790063100000,785.02,785.4,784.96,785.34,44.582
1790063160000,785.34,785.38,785.08,785.36,70.559
1790063220000,785.37,785.37,785.05,785.05,25.898
1790063280000,785.05,785.06,785.0,785.03,25.013
1790063340000,785.02,785.43,784.8,784.8,142.537
1790063400000,784.81,784.92,784.75,784.75,33.546
1790063460000,784.75,784.88,784.62,784.62,49.918
1790063520000,784.62,784.98,784.62,784.96,66.461
1790063580000,784.97,785.29,784.95,785.06,39.243
1790063640000,785.04,785.19,785.0,785.06,88.638
1790063700000,785.06,785.06,784.7,784.71,52.038
1790063760000,784.7,784.7,784.36,784.6,261.522
1790063820000,784.6,784.75,784.52,784.75,29.747
1790063880000,784.75,785.25,784.7,784.88,73.862
1790063940000,784.89,784.98,784.78,784.98,40.842
1790064000000,784.98,785.58,784.98,785.57,53.281
1790064060000,785.58,785.74,785.52,785.64,85.939
1790064120000,785.65,786.69,785.64,786.69,179.945
1790064180000,786.68,786.69,785.52,785.52,32.419
1790064240000,785.52,786.45,785.5,786.4,62.824
1790064300000,786.4,786.4,785.99,786.13,20.226
1790064360000,786.14,786.64,786.05,786.42,26.496
1790064420000,786.43,786.57,786.22,786.57,13.997
1790064480000,786.57,787.15,786.56,787.1,113.454
1790064540000,787.09,787.18,786.76,787.18,12.193
1790064600000,787.17,787.28,787.17,787.26,21.287
1790064660000,787.25,787.45,787.15,787.24,66.261
1790064720000,787.23,787.25,787.15,787.23,26.809
1790064780000,787.23,787.34,787.02,787.1,40.368
1790064840000,787.11,787.11,786.8,786.83,41.542
1790064900000,786.82,786.83,786.49,786.49,60.63
1790064960000,786.46,786.47,786.14,786.15,120.487
1790065020000,786.16,786.41,785.77,785.78,93.726
1790065080000,785.78,785.98,785.6,785.98,37.167
1790065140000,785.97,785.98,785.38,785.66,79.195
1790065200000,785.67,785.91,785.47,785.79,46.744
1790065260000,785.8,786.18,785.79,786.14,72.988
1790065320000,786.13,786.14,785.73,785.74,141.748
1790065380000,785.73,785.83,785.48,785.64,55.516
1790065440000,785.64,785.64,785.32,785.56,105.947
1790065500000,785.56,786.56,784.8,784.8,162.616
1790065560000,784.8,785.01,784.8,784.93,42.491
1790065620000,784.93,784.94,784.48,784.48,124.534
1790065680000,784.49,784.52,784.17,784.18,109.849
1790065740000,784.19,784.46,783.79,784.41,119.164
1790065800000,784.41,784.59,784.27,784.31,37.895
1790065860000,784.32,784.75,783.73,784.71,86.748
1790065920000,784.71,784.99,784.24,784.32,103.099
1790065980000,784.31,784.98,784.0,784.98,40.855
1790066040000,784.97,785.15,784.76,785.15,52.789
1790066100000,785.15,786.25,785.11,786.25,82.587
1790066160000,786.25,786.93,786.23,786.92,122.305
1790066220000,786.93,787.57,786.92,787.39,101.969
1790066280000,787.39,788.25,787.27,787.51,181.153
1790066340000,787.52,787.81,787.5,787.66,145.657
1790066400000,787.66,787.87,787.4,787.66,86.872
1790066460000,787.66,788.31,787.61,787.81,151.034
1790066520000,787.82,788.3,787.64,788.08,143.279
1790066580000,788.08,789.96,787.85,788.9,861.146
1790066640000,788.89,789.54,788.48,789.18,345.167
1790066700000,789.14,789.28,787.83,788.04,476.885
1790066760000,788.03,788.06,787.59,788.0,185.126
1790066820000,787.99,788.9,787.84,788.75,313.088
1790066880000,788.76,788.95,788.42,788.46,270.486
1790066940000,788.46,788.75,788.1,788.4,350.712
1790067000000,788.41,788.62,788.0,788.37,213.837
1790067060000,788.37,788.43,787.78,788.22,513.823
1790067120000,788.21,788.61,787.99,788.5,194.503
1790067180000,788.49,788.55,788.25,788.35,179.157
1790067240000,788.34,788.34,787.76,788.32,294.055
1790067300000,788.32,788.5,788.19,788.37,178.27
1790067360000,788.37,788.38,788.0,788.11,590.958
1790067420000,788.11,788.23,787.5,787.93,516.128
1790067480000,787.93,788.04,787.64,787.7,103.302
1790067540000,787.7,787.77,787.55,787.76,95.725
1790067600000,787.77,787.86,787.24,787.24,119.832
1790067660000,787.25,787.44,786.92,786.95,129.01
1790067720000,786.95,787.71,786.95,787.13,200.98
1790067780000,787.13,787.13,785.46,785.47,304.36
1790067840000,785.47,785.51,784.15,784.18,436.049
1790067900000,784.18,784.57,783.65,783.71,195.35
1790067960000,783.71,784.8,783.28,784.79,215.456
1790068020000,784.79,784.81,784.04,784.81,182.087
1790068080000,784.82,785.55,784.35,784.56,613.95
1790068140000,784.57,785.04,784.03,784.65,455.22
1790068200000,784.64,784.64,784.24,784.51,130.451
1790068260000,784.5,785.36,784.08,785.17,203.891
1790068320000,785.16,785.76,784.63,785.4,340.903
1790068380000,785.4,786.18,785.14,785.91,209.49
1790068440000,785.9,785.9,785.44,785.45,68.568
1790068500000,785.44,785.8,785.18,785.54,62.775
1790068560000,785.55,785.55,785.21,785.32,151.44
1790068620000,785.33,786.0,785.32,785.97,49.464
1790068680000,785.97,786.31,785.96,786.21,58.783
1790068740000,786.2,786.4,785.97,785.97,52.17
1790068800000,785.98,786.29,785.97,786.13,88.6
1790068860000,786.13,786.28,786.0,786.0,18.467
1790068920000,786.0,786.2,785.97,786.06,117.033
1790068980000,786.06,786.1,785.68,785.85,74.496
1790069040000,785.85,786.18,785.85,786.18,115.322
1790069100000,786.17,786.18,785.96,786.11,49.855
1790069160000,786.11,786.42,785.72,786.41,95.513
1790069220000,786.42,786.5,786.2,786.2,34.569
1790069280000,786.2,786.5,786.03,786.49,106.165
1790069340000,786.5,786.76,786.49,786.76,36.259
1790069400000,786.75,786.75,786.32,786.73,17.138
1790069460000,786.74,787.2,786.74,787.17,47.24
1790069520000,787.18,787.46,787.12,787.22,37.451
1790069580000,787.22,787.23,786.82,786.9,149.068
1790069640000,786.9,787.45,786.89,787.11,75.138
1790069700000,787.1,787.1,786.62,786.81,43.217
1790069760000,786.8,787.2,786.65,787.2,32.783
1790069820000,787.22,787.68,787.21,787.51,116.487
1790069880000,787.51,787.51,786.82,786.82,48.069
1790069940000,786.83,787.08,786.81,786.87,16.107
1790070000000,786.87,787.08,786.74,787.07,79.599
1790070060000,787.07,787.68,787.07,787.59,47.352
1790070120000,787.58,787.59,787.45,787.58,20.442
1790070180000,787.58,787.68,787.46,787.46,19.358
1790070240000,787.47,787.68,787.46,787.48,17.66
1790070300000,787.49,787.71,787.37,787.58,21.133
1790070360000,787.58,787.86,787.58,787.75,39.775
1790070420000,787.75,788.07,787.6,787.88,245.877
1790070480000,787.88,788.21,787.75,787.75,146.341
1790070540000,787.76,787.85,787.53,787.64,84.177
1790070600000,787.64,787.65,787.54,787.57,47.806
1790070660000,787.57,787.82,787.56,787.76,33.276
1790070720000,787.77,788.44,787.37,787.99,241.341
1790070780000,787.97,788.61,787.59,788.55,138.905
1790070840000,788.56,788.56,787.76,788.03,84.686
1790070900000,788.02,788.03,787.38,787.39,111.006
1790070960000,787.38,788.51,787.38,787.7,221.084
1790071020000,787.7,787.81,787.5,787.56,148.688
1790071080000,787.56,788.35,787.56,787.93,185.233
1790071140000,787.92,788.57,787.84,787.84,283.661
1790071200000,787.85,788.09,787.61,787.78,84.672
1790071260000,787.79,787.79,787.59,787.6,55.662
1790071320000,787.59,787.83,787.52,787.78,78.572
1790071380000,787.78,787.78,787.38,787.54,38.162
1790071440000,787.54,787.57,787.34,787.42,40.322
1790071500000,787.42,787.54,787.34,787.42,44.556
1790071560000,787.43,787.48,787.12,787.25,47.455
1790071620000,787.25,787.39,787.03,787.07,65.761
1790071680000,787.08,787.36,787.07,787.36,22.135
1790071740000,787.36,787.58,787.35,787.36,20.97
1790071800000,787.35,787.46,787.35,787.37,76.397
1790071860000,787.37,787.52,787.37,787.51,13.388
1790071920000,787.52,787.7,787.37,787.64,33.889
1790071980000,787.65,787.78,787.15,787.2,71.555
1790072040000,787.19,787.44,787.18,787.33,34.165
1790072100000,787.33,787.85,787.32,787.69,24.544
1790072160000,787.7,787.7,787.49,787.61,24.373
1790072220000,787.61,787.62,787.14,787.59,47.799
1790072280000,787.58,787.59,787.16,787.18,35.461
1790072340000,787.18,787.99,787.18,787.53,235.161
1790072400000,787.52,787.53,787.31,787.31,30.5
1790072460000,787.31,787.39,787.16,787.34,56.039
1790072520000,787.33,787.4,787.15,787.19,116.625
1790072580000,787.2,787.2,787.0,787.0,1770.271
1790072640000,787.0,787.01,786.24,786.75,518.391
1790072700000,786.74,786.74,785.49,785.75,107.271
1790072760000,785.76,786.38,785.76,786.01,61.454
1790072820000,786.02,786.21,785.85,786.18,78.447
1790072880000,786.18,786.54,786.02,786.53,37.621
1790072940000,786.54,787.04,786.49,786.89,169.611
1790073000000,786.88,786.93,786.72,786.74,41.404
1790073060000,786.74,786.91,786.56,786.57,51.507
1790073120000,786.56,786.8,786.56,786.65,37.163
1790073180000,786.65,786.74,786.13,786.32,213.036
1790073240000,786.32,786.8,786.32,786.8,55.736
1790073300000,786.81,787.38,786.81,787.2,41.995
1790073360000,787.19,787.74,787.1,787.73,54.452
1790073420000,787.73,787.88,787.52,787.56,39.761
1790073480000,787.55,788.04,787.55,787.7,210.935
1790073540000,787.71,787.9,787.49,787.78,55.288
1790073600000,787.78,787.78,787.24,787.27,58.949
1790073660000,787.28,787.7,787.27,787.58,90.15
1790073720000,787.58,787.69,787.57,787.62,44.492
1790073780000,787.62,787.62,787.27,787.45,52.495
1790073840000,787.45,787.56,787.44,787.55,46.726
1790073900000,787.56,787.6,787.27,787.27,49.927
1790073960000,787.27,787.45,787.06,787.26,51.851
1790074020000,787.26,787.56,787.18,787.44,37.441
1790074080000,787.43,787.44,787.0,787.32,42.455
1790074140000,787.33,787.37,787.06,787.15,43.587
1790074200000,787.16,787.44,787.15,787.43,32.873
1790074260000,787.44,787.47,787.22,787.33,33.544
1790074320000,787.33,787.45,787.22,787.45,62.9
1790074380000,787.45,787.69,787.44,787.46,58.845
1790074440000,787.46,787.76,787.34,787.76,82.389
1790074500000,787.77,788.99,787.42,788.54,306.188
1790074560000,788.55,789.13,787.9,787.95,258.364
1790074620000,787.96,788.64,787.06,787.17,177.596
1790074680000,787.17,787.48,787.1,787.22,55.327
1790074740000,787.22,787.22,786.61,786.76,133.883
1790074800000,786.75,787.35,786.75,787.12,44.924
1790074860000,787.12,787.17,786.95,787.17,102.639
1790074920000,787.18,787.5,787.09,787.49,30.843
1790074980000,787.49,787.6,787.2,787.59,35.717
1790075040000,787.59,787.6,787.16,787.3,50.12
1790075100000,787.3,787.39,786.89,786.9,173.06
1790075160000,786.89,786.89,786.19,786.41,133.203
1790075220000,786.42,786.42,786.23,786.37,120.548
1790075280000,786.37,786.37,786.13,786.13,175.899
1790075340000,786.13,786.56,785.07,785.09,189.41
1790075400000,785.11,786.16,784.72,786.02,270.027
1790075460000,786.03,786.13,785.45,785.63,94.194
1790075520000,785.64,786.21,785.64,785.76,91.003
1790075580000,785.75,786.06,785.32,785.99,34.075
1790075640000,786.0,786.24,786.0,786.14,62.642
1790075700000,786.14,786.2,786.01,786.19,36.278
1790075760000,786.18,786.78,786.17,786.78,61.97
1790075820000,786.78,787.16,786.78,787.16,103.269
1790075880000,787.16,787.25,786.92,786.93,98.4
1790075940000,786.93,787.03,786.58,786.69,43.714
1790076000000,786.69,787.05,786.61,787.02,37.81
1790076060000,787.01,787.22,786.9,786.93,84.859
1790076120000,786.93,787.17,786.92,787.02,60.764
1790076180000,787.03,787.07,786.77,786.77,26.911
1790076240000,786.77,787.2,786.72,787.07,74.759
1790076300000,787.07,787.08,786.95,787.02,25.506
1790076360000,787.02,787.19,786.56,786.57,75.092
1790076420000,786.56,786.56,786.29,786.31,23.578
1790076480000,786.32,786.34,785.83,785.84,87.713
1790076540000,785.83,785.91,785.72,785.8,32.488
1790076600000,785.79,786.13,785.69,785.69,38.179
1790076660000,785.7,786.04,785.34,785.98,29.489
1790076720000,785.98,786.12,785.96,786.11,26.405
1790076780000,786.12,786.27,786.12,786.23,17.221
1790076840000,786.22,786.22,785.99,786.04,38.526
1790076900000,786.05,786.56,785.96,786.55,89.901
1790076960000,786.55,787.01,786.55,787.01,34.224
1790077020000,787.01,787.18,787.01,787.11,28.095
1790077080000,787.1,787.23,787.1,787.16,52.508
1790077140000,787.16,787.99,787.16,787.61,325.344
1790077200000,787.61,787.61,787.47,787.55,25.868
1790077260000,787.55,787.79,787.54,787.76,64.001
1790077320000,787.76,787.76,787.6,787.62,35.122
1790077380000,787.61,787.66,787.53,787.54,31.797
1790077440000,787.53,787.74,787.47,787.57,49.999
1790077500000,787.58,787.77,787.57,787.63,39.295
1790077560000,787.63,787.64,787.45,787.5,153.084
1790077620000,787.5,787.75,787.38,787.75,240.749
1790077680000,787.75,788.13,787.75,788.0,2135.262
1790077740000,788.0,788.08,787.66,787.87,555.073
1790077800000,787.87,788.03,787.31,787.31,130.61
1790077860000,787.31,787.31,787.2,787.24,57.772
1790077920000,787.23,787.32,787.04,787.05,100.983
1790077980000,787.04,787.05,786.67,786.68,54.755
1790078040000,786.68,786.68,786.29,786.3,92.08
1790078100000,786.3,786.76,786.29,786.68,90.949
1790078160000,786.68,787.24,786.28,787.13,223.28
1790078220000,787.13,787.19,786.68,786.69,85.104
1790078280000,786.7,786.84,786.64,786.84,36.553
1790078340000,786.83,786.92,786.71,786.91,49.161
1790078400000,786.91,786.92,786.67,786.9,70.461
1790078460000,786.91,787.0,786.38,786.43,51.588
1790078520000,786.44,786.98,786.44,786.91,80.983
1790078580000,786.91,787.0,786.58,786.87,51.606
1790078640000,786.88,786.93,786.53,786.61,82.92
1790078700000,786.62,786.92,786.62,786.77,36.615
1790078760000,786.77,786.9,786.56,786.66,124.837
1790078820000,786.67,786.67,786.3,786.44,47.375
1790078880000,786.44,786.47,786.32,786.47,122.632
1790078940000,786.47,786.66,786.1,786.18,69.319
1790079000000,786.18,786.48,786.17,786.48,66.245
1790079060000,786.48,786.48,786.0,786.01,187.051
1790079120000,786.01,786.28,786.0,786.28,54.631
1790079180000,786.28,786.59,786.22,786.36,212.364
1790079240000,786.37,786.37,785.6,785.6,95.154
1790079300000,785.59,785.6,785.0,785.11,116.248
1790079360000,785.1,785.79,785.05,785.07,61.284
1790079420000,785.07,785.17,784.88,785.12,73.424
1790079480000,785.13,785.25,784.94,785.05,91.134
1790079540000,785.05,785.84,785.0,785.83,200.859
1790079600000,785.82,786.34,785.75,786.23,106.495
1790079660000,786.23,786.67,786.08,786.67,46.982
1790079720000,786.67,786.68,786.4,786.48,81.272
1790079780000,786.47,786.66,785.84,785.99,163.662
1790079840000,786.0,786.31,785.91,786.25,87.698
1790079900000,786.24,786.43,786.16,786.43,34.117
1790079960000,786.42,786.52,786.07,786.28,52.333
1790080020000,786.27,786.99,786.27,786.98,62.646
1790080080000,786.94,786.97,786.75,786.93,27.988
1790080140000,786.92,787.43,786.92,787.4,159.628
1790080200000,787.4,788.09,787.31,787.92,198.052
1790080260000,787.93,787.98,787.55,787.91,48.453
1790080320000,787.92,788.33,787.91,788.06,113.006
1790080380000,788.07,788.09,787.45,787.56,120.026
1790080440000,787.56,787.58,787.28,787.3,50.363
1790080500000,787.3,787.38,787.14,787.24,115.598
1790080560000,787.24,787.79,787.13,787.61,83.996
1790080620000,787.6,787.6,787.13,787.55,188.994
1790080680000,787.55,787.68,787.39,787.39,63.133
1790080740000,787.39,787.77,787.27,787.27,35.051
1790080800000,787.28,787.72,787.2,787.71,45.886
1790080860000,787.71,787.71,787.48,787.58,166.355
1790080920000,787.58,787.58,787.0,787.29,39.447
1790080980000,787.28,788.0,787.26,788.0,121.738
1790081040000,788.0,788.0,787.36,787.69,101.89
1790081100000,787.7,787.87,787.6,787.71,83.274
1790081160000,787.7,787.86,787.45,787.45,223.201
1790081220000,787.45,787.73,787.2,787.2,120.561
1790081280000,787.19,787.61,787.18,787.57,137.007
1790081340000,787.55,787.88,787.3,787.88,36.705
1790081400000,787.88,788.25,787.81,788.04,98.107
1790081460000,788.04,788.45,788.02,788.4,34.495
1790081520000,788.41,788.97,788.37,788.53,248.729
1790081580000,788.53,789.07,788.52,789.07,204.41
1790081640000,789.07,789.07,788.85,788.87,211.735
1790081700000,788.87,789.91,788.87,789.67,266.212
1790081760000,789.67,790.65,789.67,790.19,475.076
1790081820000,790.19,790.96,790.19,790.84,117.612
1790081880000,790.84,791.53,790.84,791.14,118.156
1790081940000,791.13,791.49,790.85,791.48,150.571
1790082000000,791.49,791.53,791.05,791.21,94.103
1790082060000,791.22,791.78,791.21,791.77,180.068
1790082120000,791.76,792.16,791.76,792.16,117.029
1790082180000,792.16,792.16,791.89,791.9,41.995
1790082240000,791.91,791.92,791.03,791.15,77.159
1790082300000,791.15,791.62,791.15,791.32,67.941
1790082360000,791.32,791.85,791.04,791.72,55.138
1790082420000,791.72,791.79,791.43,791.47,127.009
1790082480000,791.47,791.58,791.13,791.13,80.933
1790082540000,791.12,791.13,790.4,790.49,162.13
1790082600000,790.48,790.54,790.08,790.53,109.538
1790082660000,790.53,792.3,790.28,790.28,1394.339
1790082720000,790.27,790.76,790.15,790.76,65.259
1790082780000,790.76,791.11,790.63,790.64,152.565
1790082840000,790.63,790.81,790.46,790.46,159.021
1790082900000,790.46,790.46,789.5,789.55,87.125
1790082960000,789.56,790.05,789.51,789.93,80.858
1790083020000,789.93,790.13,789.5,790.13,87.723
1790083080000,790.13,790.26,789.83,790.17,53.503
1790083140000,790.18,790.56,790.01,790.06,149.76
1790083200000,790.06,790.41,789.8,790.29,40.307
1790083260000,790.29,790.69,790.24,790.29,34.488
1790083320000,790.28,790.29,789.68,789.9,30.206
1790083380000,789.9,790.05,789.59,790.04,97.625
1790083440000,790.04,790.04,789.5,789.51,38.967
1790083500000,789.5,789.51,789.0,789.01,138.661
1790083560000,789.01,789.01,788.77,788.89,32.057
1790083620000,788.89,788.99,788.18,788.87,184.546
1790083680000,788.86,789.3,788.29,789.01,201.258
1790083740000,789.01,789.01,788.42,788.72,64.303
1790083800000,788.71,789.22,787.35,788.42,351.241
1790083860000,788.42,789.73,788.31,789.32,166.723
1790083920000,789.3,790.0,789.05,789.92,134.58
1790083980000,789.92,790.0,789.8,790.0,988.896
1790084040000,790.0,790.59,789.83,790.38,2318.915
1790084100000,790.38,790.95,790.15,790.16,399.886
1790084160000,790.16,790.25,788.56,789.11,560.444
1790084220000,789.19,789.36,787.79,787.88,79.417
1790084280000,787.89,788.83,787.61,788.55,418.367
1790084340000,788.54,788.54,787.63,787.65,282.164
1790084400000,787.64,787.64,786.66,787.13,178.096
1790084460000,787.14,788.0,787.07,788.0,141.36
1790084520000,787.99,788.74,787.99,788.67,59.071
1790084580000,788.68,789.34,788.6,789.16,122.249
1790084640000,789.15,789.25,788.74,788.88,30.766
1790084700000,788.92,788.92,788.32,788.37,106.158
1790084760000,788.36,788.66,787.71,788.08,67.588
1790084820000,788.09,789.0,788.06,788.71,77.837
1790084880000,788.7,789.74,788.41,789.47,174.588
1790084940000,789.46,789.95,789.44,789.83,36.04
1790085000000,789.84,790.38,789.84,790.38,62.523
1790085060000,790.39,790.4,789.74,789.76,121.523
1790085120000,789.75,790.13,789.43,790.0,37.013
1790085180000,790.0,790.17,789.88,790.05,64.398
1790085240000,790.05,790.2,789.94,790.17,85.827
1790085300000,790.16,790.41,789.95,790.16,95.884
1790085360000,790.17,790.25,789.84,790.2,177.812
1790085420000,790.19,790.66,790.11,790.66,138.988
1790085480000,790.66,791.74,790.66,791.69,183.004
1790085540000,791.69,794.22,791.39,791.57,1854.673
1790085600000,791.57,791.67,790.73,790.74,69.212
1790085660000,790.73,791.09,790.43,791.09,166.215
1790085720000,791.09,791.22,790.72,790.92,250.178
1790085780000,790.93,790.93,790.45,790.46,20.164
1790085840000,790.45,790.69,790.24,790.37,38.625
1790085900000,790.36,790.54,789.97,790.04,84.109
1790085960000,790.03,790.03,789.04,789.49,645.211
1790086020000,789.5,790.77,789.5,790.29,162.672
1790086080000,790.29,790.44,789.63,790.11,99.568
1790086140000,790.1,790.1,789.36,789.5,156.098
1790086200000,789.49,790.01,789.1,789.59,741.786
1790086260000,789.59,790.9,789.58,790.57,61.751
1790086320000,790.57,791.06,790.38,791.06,27.352
1790086380000,791.09,791.92,790.55,791.28,253.513
1790086440000,791.28,791.28,790.82,791.07,125.143
1790086500000,791.07,791.2,790.42,790.42,42.635
1790086560000,790.42,790.67,790.02,790.03,31.194
1790086620000,790.03,790.04,789.29,789.51,61.785
1790086680000,789.5,789.5,788.89,789.17,535.491
1790086740000,789.18,789.25,788.61,788.61,83.16
1790086800000,788.62,788.62,788.18,788.32,85.506
1790086860000,788.33,788.65,787.78,788.65,219.262
1790086920000,788.65,788.88,787.98,788.31,40.394
1790086980000,788.32,788.64,788.24,788.33,67.827
1790087040000,788.32,788.5,787.96,788.25,73.916
1790087100000,788.26,788.35,787.77,787.77,150.605
1790087160000,787.77,787.77,787.11,787.27,336.031
1790087220000,787.27,787.53,787.0,787.53,146.259
1790087280000,787.55,787.93,787.37,787.37,183.854
1790087340000,787.38,787.44,786.76,786.76,149.54
1790087400000,786.75,786.75,785.2,785.45,567.092
1790087460000,785.45,785.98,784.5,785.56,303.183
1790087520000,785.56,785.58,783.84,784.04,460.497
1790087580000,784.03,784.62,783.66,784.39,203.865
1790087640000,784.39,785.21,784.33,784.46,288.743
1790087700000,784.46,784.6,780.12,781.16,2623.552
1790087760000,781.16,782.59,781.16,781.71,700.549
1790087820000,781.7,782.83,781.58,782.55,351.558
1790087880000,782.54,783.81,782.36,783.36,178.027
1790087940000,783.37,784.54,783.35,784.23,251.538
1790088000000,784.23,784.74,783.51,784.73,286.663
1790088060000,784.74,784.77,783.5,783.55,235.521
1790088120000,783.55,783.55,782.0,782.04,764.655
1790088180000,782.01,782.42,781.8,782.34,191.715
1790088240000,782.33,783.09,782.08,782.72,167.92
1790088300000,782.72,783.38,782.55,782.78,207.531
1790088360000,782.77,783.55,782.52,783.55,142.14
1790088420000,783.54,784.14,783.17,784.06,40.877
1790088480000,784.06,784.18,783.69,784.18,157.583
1790088540000,784.17,784.55,784.07,784.41,99.28
1790088600000,784.42,784.95,784.4,784.95,191.737
1790088660000,784.95,785.41,784.73,784.89,188.03
1790088720000,784.85,785.05,784.57,784.74,32.069
1790088780000,784.74,785.03,784.1,785.03,106.418
1790088840000,785.03,785.19,784.86,785.19,75.048
1790088900000,785.18,785.97,785.18,785.97,103.692
1790088960000,785.98,786.02,785.74,785.83,29.596
1790089020000,785.84,786.22,785.84,786.05,203.339
1790089080000,786.06,786.6,786.05,786.5,96.087
1790089140000,786.51,787.0,786.5,786.91,27.844
1790089200000,786.9,786.97,786.17,786.36,98.821
1790089260000,786.37,786.89,786.31,786.89,22.342
1790089320000,786.89,787.91,786.89,787.9,94.05
1790089380000,787.88,787.89,786.95,787.12,118.666
1790089440000,787.12,787.73,787.12,787.73,52.775
1790089500000,787.74,788.23,787.51,787.8,140.208
1790089560000,787.8,788.2,787.45,787.6,20.585
1790089620000,787.58,787.58,787.23,787.54,116.719
1790089680000,787.54,787.87,787.54,787.87,20.112
1790089740000,787.86,788.14,786.91,787.4,371.164
1790089800000,787.4,787.73,787.29,787.53,103.602
1790089860000,787.53,787.73,787.22,787.73,146.419
1790089920000,787.73,787.87,787.52,787.87,55.382
1790089980000,787.87,788.0,787.41,787.49,212.968
1790090040000,787.5,788.39,787.5,788.35,111.206
1790090100000,788.35,788.59,787.82,787.82,130.364
1790090160000,787.82,788.04,787.8,787.94,35.559
1790090220000,787.94,788.04,787.5,787.5,38.369
1790090280000,787.51,788.25,787.34,787.75,188.495
1790090340000,787.73,788.6,787.68,788.56,148.524
1790090400000,788.56,788.66,788.15,788.21,49.229
1790090460000,788.23,788.99,788.22,788.99,59.21
1790090520000,788.99,789.63,788.99,789.63,235.248
1790090580000,789.63,789.88,789.15,789.68,86.202
1790090640000,789.69,789.9,789.28,789.28,91.276
1790090700000,789.28,789.47,788.79,789.47,58.807
1790090760000,789.47,789.6,789.12,789.43,41.84
1790090820000,789.43,789.43,788.82,789.02,21.371
1790090880000,789.03,789.23,789.03,789.17,32.964
1790090940000,789.11,789.14,788.87,788.87,130.183
1790091000000,788.86,788.99,788.49,788.57,60.9
1790091060000,788.57,788.76,788.41,788.75,84.099
1790091120000,788.75,789.13,788.75,788.86,28.115
1790091180000,788.85,789.11,788.85,788.94,13.348
1790091240000,788.99,788.99,788.12,788.53,234.661
1790091300000,788.52,788.82,788.2,788.34,87.53
1790091360000,788.34,789.06,788.33,789.06,37.705
1790091420000,789.06,789.07,788.52,788.71,21.843
1790091480000,788.7,788.7,787.92,788.03,89.811
1790091540000,788.04,788.5,788.03,788.27,55.462
1790091600000,788.27,789.01,788.27,788.51,132.454
1790091660000,788.5,788.79,788.23,788.79,95.287
1790091720000,788.78,789.69,788.77,789.15,150.12
1790091780000,789.15,789.26,788.82,789.03,57.974
1790091840000,789.03,789.74,789.03,789.74,36.308
1790091900000,789.73,789.92,789.59,789.85,134.682
1790091960000,789.85,790.69,789.52,789.52,391.086
1790092020000,789.5,789.53,788.78,789.53,162.24
1790092080000,789.54,789.92,789.54,789.84,39.827
1790092140000,789.85,790.12,789.54,789.55,298.138
1790092200000,789.54,789.55,788.87,788.87,29.7
1790092260000,788.87,788.87,788.4,788.46,31.811
1790092320000,788.45,788.76,788.16,788.56,164.645
1790092380000,788.56,788.63,787.79,788.02,63.259
1790092440000,787.95,788.21,787.95,788.04,53.741
1790092500000,788.05,788.1,787.67,787.8,145.765
1790092560000,787.81,788.04,787.71,788.01,26.754
1790092620000,788.0,788.01,787.64,787.73,80.552
1790092680000,787.72,788.14,787.72,787.82,73.612
1790092740000,787.81,788.0,787.77,787.93,29.094
1790092800000,787.93,788.07,787.71,787.79,100.223
1790092860000,787.79,788.15,787.52,787.52,76.869
1790092920000,787.53,788.39,787.52,787.92,206.608
1790092980000,787.9,788.55,787.75,788.55,92.805
1790093040000,788.55,788.61,787.55,787.69,97.532
1790093100000,787.7,787.7,787.14,787.4,69.985
1790093160000,787.4,788.0,787.01,787.99,65.725
1790093220000,787.99,788.65,787.96,788.54,55.624
1790093280000,788.55,788.55,787.49,787.85,223.409
1790093340000,787.85,787.95,787.45,787.45,58.552
1790093400000,787.45,787.51,786.92,786.93,165.417
1790093460000,786.92,786.92,786.32,786.75,190.518
1790093520000,786.74,786.8,786.18,786.33,39.397
1790093580000,786.32,786.41,785.88,785.88,48.098
1790093640000,785.89,786.22,785.72,786.22,77.575
1790093700000,786.21,786.24,785.69,786.18,44.603
1790093760000,786.2,786.74,786.2,786.39,71.585
1790093820000,786.39,786.42,785.86,785.91,44.107
1790093880000,785.91,785.93,785.46,785.56,95.601
1790093940000,785.56,785.56,785.08,785.33,79.782
1790094000000,785.34,785.63,785.03,785.51,74.813
1790094060000,785.52,786.2,785.52,786.01,93.351
1790094120000,786.01,786.2,785.6,785.6,20.621
1790094180000,785.6,786.1,785.38,785.89,181.242
1790094240000,785.88,786.05,785.72,786.04,95.774
1790094300000,786.05,786.66,785.95,785.95,155.902
1790094360000,785.96,786.0,785.67,785.67,132.231
1790094420000,785.66,785.71,785.35,785.7,397.738
1790094480000,785.71,785.76,785.48,785.48,24.566
1790094540000,785.49,786.13,785.49,785.99,150.888
1790094600000,785.99,786.4,785.81,786.05,51.377
1790094660000,786.05,786.14,785.37,785.66,59.083
1790094720000,785.67,786.22,785.66,785.83,142.463
1790094780000,785.83,786.16,785.47,786.16,88.734
1790094840000,786.15,786.46,785.62,786.45,52.274
1790094900000,786.45,786.46,785.95,786.18,76.856
1790094960000,786.17,786.28,786.02,786.22,34.19
1790095020000,786.21,786.47,786.13,786.19,92.649
1790095080000,786.2,786.57,786.19,786.57,52.085
1790095140000,786.57,786.63,786.36,786.63,78.26
1790095200000,786.64,787.66,786.64,787.65,80.853
1790095260000,787.65,787.89,787.65,787.66,86.954
1790095320000,787.66,787.69,787.0,787.44,82.953
1790095380000,787.43,788.0,787.43,788.0,13.261
1790095440000,787.99,788.62,787.99,788.39,153.063
1790095500000,788.4,788.62,788.13,788.52,528.841
1790095560000,788.52,788.52,788.0,788.01,23.086
1790095620000,788.0,788.01,787.88,787.88,24.391
1790095680000,787.88,788.75,787.63,788.16,113.905
1790095740000,788.15,789.4,788.15,789.4,65.553
1790095800000,789.39,790.51,789.34,790.5,272.772
1790095860000,790.5,790.91,790.02,790.91,164.213
1790095920000,790.9,791.0,790.67,790.99,129.615
1790095980000,790.99,791.15,790.55,790.58,123.48
1790096040000,790.57,790.57,789.45,790.41,318.172
1790096100000,790.41,790.5,790.02,790.06,58.176
1790096160000,790.06,790.32,790.0,790.32,62.024
1790096220000,790.32,790.33,790.1,790.29,42.721
1790096280000,790.28,790.28,789.96,789.98,85.224
1790096340000,789.98,789.98,789.3,789.31,156.524
1790096400000,789.31,789.36,789.01,789.1,91.989
1790096460000,789.11,789.54,789.1,789.54,53.721
1790096520000,789.53,789.9,789.3,789.37,123.301
1790096580000,789.38,789.97,789.38,789.97,103.967
1790096640000,789.97,789.97,789.64,789.65,85.284
1790096700000,789.63,790.03,789.61,789.94,89.576
1790096760000,789.95,789.98,789.74,789.93,48.483
1790096820000,789.92,789.98,789.85,789.92,33.73
1790096880000,789.92,790.07,789.75,790.07,72.856
1790096940000,790.06,790.07,789.12,789.29,223.672
1790097000000,789.28,789.47,789.27,789.46,32.53
1790097060000,789.47,790.0,789.46,789.99,94.198
1790097120000,790.0,790.05,788.66,788.76,183.428
1790097180000,788.77,789.26,788.6,789.15,164.236
1790097240000,789.16,789.29,788.65,789.11,178.774
1790097300000,789.12,789.81,789.12,789.77,117.442
1790097360000,789.76,789.77,788.8,788.9,146.353
1790097420000,788.9,789.08,788.24,788.24,143.685
1790097480000,788.25,788.42,787.58,787.59,93.619
1790097540000,787.58,788.8,787.58,788.8,290.146
1790097600000,788.81,789.23,788.28,788.29,161.747
1790097660000,788.29,788.52,788.21,788.52,58.201
1790097720000,788.52,788.64,788.5,788.59,166.3
1790097780000,788.59,788.64,788.44,788.45,100.619
1790097840000,788.45,788.89,788.44,788.87,97.653
1790097900000,788.87,789.04,788.78,788.79,76.847
1790097960000,788.79,788.79,788.1,788.26,89.712
1790098020000,788.26,788.32,788.15,788.16,53.645
1790098080000,788.15,788.3,788.15,788.22,137.741
1790098140000,788.23,788.51,788.23,788.29,89.188
1790098200000,788.29,788.77,788.03,788.71,109.43
1790098260000,788.72,788.96,788.58,788.88,257.744
1790098320000,788.88,789.0,788.36,788.36,145.108
1790098380000,788.37,788.61,788.36,788.59,199.427
1790098440000,788.6,788.88,788.15,788.21,209.833
1790098500000,788.21,788.22,787.79,788.01,141.391
1790098560000,788.01,788.16,787.82,787.83,42.559
1790098620000,787.83,787.9,787.48,787.49,36.962
1790098680000,787.49,787.7,787.49,787.69,13.745
1790098740000,787.69,787.92,787.22,787.49,138.571
1790098800000,787.49,787.53,787.27,787.31,45.671
1790098860000,787.31,787.66,787.31,787.54,73.062
1790098920000,787.54,788.0,787.24,788.0,25.395
1790098980000,788.0,788.32,787.66,787.66,210.33
1790099040000,787.67,787.67,787.3,787.38,55.684
1790099100000,787.39,787.39,787.27,787.29,17.483
1790099160000,787.3,787.3,786.78,786.98,94.603
1790099220000,786.97,787.22,786.89,787.09,37.575
1790099280000,787.09,787.59,787.0,787.59,271.097
1790099340000,787.6,787.6,787.19,787.19,31.405
1790099400000,787.2,787.22,787.03,787.04,16.805
1790099460000,787.03,787.03,786.75,786.87,19.943
1790099520000,786.86,788.18,786.86,788.18,207.905
1790099580000,788.18,788.18,787.5,787.55,79.988
1790099640000,787.54,788.59,787.54,787.98,242.061
1790099700000,787.97,788.21,787.57,788.21,84.163
1790099760000,788.21,788.93,788.21,788.92,50.148
1790099820000,788.93,788.93,788.75,788.78,59.574
1790099880000,788.78,788.78,788.41,788.53,60.282
1790099940000,788.52,788.6,788.28,788.59,58.352
1790100000000,788.6,788.79,788.11,788.13,80.684
1790100060000,788.14,788.14,787.7,787.87,75.957
1790100120000,787.87,788.19,787.56,787.79,127.429
1790100180000,787.79,788.22,787.78,788.22,24.514
1790100240000,788.21,788.37,787.79,787.79,105.138
1790100300000,787.8,788.28,787.8,788.15,51.895
1790100360000,788.16,788.23,787.82,788.06,69.161
1790100420000,788.07,788.07,787.83,787.85,34.182
1790100480000,787.85,788.06,787.69,787.98,92.068
1790100540000,787.97,788.07,787.96,787.99,28.947
1790100600000,787.99,788.07,787.47,787.47,33.593
1790100660000,787.47,788.38,787.37,788.38,132.12
1790100720000,788.37,788.52,788.22,788.39,20.314
1790100780000,788.39,788.4,788.11,788.39,9.375
1790100840000,788.39,788.49,787.8,787.92,56.746
1790100900000,787.94,788.38,787.94,788.25,34.81
1790100960000,788.24,788.58,788.24,788.55,14.555
1790101020000,788.56,788.62,788.28,788.46,27.608
1790101080000,788.46,788.66,788.4,788.61,51.657
1790101140000,788.61,788.61,788.18,788.19,61.567
1790101200000,788.18,788.21,787.95,788.19,24.993
1790101260000,788.19,788.34,787.81,787.83,33.957
1790101320000,787.86,788.09,787.83,787.84,38.034
1790101380000,787.83,788.04,787.83,787.9,25.018
1790101440000,787.88,788.01,787.48,787.51,51.561
1790101500000,787.51,787.52,786.41,786.46,126.792
1790101560000,786.47,786.91,786.4,786.91,11.376
1790101620000,786.9,786.95,786.22,786.22,183.97
1790101680000,786.22,786.35,786.06,786.12,38.139
1790101740000,786.11,786.47,786.01,786.01,151.21
1790101800000,786.01,786.16,785.86,786.08,94.807
1790101860000,786.07,786.56,786.07,786.41,48.64
1790101920000,786.41,786.59,786.0,786.08,111.702
1790101980000,786.08,786.27,785.97,785.97,36.252
1790102040000,785.96,786.24,785.88,785.9,29.819
1790102100000,785.91,786.16,785.87,786.16,21.65
1790102160000,786.16,786.39,785.54,785.54,233.356
1790102220000,785.55,786.1,785.55,785.94,102.214
1790102280000,785.94,786.34,785.91,786.34,14.03
1790102340000,786.34,786.62,786.28,786.62,25.289
1790102400000,786.63,786.65,786.34,786.65,24.468
1790102460000,786.64,786.75,786.44,786.66,79.111
1790102520000,786.66,787.02,786.66,787.02,38.548
1790102580000,787.01,787.02,786.67,786.72,150.488
1790102640000,786.72,786.73,786.62,786.63,6.36
1790102700000,786.63,787.04,786.62,787.04,23.551
1790102760000,787.04,787.3,787.04,787.28,42.019
1790102820000,787.28,787.28,787.03,787.27,78.33
1790102880000,787.26,787.39,787.26,787.34,20.187
1790102940000,787.34,787.61,787.09,787.29,245.63
1790103000000,787.29,787.46,786.85,786.94,58.465
1790103060000,786.95,787.1,786.95,786.99,23.915
1790103120000,786.99,787.2,786.7,787.13,152.589
1790103180000,787.13,787.35,787.01,787.34,81.546
1790103240000,787.35,787.35,787.02,787.33,19.781
1790103300000,787.32,787.83,787.32,787.34,146.794
1790103360000,787.34,787.51,787.19,787.2,13.635
1790103420000,787.2,787.45,787.19,787.36,32.508
1790103480000,787.36,787.52,787.3,787.3,58.059
1790103540000,787.3,787.44,787.27,787.44,74.158
1790103600000,787.44,788.28,787.44,788.28,70.908
1790103660000,788.28,788.69,788.27,788.69,84.044
1790103720000,788.69,788.9,788.46,788.87,219.336
1790103780000,788.85,788.85,788.38,788.39,63.033
1790103840000,788.39,788.56,788.38,788.56,20.169
1790103900000,788.56,788.8,788.38,788.44,92.5
1790103960000,788.44,789.03,788.44,789.03,81.553
1790104020000,789.03,789.12,788.85,788.9,127.61
1790104080000,788.9,788.9,788.45,788.6,87.431
1790104140000,788.59,788.73,788.36,788.73,90.498
1790104200000,788.73,788.77,788.48,788.53,55.038
1790104260000,788.53,788.8,788.44,788.77,101.922
1790104320000,788.77,788.81,788.61,788.81,54.745
1790104380000,788.82,788.9,788.4,788.59,123.058
1790104440000,788.6,788.75,788.34,788.43,84.846
1790104500000,788.43,788.75,788.43,788.75,42.477
1790104560000,788.76,789.27,788.76,789.27,53.319
1790104620000,789.27,789.35,789.01,789.06,91.493
1790104680000,789.06,789.58,789.06,789.5,54.584
1790104740000,789.5,789.92,789.49,789.83,55.596
1790104800000,789.84,789.9,789.23,789.35,67.651
1790104860000,789.36,789.45,789.23,789.32,46.671
1790104920000,789.31,789.32,789.13,789.13,28.149
1790104980000,789.12,789.12,789.0,789.0,10.296
1790105040000,789.0,789.1,788.85,789.01,45.281
1790105100000,789.01,789.54,789.0,789.42,37.6
1790105160000,789.43,789.47,788.99,789.12,73.369
1790105220000,789.11,789.39,789.11,789.3,64.436
1790105280000,789.31,789.69,789.2,789.31,43.322
1790105340000,789.32,789.39,789.1,789.39,52.932
1790105400000,789.39,789.79,789.25,789.35,236.372
1790105460000,789.34,789.34,789.02,789.05,26.893
1790105520000,789.05,789.28,788.77,789.13,89.735
1790105580000,789.13,789.25,788.85,788.91,42.054
1790105640000,788.9,789.27,788.56,789.27,94.314
1790105700000,789.27,789.4,788.7,788.71,84.363
1790105760000,788.71,788.84,788.36,788.37,22.377
1790105820000,788.37,788.51,787.61,787.61,36.329
1790105880000,787.61,787.61,787.21,787.24,11.352
1790105940000,787.25,788.0,787.24,787.57,207.564
1790106000000,787.57,787.87,787.57,787.85,6.367
1790106060000,787.84,787.89,787.26,787.76,21.029
1790106120000,787.75,788.22,787.75,788.22,45.001
1790106180000,788.21,788.21,786.99,787.16,265.663
1790106240000,787.17,787.17,786.62,787.13,94.711
1790106300000,787.13,787.38,787.11,787.12,30.579
1790106360000,787.13,787.43,787.13,787.3,23.2
1790106420000,787.3,787.3,786.6,786.6,34.26
1790106480000,786.6,787.28,786.56,786.92,75.895
1790106540000,786.93,786.98,786.78,786.92,34.136
1790106600000,786.91,786.91,786.49,786.58,168.426
1790106660000,786.57,786.57,786.32,786.52,53.775
1790106720000,786.52,786.91,786.52,786.66,21.653
1790106780000,786.65,786.65,785.93,785.94,115.773
1790106840000,785.94,785.94,785.6,785.65,104.403
1790106900000,785.64,785.79,785.47,785.72,58.76
1790106960000,785.72,786.0,785.61,786.0,23.879
1790107020000,786.0,786.21,786.0,786.1,26.447
1790107080000,786.09,786.44,785.87,786.14,146.245
1790107140000,786.15,786.43,785.89,786.33,253.357
1790107200000,786.34,786.5,786.23,786.33,36.364
1790107260000,786.33,786.33,786.0,786.06,32.974
1790107320000,786.06,786.3,785.85,786.3,98.079
1790107380000,786.3,786.74,786.3,786.72,42.558
1790107440000,786.73,786.75,786.62,786.74,29.35
1790107500000,786.74,786.82,786.41,786.42,65.435
1790107560000,786.41,786.41,785.83,785.84,165.018
1790107620000,785.84,785.98,785.83,785.98,20.923
1790107680000,785.98,786.14,785.96,786.0,52.727
1790107740000,785.99,786.06,785.41,785.41,103.408
1790107800000,785.41,785.63,785.26,785.63,85.035
1790107860000,785.62,785.63,785.0,785.15,133.847
1790107920000,785.15,785.36,785.14,785.36,31.466
1790107980000,785.37,785.37,785.33,785.33,21.996
1790108040000,785.33,785.33,785.01,785.04,25.824
1790108100000,785.05,785.4,785.04,785.4,37.967
1790108160000,785.4,785.55,785.0,785.01,63.771
1790108220000,785.01,785.12,784.7,784.71,169.577
1790108280000,784.71,784.91,784.64,784.83,67.932
1790108340000,784.84,785.24,784.67,784.68,258.024
1790108400000,784.67,785.29,784.62,785.29,49.856
1790108460000,785.28,785.65,785.28,785.65,22.359
1790108520000,785.67,786.04,785.67,785.85,57.846
1790108580000,785.85,785.85,785.41,785.43,34.523
1790108640000,785.42,786.24,785.35,786.19,174.907
1790108700000,786.19,786.19,786.01,786.13,10.297
1790108760000,786.13,786.6,786.13,786.52,132.462
1790108820000,786.51,786.64,786.28,786.64,37.86
1790108880000,786.64,786.72,786.63,786.72,21.772
1790108940000,786.71,787.18,786.71,786.89,133.091
1790109000000,786.88,786.89,785.84,785.84,478.737
1790109060000,785.83,785.84,785.36,785.49,72.975
1790109120000,785.49,785.51,785.25,785.25,18.308
1790109180000,785.24,786.16,785.24,785.76,491.52
1790109240000,785.75,786.21,785.75,785.99,60.802
1790109300000,785.99,786.11,785.99,786.1,5.415
1790109360000,786.11,786.36,786.1,786.22,29.624
1790109420000,786.21,786.27,786.07,786.08,8.294
1790109480000,786.08,786.08,785.79,785.8,10.547
1790109540000,785.8,785.85,785.8,785.85,17.229
1790109600000,785.85,785.85,785.84,785.85,4.16
1790109660000,785.84,785.84,785.69,785.7,27.162
1790109720000,785.7,785.84,785.7,785.84,14.788
1790109780000,785.84,785.97,785.74,785.74,6.891
1790109840000,785.74,785.74,785.68,785.69,7.07
1790109900000,785.69,785.69,785.21,785.22,38.356
1790109960000,785.21,785.41,785.21,785.3,30.606
1790110020000,785.3,785.31,785.23,785.23,16.742
1790110080000,785.22,785.22,784.77,785.02,56.737
1790110140000,785.02,785.35,785.02,785.35,128.067
1790110200000,785.35,785.35,785.34,785.34,19.249
1790110260000,785.34,785.35,784.91,785.16,107.953
1790110320000,785.16,785.17,784.85,784.88,50.962
1790110380000,784.88,784.9,784.87,784.9,31.441
1790110440000,784.89,784.89,784.54,784.67,63.593
1790110500000,784.67,785.01,784.67,785.0,4.872
1790110560000,785.0,785.01,784.92,784.92,33.521
1790110620000,784.92,785.13,784.91,784.94,14.006
1790110680000,784.94,784.94,784.8,784.87,9.253
1790110740000,784.86,784.87,784.0,784.87,462.296
1790110800000,784.87,784.99,784.87,784.91,23.98
1790110860000,784.91,785.18,784.91,785.18,63.458
1790110920000,785.19,785.8,785.19,785.8,87.287
1790110980000,785.79,785.8,785.08,785.09,184.39
1790111040000,785.08,785.33,785.08,785.17,12.541
1790111100000,785.17,785.22,785.15,785.18,27.189
1790111160000,785.19,785.19,785.0,785.01,23.446
1790111220000,785.01,785.33,784.95,785.33,9.318
1790111280000,785.33,785.4,785.33,785.39,5.938
1790111340000,785.4,785.47,784.92,784.96,117.423
1790111400000,784.97,784.97,784.75,784.77,23.147
1790111460000,784.77,785.05,784.76,785.05,15.745
1790111520000,785.04,785.04,784.61,784.64,47.982
1790111580000,784.64,784.95,784.33,784.79,80.079
1790111640000,784.8,784.8,784.79,784.79,5.214
1790111700000,784.79,784.79,784.63,784.63,17.632
1790111760000,784.63,784.64,784.59,784.6,26.291
1790111820000,784.6,784.96,784.6,784.96,23.812
1790111880000,784.95,784.96,784.85,784.92,11.177
1790111940000,784.92,785.04,784.64,784.64,164.048
1790112000000,784.65,784.86,784.65,784.86,34.851
1790112060000,784.85,784.86,784.59,784.6,31.3
1790112120000,784.6,784.86,784.59,784.86,3.128
1790112180000,784.86,785.4,784.77,785.21,26.87
1790112240000,785.21,785.31,785.17,785.31,3.294
1790112300000,785.3,785.31,785.12,785.13,54.435
1790112360000,785.12,785.13,784.72,784.73,22.369
1790112420000,784.73,785.13,784.73,784.97,208.656
1790112480000,784.97,785.13,784.96,785.12,197.399
1790112540000,785.12,785.21,784.9,784.93,120.025
1790112600000,784.93,784.94,784.92,784.93,5.791
1790112660000,784.92,785.07,784.92,785.06,36.058
1790112720000,785.07,785.26,784.49,785.0,272.363
1790112780000,785.01,785.01,784.97,784.98,12.414
1790112840000,784.98,785.01,784.98,785.01,4.311
1790112900000,785.0,785.04,784.99,785.0,17.324
1790112960000,785.0,785.19,784.65,785.18,193.086
1790113020000,785.17,785.24,785.17,785.21,20.931
1790113080000,785.22,785.22,784.98,785.0,30.257
1790113140000,785.0,785.24,784.98,785.02,136.759
1790113200000,785.01,785.01,784.42,784.43,72.822
1790113260000,784.43,784.61,784.42,784.55,43.312
1790113320000,784.55,784.62,784.29,784.35,52.544
1790113380000,784.34,784.42,783.96,784.12,187.681
1790113440000,784.12,784.48,784.09,784.35,23.47
1790113500000,784.36,784.4,784.35,784.4,10.694
1790113560000,784.4,784.75,784.4,784.69,10.789
1790113620000,784.69,784.79,784.68,784.79,8.149
1790113680000,784.8,784.87,784.76,784.77,10.742
1790113740000,784.77,784.97,784.73,784.97,27.285
1790113800000,784.97,785.11,784.94,784.97,47.991
1790113860000,784.97,785.1,784.97,785.1,16.919
1790113920000,785.09,785.1,784.73,784.74,6.415
1790113980000,784.73,785.09,784.73,784.95,78.302
1790114040000,784.95,784.95,784.74,784.75,13.76
1790114100000,784.75,784.83,784.75,784.75,22.78
1790114160000,784.75,784.89,784.74,784.74,32.07
1790114220000,784.74,784.86,784.36,784.43,85.864
1790114280000,784.42,784.43,784.3,784.3,24.11
1790114340000,784.3,784.3,784.21,784.21,13.589
1790114400000,784.22,784.96,784.22,784.96,120.596
1790114460000,784.96,785.01,784.42,784.43,35.781
1790114520000,784.44,784.44,783.14,783.61,209.817
1790114580000,783.6,784.28,782.34,784.15,489.351
1790114640000,784.16,784.22,783.23,783.37,17.17
1790114700000,783.38,784.25,783.3,784.25,27.214
1790114760000,784.25,784.99,784.25,784.74,35.655
1790114820000,784.74,784.74,784.06,784.1,15.257
1790114880000,784.09,784.15,783.53,784.14,61.492
1790114940000,784.15,784.51,783.63,783.64,168.176
1790115000000,783.65,783.65,783.42,783.47,21.349
1790115060000,783.47,783.69,783.43,783.43,19.83
1790115120000,783.43,783.48,783.2,783.32,32.464
1790115180000,783.32,783.38,782.71,783.21,71.587
1790115240000,783.21,783.58,783.13,783.58,12.723
1790115300000,783.58,783.96,783.42,783.95,58.377
1790115360000,783.95,784.0,783.64,783.82,22.828
1790115420000,783.83,784.34,783.83,784.16,77.059
1790115480000,784.17,784.65,784.03,784.65,37.924
1790115540000,784.66,785.33,784.52,785.03,179.069
1790115600000,785.03,785.33,785.02,785.13,33.153
1790115660000,785.12,785.29,784.87,785.29,21.077
1790115720000,785.3,785.45,784.92,785.02,60.499
1790115780000,785.01,785.12,784.62,784.65,40.079
1790115840000,784.66,784.66,784.42,784.61,11.549
1790115900000,784.6,784.82,784.6,784.82,19.499
1790115960000,784.82,785.07,784.81,785.07,41.419
1790116020000,785.06,785.06,784.79,784.8,12.987
1790116080000,784.8,784.86,784.79,784.85,15.17
1790116140000,784.85,784.85,784.74,784.85,6.607
1790116200000,784.85,785.08,784.85,785.0,14.469
1790116260000,785.01,785.01,784.82,784.85,33.971
1790116320000,784.85,785.42,784.85,785.28,26.453
1790116380000,785.28,785.79,785.2,785.79,42.771
1790116440000,785.79,786.04,785.79,785.97,22.981
1790116500000,785.97,786.46,785.97,786.28,156.241
1790116560000,786.29,786.32,785.9,786.29,10.597
1790116620000,786.29,786.35,786.17,786.17,12.8
1790116680000,786.16,786.47,786.07,786.41,32.333
1790116740000,786.4,786.88,786.37,786.88,188.245
1790116800000,786.88,787.0,786.79,786.94,123.43
1790116860000,786.93,786.93,786.77,786.87,18.666
1790116920000,786.87,786.96,786.6,786.73,228.473
1790116980000,786.72,786.72,786.57,786.69,16.97
1790117040000,786.7,787.29,786.68,787.29,135.949
1790117100000,787.29,787.57,787.24,787.28,42.258
1790117160000,787.27,787.67,786.96,787.67,190.411
1790117220000,787.68,787.81,787.52,787.78,100.976
1790117280000,787.77,787.85,787.27,787.3,202.504
1790117340000,787.29,787.44,787.11,787.44,22.765
1790117400000,787.43,787.43,786.69,787.21,93.426
1790117460000,787.21,787.63,787.04,787.27,41.567
1790117520000,787.28,787.39,787.03,787.03,89.738
1790117580000,787.03,787.57,787.0,787.49,54.734
1790117640000,787.48,787.49,787.23,787.36,33.752
1790117700000,787.36,788.0,787.36,788.0,176.823
1790117760000,788.0,788.0,787.82,787.83,16.517
1790117820000,787.82,787.83,787.65,787.69,65.306
1790117880000,787.68,787.69,787.48,787.63,33.241
1790117940000,787.6,787.6,787.35,787.48,12.241
1790118000000,787.48,787.54,787.31,787.43,145.433
1790118060000,787.43,787.63,787.28,787.37,60.748
1790118120000,787.37,787.37,787.08,787.17,47.755
1790118180000,787.17,787.81,787.12,787.71,179.476
1790118240000,787.71,788.12,787.7,787.73,187.823
1790118300000,787.73,788.88,787.73,788.88,100.56
1790118360000,788.88,789.0,788.63,788.77,101.055
1790118420000,788.77,789.09,788.77,789.09,70.254
1790118480000,789.08,789.09,788.65,789.09,106.43
1790118540000,789.09,789.7,789.09,789.7,125.908
1790118600000,789.71,789.79,789.44,789.6,108.211
1790118660000,789.6,790.0,789.32,790.0,82.484
1790118720000,789.99,790.45,789.5,789.66,332.331
1790118780000,789.66,789.88,789.45,789.87,50.639
1790118840000,789.88,790.4,789.88,790.36,63.026
1790118900000,790.35,790.81,790.24,790.78,118.763
1790118960000,790.79,791.25,790.78,790.91,68.802
1790119020000,790.9,791.09,790.81,790.91,70.826
1790119080000,790.92,791.02,790.63,790.88,44.23
1790119140000,790.87,790.95,790.4,790.4,53.173
1790119200000,790.4,790.87,790.38,790.49,121.847
1790119260000,790.49,790.61,789.9,789.91,149.459
1790119320000,789.92,790.44,789.91,790.25,20.057
1790119380000,790.26,790.49,790.15,790.15,33.275
1790119440000,790.15,790.23,789.88,789.88,98.169
1790119500000,789.88,789.89,789.18,789.31,121.123
1790119560000,789.31,789.48,788.7,788.71,65.606
1790119620000,788.7,788.86,788.49,788.49,26.421
1790119680000,788.5,788.97,788.29,788.86,148.131
1790119740000,788.86,789.2,788.66,789.09,39.148
1790119800000,789.09,789.09,788.68,789.01,26.9
1790119860000,789.01,789.44,788.1,788.19,97.928
1790119920000,788.19,788.44,788.0,788.01,41.97
1790119980000,788.02,788.09,786.94,787.55,313.73
1790120040000,787.54,788.31,787.43,788.3,113.926
1790120100000,788.31,788.65,788.01,788.16,35.244
1790120160000,788.16,788.19,787.89,787.89,29.415
1790120220000,787.88,788.0,787.68,787.95,48.374
1790120280000,787.95,788.6,787.85,788.41,220.604
1790120340000,788.41,788.45,788.25,788.26,9.84
1790120400000,788.26,788.54,788.18,788.54,22.178
1790120460000,788.54,788.54,788.38,788.4,27.614
1790120520000,788.39,788.4,788.09,788.2,57.709
1790120580000,788.21,789.07,788.21,788.68,192.2
1790120640000,788.68,788.85,788.65,788.84,114.392
1790120700000,788.85,789.44,788.85,789.22,63.8
1790120760000,789.22,789.31,788.95,789.02,25.3
1790120820000,789.02,789.16,788.85,788.97,19.379
1790120880000,788.97,789.08,788.48,788.62,149.928
1790120940000,788.62,788.86,787.87,788.09,113.916
1790121000000,788.09,788.23,787.83,788.21,17.391
1790121060000,788.21,788.47,788.04,788.47,145.79
1790121120000,788.46,788.73,788.46,788.46,26.317
1790121180000,788.47,788.71,788.34,788.69,23.749
1790121240000,788.67,788.67,788.11,788.27,98.505
1790121300000,788.28,788.39,788.03,788.04,15.097
1790121360000,788.03,788.14,787.99,788.14,48.929
1790121420000,788.14,788.21,788.14,788.21,9.08
1790121480000,788.2,788.4,788.14,788.4,20.93
1790121540000,788.4,788.4,788.23,788.38,76.704
1790121600000,788.39,788.39,787.66,787.85,139.854
1790121660000,787.84,788.1,787.84,787.91,60.342
1790121720000,787.91,788.28,787.91,788.28,20.613
1790121780000,788.27,788.72,788.27,788.72,83.21
1790121840000,788.72,788.9,788.28,788.29,278.461
1790121900000,788.3,788.42,788.04,788.27,233.41
1790121960000,788.28,788.99,788.27,788.89,45.872
1790122020000,788.89,788.98,788.22,788.6,191.06
1790122080000,788.6,789.37,788.6,789.25,142.725
1790122140000,789.26,789.79,789.26,789.79,124.803
1790122200000,789.8,790.11,789.8,789.9,71.447
1790122260000,789.89,790.44,789.89,790.44,116.26
1790122320000,790.44,790.79,790.44,790.64,80.263
1790122380000,790.64,791.15,790.63,791.15,59.083
1790122440000,791.15,791.15,791.02,791.04,135.181
1790122500000,791.04,791.04,790.81,791.02,191.404
1790122560000,791.03,791.25,791.02,791.18,82.896
1790122620000,791.18,791.29,791.07,791.26,82.466
1790122680000,791.25,791.5,791.25,791.5,105.325
1790122740000,791.51,791.79,791.51,791.78,36.899
1790122800000,791.79,792.4,791.76,791.85,255.826
1790122860000,791.84,791.97,791.57,791.84,77.993
1790122920000,791.84,791.84,791.56,791.65,70.503
1790122980000,791.65,792.07,791.58,791.71,116.261
1790123040000,791.7,791.7,791.37,791.41,60.049
1790123100000,791.4,791.4,790.8,790.85,141.747
1790123160000,790.85,791.21,790.84,791.12,77.971
1790123220000,791.12,792.29,791.06,792.17,138.594
1790123280000,792.17,793.37,792.1,792.41,922.681
1790123340000,792.41,792.41,791.87,791.89,48.194
1790123400000,791.89,792.83,791.85,792.57,158.643
1790123460000,792.57,792.66,792.24,792.24,86.557
1790123520000,792.25,792.25,791.47,791.96,53.065
1790123580000,791.96,792.18,791.91,791.92,169.564
1790123640000,791.93,791.93,791.7,791.82,25.195
1790123700000,791.82,791.87,791.61,791.7,82.078
1790123760000,791.69,792.02,791.54,792.02,36.471
1790123820000,792.02,792.02,791.13,791.13,28.808
1790123880000,791.14,791.36,791.07,791.31,26.4
1790123940000,791.32,792.02,791.32,791.58,33.239
1790124000000,791.57,792.14,791.53,791.97,72.997
1790124060000,791.97,792.25,791.97,792.2,65.315
1790124120000,792.19,792.2,791.7,791.91,487.012
1790124180000,791.9,791.92,791.32,791.48,531.372
1790124240000,791.48,791.48,791.21,791.21,38.629
1790124300000,791.22,791.34,791.06,791.22,47.802
1790124360000,791.21,791.43,790.98,791.43,58.7
1790124420000,791.42,791.42,791.24,791.31,7.025
1790124480000,791.3,791.3,790.98,790.99,29.923
1790124540000,790.98,790.99,790.36,790.99,133.035
1790124600000,790.99,791.31,790.98,791.31,191.282
1790124660000,791.31,791.49,791.31,791.39,63.901
1790124720000,791.39,791.86,791.38,791.4,38.439
1790124780000,791.4,791.41,791.21,791.24,35.073
1790124840000,791.25,791.4,790.88,790.97,26.133
1790124900000,790.97,790.97,790.88,790.96,15.59
1790124960000,790.95,791.02,790.7,790.7,25.676
1790125020000,790.69,790.74,790.69,790.74,18.073
1790125080000,790.74,790.74,790.37,790.41,83.994
1790125140000,790.41,790.46,790.23,790.37,44.559
1790125200000,790.38,790.86,790.15,790.85,90.92
1790125260000,790.86,790.86,790.21,790.31,61.313
1790125320000,790.32,791.18,790.32,791.15,100.659
1790125380000,791.16,791.43,791.16,791.42,63.439
1790125440000,791.42,791.45,790.7,790.71,71.491
1790125500000,790.71,791.42,790.63,791.41,55.749
1790125560000,791.41,791.85,791.25,791.85,36.126
1790125620000,791.85,792.38,791.81,791.81,763.444
1790125680000,791.82,792.06,791.6,791.93,111.268
1790125740000,791.93,792.15,791.06,791.06,45.578
1790125800000,791.05,791.06,790.5,790.5,28.825
1790125860000,790.5,791.6,790.5,791.47,98.087
1790125920000,791.47,791.83,791.2,791.83,69.703
1790125980000,791.82,792.47,791.77,792.22,151.342
1790126040000,792.22,792.29,791.6,791.75,38.334
1790126100000,791.76,791.91,791.6,791.89,66.178
1790126160000,791.88,791.92,791.68,791.77,24.5
1790126220000,791.76,791.76,791.4,791.58,29.068
1790126280000,791.58,791.99,791.58,791.98,22.316
1790126340000,791.97,792.44,791.97,792.43,33.378
1790126400000,792.44,792.5,792.25,792.41,55.434
1790126460000,792.35,792.47,792.0,792.15,234.045
1790126520000,792.15,792.39,792.06,792.26,104.358
1790126580000,792.26,792.42,791.96,792.08,134.115
1790126640000,792.08,792.08,791.62,792.06,104.538
1790126700000,792.06,792.59,791.89,791.9,183.091
1790126760000,791.9,792.08,791.72,791.82,26.477
1790126820000,791.83,791.84,791.35,791.42,60.576
1790126880000,791.42,791.48,791.25,791.47,90.977
1790126940000,791.47,792.0,791.47,792.0,181.798
1790127000000,791.99,792.41,791.89,792.16,122.628
1790127060000,792.16,792.35,791.82,791.83,54.704
1790127120000,791.83,791.83,791.01,791.24,92.786
1790127180000,791.23,791.23,790.5,791.15,111.848
1790127240000,791.15,791.38,790.98,791.37,36.906
1790127300000,791.38,791.38,790.27,790.27,88.883
1790127360000,790.27,790.4,790.05,790.06,56.645
1790127420000,790.05,790.25,789.55,789.71,120.682
1790127480000,789.71,790.34,789.41,790.34,41.063
1790127540000,790.35,790.79,789.73,789.74,49.312
1790127600000,789.74,789.88,789.65,789.88,43.519
1790127660000,789.88,789.88,789.25,789.4,91.744
1790127720000,789.39,789.84,789.24,789.5,56.031
1790127780000,789.5,790.04,789.41,789.82,52.141
1790127840000,789.82,789.82,789.29,789.29,65.354
1790127900000,789.29,789.3,788.86,788.99,57.114
1790127960000,788.92,789.25,788.77,789.05,29.192
1790128020000,789.06,789.18,788.49,788.55,30.113
1790128080000,788.55,788.95,788.49,788.83,14.519
1790128140000,788.83,788.97,788.49,788.56,42.926
1790128200000,788.56,788.73,788.0,788.62,343.058
1790128260000,788.62,788.87,788.33,788.37,42.144
1790128320000,788.38,788.38,787.92,788.01,61.798
1790128380000,788.01,788.35,787.93,787.93,19.239
1790128440000,787.93,787.93,787.22,787.22,198.231
1790128500000,787.22,787.84,787.07,787.84,131.695
1790128560000,787.83,788.27,787.83,788.22,101.166
1790128620000,788.22,788.5,788.22,788.49,32.68
1790128680000,788.49,788.56,788.19,788.26,42.185
1790128740000,788.25,788.88,788.02,788.87,49.464
1790128800000,788.86,788.96,788.71,788.96,41.001
1790128860000,788.95,788.95,788.19,788.49,149.497
1790128920000,788.48,788.48,787.88,788.4,92.862
1790128980000,788.4,788.67,788.0,788.01,27.889
1790129040000,788.0,788.24,787.92,788.11,18.119
1790129100000,788.11,788.11,787.9,788.0,34.359
1790129160000,788.0,788.35,787.79,787.85,59.979
1790129220000,787.85,787.85,787.26,787.26,32.191
1790129280000,787.26,788.26,787.26,788.26,26.856
1790129340000,788.27,788.27,787.86,788.01,24.372
1790129400000,788.01,788.01,787.32,787.39,50.752
1790129460000,787.39,787.94,787.39,787.87,35.232
1790129520000,787.87,788.03,787.82,788.0,29.837
1790129580000,788.0,788.0,787.39,787.58,67.786
1790129640000,787.58,787.95,787.3,787.95,45.751
1790129700000,787.96,788.8,787.96,788.46,25.149
1790129760000,788.46,789.15,788.12,789.14,36.328
1790129820000,789.15,789.53,789.11,789.49,49.505
1790129880000,789.49,789.57,789.35,789.36,16.813
1790129940000,789.36,790.18,789.35,789.99,98.221
1790130000000,790.0,791.24,790.0,790.96,180.71
1790130060000,790.96,792.24,790.82,791.97,130.886
1790130120000,791.96,792.04,791.61,792.0,74.29
1790130180000,792.0,792.0,791.21,791.56,41.806
1790130240000,791.55,791.55,791.0,791.17,32.321
1790130300000,791.16,791.4,790.98,791.2,33.991
1790130360000,791.22,791.36,790.93,791.13,9.811
1790130420000,791.14,791.55,791.05,791.05,16.331
1790130480000,791.06,791.14,790.8,791.14,15.592
1790130540000,791.13,791.14,790.96,790.98,32.501
1790130600000,790.97,791.26,790.27,791.16,35.685
1790130660000,791.16,791.27,790.9,791.14,19.35
1790130720000,791.15,791.48,791.15,791.47,14.31
1790130780000,791.47,791.47,791.05,791.18,15.52
1790130840000,791.19,791.21,791.1,791.11,49.132
1790130900000,791.11,791.21,790.8,791.16,177.21
1790130960000,791.15,791.16,790.7,790.8,9.025
1790131020000,790.81,791.06,790.76,790.77,6.377
1790131080000,790.77,791.26,790.71,791.08,137.226
1790131140000,791.08,791.46,791.03,791.41,141.363
1790131200000,791.4,791.41,791.03,791.4,10.098
1790131260000,791.39,791.85,791.26,791.7,55.791
1790131320000,791.68,791.73,791.5,791.51,31.831
1790131380000,791.51,791.65,791.42,791.42,22.984
1790131440000,791.4,791.44,791.09,791.28,130.839
1790131500000,791.28,791.46,791.19,791.44,34.491
1790131560000,791.44,791.44,791.31,791.34,9.562
1790131620000,791.34,792.0,791.34,791.68,84.218
1790131680000,791.67,791.95,791.23,791.23,69.697
1790131740000,791.23,791.24,791.12,791.14,7.233
1790131800000,791.14,791.14,791.06,791.14,10.586
1790131860000,791.14,791.27,791.14,791.27,13.889
1790131920000,791.27,791.68,791.05,791.67,41.982
1790131980000,791.68,791.68,791.55,791.67,20.41
1790132040000,791.67,791.68,791.52,791.57,14.636
1790132100000,791.57,791.82,791.42,791.62,119.351
1790132160000,791.63,792.03,791.63,792.03,30.363
1790132220000,792.04,792.36,792.03,792.36,62.641
1790132280000,792.36,792.86,792.36,792.86,171.465
1790132340000,792.87,793.17,792.86,793.16,124.274
1790132400000,793.16,793.36,792.9,793.34,102.558
1790132460000,793.34,793.45,793.2,793.27,65.545
1790132520000,793.27,793.27,792.69,792.89,68.08
1790132580000,792.88,792.89,792.54,792.54,67.98
1790132640000,792.55,792.69,792.37,792.61,34.648
1790132700000,792.6,793.25,792.6,792.9,69.698
1790132760000,792.89,792.9,792.71,792.87,40.206
1790132820000,792.88,792.88,792.6,792.61,71.182
1790132880000,792.6,794.1,792.41,793.04,1109.273
1790132940000,793.03,793.62,793.03,793.61,75.691
1790133000000,793.62,794.2,793.61,794.06,117.496
1790133060000,794.07,794.27,793.87,793.89,133.069
1790133120000,793.89,794.01,793.74,793.75,67.183
1790133180000,793.74,794.52,793.74,794.52,67.992
1790133240000,794.51,794.89,794.51,794.81,81.463
1790133300000,794.8,794.91,794.56,794.82,93.873
1790133360000,794.83,795.85,794.79,795.84,336.635
1790133420000,795.85,796.04,795.83,796.04,115.367
1790133480000,796.05,796.6,796.04,796.47,209.038
1790133540000,796.48,797.14,796.47,796.85,187.08
1790133600000,796.85,796.85,796.22,796.63,157.327
1790133660000,796.62,797.22,796.62,797.22,134.447
1790133720000,797.22,797.23,796.93,796.99,144.797
1790133780000,796.98,797.29,796.71,797.15,129.667
1790133840000,797.15,797.24,796.5,796.5,144.563
1790133900000,796.51,796.51,795.83,795.83,138.654
1790133960000,795.84,796.06,795.75,795.91,76.804
1790134020000,795.92,796.01,795.42,795.42,61.68
1790134080000,795.42,795.42,795.05,795.06,42.806
1790134140000,795.06,795.2,795.02,795.2,46.323
1790134200000,795.2,795.2,795.0,795.13,40.222
1790134260000,795.13,795.13,794.72,794.72,212.803
1790134320000,794.73,795.33,794.72,794.92,142.68
1790134380000,794.92,795.0,794.72,794.72,72.126
1790134440000,794.72,794.73,794.65,794.66,41.485
1790134500000,794.66,795.54,794.52,794.94,224.38
1790134560000,794.94,795.11,794.72,795.09,162.102
1790134620000,795.08,795.84,795.08,795.55,158.059
1790134680000,795.54,795.76,795.45,795.68,137.486
1790134740000,795.69,796.22,795.4,796.21,223.818
1790134800000,796.2,797.25,796.07,797.25,170.604
1790134860000,797.24,797.33,796.57,796.9,380.558
1790134920000,796.9,797.51,796.61,797.03,210.963
1790134980000,797.03,797.46,797.03,797.03,210.618
1790135040000,797.03,797.28,796.67,797.15,313.695
1790135100000,797.16,797.16,796.53,796.63,150.096
1790135160000,796.62,796.78,796.4,796.55,152.854
1790135220000,796.54,796.99,796.54,796.99,129.307
1790135280000,796.98,797.61,796.66,797.59,210.623
1790135340000,797.6,797.6,796.76,796.97,227.434
1790135400000,796.96,796.99,796.56,796.57,158.697
1790135460000,796.57,796.7,796.56,796.56,87.495
1790135520000,796.57,796.57,795.98,795.99,103.477
1790135580000,795.98,796.61,795.98,796.5,197.759
1790135640000,796.49,796.5,796.26,796.3,42.303
1790135700000,796.29,796.56,796.29,796.4,76.508
1790135760000,796.39,797.08,796.39,796.94,117.58
1790135820000,796.93,797.09,796.64,796.69,109.972
1790135880000,796.7,796.7,796.52,796.52,56.473
1790135940000,796.53,796.64,796.52,796.57,34.209
1790136000000,796.56,796.61,795.88,796.01,120.167
1790136060000,796.0,796.15,795.84,795.84,91.39
1790136120000,795.85,795.85,795.12,795.13,65.427
1790136180000,795.12,795.12,794.97,795.0,31.619
1790136240000,795.01,795.1,794.78,794.78,73.468
1790136300000,794.78,794.78,794.11,794.11,170.707
1790136360000,794.12,794.26,793.95,794.25,116.446
1790136420000,794.26,794.94,794.17,794.92,87.008
1790136480000,794.91,795.05,794.63,794.78,126.633
1790136540000,794.78,795.69,794.6,795.67,123.917
1790136600000,795.67,796.07,795.66,795.96,92.816
1790136660000,795.96,796.39,795.96,796.32,88.907
1790136720000,796.32,796.47,795.96,796.23,147.01
1790136780000,796.24,796.24,795.72,795.74,56.855
1790136840000,795.73,795.74,795.24,795.28,46.605
1790136900000,795.27,796.13,795.19,796.04,129.989
1790136960000,796.04,796.13,794.98,794.98,110.838
1790137020000,794.99,794.99,794.5,794.96,52.546
1790137080000,794.95,795.17,794.82,795.17,83.824
1790137140000,795.17,795.19,794.91,795.03,54.702
1790137200000,795.03,795.94,795.02,795.94,61.542
1790137260000,795.93,796.5,795.87,796.13,330.111
1790137320000,796.14,796.19,795.54,795.95,50.891
1790137380000,795.95,797.62,795.95,797.37,158.916
1790137440000,797.36,797.37,797.09,797.37,184.783
1790137500000,797.37,797.97,797.36,797.43,143.878
1790137560000,797.43,798.91,797.41,798.73,488.847
1790137620000,798.72,799.0,798.15,798.78,531.983
1790137680000,798.77,798.81,797.73,797.73,247.15
1790137740000,797.73,797.83,797.0,797.0,196.622
1790137800000,797.01,797.43,796.91,797.43,74.149
1790137860000,797.43,797.66,797.07,797.53,85.64
1790137920000,797.52,797.81,797.41,797.66,55.307
1790137980000,797.66,797.78,797.48,797.52,81.441
1790138040000,797.53,797.54,797.01,797.43,154.926
1790138100000,797.42,797.46,797.17,797.25,73.097
1790138160000,797.25,797.41,796.98,796.98,210.323
1790138220000,797.0,797.48,796.89,797.15,335.289
1790138280000,797.16,797.26,796.64,796.93,168.368
1790138340000,796.93,796.99,796.44,796.96,144.94
1790138400000,796.95,796.96,796.44,796.45,51.887
1790138460000,796.45,797.2,796.45,797.0,115.618
1790138520000,796.99,797.04,796.89,797.04,31.751
1790138580000,797.03,797.27,796.98,797.09,130.956
1790138640000,797.09,797.1,796.93,796.93,60.382
1790138700000,796.92,796.92,796.52,796.63,115.504
1790138760000,796.64,797.22,796.63,797.22,308.266
1790138820000,797.21,797.95,797.21,797.55,54.749
1790138880000,797.54,797.54,797.16,797.16,106.642
1790138940000,797.17,797.26,797.05,797.26,170.245
1790139000000,797.25,797.28,796.55,796.55,54.511
1790139060000,796.54,796.54,795.92,796.28,352.749
1790139120000,796.29,796.29,795.92,795.92,57.569
1790139180000,795.92,796.09,795.89,796.02,54.415
1790139240000,796.03,796.03,795.63,795.64,82.208
1790139300000,795.64,795.81,795.44,795.81,270.101
1790139360000,795.81,795.81,795.44,795.45,119.444
1790139420000,795.45,795.45,794.92,794.92,109.427
1790139480000,794.93,795.02,794.65,794.78,281.635
1790139540000,794.78,795.0,794.59,794.7,304.625
1790139600000,794.7,794.92,793.91,794.09,168.604
1790139660000,794.08,794.09,793.0,793.24,197.685
1790139720000,793.23,793.35,792.45,792.45,200.81
1790139780000,792.45,792.53,791.9,791.9,238.231
1790139840000,791.89,792.2,791.59,792.01,120.048
1790139900000,792.01,792.13,791.5,791.89,69.382
1790139960000,791.89,792.11,791.51,792.03,96.411
1790140020000,792.03,792.78,792.03,792.51,77.632
1790140080000,792.51,792.51,791.83,792.17,73.653
1790140140000,792.16,792.49,792.14,792.37,40.618
1790140200000,792.37,792.61,792.34,792.4,37.016
1790140260000,792.41,792.41,792.19,792.2,50.346
1790140320000,792.2,792.47,791.87,792.46,228.941
1790140380000,792.47,792.73,792.46,792.61,64.418
1790140440000,792.6,792.61,792.46,792.47,269.487
1790140500000,792.46,792.78,792.46,792.62,60.819
1790140560000,792.62,792.99,792.6,792.88,59.769
1790140620000,792.87,792.89,792.6,792.61,108.679
1790140680000,792.6,792.68,792.46,792.46,215.221
1790140740000,792.46,792.47,791.95,792.0,125.362
1790140800000,792.0,792.03,791.54,791.7,132.575
1790140860000,791.7,792.38,791.3,791.3,217.819
1790140920000,791.3,792.06,791.07,791.86,91.271
1790140980000,791.86,792.4,791.47,792.26,83.477
1790141040000,792.25,792.25,791.71,791.83,47.916
1790141100000,791.83,792.3,791.82,792.15,32.024
1790141160000,792.14,792.18,791.91,791.98,34.751
1790141220000,791.98,792.04,791.8,791.97,95.021
1790141280000,791.97,792.18,791.96,791.96,68.732
1790141340000,791.97,792.1,791.75,791.86,102.673
1790141400000,791.86,792.13,791.73,791.97,142.432
1790141460000,791.98,792.18,791.63,791.63,70.205
1790141520000,791.63,791.93,790.6,791.63,1126.842
1790141580000,791.62,792.18,791.38,791.92,59.596
1790141640000,791.91,791.97,791.79,791.93,80.956
1790141700000,791.93,792.09,791.77,792.03,35.439
1790141760000,792.02,792.14,791.85,791.89,50.537
1790141820000,791.9,792.0,791.86,791.89,56.975
1790141880000,791.9,792.1,791.5,791.51,64.127
1790141940000,791.5,791.66,791.5,791.66,23.944
1790142000000,791.65,792.04,791.65,792.04,34.698
1790142060000,792.05,792.62,792.04,792.62,87.78
1790142120000,792.61,792.65,792.37,792.51,69.522
1790142180000,792.51,792.51,791.95,791.95,70.796
1790142240000,791.96,791.96,791.71,791.86,67.067
1790142300000,791.86,792.43,791.85,792.34,72.059
1790142360000,792.34,792.49,792.25,792.35,108.497
1790142420000,792.35,792.46,792.33,792.34,35.914
1790142480000,792.34,792.42,792.0,792.01,205.617
1790142540000,792.01,792.01,790.78,791.01,153.414
1790142600000,791.01,791.12,790.28,790.29,101.976
1790142660000,790.28,790.62,790.25,790.62,81.817
1790142720000,790.63,790.84,790.4,790.47,42.488
1790142780000,790.47,790.62,790.03,790.28,44.788
1790142840000,790.28,790.57,790.18,790.5,70.557
1790142900000,790.51,790.51,790.04,790.05,24.939
1790142960000,790.04,790.35,789.54,790.35,182.674
1790143020000,790.35,790.7,790.24,790.34,39.073
1790143080000,790.34,790.37,789.66,790.37,151.752
1790143140000,790.36,790.77,790.19,790.7,43.875
1790143200000,790.7,791.14,790.69,790.72,94.549
1790143260000,790.72,790.94,790.49,790.74,75.551
1790143320000,790.74,791.21,790.47,791.21,42.137
1790143380000,791.2,791.58,791.2,791.52,24.033
1790143440000,791.51,791.84,791.32,791.37,177.998
1790143500000,791.39,791.89,791.38,791.89,52.39
1790143560000,791.89,792.1,791.88,792.1,47.132
1790143620000,792.1,792.12,791.36,791.36,74.178
1790143680000,791.37,791.49,791.36,791.47,12.433
1790143740000,791.47,791.58,791.47,791.54,73.332
1790143800000,791.54,791.54,791.22,791.29,37.025
1790143860000,791.28,791.31,791.0,791.31,44.008
1790143920000,791.31,791.75,791.3,791.74,11.401
1790143980000,791.75,791.94,791.68,791.94,52.246
1790144040000,791.93,791.97,791.46,791.73,289.782
1790144100000,791.74,792.12,791.72,792.08,101.048
1790144160000,792.09,792.4,791.97,792.1,66.42
1790144220000,792.1,792.1,791.78,792.05,22.265
1790144280000,792.05,792.2,791.81,792.01,58.978
1790144340000,792.0,792.37,791.98,792.08,106.748
1790144400000,792.09,792.2,791.98,792.2,176.846
1790144460000,792.2,792.48,791.91,791.92,74.151
1790144520000,791.91,792.06,791.84,791.97,82.628
1790144580000,791.98,792.23,791.71,791.72,26.891
1790144640000,791.72,791.76,791.54,791.55,12.688
1790144700000,791.55,791.82,791.55,791.82,14.738
1790144760000,791.82,791.97,791.64,791.65,31.607
1790144820000,791.65,791.65,791.25,791.26,37.809
1790144880000,791.26,791.52,791.25,791.34,20.994
1790144940000,791.35,791.43,790.87,791.07,100.381
1790145000000,791.07,791.07,789.79,790.17,670.466
1790145060000,790.18,790.8,789.83,790.8,111.236
1790145120000,790.8,790.92,790.38,790.91,37.978
1790145180000,790.9,790.96,790.83,790.91,21.524
1790145240000,790.91,791.53,790.91,791.52,40.678
1790145300000,791.53,791.53,791.4,791.41,47.371
1790145360000,791.4,791.47,791.15,791.4,95.102
1790145420000,791.39,791.98,791.19,791.98,106.666
1790145480000,791.97,792.19,791.86,792.19,50.42
1790145540000,792.18,792.19,792.05,792.06,35.169
1790145600000,792.05,792.24,792.03,792.04,24.639
1790145660000,792.04,792.46,792.03,792.33,99.938
1790145720000,792.32,792.52,792.23,792.5,61.181
1790145780000,792.5,792.5,792.21,792.21,47.045
1790145840000,792.21,792.51,792.08,792.51,86.146
1790145900000,792.51,792.74,792.4,792.73,55.436
1790145960000,792.74,792.74,791.95,791.99,94.206
1790146020000,791.99,792.32,791.89,791.9,71.541
1790146080000,791.9,791.98,791.9,791.95,24.947
1790146140000,791.95,791.96,791.5,791.57,49.367
1790146200000,791.58,791.91,791.5,791.72,33.429
1790146260000,791.73,792.07,791.72,791.88,78.286
1790146320000,791.93,791.93,791.43,791.47,33.256
1790146380000,791.47,791.53,791.06,791.23,32.34
1790146440000,791.23,791.59,791.1,791.36,71.791
1790146500000,791.35,791.56,791.08,791.55,85.628
1790146560000,791.56,791.6,790.97,791.42,303.292
1790146620000,791.42,791.42,791.35,791.36,13.181
1790146680000,791.36,792.04,791.35,792.03,63.394
1790146740000,792.04,792.09,791.86,792.07,83.976
1790146800000,792.07,792.07,791.5,791.5,31.464
1790146860000,791.5,791.59,791.1,791.36,48.499
1790146920000,791.36,791.37,790.33,790.97,141.907
1790146980000,790.98,791.43,790.62,791.34,100.888
1790147040000,791.34,791.52,791.14,791.24,59.959
1790147100000,791.25,791.3,790.39,790.5,65.59
1790147160000,790.49,790.56,789.92,789.99,124.304
1790147220000,789.99,790.42,789.93,790.42,35.913
1790147280000,790.42,790.78,790.33,790.51,43.185
1790147340000,790.51,790.51,789.61,789.69,61.386
1790147400000,789.69,790.08,789.69,789.7,140.791
1790147460000,789.7,789.81,789.52,789.77,88.739
1790147520000,789.77,790.2,789.69,790.2,57.437
1790147580000,790.2,790.29,789.63,789.8,107.583
1790147640000,789.79,789.8,789.57,789.64,29.475
1790147700000,789.64,790.06,789.64,790.03,31.592
1790147760000,790.03,790.62,789.63,790.62,166.172
1790147820000,790.62,790.62,790.38,790.48,41.925
1790147880000,790.47,790.53,790.28,790.53,30.821
1790147940000,790.52,790.73,790.11,790.35,185.077
1790148000000,790.35,790.7,790.27,790.7,44.039
1790148060000,790.69,790.7,790.31,790.49,70.926
1790148120000,790.48,790.49,790.26,790.34,114.801
1790148180000,790.34,790.34,789.99,790.06,122.014
1790148240000,790.06,790.42,789.92,789.95,38.589
1790148300000,789.94,790.18,789.92,790.05,38.603
1790148360000,790.05,790.05,789.49,789.57,27.648
1790148420000,789.57,790.16,789.56,790.16,64.086
1790148480000,790.16,790.43,790.15,790.3,119.0
1790148540000,790.29,790.29,790.08,790.25,64.802
1790148600000,790.25,790.33,790.01,790.13,54.988
1790148660000,790.13,790.47,790.0,790.0,79.198
1790148720000,790.01,790.01,789.37,789.78,70.425
1790148780000,789.78,789.78,789.07,789.07,28.975
1790148840000,789.07,789.08,788.35,788.4,313.959
1790148900000,788.39,788.39,787.76,787.76,202.213
1790148960000,787.77,788.25,787.38,788.0,266.779
1790149020000,787.99,788.53,787.52,788.48,72.636
1790149080000,788.48,788.53,788.16,788.19,57.931
1790149140000,788.19,788.19,787.61,787.8,103.597
1790149200000,787.78,788.63,787.73,788.61,74.511
1790149260000,788.6,788.77,788.34,788.69,92.288
1790149320000,788.69,788.69,788.3,788.35,40.438
1790149380000,788.35,788.44,788.19,788.2,28.298
1790149440000,788.19,788.19,786.88,787.35,605.72
1790149500000,787.34,788.45,787.34,788.44,105.96
1790149560000,788.45,788.86,788.44,788.61,136.502
1790149620000,788.61,788.61,788.16,788.28,60.705
1790149680000,788.28,788.6,787.9,788.6,187.22
1790149740000,788.6,788.88,788.12,788.35,90.346
1790149800000,788.36,788.88,788.24,788.82,74.874
1790149860000,788.81,789.02,788.64,789.02,25.813
1790149920000,789.02,789.13,788.93,789.03,45.237
1790149980000,789.03,789.06,788.2,788.35,126.074
1790150040000,788.35,788.59,788.26,788.49,157.891
1790150100000,788.49,788.59,788.41,788.46,19.767
1790150160000,788.46,788.52,788.13,788.13,33.523
1790150220000,788.13,788.32,787.89,788.19,39.174
1790150280000,788.2,788.4,788.2,788.28,16.332
1790150340000,788.28,788.7,788.26,788.52,98.59
1790150400000,788.52,789.1,788.52,788.99,179.819
1790150460000,789.0,789.36,789.0,789.17,33.954
1790150520000,789.16,789.45,789.16,789.2,44.066
1790150580000,789.18,789.21,788.14,788.27,65.851
1790150640000,788.28,788.49,787.87,787.9,90.223
1790150700000,787.89,787.89,786.88,786.96,217.142
1790150760000,786.97,787.08,786.35,786.58,164.362
1790150820000,786.59,787.41,786.52,787.4,175.327
1790150880000,787.4,788.08,787.39,788.08,299.499
1790150940000,788.08,788.46,788.08,788.36,60.96
1790151000000,788.36,789.02,788.35,789.02,68.834
1790151060000,789.02,789.69,789.02,789.66,115.824
1790151120000,789.65,789.91,789.55,789.8,74.525
1790151180000,789.79,790.0,789.73,789.74,54.867
1790151240000,789.73,789.74,789.07,789.66,58.922
1790151300000,789.67,790.87,789.67,790.81,163.011
1790151360000,790.82,790.84,790.5,790.81,106.211
1790151420000,790.8,790.88,790.59,790.88,78.714
1790151480000,790.88,790.88,790.39,790.48,160.254
1790151540000,790.48,790.49,790.27,790.3,74.842
1790151600000,790.3,790.49,790.3,790.44,103.518
1790151660000,790.45,790.82,790.24,790.25,250.259
1790151720000,790.25,790.61,790.21,790.39,90.255
1790151780000,790.39,790.45,789.83,790.08,64.151
1790151840000,790.09,790.1,789.76,789.77,82.283
1790151900000,789.77,790.18,789.77,789.78,88.585
1790151960000,789.78,790.15,789.77,789.99,73.347
1790152020000,790.0,790.0,789.86,789.88,31.855
1790152080000,789.87,789.88,789.13,789.72,345.633
1790152140000,789.71,789.71,789.29,789.43,56.757
1790152200000,789.43,789.91,789.35,789.73,124.016
1790152260000,789.72,790.11,789.5,789.54,176.308
1790152320000,789.54,789.79,789.54,789.68,20.983
1790152380000,789.68,790.02,789.65,789.65,36.961
1790152440000,789.65,789.79,789.64,789.7,21.249
1790152500000,789.7,789.79,789.7,789.71,13.28
1790152560000,789.71,790.02,789.7,790.02,60.434
1790152620000,790.02,790.44,790.01,790.39,69.645
1790152680000,790.39,790.4,790.15,790.24,54.111
1790152740000,790.24,790.24,789.57,789.99,67.751
1790152800000,789.99,790.06,789.86,790.06,27.512
1790152860000,790.05,790.29,790.05,790.09,116.815
1790152920000,790.09,790.09,790.02,790.05,47.537
1790152980000,790.05,790.05,789.31,789.32,84.155
1790153040000,789.31,789.33,789.17,789.33,33.462
1790153100000,789.33,789.33,789.0,789.01,111.516
1790153160000,789.01,789.2,788.84,788.96,56.152
1790153220000,788.97,788.97,787.55,788.08,368.873
1790153280000,788.09,788.56,787.92,788.5,27.684
1790153340000,788.5,788.5,785.27,785.64,598.336
1790153400000,785.64,785.91,784.58,785.17,760.838
1790153460000,785.16,785.43,784.38,784.39,205.113
1790153520000,784.39,784.93,784.17,784.22,203.887
1790153580000,784.21,785.48,784.0,784.75,445.035
1790153640000,784.75,785.53,784.74,784.95,49.482
1790153700000,784.95,785.54,784.86,785.53,111.5
1790153760000,785.53,785.97,785.22,785.97,49.595
1790153820000,785.98,786.48,785.97,786.41,123.399
1790153880000,786.41,786.41,786.21,786.21,71.879
1790153940000,786.21,786.21,785.77,786.18,47.392
1790154000000,786.18,786.6,786.17,786.44,86.212
1790154060000,786.43,786.44,786.1,786.4,34.196
1790154120000,786.4,786.99,786.4,786.99,105.271
1790154180000,786.99,787.0,786.76,786.83,47.802
1790154240000,786.83,787.26,786.83,786.99,143.87
1790154300000,786.99,787.57,786.61,787.37,171.237
1790154360000,787.38,787.9,787.32,787.89,216.06
1790154420000,787.89,788.34,787.89,788.02,85.256
1790154480000,788.01,788.1,787.89,788.1,73.695
1790154540000,788.1,788.5,788.08,788.4,208.692
1790154600000,788.41,788.41,787.95,787.96,32.064
1790154660000,787.96,787.96,787.56,787.93,195.55
1790154720000,787.93,787.93,787.77,787.88,67.301
1790154780000,787.88,787.88,787.4,787.41,32.258
1790154840000,787.4,787.48,787.09,787.22,66.851
1790154900000,787.23,787.48,786.93,787.37,92.553
1790154960000,787.38,787.85,787.37,787.84,101.269
1790155020000,787.85,788.15,787.25,787.25,230.212
1790155080000,787.32,787.59,786.98,787.11,61.725
1790155140000,787.11,787.32,787.02,787.3,43.185
1790155200000,787.3,787.49,787.04,787.16,58.746
1790155260000,787.16,787.83,786.75,787.69,177.136
1790155320000,787.7,787.86,787.64,787.86,70.573
1790155380000,787.85,788.03,787.85,787.91,81.678
1790155440000,787.92,788.3,787.92,788.29,112.77
1790155500000,788.3,788.42,787.85,787.97,38.983
1790155560000,787.96,788.02,787.8,787.91,38.269
1790155620000,787.92,788.08,787.82,787.88,20.649
1790155680000,787.88,787.88,786.82,787.2,145.528
1790155740000,787.2,787.2,786.84,787.07,30.317
1790155800000,787.07,787.44,787.06,787.42,18.809
1790155860000,787.42,787.42,787.02,787.16,21.664
1790155920000,787.17,787.17,786.71,786.79,58.861
1790155980000,786.8,787.09,786.6,787.01,87.977
1790156040000,787.0,787.01,786.57,786.73,84.768
1790156100000,786.74,786.94,786.57,786.65,79.453
1790156160000,786.64,786.77,786.64,786.71,37.177
1790156220000,786.72,786.84,786.36,786.42,66.76
1790156280000,786.42,786.67,786.36,786.5,27.778
1790156340000,786.5,786.51,785.13,785.33,183.607
1790156400000,785.32,785.33,784.9,785.21,119.693
1790156460000,785.2,785.21,784.5,784.64,194.144
1790156520000,784.64,785.15,784.3,784.51,138.253
1790156580000,784.52,784.77,784.0,784.01,205.384
1790156640000,784.01,784.17,783.16,783.2,910.884
1790156700000,783.19,784.17,783.19,784.16,219.614
1790156760000,784.17,784.17,783.56,783.56,489.828
1790156820000,783.57,784.0,783.45,783.96,90.32
1790156880000,783.96,784.29,783.96,783.98,61.599
1790156940000,783.98,784.62,783.98,784.58,146.522
1790157000000,784.58,784.81,784.08,784.08,129.769
1790157060000,784.07,784.32,784.02,784.03,48.36
1790157120000,784.02,784.03,783.29,783.7,209.874
1790157180000,783.7,783.7,782.49,782.49,625.596
1790157240000,782.5,782.57,781.36,782.19,973.899
1790157300000,782.2,782.65,782.13,782.65,183.382
1790157360000,782.65,782.93,782.28,782.28,452.207
1790157420000,782.29,783.43,782.29,782.81,493.089
1790157480000,782.81,782.95,782.54,782.67,133.648
1790157540000,782.67,782.82,782.59,782.77,34.721
1790157600000,782.77,783.75,782.5,783.73,268.786
1790157660000,783.73,783.73,782.53,783.01,79.695
1790157720000,783.0,783.53,782.94,783.53,26.243
1790157780000,783.53,783.71,783.46,783.61,24.728
1790157840000,783.6,783.61,783.0,783.1,99.625
1790157900000,783.1,783.94,783.09,783.84,55.028
1790157960000,783.84,784.24,783.76,784.07,109.286
1790158020000,784.08,784.1,783.68,783.68,93.458
1790158080000,783.67,783.85,783.51,783.8,51.239
1790158140000,783.79,783.84,783.37,783.46,54.102
1790158200000,783.45,783.45,782.8,782.8,33.294
1790158260000,782.8,783.28,782.8,783.28,71.082
1790158320000,783.27,783.67,783.08,783.08,48.2
1790158380000,783.09,783.26,782.91,782.92,99.478
1790158440000,782.91,783.42,782.66,783.32,190.88
1790158500000,783.31,783.37,782.81,783.37,62.87
1790158560000,783.37,783.46,783.13,783.16,48.111
1790158620000,783.17,783.33,782.79,782.79,62.562
1790158680000,782.78,783.29,782.66,783.11,49.283
1790158740000,783.11,783.42,783.07,783.33,18.75
1790158800000,783.33,783.37,782.77,782.86,45.432
1790158860000,782.86,782.92,782.33,782.67,80.325
1790158920000,782.68,782.98,782.4,782.78,58.756
1790158980000,782.78,782.89,781.94,782.07,281.691
1790159040000,782.07,782.15,781.45,781.79,239.384
1790159100000,781.78,781.84,781.34,781.62,161.781
1790159160000,781.61,781.98,781.58,781.97,114.127
1790159220000,781.98,783.3,781.98,782.96,97.931
1790159280000,782.97,783.31,782.96,783.03,15.529
1790159340000,783.03,783.69,783.02,783.69,43.989
1790159400000,783.7,784.4,783.7,783.88,133.922
1790159460000,783.87,783.87,783.15,783.15,37.988
1790159520000,783.15,783.29,783.14,783.15,83.435
1790159580000,783.16,783.16,782.64,782.7,43.23
1790159640000,782.7,783.56,782.58,783.31,189.669
1790159700000,783.31,783.31,782.82,782.83,57.288
1790159760000,782.82,783.8,782.82,783.8,110.727
1790159820000,783.8,784.4,783.79,784.4,59.053
1790159880000,784.4,784.5,784.24,784.24,103.858
1790159940000,784.24,785.0,784.24,785.0,112.487
1790160000000,785.0,785.21,784.98,785.21,116.018
1790160060000,785.21,785.4,784.4,784.54,191.468
1790160120000,784.54,784.58,784.27,784.49,37.996
1790160180000,784.49,784.56,784.48,784.5,58.809
1790160240000,784.5,785.03,784.48,784.99,83.863
1790160300000,784.99,785.12,784.77,784.78,16.876
1790160360000,784.78,785.26,784.59,785.02,107.191
1790160420000,785.02,785.04,784.78,784.79,33.735
1790160480000,784.78,784.92,784.45,784.76,177.745
1790160540000,784.76,784.85,784.67,784.68,18.952
1790160600000,784.68,784.84,784.5,784.5,38.672
1790160660000,784.5,784.6,784.25,784.47,122.546
1790160720000,784.46,784.85,784.25,784.68,76.395
1790160780000,784.68,784.68,784.43,784.46,16.767
1790160840000,784.47,784.47,784.31,784.35,40.507
1790160900000,784.35,784.85,784.34,784.8,33.046
1790160960000,784.81,785.25,784.77,784.77,154.19
1790161020000,784.77,785.0,784.73,784.91,20.173
1790161080000,784.91,785.61,784.91,785.6,387.253
1790161140000,785.59,785.83,785.42,785.83,46.865
1790161200000,785.77,785.77,785.34,785.66,68.548
1790161260000,785.66,786.0,785.25,785.26,135.587
1790161320000,785.25,785.25,784.8,784.81,76.683
1790161380000,784.81,785.03,784.69,784.81,39.27
1790161440000,784.81,785.24,784.69,784.98,129.402
1790161500000,784.98,785.14,784.81,784.82,21.426
1790161560000,784.81,784.81,784.57,784.63,52.338
1790161620000,784.63,784.72,784.48,784.61,37.162
1790161680000,784.62,785.12,784.14,784.42,357.213
1790161740000,784.43,784.6,784.02,784.5,283.874
1790161800000,784.49,784.49,783.4,783.72,406.008
1790161860000,783.73,784.0,783.56,783.88,27.145
1790161920000,783.86,783.86,783.41,783.54,102.439
1790161980000,783.53,783.7,783.27,783.7,61.623
1790162040000,783.7,784.09,783.7,783.98,59.02
1790162100000,783.99,784.25,783.99,784.24,13.831
1790162160000,784.24,784.24,784.0,784.0,22.832
1790162220000,784.0,784.0,783.69,783.8,28.788
1790162280000,783.8,783.81,783.67,783.67,83.328
1790162340000,783.67,783.68,783.47,783.53,15.78
1790162400000,783.54,783.54,782.67,782.68,116.495
1790162460000,782.67,782.68,781.91,782.01,257.0
1790162520000,782.01,782.02,781.66,781.87,270.501
1790162580000,781.86,782.17,781.74,782.1,52.322
1790162640000,782.09,782.09,781.44,781.82,51.302
1790162700000,781.82,782.56,781.03,781.11,228.033
1790162760000,781.12,781.53,781.07,781.35,82.559
1790162820000,781.35,781.6,781.32,781.56,26.547
1790162880000,781.56,781.99,781.13,781.91,168.467
1790162940000,781.9,781.91,781.19,781.73,100.36
1790163000000,781.73,782.12,781.73,782.11,26.333
1790163060000,782.12,782.36,782.12,782.32,90.159
1790163120000,782.32,782.55,781.62,781.87,53.105
1790163180000,781.89,782.26,781.75,781.84,87.968
1790163240000,781.84,782.08,781.24,781.62,101.262
1790163300000,781.63,782.15,781.63,781.72,45.815
1790163360000,781.72,781.82,781.69,781.72,55.246
1790163420000,781.72,781.78,781.2,781.35,93.53
1790163480000,781.34,781.59,781.34,781.59,60.287
1790163540000,781.59,781.77,781.42,781.55,54.013
1790163600000,781.54,781.7,781.24,781.31,89.464
1790163660000,781.32,781.79,781.25,781.71,57.118
1790163720000,781.71,781.71,781.31,781.45,171.133
1790163780000,781.46,781.47,781.3,781.35,56.609
1790163840000,781.36,781.93,781.09,781.78,84.509
1790163900000,781.8,782.36,781.77,782.34,172.462
1790163960000,782.35,783.07,782.27,783.04,106.559
1790164020000,783.05,783.36,783.04,783.23,91.652
1790164080000,783.23,783.99,783.05,783.88,113.183
1790164140000,783.89,784.43,783.88,783.93,208.891
1790164200000,783.95,783.96,782.85,782.91,579.683
1790164260000,782.9,782.91,782.68,782.85,47.714
1790164320000,782.84,782.99,782.7,782.7,131.928
1790164380000,782.7,782.89,782.53,782.53,46.503
1790164440000,782.52,782.84,782.52,782.78,141.939
1790164500000,782.78,782.93,782.74,782.93,44.72
1790164560000,782.88,782.88,782.73,782.85,14.867
1790164620000,782.85,782.86,782.84,782.86,11.646
1790164680000,782.86,783.0,782.76,782.92,214.902
1790164740000,782.92,782.95,782.87,782.93,78.606
1790164800000,782.93,783.0,782.87,783.0,917.779
1790164860000,783.0,783.0,782.65,782.68,233.046
1790164920000,782.67,782.68,781.12,781.3,453.654
1790164980000,781.3,781.31,778.1,778.49,4020.203
1790165040000,778.49,779.04,776.33,776.87,1972.165
1790165100000,776.86,779.29,776.47,779.06,476.277
1790165160000,779.05,779.8,779.05,779.63,157.827
1790165220000,779.63,780.16,779.61,780.11,254.831
1790165280000,780.12,780.58,779.9,780.58,77.658
1790165340000,780.57,781.05,780.57,781.05,165.859
1790165400000,781.04,781.16,780.38,780.5,115.132
1790165460000,780.5,780.61,780.1,780.42,134.446
1790165520000,780.42,780.6,780.25,780.26,26.773
1790165580000,780.26,780.26,779.78,779.88,122.881
1790165640000,779.89,779.95,779.67,779.73,173.126
1790165700000,779.73,779.96,779.24,779.76,361.409
1790165760000,779.75,779.96,779.65,779.71,22.283
1790165820000,779.7,779.71,778.11,778.98,213.045
1790165880000,778.97,779.23,778.59,778.71,248.533
1790165940000,778.71,779.02,778.01,778.27,389.22
1790166000000,778.28,778.64,777.84,778.26,212.12
1790166060000,778.27,778.54,778.24,778.53,69.953
1790166120000,778.53,779.6,778.53,779.43,155.716
1790166180000,779.43,779.93,779.43,779.66,141.079
1790166240000,779.66,780.33,779.65,780.32,141.554
1790166300000,780.33,780.33,779.75,779.75,57.082
1790166360000,779.74,779.75,779.35,779.56,62.459
1790166420000,779.56,779.56,778.6,778.6,66.231
1790166480000,778.6,779.0,778.6,779.0,31.309
1790166540000,778.99,778.99,778.69,778.92,82.161
1790166600000,778.92,779.95,778.92,779.86,34.473
1790166660000,779.86,780.14,779.36,780.14,104.619
1790166720000,780.14,780.56,780.09,780.54,74.654
1790166780000,780.54,780.64,780.05,780.06,205.761
1790166840000,780.06,780.14,779.93,780.02,49.038
1790166900000,780.01,780.14,779.81,779.82,25.664
1790166960000,779.82,780.31,779.71,779.72,53.222
1790167020000,779.71,780.19,779.64,780.19,140.01
1790167080000,780.19,780.48,780.17,780.17,36.728
1790167140000,780.17,780.41,780.17,780.31,40.228
1790167200000,780.31,780.34,779.9,780.04,259.38
1790167260000,780.04,780.04,779.93,780.0,52.099
1790167320000,780.0,780.08,780.0,780.08,60.93
1790167380000,780.07,780.08,779.51,779.82,327.675
1790167440000,779.83,780.08,779.81,779.91,55.678
1790167500000,779.91,780.09,779.66,780.07,60.255
1790167560000,780.07,780.09,780.0,780.0,25.237
1790167620000,780.01,780.01,779.77,779.99,19.638
1790167680000,779.99,780.29,779.99,780.17,41.109
1790167740000,780.16,780.17,779.7,779.71,34.646
1790167800000,779.7,779.7,779.45,779.45,43.389
1790167860000,779.45,779.45,778.5,778.72,125.926
1790167920000,778.72,778.72,778.13,778.13,60.571
1790167980000,778.13,778.7,778.0,778.7,74.742
1790168040000,778.69,779.06,778.68,778.92,122.101
1790168100000,778.92,779.23,778.6,779.23,265.364
1790168160000,779.22,779.64,779.22,779.63,60.362
1790168220000,779.63,779.69,779.26,779.31,31.271
1790168280000,779.32,779.56,779.31,779.56,37.014
1790168340000,779.56,779.89,779.55,779.77,129.311
1790168400000,779.77,779.92,779.3,779.33,477.116
1790168460000,779.32,779.45,779.22,779.23,72.714
1790168520000,779.23,779.23,778.62,778.84,145.827
1790168580000,778.85,778.9,778.24,778.29,48.046
1790168640000,778.28,778.29,778.02,778.09,97.25
1790168700000,778.1,778.36,777.59,778.29,292.547
1790168760000,778.28,778.56,778.08,778.48,255.101
1790168820000,778.48,778.87,778.07,778.18,57.713
1790168880000,778.17,778.17,777.42,777.49,86.901
1790168940000,777.49,777.52,776.88,777.47,269.467
1790169000000,777.46,778.0,777.2,777.5,93.383
1790169060000,777.5,777.79,776.95,777.72,120.948
1790169120000,777.72,777.78,777.32,777.64,63.972
1790169180000,777.65,777.72,777.2,777.45,61.428
1790169240000,777.45,777.45,777.0,777.06,156.281
1790169300000,777.05,777.63,777.01,777.63,209.963
1790169360000,777.63,778.49,777.63,778.48,98.76
1790169420000,778.48,779.0,778.47,778.94,42.669
1790169480000,778.94,778.94,778.2,778.36,221.081
1790169540000,778.36,778.46,778.21,778.4,63.132
1790169600000,778.41,779.26,778.41,779.24,50.693
1790169660000,779.23,779.25,778.78,779.04,41.958
1790169720000,779.04,779.27,778.86,779.04,22.913
1790169780000,779.03,779.34,778.98,779.34,38.18
1790169840000,779.34,779.71,779.33,779.4,62.548
1790169900000,779.41,779.92,779.18,779.92,116.631
1790169960000,779.93,780.25,779.93,779.97,34.818
1790170020000,779.97,780.16,779.69,780.16,141.456
1790170080000,780.15,780.49,780.01,780.4,77.024
1790170140000,780.4,780.47,780.16,780.27,72.249
1790170200000,780.27,781.23,780.11,780.9,380.92
1790170260000,780.9,780.9,780.36,780.71,45.848
1790170320000,780.72,781.71,780.54,781.7,115.537
1790170380000,781.71,781.94,780.64,781.21,205.552
1790170440000,781.21,781.21,780.5,780.59,59.658
1790170500000,780.58,780.95,780.31,780.56,142.699
1790170560000,780.55,781.45,780.11,781.11,244.328
1790170620000,781.1,782.17,781.05,782.17,126.856
1790170680000,782.19,782.33,781.68,781.7,394.071
1790170740000,781.7,781.93,781.61,781.92,103.358
1790170800000,781.92,782.79,781.84,782.76,107.151
1790170860000,782.75,784.77,782.46,782.48,1366.267
1790170920000,782.49,783.03,782.05,782.06,219.342
1790170980000,782.06,782.39,782.01,782.11,65.59
1790171040000,782.11,782.45,782.11,782.38,60.949
1790171100000,782.38,782.38,781.19,781.33,188.799
1790171160000,781.33,781.58,780.77,781.25,86.963
1790171220000,781.25,781.47,780.48,780.73,112.726
1790171280000,780.74,781.14,780.37,780.69,114.73
1790171340000,780.69,780.97,780.43,780.97,61.68
1790171400000,780.97,781.4,780.68,780.68,62.547
1790171460000,780.68,780.78,780.33,780.74,256.693
1790171520000,780.74,781.49,780.66,781.41,105.089
1790171580000,781.4,781.5,780.99,780.99,16.207
1790171640000,780.99,780.99,780.39,780.86,43.434
1790171700000,780.86,781.03,780.74,780.84,50.425
1790171760000,780.84,781.01,780.56,781.01,27.203
1790171820000,781.0,781.5,781.0,781.48,45.503
1790171880000,781.48,781.6,781.07,781.23,33.085
1790171940000,781.23,781.29,780.97,781.01,45.644
1790172000000,781.01,781.85,780.92,781.84,98.405
1790172060000,781.85,782.44,781.84,782.43,75.456
1790172120000,782.44,782.49,781.63,781.64,53.629
1790172180000,781.64,781.64,780.66,780.72,61.875
1790172240000,780.72,780.96,780.33,780.96,62.248
1790172300000,780.95,781.41,780.42,780.45,66.494
1790172360000,780.44,780.44,780.11,780.2,230.31
1790172420000,780.19,780.19,778.9,778.9,2059.752
1790172480000,778.91,779.08,777.16,777.43,313.174
1790172540000,777.42,777.42,775.75,775.85,883.845
1790172600000,775.85,776.06,772.29,773.72,1926.449
1790172660000,773.73,773.73,771.0,771.93,1120.691
1790172720000,771.93,772.59,765.49,768.68,5283.041
1790172780000,768.66,769.79,763.42,767.02,6830.219
1790172840000,767.02,769.69,767.02,769.63,750.894
1790172900000,769.63,770.31,768.46,769.21,1207.29
1790172960000,769.21,769.21,766.56,766.93,977.122
1790173020000,766.92,767.31,765.0,765.26,1798.703
1790173080000,765.26,766.18,763.39,763.69,1852.89
1790173140000,763.69,764.2,762.27,762.66,1334.009
1790173200000,762.67,764.13,761.54,764.05,1851.47
1790173260000,764.05,765.2,763.62,763.77,592.767
1790173320000,763.77,763.77,761.05,761.99,1505.505
1790173380000,761.91,761.99,760.29,761.27,2534.642
1790173440000,761.27,762.6,760.53,762.59,663.878
1790173500000,762.6,764.47,762.42,763.79,526.302
1790173560000,763.78,763.86,761.62,761.68,642.06
1790173620000,761.67,762.03,760.8,761.12,499.026
1790173680000,761.12,761.75,760.81,761.18,550.714
1790173740000,761.19,762.07,759.89,760.19,1832.545
1790173800000,760.19,761.84,760.0,760.01,846.994
1790173860000,760.0,760.89,758.59,760.84,3909.391
1790173920000,760.85,763.04,760.73,763.04,631.86
1790173980000,763.03,764.33,762.67,762.72,608.417
1790174040000,762.73,765.09,762.62,765.09,365.806
1790174100000,765.09,766.16,765.09,766.0,163.596
1790174160000,766.0,766.99,765.68,766.84,351.897
1790174220000,766.85,766.95,766.36,766.69,395.281
1790174280000,766.69,766.98,766.1,766.63,447.502
1790174340000,766.62,767.0,766.14,766.74,421.56
1790174400000,766.75,767.28,766.62,767.28,248.933
1790174460000,767.28,767.5,766.94,767.21,347.744
1790174520000,767.21,767.21,766.2,766.26,268.904
1790174580000,766.25,766.25,765.4,765.95,345.618
1790174640000,765.94,766.32,765.73,766.21,104.965
1790174700000,766.21,766.77,766.21,766.73,74.979
1790174760000,766.72,766.72,765.24,765.25,344.958
1790174820000,765.25,765.52,764.51,765.1,194.007
1790174880000,765.09,765.71,765.0,765.45,131.348
1790174940000,765.44,765.93,765.2,765.64,130.374
1790175000000,765.66,766.51,765.0,765.01,663.621
1790175060000,765.01,767.67,765.0,766.75,268.869
1790175120000,766.75,766.99,765.92,766.95,106.116
1790175180000,766.95,767.79,766.79,767.7,230.1
1790175240000,767.7,768.62,767.5,768.47,512.028
1790175300000,768.46,769.0,767.69,768.53,378.841
1790175360000,768.53,768.66,766.94,766.97,506.275
1790175420000,766.97,767.88,766.84,767.37,433.717
1790175480000,767.38,767.87,767.01,767.7,734.604
1790175540000,767.69,767.7,766.72,766.72,539.093
1790175600000,766.73,767.82,766.26,767.82,447.259
1790175660000,767.84,768.79,767.82,768.43,234.665
1790175720000,768.43,768.72,767.64,767.64,132.193
1790175780000,767.64,767.97,767.31,767.48,146.656
1790175840000,767.49,767.88,767.2,767.88,96.903
1790175900000,767.89,767.97,766.77,766.77,333.73
1790175960000,766.77,766.77,766.28,766.28,138.256
1790176020000,766.29,766.98,766.29,766.83,100.162
1790176080000,766.84,768.55,766.84,768.26,817.165
1790176140000,768.27,768.68,767.63,767.68,145.412
1790176200000,767.69,768.2,767.34,767.6,89.697
1790176260000,767.59,768.24,767.59,768.08,161.532
1790176320000,768.09,768.39,767.64,768.21,51.78
1790176380000,768.21,768.48,768.06,768.26,260.126
1790176440000,768.27,768.28,767.75,767.89,43.891
1790176500000,767.88,768.97,767.75,768.71,95.037
1790176560000,768.72,769.23,768.33,768.33,202.705
1790176620000,768.48,768.48,767.23,767.85,117.365
1790176680000,767.86,768.14,767.52,767.56,96.587
1790176740000,767.56,767.7,767.5,767.63,43.703
1790176800000,767.63,767.64,766.88,767.14,491.859
1790176860000,767.14,767.19,765.87,766.07,312.934
1790176920000,766.07,766.86,766.07,766.68,917.244
1790176980000,766.69,767.2,765.92,765.93,266.473
1790177040000,765.93,766.13,765.49,765.5,162.38
1790177100000,765.5,765.77,765.21,765.57,114.143
1790177160000,765.57,766.41,765.57,766.4,111.395
1790177220000,766.41,768.05,766.19,768.04,352.164
1790177280000,768.04,768.04,766.21,766.21,522.071
1790177340000,766.22,766.65,766.14,766.27,172.492
1790177400000,766.27,766.64,765.5,765.51,1477.357
1790177460000,765.5,765.5,763.81,764.17,985.16
1790177520000,764.18,764.19,763.56,763.71,247.673
1790177580000,763.74,764.3,763.49,764.3,156.787
1790177640000,764.3,765.06,764.3,764.95,306.343
1790177700000,764.94,764.94,764.33,764.61,187.702
1790177760000,764.61,764.61,763.44,763.51,117.733
1790177820000,763.52,763.72,763.01,763.71,120.752
1790177880000,763.7,763.88,763.42,763.78,55.545
1790177940000,763.78,764.0,763.43,763.46,133.318
1790178000000,763.46,763.47,763.01,763.25,123.475
1790178060000,763.26,763.69,763.04,763.58,197.224
1790178120000,763.58,764.44,763.58,763.81,98.684
1790178180000,763.81,764.16,763.34,764.15,70.921
1790178240000,764.15,764.28,763.37,763.52,60.629
1790178300000,763.52,764.11,763.34,764.1,63.474
1790178360000,764.11,764.35,763.6,763.72,75.325
1790178420000,763.72,763.72,762.5,762.6,375.026
1790178480000,762.61,762.87,762.49,762.5,128.323
1790178540000,762.51,762.74,762.39,762.66,118.934
1790178600000,762.67,763.0,762.34,762.47,91.384
1790178660000,762.48,762.62,762.0,762.31,184.054
1790178720000,762.3,762.87,762.05,762.07,124.903
1790178780000,762.07,762.33,761.63,761.82,249.263
1790178840000,761.82,762.05,761.35,761.35,290.254
1790178900000,761.36,762.44,761.35,761.78,88.951
1790178960000,761.78,762.32,761.64,762.04,417.739
1790179020000,762.05,762.51,761.9,761.91,402.742
1790179080000,761.91,762.2,761.43,762.19,550.296
1790179140000,762.2,762.21,761.04,761.18,298.908
1790179200000,761.19,761.48,760.61,760.65,974.349
1790179260000,760.64,760.65,757.53,759.11,1224.739
1790179320000,759.1,759.1,756.83,757.89,559.296
1790179380000,757.9,759.51,757.09,759.45,371.998
1790179440000,759.46,761.43,759.46,761.29,304.822
1790179500000,761.31,763.31,761.11,763.07,907.166
1790179560000,763.07,764.56,763.06,764.39,237.769
1790179620000,764.39,765.04,764.14,764.83,307.009
1790179680000,764.83,765.1,764.4,765.05,123.447
1790179740000,765.05,765.41,764.89,765.37,225.526
1790179800000,765.37,765.51,765.14,765.16,150.999
1790179860000,765.16,765.51,765.0,765.4,88.601
1790179920000,765.4,765.55,765.18,765.21,236.985
1790179980000,765.22,765.43,764.66,765.42,75.651
1790180040000,765.43,765.8,765.43,765.8,53.977
1790180100000,765.79,766.0,765.34,765.58,69.712
1790180160000,765.58,765.91,765.5,765.82,64.284
1790180220000,765.83,766.26,765.79,765.9,95.058
1790180280000,765.9,765.9,765.46,765.47,99.814
1790180340000,765.47,765.96,765.23,765.88,57.811
1790180400000,765.88,766.22,765.3,765.48,67.138
1790180460000,765.48,765.81,764.77,765.02,76.435
1790180520000,765.02,765.48,764.44,765.48,41.568
1790180580000,765.51,766.41,765.49,765.58,41.094
1790180640000,765.57,765.91,765.23,765.5,41.749
1790180700000,765.49,765.93,765.23,765.4,123.887
1790180760000,765.4,765.4,764.96,765.38,49.634
1790180820000,765.39,765.39,764.69,764.86,61.414
1790180880000,764.85,764.85,764.55,764.64,35.029
1790180940000,764.64,765.03,764.52,764.97,38.619
1790181000000,764.97,766.08,764.97,765.92,717.136
1790181060000,765.96,766.15,765.31,765.51,28.8
1790181120000,765.51,765.93,765.32,765.64,55.986
1790181180000,765.63,765.82,765.47,765.79,24.413
1790181240000,765.78,765.94,765.58,765.67,31.783
1790181300000,765.67,765.84,764.56,764.57,69.559
1790181360000,764.58,765.44,764.58,765.24,34.574
1790181420000,765.24,765.52,765.0,765.38,76.1
1790181480000,765.38,765.6,764.96,764.96,25.72
1790181540000,764.97,765.22,764.6,764.6,25.446
1790181600000,764.61,764.85,763.96,763.96,47.242
1790181660000,763.96,764.06,763.44,763.87,149.139
1790181720000,763.87,764.73,763.83,764.48,49.343
1790181780000,764.47,765.26,764.47,765.25,58.531
1790181840000,765.26,765.26,764.89,765.21,51.298
1790181900000,765.21,766.18,765.19,765.5,99.034
1790181960000,765.5,765.58,764.7,764.7,36.943
1790182020000,764.7,764.84,764.26,764.26,98.918
1790182080000,764.27,764.27,763.7,763.88,58.687
1790182140000,763.87,764.02,763.63,763.99,104.286
1790182200000,764.0,764.15,763.36,763.74,135.294
1790182260000,763.73,763.74,763.04,763.26,95.455
1790182320000,763.24,763.63,763.08,763.44,18.612
1790182380000,763.47,763.71,763.04,763.71,121.29
1790182440000,763.71,763.94,763.52,763.7,137.275
1790182500000,763.7,764.08,763.58,763.98,18.375
1790182560000,763.98,764.6,763.93,764.59,91.494
1790182620000,764.59,764.93,764.15,764.15,27.156
1790182680000,764.19,765.1,763.96,764.83,106.914
1790182740000,764.84,765.3,764.83,765.29,22.227
1790182800000,765.29,765.59,765.0,765.59,172.476
1790182860000,765.6,766.55,765.6,766.28,113.785
1790182920000,766.27,766.27,764.04,764.13,220.483
1790182980000,764.13,764.83,763.7,763.71,61.501
1790183040000,763.71,764.35,763.46,764.06,56.94
1790183100000,764.06,764.06,763.58,763.68,19.015
1790183160000,763.69,764.01,763.57,763.58,148.112
1790183220000,763.58,763.64,762.95,762.95,126.664
1790183280000,762.96,763.08,762.44,762.64,124.96
1790183340000,762.65,763.67,762.12,763.02,114.518
1790183400000,763.03,763.26,762.64,763.23,202.895
1790183460000,763.22,763.8,763.14,763.21,116.383
1790183520000,763.21,763.68,763.17,763.5,98.58
1790183580000,763.49,763.55,762.66,762.94,330.047
1790183640000,762.93,763.51,762.93,763.45,34.992
1790183700000,763.45,764.46,763.27,764.46,163.372
1790183760000,764.46,765.17,764.33,765.11,111.414
1790183820000,765.1,765.69,765.1,765.69,69.852
1790183880000,765.69,765.98,765.59,765.87,38.644
1790183940000,765.88,766.28,765.6,766.11,63.811
1790184000000,766.12,766.44,766.09,766.39,59.27
1790184060000,766.38,766.5,766.22,766.44,59.128
1790184120000,766.43,767.1,766.43,767.04,83.42
1790184180000,767.05,767.52,767.05,767.12,77.067
1790184240000,767.11,767.12,766.33,766.33,43.682
1790184300000,766.32,766.99,766.32,766.86,34.729
1790184360000,766.85,766.98,766.76,766.91,19.675
1790184420000,766.91,766.99,766.56,766.78,18.381
1790184480000,766.78,766.87,766.54,766.56,44.751
1790184540000,766.57,766.64,766.42,766.49,40.139
1790184600000,766.48,766.61,765.1,765.67,1093.434
1790184660000,765.67,765.74,765.34,765.51,30.77
1790184720000,765.51,766.11,765.18,766.11,92.317
1790184780000,766.11,766.11,765.65,765.78,17.412
1790184840000,765.78,765.78,765.19,765.19,25.968
1790184900000,765.19,765.28,765.04,765.22,32.662
1790184960000,765.22,765.82,765.14,765.82,64.959
1790185020000,765.83,766.0,765.51,766.0,47.174
1790185080000,765.99,766.16,765.61,765.63,34.809
1790185140000,765.62,765.62,765.3,765.44,38.321
1790185200000,765.45,766.14,765.08,765.9,76.69
1790185260000,765.89,766.01,765.48,765.86,203.181
1790185320000,765.86,766.4,765.74,766.4,48.56
1790185380000,766.4,767.24,766.4,767.09,58.414
1790185440000,767.09,767.18,766.7,766.95,49.475
1790185500000,766.95,767.24,766.83,767.1,38.23
1790185560000,767.09,767.66,767.09,767.54,49.573
1790185620000,767.54,767.81,767.27,767.78,114.56
1790185680000,767.78,767.78,767.28,767.35,77.96
1790185740000,767.35,767.64,767.34,767.47,15.082
1790185800000,767.46,767.63,767.36,767.63,33.079
1790185860000,767.63,767.84,767.6,767.63,37.291
1790185920000,767.63,767.97,767.47,767.76,137.757
1790185980000,767.76,767.98,767.24,767.25,79.248
1790186040000,767.24,767.25,766.76,767.03,267.688
1790186100000,767.04,767.14,765.93,765.94,88.997
1790186160000,765.94,766.35,765.93,766.35,42.867
1790186220000,766.35,766.6,766.27,766.55,23.149
1790186280000,766.54,766.8,766.51,766.59,42.073
1790186340000,766.59,766.99,766.58,766.84,57.101
1790186400000,766.84,767.12,766.8,766.8,132.61
1790186460000,766.8,766.92,766.8,766.81,15.669
1790186520000,766.81,766.9,766.42,766.43,130.039
1790186580000,766.43,766.43,765.47,765.7,116.351
1790186640000,765.71,766.09,765.69,765.97,59.441
1790186700000,765.97,766.51,765.84,766.51,45.951
1790186760000,766.51,766.59,766.21,766.26,45.241
1790186820000,766.26,766.73,766.26,766.73,27.122
1790186880000,766.72,766.83,766.4,766.69,14.687
1790186940000,766.69,766.7,766.33,766.43,12.442
1790187000000,766.43,766.43,766.0,766.01,15.175
1790187060000,766.0,766.6,765.87,766.23,71.164
1790187120000,766.22,766.22,765.6,765.6,54.489
1790187180000,765.6,766.22,765.6,766.13,92.435
1790187240000,766.13,766.14,765.76,765.78,18.796
1790187300000,765.79,766.19,765.77,765.84,82.896
1790187360000,765.84,765.85,765.55,765.64,89.731
1790187420000,765.66,765.72,765.5,765.56,15.051
1790187480000,765.57,765.88,765.5,765.84,90.619
1790187540000,765.84,766.49,765.84,766.33,24.597
1790187600000,766.32,766.32,765.6,765.6,46.717
1790187660000,765.59,765.6,765.24,765.27,65.625
1790187720000,765.26,765.45,765.15,765.44,17.736
1790187780000,765.44,765.91,765.3,765.91,20.199
1790187840000,765.91,766.1,765.49,765.56,44.793
1790187900000,765.55,765.65,765.47,765.5,8.302
1790187960000,765.5,766.02,765.5,765.66,14.952
1790188020000,765.65,765.86,765.57,765.81,28.25
1790188080000,765.84,766.14,765.79,766.14,40.661
1790188140000,766.13,766.14,765.8,765.86,59.607
1790188200000,765.85,766.19,765.75,765.79,22.498
1790188260000,765.78,765.99,765.6,765.85,86.926
1790188320000,765.85,766.15,765.65,766.15,17.901
1790188380000,766.14,766.14,765.42,765.7,28.143
1790188440000,765.7,766.08,765.51,765.94,26.892
1790188500000,765.89,766.18,765.84,765.88,48.493
1790188560000,765.88,765.88,765.68,765.84,7.219
1790188620000,765.85,766.04,765.6,765.95,18.217
1790188680000,765.95,766.33,765.83,766.33,20.84
1790188740000,766.34,766.34,765.98,766.12,10.558
1790188800000,766.12,766.47,766.12,766.36,14.308
1790188860000,766.35,766.36,765.99,766.12,87.506
1790188920000,766.13,766.24,766.13,766.2,10.502
1790188980000,766.2,766.58,766.2,766.58,21.075
1790189040000,766.6,767.07,766.6,767.04,13.221
1790189100000,767.05,767.23,766.8,766.82,29.248
1790189160000,766.81,766.81,766.42,766.42,21.322
1790189220000,766.42,766.8,766.27,766.66,25.714
1790189280000,766.65,767.22,766.59,767.22,44.652
1790189340000,767.22,767.68,767.22,767.45,51.974
1790189400000,767.44,768.02,767.44,768.02,148.941
1790189460000,768.02,768.62,768.02,768.61,54.386
1790189520000,768.61,768.64,768.45,768.46,20.123
1790189580000,768.46,768.47,768.04,768.18,22.581
1790189640000,768.19,768.24,768.11,768.13,7.172
1790189700000,768.13,768.47,768.12,768.47,45.288
1790189760000,768.47,768.47,767.62,767.63,42.25
1790189820000,767.63,767.66,767.42,767.65,35.655
1790189880000,767.66,767.7,767.5,767.51,19.944
1790189940000,767.51,767.51,766.51,766.59,180.262
1790190000000,766.59,766.82,766.33,766.82,117.125
1790190060000,766.82,767.18,766.49,766.53,101.507
1790190120000,766.53,766.7,766.38,766.5,101.947
1790190180000,766.49,766.61,766.32,766.33,41.686
1790190240000,766.33,766.33,766.06,766.07,171.718
1790190300000,766.07,766.07,765.5,765.51,49.095
1790190360000,765.5,766.08,765.43,766.08,16.225
1790190420000,766.1,767.13,766.1,766.75,42.232
1790190480000,766.76,766.76,766.21,766.32,29.506
1790190540000,766.33,766.39,766.15,766.23,12.721
1790190600000,766.24,766.48,766.23,766.48,23.011
1790190660000,766.47,767.07,766.44,767.01,24.662
1790190720000,767.01,767.01,766.67,766.69,10.398
1790190780000,766.69,767.21,766.64,767.21,55.132
1790190840000,767.16,767.25,766.97,767.25,8.136
1790190900000,767.25,767.48,767.06,767.07,27.285
1790190960000,767.04,767.04,766.44,766.53,20.333
1790191020000,766.52,766.71,766.45,766.53,15.982
1790191080000,766.54,766.74,766.32,766.73,37.057
1790191140000,766.74,766.78,766.31,766.44,14.083
1790191200000,766.44,766.44,766.06,766.42,23.873
1790191260000,766.44,766.6,766.31,766.55,8.894
1790191320000,766.56,766.98,766.56,766.98,14.058
1790191380000,766.97,767.07,766.74,767.07,19.329
1790191440000,767.08,767.5,767.08,767.5,9.539
1790191500000,767.51,767.65,767.36,767.37,39.187
1790191560000,767.37,767.65,767.16,767.47,100.069
1790191620000,767.47,767.7,767.47,767.7,29.208
1790191680000,767.7,767.82,767.4,767.4,46.477
1790191740000,767.41,767.42,767.28,767.42,11.626
1790191800000,767.43,768.02,767.43,767.71,46.675
1790191860000,767.73,767.79,767.62,767.75,13.642
1790191920000,767.75,767.75,767.48,767.75,22.129
1790191980000,767.75,767.88,767.74,767.88,9.552
1790192040000,767.87,767.88,767.4,767.5,45.85
1790192100000,767.5,767.7,767.45,767.66,12.764
1790192160000,767.66,768.02,767.47,767.52,62.914
1790192220000,767.51,767.57,767.33,767.35,16.214
1790192280000,767.36,767.7,767.35,767.35,11.077
1790192340000,767.34,767.43,767.22,767.43,33.474
1790192400000,767.43,767.65,767.42,767.61,12.488
1790192460000,767.6,767.61,767.5,767.61,6.571
1790192520000,767.61,767.61,767.33,767.33,23.09
1790192580000,767.33,767.34,766.8,767.09,85.389
1790192640000,767.1,767.27,767.09,767.26,9.051
1790192700000,767.26,767.45,767.26,767.45,15.887
1790192760000,767.45,767.88,767.45,767.5,55.641
1790192820000,767.49,768.02,767.49,767.99,38.208
1790192880000,767.99,768.02,767.82,767.98,40.462
1790192940000,767.98,768.41,767.98,768.25,59.722
1790193000000,768.26,768.26,767.54,768.0,60.871
1790193060000,768.02,768.18,767.82,767.91,25.886
1790193120000,767.9,767.91,767.37,767.38,21.744
1790193180000,767.37,767.85,767.37,767.85,11.736
1790193240000,767.85,767.95,767.82,767.89,22.649
1790193300000,767.9,768.19,767.9,767.98,59.902
1790193360000,767.98,768.05,767.77,767.94,7.946
1790193420000,767.94,767.94,767.84,767.88,7.358
1790193480000,767.88,768.09,767.88,768.09,5.881
1790193540000,768.08,768.09,767.66,768.07,48.667
1790193600000,768.08,768.45,767.98,768.44,43.617
1790193660000,768.44,768.5,767.66,767.67,18.416
1790193720000,767.66,767.67,767.16,767.16,12.682
1790193780000,767.17,767.23,766.44,766.44,54.441
1790193840000,766.44,766.58,766.07,766.44,50.648
1790193900000,766.44,766.81,766.43,766.71,27.547
1790193960000,766.7,766.98,766.62,766.84,26.274
1790194020000,766.84,767.19,766.75,767.19,21.602
1790194080000,767.19,767.59,767.14,767.47,410.635
1790194140000,767.48,767.55,767.04,767.18,32.493
1790194200000,767.19,767.24,767.11,767.13,27.685
1790194260000,767.13,767.28,766.92,767.02,29.976
1790194320000,767.01,767.13,766.95,767.08,44.385
1790194380000,767.08,767.36,767.07,767.23,40.107
1790194440000,767.23,767.23,766.63,766.64,23.269
1790194500000,766.64,767.1,766.43,767.1,59.785
1790194560000,767.1,767.22,766.76,766.81,16.464
1790194620000,766.81,767.68,766.81,767.57,22.027
1790194680000,767.57,767.58,767.17,767.24,39.943
1790194740000,767.24,767.25,767.0,767.1,10.007
1790194800000,767.1,767.13,766.99,767.07,12.897
1790194860000,767.06,767.07,766.68,767.0,31.451
1790194920000,766.99,767.09,766.89,766.89,14.686
1790194980000,766.89,766.89,766.43,766.44,50.379
1790195040000,766.43,766.46,766.01,766.02,8.806
1790195100000,766.02,766.02,765.87,765.98,50.814
1790195160000,765.97,765.98,765.97,765.98,8.996
1790195220000,765.98,765.98,765.65,765.92,31.412
1790195280000,765.92,765.92,765.31,765.31,137.528
1790195340000,765.3,765.68,765.21,765.68,98.596
1790195400000,765.68,765.98,765.68,765.97,72.109
1790195460000,765.97,766.14,765.83,765.93,102.897
1790195520000,765.94,765.94,765.37,765.37,77.561
1790195580000,765.37,765.38,765.31,765.31,75.85
1790195640000,765.32,765.45,765.18,765.43,74.127
1790195700000,765.43,765.53,765.22,765.22,99.313
1790195760000,765.22,765.27,765.0,765.0,99.321
1790195820000,765.0,765.01,764.71,764.9,182.916
1790195880000,764.9,765.3,764.9,765.15,122.606
1790195940000,765.14,766.14,765.14,766.14,37.015
1790196000000,766.14,766.46,766.14,766.33,35.026
1790196060000,766.32,766.57,766.32,766.33,48.299
1790196120000,766.34,766.51,766.34,766.43,17.148
1790196180000,766.42,766.42,766.34,766.38,9.111
1790196240000,766.37,766.62,766.27,766.47,131.424
1790196300000,766.47,766.55,766.24,766.5,53.279
1790196360000,766.5,766.63,766.43,766.56,28.477
1790196420000,766.55,766.55,766.13,766.24,16.624
1790196480000,766.23,766.24,765.69,765.7,11.037
1790196540000,765.69,765.84,765.55,765.84,60.338
1790196600000,765.84,765.84,765.67,765.8,11.994
1790196660000,765.8,766.13,765.8,765.94,10.91
1790196720000,765.94,766.25,765.79,765.79,20.375
1790196780000,765.79,765.98,765.58,765.96,57.283
1790196840000,765.96,765.96,765.78,765.78,19.204
1790196900000,765.79,765.86,765.52,765.86,38.069
1790196960000,765.85,765.85,765.59,765.69,28.119
1790197020000,765.7,765.7,765.55,765.58,13.872
1790197080000,765.57,765.58,765.31,765.35,7.321
1790197140000,765.35,765.43,765.34,765.38,23.111
1790197200000,765.38,765.52,765.17,765.17,6.163
1790197260000,765.17,765.32,765.15,765.16,10.231
1790197320000,765.16,766.36,764.81,764.82,209.745
1790197380000,764.82,765.31,764.65,765.24,48.137
1790197440000,765.24,765.51,765.07,765.51,34.465
1790197500000,765.5,765.52,765.0,765.01,8.28
1790197560000,765.01,765.55,764.89,765.39,32.794
1790197620000,765.39,765.48,765.38,765.46,7.702
1790197680000,765.47,765.47,765.19,765.33,46.924
1790197740000,765.33,765.97,765.33,765.97,37.451
1790197800000,765.96,766.29,765.96,766.28,10.039
1790197860000,766.29,766.29,766.11,766.11,56.51
1790197920000,766.12,766.27,766.03,766.04,19.617
1790197980000,766.04,766.35,766.0,766.35,21.154
1790198040000,766.35,766.61,766.34,766.44,19.032
1790198100000,766.44,766.56,766.36,766.56,13.358
1790198160000,766.56,766.56,766.5,766.51,5.052
1790198220000,766.51,766.53,766.22,766.3,19.781
1790198280000,766.29,766.35,766.2,766.35,12.516
1790198340000,766.35,766.35,765.58,765.74,120.907
1790198400000,765.75,765.9,765.38,765.39,96.548
1790198460000,765.38,765.82,765.38,765.82,44.316
1790198520000,765.82,765.93,765.43,765.44,167.754
1790198580000,765.44,765.83,765.44,765.83,35.703
1790198640000,765.83,766.16,765.83,766.0,64.965
1790198700000,766.0,766.0,765.68,765.68,90.667
1790198760000,765.69,765.69,765.21,765.22,151.653
1790198820000,765.21,765.52,765.18,765.46,90.949
1790198880000,765.45,765.45,765.03,765.25,168.839
1790198940000,765.25,765.26,765.25,765.26,63.558
1790199000000,765.26,765.54,765.26,765.38,85.066
1790199060000,765.37,765.4,765.25,765.34,74.84
1790199120000,765.34,765.34,765.03,765.13,118.757
1790199180000,765.12,765.51,765.12,765.41,71.388
1790199240000,765.41,765.42,765.4,765.4,61.377
1790199300000,765.4,765.66,765.31,765.57,91.837
1790199360000,765.58,765.82,765.49,765.69,52.666
1790199420000,765.69,765.69,765.5,765.59,64.66
1790199480000,765.58,765.97,765.58,765.79,59.472
1790199540000,765.8,765.8,765.79,765.8,45.464
1790199600000,765.79,766.13,765.46,765.46,89.62
1790199660000,765.47,766.09,765.46,765.92,48.039
1790199720000,765.91,766.08,765.6,765.9,56.366
1790199780000,765.9,766.15,765.89,766.14,64.092
1790199840000,766.15,766.52,766.15,766.27,73.247
1790199900000,766.27,766.33,766.26,766.33,2.273
1790199960000,766.33,766.42,766.33,766.41,15.607
1790200020000,766.4,766.42,766.4,766.42,2.748
1790200080000,766.43,766.47,766.39,766.39,28.444
1790200140000,766.39,766.39,766.29,766.35,22.656
1790200200000,766.35,766.35,765.91,765.92,89.069
1790200260000,765.93,765.95,765.83,765.85,76.942
1790200320000,765.84,765.95,765.79,765.85,23.414
1790200380000,765.86,766.2,765.86,766.2,4.633
1790200440000,766.2,766.4,766.2,766.39,6.118
1790200500000,766.39,766.4,766.11,766.28,17.092
1790200560000,766.27,766.41,766.11,766.37,39.407
1790200620000,766.37,766.37,766.02,766.03,21.842
1790200680000,766.03,766.52,766.02,766.51,125.482
1790200740000,766.52,766.68,766.32,766.5,33.256
1790200800000,766.51,766.55,766.1,766.11,24.201
1790200860000,766.14,766.67,766.14,766.66,7.623
1790200920000,766.66,766.9,766.27,766.4,15.953
1790200980000,766.4,766.62,766.12,766.56,11.455
1790201040000,766.57,766.57,766.05,766.05,10.159
1790201100000,766.05,766.23,765.8,766.21,23.923
1790201160000,766.21,767.46,766.05,767.19,127.167
1790201220000,767.19,768.8,767.19,768.49,269.542
1790201280000,768.48,768.93,768.29,768.85,51.529
1790201340000,768.85,768.85,768.0,768.09,19.707
1790201400000,768.09,768.31,767.77,767.86,128.867
1790201460000,767.87,768.95,767.87,768.58,75.674
1790201520000,768.59,768.93,768.29,768.32,43.014
1790201580000,768.31,768.36,768.15,768.35,49.228
1790201640000,768.35,768.35,767.98,767.98,4.029
1790201700000,767.99,768.1,767.69,767.82,5.938
1790201760000,767.84,768.25,767.74,768.05,75.074
1790201820000,768.05,768.17,767.74,767.78,15.18
1790201880000,767.77,768.25,767.76,768.25,24.638
1790201940000,768.24,768.44,767.93,768.34,96.741
1790202000000,768.34,768.34,767.91,767.91,7.778
1790202060000,767.88,767.94,767.6,767.68,15.374
1790202120000,767.68,767.69,767.27,767.4,120.834
1790202180000,767.4,767.4,767.18,767.4,103.049
1790202240000,767.4,767.4,767.21,767.32,5.28
1790202300000,767.32,767.32,767.17,767.17,11.128
1790202360000,767.16,767.17,767.04,767.05,4.771
1790202420000,767.05,767.34,767.05,767.34,7.037
1790202480000,767.33,767.36,767.23,767.23,2.506
1790202540000,767.24,767.24,766.92,766.92,17.164
1790202600000,766.88,766.88,766.0,766.01,252.626
1790202660000,766.01,766.16,766.0,766.11,62.584
1790202720000,766.1,766.58,766.1,766.51,28.657
1790202780000,766.5,766.81,766.44,766.81,12.618
1790202840000,766.81,766.86,766.7,766.73,16.028
1790202900000,766.73,766.73,766.58,766.64,34.321
1790202960000,766.64,767.02,766.51,766.51,97.648
1790203020000,766.51,766.56,766.42,766.55,7.359
1790203080000,766.52,766.81,766.49,766.7,6.074
1790203140000,766.7,766.88,766.63,766.63,8.039
1790203200000,766.64,766.86,766.62,766.62,8.707
1790203260000,766.62,766.78,766.56,766.57,7.602
1790203320000,766.56,766.84,766.56,766.84,3.3
1790203380000,766.84,767.19,766.84,767.04,25.421
1790203440000,767.04,767.1,767.04,767.1,2.664
1790203500000,767.1,767.88,767.1,767.87,166.061
1790203560000,767.88,768.46,767.88,768.42,27.186
1790203620000,768.41,768.5,768.12,768.42,26.692
1790203680000,768.42,768.42,768.21,768.26,16.779
1790203740000,768.26,768.64,768.26,768.57,56.97
1790203800000,768.57,768.6,768.44,768.44,8.532
1790203860000,768.43,768.43,768.1,768.14,18.572
1790203920000,768.15,768.28,768.12,768.22,6.036
1790203980000,768.22,768.3,768.03,768.12,54.445
1790204040000,768.12,768.23,768.12,768.23,22.682
1790204100000,768.23,768.3,768.23,768.28,25.526
1790204160000,768.27,768.28,768.13,768.23,23.59
1790204220000,768.24,768.29,768.19,768.2,13.822
1790204280000,768.2,768.23,767.81,767.82,244.627
1790204340000,767.81,767.81,767.76,767.77,33.756
1790204400000,767.77,767.77,766.95,767.02,137.226
1790204460000,767.01,767.01,766.56,766.57,53.4
1790204520000,766.57,766.76,766.56,766.68,86.275
1790204580000,766.67,766.93,766.51,766.57,347.999
1790204640000,766.57,767.04,766.57,766.82,188.42
1790204700000,766.82,766.82,766.65,766.65,93.834
1790204760000,766.65,766.65,766.39,766.54,123.632
1790204820000,766.53,766.54,766.33,766.34,46.057
1790204880000,766.34,766.47,766.2,766.46,262.94
1790204940000,766.45,766.51,766.3,766.31,96.462
1790205000000,766.31,766.49,766.19,766.21,185.904
1790205060000,766.21,766.22,766.02,766.02,73.257
1790205120000,766.02,766.21,766.02,766.14,93.315
1790205180000,766.13,766.14,765.95,765.96,89.92
1790205240000,765.95,765.95,765.57,765.59,173.733
1790205300000,765.59,765.59,765.3,765.42,178.962
1790205360000,765.41,766.43,765.41,765.61,74.451
1790205420000,765.6,765.74,765.6,765.74,41.674
1790205480000,765.73,765.74,765.5,765.5,41.593
1790205540000,765.49,765.73,765.29,765.62,72.623
1790205600000,765.62,765.63,765.55,765.56,32.57
1790205660000,765.55,765.81,765.42,765.58,126.291
1790205720000,765.57,765.89,765.41,765.75,54.233
1790205780000,765.75,765.79,765.62,765.62,63.183
1790205840000,765.61,765.88,765.54,765.87,57.588
1790205900000,765.87,765.94,765.8,765.8,43.115
1790205960000,765.8,765.86,765.65,765.66,45.928
1790206020000,765.65,765.81,765.64,765.65,37.123
1790206080000,765.64,765.86,765.64,765.69,38.803
1790206140000,765.69,766.06,765.69,766.06,76.262
1790206200000,766.05,766.56,765.99,766.52,103.462
1790206260000,766.51,766.51,765.73,765.73,41.357
1790206320000,765.74,765.74,765.49,765.5,30.992
1790206380000,765.49,765.77,765.49,765.68,81.957
1790206440000,765.66,766.15,765.66,766.02,119.244
1790206500000,766.03,766.03,765.81,765.97,66.858
1790206560000,765.97,765.99,765.82,765.98,54.958
1790206620000,765.98,766.15,765.52,765.78,102.664
1790206680000,765.78,765.95,765.66,765.95,55.996
1790206740000,765.96,766.05,765.95,766.04,26.576
1790206800000,766.04,766.07,765.75,765.76,29.538
1790206860000,765.75,765.91,765.75,765.82,39.012
1790206920000,765.81,765.92,765.65,765.66,42.521
1790206980000,765.65,766.11,765.55,766.1,32.016
1790207040000,766.11,766.5,766.11,766.49,107.934
1790207100000,766.49,766.59,766.45,766.59,28.014
1790207160000,766.59,767.0,766.59,766.99,62.164
1790207220000,766.99,767.28,766.99,767.03,12.124
1790207280000,767.02,767.15,766.86,767.09,13.042
1790207340000,767.1,767.5,767.1,767.49,25.702
1790207400000,767.49,767.5,767.25,767.25,55.932
1790207460000,767.25,767.43,767.25,767.39,31.829
1790207520000,767.4,767.5,767.35,767.35,6.882
1790207580000,767.35,767.5,767.26,767.38,41.452
1790207640000,767.38,767.66,767.36,767.51,55.972
1790207700000,767.51,767.53,767.45,767.49,11.627
1790207760000,767.49,767.54,767.48,767.48,30.495
1790207820000,767.48,767.48,767.25,767.38,46.176
1790207880000,767.38,767.45,767.37,767.38,65.976
1790207940000,767.38,767.39,767.37,767.38,6.21
1790208000000,767.39,767.7,767.27,767.69,83.735
1790208060000,767.7,767.7,767.51,767.6,71.586
1790208120000,767.61,767.7,767.58,767.69,6.249
1790208180000,767.68,767.97,767.68,767.97,12.985
1790208240000,767.97,768.0,767.68,767.78,28.061
1790208300000,767.78,767.93,767.73,767.78,50.515
1790208360000,767.78,768.13,767.77,768.09,115.727
1790208420000,768.08,768.08,767.64,767.92,206.367
1790208480000,767.92,768.01,767.43,767.44,92.985
1790208540000,767.43,767.43,766.87,766.88,95.997
1790208600000,766.88,767.05,766.35,766.47,171.813
1790208660000,766.47,766.57,766.13,766.14,64.176
1790208720000,766.14,766.51,766.06,766.39,48.352
1790208780000,766.38,767.03,766.24,767.03,133.502
1790208840000,767.04,767.04,766.8,766.81,48.626
1790208900000,766.8,767.6,766.8,767.6,80.581
1790208960000,767.59,767.6,767.22,767.26,80.857
1790209020000,767.26,767.4,767.26,767.4,56.478
1790209080000,767.4,767.73,767.4,767.73,166.573
1790209140000,767.73,767.81,767.6,767.6,35.311
1790209200000,767.6,767.62,767.24,767.27,81.835
1790209260000,767.27,767.32,767.02,767.32,70.38
1790209320000,767.32,767.39,766.75,766.8,57.423
1790209380000,766.8,767.0,766.79,766.99,74.898
1790209440000,767.0,767.8,766.99,767.64,83.221
1790209500000,767.63,768.0,767.41,767.99,84.26
1790209560000,768.0,768.24,767.99,768.24,80.913
1790209620000,768.25,768.73,768.24,768.28,87.277
1790209680000,768.27,768.43,768.2,768.43,23.218
1790209740000,768.43,768.79,768.43,768.55,65.127
1790209800000,768.55,768.7,768.29,768.65,23.89
1790209860000,768.65,769.0,768.65,768.99,58.54
1790209920000,769.0,769.0,768.75,769.0,48.548
1790209980000,769.0,769.01,768.66,768.66,48.334
1790210040000,768.65,768.81,768.57,768.58,41.316
1790210100000,768.58,768.58,768.28,768.34,66.677
1790210160000,768.34,768.34,768.18,768.28,9.06
1790210220000,768.27,768.37,768.12,768.13,19.029
1790210280000,768.13,768.32,767.99,768.16,125.687
1790210340000,768.13,768.18,768.04,768.17,15.922
1790210400000,768.18,768.3,768.01,768.3,36.002
1790210460000,768.3,768.38,768.07,768.08,110.599
1790210520000,768.08,768.21,767.99,768.2,13.011
1790210580000,768.2,768.29,768.06,768.19,19.368
1790210640000,768.2,768.51,768.2,768.5,28.413
1790210700000,768.5,768.5,768.0,768.11,70.436
1790210760000,768.11,768.37,768.0,768.23,23.617
1790210820000,768.22,768.22,767.77,767.77,48.961
1790210880000,767.76,767.82,767.43,767.44,7.105
1790210940000,767.44,767.88,767.44,767.87,34.406
1790211000000,767.88,767.88,767.32,767.32,18.855
1790211060000,767.32,767.4,766.83,766.98,46.857
1790211120000,766.97,767.11,766.9,766.97,12.222
1790211180000,766.96,766.96,766.62,766.71,53.845
1790211240000,766.71,767.15,766.63,767.15,9.777
1790211300000,767.16,767.41,767.14,767.41,81.823
1790211360000,767.41,767.41,766.71,767.29,127.24
1790211420000,767.3,767.78,766.98,766.98,45.111
1790211480000,766.98,767.16,766.58,767.16,88.911
1790211540000,767.16,767.27,767.12,767.17,10.061
1790211600000,767.17,767.75,767.12,767.69,57.969
1790211660000,767.68,768.34,767.63,767.7,101.196
1790211720000,767.7,767.7,767.32,767.43,14.74
1790211780000,767.43,767.63,767.08,767.48,88.732
1790211840000,767.47,767.48,767.03,767.11,30.821
1790211900000,767.11,767.27,766.91,766.92,48.991
1790211960000,766.92,767.29,766.8,767.27,19.975
1790212020000,767.24,767.4,767.13,767.39,67.961
1790212080000,767.4,767.4,766.91,766.91,8.26
1790212140000,766.9,766.9,766.7,766.71,17.27
1790212200000,766.71,766.71,766.49,766.67,9.773
1790212260000,766.68,766.89,766.62,766.68,51.978
1790212320000,766.69,766.76,766.38,766.38,117.219
1790212380000,766.37,766.65,766.37,766.63,58.286
1790212440000,766.63,767.04,766.56,766.91,60.316
1790212500000,766.92,767.11,766.79,767.0,18.061
1790212560000,766.99,767.0,766.39,766.47,22.684
1790212620000,766.48,766.48,766.05,766.05,34.21
1790212680000,766.04,766.47,766.03,766.44,134.376
1790212740000,766.43,766.61,766.4,766.6,85.473
1790212800000,766.6,766.88,766.53,766.53,39.541
1790212860000,766.51,766.51,766.0,766.0,85.608
1790212920000,766.0,766.21,766.0,766.01,43.375
1790212980000,766.01,766.35,766.0,766.23,17.521
1790213040000,766.23,766.92,766.23,766.71,18.808
1790213100000,766.72,766.72,766.07,766.15,11.916
1790213160000,766.15,766.2,766.05,766.2,4.02
1790213220000,766.2,766.51,766.2,766.51,22.487
1790213280000,766.51,766.51,766.28,766.44,16.601
1790213340000,766.45,766.45,766.03,766.05,65.227
1790213400000,766.04,766.15,765.97,766.09,11.124
1790213460000,766.09,766.12,765.96,765.97,12.6
1790213520000,765.96,766.25,765.96,766.25,32.183
1790213580000,766.25,766.56,766.25,766.56,30.671
1790213640000,766.55,767.26,766.55,767.22,110.488
1790213700000,767.22,767.6,767.22,767.41,37.116
1790213760000,767.41,767.83,767.32,767.82,19.301
1790213820000,767.83,768.22,767.03,767.37,207.07
1790213880000,767.37,767.41,766.71,766.72,35.252
1790213940000,766.72,766.94,766.72,766.94,15.23
1790214000000,766.93,766.93,766.5,766.5,26.615
1790214060000,766.5,766.88,766.4,766.71,34.53
1790214120000,766.71,766.72,766.45,766.55,28.677
1790214180000,766.56,766.56,766.01,766.1,70.667
1790214240000,766.1,767.04,766.1,766.65,206.184
1790214300000,766.64,767.11,766.39,767.05,82.032
1790214360000,767.05,767.08,766.56,766.57,17.483
1790214420000,766.56,766.79,766.46,766.67,48.385
1790214480000,766.67,766.92,766.39,766.4,30.988
1790214540000,766.4,766.56,766.4,766.44,8.274
1790214600000,766.45,766.45,766.13,766.13,61.119
1790214660000,766.13,766.34,766.05,766.33,50.127
1790214720000,766.34,766.88,766.34,766.77,9.96
1790214780000,766.77,766.93,766.74,766.75,12.567
1790214840000,766.75,766.88,766.74,766.75,12.412
1790214900000,766.74,767.07,766.74,766.96,16.034
1790214960000,766.96,767.02,766.93,766.97,9.57
1790215020000,766.97,767.01,766.79,766.79,16.735
1790215080000,766.8,766.8,766.47,766.73,60.05
1790215140000,766.73,766.73,766.47,766.56,13.107
1790215200000,766.57,766.59,766.24,766.52,26.911
1790215260000,766.52,766.52,765.89,766.39,140.661
1790215320000,766.39,766.73,766.28,766.52,62.317
1790215380000,766.51,766.51,765.52,765.7,269.397
1790215440000,765.7,765.81,765.51,765.69,100.58
1790215500000,765.69,766.08,765.18,765.8,376.828
1790215560000,765.79,765.86,765.0,765.31,624.864
1790215620000,765.31,765.31,763.86,764.26,453.002
1790215680000,764.28,764.55,763.52,763.91,106.448
1790215740000,763.92,764.1,763.46,763.92,97.04
1790215800000,763.93,764.2,763.72,764.03,77.419
1790215860000,764.02,764.02,763.55,763.57,70.009
1790215920000,763.57,764.81,763.57,764.81,61.179
1790215980000,764.8,765.25,764.8,765.1,43.115
1790216040000,765.11,765.23,765.01,765.23,86.839
1790216100000,765.23,766.38,765.23,766.35,108.216
1790216160000,766.35,767.15,766.35,767.0,166.769
1790216220000,766.99,767.33,766.69,767.32,153.331
1790216280000,767.32,767.93,767.31,767.86,128.417
1790216340000,767.87,768.52,767.87,768.39,178.549
1790216400000,768.4,768.52,768.09,768.09,159.152
1790216460000,768.1,768.16,767.67,767.67,98.85
1790216520000,767.67,767.68,767.28,767.53,65.292
1790216580000,767.53,767.62,767.0,767.3,87.208
1790216640000,767.29,767.29,767.14,767.14,42.706
1790216700000,767.15,767.36,766.94,767.33,31.232
1790216760000,767.32,767.67,767.3,767.34,76.977
1790216820000,767.35,767.78,767.34,767.78,70.394
1790216880000,767.77,767.99,767.69,767.88,26.333
1790216940000,767.88,768.52,767.88,768.51,38.505
1790217000000,768.52,768.71,768.46,768.64,85.024
1790217060000,768.63,768.64,768.35,768.54,30.913
1790217120000,768.55,769.67,768.54,769.39,225.021
1790217180000,769.38,769.64,769.29,769.29,66.351
1790217240000,769.3,769.67,769.27,769.61,64.07
1790217300000,769.62,769.8,769.53,769.57,98.561
1790217360000,769.57,769.88,769.47,769.71,260.666
1790217420000,769.72,770.3,769.69,770.28,413.595
1790217480000,770.29,771.2,770.29,771.07,648.792
1790217540000,771.08,771.78,771.06,771.75,241.848
1790217600000,771.75,772.49,771.75,772.41,277.251
1790217660000,772.4,772.5,771.71,771.81,199.556
1790217720000,771.8,772.08,771.8,772.08,85.525
1790217780000,772.08,773.55,772.07,773.49,296.059
1790217840000,773.49,773.55,773.28,773.47,81.255
1790217900000,773.47,774.29,773.46,774.05,258.941
1790217960000,774.04,775.0,774.04,774.67,495.81
1790218020000,774.67,775.31,774.52,775.14,279.329
1790218080000,775.13,775.97,774.5,774.53,405.734
1790218140000,774.53,774.53,773.59,773.76,92.099
1790218200000,773.76,773.76,773.41,773.51,68.155
1790218260000,773.5,773.5,772.92,772.93,173.996
1790218320000,772.93,773.06,772.75,772.78,66.759
1790218380000,772.76,773.08,772.64,772.79,43.1
1790218440000,772.79,773.05,772.75,772.87,124.683
1790218500000,772.87,773.04,772.79,773.04,28.834
1790218560000,773.04,773.08,772.82,772.87,91.304
1790218620000,772.87,773.08,772.78,772.78,25.245
1790218680000,772.78,772.78,772.48,772.54,53.059
1790218740000,772.54,772.56,772.25,772.54,66.492
1790218800000,772.54,772.82,772.48,772.82,15.667
1790218860000,772.82,773.42,772.82,773.13,37.842
1790218920000,773.13,774.0,773.13,773.72,67.851
1790218980000,773.73,774.32,773.73,774.08,57.618
1790219040000,774.07,774.09,773.61,773.72,104.894
1790219100000,773.72,773.72,773.18,773.18,55.135
1790219160000,773.18,773.25,772.29,772.29,167.127
1790219220000,772.29,772.33,772.21,772.22,25.539
1790219280000,772.22,772.34,772.06,772.14,103.76
1790219340000,772.15,772.73,772.14,772.73,44.656
1790219400000,772.73,772.73,772.18,772.18,33.199
1790219460000,772.18,772.22,771.89,771.97,89.48
1790219520000,771.97,771.97,771.48,771.69,122.35
1790219580000,771.69,771.91,771.48,771.48,45.62
1790219640000,771.49,772.43,771.48,772.39,107.85
1790219700000,772.38,772.79,772.03,772.04,60.671
1790219760000,772.04,772.04,771.54,771.54,51.718
1790219820000,771.55,771.55,771.19,771.2,21.064
1790219880000,771.2,771.42,770.96,771.18,99.395
1790219940000,771.24,771.49,771.16,771.16,33.676
1790220000000,771.16,771.17,770.83,770.84,54.717
1790220060000,770.83,770.83,770.49,770.5,31.674
1790220120000,770.49,770.5,770.32,770.32,32.522
1790220180000,770.31,770.32,769.81,769.81,77.064
1790220240000,769.81,770.21,769.68,769.76,33.759
1790220300000,769.75,770.33,769.44,770.17,129.028
1790220360000,770.16,770.23,769.88,770.23,10.921
1790220420000,770.22,770.22,769.53,769.53,36.481
1790220480000,769.53,770.0,769.53,769.86,10.119
1790220540000,769.86,770.18,769.86,770.18,192.283
1790220600000,770.17,770.37,770.11,770.16,177.046
1790220660000,770.16,770.23,769.89,770.03,25.068
1790220720000,770.04,770.15,769.44,769.45,45.074
1790220780000,769.45,769.68,769.31,769.42,24.089
1790220840000,769.42,769.86,769.42,769.77,18.446
1790220900000,769.77,769.98,769.64,769.76,49.622
1790220960000,769.75,769.9,769.57,769.57,192.721
1790221020000,769.58,769.77,769.4,769.58,144.24
1790221080000,769.58,769.58,768.0,768.83,774.641
1790221140000,768.82,768.89,768.4,768.82,58.569
1790221200000,768.81,768.99,768.73,768.97,42.113
1790221260000,768.98,769.08,768.96,769.04,53.933
1790221320000,769.05,769.05,768.68,768.84,71.109
1790221380000,768.85,769.16,768.84,768.92,59.161
1790221440000,768.93,769.12,768.88,768.92,61.751
1790221500000,768.92,768.97,768.6,768.68,109.643
1790221560000,768.68,769.0,768.64,768.64,86.615
1790221620000,768.63,768.63,768.3,768.33,82.024
1790221680000,768.34,768.34,767.96,768.11,86.468
1790221740000,768.12,768.12,767.96,768.02,144.819
1790221800000,768.02,768.24,767.83,768.13,118.157
1790221860000,768.13,768.13,767.62,767.63,133.006
1790221920000,767.63,767.76,767.37,767.44,121.284
1790221980000,767.45,767.87,767.4,767.53,133.951
1790222040000,767.53,767.54,767.38,767.49,99.801
1790222100000,767.5,767.53,766.57,766.7,193.651
1790222160000,766.69,766.72,766.1,766.43,167.876
1790222220000,766.42,766.6,766.03,766.19,233.733
1790222280000,766.2,766.62,766.19,766.62,76.371
1790222340000,766.62,766.8,766.61,766.68,108.537
1790222400000,766.68,766.76,766.37,766.42,103.93
1790222460000,766.43,766.58,766.11,766.52,173.867
1790222520000,766.53,766.53,765.92,765.92,154.316
1790222580000,765.93,765.97,765.32,765.75,167.831
1790222640000,765.75,766.22,765.7,766.11,87.592
1790222700000,766.12,766.47,766.12,766.17,71.232
1790222760000,766.18,766.75,766.16,766.75,68.142
1790222820000,766.75,767.4,766.74,767.4,136.766
1790222880000,767.39,767.4,766.27,766.53,60.473
1790222940000,766.54,766.81,766.53,766.66,64.859
1790223000000,766.65,766.85,765.8,765.89,127.447
1790223060000,765.89,766.17,765.72,766.05,74.438
1790223120000,766.04,766.05,765.8,765.85,63.029
1790223180000,765.86,765.9,765.59,765.89,83.346
1790223240000,765.89,765.89,765.46,765.84,193.49
1790223300000,765.83,766.27,765.76,766.19,88.469
1790223360000,766.19,766.54,766.03,766.54,85.834
1790223420000,766.53,766.98,766.38,766.38,134.323
1790223480000,766.38,766.6,766.0,766.0,153.788
1790223540000,766.01,766.28,765.95,766.25,66.071
1790223600000,766.24,766.49,766.13,766.14,79.883
1790223660000,766.13,766.2,765.91,765.96,73.333
1790223720000,765.97,766.21,765.97,766.17,72.982
1790223780000,766.17,766.32,765.92,765.92,78.04
1790223840000,765.92,766.14,765.78,766.02,78.417
1790223900000,766.03,766.29,765.87,766.21,75.235
1790223960000,766.22,766.45,766.06,766.28,101.17
1790224020000,766.28,766.58,766.21,766.52,64.515
1790224080000,766.52,766.81,766.52,766.72,69.977
1790224140000,766.72,766.87,766.61,766.82,116.74
1790224200000,766.82,767.02,766.27,766.28,107.674
1790224260000,766.28,767.24,766.27,766.81,108.05
1790224320000,766.81,766.85,766.31,766.32,65.599
1790224380000,766.32,766.62,766.31,766.38,91.037
1790224440000,766.39,766.6,766.35,766.52,69.804
1790224500000,766.51,767.56,766.51,767.56,56.235
1790224560000,767.56,767.86,767.55,767.85,22.459
1790224620000,767.85,767.96,767.65,767.79,38.671
1790224680000,767.78,767.99,767.66,767.83,48.565
1790224740000,767.83,768.14,767.51,768.0,83.019
1790224800000,768.0,768.14,767.87,768.14,32.757
1790224860000,768.13,768.5,768.13,768.49,96.31
1790224920000,768.5,768.5,768.48,768.49,9.291
1790224980000,768.5,768.61,768.33,768.54,86.104
1790225040000,768.55,768.9,768.54,768.89,49.956
1790225100000,768.9,768.9,768.71,768.71,24.224
1790225160000,768.72,769.19,768.71,769.0,127.606
1790225220000,769.0,769.0,768.5,768.5,25.853
1790225280000,768.5,769.18,768.45,769.05,123.507
1790225340000,769.05,769.33,769.04,769.33,46.333
1790225400000,769.34,769.48,769.2,769.48,25.839
1790225460000,769.48,769.96,769.48,769.85,65.084
1790225520000,769.85,770.19,769.85,770.04,132.056
1790225580000,770.05,770.11,769.86,769.92,8.962
1790225640000,769.92,770.1,769.92,770.08,16.455
1790225700000,770.09,770.37,769.98,770.37,83.447
1790225760000,770.37,770.85,770.36,770.85,46.162
1790225820000,770.85,771.0,770.8,770.8,30.431
1790225880000,770.81,770.99,770.69,770.85,41.16
1790225940000,770.85,770.96,770.67,770.83,108.613
1790226000000,770.84,771.36,770.84,771.36,70.561
1790226060000,771.36,771.58,771.36,771.58,37.317
1790226120000,771.59,772.5,771.59,772.49,58.551
1790226180000,772.5,773.01,772.26,773.01,112.606
1790226240000,773.01,773.47,772.89,773.23,306.889
1790226300000,773.23,774.33,773.22,774.33,176.038
1790226360000,774.32,774.5,774.11,774.33,195.401
1790226420000,774.34,775.31,774.33,775.3,264.012
1790226480000,775.3,775.82,774.72,774.75,103.613
1790226540000,774.75,774.88,774.33,774.34,77.266
1790226600000,774.34,774.38,773.97,773.97,49.797
1790226660000,773.98,774.26,773.96,774.26,99.698
1790226720000,774.26,774.26,773.2,773.68,539.366
1790226780000,773.68,773.68,773.25,773.53,57.679
1790226840000,773.54,774.11,773.51,773.93,89.049
1790226900000,773.93,774.68,773.93,774.42,93.764
1790226960000,774.41,774.99,774.02,774.79,161.546
1790227020000,774.79,774.94,774.62,774.74,45.645
1790227080000,774.74,774.74,774.21,774.25,29.991
1790227140000,774.24,774.25,773.98,774.17,8.881
1790227200000,774.17,774.48,774.08,774.18,121.153
1790227260000,774.18,774.18,773.47,773.47,33.091
1790227320000,773.47,773.88,773.46,773.64,22.914
1790227380000,773.65,773.96,773.6,773.93,28.349
1790227440000,773.94,773.94,773.35,773.35,27.164
1790227500000,773.36,773.73,773.36,773.55,8.689
1790227560000,773.55,773.64,773.2,773.2,19.07
1790227620000,773.21,773.4,773.15,773.39,29.638
1790227680000,773.4,773.47,773.31,773.42,26.1
1790227740000,773.42,773.43,773.41,773.43,5.9
1790227800000,773.43,773.64,772.97,772.98,35.731
1790227860000,772.97,772.99,772.49,772.49,22.721
1790227920000,772.5,772.5,772.37,772.4,21.846
1790227980000,772.41,772.49,772.27,772.27,30.696
1790228040000,772.27,772.39,772.27,772.39,15.039
1790228100000,772.39,772.44,772.35,772.35,10.522
1790228160000,772.36,772.43,772.34,772.35,4.775
1790228220000,772.35,772.67,772.32,772.67,10.732
1790228280000,772.67,773.35,772.67,773.35,59.062
1790228340000,773.34,773.48,772.95,772.97,18.349
1790228400000,772.97,773.62,772.97,773.62,24.76
1790228460000,773.62,773.9,773.34,773.34,28.333
1790228520000,773.34,773.36,772.88,773.01,38.544
1790228580000,773.02,773.8,773.02,773.75,66.55
1790228640000,773.71,773.76,773.6,773.7,12.046
1790228700000,773.71,773.71,773.6,773.71,16.124
1790228760000,773.71,774.0,773.66,773.94,45.453
1790228820000,773.93,773.96,773.31,773.31,30.664
1790228880000,773.32,773.75,773.25,773.42,9.074
1790228940000,773.42,773.42,772.81,772.95,111.315
1790229000000,772.94,773.58,772.94,773.41,34.025
1790229060000,773.41,773.47,773.12,773.13,14.379
1790229120000,773.13,773.36,772.99,773.13,11.512
1790229180000,773.13,773.57,773.09,773.19,19.175
1790229240000,773.19,773.46,773.15,773.15,21.534
1790229300000,773.14,773.41,772.97,773.32,25.353
1790229360000,773.32,773.32,772.85,772.85,55.276
1790229420000,772.84,773.16,772.75,772.78,105.464
1790229480000,772.78,773.1,772.37,773.04,114.688
1790229540000,773.04,773.22,772.96,772.96,38.61
1790229600000,772.95,773.37,772.95,772.99,53.873
1790229660000,772.98,773.21,772.47,772.48,56.265
1790229720000,772.48,772.49,772.0,772.26,63.624
1790229780000,772.26,773.05,772.02,773.05,39.369
1790229840000,773.05,773.75,773.05,773.71,51.247
1790229900000,773.7,773.74,773.43,773.66,31.867
1790229960000,773.67,773.71,773.0,773.12,298.042
1790230020000,773.09,773.34,772.88,772.9,50.074
1790230080000,772.89,773.2,772.78,773.04,141.168
1790230140000,773.02,773.13,772.72,773.04,30.183
1790230200000,773.03,773.03,772.34,772.96,32.193
1790230260000,772.98,773.44,772.9,773.44,44.554
1790230320000,773.44,773.76,773.43,773.76,35.249
1790230380000,773.76,773.76,773.22,773.31,33.118
1790230440000,773.31,773.38,772.93,773.03,11.621
1790230500000,773.03,773.16,772.77,773.04,13.567
1790230560000,773.04,773.06,772.6,773.06,15.758
1790230620000,773.05,773.17,772.71,772.95,22.84
1790230680000,772.96,773.39,772.81,773.22,33.953
1790230740000,773.21,773.53,773.05,773.13,30.766
1790230800000,773.12,773.12,772.54,772.63,30.724
1790230860000,772.64,772.77,772.06,772.07,134.794
1790230920000,772.06,772.37,771.92,771.93,110.232
1790230980000,771.93,772.01,771.11,771.22,157.553
1790231040000,771.23,772.16,771.22,771.97,82.563
1790231100000,771.96,772.13,771.7,771.7,85.031
1790231160000,771.69,771.7,771.2,771.39,83.687
1790231220000,771.39,771.6,771.28,771.33,125.123
1790231280000,771.32,771.33,771.18,771.19,132.31
1790231340000,771.18,771.33,771.1,771.23,115.119
1790231400000,771.23,772.19,770.94,772.19,198.789
1790231460000,772.2,772.79,772.2,772.52,84.991
1790231520000,772.53,773.01,772.52,772.86,33.305
1790231580000,772.86,772.86,772.33,772.42,42.156
1790231640000,772.42,772.42,771.69,772.15,288.356
1790231700000,772.15,772.67,772.12,772.67,84.971
1790231760000,772.67,772.8,772.53,772.79,68.181
1790231820000,772.79,773.0,772.67,772.96,61.429
1790231880000,772.96,773.32,772.82,773.31,63.497
1790231940000,773.31,773.45,773.06,773.12,73.996
1790232000000,773.13,773.23,772.54,772.55,48.215
1790232060000,772.54,772.71,772.51,772.71,15.422
1790232120000,772.71,772.75,772.55,772.69,14.78
1790232180000,772.69,772.99,772.68,772.76,20.814
1790232240000,772.76,772.77,772.68,772.73,16.068
1790232300000,772.73,772.9,772.69,772.83,9.553
1790232360000,772.83,772.83,772.13,772.13,22.51
1790232420000,772.12,772.82,772.11,772.43,24.703
1790232480000,772.43,772.55,772.2,772.55,55.414
1790232540000,772.56,772.85,772.55,772.85,22.039
1790232600000,772.84,772.92,772.62,772.63,33.738
1790232660000,772.62,772.63,772.19,772.35,20.599
1790232720000,772.34,772.5,772.23,772.35,61.057
1790232780000,772.36,772.43,772.13,772.14,19.487
1790232840000,772.14,772.67,772.14,772.49,31.603
1790232900000,772.49,772.73,772.49,772.55,30.203
1790232960000,772.54,772.71,772.51,772.58,23.754
1790233020000,772.59,773.03,772.59,772.91,33.908
1790233080000,772.91,773.2,772.91,772.93,424.527
1790233140000,772.93,772.93,772.61,772.62,13.411
1790233200000,772.61,772.61,772.01,772.02,28.171
1790233260000,772.02,772.22,771.44,771.45,41.048
1790233320000,771.44,771.44,770.8,771.08,65.668
1790233380000,771.08,771.2,770.71,771.11,44.14
1790233440000,771.12,771.42,771.09,771.42,44.399
1790233500000,771.45,771.45,770.62,771.42,39.16
1790233560000,771.41,771.71,771.31,771.71,27.519
1790233620000,771.71,772.58,771.71,772.47,46.218
1790233680000,772.47,772.88,772.44,772.52,32.0
1790233740000,772.52,772.58,772.09,772.39,35.299
1790233800000,772.39,772.84,772.39,772.66,92.015
1790233860000,772.66,772.66,772.31,772.31,46.826
1790233920000,772.31,772.31,772.02,772.02,36.264
1790233980000,772.03,772.5,772.02,772.23,17.044
1790234040000,772.23,772.66,772.15,772.66,28.689
1790234100000,772.66,772.82,772.25,772.59,58.68
1790234160000,772.6,773.16,772.6,773.02,75.823
1790234220000,773.0,773.19,772.73,772.73,96.705
1790234280000,772.73,773.23,772.62,773.22,131.049
1790234340000,773.22,773.95,773.22,773.94,185.97
1790234400000,773.93,774.48,773.93,774.36,147.393
1790234460000,774.36,774.52,774.14,774.32,66.392
1790234520000,774.32,774.41,774.22,774.23,35.219
1790234580000,774.23,774.36,774.06,774.3,51.021
1790234640000,774.31,774.34,774.27,774.33,19.271
1790234700000,774.33,775.0,774.12,775.0,272.691
1790234760000,774.99,775.41,774.96,775.02,231.96
1790234820000,775.02,775.1,775.01,775.02,44.771
1790234880000,775.02,775.65,775.02,775.61,101.808
1790234940000,775.6,775.97,775.47,775.97,32.528
1790235000000,775.97,776.39,775.73,776.24,321.063
1790235060000,776.23,777.0,776.23,777.0,449.679
1790235120000,777.0,777.62,776.69,777.39,284.558
1790235180000,777.39,777.59,777.07,777.27,363.701
1790235240000,777.29,777.62,777.26,777.43,103.77
1790235300000,777.42,777.54,776.12,776.83,253.482
1790235360000,776.84,777.04,776.7,776.71,36.369
1790235420000,776.71,776.82,776.59,776.82,127.635
1790235480000,776.82,777.0,776.62,776.92,36.696
1790235540000,776.93,776.93,776.38,776.39,35.516
1790235600000,776.38,776.39,776.0,776.01,55.428
1790235660000,776.01,776.01,775.67,775.67,37.471
1790235720000,775.68,775.72,775.39,775.54,185.952
1790235780000,775.54,775.54,775.03,775.27,37.542
1790235840000,775.27,775.57,775.09,775.37,88.283
1790235900000,775.37,775.86,775.17,775.73,76.129
1790235960000,775.72,776.07,775.72,776.07,67.226
1790236020000,776.07,776.11,775.86,776.03,114.859
1790236080000,776.03,776.93,776.03,776.93,131.353
1790236140000,776.93,776.98,776.53,776.57,80.857
1790236200000,776.57,776.58,776.12,776.31,38.367
1790236260000,776.31,776.52,776.01,776.44,29.207
1790236320000,776.45,776.45,776.18,776.31,51.36
1790236380000,776.31,776.75,776.23,776.74,57.151
1790236440000,776.75,776.93,776.47,776.74,123.492
1790236500000,776.75,776.78,776.29,776.51,59.177
1790236560000,776.5,776.51,776.07,776.13,33.275
1790236620000,776.13,776.19,775.89,775.89,55.355
1790236680000,775.9,776.01,775.78,775.79,64.193
1790236740000,775.79,775.85,775.65,775.8,57.455
1790236800000,775.8,776.13,775.73,775.78,39.82
1790236860000,775.77,776.42,775.58,776.15,114.822
1790236920000,776.15,776.16,775.86,775.99,68.25
1790236980000,776.0,776.12,775.75,775.76,74.839
1790237040000,775.75,775.81,775.52,775.7,51.372
1790237100000,775.7,775.71,775.36,775.43,27.326
1790237160000,775.43,775.45,775.0,775.0,88.383
1790237220000,775.01,775.01,774.37,774.56,263.151
1790237280000,774.56,775.18,774.03,774.23,148.668
1790237340000,774.24,774.44,773.72,774.26,149.854
1790237400000,774.26,774.46,774.15,774.29,78.514
1790237460000,774.28,774.29,773.91,773.94,43.712
1790237520000,773.93,774.02,773.75,773.76,29.553
1790237580000,773.76,773.95,773.68,773.72,37.48
1790237640000,773.71,773.96,773.71,773.84,95.749
1790237700000,773.84,773.84,773.61,773.61,56.429
1790237760000,773.61,774.18,773.46,774.0,33.691
1790237820000,774.0,774.55,774.0,774.43,123.433
1790237880000,774.42,774.43,773.79,774.14,145.264
1790237940000,774.14,774.34,774.04,774.22,27.412
1790238000000,774.21,774.21,773.59,773.59,83.547
1790238060000,773.6,773.6,772.89,772.92,63.457
1790238120000,772.92,773.46,772.92,773.26,49.786
1790238180000,773.27,773.62,773.18,773.19,43.036
1790238240000,773.19,773.41,772.89,773.14,35.982
1790238300000,773.13,773.29,772.89,772.9,74.113
1790238360000,772.9,772.9,771.75,771.75,103.907
1790238420000,771.75,771.86,771.11,771.81,110.522
1790238480000,771.81,771.81,771.09,771.09,88.862
1790238540000,771.1,771.1,770.31,770.31,110.755
1790238600000,770.32,771.04,769.92,770.56,192.65
1790238660000,770.56,771.14,770.48,770.93,57.67
1790238720000,770.94,771.24,770.54,771.24,64.147
1790238780000,771.23,771.35,770.62,771.03,40.553
1790238840000,771.04,771.14,770.0,770.0,63.712
1790238900000,770.01,770.28,768.85,770.15,151.643
1790238960000,770.16,770.52,769.81,770.36,76.767
1790239020000,770.37,771.33,770.37,770.98,196.607
1790239080000,770.97,771.06,770.38,770.77,162.748
1790239140000,770.77,770.97,770.47,770.77,105.525
1790239200000,770.78,770.97,770.66,770.68,39.2
1790239260000,770.67,770.68,770.19,770.21,67.936
1790239320000,770.22,770.32,769.76,769.99,34.088
1790239380000,769.94,770.11,769.73,769.88,52.583
1790239440000,769.89,770.0,769.7,769.86,69.55
1790239500000,769.86,770.28,769.64,769.64,27.889
1790239560000,769.64,769.84,769.45,769.52,60.963
1790239620000,769.52,769.52,768.8,769.04,97.429
1790239680000,769.05,769.12,768.81,769.05,32.628
1790239740000,769.04,769.04,767.05,767.06,357.63
1790239800000,767.06,768.0,767.06,767.44,148.994
1790239860000,767.44,768.75,767.44,768.68,93.99
1790239920000,768.69,769.13,768.64,768.96,53.354
1790239980000,768.96,768.96,767.79,768.5,241.214
1790240040000,768.51,769.29,768.16,769.26,186.344
1790240100000,769.26,769.26,768.78,769.07,26.99
1790240160000,769.08,769.33,769.03,769.05,51.974
1790240220000,769.04,769.16,769.04,769.08,12.795
1790240280000,769.07,769.52,769.07,769.47,25.107
1790240340000,769.46,769.92,769.46,769.92,46.576
1790240400000,769.92,770.77,769.91,770.58,166.408
1790240460000,770.58,771.15,770.52,770.92,66.168
1790240520000,770.91,770.91,769.47,769.47,176.983
1790240580000,769.47,769.66,769.29,769.37,67.811
1790240640000,769.37,769.58,768.76,768.78,95.879
1790240700000,768.79,769.67,768.79,769.31,73.648
1790240760000,769.3,769.3,768.74,769.0,47.837
1790240820000,769.0,769.9,769.0,769.77,91.263
1790240880000,769.76,770.19,769.4,770.05,39.826
1790240940000,770.06,770.34,770.06,770.24,102.298
1790241000000,770.23,770.33,769.72,769.72,66.215
1790241060000,769.72,769.72,768.59,768.6,54.538
1790241120000,768.59,768.59,768.0,768.01,113.398
1790241180000,767.99,768.46,767.89,768.15,77.458
1790241240000,768.18,768.27,767.51,767.67,64.217
1790241300000,767.67,768.08,767.01,767.85,292.738
1790241360000,767.85,767.85,766.98,767.19,432.316
1790241420000,767.19,767.78,766.99,767.56,57.328
1790241480000,767.55,767.71,766.99,767.17,770.671
1790241540000,767.17,767.48,766.28,767.48,294.312
1790241600000,767.49,767.73,767.49,767.57,25.878
1790241660000,767.58,767.58,767.17,767.33,77.627
1790241720000,767.34,767.45,766.63,766.71,43.597
1790241780000,766.71,767.17,766.7,766.95,302.145
1790241840000,766.94,767.17,766.82,766.99,63.33
1790241900000,767.0,767.28,766.71,767.16,94.011
1790241960000,767.17,767.17,766.42,767.04,64.295
1790242020000,767.04,767.51,766.83,767.45,51.475
1790242080000,767.44,767.52,766.55,766.94,147.093
1790242140000,766.95,767.05,766.81,766.98,32.478
1790242200000,766.98,766.99,765.04,765.6,272.508
1790242260000,765.61,766.03,765.0,765.2,100.269
1790242320000,765.21,765.21,764.14,764.62,299.257
1790242380000,764.62,764.84,763.55,764.08,261.104
1790242440000,764.08,764.45,763.5,763.71,222.666
1790242500000,763.71,765.4,763.04,765.19,340.42
1790242560000,765.19,766.7,765.19,766.65,377.281
1790242620000,766.61,767.32,766.47,767.15,207.498
1790242680000,767.15,767.15,766.03,766.5,166.578
1790242740000,766.5,766.59,766.02,766.02,134.279
1790242800000,766.02,766.75,766.0,766.65,68.992
1790242860000,766.64,766.77,766.1,766.67,92.758
1790242920000,766.68,767.36,766.67,767.01,243.458
1790242980000,767.02,767.02,765.73,765.91,190.941
1790243040000,765.91,766.11,765.62,766.06,17.19
1790243100000,766.05,766.52,765.56,765.61,111.939
1790243160000,765.61,766.29,765.1,766.27,169.906
1790243220000,766.27,766.39,765.61,766.16,97.985
1790243280000,766.15,766.39,765.79,766.19,37.662
1790243340000,766.18,766.53,766.04,766.52,16.358
1790243400000,766.52,767.31,766.44,767.29,106.329
1790243460000,767.29,767.54,766.62,766.99,164.933
1790243520000,767.0,767.54,766.99,767.54,213.762
1790243580000,767.53,767.89,766.94,767.02,124.93
1790243640000,767.01,767.01,766.56,766.82,103.915
1790243700000,766.83,767.07,766.78,767.06,55.727
1790243760000,767.05,767.05,766.19,766.33,234.284
1790243820000,766.33,766.33,765.89,765.89,51.338
1790243880000,765.89,766.45,765.83,766.34,62.669
1790243940000,766.35,766.52,766.18,766.52,71.295
1790244000000,766.52,767.16,766.35,767.16,59.667
1790244060000,767.16,767.44,767.04,767.44,53.27
1790244120000,767.43,767.44,767.01,767.06,66.647
1790244180000,767.05,767.32,766.9,767.17,60.578
1790244240000,767.18,767.28,766.78,766.79,47.042
1790244300000,766.79,766.85,766.57,766.73,45.909
1790244360000,766.73,766.73,766.26,766.26,33.976
1790244420000,766.26,766.55,765.69,766.55,101.098
1790244480000,766.55,766.56,766.19,766.55,91.663
1790244540000,766.55,767.09,766.47,766.86,100.059
1790244600000,766.86,767.3,766.4,767.19,89.021
1790244660000,767.18,767.7,767.17,767.3,60.647
1790244720000,767.31,767.31,766.57,766.6,47.268
1790244780000,766.61,766.69,765.81,766.03,136.334
1790244840000,766.04,766.96,766.03,766.96,110.063
1790244900000,766.97,767.12,766.73,767.0,39.233
1790244960000,766.99,767.41,766.96,767.23,123.066
1790245020000,767.23,767.28,766.6,766.61,113.879
1790245080000,766.61,766.69,766.33,766.44,39.666
1790245140000,766.45,766.55,766.28,766.29,55.794
1790245200000,766.29,766.59,766.13,766.13,53.782
1790245260000,766.13,766.14,765.65,765.87,57.8
1790245320000,765.86,766.11,765.71,766.0,62.736
1790245380000,765.99,766.75,765.87,766.15,173.422
1790245440000,766.15,766.55,765.9,765.98,106.451
1790245500000,765.98,766.21,765.89,766.16,53.806
1790245560000,766.16,766.57,766.05,766.4,41.915
1790245620000,766.41,766.41,765.61,765.77,141.412
1790245680000,765.78,766.14,765.5,765.84,89.016
1790245740000,765.83,766.57,765.83,766.14,170.076
1790245800000,766.14,766.14,765.51,765.65,108.151
1790245860000,765.64,765.72,765.33,765.66,75.655
1790245920000,765.66,765.78,765.54,765.54,74.133
1790245980000,765.54,766.08,765.54,765.63,42.442
1790246040000,765.63,765.87,765.63,765.78,73.059
1790246100000,765.78,765.85,765.48,765.68,76.929
1790246160000,765.68,765.68,765.31,765.36,131.248
1790246220000,765.38,765.85,765.37,765.77,107.518
1790246280000,765.76,766.31,765.76,766.17,79.586
1790246340000,766.17,766.57,766.16,766.56,34.72
1790246400000,766.57,767.28,766.56,767.28,85.089
1790246460000,767.28,767.7,767.25,767.55,141.225
1790246520000,767.55,767.7,767.46,767.7,43.833
1790246580000,767.71,767.84,767.52,767.52,47.232
1790246640000,767.53,767.53,767.5,767.5,23.55
1790246700000,767.49,767.49,767.21,767.32,50.417
1790246760000,767.31,767.36,767.21,767.23,29.879
1790246820000,767.23,767.48,767.16,767.48,38.615
1790246880000,767.47,767.79,767.26,767.67,28.851
1790246940000,767.67,769.04,767.67,768.95,205.276
1790247000000,768.95,769.56,768.82,768.94,93.209
1790247060000,768.93,769.13,768.6,768.61,70.389
1790247120000,768.61,768.61,768.3,768.5,48.738
1790247180000,768.51,768.73,768.4,768.45,140.671
1790247240000,768.45,768.5,768.19,768.19,39.637
1790247300000,768.18,768.18,767.77,768.02,63.276
1790247360000,768.02,768.06,767.89,767.95,32.87
1790247420000,767.95,768.36,767.94,768.31,30.11
1790247480000,768.31,768.63,768.3,768.5,24.258
1790247540000,768.5,768.5,768.33,768.44,28.748
1790247600000,768.45,769.17,768.44,769.16,26.214
1790247660000,769.15,769.3,769.0,769.27,48.413
1790247720000,769.26,769.26,769.01,769.01,57.103
1790247780000,769.01,769.38,769.01,769.38,44.833
1790247840000,769.38,769.57,769.37,769.55,113.333
1790247900000,769.55,769.55,769.21,769.31,37.079
1790247960000,769.31,769.43,769.26,769.28,25.015
1790248020000,769.28,769.54,769.27,769.28,39.195
1790248080000,769.29,769.43,769.19,769.2,43.083
1790248140000,769.23,769.99,769.23,769.99,258.609
1790248200000,769.99,770.46,769.98,770.08,103.257
1790248260000,770.08,770.43,770.08,770.43,90.984
1790248320000,770.43,770.46,770.37,770.37,26.762
1790248380000,770.37,770.42,770.16,770.17,53.293
1790248440000,770.17,770.45,770.17,770.31,76.107
1790248500000,770.31,770.83,770.09,770.74,140.01
1790248560000,770.74,770.93,770.42,770.81,206.212
1790248620000,770.82,770.9,770.67,770.78,55.245
1790248680000,770.79,770.85,770.53,770.64,35.891
1790248740000,770.63,770.91,770.63,770.83,31.713
1790248800000,770.82,770.89,770.59,770.69,47.408
1790248860000,770.68,770.69,770.29,770.29,54.924
1790248920000,770.3,770.6,770.29,770.55,84.555
1790248980000,770.55,770.56,770.4,770.53,27.494
1790249040000,770.54,770.68,770.41,770.68,27.583
1790249100000,770.67,770.68,769.74,769.74,183.613
1790249160000,769.74,769.98,769.73,769.83,28.834
1790249220000,769.83,769.83,769.28,769.48,62.667
1790249280000,769.49,769.49,769.06,769.15,26.385
1790249340000,769.14,769.15,768.92,768.93,38.911
1790249400000,768.93,769.6,768.93,769.53,38.291
1790249460000,769.53,770.01,769.39,769.69,31.742
1790249520000,769.69,769.94,769.51,769.79,54.295
1790249580000,769.79,769.97,769.54,769.55,10.492
1790249640000,769.54,769.82,769.36,769.43,31.99
1790249700000,769.43,769.53,769.2,769.52,10.798
1790249760000,769.53,769.53,769.33,769.43,32.866
1790249820000,769.44,769.73,768.86,768.87,17.616
1790249880000,768.87,769.08,768.86,769.08,123.491
1790249940000,769.07,769.07,768.86,769.04,20.902
1790250000000,769.05,769.3,769.04,769.28,19.901
1790250060000,769.27,769.28,769.08,769.13,91.05
1790250120000,769.12,769.13,768.98,768.98,15.896
1790250180000,768.99,769.31,768.88,769.25,80.392
1790250240000,769.24,769.31,769.23,769.24,13.148
1790250300000,769.24,769.24,768.73,768.73,43.377
1790250360000,768.74,769.21,768.59,769.21,53.226
1790250420000,769.2,769.24,769.08,769.09,12.542
1790250480000,769.1,769.22,769.09,769.17,11.116
1790250540000,769.16,769.21,769.12,769.13,4.411
1790250600000,769.12,769.55,769.12,769.47,60.95
1790250660000,769.48,769.57,769.29,769.41,13.024
1790250720000,769.4,769.54,768.55,768.63,139.917
1790250780000,768.63,768.79,768.62,768.75,11.238
1790250840000,768.76,768.95,768.75,768.87,24.9
1790250900000,768.86,769.15,768.86,769.08,29.693
1790250960000,769.07,769.08,768.77,768.93,115.353
1790251020000,768.92,769.21,768.92,769.2,14.609
1790251080000,769.21,769.72,769.2,769.72,25.835
1790251140000,769.72,770.28,769.57,769.98,224.667
1790251200000,769.97,770.15,769.73,769.75,44.736
1790251260000,769.75,769.75,769.01,769.01,78.766
1790251320000,769.02,769.66,768.85,769.46,39.918
1790251380000,769.46,769.75,769.45,769.47,31.863
1790251440000,769.46,769.7,769.29,769.37,27.172
1790251500000,769.37,769.63,769.32,769.63,11.972
1790251560000,769.63,769.63,769.44,769.61,117.895
1790251620000,769.61,769.84,769.5,769.83,30.047
1790251680000,769.83,770.91,769.67,770.91,58.982
1790251740000,770.9,770.91,770.56,770.82,32.191
1790251800000,770.83,771.2,770.45,771.03,360.055
1790251860000,771.04,771.21,770.96,770.97,17.886
1790251920000,770.96,771.2,770.82,770.82,28.415
1790251980000,770.82,770.83,770.42,770.42,25.412
1790252040000,770.43,770.65,770.42,770.53,17.647
1790252100000,770.52,770.87,770.36,770.71,59.413
1790252160000,770.77,770.81,770.52,770.73,35.591
1790252220000,770.75,770.87,770.44,770.58,32.524
1790252280000,770.57,770.6,770.11,770.14,31.205
1790252340000,770.14,770.2,770.0,770.17,48.631
1790252400000,770.17,770.75,770.16,770.75,22.433
1790252460000,770.76,770.89,770.75,770.81,51.993
1790252520000,770.81,770.99,770.8,770.97,19.911
1790252580000,770.98,770.99,770.9,770.91,60.012
1790252640000,770.9,771.28,770.73,771.28,206.8
1790252700000,771.27,771.28,770.61,771.08,80.407
1790252760000,771.08,771.08,770.67,770.67,31.077
1790252820000,770.66,771.0,770.66,771.0,13.259
1790252880000,770.99,771.0,770.73,770.94,23.189
1790252940000,770.93,770.94,770.93,770.93,12.358
1790253000000,770.94,771.78,770.94,771.63,184.141
1790253060000,771.63,771.63,771.12,771.12,58.082
1790253120000,771.13,771.13,770.73,770.75,203.574
1790253180000,770.75,770.75,770.34,770.55,53.573
1790253240000,770.54,770.84,770.45,770.76,37.088
1790253300000,770.76,770.82,769.88,769.94,54.483
1790253360000,769.93,770.04,769.57,769.95,52.2
1790253420000,769.96,770.64,769.95,770.64,44.024
1790253480000,770.63,770.81,770.46,770.46,48.961
1790253540000,770.42,770.44,769.86,770.2,65.811
1790253600000,770.2,770.74,770.2,770.46,387.21
1790253660000,770.47,770.57,770.14,770.43,59.83
1790253720000,770.44,770.81,770.44,770.62,17.24
1790253780000,770.6,770.64,770.19,770.19,14.973
1790253840000,770.21,770.68,770.14,770.68,91.411
1790253900000,770.68,770.75,770.48,770.48,24.243
1790253960000,770.48,770.51,770.26,770.47,18.329
1790254020000,770.47,770.49,770.15,770.23,13.607
1790254080000,770.22,770.69,770.21,770.52,24.324
1790254140000,770.52,770.52,770.12,770.13,31.83
1790254200000,770.13,770.13,769.67,769.73,39.866
1790254260000,769.73,770.29,769.73,770.19,81.556
1790254320000,770.19,770.28,770.11,770.28,36.124
1790254380000,770.27,770.31,770.08,770.1,129.318
1790254440000,770.09,770.53,770.09,770.53,19.235
1790254500000,770.53,770.63,770.48,770.63,45.979
1790254560000,770.62,770.83,770.53,770.82,43.023
1790254620000,770.82,771.45,770.82,771.36,21.315
1790254680000,771.35,771.35,771.16,771.31,16.874
1790254740000,771.31,771.31,771.12,771.22,154.097
1790254800000,771.22,772.0,771.22,772.0,28.032
1790254860000,772.0,772.37,771.65,771.65,107.59
1790254920000,771.65,772.08,771.65,772.06,66.874
1790254980000,772.07,772.47,772.06,772.37,38.522
1790255040000,772.38,772.57,772.35,772.35,50.757
1790255100000,772.34,772.35,772.29,772.34,148.619
1790255160000,772.34,772.51,772.34,772.34,28.563
1790255220000,772.35,772.52,772.29,772.52,254.757
1790255280000,772.52,772.61,772.3,772.61,12.626
1790255340000,772.62,772.99,772.62,772.99,50.207
1790255400000,773.0,773.22,772.99,773.18,106.383
1790255460000,773.18,773.72,773.18,773.51,166.95
1790255520000,773.53,773.7,773.51,773.53,80.105
1790255580000,773.52,774.09,773.42,774.08,70.098
1790255640000,774.09,774.53,774.09,774.52,121.25
1790255700000,774.52,774.53,774.23,774.33,87.21
1790255760000,774.33,774.53,774.23,774.3,54.483
1790255820000,774.31,774.46,774.26,774.31,34.907
1790255880000,774.32,774.78,774.32,774.77,156.071
1790255940000,774.77,775.46,774.71,775.45,149.953
1790256000000,775.45,775.55,775.19,775.51,146.355
1790256060000,775.51,775.51,774.53,774.69,86.981
1790256120000,774.69,774.96,774.42,774.68,76.184
1790256180000,774.68,774.8,774.4,774.79,92.53
1790256240000,774.79,774.91,774.68,774.82,62.119
1790256300000,774.81,775.01,774.53,774.96,93.825
1790256360000,774.96,775.09,774.95,774.99,75.987
1790256420000,774.99,775.18,774.79,774.92,91.352
1790256480000,774.91,775.1,774.91,774.99,49.891
1790256540000,775.0,775.01,774.58,774.58,64.851
1790256600000,774.58,774.97,774.11,774.97,279.388
1790256660000,774.97,776.49,774.84,776.25,384.645
1790256720000,776.25,778.0,776.25,776.71,269.116
1790256780000,776.72,777.56,776.64,776.66,121.889
1790256840000,776.65,776.94,776.28,776.55,104.355
1790256900000,776.54,776.6,775.29,775.57,103.715
1790256960000,775.58,775.76,775.36,775.61,44.418
1790257020000,775.61,776.06,775.33,776.06,292.684
1790257080000,776.05,777.05,776.0,776.55,162.009
1790257140000,776.54,777.34,776.28,777.01,92.887
1790257200000,777.0,777.08,775.91,775.91,38.326
1790257260000,775.89,775.89,775.0,775.01,110.401
1790257320000,775.01,775.31,774.71,775.22,103.217
1790257380000,775.22,775.79,775.21,775.52,100.86
1790257440000,775.52,775.53,775.22,775.32,50.871
1790257500000,775.32,775.62,775.22,775.31,76.54
1790257560000,775.32,775.61,775.11,775.32,45.407
1790257620000,775.36,775.85,775.24,775.79,76.838
1790257680000,775.74,775.79,775.18,775.36,96.186
1790257740000,775.37,775.37,775.0,775.11,62.819
1790257800000,775.11,775.44,774.91,775.36,66.818
1790257860000,775.35,775.37,775.12,775.12,47.477
1790257920000,775.2,775.48,775.13,775.29,26.455
1790257980000,775.28,775.28,774.91,774.91,18.577
1790258040000,774.92,775.83,774.92,775.83,83.586
1790258100000,775.82,776.84,775.79,776.62,223.117
1790258160000,776.61,776.84,776.54,776.72,61.26
1790258220000,776.72,776.74,776.62,776.65,70.394
1790258280000,776.66,776.88,776.57,776.87,119.516
1790258340000,776.87,777.24,776.87,777.24,260.75
1790258400000,777.25,777.82,776.88,777.51,539.13
1790258460000,777.51,777.81,777.12,777.27,120.951
1790258520000,777.28,778.14,777.13,777.62,129.317
1790258580000,777.62,777.69,777.2,777.69,120.486
1790258640000,777.69,778.19,777.68,778.19,148.062
1790258700000,778.19,778.28,778.0,778.27,425.365
1790258760000,778.27,779.31,778.27,779.15,280.786
1790258820000,779.14,779.68,779.13,779.46,184.345
1790258880000,779.46,779.66,779.0,779.37,77.29
1790258940000,779.37,779.37,778.76,778.76,70.09
1790259000000,778.77,779.56,778.4,779.37,102.785
1790259060000,779.37,779.43,778.63,778.64,119.402
1790259120000,778.63,778.88,777.8,777.81,274.913
1790259180000,777.8,778.0,777.31,777.78,583.773
1790259240000,777.78,777.78,777.52,777.53,42.358
1790259300000,777.54,777.54,776.9,776.91,66.976
1790259360000,776.9,777.73,776.9,777.73,87.22
1790259420000,777.72,778.26,777.4,777.79,444.202
1790259480000,777.8,777.85,777.36,777.37,157.08
1790259540000,777.37,777.89,777.37,777.57,48.209
1790259600000,777.6,777.88,777.15,777.54,64.952
1790259660000,777.53,778.58,777.44,778.31,362.553
1790259720000,778.32,778.71,778.3,778.7,121.775
1790259780000,778.7,779.15,778.43,779.15,87.662
1790259840000,779.16,779.64,779.16,779.45,71.724
1790259900000,779.45,780.12,779.41,780.12,173.051
1790259960000,780.12,780.78,780.12,780.4,180.56
1790260020000,780.41,781.5,780.26,781.49,425.946
1790260080000,781.48,782.74,781.33,782.54,358.924
1790260140000,782.54,783.0,782.12,782.49,188.86
1790260200000,782.48,782.54,780.81,782.16,410.834
1790260260000,782.17,783.38,781.83,783.25,1110.932
1790260320000,783.25,783.76,782.91,783.13,254.216
1790260380000,783.04,783.21,782.74,782.74,194.835
1790260440000,782.74,783.0,782.31,782.97,150.475
1790260500000,782.97,782.99,782.59,782.75,268.05
1790260560000,782.74,782.74,781.8,781.86,486.666
1790260620000,781.86,782.31,781.29,781.31,188.636
1790260680000,781.3,781.67,781.3,781.3,99.204
1790260740000,781.3,781.31,780.48,781.05,194.069
1790260800000,781.03,781.33,780.98,781.24,83.984
1790260860000,781.24,781.25,780.69,780.7,186.86
1790260920000,780.7,781.5,780.66,781.29,154.432
1790260980000,781.29,781.3,781.1,781.11,93.555
1790261040000,781.1,781.24,780.94,780.95,538.526
1790261100000,780.95,780.95,779.77,780.28,185.834
1790261160000,780.27,780.73,780.11,780.31,135.064
1790261220000,780.3,780.44,780.09,780.29,574.093
1790261280000,780.28,780.29,778.2,778.2,413.854
1790261340000,778.21,778.79,776.83,776.83,364.377
1790261400000,776.82,778.36,776.14,776.43,410.271
1790261460000,776.43,778.18,776.06,777.55,256.742
1790261520000,777.54,777.64,775.93,775.96,608.499
1790261580000,775.95,777.51,774.5,777.17,356.145
1790261640000,777.17,778.14,777.17,777.85,249.135
1790261700000,777.85,778.17,777.32,777.94,74.222
1790261760000,777.94,778.64,777.82,777.92,187.976
1790261820000,777.9,777.9,776.83,776.87,143.304
1790261880000,776.87,777.79,776.85,777.54,58.816
1790261940000,777.54,777.63,777.06,777.46,82.139
1790262000000,777.47,777.75,776.3,777.75,203.113
1790262060000,777.75,778.48,777.75,777.91,140.453
1790262120000,777.9,777.9,776.23,776.23,96.816
1790262180000,776.23,777.44,776.06,777.42,88.269
1790262240000,777.41,778.16,777.28,777.8,79.155
1790262300000,777.8,778.49,777.63,777.85,66.561
1790262360000,777.85,778.57,777.85,778.56,79.716
1790262420000,778.56,778.56,777.88,777.98,87.501
1790262480000,777.98,778.41,777.92,778.4,90.565
1790262540000,778.39,778.49,777.66,777.79,31.442
1790262600000,777.79,777.96,777.17,777.18,66.17
1790262660000,777.18,777.79,776.75,777.78,198.409
1790262720000,777.78,777.83,777.31,777.31,77.622
1790262780000,777.31,777.59,776.74,777.32,41.624
1790262840000,777.31,777.45,776.82,777.32,69.675
1790262900000,777.32,778.0,777.15,777.67,77.267
1790262960000,777.67,778.31,777.53,777.99,66.778
1790263020000,777.99,778.75,777.99,778.32,103.042
1790263080000,778.31,778.31,777.52,777.68,35.887
1790263140000,777.69,778.72,777.69,778.72,44.797
1790263200000,778.72,779.08,778.53,779.0,62.564
1790263260000,779.0,779.46,779.0,779.33,59.166
1790263320000,779.33,779.42,778.81,779.03,105.625
1790263380000,779.04,779.54,779.03,779.54,63.325
1790263440000,779.53,780.3,779.53,780.2,73.51
1790263500000,780.19,780.33,779.21,779.34,55.688
1790263560000,779.34,779.72,779.12,779.44,97.575
1790263620000,779.44,780.11,779.43,779.97,104.78
1790263680000,779.97,780.12,779.75,779.76,46.62
1790263740000,779.76,779.98,779.7,779.86,92.108
1790263800000,779.85,780.24,779.71,779.71,55.572
1790263860000,779.71,780.24,779.7,780.23,70.956
1790263920000,780.23,780.69,779.88,780.64,266.516
1790263980000,780.65,780.88,780.31,780.32,84.506
1790264040000,780.31,781.0,780.12,780.85,321.976
1790264100000,780.85,781.96,780.85,781.48,332.822
1790264160000,781.48,781.84,781.44,781.84,690.622
1790264220000,781.84,782.72,781.71,782.35,149.765
1790264280000,782.34,782.48,781.76,781.77,120.621
1790264340000,781.76,781.87,781.34,781.39,91.325
1790264400000,781.39,781.52,781.11,781.28,80.036
1790264460000,781.28,781.61,780.83,781.01,311.296
1790264520000,781.01,781.01,780.34,780.57,82.076
1790264580000,780.56,780.7,780.44,780.6,90.295
1790264640000,780.6,781.41,780.51,781.25,83.649
1790264700000,781.25,781.49,780.79,780.88,85.744
1790264760000,780.88,780.93,780.64,780.64,173.194
1790264820000,780.63,780.74,780.34,780.59,75.194
1790264880000,780.58,780.9,780.21,780.21,66.965
1790264940000,780.21,780.48,779.99,780.37,68.606
1790265000000,780.37,780.47,780.03,780.04,107.159
1790265060000,780.04,780.14,779.91,780.07,107.316
1790265120000,780.07,780.66,779.91,780.05,140.977
1790265180000,780.05,780.71,780.05,780.38,63.783
1790265240000,780.38,780.66,780.17,780.65,77.595
1790265300000,780.66,780.7,780.37,780.5,79.424
1790265360000,780.5,780.8,780.4,780.48,88.583
1790265420000,780.49,780.61,780.29,780.48,102.328
1790265480000,780.48,780.61,780.37,780.47,73.007
1790265540000,780.48,780.69,780.18,780.54,200.689
1790265600000,780.55,780.76,778.82,778.87,153.943
1790265660000,778.88,780.14,778.87,779.95,126.851
1790265720000,779.95,780.06,779.69,779.74,56.906
1790265780000,779.73,779.74,779.31,779.5,69.815
1790265840000,779.5,779.57,778.87,779.5,131.489
1790265900000,779.49,779.87,779.35,779.85,46.199
1790265960000,779.84,780.09,779.46,779.47,42.885
1790266020000,779.46,779.47,778.92,778.93,104.56
1790266080000,778.93,779.7,778.82,779.69,131.383
1790266140000,779.69,779.89,779.55,779.89,110.492
1790266200000,779.89,780.04,779.64,779.64,38.781
1790266260000,779.64,779.64,778.39,779.01,109.408
1790266320000,779.01,779.18,778.39,778.46,98.558
1790266380000,778.45,778.92,778.39,778.92,64.518
1790266440000,778.91,780.35,778.8,780.35,110.264
1790266500000,780.35,781.74,780.13,781.31,408.398
1790266560000,781.32,783.43,781.09,783.24,552.774
1790266620000,783.22,783.97,783.02,783.67,178.953
1790266680000,783.67,784.11,782.08,782.41,766.602
1790266740000,782.4,782.93,782.25,782.81,629.62
1790266800000,782.81,783.99,782.71,783.61,160.636
1790266860000,783.61,784.44,783.55,783.95,216.875
1790266920000,783.96,784.41,783.39,784.0,416.745
1790266980000,784.0,784.62,784.0,784.38,439.86
1790267040000,784.38,784.38,783.68,783.83,434.497
1790267100000,783.83,784.0,783.02,783.24,610.417
1790267160000,783.25,784.62,783.25,784.51,296.848
1790267220000,784.5,785.07,784.18,784.98,643.85
1790267280000,784.97,785.7,784.72,785.6,316.053
1790267340000,785.6,785.71,784.89,784.93,566.161
1790267400000,784.95,784.96,783.97,783.98,139.228
1790267460000,783.98,784.02,782.92,782.97,328.173
1790267520000,782.96,783.18,782.76,782.81,156.054
1790267580000,782.81,782.89,782.61,782.87,129.745
1790267640000,782.87,782.94,782.69,782.69,112.002
1790267700000,782.68,783.28,782.43,783.23,605.414
1790267760000,783.23,783.87,783.22,783.35,106.81
1790267820000,783.34,783.35,782.7,782.87,55.537
1790267880000,782.87,783.46,782.86,783.24,103.52
1790267940000,783.24,784.35,783.24,784.26,633.291
1790268000000,784.27,785.27,784.13,784.93,195.812
1790268060000,784.94,785.99,784.93,785.92,279.156
1790268120000,785.92,786.29,785.47,785.74,430.553
1790268180000,785.75,785.75,784.59,784.73,146.422
1790268240000,784.74,784.82,783.13,783.14,298.033
1790268300000,783.15,783.23,782.6,782.98,108.578
1790268360000,782.99,783.37,782.81,783.26,78.702
1790268420000,783.27,783.39,782.89,783.39,222.178
1790268480000,783.4,783.6,782.92,782.93,142.401
1790268540000,782.92,782.93,782.44,782.75,473.568
1790268600000,782.75,782.83,781.79,781.98,190.31
1790268660000,781.97,782.0,781.86,781.9,66.532
1790268720000,781.91,781.91,781.33,781.33,90.997
1790268780000,781.34,781.59,781.08,781.17,41.621
1790268840000,781.17,781.5,780.96,781.24,123.063
1790268900000,781.25,781.34,780.64,780.64,86.021
1790268960000,780.63,781.06,780.45,781.05,52.897
1790269020000,781.04,781.38,781.02,781.12,45.137
1790269080000,781.12,781.53,781.11,781.41,170.499
1790269140000,781.41,781.41,781.19,781.24,32.682
1790269200000,781.24,781.24,780.19,780.26,118.227
1790269260000,780.26,781.19,780.13,781.08,123.728
1790269320000,781.07,781.07,780.0,781.03,152.779
1790269380000,781.04,781.33,780.9,780.9,43.705
1790269440000,780.89,780.89,780.15,780.41,96.975
1790269500000,780.41,780.78,780.08,780.08,66.581
1790269560000,780.09,780.14,779.64,779.77,86.089
1790269620000,779.77,780.12,779.66,780.07,51.01
1790269680000,780.06,780.28,779.76,780.27,74.282
1790269740000,780.28,780.33,779.88,780.1,49.242
1790269800000,780.1,780.23,779.39,780.08,71.824
1790269860000,780.07,780.14,779.51,780.14,66.383
1790269920000,780.14,780.14,779.78,779.94,20.199
1790269980000,779.93,780.13,779.79,780.13,41.518
1790270040000,780.13,780.56,780.13,780.22,67.817
1790270100000,780.2,780.2,779.59,779.92,98.015
1790270160000,779.93,780.77,779.93,780.41,104.412
1790270220000,780.42,780.67,779.82,779.82,30.564
1790270280000,779.8,780.51,779.59,780.11,41.778
1790270340000,780.1,780.13,779.56,779.59,60.497
1790270400000,779.58,779.85,779.28,779.73,48.131
1790270460000,779.73,780.28,779.72,779.93,24.476
1790270520000,779.94,780.14,779.62,779.62,50.595
1790270580000,779.63,779.63,779.0,779.32,408.407
1790270640000,779.31,779.49,779.17,779.33,18.047
1790270700000,779.32,779.49,779.24,779.38,37.511
1790270760000,779.37,779.7,779.26,779.39,34.244
1790270820000,779.4,779.69,779.4,779.68,18.524
1790270880000,779.68,779.85,779.61,779.77,23.942
1790270940000,779.77,780.3,779.77,780.16,33.455
1790271000000,780.17,780.35,780.11,780.35,29.612
1790271060000,780.34,780.57,780.23,780.23,34.423
1790271120000,780.23,780.23,779.73,780.15,26.962
1790271180000,780.16,780.16,779.6,779.85,35.046
1790271240000,779.85,779.89,779.36,779.36,29.692
1790271300000,779.37,779.95,779.11,779.53,19.541
1790271360000,779.53,779.88,779.51,779.8,23.248
1790271420000,779.78,779.78,779.05,779.05,52.692
1790271480000,779.05,779.1,778.44,778.71,102.559
1790271540000,778.71,779.51,778.71,779.33,27.374
1790271600000,779.32,779.33,778.88,779.1,78.711
1790271660000,779.1,779.29,778.81,779.05,37.878
1790271720000,779.04,779.45,779.02,779.23,46.875
1790271780000,779.23,779.23,778.01,778.26,63.305
1790271840000,778.25,778.64,778.17,778.63,44.606
1790271900000,778.64,778.84,778.22,778.84,45.969
1790271960000,778.84,779.04,778.76,779.0,8.506
1790272020000,779.0,779.39,778.76,779.39,11.885
1790272080000,779.4,779.45,779.28,779.33,20.629
1790272140000,779.33,779.42,779.04,779.04,44.48
1790272200000,779.05,779.45,779.04,779.43,21.978
1790272260000,779.42,779.43,778.78,778.98,39.486
1790272320000,778.99,779.13,778.7,778.7,20.897
1790272380000,778.71,778.77,778.34,778.34,13.634
1790272440000,778.34,778.34,777.89,777.96,34.351
1790272500000,777.96,778.22,777.92,778.17,46.258
1790272560000,778.17,778.57,778.09,778.47,29.035
1790272620000,778.47,778.92,778.46,778.62,57.619
1790272680000,778.63,778.77,778.62,778.77,16.569
1790272740000,778.78,778.9,778.46,778.6,111.517
1790272800000,778.6,778.6,778.13,778.5,26.254
1790272860000,778.49,778.5,778.02,778.13,14.142
1790272920000,778.13,778.13,777.21,777.35,72.939
1790272980000,777.35,777.35,776.68,776.77,85.115
1790273040000,776.76,776.94,776.2,776.47,188.431
1790273100000,776.48,776.89,776.41,776.75,53.378
1790273160000,776.75,777.69,776.6,777.48,33.171
1790273220000,777.51,777.64,777.25,777.61,29.919
1790273280000,777.61,778.8,777.6,778.79,127.492
1790273340000,778.78,779.15,778.7,779.06,62.258
1790273400000,779.06,779.54,778.88,779.54,47.617
1790273460000,779.53,779.7,779.07,779.19,104.971
1790273520000,779.19,779.19,778.96,778.97,14.286
1790273580000,778.97,779.05,778.6,778.71,29.454
1790273640000,778.7,779.26,778.7,779.26,29.261
1790273700000,779.26,779.55,779.12,779.46,44.1
1790273760000,779.47,779.95,779.46,779.76,35.868
1790273820000,779.75,780.1,779.75,779.81,57.351
1790273880000,779.81,780.09,779.76,779.94,39.207
1790273940000,779.94,779.98,779.86,779.96,19.788
1790274000000,779.96,780.05,779.61,780.05,35.55
1790274060000,780.05,780.35,780.04,780.08,43.697
1790274120000,780.09,780.24,780.02,780.13,27.168
1790274180000,780.13,780.21,780.09,780.21,24.608
1790274240000,780.21,780.21,780.0,780.1,20.814
1790274300000,780.1,780.74,780.09,780.17,85.65
1790274360000,780.17,780.72,780.17,780.33,67.411
1790274420000,780.32,780.63,780.32,780.47,112.86
1790274480000,780.48,780.73,780.48,780.64,31.052
1790274540000,780.64,780.64,780.22,780.22,84.578
1790274600000,780.24,780.8,780.23,780.66,35.672
1790274660000,780.66,780.66,780.18,780.28,24.946
1790274720000,780.28,780.63,779.94,779.95,120.703
1790274780000,779.95,780.09,779.86,780.0,33.936
1790274840000,780.0,780.21,779.96,779.96,35.021
1790274900000,779.96,779.96,779.36,779.37,36.463
1790274960000,779.37,780.07,779.37,779.4,28.235
1790275020000,779.4,780.06,779.39,779.49,105.345
1790275080000,779.48,781.04,779.48,780.82,108.787
1790275140000,780.82,781.37,780.31,780.39,102.528
1790275200000,780.39,780.39,780.16,780.27,25.628
1790275260000,780.26,780.26,780.01,780.06,74.029
1790275320000,780.05,780.1,779.87,780.05,28.694
1790275380000,780.06,780.19,779.85,779.97,39.809
1790275440000,779.97,780.2,779.97,779.98,32.502
1790275500000,779.97,780.23,779.97,779.99,36.193
1790275560000,779.99,780.13,779.98,780.05,27.062
1790275620000,780.06,780.25,780.05,780.06,28.288
1790275680000,780.06,780.45,780.06,780.45,25.934
1790275740000,780.45,780.96,780.37,780.94,52.893
1790275800000,780.93,781.76,780.93,781.61,48.326
1790275860000,781.61,781.67,781.1,781.37,42.87
1790275920000,781.37,781.37,781.23,781.26,25.254
1790275980000,781.26,781.54,781.26,781.36,35.18
1790276040000,781.37,781.64,781.22,781.64,74.252
1790276100000,781.65,781.96,781.65,781.96,35.056
1790276160000,781.96,782.0,781.95,781.99,13.403
1790276220000,782.0,782.1,781.92,782.1,61.089
1790276280000,782.12,782.14,781.92,782.05,49.54
1790276340000,782.07,782.07,781.7,781.71,45.1
1790276400000,781.71,781.91,781.45,781.49,78.647
1790276460000,781.5,781.5,780.83,780.91,97.035
1790276520000,780.92,781.24,780.67,780.69,32.911
1790276580000,780.72,780.78,780.6,780.64,27.957
1790276640000,780.64,780.64,779.99,780.1,59.653
1790276700000,780.09,780.29,779.85,780.13,33.565
1790276760000,780.12,780.21,779.95,780.05,32.439
1790276820000,780.05,780.7,779.98,780.53,131.643
1790276880000,780.54,780.7,780.35,780.61,58.931
1790276940000,780.61,780.83,780.58,780.82,20.07
1790277000000,780.81,780.88,780.65,780.72,38.056
1790277060000,780.72,780.72,780.63,780.72,11.647
1790277120000,780.72,780.82,780.72,780.81,55.322
1790277180000,780.82,781.35,780.77,781.31,50.128
1790277240000,781.32,781.46,781.08,781.08,31.559
1790277300000,781.09,781.16,780.92,780.92,17.831
1790277360000,780.92,781.1,780.91,781.06,43.664
1790277420000,781.06,781.46,781.05,781.06,45.155
1790277480000,781.06,781.11,780.94,781.1,19.747
1790277540000,781.1,781.29,780.85,781.21,89.672
1790277600000,781.21,781.26,780.83,780.83,49.61
1790277660000,780.83,780.9,780.69,780.75,26.661
1790277720000,780.75,780.95,780.71,780.86,29.894
1790277780000,780.87,780.95,780.86,780.95,17.354
1790277840000,780.95,781.02,780.9,780.9,11.969
1790277900000,780.89,781.13,780.89,781.13,42.665
1790277960000,781.13,781.17,780.88,780.89,26.457
1790278020000,780.89,781.18,780.89,781.07,39.591
1790278080000,781.06,781.5,781.0,781.5,103.208
1790278140000,781.49,781.5,781.11,781.24,48.668
1790278200000,781.25,781.29,780.77,780.82,28.839
1790278260000,780.82,781.08,780.76,780.88,41.99
1790278320000,780.89,780.97,780.57,780.58,37.612
1790278380000,780.58,781.1,780.57,781.1,160.525
1790278440000,781.11,781.39,781.0,781.3,39.156
1790278500000,781.3,781.3,780.53,780.62,142.397
1790278560000,780.62,780.68,780.39,780.4,24.324
1790278620000,780.4,780.42,780.07,780.07,82.796
1790278680000,780.08,780.16,780.0,780.08,22.764
1790278740000,780.08,780.09,779.76,779.87,54.155
1790278800000,779.83,780.07,779.75,780.02,142.799
1790278860000,780.01,780.04,779.83,780.04,29.302
1790278920000,780.04,780.17,779.87,779.87,41.496
1790278980000,779.87,779.98,779.67,779.88,96.738
1790279040000,779.88,780.12,779.87,779.94,20.093
1790279100000,779.95,780.55,779.94,780.06,119.564
1790279160000,780.13,780.14,779.08,779.09,139.676
1790279220000,779.09,779.44,779.0,779.31,65.008
1790279280000,779.31,779.56,778.98,779.56,65.34
1790279340000,779.56,779.88,779.56,779.81,36.947
1790279400000,779.81,780.08,779.81,779.93,45.946
1790279460000,779.94,780.42,779.93,780.42,43.208
1790279520000,780.42,780.66,780.32,780.4,104.239
1790279580000,780.4,780.4,780.01,780.31,40.719
1790279640000,780.31,780.41,780.08,780.09,49.969
1790279700000,780.08,780.08,779.92,780.08,29.791
1790279760000,780.08,780.08,779.26,779.53,69.472
1790279820000,779.54,779.67,779.42,779.46,19.253
1790279880000,779.47,779.53,779.11,779.2,17.078
1790279940000,779.2,779.77,779.2,779.72,70.679
1790280000000,779.72,779.72,779.33,779.6,32.404
1790280060000,779.6,779.6,778.88,778.89,25.328
1790280120000,778.88,779.32,778.83,779.14,75.947
1790280180000,779.14,779.68,778.96,779.68,106.204
1790280240000,779.68,780.33,779.62,779.69,205.463
1790280300000,779.69,779.69,779.32,779.32,33.993
1790280360000,779.32,779.75,778.95,779.68,43.205
1790280420000,779.68,779.94,779.65,779.81,10.58
1790280480000,779.81,780.35,779.55,780.35,79.928
1790280540000,780.34,780.34,779.8,779.8,13.821
1790280600000,779.81,779.81,779.61,779.69,15.275
1790280660000,779.7,779.91,779.63,779.76,23.798
1790280720000,779.76,779.77,779.29,779.73,86.841
1790280780000,779.73,779.73,779.14,779.14,21.505
1790280840000,779.13,779.17,778.66,778.74,35.197
1790280900000,778.75,778.99,778.74,778.89,14.818
1790280960000,778.89,779.05,778.74,779.04,106.339
1790281020000,779.04,779.29,778.98,779.29,24.375
1790281080000,779.29,779.39,779.21,779.27,1.394
1790281140000,779.27,779.76,779.24,779.24,54.408
1790281200000,779.23,779.23,778.34,778.48,86.959
1790281260000,778.48,778.59,778.39,778.4,66.915
1790281320000,778.4,778.83,778.34,778.73,45.313
1790281380000,778.74,778.9,778.25,778.26,80.508
1790281440000,778.26,778.26,778.0,778.01,59.0
1790281500000,778.0,778.23,777.7,778.23,46.749
1790281560000,778.22,778.35,778.22,778.35,35.366
1790281620000,778.36,778.74,778.3,778.3,59.483
1790281680000,778.31,778.82,778.3,778.66,105.137
1790281740000,778.65,778.65,778.27,778.28,27.538
1790281800000,778.28,778.28,777.48,777.58,59.65
1790281860000,777.57,777.57,777.4,777.57,84.985
1790281920000,777.57,777.57,777.24,777.25,14.361
1790281980000,777.25,777.25,777.17,777.17,16.864
1790282040000,777.18,777.55,777.18,777.53,68.136
1790282100000,777.53,777.68,777.44,777.68,112.936
1790282160000,777.68,777.69,777.46,777.56,33.903
1790282220000,777.56,777.83,777.4,777.49,64.412
1790282280000,777.48,777.94,777.33,777.94,566.716
1790282340000,777.94,778.05,777.84,778.05,37.856
1790282400000,778.05,778.41,778.04,778.23,38.167
1790282460000,778.23,778.49,778.19,778.27,42.085
1790282520000,778.28,778.5,778.28,778.32,31.001
1790282580000,778.33,778.33,778.32,778.33,4.256
1790282640000,778.33,778.43,778.15,778.25,45.012
1790282700000,778.25,778.36,778.21,778.31,10.189
1790282760000,778.31,778.71,778.31,778.71,19.41
1790282820000,778.7,778.73,778.23,778.23,17.678
1790282880000,778.24,778.57,778.24,778.57,24.282
1790282940000,778.57,779.38,778.57,779.33,41.748
1790283000000,779.34,779.54,779.32,779.53,7.234
1790283060000,779.53,779.54,779.52,779.54,2.254
1790283120000,779.53,779.93,779.4,779.78,266.962
1790283180000,779.77,780.25,779.77,779.94,178.121
1790283240000,779.93,779.93,779.65,779.65,21.196
1790283300000,779.65,779.73,779.09,779.09,40.597
1790283360000,779.09,779.09,778.69,779.04,92.66
1790283420000,779.04,779.04,778.92,778.93,3.635
1790283480000,778.93,779.33,778.93,779.31,55.76
1790283540000,779.32,779.58,779.25,779.45,18.807
1790283600000,779.45,780.01,779.45,779.81,87.924
1790283660000,779.81,779.94,779.65,779.94,9.185
1790283720000,779.94,780.24,779.61,779.66,144.756
1790283780000,779.65,779.87,779.62,779.87,13.773
1790283840000,779.88,779.88,779.53,779.66,22.75
1790283900000,779.65,779.72,779.6,779.61,122.564
1790283960000,779.61,779.61,778.9,779.28,24.643
1790284020000,779.28,779.4,779.16,779.17,20.009
1790284080000,779.17,779.76,779.17,779.53,53.528
1790284140000,779.53,779.72,779.45,779.63,37.529
1790284200000,779.63,780.21,779.63,780.21,46.569
1790284260000,780.21,780.21,779.78,779.88,56.285
1790284320000,779.88,780.08,779.87,780.08,10.627
1790284380000,780.08,780.14,779.81,779.82,22.65
1790284440000,779.82,779.82,779.47,779.47,33.248
1790284500000,779.46,779.65,779.33,779.65,24.675
1790284560000,779.65,779.82,779.64,779.82,12.984
1790284620000,779.81,780.09,779.81,780.0,21.023
1790284680000,779.99,780.14,779.99,780.13,14.988
1790284740000,780.13,780.14,779.83,779.89,19.986
1790284800000,779.89,780.24,779.89,780.23,47.987
1790284860000,780.24,780.24,780.04,780.17,37.612
1790284920000,780.17,780.17,779.84,779.84,45.194
1790284980000,779.84,779.85,779.84,779.85,4.442
1790285040000,779.85,780.09,779.84,780.08,17.046
1790285100000,780.08,780.09,780.02,780.02,17.131
1790285160000,780.03,780.03,780.02,780.02,11.99
1790285220000,780.03,780.03,779.87,779.87,36.206
1790285280000,779.88,779.88,779.85,779.86,8.092
1790285340000,779.86,779.86,779.85,779.86,3.144
1790285400000,779.86,780.05,779.85,780.05,76.118
1790285460000,780.05,780.06,780.04,780.05,12.211
1790285520000,780.06,780.3,780.05,780.26,23.171
1790285580000,780.27,780.85,780.26,780.84,87.931
1790285640000,780.85,780.85,780.61,780.62,38.866
1790285700000,780.61,780.61,780.57,780.58,27.508
1790285760000,780.57,780.6,780.34,780.54,110.376
1790285820000,780.55,780.55,780.32,780.34,19.573
1790285880000,780.34,780.34,780.2,780.21,11.765
1790285940000,780.21,780.53,780.2,780.41,87.627
1790286000000,780.41,780.82,780.4,780.59,86.794
1790286060000,780.6,780.96,780.6,780.7,51.366
1790286120000,780.7,780.78,780.54,780.54,42.692
1790286180000,780.54,780.54,780.13,780.2,42.674
1790286240000,780.2,780.46,780.14,780.45,18.051
1790286300000,780.46,780.52,780.25,780.25,15.66
1790286360000,780.24,780.3,780.13,780.14,85.386
1790286420000,780.14,780.15,780.13,780.14,33.654
1790286480000,780.14,780.14,780.13,780.13,11.075
1790286540000,780.13,780.14,780.13,780.14,28.692
1790286600000,780.14,780.14,779.62,779.92,14.903
1790286660000,779.91,780.11,779.91,780.11,10.782
1790286720000,780.1,780.1,779.66,779.66,11.11
1790286780000,779.65,779.65,779.55,779.58,14.049
1790286840000,779.57,779.6,779.42,779.42,14.408
1790286900000,779.42,779.42,778.83,779.03,110.198
1790286960000,779.03,779.19,779.03,779.19,44.12
1790287020000,779.18,779.18,779.03,779.03,2.694
1790287080000,779.03,779.03,778.6,778.65,92.522
1790287140000,778.65,778.95,778.65,778.65,53.317
1790287200000,778.64,778.64,777.84,777.98,114.715
1790287260000,777.97,778.01,777.41,777.98,58.619
1790287320000,777.98,778.2,777.82,778.2,45.895
1790287380000,778.19,778.53,778.17,778.53,7.362
1790287440000,778.52,778.52,778.25,778.35,12.768
1790287500000,778.34,778.34,777.42,777.54,21.492
1790287560000,777.55,777.9,777.45,777.75,21.934
1790287620000,777.75,777.87,777.5,777.65,32.516
1790287680000,777.65,777.65,777.41,777.42,20.416
1790287740000,777.42,777.68,777.42,777.65,24.177
1790287800000,777.65,777.65,777.31,777.31,23.074
1790287860000,777.3,777.44,777.15,777.44,114.0
1790287920000,777.43,777.61,777.41,777.61,6.401
1790287980000,777.6,777.66,777.28,777.34,8.65
1790288040000,777.34,777.61,777.11,777.18,131.691
1790288100000,777.17,777.24,776.98,777.24,19.993
1790288160000,777.24,777.24,776.71,776.71,36.223
1790288220000,776.72,776.87,776.48,776.5,25.797
1790288280000,776.5,776.5,776.34,776.35,118.701
1790288340000,776.36,776.71,775.35,775.72,193.685
1790288400000,775.71,776.1,775.66,775.99,127.985
1790288460000,775.99,775.99,775.66,775.86,17.352
1790288520000,775.86,776.14,775.86,776.14,8.129
1790288580000,776.15,776.42,776.12,776.33,20.328
1790288640000,776.33,776.94,776.31,776.84,103.657
1790288700000,776.82,777.0,776.81,776.99,9.259
1790288760000,776.99,776.99,776.71,776.93,12.47
1790288820000,776.94,777.01,776.86,776.94,6.711
1790288880000,776.96,777.03,776.83,776.83,20.228
1790288940000,776.82,776.82,776.63,776.64,9.792
1790289000000,776.69,776.69,776.42,776.53,35.006
1790289060000,776.53,776.97,776.53,776.96,60.854
1790289120000,776.96,776.96,776.57,776.74,10.143
1790289180000,776.74,777.08,776.73,777.08,10.336
1790289240000,777.08,777.17,777.08,777.17,27.14
1790289300000,777.17,777.32,777.09,777.09,21.156
1790289360000,777.1,777.25,776.92,777.08,425.647
1790289420000,777.08,777.19,776.93,776.94,7.257
1790289480000,776.93,776.93,776.62,776.62,4.37
1790289540000,776.63,776.63,776.36,776.36,23.467
1790289600000,776.36,776.36,775.78,775.92,21.601
1790289660000,775.94,775.94,775.7,775.89,37.343
1790289720000,775.88,775.94,775.77,775.94,22.691
1790289780000,775.94,776.15,775.93,775.94,63.128
1790289840000,775.94,775.94,775.6,775.69,44.609
1790289900000,775.7,775.89,775.69,775.89,6.748
1790289960000,775.89,775.89,775.68,775.8,16.302
1790290020000,775.79,776.2,775.79,776.19,74.481
1790290080000,776.2,776.2,776.05,776.07,5.129
1790290140000,776.07,776.23,776.06,776.23,42.377
1790290200000,776.22,776.32,776.22,776.25,4.739
1790290260000,776.25,776.26,776.22,776.26,21.981
1790290320000,776.26,776.26,776.23,776.23,19.191
1790290380000,776.23,776.26,776.23,776.25,5.871
1790290440000,776.25,776.4,776.25,776.4,118.957
1790290500000,776.4,776.53,776.26,776.42,120.804
1790290560000,776.42,776.42,776.36,776.37,6.415
1790290620000,776.37,776.42,776.36,776.4,29.062
1790290680000,776.41,776.41,776.21,776.21,11.641
1790290740000,776.2,776.58,776.15,776.58,104.533
1790290800000,776.58,776.73,776.52,776.72,15.281
1790290860000,776.73,777.11,776.73,777.11,34.217
1790290920000,777.11,777.3,776.91,776.91,72.359
1790290980000,776.91,777.19,776.85,776.96,26.023
1790291040000,776.97,777.11,776.96,777.1,47.522
1790291100000,777.1,777.19,777.1,777.18,18.049
1790291160000,777.19,777.33,777.19,777.21,15.155
1790291220000,777.21,777.32,777.04,777.32,12.719
1790291280000,777.31,777.32,776.92,777.12,100.328
1790291340000,777.12,777.12,777.05,777.12,10.11
1790291400000,777.12,777.24,777.11,777.24,6.686
1790291460000,777.24,777.24,777.19,777.2,7.869
1790291520000,777.2,777.26,776.27,776.35,169.371
1790291580000,776.35,776.6,776.34,776.6,15.936
1790291640000,776.59,776.6,776.43,776.44,7.452
1790291700000,776.44,776.44,776.17,776.28,12.342
1790291760000,776.28,776.69,776.28,776.69,14.219
1790291820000,776.69,776.69,776.43,776.53,9.404
1790291880000,776.53,776.91,776.53,776.77,13.868
1790291940000,776.77,776.9,776.63,776.66,5.348
1790292000000,776.66,776.79,776.62,776.79,9.314
1790292060000,776.78,777.12,776.77,777.12,19.271
1790292120000,777.11,777.28,777.03,777.25,16.523
1790292180000,777.25,777.29,777.21,777.21,1.778
1790292240000,777.2,777.27,777.16,777.2,8.94
1790292300000,777.2,777.35,777.2,777.21,20.643
1790292360000,777.21,777.47,777.21,777.4,11.898
1790292420000,777.41,777.63,777.41,777.63,25.505
1790292480000,777.62,777.7,777.62,777.65,11.817
1790292540000,777.65,777.68,777.64,777.68,6.749
1790292600000,777.68,777.98,777.67,777.98,24.003
1790292660000,777.98,777.98,777.55,777.58,54.002
1790292720000,777.59,777.59,777.21,777.28,102.604
1790292780000,777.28,777.46,777.27,777.3,18.778
1790292840000,777.31,777.31,777.13,777.13,14.747
1790292900000,777.13,777.38,777.13,777.38,31.363
1790292960000,777.38,777.57,777.38,777.57,32.587
1790293020000,777.57,777.57,777.27,777.28,29.782
1790293080000,777.27,777.63,777.25,777.63,78.925
1790293140000,777.62,777.63,777.31,777.31,96.085
1790293200000,777.32,777.39,777.31,777.38,18.432
1790293260000,777.38,777.4,777.28,777.4,19.994
1790293320000,777.4,777.4,777.17,777.17,214.092
1790293380000,777.17,777.17,776.92,776.96,65.221
1790293440000,776.96,776.99,776.74,776.83,131.516
1790293500000,776.84,776.92,776.65,776.72,31.6
1790293560000,776.73,776.81,776.66,776.8,28.881
1790293620000,776.81,776.99,776.81,776.98,21.404
1790293680000,776.99,777.06,776.99,777.05,24.671
1790293740000,777.06,777.06,776.73,776.91,41.733
1790293800000,776.91,777.0,776.78,777.0,57.305
1790293860000,776.99,776.99,776.52,776.69,33.439
1790293920000,776.7,776.9,776.69,776.9,10.383
1790293980000,776.9,776.91,776.79,776.87,12.93
1790294040000,776.87,776.87,776.61,776.66,25.436
1790294100000,776.66,776.81,776.65,776.81,11.221
1790294160000,776.81,776.89,776.66,776.66,40.89
1790294220000,776.65,776.71,776.61,776.7,38.675
1790294280000,776.69,776.7,776.69,776.7,10.08
1790294340000,776.69,776.7,776.69,776.69,6.302
1790294400000,776.7,777.13,776.69,777.13,98.074
1790294460000,777.13,777.15,777.09,777.15,33.243
1790294520000,777.15,777.51,777.15,777.51,31.142
1790294580000,777.51,778.27,777.5,778.15,167.648
1790294640000,778.15,778.53,778.14,778.41,113.13
1790294700000,778.41,778.53,778.31,778.53,42.013
1790294760000,778.53,778.53,778.15,778.26,30.336
1790294820000,778.25,778.6,778.25,778.6,46.583
1790294880000,778.6,779.19,778.49,779.19,100.278
1790294940000,779.18,779.9,779.18,779.62,271.653
1790295000000,779.62,779.66,779.01,779.01,109.044
1790295060000,779.0,779.17,778.9,778.9,108.744
1790295120000,778.91,779.23,778.9,779.0,37.088
1790295180000,779.0,779.25,778.99,779.25,39.164
1790295240000,779.25,779.28,779.25,779.27,7.054
1790295300000,779.26,779.26,778.91,778.91,51.139
1790295360000,778.92,778.92,778.55,778.69,44.884
1790295420000,778.69,778.7,778.19,778.21,54.794
1790295480000,778.22,778.22,777.69,777.7,65.503
1790295540000,777.69,777.74,777.45,777.73,63.855
1790295600000,777.74,778.12,777.74,778.12,71.972
1790295660000,778.13,778.13,777.65,777.66,30.467
1790295720000,777.66,777.87,777.56,777.76,19.127
1790295780000,777.77,778.17,777.77,778.17,44.645
1790295840000,778.17,778.17,777.7,777.85,98.395
1790295900000,777.85,777.85,777.31,777.78,92.41
1790295960000,777.78,777.98,777.47,777.68,28.198
1790296020000,777.68,777.79,777.53,777.79,34.99
1790296080000,777.79,778.0,777.61,777.96,64.961
1790296140000,777.98,778.06,777.84,777.85,12.032
1790296200000,777.86,777.86,777.28,777.28,52.22
1790296260000,777.28,777.42,777.26,777.36,11.265
1790296320000,777.35,777.94,777.35,777.86,214.486
1790296380000,777.87,778.05,777.79,777.94,9.723
1790296440000,777.95,778.14,777.7,777.73,5.995
1790296500000,777.73,778.36,777.73,778.0,102.45
1790296560000,778.0,778.39,777.88,778.07,181.713
1790296620000,778.07,778.23,777.77,777.77,18.936
1790296680000,777.77,778.01,777.77,777.98,23.528
1790296740000,777.98,778.0,777.82,778.0,10.785
1790296800000,777.99,778.54,777.95,778.53,23.181
1790296860000,778.53,778.61,778.4,778.53,30.052
1790296920000,778.53,778.53,777.85,777.85,85.362
1790296980000,777.85,777.92,777.77,777.92,7.826
1790297040000,777.92,777.92,777.62,777.62,5.75
1790297100000,777.62,777.62,777.41,777.42,17.827
1790297160000,777.42,777.7,777.42,777.5,40.218
1790297220000,777.49,777.6,777.32,777.32,16.34
1790297280000,777.33,777.59,777.3,777.55,41.154
1790297340000,777.56,777.97,777.55,777.91,17.669
1790297400000,777.9,777.96,777.51,777.51,48.697
1790297460000,777.51,777.82,777.49,777.82,24.886
1790297520000,777.83,777.83,777.78,777.78,9.799
1790297580000,777.77,777.77,777.46,777.54,12.519
1790297640000,777.55,777.91,777.55,777.85,11.494
1790297700000,777.86,777.96,777.85,777.86,8.386
1790297760000,777.85,777.85,777.61,777.61,36.993
1790297820000,777.62,777.62,777.44,777.44,111.954
1790297880000,777.45,777.5,777.44,777.45,13.683
1790297940000,777.45,777.5,776.97,777.28,160.372
1790298000000,777.29,777.42,777.24,777.41,52.726
1790298060000,777.42,777.99,777.42,777.99,25.651
1790298120000,778.0,778.57,777.99,778.47,59.772
1790298180000,778.48,778.48,778.27,778.47,17.402
1790298240000,778.47,778.75,778.47,778.57,43.245
1790298300000,778.57,778.61,778.45,778.48,11.992
1790298360000,778.48,778.48,778.07,778.07,48.695
1790298420000,778.06,778.27,778.05,778.08,32.602
1790298480000,778.08,778.52,778.07,778.28,47.915
1790298540000,778.28,778.42,778.28,778.35,48.694
1790298600000,778.35,778.73,778.35,778.61,75.364
1790298660000,778.61,779.03,778.52,778.99,69.131
1790298720000,778.99,778.99,778.39,778.39,19.383
1790298780000,778.4,778.6,778.39,778.6,16.701
1790298840000,778.6,778.72,778.49,778.5,17.424
1790298900000,778.51,778.68,778.5,778.57,13.921
1790298960000,778.57,778.57,778.3,778.38,28.77
1790299020000,778.38,779.02,778.38,778.73,22.048
1790299080000,778.72,778.74,778.44,778.63,88.317
1790299140000,778.62,778.63,778.13,778.13,15.679
1790299200000,778.13,778.2,777.97,777.97,28.72
1790299260000,777.97,777.97,777.88,777.96,9.672
1790299320000,777.97,777.97,777.41,777.41,27.231
1790299380000,777.41,777.41,777.0,777.0,8.864
1790299440000,777.01,777.31,777.01,777.09,34.294
1790299500000,777.11,777.19,776.69,776.99,40.345
1790299560000,776.99,777.29,776.99,777.25,27.31
1790299620000,777.24,777.43,777.12,777.43,17.463
1790299680000,777.42,777.42,777.13,777.14,12.018
1790299740000,777.14,777.14,777.0,777.13,15.243
1790299800000,777.14,777.14,776.79,776.86,296.955
1790299860000,776.86,776.87,776.14,776.14,537.979
1790299920000,776.14,776.68,776.13,776.47,60.527
1790299980000,776.47,776.6,776.25,776.25,27.541
1790300040000,776.27,776.31,776.13,776.26,21.564
1790300100000,776.26,776.27,776.03,776.23,29.559
1790300160000,776.23,776.23,776.06,776.08,17.959
1790300220000,776.08,776.45,776.03,776.34,29.959
1790300280000,776.34,776.41,776.24,776.4,10.482
1790300340000,776.41,777.02,776.41,776.86,19.13
1790300400000,776.86,776.86,776.33,776.45,31.265
1790300460000,776.45,777.32,776.45,777.32,72.499
1790300520000,777.32,777.62,777.32,777.62,25.974
1790300580000,777.61,777.69,777.61,777.69,31.545
1790300640000,777.68,777.78,777.45,777.45,32.802
1790300700000,777.46,777.6,777.44,777.47,11.005
1790300760000,777.47,777.6,777.46,777.6,21.082
1790300820000,777.59,777.78,777.39,777.52,27.827
1790300880000,777.53,777.7,777.51,777.69,10.06
1790300940000,777.7,777.94,777.62,777.87,38.316
1790301000000,777.87,778.25,777.67,778.25,30.962
1790301060000,778.25,778.48,778.01,778.48,58.679
1790301120000,778.47,778.55,778.43,778.43,45.18
1790301180000,778.42,778.42,777.88,777.88,26.082
1790301240000,777.88,778.04,777.83,777.94,15.054
1790301300000,777.94,777.94,777.67,777.67,64.622
1790301360000,777.67,777.9,777.66,777.9,36.671
1790301420000,777.89,778.21,777.83,777.88,74.271
1790301480000,777.89,778.12,777.85,778.12,15.223
1790301540000,778.12,778.31,778.12,778.22,22.475
1790301600000,778.22,778.46,778.11,778.21,7.17
1790301660000,778.21,778.42,778.19,778.42,9.549
1790301720000,778.42,779.19,778.42,779.17,34.655
1790301780000,779.16,779.5,779.13,779.46,12.721
1790301840000,779.47,779.92,779.41,779.85,55.888
1790301900000,779.84,780.0,779.74,779.74,30.045
1790301960000,779.73,779.85,779.41,779.85,21.672
1790302020000,779.85,779.88,779.78,779.79,38.591
1790302080000,779.79,779.95,779.64,779.69,53.196
1790302140000,779.68,779.83,779.58,779.77,20.636
1790302200000,779.76,779.88,779.59,779.88,109.201
1790302260000,779.88,779.88,779.86,779.87,3.982
1790302320000,779.87,779.98,779.86,779.98,33.498
1790302380000,779.98,779.98,779.7,779.81,22.619
1790302440000,779.81,779.89,779.69,779.74,51.216
1790302500000,779.75,780.08,779.4,779.41,166.166
1790302560000,779.41,779.63,779.25,779.4,59.812
1790302620000,779.4,779.64,779.4,779.64,58.074
1790302680000,779.64,779.8,779.5,779.5,62.538
1790302740000,779.51,779.58,779.35,779.43,46.143
1790302800000,779.44,779.49,779.06,779.13,75.284
1790302860000,779.16,779.43,779.12,779.39,57.876
1790302920000,779.4,779.4,779.07,779.08,12.776
1790302980000,779.07,779.11,778.95,779.0,33.22
1790303040000,778.99,779.0,778.89,778.89,11.555
1790303100000,778.88,778.88,778.57,778.8,24.66
1790303160000,778.8,778.8,778.59,778.68,36.76
1790303220000,778.68,778.77,778.55,778.56,13.181
1790303280000,778.55,778.55,777.85,777.85,44.848
1790303340000,777.86,777.86,777.26,777.7,160.886
1790303400000,777.7,777.84,777.64,777.84,63.112
1790303460000,777.84,777.98,777.84,777.97,13.666
1790303520000,777.98,778.12,777.77,778.07,25.724
1790303580000,778.07,778.13,778.0,778.01,6.659
1790303640000,778.0,778.0,777.32,777.33,18.839
1790303700000,777.32,777.32,777.05,777.07,19.249
1790303760000,777.07,777.08,776.24,776.24,95.651
1790303820000,776.24,776.24,776.04,776.05,29.526
1790303880000,776.05,776.06,775.66,775.97,141.97
1790303940000,775.96,776.02,774.73,775.17,488.585
1790304000000,775.16,775.33,774.76,774.9,105.826
1790304060000,774.91,775.36,774.91,775.36,27.634
1790304120000,775.36,775.75,775.36,775.75,27.992
1790304180000,775.75,776.49,775.75,776.18,64.938
1790304240000,776.18,776.32,776.16,776.29,108.94
1790304300000,776.3,776.3,776.1,776.12,66.515
1790304360000,776.11,776.11,775.21,775.33,72.971
1790304420000,775.3,775.3,774.92,775.05,21.49
1790304480000,775.06,775.39,774.95,775.39,19.95
1790304540000,775.4,775.68,775.32,775.32,79.996
1790304600000,775.32,775.33,774.7,774.7,26.176
1790304660000,774.7,774.85,774.65,774.66,26.112
1790304720000,774.66,775.01,774.53,774.78,58.437
1790304780000,774.78,775.1,774.63,774.63,190.417
1790304840000,774.62,774.62,774.23,774.62,64.173
1790304900000,774.59,774.84,774.34,774.4,50.257
1790304960000,774.39,774.4,774.0,774.01,66.92
1790305020000,774.01,774.44,773.85,773.86,349.408
1790305080000,773.85,773.93,773.6,773.93,127.117
1790305140000,773.93,773.93,773.9,773.93,41.699
1790305200000,773.93,773.93,773.5,773.82,127.072
1790305260000,773.82,773.93,773.65,773.9,42.924
1790305320000,773.89,773.93,773.65,773.76,11.867
1790305380000,773.76,774.26,773.64,774.26,62.234
1790305440000,774.26,774.51,774.26,774.5,23.223
1790305500000,774.51,774.51,774.37,774.49,125.194
1790305560000,774.49,774.8,774.49,774.56,112.102
1790305620000,774.56,774.6,774.45,774.57,28.99
1790305680000,774.57,774.8,774.57,774.76,18.562
1790305740000,774.76,774.77,774.46,774.51,41.964
1790305800000,774.51,774.52,774.33,774.33,31.228
1790305860000,774.33,774.58,774.32,774.43,35.813
1790305920000,774.44,774.48,773.84,774.07,113.377
1790305980000,774.07,774.07,773.66,773.66,41.988
1790306040000,773.66,773.66,773.43,773.65,57.759
1790306100000,773.65,774.49,773.65,774.33,28.497
1790306160000,774.34,774.34,772.53,772.78,590.115
1790306220000,772.77,773.14,772.74,773.14,34.656
1790306280000,773.14,773.15,771.45,771.86,409.769
1790306340000,771.85,772.09,771.26,771.53,137.993
1790306400000,771.54,771.74,771.52,771.74,52.401
1790306460000,771.74,772.03,771.73,771.74,82.682
1790306520000,771.74,772.12,771.74,772.1,58.546
1790306580000,772.1,772.3,772.1,772.29,32.282
1790306640000,772.29,772.3,772.15,772.29,69.896
1790306700000,772.3,772.57,772.11,772.11,43.31
1790306760000,772.12,772.2,772.04,772.11,16.631
1790306820000,772.11,772.11,771.82,771.82,61.066
1790306880000,771.82,771.91,771.73,771.8,58.029
1790306940000,771.8,771.81,771.41,771.48,132.826
1790307000000,771.48,771.55,771.14,771.15,48.805
1790307060000,771.15,771.46,771.0,771.36,29.998
1790307120000,771.37,773.28,771.31,773.28,886.87
1790307180000,773.28,773.56,773.02,773.39,60.595
1790307240000,773.38,773.56,773.25,773.56,24.265
1790307300000,773.55,773.72,773.52,773.71,28.505
1790307360000,773.71,773.72,773.42,773.61,19.628
1790307420000,773.61,774.0,773.54,773.93,63.648
1790307480000,773.93,774.0,773.88,774.0,7.569
1790307540000,773.99,774.0,773.99,774.0,29.459
1790307600000,774.0,774.31,773.92,773.92,70.6
1790307660000,773.92,774.12,773.8,774.03,33.939
1790307720000,774.03,774.03,773.61,773.79,37.346
1790307780000,773.8,773.83,773.4,773.4,39.844
1790307840000,773.41,773.41,773.1,773.1,20.678
1790307900000,773.09,773.22,773.0,773.06,22.921
1790307960000,773.06,773.23,772.9,773.23,13.065
1790308020000,773.23,773.42,773.01,773.12,53.993
1790308080000,773.11,773.53,773.06,773.52,26.16
1790308140000,773.52,773.71,773.01,773.09,37.437
1790308200000,773.09,773.39,773.03,773.35,33.414
1790308260000,773.34,773.39,773.18,773.31,14.585
1790308320000,773.3,773.38,773.0,773.23,54.593
1790308380000,773.23,773.32,773.22,773.25,8.86
1790308440000,773.25,773.25,773.23,773.24,7.394
1790308500000,773.24,773.51,773.24,773.49,80.099
1790308560000,773.49,773.65,773.49,773.55,139.122
1790308620000,773.56,773.62,773.55,773.62,8.599
1790308680000,773.62,773.62,773.29,773.3,36.769
1790308740000,773.29,773.3,773.06,773.07,237.249
1790308800000,773.07,773.07,772.91,773.01,191.74
1790308860000,773.01,773.08,772.6,772.6,161.622
1790308920000,772.61,772.73,772.48,772.62,212.002
1790308980000,772.62,772.62,772.18,772.27,95.448
1790309040000,772.28,772.28,772.13,772.21,35.329
1790309100000,772.2,772.22,772.0,772.13,249.046
1790309160000,772.13,772.13,771.93,772.07,370.162
1790309220000,772.07,772.73,772.06,772.64,514.992
1790309280000,772.64,772.64,772.3,772.3,80.952
1790309340000,772.3,772.53,772.3,772.53,417.892
1790309400000,772.52,772.53,772.07,772.07,102.631
1790309460000,772.07,772.07,771.65,771.65,140.053
1790309520000,771.66,771.76,771.51,771.52,24.791
1790309580000,771.52,771.52,771.51,771.51,25.117
1790309640000,771.52,771.76,771.27,771.27,207.85
1790309700000,771.28,771.28,771.05,771.22,174.214
1790309760000,771.22,771.61,771.22,771.61,307.176
1790309820000,771.61,771.61,771.39,771.41,48.685
1790309880000,771.42,771.56,771.42,771.52,122.999
1790309940000,771.53,771.74,771.43,771.74,152.598
1790310000000,771.73,771.74,771.6,771.63,41.364
1790310060000,771.63,772.17,771.54,772.17,240.074
1790310120000,772.17,772.4,772.04,772.12,129.063
1790310180000,772.12,772.13,771.89,771.89,539.917
1790310240000,771.89,772.11,771.89,772.11,56.622
1790310300000,772.11,772.35,771.96,772.35,88.2
1790310360000,772.35,772.37,772.25,772.26,20.255
1790310420000,772.27,772.46,772.26,772.46,80.75
1790310480000,772.46,772.46,772.45,772.46,9.789
1790310540000,772.46,772.96,772.46,772.95,180.197
1790310600000,772.96,772.96,772.67,772.67,36.185
1790310660000,772.68,772.75,772.52,772.53,164.788
1790310720000,772.53,772.53,772.35,772.35,22.879
1790310780000,772.36,772.49,772.36,772.49,38.858
1790310840000,772.49,772.95,772.49,772.95,223.619
1790310900000,772.95,773.32,772.94,773.14,216.461
1790310960000,773.14,773.54,773.14,773.47,63.539
1790311020000,773.46,773.48,773.31,773.32,29.422
1790311080000,773.32,773.73,773.32,773.6,138.756
1790311140000,773.59,773.72,773.48,773.72,209.335
1790311200000,773.72,773.78,773.71,773.78,46.89
1790311260000,773.78,773.9,773.78,773.9,193.893
1790311320000,773.89,774.04,773.89,774.04,100.402
1790311380000,774.03,774.04,773.9,773.91,38.704
1790311440000,773.9,773.9,773.65,773.65,155.075
1790311500000,773.65,773.71,773.65,773.71,87.992
1790311560000,773.7,773.71,773.46,773.68,159.066
1790311620000,773.69,774.06,773.66,773.76,192.412
1790311680000,773.77,773.9,773.17,773.18,166.816
1790311740000,773.18,773.18,773.11,773.11,29.28
1790311800000,773.11,773.23,773.07,773.19,65.049
1790311860000,773.2,773.27,773.15,773.16,94.33
1790311920000,773.16,773.26,773.15,773.24,25.949
1790311980000,773.24,773.3,773.23,773.29,26.246
1790312040000,773.3,773.37,773.29,773.36,27.36
1790312100000,773.37,773.44,773.37,773.44,18.797
1790312160000,773.44,773.44,773.3,773.31,24.471
1790312220000,773.31,773.52,773.3,773.35,76.958
1790312280000,773.35,773.35,773.17,773.25,31.447
1790312340000,773.25,773.34,773.25,773.34,5.864
1790312400000,773.34,773.36,773.31,773.35,10.175
1790312460000,773.35,774.04,773.35,773.99,306.545
1790312520000,774.0,774.25,773.99,774.19,110.001
1790312580000,774.19,774.2,773.65,773.66,25.274
1790312640000,773.65,773.66,773.37,773.37,28.119
1790312700000,773.37,773.37,773.13,773.14,26.59
1790312760000,773.14,773.28,773.13,773.28,104.368
1790312820000,773.28,773.28,772.86,772.87,72.532
1790312880000,772.87,773.08,772.83,773.08,87.628
1790312940000,773.08,773.73,773.07,773.72,218.36
1790313000000,773.72,773.81,773.72,773.81,5.406
1790313060000,773.81,773.81,773.26,773.27,21.132
1790313120000,773.26,773.31,773.2,773.21,27.066
1790313180000,773.2,773.21,773.02,773.03,12.229
1790313240000,773.03,773.07,772.68,772.68,155.331
1790313300000,772.69,773.1,772.68,773.1,113.995
1790313360000,773.1,773.49,773.1,773.49,153.18
1790313420000,773.49,773.65,773.3,773.3,193.443
1790313480000,773.29,773.3,773.01,773.02,24.238
1790313540000,773.01,773.14,773.0,773.01,36.44
1790313600000,773.01,773.09,773.0,773.09,38.898
1790313660000,773.08,773.09,773.08,773.08,22.308
1790313720000,773.09,773.09,772.69,772.78,49.046
1790313780000,772.79,772.79,772.52,772.52,68.413
1790313840000,772.53,772.84,772.49,772.8,159.193
1790313900000,772.8,773.37,772.79,773.37,122.086
1790313960000,773.37,773.62,773.36,773.62,68.448
1790314020000,773.62,773.88,773.31,773.42,354.044
1790314080000,773.42,773.55,773.4,773.51,24.411
1790314140000,773.52,773.55,773.49,773.55,24.454
1790314200000,773.55,773.67,773.15,773.27,186.731
1790314260000,773.27,773.35,773.16,773.17,27.138
1790314320000,773.16,773.27,772.87,772.87,60.219
1790314380000,772.87,773.33,772.74,773.33,188.384
1790314440000,773.32,773.35,772.96,773.12,56.285
1790314500000,773.13,773.72,773.13,773.72,49.076
1790314560000,773.72,774.0,773.42,773.88,64.389
1790314620000,773.91,774.07,773.88,774.0,18.972
1790314680000,774.02,774.22,773.93,774.0,23.532
1790314740000,773.99,774.64,773.82,774.64,154.342
1790314800000,774.64,774.69,774.63,774.63,23.575
1790314860000,774.63,774.88,774.55,774.81,111.319
1790314920000,774.81,774.81,774.7,774.7,216.574
1790314980000,774.71,774.71,774.7,774.71,59.568
1790315040000,774.71,774.76,774.54,774.55,238.756
1790315100000,774.54,774.92,774.54,774.92,16.294
1790315160000,774.92,774.92,774.79,774.9,13.634
1790315220000,774.9,775.13,774.84,775.12,67.438
1790315280000,775.12,775.12,774.9,774.9,25.179
1790315340000,774.91,775.07,774.9,774.98,15.72
1790315400000,774.99,775.09,774.98,775.05,21.966
1790315460000,775.04,775.04,774.83,774.95,47.019
1790315520000,774.95,774.95,774.84,774.92,31.4
1790315580000,774.91,774.91,774.71,774.72,18.962
1790315640000,774.71,774.92,774.71,774.92,18.591
1790315700000,774.92,775.04,774.66,774.73,31.809
1790315760000,774.72,774.91,774.72,774.75,13.528
1790315820000,774.75,774.88,774.75,774.8,27.623
1790315880000,774.8,774.81,774.79,774.81,7.204
1790315940000,774.8,774.82,774.8,774.82,5.441
1790316000000,774.82,774.86,774.75,774.76,67.595
1790316060000,774.76,774.86,774.58,774.76,23.814
1790316120000,774.76,774.9,774.7,774.85,25.868
1790316180000,774.84,775.01,774.78,774.85,12.32
1790316240000,774.85,775.21,774.85,774.99,49.978
1790316300000,774.99,775.58,774.99,775.44,80.069
1790316360000,775.45,775.47,775.33,775.37,57.506
1790316420000,775.37,775.58,775.33,775.33,66.365
1790316480000,775.33,775.33,775.32,775.33,7.269
1790316540000,775.33,775.56,774.83,774.83,68.527
1790316600000,774.82,774.82,774.54,774.55,54.511
1790316660000,774.55,774.69,774.51,774.53,41.212
1790316720000,774.53,774.53,774.23,774.31,81.72
1790316780000,774.3,774.37,773.96,774.32,35.744
1790316840000,774.32,774.47,774.19,774.47,16.336
1790316900000,774.48,774.56,774.01,774.02,32.395
1790316960000,774.01,774.58,774.01,774.32,95.081
1790317020000,774.31,774.58,774.26,774.48,27.775
1790317080000,774.48,774.57,774.41,774.57,13.652
1790317140000,774.57,775.15,774.57,775.15,21.222
1790317200000,775.15,775.94,775.15,775.78,48.201
1790317260000,775.78,775.8,775.68,775.78,35.449
1790317320000,775.78,776.0,775.54,775.55,36.51
1790317380000,775.54,775.72,775.54,775.54,36.761
1790317440000,775.54,775.55,775.21,775.21,28.62
1790317500000,775.21,775.21,775.0,775.01,11.955
1790317560000,775.01,775.05,774.81,774.85,17.223
1790317620000,774.85,774.85,774.41,774.41,128.494
1790317680000,774.42,774.42,774.17,774.18,31.547
1790317740000,774.18,774.67,774.17,774.45,94.765
1790317800000,774.45,774.6,774.28,774.45,33.195
1790317860000,774.45,774.62,774.3,774.31,46.434
1790317920000,774.31,774.43,774.18,774.33,16.084
1790317980000,774.33,774.33,773.39,773.4,44.215
1790318040000,773.41,773.76,773.41,773.61,22.591
1790318100000,773.61,773.62,773.4,773.41,28.617
1790318160000,773.4,773.41,773.05,773.06,17.172
1790318220000,773.05,773.25,773.05,773.24,13.538
1790318280000,773.24,773.24,773.0,773.08,35.162
1790318340000,773.07,773.07,772.78,773.05,21.115
1790318400000,773.05,773.43,773.04,773.33,39.959
1790318460000,773.32,773.46,773.19,773.35,38.961
1790318520000,773.34,773.34,773.12,773.27,36.263
1790318580000,773.28,773.36,773.2,773.31,39.822
1790318640000,773.32,773.56,773.26,773.5,37.231
1790318700000,773.49,773.49,773.21,773.4,62.944
1790318760000,773.4,773.57,773.37,773.57,17.311
1790318820000,773.57,773.57,773.11,773.14,32.392
1790318880000,773.13,773.37,773.13,773.32,11.386
1790318940000,773.32,773.42,773.32,773.33,36.455
1790319000000,773.33,773.44,773.26,773.32,19.602
1790319060000,773.32,773.57,773.27,773.37,42.485
1790319120000,773.37,773.62,773.37,773.5,31.399
1790319180000,773.5,773.52,773.3,773.39,4.736
1790319240000,773.38,773.51,773.35,773.51,17.494
1790319300000,773.5,773.59,773.3,773.44,19.185
1790319360000,773.43,773.44,773.18,773.33,9.771
1790319420000,773.33,773.33,773.08,773.21,14.114
1790319480000,773.2,773.24,773.13,773.22,6.831
1790319540000,773.21,773.21,773.09,773.1,34.043
1790319600000,773.1,773.37,773.03,773.36,24.777
1790319660000,773.37,773.38,773.06,773.14,31.269
1790319720000,773.14,773.22,773.01,773.02,18.7
1790319780000,773.01,773.1,772.94,773.1,38.612
1790319840000,773.11,773.11,772.73,772.74,17.888
1790319900000,772.73,772.94,772.73,772.93,13.88
1790319960000,772.94,773.1,772.79,773.1,25.301
1790320020000,773.1,773.31,772.91,772.92,48.819
1790320080000,772.92,772.93,771.96,771.96,76.91
1790320140000,771.97,772.4,771.47,772.26,299.118
1790320200000,772.25,772.28,772.02,772.24,33.587
1790320260000,772.24,772.51,772.03,772.38,45.111
1790320320000,772.37,772.37,772.02,772.13,122.354
1790320380000,772.13,772.46,772.11,772.3,30.918
1790320440000,772.31,772.99,772.3,772.31,49.211
1790320500000,772.31,772.6,772.31,772.59,19.767
1790320560000,772.6,772.9,772.59,772.84,35.954
1790320620000,772.85,773.52,772.85,773.52,22.325
1790320680000,773.53,773.83,773.53,773.82,53.838
1790320740000,773.83,773.93,773.82,773.85,13.231
1790320800000,773.85,774.15,773.85,774.15,38.638
1790320860000,774.15,774.15,773.92,774.1,13.779
1790320920000,774.1,774.26,774.06,774.11,93.164
1790320980000,774.11,774.29,773.96,774.02,101.639
1790321040000,774.02,774.25,774.01,774.24,26.701
1790321100000,774.24,774.24,774.0,774.06,24.123
1790321160000,774.06,774.07,773.82,773.86,45.618
1790321220000,773.86,773.86,773.49,773.78,100.889
1790321280000,773.79,773.88,773.76,773.79,58.632
1790321340000,773.78,773.89,773.78,773.84,23.509
1790321400000,773.83,773.89,773.66,773.89,48.763
1790321460000,773.89,773.89,773.44,773.44,67.151
1790321520000,773.45,773.45,773.23,773.31,279.793
1790321580000,773.3,773.4,773.0,773.0,395.425
1790321640000,773.01,773.01,772.51,772.52,33.695
1790321700000,772.52,772.53,772.16,772.24,51.683
1790321760000,772.24,772.45,772.19,772.2,63.45
1790321820000,772.2,772.44,772.15,772.39,44.503
1790321880000,772.39,772.39,771.95,771.96,43.088
1790321940000,771.96,772.08,771.45,771.53,356.17
1790322000000,771.54,771.54,771.45,771.46,150.155
1790322060000,771.46,771.46,770.77,771.44,257.176
1790322120000,771.45,772.0,771.15,771.37,448.375
1790322180000,771.36,771.37,770.85,770.98,100.939
1790322240000,770.98,771.03,770.76,770.9,102.276
1790322300000,770.91,771.89,770.9,771.86,131.962
1790322360000,771.86,772.5,771.85,772.5,109.131
1790322420000,772.5,772.91,772.49,772.84,57.764
1790322480000,772.84,773.2,772.7,772.82,165.45
1790322540000,772.82,773.13,772.82,773.1,67.656
1790322600000,773.1,773.85,773.1,773.59,84.501
1790322660000,773.59,773.69,773.58,773.58,80.654
1790322720000,773.58,773.58,773.32,773.46,38.051
1790322780000,773.47,773.54,773.46,773.53,29.528
1790322840000,773.53,773.61,773.52,773.52,39.091
1790322900000,773.53,773.76,773.52,773.76,48.919
1790322960000,773.75,773.76,773.61,773.62,38.91
1790323020000,773.61,774.0,773.58,773.66,148.267
1790323080000,773.65,773.76,773.65,773.76,71.33
1790323140000,773.76,773.8,773.31,773.38,41.599
1790323200000,773.38,774.11,773.38,774.1,95.733
1790323260000,774.11,774.16,773.83,774.04,74.543
1790323320000,774.03,774.65,774.03,774.5,199.479
1790323380000,774.5,774.63,774.23,774.54,35.479
1790323440000,774.55,774.58,774.24,774.34,71.484
1790323500000,774.34,774.58,774.29,774.49,12.983
1790323560000,774.49,774.54,774.46,774.49,23.391
1790323620000,774.5,774.54,773.97,774.09,215.738
1790323680000,774.08,774.66,774.08,774.46,76.366
1790323740000,774.46,774.55,774.31,774.32,48.212
1790323800000,774.31,774.4,774.09,774.2,23.797
1790323860000,774.21,774.4,774.12,774.33,27.323
1790323920000,774.32,774.53,774.2,774.53,36.831
1790323980000,774.53,774.66,774.14,774.16,109.167
1790324040000,774.17,774.32,774.16,774.22,34.211
1790324100000,774.22,774.71,774.22,774.71,9.019
1790324160000,774.72,775.0,774.72,774.87,67.241
1790324220000,774.88,775.83,774.88,775.17,309.322
1790324280000,775.17,775.41,775.16,775.26,28.138
1790324340000,775.25,775.36,775.14,775.36,39.498
1790324400000,775.37,775.62,775.37,775.51,47.054
1790324460000,775.51,776.12,775.49,776.12,50.018
1790324520000,776.11,776.28,775.98,776.07,27.137
1790324580000,776.06,776.06,775.93,775.96,27.17
1790324640000,775.96,776.47,775.94,776.32,104.055
1790324700000,776.33,776.61,776.25,776.61,37.607
1790324760000,776.6,776.62,776.41,776.6,59.643
1790324820000,776.59,776.81,776.58,776.68,48.067
1790324880000,776.68,776.92,776.31,776.44,52.321
1790324940000,776.44,776.72,776.28,776.28,36.754
1790325000000,776.29,776.5,776.01,776.01,99.739
1790325060000,776.01,776.11,775.76,776.0,240.596
1790325120000,776.0,776.0,775.55,775.83,41.125
1790325180000,775.83,776.04,775.72,775.84,88.226
1790325240000,775.83,775.87,775.55,775.61,147.526
1790325300000,775.61,775.73,775.61,775.66,10.312
1790325360000,775.65,775.7,775.4,775.59,87.786
1790325420000,775.58,775.72,775.43,775.55,38.412
1790325480000,775.55,775.82,775.43,775.81,43.165
1790325540000,775.81,775.81,775.44,775.52,261.596
1790325600000,775.52,775.8,775.52,775.79,36.114
1790325660000,775.79,775.79,775.47,775.55,81.853
1790325720000,775.55,775.68,775.46,775.53,126.635
1790325780000,775.52,775.55,775.52,775.55,25.899
1790325840000,775.55,775.78,775.55,775.59,48.485
1790325900000,775.6,775.67,775.59,775.64,57.938
1790325960000,775.64,775.77,775.59,775.59,36.396
1790326020000,775.6,775.61,775.38,775.38,45.017
1790326080000,775.39,775.4,775.2,775.21,47.074
1790326140000,775.2,775.21,775.01,775.01,22.828
1790326200000,775.01,775.11,775.0,775.11,10.934
1790326260000,775.1,775.59,775.1,775.36,43.605
1790326320000,775.36,775.56,775.35,775.4,13.607
1790326380000,775.41,775.49,775.06,775.06,98.784
1790326440000,775.05,775.23,775.0,775.21,19.899
1790326500000,775.22,775.41,775.22,775.4,47.885
1790326560000,775.4,775.53,775.35,775.53,13.339
1790326620000,775.53,775.68,775.3,775.46,266.189
1790326680000,775.45,775.46,775.41,775.42,16.358
1790326740000,775.42,775.45,775.15,775.2,49.409
1790326800000,775.21,775.21,775.09,775.1,59.419
1790326860000,775.1,775.48,775.1,775.45,120.129
1790326920000,775.45,775.53,775.39,775.45,49.953
1790326980000,775.45,775.55,775.44,775.55,11.644
1790327040000,775.55,775.93,775.44,775.93,51.311
1790327100000,775.92,776.2,775.92,776.19,106.115
1790327160000,776.2,776.52,775.96,776.52,49.907
1790327220000,776.53,776.57,776.53,776.55,28.588
1790327280000,776.55,776.64,776.15,776.15,171.014
1790327340000,776.15,776.33,775.93,776.32,133.01
1790327400000,776.32,776.32,776.08,776.15,35.176
1790327460000,776.14,776.21,776.14,776.18,25.595
1790327520000,776.19,776.19,775.93,775.94,44.415
1790327580000,775.94,776.04,775.93,776.04,61.734
1790327640000,776.04,776.04,775.93,775.94,14.593
1790327700000,775.94,776.01,775.65,775.7,512.086
1790327760000,775.7,775.81,775.66,775.67,85.897
1790327820000,775.68,775.73,775.53,775.6,34.676
1790327880000,775.6,776.27,775.5,776.27,87.602
1790327940000,776.27,776.27,775.81,775.84,56.933
1790328000000,775.84,775.84,775.5,775.5,42.069
1790328060000,775.5,775.51,775.32,775.33,21.382
1790328120000,775.32,776.24,775.32,775.82,351.96
1790328180000,775.82,776.06,775.82,775.98,71.326
1790328240000,775.99,776.32,775.99,776.31,55.336
1790328300000,776.31,776.46,776.14,776.32,19.839
1790328360000,776.32,776.95,776.32,776.95,13.308
1790328420000,776.95,777.82,776.94,777.66,175.718
1790328480000,777.66,778.71,777.66,778.68,317.718
1790328540000,778.69,778.69,778.45,778.56,61.993
1790328600000,778.56,780.14,778.31,779.44,294.546
1790328660000,779.43,779.81,778.72,778.73,834.415
1790328720000,778.73,778.74,777.89,777.92,121.326
1790328780000,777.93,777.93,777.74,777.74,39.692
1790328840000,777.75,778.18,777.75,778.0,82.353
1790328900000,778.0,778.01,777.77,777.79,120.035
1790328960000,777.79,777.89,777.59,777.59,35.802
1790329020000,777.6,777.61,777.49,777.49,65.195
1790329080000,777.5,777.74,777.49,777.68,84.388
1790329140000,777.69,777.69,777.5,777.65,94.934
1790329200000,777.66,777.73,777.28,777.32,107.618
1790329260000,777.32,777.32,777.0,777.08,215.191
1790329320000,777.09,777.1,776.79,776.88,114.806
1790329380000,776.88,776.88,776.71,776.8,28.981
1790329440000,776.8,776.96,776.67,776.68,55.589
1790329500000,776.68,776.71,776.23,776.23,79.471
1790329560000,776.24,776.52,776.06,776.52,147.366
1790329620000,776.53,776.53,776.07,776.08,103.909
1790329680000,776.08,776.08,775.75,775.85,95.94
1790329740000,775.85,776.11,775.84,775.96,49.182
1790329800000,775.96,776.14,775.85,776.1,101.536
1790329860000,776.1,776.29,775.93,776.29,103.065
1790329920000,776.29,776.53,776.29,776.29,59.703
1790329980000,776.3,776.62,776.29,776.62,31.975
1790330040000,776.62,776.62,776.38,776.39,30.251
1790330100000,776.38,776.68,776.23,776.6,152.397
1790330160000,776.6,776.83,776.41,776.8,75.654
1790330220000,776.79,776.79,776.65,776.66,25.577
1790330280000,776.66,777.06,776.65,777.06,95.845
1790330340000,777.05,777.18,776.92,776.92,154.901
1790330400000,776.92,776.92,776.71,776.78,36.6
1790330460000,776.77,776.77,775.68,775.69,313.122
1790330520000,775.68,775.68,775.01,775.02,48.443
1790330580000,775.01,775.19,774.67,774.98,190.875
1790330640000,774.99,774.99,774.73,774.77,43.873
1790330700000,774.76,774.76,774.44,774.7,22.681
1790330760000,774.7,774.91,774.64,774.91,35.514
1790330820000,774.91,774.91,774.71,774.73,58.751
1790330880000,774.73,774.79,774.72,774.79,18.241
1790330940000,774.79,775.42,774.79,775.36,39.935
1790331000000,775.37,775.57,775.22,775.56,51.34
1790331060000,775.56,775.58,775.44,775.58,47.916
1790331120000,775.58,775.6,775.57,775.6,28.823
1790331180000,775.6,775.76,775.58,775.73,91.775
1790331240000,775.73,775.73,775.55,775.59,116.827
1790331300000,775.59,775.61,775.58,775.59,51.247
1790331360000,775.6,775.62,775.27,775.61,133.043
1790331420000,775.61,775.9,775.61,775.65,89.235
1790331480000,775.64,775.65,775.33,775.43,57.555
1790331540000,775.43,775.44,775.25,775.25,34.601
1790331600000,775.25,775.51,775.23,775.51,84.295
1790331660000,775.5,775.51,775.26,775.45,43.178
1790331720000,775.44,775.44,774.64,775.04,412.934
1790331780000,775.04,775.42,774.94,775.4,81.583
1790331840000,775.4,775.53,775.38,775.46,93.446
1790331900000,775.45,775.7,775.45,775.59,55.181
1790331960000,775.59,775.77,775.56,775.77,34.135
1790332020000,775.77,776.31,775.77,776.31,27.518
1790332080000,776.3,776.81,776.3,776.81,96.75
1790332140000,776.81,777.08,776.76,776.99,107.215
1790332200000,776.99,777.34,776.56,777.34,271.082
1790332260000,777.33,777.33,776.33,776.55,65.94
1790332320000,776.55,776.64,776.42,776.47,168.807
1790332380000,776.47,776.76,776.3,776.7,71.48
1790332440000,776.69,777.0,776.59,776.73,67.29
1790332500000,776.73,776.73,776.43,776.44,29.048
1790332560000,776.44,776.51,776.4,776.44,31.732
1790332620000,776.43,776.81,776.43,776.58,37.17
1790332680000,776.58,776.8,776.49,776.61,100.85
1790332740000,776.62,776.72,776.53,776.57,37.576
1790332800000,776.56,776.77,776.43,776.47,135.801
1790332860000,776.47,776.51,776.46,776.51,43.464
1790332920000,776.5,776.96,776.5,776.96,168.925
1790332980000,776.97,777.22,776.72,776.74,79.864
1790333040000,776.74,777.0,776.74,776.97,20.668
1790333100000,776.97,776.97,776.72,776.79,28.306
1790333160000,776.79,776.96,776.78,776.96,23.766
1790333220000,776.96,776.96,776.8,776.92,50.578
1790333280000,776.92,777.03,776.85,777.02,102.271
1790333340000,777.02,777.03,776.81,776.94,89.173
1790333400000,776.93,777.01,776.9,776.99,35.817
1790333460000,776.98,777.33,776.81,777.33,64.294
1790333520000,777.34,777.37,777.09,777.1,39.136
1790333580000,777.1,777.41,777.0,777.36,118.271
1790333640000,777.36,777.5,777.29,777.4,54.22
1790333700000,777.4,777.41,776.92,776.93,191.317
1790333760000,776.93,777.09,776.91,777.08,40.703
1790333820000,777.08,777.11,776.94,776.95,61.966
1790333880000,776.95,777.17,776.81,776.86,327.412
1790333940000,776.85,776.86,776.81,776.84,72.525
1790334000000,776.85,776.87,776.64,776.65,145.509
1790334060000,776.64,777.25,776.64,777.18,73.327
1790334120000,777.19,777.19,776.94,777.04,32.721
1790334180000,777.04,777.19,777.03,777.19,26.6
1790334240000,777.19,777.52,777.12,777.52,50.391
1790334300000,777.52,777.82,777.48,777.82,52.376
1790334360000,777.82,779.44,777.82,779.28,404.325
1790334420000,779.27,780.04,779.09,779.84,350.594
1790334480000,779.84,780.85,779.84,780.84,237.474
1790334540000,780.84,781.18,780.8,781.17,463.208
1790334600000,781.18,781.39,780.97,781.3,373.316
1790334660000,781.3,781.62,781.05,781.48,719.321
1790334720000,781.49,781.96,781.35,781.95,270.547
1790334780000,781.96,781.96,781.44,781.44,302.867
1790334840000,781.44,790.29,781.44,784.28,6396.217
1790334900000,784.28,784.82,783.54,783.54,727.843
1790334960000,783.55,783.56,783.0,783.02,927.177
1790335020000,783.01,783.02,782.0,782.0,1234.605
1790335080000,782.01,782.01,780.88,780.96,495.495
1790335140000,780.97,781.59,780.97,781.21,524.868
1790335200000,781.22,781.4,781.09,781.19,182.893
1790335260000,781.19,781.2,780.9,780.96,167.215
1790335320000,780.96,781.7,780.89,781.3,235.986
1790335380000,781.3,781.48,780.44,780.44,282.135
1790335440000,780.44,780.97,780.04,780.97,322.137
1790335500000,780.96,780.97,780.61,780.85,144.975
1790335560000,780.84,781.5,777.24,780.06,5677.611
1790335620000,779.95,780.4,779.9,780.08,382.053
1790335680000,780.09,780.3,779.59,780.17,284.578
1790335740000,780.16,780.24,779.55,779.76,221.322
1790335800000,779.77,780.09,779.4,779.75,337.377
1790335860000,779.74,780.12,779.74,780.02,204.202
1790335920000,780.01,780.14,779.93,780.12,168.119
1790335980000,780.12,780.19,779.96,780.0,158.595
1790336040000,780.01,780.51,780.0,780.44,182.439
1790336100000,780.45,781.11,780.45,780.7,197.163
1790336160000,780.7,780.7,780.2,780.21,201.955
1790336220000,780.21,780.27,779.84,780.13,405.59
1790336280000,780.13,780.29,780.02,780.14,145.158
1790336340000,780.14,780.14,779.79,779.99,201.755
1790336400000,780.0,780.28,779.99,780.15,173.84
1790336460000,780.15,780.16,779.74,779.79,237.855
1790336520000,779.79,779.88,779.66,779.8,128.799
1790336580000,779.8,779.97,779.68,779.94,108.108
1790336640000,779.94,779.94,779.79,779.88,109.767
1790336700000,779.87,780.17,779.6,779.61,116.953
1790336760000,779.61,779.96,779.54,779.95,114.757
1790336820000,779.96,780.17,779.9,779.97,130.213
1790336880000,779.97,779.97,779.11,779.25,95.042
1790336940000,779.26,780.12,779.26,779.57,251.834
1790337000000,779.57,779.75,779.29,779.53,163.613
1790337060000,779.53,779.89,779.48,779.81,68.101
1790337120000,779.81,779.81,779.23,779.24,221.833
1790337180000,779.24,779.32,779.0,779.01,105.488
1790337240000,779.0,779.01,778.67,778.81,103.328
1790337300000,778.8,779.0,778.75,778.76,66.5
1790337360000,778.76,778.76,778.46,778.69,76.254
1790337420000,778.69,779.36,778.68,779.34,176.677
1790337480000,779.34,779.61,779.33,779.6,53.844
1790337540000,779.61,779.85,779.27,779.27,79.369
1790337600000,779.28,779.98,779.28,779.92,173.767
1790337660000,779.91,780.01,779.81,779.87,60.824
1790337720000,779.86,780.29,779.86,779.94,126.825
1790337780000,779.94,780.59,779.94,780.29,134.445
1790337840000,780.3,780.33,779.94,779.99,73.803
1790337900000,780.0,780.0,779.53,779.53,133.464
1790337960000,779.54,779.54,779.49,779.53,40.562
1790338020000,779.53,780.08,779.44,780.05,118.524
1790338080000,780.06,780.06,779.65,779.86,92.284
1790338140000,779.86,780.02,779.64,779.82,108.952
1790338200000,779.82,780.54,779.75,780.18,386.135
1790338260000,780.19,780.19,779.66,779.81,61.002
1790338320000,779.82,780.0,779.68,779.68,53.609
1790338380000,779.68,779.69,778.0,778.0,243.011
1790338440000,778.0,778.0,776.69,777.76,468.816
1790338500000,777.77,777.77,776.24,776.25,156.369
1790338560000,776.25,776.83,775.15,775.47,214.526
1790338620000,775.46,776.3,775.0,775.0,1009.892
1790338680000,775.01,775.97,775.0,775.4,330.393
1790338740000,775.4,775.7,774.85,775.7,4031.824
1790338800000,775.7,776.82,775.5,776.77,227.111
1790338860000,776.78,777.28,776.77,776.9,147.198
1790338920000,776.9,777.4,776.9,777.32,174.034
1790338980000,777.32,777.89,777.08,777.23,254.79
1790339040000,777.23,778.11,777.23,777.91,133.29
1790339100000,777.91,778.47,777.36,778.24,219.629
1790339160000,778.24,778.43,778.02,778.28,168.783
1790339220000,778.27,778.69,778.07,778.11,110.308
1790339280000,778.11,778.64,778.11,778.63,197.557
1790339340000,778.63,778.78,778.58,778.65,123.888
1790339400000,778.65,779.72,778.65,779.08,233.462
1790339460000,779.08,779.66,778.66,778.89,122.768
1790339520000,778.89,779.07,778.14,778.97,137.582
1790339580000,778.96,779.18,778.66,779.01,73.994
1790339640000,779.01,779.1,778.63,778.87,75.259
1790339700000,778.87,779.48,778.63,779.12,107.384
1790339760000,779.12,779.13,778.9,778.9,92.807
1790339820000,778.9,779.1,778.69,778.93,89.181
1790339880000,778.92,779.36,778.87,779.15,92.906
1790339940000,779.16,779.5,779.01,779.36,92.064
1790340000000,779.36,779.36,778.95,779.14,125.967
1790340060000,779.13,779.77,778.74,778.77,487.262
1790340120000,778.78,778.99,778.51,778.58,60.102
1790340180000,778.58,778.58,777.86,777.86,129.456
1790340240000,777.86,778.72,777.81,778.08,196.234
1790340300000,778.09,778.26,777.1,777.74,130.744
1790340360000,777.75,778.41,777.08,777.64,309.18
1790340420000,777.63,778.5,777.28,778.5,142.414
1790340480000,778.5,778.67,777.7,777.7,179.753
1790340540000,777.69,777.78,777.2,777.35,184.943
1790340600000,777.36,777.65,777.33,777.64,65.533
1790340660000,777.64,777.81,777.22,777.52,74.904
1790340720000,777.53,777.53,776.85,777.03,100.62
1790340780000,777.04,777.45,776.85,777.36,127.803
1790340840000,777.37,777.72,777.36,777.56,51.632
1790340900000,777.55,778.04,777.37,777.97,63.348
1790340960000,777.97,778.12,777.71,778.11,130.603
1790341020000,778.11,778.13,777.64,777.98,107.193
1790341080000,777.98,778.21,777.86,778.2,53.029
1790341140000,778.2,778.21,777.61,777.67,88.51
1790341200000,777.68,777.68,776.39,776.47,309.85
1790341260000,776.47,777.27,776.39,777.27,64.14
1790341320000,777.27,777.52,777.01,777.13,99.084
1790341380000,777.13,777.79,777.13,777.61,155.939
1790341440000,777.61,777.84,777.5,777.77,73.812
1790341500000,777.76,778.34,777.76,778.33,92.162
1790341560000,778.32,778.65,778.08,778.08,97.683
1790341620000,778.09,778.1,777.71,777.87,65.802
1790341680000,777.86,778.11,777.5,777.64,306.161
1790341740000,777.63,777.96,777.31,777.61,152.192
1790341800000,777.61,777.61,777.15,777.18,61.276
1790341860000,777.17,777.22,777.0,777.06,76.354
1790341920000,777.05,777.1,777.0,777.05,62.129
1790341980000,777.05,777.17,777.0,777.01,194.549
1790342040000,777.0,777.17,776.83,777.09,72.219
1790342100000,777.1,777.87,776.98,777.86,202.311
1790342160000,777.86,777.93,777.21,777.41,70.155
1790342220000,777.4,777.4,776.95,776.97,53.989
1790342280000,776.97,777.29,776.45,776.53,162.393
1790342340000,776.54,776.69,775.9,775.95,79.198
1790342400000,775.94,776.27,775.75,775.76,54.375
1790342460000,775.76,775.99,775.43,775.86,61.711
1790342520000,775.85,776.13,775.77,776.12,23.951
1790342580000,776.13,776.48,776.03,776.03,48.837
1790342640000,776.03,776.23,775.85,775.85,61.246
1790342700000,775.85,775.86,775.0,775.03,98.441
1790342760000,775.03,775.19,774.84,775.19,95.985
1790342820000,775.19,775.24,774.37,774.7,114.401
1790342880000,774.71,775.92,774.5,775.56,208.556
1790342940000,775.56,775.56,774.87,774.87,53.26
1790343000000,774.87,774.87,773.8,774.37,134.515
1790343060000,774.36,774.37,772.8,773.58,327.798
1790343120000,773.57,773.64,772.86,773.49,52.648
1790343180000,773.5,774.5,773.38,774.5,99.041
1790343240000,774.5,775.0,774.45,775.0,109.058
1790343300000,775.0,776.58,774.77,776.58,230.318
1790343360000,776.57,777.04,775.48,775.58,179.66
1790343420000,775.57,775.88,775.0,775.38,99.416
1790343480000,775.37,775.49,775.2,775.39,20.114
1790343540000,775.39,775.42,774.69,775.2,51.947
1790343600000,775.19,775.37,774.93,775.11,53.032
1790343660000,775.13,775.18,774.6,774.72,79.53
1790343720000,774.72,774.8,774.23,774.66,51.177
1790343780000,774.66,774.73,773.84,773.85,59.002
1790343840000,773.84,774.48,773.18,774.29,114.458
1790343900000,774.29,774.83,773.86,774.14,115.534
1790343960000,774.13,774.14,772.24,772.25,253.74
1790344020000,772.24,772.24,771.07,772.07,375.733
1790344080000,772.06,772.47,771.44,772.14,145.257
1790344140000,772.15,772.91,772.15,772.57,116.693
1790344200000,772.56,773.68,772.4,773.48,81.182
1790344260000,773.48,773.68,772.94,773.29,122.293
1790344320000,773.28,774.41,773.28,774.34,157.279
1790344380000,774.33,774.93,774.01,774.92,59.43
1790344440000,774.91,775.81,774.65,775.62,129.98
1790344500000,775.64,775.82,775.13,775.46,332.333
1790344560000,775.47,775.47,774.57,774.67,60.776
1790344620000,774.67,774.67,774.08,774.32,28.276
1790344680000,774.32,774.47,774.01,774.14,56.945
1790344740000,774.13,774.32,773.61,774.09,110.564
1790344800000,774.09,774.68,773.5,774.17,27.998
1790344860000,774.18,774.2,773.7,773.82,45.987
1790344920000,773.79,773.79,772.2,772.21,140.675
1790344980000,772.2,772.2,770.22,771.09,316.302
1790345040000,771.08,771.23,769.02,769.17,922.652
1790345100000,769.18,769.83,768.58,769.18,485.681
1790345160000,769.16,770.93,769.1,770.18,443.146
1790345220000,770.18,771.03,770.05,770.76,150.805
1790345280000,770.76,771.83,770.5,771.83,64.67
1790345340000,771.86,772.13,771.34,771.53,92.127
1790345400000,771.53,772.17,771.44,771.52,132.842
1790345460000,771.52,773.0,771.52,772.87,252.657
1790345520000,772.83,773.36,772.74,772.96,63.626
1790345580000,772.96,773.48,772.85,773.14,32.354
1790345640000,773.11,773.14,772.0,772.47,325.639
1790345700000,772.47,773.8,771.78,773.79,351.723
1790345760000,773.79,774.15,772.85,772.86,81.693
1790345820000,772.85,772.9,772.23,772.24,100.985
1790345880000,772.23,773.27,772.22,773.04,49.597
1790345940000,773.04,773.36,772.32,773.22,121.035
1790346000000,773.21,773.35,772.78,773.34,73.665
1790346060000,773.35,774.17,773.35,774.15,84.065
1790346120000,774.16,774.64,774.08,774.12,76.625
1790346180000,774.12,774.48,773.83,773.84,63.156
1790346240000,773.84,774.1,773.12,773.56,96.958
1790346300000,773.6,774.08,773.26,773.49,58.856
1790346360000,773.5,774.18,773.43,773.86,281.376
1790346420000,773.87,773.87,773.03,773.03,139.263
1790346480000,773.03,773.51,773.02,773.48,48.547
1790346540000,773.49,773.97,773.19,773.26,35.232
1790346600000,773.31,774.1,773.2,773.99,45.931
1790346660000,774.0,774.64,773.97,774.63,36.321
1790346720000,774.64,774.69,774.13,774.67,79.204
1790346780000,774.67,774.69,774.34,774.51,42.187
1790346840000,774.52,775.23,774.51,775.11,146.145
1790346900000,775.12,775.5,775.01,775.22,139.704
1790346960000,775.22,776.03,775.21,776.02,199.787
1790347020000,775.95,776.03,775.7,775.71,91.441
1790347080000,775.71,776.03,775.7,775.92,44.728
1790347140000,775.91,775.99,775.5,775.51,55.396
1790347200000,775.5,775.51,774.3,774.3,122.502
1790347260000,774.31,775.07,774.3,774.51,76.163
1790347320000,774.52,775.07,774.32,774.85,14.309
1790347380000,774.86,775.1,773.66,773.73,99.918
1790347440000,773.65,774.03,773.61,773.64,55.456
1790347500000,773.65,774.11,772.62,774.11,244.662
1790347560000,774.11,774.77,773.76,774.34,173.487
1790347620000,774.33,774.77,774.08,774.54,49.609
1790347680000,774.59,774.91,774.26,774.74,126.194
1790347740000,774.75,774.96,774.55,774.56,49.913
1790347800000,774.56,774.56,773.78,773.99,106.663
1790347860000,773.99,774.38,773.57,773.57,51.492
1790347920000,773.57,773.57,772.8,773.23,102.615
1790347980000,773.21,774.24,773.11,774.19,41.207
1790348040000,774.16,774.62,774.15,774.58,27.606
1790348100000,774.58,775.19,774.57,775.18,47.144
1790348160000,775.18,775.64,775.08,775.32,98.094
1790348220000,775.3,775.59,775.26,775.34,26.495
1790348280000,775.35,775.55,774.92,775.33,228.574
1790348340000,775.33,775.94,775.33,775.94,29.558
1790348400000,775.94,776.01,775.56,776.01,73.122
1790348460000,776.01,776.4,775.9,776.31,72.712
1790348520000,776.3,776.82,775.7,775.74,133.309
1790348580000,775.73,775.86,775.16,775.44,45.198
1790348640000,775.43,775.74,774.78,774.83,42.498
1790348700000,774.83,775.62,774.83,774.94,92.513
1790348760000,774.95,775.37,774.84,774.93,27.298
1790348820000,774.95,775.44,774.9,775.44,36.997
1790348880000,775.44,776.1,775.43,776.09,19.008
1790348940000,776.1,776.34,775.92,775.98,130.36
1790349000000,775.98,776.04,775.56,775.74,19.495
1790349060000,775.75,776.02,775.0,775.51,576.781
1790349120000,775.51,776.34,775.32,775.8,606.296
1790349180000,775.81,776.15,775.8,776.02,32.781
1790349240000,776.02,776.31,775.91,776.31,25.124
1790349300000,776.31,776.57,775.7,776.14,109.276
1790349360000,776.14,776.47,775.99,776.34,69.778
1790349420000,776.34,776.34,775.8,776.07,49.397
1790349480000,776.07,776.25,775.78,775.78,42.508
1790349540000,775.79,775.79,775.23,775.23,55.35
1790349600000,775.23,775.26,774.81,775.25,84.657
1790349660000,775.26,776.04,774.96,776.04,150.089
1790349720000,776.04,776.16,775.82,775.82,85.506
1790349780000,775.83,776.06,775.68,775.8,36.12
1790349840000,775.79,775.79,775.33,775.47,34.92
1790349900000,775.46,775.46,774.68,774.86,59.296
1790349960000,774.86,774.97,774.61,774.96,58.952
1790350020000,774.96,775.05,774.46,774.68,44.371
1790350080000,774.68,774.68,774.2,774.43,67.549
1790350140000,774.44,774.67,774.23,774.64,60.329
1790350200000,774.63,775.46,774.3,774.45,92.608
1790350260000,774.45,774.81,774.27,774.59,57.38
1790350320000,774.59,775.6,774.59,774.95,60.005
1790350380000,774.9,775.2,774.55,774.55,64.677
1790350440000,774.56,774.58,773.91,774.11,102.595
1790350500000,774.11,774.27,773.73,774.02,63.746
1790350560000,774.03,774.28,773.91,774.01,29.109
1790350620000,774.02,774.26,773.58,773.78,35.874
1790350680000,773.79,774.0,773.05,773.05,66.789
1790350740000,773.06,773.28,772.48,772.48,76.468
1790350800000,772.49,773.37,772.17,773.37,155.954
1790350860000,773.37,773.6,773.15,773.15,51.846
1790350920000,773.16,773.16,772.46,772.8,64.361
1790350980000,772.8,772.95,772.2,772.21,67.531
1790351040000,772.21,772.48,772.1,772.1,40.091
1790351100000,772.1,772.53,772.05,772.11,56.002
1790351160000,772.11,772.92,771.84,772.74,89.049
1790351220000,772.74,773.28,772.26,772.4,83.333
1790351280000,772.4,772.55,772.16,772.25,28.285
1790351340000,772.25,772.32,771.95,772.03,34.431
1790351400000,772.04,772.24,771.32,771.64,210.465
1790351460000,771.64,771.64,771.16,771.16,54.907
1790351520000,771.16,771.84,771.09,771.55,62.671
1790351580000,771.6,771.7,771.35,771.69,42.043
1790351640000,771.7,772.29,771.37,771.81,131.625
1790351700000,771.86,772.46,771.86,772.3,51.037
1790351760000,772.3,773.29,772.21,773.28,90.834
1790351820000,773.23,773.68,773.22,773.58,100.011
1790351880000,773.58,774.2,773.58,774.09,126.465
1790351940000,774.09,774.57,773.87,774.45,120.611
1790352000000,774.45,775.29,774.43,775.28,122.699
1790352060000,775.29,775.41,774.96,775.38,178.903
1790352120000,775.38,775.89,775.38,775.68,101.89
1790352180000,775.68,775.88,775.48,775.87,32.865
1790352240000,775.87,775.87,775.34,775.82,28.245
1790352300000,775.83,776.23,775.59,776.23,129.428
1790352360000,776.23,776.93,776.02,776.78,181.548
1790352420000,776.79,776.79,775.74,776.22,135.273
1790352480000,776.23,776.45,776.0,776.1,45.158
1790352540000,776.09,776.16,775.72,776.14,84.8
1790352600000,776.13,776.35,775.82,775.82,104.219
1790352660000,775.81,776.17,775.72,776.17,29.756
1790352720000,776.16,776.51,774.4,774.49,355.889
1790352780000,774.48,774.84,773.4,774.06,413.806
1790352840000,774.06,774.22,773.9,774.22,40.024
1790352900000,774.21,774.78,774.21,774.76,48.319
1790352960000,774.76,775.14,774.74,775.11,23.335
1790353020000,775.1,775.23,774.4,774.4,61.692
1790353080000,774.39,774.75,774.23,774.23,34.745
1790353140000,774.24,774.7,774.08,774.66,30.159
1790353200000,774.66,774.77,774.08,774.09,33.237
1790353260000,774.09,774.15,773.67,773.68,49.241
1790353320000,773.68,773.95,773.58,773.79,49.624
1790353380000,773.79,773.83,773.41,773.66,67.985
1790353440000,773.65,773.84,773.41,773.75,138.116
1790353500000,773.75,773.96,773.67,773.73,28.521
1790353560000,773.74,774.4,773.71,774.4,34.997
1790353620000,774.42,774.46,774.29,774.38,31.052
1790353680000,774.38,774.44,774.29,774.29,20.472
1790353740000,774.3,774.54,774.29,774.46,34.046
1790353800000,774.47,774.49,774.3,774.48,74.652
1790353860000,774.48,774.6,774.31,774.59,38.273
1790353920000,774.59,774.73,774.47,774.55,30.025
1790353980000,774.56,775.01,774.48,774.49,225.765
1790354040000,774.48,774.48,773.12,773.32,172.324
1790354100000,773.32,773.96,773.16,773.96,92.336
1790354160000,773.96,774.16,773.87,774.16,28.944
1790354220000,774.17,774.65,773.92,773.92,146.826
1790354280000,773.92,773.92,773.49,773.85,48.972
1790354340000,773.87,774.1,773.87,774.1,37.971
1790354400000,774.1,774.24,773.78,773.86,124.268
1790354460000,773.87,774.41,773.87,774.34,32.304
1790354520000,774.35,774.58,774.27,774.28,92.647
1790354580000,774.29,774.77,774.29,774.61,19.234
1790354640000,774.61,775.0,774.37,774.38,50.055
1790354700000,774.37,774.58,774.09,774.31,38.168
1790354760000,774.32,774.49,774.24,774.28,38.998
1790354820000,774.28,774.28,773.5,773.51,120.555
1790354880000,773.5,773.5,772.97,772.98,39.565
1790354940000,772.98,773.37,772.65,773.36,174.674
1790355000000,773.37,773.45,773.13,773.14,34.436
1790355060000,773.14,773.45,773.08,773.43,38.492
1790355120000,773.44,773.75,773.44,773.74,40.308
1790355180000,773.75,773.84,773.16,773.16,79.884
1790355240000,773.2,773.42,773.17,773.33,20.618
1790355300000,773.34,773.5,773.15,773.43,46.936
1790355360000,773.43,773.43,773.22,773.22,23.829
1790355420000,773.23,773.23,772.97,772.98,22.701
1790355480000,772.98,772.98,772.67,772.67,27.558
1790355540000,772.67,772.67,772.26,772.41,58.521
1790355600000,772.42,772.75,772.15,772.23,94.758
1790355660000,772.22,773.17,772.22,773.17,73.004
1790355720000,773.16,773.34,773.03,773.26,43.803
1790355780000,773.27,773.43,773.14,773.14,15.847
1790355840000,773.15,773.7,773.15,773.7,17.957
1790355900000,773.7,773.75,773.28,773.36,74.493
1790355960000,773.36,773.7,773.36,773.49,20.67
1790356020000,773.48,773.73,773.48,773.73,40.017
1790356080000,773.73,774.04,773.36,774.04,15.842
1790356140000,774.05,774.44,774.05,774.43,16.154
1790356200000,774.43,774.43,773.83,773.85,23.953
1790356260000,773.84,774.09,773.58,773.63,106.822
1790356320000,773.63,773.83,773.5,773.82,29.62
1790356380000,773.83,774.19,773.83,774.11,31.204
1790356440000,774.12,774.12,773.88,774.04,5.892
1790356500000,774.05,774.34,774.05,774.34,56.532
1790356560000,774.35,774.36,774.3,774.3,21.44
1790356620000,774.31,774.38,774.09,774.21,121.01
1790356680000,774.21,774.21,774.0,774.04,17.352
1790356740000,774.05,774.1,773.31,773.36,198.613
1790356800000,773.37,773.59,773.37,773.59,19.389
1790356860000,773.58,773.59,773.42,773.49,14.862
1790356920000,773.49,773.76,772.74,773.17,319.279
1790356980000,773.16,773.55,773.1,773.51,35.295
1790357040000,773.5,773.57,773.2,773.42,28.69
1790357100000,773.42,773.42,772.96,773.09,7.146
1790357160000,773.09,773.25,772.91,772.92,9.67
1790357220000,772.92,773.0,772.65,772.99,18.878
1790357280000,772.99,773.04,772.48,772.48,85.096
1790357340000,772.46,772.46,771.73,771.75,57.438
1790357400000,771.75,771.75,771.29,771.55,77.052
1790357460000,771.59,771.65,771.21,771.23,129.324
1790357520000,771.23,772.58,771.23,772.43,77.566
1790357580000,772.43,772.64,772.0,772.0,15.942
1790357640000,772.01,772.34,771.91,772.23,64.558
1790357700000,772.22,772.3,772.12,772.23,15.783
1790357760000,772.23,772.49,772.05,772.06,17.217
1790357820000,772.11,772.2,771.95,772.03,20.428
1790357880000,772.04,772.37,772.04,772.35,10.63
1790357940000,772.36,772.75,771.9,772.41,100.51
1790358000000,772.46,772.96,772.46,772.82,158.087
1790358060000,772.82,773.76,772.8,773.75,105.631
1790358120000,773.71,773.76,773.56,773.69,4.969
1790358180000,773.69,773.76,773.62,773.76,39.441
1790358240000,773.75,773.76,773.5,773.5,14.696
1790358300000,773.51,773.51,773.08,773.09,14.745
1790358360000,773.09,773.31,772.9,772.9,34.823
1790358420000,772.91,772.91,772.54,772.74,29.141
1790358480000,772.75,772.8,772.59,772.8,21.019
1790358540000,772.8,773.24,772.8,773.24,29.046
1790358600000,773.25,773.29,773.0,773.01,19.887
1790358660000,773.0,773.01,772.84,772.85,17.949
1790358720000,772.84,772.86,772.8,772.81,130.907
1790358780000,772.81,772.82,772.48,772.53,654.623
1790358840000,772.53,772.65,772.31,772.63,40.26
1790358900000,772.62,772.78,772.52,772.78,26.606
1790358960000,772.78,772.91,772.78,772.91,7.906
1790359020000,772.92,772.92,772.7,772.71,13.985
1790359080000,772.71,773.11,772.71,773.1,10.388
1790359140000,773.1,773.62,773.1,773.43,111.547
1790359200000,773.43,773.83,773.43,773.83,29.894
1790359260000,773.83,774.25,773.82,774.16,93.975
1790359320000,774.15,774.61,773.91,773.92,223.198
1790359380000,773.91,774.37,773.91,774.37,17.21
1790359440000,774.37,774.39,773.91,773.91,17.693
1790359500000,773.92,773.97,773.67,773.73,16.273
1790359560000,773.72,774.36,773.72,774.35,23.427
1790359620000,774.38,774.49,774.29,774.48,13.826
1790359680000,774.49,774.49,774.07,774.15,15.087
1790359740000,774.15,774.63,774.05,774.63,88.873
1790359800000,774.63,775.0,774.63,774.77,21.421
1790359860000,774.76,775.19,774.6,775.19,64.325
1790359920000,775.18,775.69,775.18,775.61,53.416
1790359980000,775.61,775.61,775.31,775.32,15.538
1790360040000,775.31,775.31,775.12,775.13,19.216
1790360100000,775.12,775.6,775.09,775.46,9.471
1790360160000,775.46,775.58,775.4,775.44,10.149
1790360220000,775.44,775.89,775.43,775.86,118.924
1790360280000,775.87,776.0,775.75,776.0,63.276
1790360340000,775.99,776.23,775.95,776.22,34.998
1790360400000,776.22,776.4,776.22,776.26,17.099
1790360460000,776.26,776.28,776.0,776.0,19.449
1790360520000,776.0,776.01,775.5,775.5,97.017
1790360580000,775.47,775.55,775.43,775.55,28.439
1790360640000,775.55,775.85,775.46,775.85,8.492
1790360700000,775.85,776.1,775.85,775.97,92.482
1790360760000,775.97,776.05,775.0,775.06,87.906
1790360820000,775.05,775.34,774.72,774.8,15.717
1790360880000,774.81,775.47,774.81,775.45,88.07
1790360940000,775.44,775.44,775.08,775.34,8.25
1790361000000,775.34,775.55,775.34,775.49,13.995
1790361060000,775.49,775.7,775.32,775.35,23.443
1790361120000,775.35,775.6,775.35,775.43,30.343
1790361180000,775.42,775.59,775.41,775.53,14.174
1790361240000,775.49,775.9,775.46,775.81,16.653
1790361300000,775.81,776.1,775.4,776.09,133.693
1790361360000,776.09,776.1,775.74,775.74,37.827
1790361420000,775.74,775.89,775.41,775.46,17.09
1790361480000,775.47,775.56,775.33,775.56,11.964
1790361540000,775.56,775.6,775.25,775.25,11.597
1790361600000,775.26,775.26,775.06,775.09,19.416
1790361660000,775.09,775.37,775.09,775.37,32.273
1790361720000,775.37,775.38,775.29,775.32,8.115
1790361780000,775.31,775.41,775.31,775.4,4.169
1790361840000,775.41,775.85,775.4,775.84,14.289
1790361900000,775.85,776.0,775.77,775.78,57.47
1790361960000,775.78,775.84,775.77,775.83,23.449
1790362020000,775.83,775.84,775.49,775.5,8.051
1790362080000,775.49,775.59,775.29,775.33,100.124
1790362140000,775.33,775.6,775.33,775.44,42.588
1790362200000,775.44,775.47,775.28,775.31,48.662
1790362260000,775.31,775.53,775.12,775.15,70.057
1790362320000,775.16,775.16,775.07,775.15,30.63
1790362380000,775.15,775.15,775.03,775.04,17.734
1790362440000,775.04,775.23,774.96,775.23,35.008
1790362500000,775.24,775.39,775.03,775.03,102.947
1790362560000,775.04,775.05,775.03,775.05,20.825
1790362620000,775.04,775.12,774.92,775.12,68.919
1790362680000,775.13,775.13,775.12,775.12,11.545
1790362740000,775.13,775.13,775.03,775.04,2.299
1790362800000,775.04,775.15,774.85,774.86,31.248
1790362860000,774.86,775.1,774.72,774.97,116.511
1790362920000,774.96,774.97,774.65,774.65,48.626
1790362980000,774.65,774.65,774.5,774.53,7.948
1790363040000,774.53,774.53,774.44,774.44,11.037
1790363100000,774.45,774.7,774.44,774.69,47.815
1790363160000,774.7,774.72,774.61,774.61,12.121
1790363220000,774.62,774.91,774.54,774.8,66.228
1790363280000,774.8,775.32,774.72,775.32,26.235
1790363340000,775.32,775.38,774.61,774.83,240.549
1790363400000,774.82,774.99,774.73,774.99,42.532
1790363460000,774.99,775.4,774.99,775.18,15.599
1790363520000,775.18,775.18,775.11,775.14,10.571
1790363580000,775.15,775.59,775.15,775.59,62.747
1790363640000,775.6,775.61,775.56,775.57,25.544
1790363700000,775.57,775.57,775.24,775.25,27.783
1790363760000,775.25,775.25,774.87,774.88,11.837
1790363820000,774.87,775.23,774.87,774.94,38.605
1790363880000,774.93,775.18,774.93,775.11,24.039
1790363940000,775.11,775.17,774.88,775.12,32.717
1790364000000,775.12,775.41,775.05,775.33,11.131
1790364060000,775.32,775.41,775.2,775.23,14.191
1790364120000,775.23,775.41,775.21,775.26,14.156
1790364180000,775.26,775.26,775.2,775.2,3.165
1790364240000,775.21,775.27,774.81,774.81,51.481
1790364300000,774.8,774.89,774.67,774.78,59.625
1790364360000,774.79,774.83,774.76,774.76,3.113
1790364420000,774.77,775.12,774.77,774.87,18.132
1790364480000,774.88,774.88,774.87,774.88,3.973
1790364540000,774.88,775.23,774.88,775.21,19.734
1790364600000,775.21,775.26,775.08,775.11,4.74
1790364660000,775.1,775.15,774.88,775.0,17.091
1790364720000,774.99,775.14,774.91,775.02,5.221
1790364780000,775.03,775.11,774.96,775.08,5.753
1790364840000,775.07,775.07,774.94,774.94,4.786
1790364900000,774.94,774.96,774.88,774.96,3.554
1790364960000,774.96,775.35,774.95,775.34,23.523
1790365020000,775.35,775.62,775.25,775.61,30.082
1790365080000,775.61,775.74,775.52,775.52,17.284
1790365140000,775.52,775.52,774.97,774.97,85.426
1790365200000,774.97,774.98,774.87,774.88,12.263
1790365260000,774.88,774.88,774.56,774.57,24.958
1790365320000,774.57,774.62,774.56,774.61,23.966
1790365380000,774.6,774.99,774.6,774.99,5.238
1790365440000,775.0,775.08,775.0,775.08,8.054
1790365500000,775.08,775.33,775.07,775.33,13.349
1790365560000,775.33,776.0,775.33,775.99,25.065
1790365620000,776.0,776.05,775.89,775.9,12.191
1790365680000,775.89,776.17,775.89,775.95,34.114
1790365740000,775.94,775.94,775.49,775.59,26.107
1790365800000,775.6,775.81,775.6,775.76,13.974
1790365860000,775.76,775.81,775.57,775.62,5.768
1790365920000,775.63,775.63,775.56,775.61,10.154
1790365980000,775.6,775.61,775.31,775.47,20.967
1790366040000,775.47,775.53,775.41,775.41,7.699
1790366100000,775.41,775.52,775.36,775.39,6.923
1790366160000,775.38,775.4,775.18,775.33,6.184
1790366220000,775.33,775.47,775.33,775.42,5.939
1790366280000,775.42,775.42,775.28,775.37,4.619
1790366340000,775.37,775.61,775.13,775.13,53.492
1790366400000,775.13,775.39,775.05,775.07,39.148
1790366460000,775.07,775.25,775.06,775.16,52.677
1790366520000,775.15,775.3,775.06,775.25,131.95
1790366580000,775.25,775.25,775.06,775.06,12.498
1790366640000,775.07,775.23,774.71,775.04,63.376
1790366700000,775.04,775.04,774.91,774.94,9.263
1790366760000,774.93,775.02,774.92,775.02,9.555
1790366820000,775.02,775.02,775.0,775.01,8.924
1790366880000,775.01,775.02,774.96,774.96,58.268
1790366940000,774.96,775.16,774.96,775.13,132.386
1790367000000,775.14,775.14,774.64,774.64,63.183
1790367060000,774.64,774.67,774.63,774.67,14.271
1790367120000,774.67,774.67,774.61,774.64,22.439
1790367180000,774.64,774.64,774.63,774.64,1.672
1790367240000,774.64,774.64,774.63,774.63,5.889
1790367300000,774.64,774.64,774.62,774.62,3.287
1790367360000,774.62,774.82,774.62,774.82,66.802
1790367420000,774.81,774.96,774.81,774.84,43.04
1790367480000,774.84,775.12,774.84,775.12,48.396
1790367540000,775.12,775.26,775.11,775.17,40.397
1790367600000,775.18,775.18,775.17,775.18,15.002
1790367660000,775.18,775.18,774.65,774.65,17.955
1790367720000,774.64,775.02,774.64,775.02,106.78
1790367780000,775.03,775.27,775.02,775.27,61.934
1790367840000,775.27,775.64,775.26,775.59,65.715
1790367900000,775.6,775.6,775.39,775.4,18.326
1790367960000,775.4,775.6,775.4,775.6,38.854
1790368020000,775.6,775.6,775.5,775.5,4.33
1790368080000,775.51,775.51,775.45,775.46,39.533
1790368140000,775.46,775.46,775.4,775.41,3.682
1790368200000,775.41,775.43,775.35,775.35,30.998
1790368260000,775.36,775.36,775.35,775.35,7.183
1790368320000,775.36,775.59,775.35,775.59,46.917
1790368380000,775.6,775.75,775.6,775.75,44.449
1790368440000,775.75,775.75,775.74,775.75,4.066
1790368500000,775.75,775.75,775.4,775.4,23.545
1790368560000,775.39,775.42,775.39,775.42,25.937
1790368620000,775.42,775.64,775.41,775.64,34.695
1790368680000,775.63,776.15,775.41,776.15,93.754
1790368740000,776.16,776.16,775.85,775.99,70.221
1790368800000,775.99,776.1,775.7,775.71,14.505
1790368860000,775.71,775.71,775.15,775.15,49.157
1790368920000,775.16,775.34,775.16,775.34,33.057
1790368980000,775.33,775.69,775.33,775.67,69.365
1790369040000,775.68,775.68,775.46,775.67,52.45
1790369100000,775.68,775.68,775.33,775.34,5.484
1790369160000,775.34,775.34,774.88,775.05,173.925
1790369220000,775.05,775.05,774.89,775.0,25.539
1790369280000,775.0,775.03,775.0,775.03,20.906
1790369340000,775.02,775.03,774.84,774.85,5.789
1790369400000,774.85,774.85,774.27,774.28,16.1
1790369460000,774.28,774.54,774.22,774.45,175.791
1790369520000,774.44,774.6,774.21,774.46,79.793
1790369580000,774.45,774.45,774.21,774.21,19.791
1790369640000,774.21,774.21,773.67,773.7,60.659
1790369700000,773.7,773.78,773.2,773.21,103.696
1790369760000,773.21,773.24,772.88,773.1,62.446
1790369820000,773.1,773.28,773.01,773.01,46.155
1790369880000,773.01,773.07,773.01,773.07,35.123
1790369940000,773.07,773.14,773.06,773.14,67.732
1790370000000,773.14,773.37,773.01,773.37,88.393
1790370060000,773.37,773.38,773.13,773.13,22.338
1790370120000,773.13,773.13,772.88,773.04,100.577
1790370180000,773.04,773.04,772.76,772.76,28.617
1790370240000,772.76,772.76,772.31,772.64,79.735
1790370300000,772.64,772.66,772.01,772.01,75.137
1790370360000,772.01,772.27,771.76,772.0,127.97
1790370420000,771.99,772.13,771.67,771.69,33.559
1790370480000,771.69,772.0,771.69,772.0,70.45
1790370540000,772.0,772.24,772.0,772.11,41.73
1790370600000,772.12,772.16,771.94,772.16,39.943
1790370660000,772.16,772.16,772.13,772.16,45.621
1790370720000,772.15,772.15,772.12,772.15,14.914
1790370780000,772.14,772.15,772.0,772.0,14.17
1790370840000,772.01,772.01,771.83,771.84,29.964
1790370900000,771.83,771.84,771.79,771.79,7.018
1790370960000,771.78,771.79,771.29,771.55,145.622
1790371020000,771.54,771.72,771.42,771.72,83.153
1790371080000,771.71,771.72,771.44,771.46,54.679
1790371140000,771.46,771.55,771.46,771.48,8.452
1790371200000,771.48,771.74,771.47,771.74,133.289
1790371260000,771.73,772.29,771.73,772.29,54.793
1790371320000,772.28,772.29,772.1,772.1,15.108
1790371380000,772.1,772.27,771.83,772.26,35.988
1790371440000,772.27,772.56,772.26,772.53,60.209
1790371500000,772.52,772.52,772.13,772.13,28.214
1790371560000,772.13,772.32,772.13,772.24,16.583
1790371620000,772.24,772.62,772.24,772.62,16.204
1790371680000,772.63,772.94,772.63,772.94,27.444
1790371740000,772.94,772.94,772.92,772.92,9.933
1790371800000,772.93,773.0,772.92,773.0,9.358
1790371860000,773.0,773.04,772.99,773.03,9.358
1790371920000,773.04,773.34,772.92,772.92,96.77
1790371980000,772.91,772.92,772.42,772.43,12.655
1790372040000,772.43,772.44,772.15,772.44,26.422
1790372100000,772.44,772.59,772.43,772.59,22.086
1790372160000,772.59,772.73,772.59,772.7,7.015
1790372220000,772.7,772.7,771.93,772.13,93.282
1790372280000,772.12,772.48,772.09,772.48,5.993
1790372340000,772.47,772.48,772.47,772.48,2.082
1790372400000,772.48,772.72,772.48,772.65,46.09
1790372460000,772.66,772.71,772.65,772.71,44.03
1790372520000,772.71,772.71,772.7,772.7,0.81
1790372580000,772.71,773.09,772.71,772.89,87.042
1790372640000,772.89,772.89,772.56,772.8,13.343
1790372700000,772.81,772.81,772.55,772.56,8.141
1790372760000,772.56,772.81,772.56,772.81,9.306
1790372820000,772.81,772.81,772.63,772.69,19.377
1790372880000,772.69,772.73,772.67,772.73,15.342
1790372940000,772.73,772.94,772.73,772.94,11.525
1790373000000,772.94,773.06,772.94,773.06,2.397
1790373060000,773.05,773.06,773.05,773.06,5.366
1790373120000,773.05,773.19,773.05,773.12,8.69
1790373180000,773.11,773.11,772.78,772.78,14.036
1790373240000,772.78,772.87,772.66,772.87,18.496
1790373300000,772.88,772.94,772.87,772.94,3.171
1790373360000,772.94,773.02,772.79,773.02,19.876
1790373420000,773.02,773.02,772.62,772.74,4.794
1790373480000,772.75,773.07,772.75,772.83,21.048
1790373540000,772.83,773.05,772.58,772.88,25.834
1790373600000,772.88,773.06,772.78,772.79,26.752
1790373660000,772.77,772.89,772.61,772.89,11.842
1790373720000,772.89,773.1,772.89,773.09,6.805
1790373780000,773.09,773.37,773.09,773.34,10.887
1790373840000,773.34,773.53,773.33,773.52,8.297
1790373900000,773.53,773.98,773.53,773.98,14.714
1790373960000,773.99,774.0,773.98,774.0,8.431
1790374020000,774.0,774.05,773.85,773.86,29.793
1790374080000,773.86,773.99,773.85,773.99,9.822
1790374140000,773.99,774.07,773.98,774.07,3.755
1790374200000,774.07,774.2,774.06,774.2,9.208
1790374260000,774.2,774.26,774.12,774.13,13.42
1790374320000,774.13,774.31,774.12,774.3,15.744
1790374380000,774.3,774.31,774.19,774.31,6.952
1790374440000,774.3,774.31,774.17,774.17,6.852
1790374500000,774.16,774.27,774.12,774.13,11.424
1790374560000,774.13,774.25,774.13,774.25,21.057
1790374620000,774.25,774.41,774.25,774.41,16.342
1790374680000,774.4,774.4,774.24,774.31,26.23
1790374740000,774.3,774.69,774.3,774.69,52.613
1790374800000,774.68,774.72,774.32,774.33,10.553
1790374860000,774.33,774.35,774.25,774.35,15.133
1790374920000,774.36,774.61,774.36,774.57,20.469
1790374980000,774.56,774.7,774.52,774.62,18.841
1790375040000,774.62,774.7,774.62,774.69,7.955
1790375100000,774.69,774.74,774.69,774.7,83.542
1790375160000,774.69,774.7,774.63,774.64,20.631
1790375220000,774.64,774.64,774.63,774.64,5.363
1790375280000,774.63,774.63,774.24,774.33,33.908
1790375340000,774.34,774.59,774.34,774.59,16.269
1790375400000,774.59,774.81,774.59,774.81,27.125
1790375460000,774.8,775.19,774.8,775.19,22.597
1790375520000,775.2,775.2,775.1,775.12,22.704
1790375580000,775.12,775.41,775.12,775.41,38.417
1790375640000,775.41,775.68,775.4,775.6,45.205
1790375700000,775.6,775.7,775.59,775.7,5.891
1790375760000,775.7,775.97,775.69,775.97,123.969
1790375820000,775.97,776.0,775.74,775.74,30.951
1790375880000,775.74,775.92,775.7,775.8,37.099
1790375940000,775.8,775.97,775.8,775.97,17.71
1790376000000,775.96,776.17,775.96,776.17,39.297
1790376060000,776.16,776.23,776.0,776.13,29.68
1790376120000,776.13,776.23,776.04,776.16,58.28
1790376180000,776.16,776.4,776.04,776.4,26.982
1790376240000,776.4,776.42,776.24,776.42,30.932
1790376300000,776.42,776.49,776.42,776.49,5.712
1790376360000,776.49,776.65,776.48,776.64,23.6
1790376420000,776.65,776.71,776.64,776.71,16.69
1790376480000,776.71,777.0,776.7,776.87,135.997
1790376540000,776.87,776.88,776.7,776.88,30.548
1790376600000,776.88,777.0,776.71,776.71,33.875
1790376660000,776.72,776.91,776.66,776.66,32.407
1790376720000,776.67,776.83,776.53,776.83,25.891
1790376780000,776.83,776.93,776.72,776.73,28.095
1790376840000,776.73,776.73,776.72,776.73,6.203
1790376900000,776.73,776.94,776.72,776.93,12.498
1790376960000,776.93,776.97,776.9,776.91,11.819
1790377020000,776.91,776.96,776.63,776.63,32.526
1790377080000,776.64,776.64,776.22,776.38,118.315
1790377140000,776.38,776.44,776.34,776.38,94.354
1790377200000,776.38,776.55,776.38,776.52,5.535
1790377260000,776.52,776.52,776.24,776.33,17.113
1790377320000,776.34,776.34,776.21,776.21,13.87
1790377380000,776.22,776.56,776.22,776.56,19.217
1790377440000,776.56,776.74,776.56,776.73,24.936
1790377500000,776.74,776.74,776.64,776.65,10.935
1790377560000,776.65,776.69,776.55,776.55,18.411
1790377620000,776.56,776.56,776.33,776.33,16.444
1790377680000,776.33,776.51,776.14,776.51,35.789
1790377740000,776.5,776.51,776.5,776.5,9.055
1790377800000,776.5,776.65,776.32,776.5,93.478
1790377860000,776.5,776.57,776.49,776.57,6.642
1790377920000,776.57,776.65,776.56,776.65,20.558
1790377980000,776.65,776.65,776.53,776.54,18.305
1790378040000,776.54,776.56,776.49,776.55,11.653
1790378100000,776.56,776.64,776.56,776.6,35.563
1790378160000,776.6,776.87,776.6,776.87,37.225
1790378220000,776.86,776.87,776.75,776.76,10.215
1790378280000,776.75,777.07,776.75,777.07,134.519
1790378340000,777.06,777.99,777.06,777.75,454.386
1790378400000,777.73,777.74,777.48,777.48,107.533
1790378460000,777.47,777.47,777.29,777.35,25.265
1790378520000,777.35,777.36,777.29,777.29,11.373
1790378580000,777.3,777.36,777.29,777.35,30.898
1790378640000,777.35,777.36,777.29,777.32,17.348
1790378700000,777.32,777.33,777.25,777.28,11.924
1790378760000,777.28,777.48,777.27,777.48,74.412
1790378820000,777.47,777.49,777.35,777.36,31.283
1790378880000,777.36,777.36,777.24,777.24,35.71
1790378940000,777.24,777.53,777.24,777.52,32.036
1790379000000,777.52,777.52,777.31,777.32,51.6
1790379060000,777.32,777.35,777.31,777.31,21.366
1790379120000,777.31,777.38,777.31,777.37,31.975
1790379180000,777.38,777.38,777.31,777.31,33.679
1790379240000,777.31,777.32,777.06,777.07,14.189
1790379300000,777.07,777.07,777.0,777.01,19.609
1790379360000,777.01,777.16,777.0,777.01,23.894
1790379420000,777.0,777.07,776.87,777.06,22.284
1790379480000,777.07,777.11,777.06,777.11,12.693
1790379540000,777.11,777.19,777.11,777.19,28.145
1790379600000,777.19,777.27,777.18,777.27,18.65
1790379660000,777.27,777.44,777.26,777.44,24.806
1790379720000,777.44,777.44,777.43,777.44,15.62
1790379780000,777.44,777.44,777.19,777.2,55.835
1790379840000,777.2,777.32,777.19,777.32,21.977
1790379900000,777.33,777.33,777.2,777.2,23.306
1790379960000,777.21,777.41,777.21,777.4,76.211
1790380020000,777.41,777.45,777.4,777.45,119.158
1790380080000,777.45,777.53,777.43,777.44,37.873
1790380140000,777.44,777.44,777.38,777.38,28.032
1790380200000,777.38,777.39,776.99,776.99,77.681
1790380260000,776.99,776.99,776.77,776.77,29.946
1790380320000,776.77,776.98,776.76,776.98,29.895
1790380380000,776.98,777.16,776.93,777.01,37.852
1790380440000,777.0,777.0,776.96,777.0,10.251
1790380500000,777.0,777.04,776.97,776.98,26.29
1790380560000,776.98,777.0,776.97,777.0,3.396
1790380620000,776.99,777.0,776.99,776.99,26.069
1790380680000,777.0,777.0,776.99,777.0,10.64
1790380740000,777.0,777.23,777.0,777.13,40.631
1790380800000,777.14,777.23,777.14,777.14,42.858
1790380860000,777.14,777.14,777.12,777.12,13.879
1790380920000,777.13,777.13,776.68,776.73,95.152
1790380980000,776.73,776.96,776.73,776.95,27.786
1790381040000,776.95,776.96,776.75,776.76,47.673
1790381100000,776.76,777.09,776.76,777.06,141.602
1790381160000,777.07,777.57,777.07,777.27,290.473
1790381220000,777.28,777.73,777.17,777.62,96.101
1790381280000,777.63,778.08,777.63,778.03,581.708
1790381340000,778.02,778.02,777.47,777.47,69.217
1790381400000,777.48,777.49,777.31,777.48,120.011
1790381460000,777.49,777.73,777.43,777.72,69.162
1790381520000,777.73,777.73,777.37,777.38,37.927
1790381580000,777.38,777.74,777.25,777.64,40.915
1790381640000,777.65,777.65,777.36,777.37,15.905
1790381700000,777.37,777.59,777.36,777.54,19.38
1790381760000,777.54,777.54,777.11,777.11,39.891
1790381820000,777.12,777.4,777.12,777.37,35.279
1790381880000,777.37,777.49,777.37,777.46,26.035
1790381940000,777.46,777.47,777.25,777.26,22.963
1790382000000,777.25,777.54,777.25,777.54,25.841
1790382060000,777.54,777.71,777.53,777.7,15.955
1790382120000,777.71,777.71,777.3,777.48,18.868
1790382180000,777.49,777.49,777.26,777.28,22.645
1790382240000,777.27,777.32,777.27,777.32,16.725
1790382300000,777.32,777.42,777.19,777.3,131.026
1790382360000,777.3,777.33,777.04,777.13,60.271
1790382420000,777.13,777.21,776.79,777.0,129.893
1790382480000,776.99,777.0,776.84,776.96,111.032
1790382540000,776.96,777.05,776.96,777.0,25.227
1790382600000,776.99,777.04,776.96,777.03,45.728
1790382660000,777.04,777.04,775.99,775.99,296.138
1790382720000,775.99,775.99,775.7,775.71,80.242
1790382780000,775.71,775.76,775.43,775.43,45.523
1790382840000,775.42,775.57,775.21,775.42,16.79
1790382900000,775.42,775.5,775.14,775.14,19.107
1790382960000,775.15,775.34,775.0,775.01,15.441
1790383020000,775.0,775.22,774.9,774.9,30.468
1790383080000,774.91,775.16,774.9,775.16,11.055
1790383140000,775.15,775.27,774.9,775.27,115.463
1790383200000,775.27,775.69,775.24,775.69,27.035
1790383260000,775.69,775.75,775.65,775.71,33.494
1790383320000,775.72,776.01,775.71,776.01,52.461
1790383380000,776.01,776.06,775.93,776.0,41.87
1790383440000,776.0,776.0,775.58,775.6,80.942
1790383500000,775.61,775.76,775.61,775.76,40.896
1790383560000,775.76,776.36,775.76,776.36,41.255
1790383620000,776.36,776.46,776.18,776.34,118.914
1790383680000,776.35,776.35,776.02,776.02,42.291
1790383740000,776.01,776.34,776.0,776.34,28.474
1790383800000,776.35,776.64,776.35,776.64,7.762
1790383860000,776.63,776.65,776.54,776.64,17.353
1790383920000,776.64,776.65,776.05,776.05,12.71
1790383980000,776.05,776.15,776.04,776.1,6.104
1790384040000,776.09,776.37,776.05,776.14,22.353
1790384100000,776.14,776.63,776.13,776.63,24.577
1790384160000,776.63,776.63,776.19,776.2,25.132
1790384220000,776.2,776.25,776.06,776.06,22.745
1790384280000,776.07,776.07,775.95,775.95,3.342
1790384340000,775.95,776.11,775.82,776.11,30.278
1790384400000,776.1,776.33,775.9,776.21,80.036
1790384460000,776.21,776.53,776.21,776.52,7.268
1790384520000,776.53,776.71,776.45,776.45,18.308
1790384580000,776.46,776.78,776.45,776.78,26.343
1790384640000,776.78,776.78,776.15,776.15,46.491
1790384700000,776.14,776.41,776.07,776.41,29.761
1790384760000,776.41,776.56,776.26,776.52,8.717
1790384820000,776.52,776.52,776.11,776.18,12.021
1790384880000,776.18,776.19,776.06,776.19,5.296
1790384940000,776.19,776.19,775.8,775.81,24.74
1790385000000,775.81,776.16,775.8,776.04,85.07
1790385060000,776.04,776.04,775.92,775.96,8.936
1790385120000,775.97,776.01,775.44,775.68,68.022
1790385180000,775.68,775.72,775.67,775.72,11.217
1790385240000,775.73,775.82,775.73,775.82,5.362
1790385300000,775.81,775.93,775.77,775.9,7.369
1790385360000,775.9,776.38,775.89,776.38,20.879
1790385420000,776.38,776.39,776.28,776.29,10.629
1790385480000,776.28,776.28,775.8,775.85,9.828
1790385540000,775.86,776.23,775.86,775.86,20.212
1790385600000,775.87,776.08,775.87,776.08,37.577
1790385660000,776.08,776.22,776.08,776.17,53.861
1790385720000,776.17,776.28,776.16,776.16,17.228
1790385780000,776.17,776.17,775.66,775.93,18.7
1790385840000,775.92,775.97,775.82,775.85,6.513
1790385900000,775.84,776.01,775.73,775.73,42.438
1790385960000,775.73,775.87,775.61,775.86,5.777
1790386020000,775.85,775.85,775.66,775.73,11.339
1790386080000,775.74,775.74,775.59,775.73,16.94
1790386140000,775.73,775.73,775.28,775.49,96.395
1790386200000,775.49,775.49,775.48,775.48,4.557
1790386260000,775.49,775.79,775.49,775.75,4.554
1790386320000,775.75,775.8,775.7,775.71,10.29
1790386380000,775.7,775.71,775.7,775.71,4.091
1790386440000,775.7,775.8,775.7,775.8,2.772
1790386500000,775.81,775.92,775.78,775.8,17.903
1790386560000,775.8,776.12,775.8,776.12,32.293
1790386620000,776.11,776.23,776.11,776.23,3.356
1790386680000,776.23,776.5,776.23,776.49,70.757
1790386740000,776.48,776.66,776.48,776.66,8.391
1790386800000,776.65,777.0,776.65,776.85,82.146
1790386860000,776.85,777.0,776.76,776.99,78.285
1790386920000,776.99,777.0,776.68,776.68,18.044
1790386980000,776.65,776.65,776.64,776.65,2.701
1790387040000,776.64,776.64,776.48,776.49,7.659
1790387100000,776.49,776.52,776.48,776.52,10.031
1790387160000,776.54,776.93,776.54,776.93,18.872
1790387220000,776.93,777.0,776.8,776.95,48.922
1790387280000,776.94,776.94,776.51,776.51,20.973
1790387340000,776.5,776.5,776.35,776.36,23.158
1790387400000,776.36,776.47,776.36,776.47,11.021
1790387460000,776.46,776.46,776.12,776.13,55.678
1790387520000,776.12,776.36,776.12,776.36,13.451
1790387580000,776.35,776.47,776.35,776.39,13.176
1790387640000,776.39,776.4,776.31,776.4,18.423
1790387700000,776.4,776.54,776.17,776.17,66.161
1790387760000,776.17,776.18,776.0,776.0,13.729
1790387820000,776.0,776.01,775.9,775.9,81.623
1790387880000,775.89,776.0,775.85,776.0,10.283
1790387940000,776.01,776.06,776.0,776.06,16.504
1790388000000,776.06,776.06,775.53,775.54,47.353
1790388060000,775.54,775.54,775.0,775.01,27.088
1790388120000,775.01,775.13,774.81,774.92,28.379
1790388180000,774.92,775.51,774.91,775.51,92.877
1790388240000,775.51,775.51,775.3,775.35,9.42
1790388300000,775.37,775.8,775.37,775.45,9.754
1790388360000,775.45,775.86,775.44,775.86,6.776
1790388420000,775.86,775.87,775.65,775.87,30.703
1790388480000,775.87,775.87,775.6,775.6,27.793
1790388540000,775.61,775.71,775.6,775.71,8.336
1790388600000,775.72,775.95,775.72,775.73,15.678
1790388660000,775.74,775.97,775.73,775.86,37.2
1790388720000,775.87,776.19,775.87,776.13,19.366
1790388780000,776.14,776.21,776.14,776.21,8.02
1790388840000,776.2,776.59,776.2,776.59,28.663
1790388900000,776.59,776.65,776.56,776.57,11.078
1790388960000,776.57,776.8,776.57,776.8,17.405
1790389020000,776.8,776.81,776.45,776.49,15.068
1790389080000,776.48,776.94,776.48,776.93,16.464
1790389140000,776.94,776.94,776.78,776.78,25.529
1790389200000,776.77,776.77,776.36,776.36,58.952
1790389260000,776.37,776.37,776.21,776.21,17.912
1790389320000,776.21,776.3,776.12,776.3,22.196
1790389380000,776.3,776.31,776.01,776.01,12.828
1790389440000,776.01,776.01,775.7,775.7,35.36
1790389500000,775.71,776.25,775.7,776.1,9.395
1790389560000,776.1,776.1,776.0,776.0,10.655
1790389620000,776.01,776.01,776.0,776.0,3.69
1790389680000,776.01,776.1,775.82,775.83,70.33
1790389740000,775.83,775.83,775.7,775.7,4.893
1790389800000,775.71,775.71,775.43,775.44,17.948
1790389860000,775.44,775.68,775.37,775.37,20.847
1790389920000,775.37,775.49,775.37,775.39,3.616
1790389980000,775.39,775.39,775.32,775.33,26.176
1790390040000,775.33,775.65,775.32,775.65,9.431
1790390100000,775.65,775.7,775.39,775.39,7.609
1790390160000,775.4,775.4,775.33,775.34,2.3
1790390220000,775.34,775.54,775.27,775.49,34.183
1790390280000,775.5,775.5,775.36,775.4,32.327
1790390340000,775.39,775.39,774.93,775.1,63.435
1790390400000,775.1,775.39,775.1,775.2,23.967
1790390460000,775.19,775.22,775.09,775.12,20.703
1790390520000,775.12,775.34,775.02,775.34,146.053
1790390580000,775.34,775.41,775.29,775.36,13.89
1790390640000,775.35,775.45,775.2,775.34,46.637
1790390700000,775.33,775.33,775.04,775.18,62.885
1790390760000,775.19,775.38,775.19,775.24,52.179
1790390820000,775.25,775.45,775.25,775.39,11.281
1790390880000,775.38,775.38,775.24,775.25,19.16
1790390940000,775.25,775.49,775.25,775.27,48.382
1790391000000,775.26,775.3,775.26,775.29,7.561
1790391060000,775.3,775.3,775.21,775.21,10.481
1790391120000,775.22,775.22,775.09,775.09,9.302
1790391180000,775.1,775.1,774.74,774.9,82.017
1790391240000,774.9,774.93,774.89,774.93,4.504
1790391300000,774.93,774.93,774.92,774.93,14.038
1790391360000,774.93,775.29,774.92,775.29,16.362
1790391420000,775.29,775.34,775.28,775.34,8.179
1790391480000,775.34,775.34,775.19,775.2,31.003
1790391540000,775.2,775.27,775.1,775.16,20.344
1790391600000,775.16,775.16,775.05,775.08,19.27
1790391660000,775.09,775.09,774.93,774.94,10.164
1790391720000,774.94,774.94,774.89,774.89,11.704
1790391780000,774.9,774.98,774.89,774.98,11.961
1790391840000,774.99,775.21,774.99,775.0,53.746
1790391900000,775.01,775.07,775.0,775.07,12.794
1790391960000,775.07,775.31,775.0,775.31,12.63
1790392020000,775.31,775.31,775.28,775.28,27.482
1790392080000,775.29,775.33,775.28,775.33,14.908
1790392140000,775.33,775.34,775.32,775.34,5.369
1790392200000,775.34,775.34,774.81,774.85,48.923
1790392260000,774.85,774.86,774.55,774.66,36.745
1790392320000,774.65,774.75,774.65,774.74,11.532
1790392380000,774.74,774.75,774.56,774.56,20.929
1790392440000,774.56,774.81,774.55,774.8,13.649
1790392500000,774.8,774.83,774.65,774.65,40.964
1790392560000,774.65,774.75,774.54,774.71,90.597
1790392620000,774.71,774.72,774.55,774.55,36.102
1790392680000,774.54,774.54,774.45,774.53,29.507
1790392740000,774.53,774.66,774.53,774.66,6.041
1790392800000,774.65,774.82,774.65,774.81,9.477
1790392860000,774.82,774.9,774.81,774.9,28.821
1790392920000,774.9,775.0,774.89,775.0,4.556
1790392980000,774.99,775.0,774.46,774.75,218.186
1790393040000,774.75,774.9,774.75,774.9,10.408
1790393100000,774.9,775.06,774.89,774.97,18.232
1790393160000,774.97,775.19,774.96,775.06,94.331
1790393220000,775.06,775.08,774.88,775.01,37.359
1790393280000,775.0,775.25,775.0,775.25,34.352
1790393340000,775.25,775.3,775.25,775.3,7.578
1790393400000,775.29,775.76,775.29,775.75,307.032
1790393460000,775.76,775.82,775.75,775.81,5.658
1790393520000,775.82,775.88,775.79,775.88,43.504
1790393580000,775.87,775.88,775.63,775.64,22.788
1790393640000,775.64,775.64,775.36,775.39,56.782
1790393700000,775.39,775.4,775.38,775.4,15.592
1790393760000,775.39,775.56,775.39,775.41,22.635
1790393820000,775.4,775.41,775.3,775.33,14.189
1790393880000,775.34,775.48,775.33,775.48,7.552
1790393940000,775.48,775.56,775.25,775.25,100.158
1790394000000,775.25,775.25,775.2,775.2,10.194
1790394060000,775.2,775.21,775.13,775.14,27.381
1790394120000,775.13,775.13,774.86,774.86,9.325
1790394180000,774.87,774.87,774.79,774.83,8.569
1790394240000,774.83,774.84,774.69,774.7,15.871
1790394300000,774.69,774.77,774.56,774.63,103.232
1790394360000,774.63,774.64,774.62,774.62,45.287
1790394420000,774.63,774.82,774.62,774.82,3.091
1790394480000,774.81,774.82,774.65,774.66,9.775
1790394540000,774.65,774.66,774.4,774.41,40.06
1790394600000,774.41,774.42,774.41,774.42,18.099
1790394660000,774.42,774.46,774.42,774.46,7.275
1790394720000,774.46,774.46,774.12,774.28,37.235
1790394780000,774.27,774.4,774.27,774.4,18.13
1790394840000,774.4,774.44,774.4,774.44,3.743
1790394900000,774.44,774.44,774.43,774.44,3.846
1790394960000,774.43,774.47,774.43,774.46,20.69
1790395020000,774.47,774.49,774.47,774.49,9.579
1790395080000,774.5,774.5,774.43,774.43,14.726
1790395140000,774.43,774.44,774.15,774.27,37.862
1790395200000,774.27,774.34,774.27,774.34,8.841
1790395260000,774.34,774.77,774.33,774.63,52.174
1790395320000,774.62,774.63,774.34,774.58,51.154
1790395380000,774.59,774.71,774.59,774.7,34.091
1790395440000,774.71,774.71,774.34,774.35,31.004
1790395500000,774.34,774.53,774.3,774.5,26.241
1790395560000,774.5,775.0,774.49,774.8,174.616
1790395620000,774.8,774.8,774.68,774.69,34.326
1790395680000,774.69,774.94,774.68,774.71,105.653
1790395740000,774.72,774.72,774.71,774.71,3.243
1790395800000,774.72,774.72,774.55,774.57,24.275
1790395860000,774.58,774.61,774.57,774.61,14.612
1790395920000,774.62,774.63,774.4,774.46,69.697
1790395980000,774.46,774.62,774.27,774.42,139.81
1790396040000,774.42,774.42,774.41,774.41,3.341
1790396100000,774.42,774.75,774.42,774.75,79.737
1790396160000,774.74,774.77,774.74,774.77,16.857
1790396220000,774.76,774.76,774.6,774.61,46.902
1790396280000,774.61,774.85,774.61,774.85,39.754
1790396340000,774.85,774.99,774.85,774.99,31.797
1790396400000,775.0,775.31,774.99,775.31,45.77
1790396460000,775.31,775.31,774.91,774.91,88.772
1790396520000,774.91,774.92,774.39,774.39,35.712
1790396580000,774.38,774.62,774.3,774.43,65.262
1790396640000,774.41,774.41,774.17,774.18,14.173
1790396700000,774.17,774.29,774.09,774.12,136.975
1790396760000,774.11,774.12,773.81,773.81,73.602
1790396820000,773.81,773.83,773.81,773.82,20.234
1790396880000,773.82,773.83,773.66,773.71,40.97
1790396940000,773.71,773.81,773.57,773.57,19.089
1790397000000,773.57,773.57,773.06,773.39,97.838
1790397060000,773.4,773.61,773.38,773.61,116.014
1790397120000,773.61,773.61,773.6,773.61,12.797
1790397180000,773.61,773.74,773.6,773.73,19.006
1790397240000,773.74,773.92,773.57,773.59,95.697
1790397300000,773.59,773.62,773.58,773.62,18.905
1790397360000,773.61,773.82,773.61,773.82,39.755
1790397420000,773.81,773.82,773.22,773.22,49.776
1790397480000,773.22,773.38,773.22,773.37,19.794
1790397540000,773.38,773.58,773.38,773.57,24.126
1790397600000,773.57,773.63,773.57,773.63,17.108
1790397660000,773.64,773.68,773.63,773.67,15.634
1790397720000,773.67,773.84,773.67,773.77,114.424
1790397780000,773.76,773.87,773.76,773.87,18.727
1790397840000,773.86,774.07,773.86,774.07,39.008
1790397900000,774.06,774.07,773.9,773.9,36.289
1790397960000,773.9,773.91,773.89,773.91,49.564
1790398020000,773.91,774.02,773.9,774.01,21.757
1790398080000,774.01,774.04,774.01,774.04,42.74
1790398140000,774.03,774.04,773.99,774.03,46.938
1790398200000,774.03,774.05,774.03,774.05,11.776
1790398260000,774.04,774.47,774.04,774.2,79.15
1790398320000,774.2,774.21,774.14,774.18,14.479
1790398380000,774.17,774.18,774.08,774.08,4.652
1790398440000,774.07,774.09,774.07,774.09,33.906
1790398500000,774.09,774.11,774.08,774.11,15.913
1790398560000,774.11,774.11,774.1,774.1,15.122
1790398620000,774.1,774.11,774.09,774.11,40.433
1790398680000,774.11,774.28,774.1,774.28,21.534
1790398740000,774.29,774.34,774.29,774.34,4.922
1790398800000,774.35,774.35,774.34,774.35,11.015
1790398860000,774.35,774.35,774.27,774.28,24.984
1790398920000,774.28,774.28,774.22,774.22,9.208
1790398980000,774.22,774.23,774.21,774.21,29.426
1790399040000,774.22,774.22,774.17,774.18,3.728
1790399100000,774.17,774.18,774.1,774.1,76.123
1790399160000,774.1,774.1,774.04,774.05,21.221
1790399220000,774.05,774.05,773.92,773.92,28.369
1790399280000,773.92,774.05,773.91,773.94,23.694
1790399340000,773.95,773.95,773.94,773.95,7.552
1790399400000,773.95,773.95,773.92,773.93,14.262
1790399460000,773.92,773.93,773.79,773.84,66.822
1790399520000,773.85,773.85,773.7,773.71,42.023
1790399580000,773.72,773.78,773.67,773.77,80.57
1790399640000,773.78,773.79,773.77,773.79,9.102
1790399700000,773.78,773.78,773.62,773.65,19.94
1790399760000,773.66,773.66,773.54,773.61,25.311
1790399820000,773.61,773.61,773.6,773.6,3.167
1790399880000,773.6,773.63,773.48,773.48,21.87
1790399940000,773.47,773.57,773.32,773.57,42.365
1790400000000,773.57,773.63,773.52,773.63,29.482
1790400060000,773.63,773.74,773.62,773.74,24.984
1790400120000,773.74,773.75,773.73,773.75,7.082
1790400180000,773.75,773.77,773.74,773.77,11.961
1790400240000,773.77,773.97,773.77,773.97,28.055
1790400300000,773.96,773.97,773.89,773.9,19.391
1790400360000,773.9,773.93,773.89,773.93,15.019
1790400420000,773.94,773.94,773.41,773.42,93.747
1790400480000,773.42,773.42,773.41,773.42,11.372
1790400540000,773.41,773.41,773.24,773.24,26.242
1790400600000,773.24,773.25,773.14,773.15,13.928
1790400660000,773.15,773.16,773.14,773.15,4.965
1790400720000,773.15,773.15,773.0,773.0,37.245
1790400780000,773.0,773.01,773.0,773.0,11.499
1790400840000,773.01,773.01,773.0,773.0,7.277
1790400900000,773.01,773.01,773.0,773.0,120.488
1790400960000,773.01,773.01,772.88,772.93,255.864
1790401020000,772.94,773.26,772.89,773.26,103.141
1790401080000,773.25,773.5,773.25,773.36,158.212
1790401140000,773.36,773.57,773.35,773.56,25.51
1790401200000,773.57,773.57,773.4,773.5,23.953
1790401260000,773.52,773.67,773.52,773.67,27.904
1790401320000,773.67,773.67,773.55,773.55,10.0
1790401380000,773.56,773.56,773.52,773.53,7.208
1790401440000,773.52,773.53,773.51,773.51,20.442
1790401500000,773.51,773.54,773.5,773.53,16.996
1790401560000,773.53,773.66,773.53,773.63,53.368
1790401620000,773.63,773.64,773.37,773.38,15.805
1790401680000,773.37,773.38,773.33,773.33,20.639
1790401740000,773.33,773.43,773.33,773.43,23.013
1790401800000,773.43,773.43,773.41,773.42,21.889
1790401860000,773.42,773.42,773.0,773.0,56.135
1790401920000,773.0,773.01,772.93,772.93,14.497
1790401980000,772.94,772.94,772.91,772.93,9.662
1790402040000,772.92,772.92,772.82,772.82,25.151
1790402100000,772.83,772.96,772.82,772.96,28.607
1790402160000,772.96,772.98,772.96,772.98,6.272
1790402220000,772.98,773.05,772.98,773.05,31.417
1790402280000,773.05,773.05,773.0,773.03,20.39
1790402340000,773.02,773.03,772.88,772.89,31.476
1790402400000,772.89,773.05,772.88,773.03,51.38
1790402460000,773.03,773.03,772.72,772.72,12.861
1790402520000,772.72,772.72,772.4,772.4,152.254
1790402580000,772.4,772.4,772.22,772.36,48.903
1790402640000,772.36,772.78,772.27,772.78,116.44
1790402700000,772.78,772.78,772.74,772.77,45.206
1790402760000,772.77,772.8,772.75,772.76,37.597
1790402820000,772.76,772.76,772.68,772.69,21.174
1790402880000,772.69,772.69,772.46,772.46,15.18
1790402940000,772.47,772.58,772.44,772.57,43.228
1790403000000,772.58,772.71,772.58,772.7,33.494
1790403060000,772.7,772.71,772.68,772.69,13.174
1790403120000,772.69,772.69,772.59,772.6,21.073
1790403180000,772.6,772.6,772.54,772.54,16.767
1790403240000,772.55,772.55,772.33,772.33,28.602
1790403300000,772.34,772.34,772.33,772.33,8.576
1790403360000,772.34,772.34,772.24,772.24,15.499
1790403420000,772.23,772.24,772.03,772.1,50.652
1790403480000,772.09,772.13,772.09,772.13,109.888
1790403540000,772.14,772.31,772.14,772.31,59.017
1790403600000,772.31,772.31,772.2,772.22,30.572
1790403660000,772.22,772.31,772.21,772.3,28.864
1790403720000,772.31,772.53,772.31,772.53,58.251
1790403780000,772.53,772.53,772.45,772.45,52.655
1790403840000,772.45,772.45,772.36,772.45,54.062
1790403900000,772.44,772.45,772.4,772.41,9.206
1790403960000,772.41,772.41,772.16,772.16,66.624
1790404020000,772.17,772.17,772.16,772.17,10.046
1790404080000,772.17,772.27,772.06,772.27,92.461
1790404140000,772.27,772.27,772.26,772.26,18.005
1790404200000,772.27,772.57,772.27,772.45,73.507
1790404260000,772.44,772.44,772.38,772.4,10.515
1790404320000,772.4,772.88,772.39,772.87,43.637
1790404380000,772.87,772.88,772.8,772.88,87.73
1790404440000,772.88,772.88,772.44,772.45,28.636
1790404500000,772.44,772.44,772.14,772.25,59.037
1790404560000,772.25,772.35,772.24,772.35,15.813
1790404620000,772.35,772.39,772.32,772.32,38.913
1790404680000,772.31,772.43,772.31,772.43,15.449
1790404740000,772.43,772.48,772.41,772.47,33.227
1790404800000,772.47,772.6,772.45,772.52,22.782
1790404860000,772.52,772.52,772.2,772.24,126.882
1790404920000,772.25,772.48,772.24,772.47,25.131
1790404980000,772.48,772.48,772.4,772.48,34.957
1790405040000,772.47,772.61,772.47,772.6,14.046
1790405100000,772.6,772.64,772.6,772.61,7.663
1790405160000,772.61,772.61,772.6,772.61,14.014
1790405220000,772.61,772.61,772.44,772.5,20.43
1790405280000,772.51,772.81,772.51,772.66,81.884
1790405340000,772.67,772.84,772.67,772.75,19.456
1790405400000,772.75,772.83,772.74,772.77,40.426
1790405460000,772.78,772.78,772.67,772.68,4.929
1790405520000,772.68,772.68,772.67,772.67,9.394
1790405580000,772.68,772.68,772.39,772.4,67.969
1790405640000,772.4,772.4,772.39,772.39,5.895
1790405700000,772.39,772.45,772.39,772.44,35.24
1790405760000,772.45,772.45,772.44,772.44,5.715
1790405820000,772.45,772.45,772.11,772.39,169.632
1790405880000,772.4,772.46,772.21,772.21,27.372
1790405940000,772.21,772.27,772.02,772.23,61.531
1790406000000,772.24,772.26,772.2,772.25,14.075
1790406060000,772.25,772.59,772.24,772.59,23.48
1790406120000,772.59,772.59,772.42,772.42,11.316
1790406180000,772.43,772.83,772.42,772.83,92.395
1790406240000,772.83,772.94,772.82,772.94,25.221
1790406300000,772.94,773.09,772.94,773.09,15.636
1790406360000,773.08,773.24,773.08,773.17,55.365
1790406420000,773.17,773.31,773.16,773.22,44.722
1790406480000,773.22,773.3,773.22,773.26,31.782
1790406540000,773.27,773.27,772.97,773.08,122.257
1790406600000,773.08,773.12,773.0,773.0,34.546
1790406660000,773.0,773.4,773.0,773.29,81.638
1790406720000,773.3,773.41,773.3,773.41,21.268
1790406780000,773.4,773.41,773.34,773.34,19.817
1790406840000,773.35,773.42,773.34,773.41,14.534
1790406900000,773.42,773.49,773.25,773.31,33.315
1790406960000,773.3,773.6,773.27,773.53,60.477
1790407020000,773.52,773.53,773.41,773.48,26.403
1790407080000,773.48,773.54,773.46,773.54,50.795
1790407140000,773.53,773.62,773.53,773.61,10.307
1790407200000,773.62,773.62,773.58,773.59,12.276
1790407260000,773.59,773.59,773.58,773.59,18.391
1790407320000,773.58,773.59,773.46,773.46,72.129
1790407380000,773.46,773.58,773.46,773.58,30.989
1790407440000,773.58,773.58,773.46,773.47,23.025
1790407500000,773.46,773.47,773.33,773.34,186.766
1790407560000,773.33,773.34,773.2,773.23,50.8
1790407620000,773.24,773.24,773.23,773.23,26.296
1790407680000,773.23,773.24,773.23,773.23,17.783
1790407740000,773.23,773.32,773.23,773.32,33.871
1790407800000,773.31,773.4,773.31,773.4,32.806
1790407860000,773.39,773.4,773.27,773.27,22.846
1790407920000,773.27,773.31,773.27,773.31,17.519
1790407980000,773.3,773.31,773.15,773.15,14.237
1790408040000,773.15,773.16,773.15,773.15,12.408
1790408100000,773.16,773.25,773.15,773.24,23.865
1790408160000,773.25,773.39,773.24,773.25,99.241
1790408220000,773.25,773.28,773.24,773.27,15.934
1790408280000,773.28,773.49,773.26,773.48,31.225
1790408340000,773.48,773.52,773.48,773.51,26.464
1790408400000,773.51,773.52,773.51,773.52,7.607
1790408460000,773.52,773.71,773.51,773.56,178.288
1790408520000,773.57,773.57,773.56,773.57,8.934
1790408580000,773.57,773.57,773.51,773.51,38.68
1790408640000,773.52,773.52,773.51,773.51,24.064
1790408700000,773.52,773.52,773.45,773.47,36.558
1790408760000,773.47,773.49,773.46,773.47,26.139
1790408820000,773.47,773.75,773.46,773.65,85.332
1790408880000,773.65,773.66,773.56,773.56,11.002
1790408940000,773.57,773.57,773.56,773.56,33.793
1790409000000,773.57,773.57,773.56,773.57,16.957
1790409060000,773.57,773.57,773.38,773.39,43.113
1790409120000,773.38,773.39,773.38,773.38,8.988
1790409180000,773.39,773.4,773.3,773.39,38.572
1790409240000,773.4,773.4,773.39,773.39,11.698
1790409300000,773.4,773.72,773.4,773.6,91.912
1790409360000,773.61,773.62,773.54,773.61,30.291
1790409420000,773.62,773.69,773.61,773.68,42.469
1790409480000,773.69,773.69,773.68,773.69,6.266
1790409540000,773.68,773.72,773.68,773.72,36.038
1790409600000,773.72,773.72,773.56,773.64,78.589
1790409660000,773.63,773.96,773.45,773.45,147.201
1790409720000,773.44,773.44,773.14,773.14,60.731
1790409780000,773.15,773.17,773.14,773.17,19.645
1790409840000,773.16,773.17,773.08,773.09,12.47
1790409900000,773.08,773.08,773.0,773.01,19.893
1790409960000,773.0,773.01,772.92,772.92,36.02
1790410020000,772.92,772.93,772.75,772.75,35.628
1790410080000,772.75,772.84,772.74,772.84,38.744
1790410140000,772.83,773.01,772.83,773.0,25.628
1790410200000,773.01,773.01,773.0,773.01,10.631
1790410260000,773.0,773.02,773.0,773.01,7.382
1790410320000,773.01,773.02,773.01,773.02,10.021
1790410380000,773.02,773.03,773.02,773.03,17.246
1790410440000,773.03,773.37,773.02,773.37,66.355
1790410500000,773.37,773.65,773.37,773.49,97.311
1790410560000,773.49,773.49,773.47,773.48,49.869
1790410620000,773.48,773.48,773.45,773.46,9.097
1790410680000,773.46,773.46,773.43,773.44,8.264
1790410740000,773.43,773.44,773.43,773.44,4.431
1790410800000,773.44,773.44,773.43,773.43,8.384
1790410860000,773.44,773.44,773.43,773.44,5.774
1790410920000,773.44,773.44,773.37,773.37,17.216
1790410980000,773.38,773.38,773.22,773.22,20.639
1790411040000,773.23,773.32,773.22,773.32,40.482
1790411100000,773.32,773.33,773.22,773.23,16.067
1790411160000,773.23,773.35,773.04,773.35,98.784
1790411220000,773.35,773.42,773.34,773.42,33.928
1790411280000,773.42,773.42,773.41,773.42,10.652
1790411340000,773.42,773.42,773.41,773.42,6.159
1790411400000,773.42,773.52,773.41,773.51,53.678
1790411460000,773.52,773.98,773.51,773.98,52.142
1790411520000,773.98,774.28,773.98,774.28,18.692
1790411580000,774.27,774.35,774.08,774.34,147.75
1790411640000,774.34,774.43,774.22,774.43,27.615
1790411700000,774.43,774.43,774.3,774.3,45.716
1790411760000,774.31,774.5,774.3,774.49,121.058
1790411820000,774.5,774.7,774.5,774.53,46.816
1790411880000,774.54,774.7,774.53,774.7,31.806
1790411940000,774.7,774.7,774.48,774.48,16.293
1790412000000,774.49,774.58,774.11,774.12,82.503
1790412060000,774.12,774.2,774.12,774.19,35.563
1790412120000,774.2,774.3,774.19,774.3,26.332
1790412180000,774.3,774.3,774.24,774.25,33.448
1790412240000,774.25,774.25,774.24,774.24,24.205
1790412300000,774.25,774.25,774.22,774.22,12.413
1790412360000,774.23,774.23,774.09,774.09,37.714
1790412420000,774.1,774.1,773.95,773.95,15.32
1790412480000,773.96,773.96,773.79,773.79,42.044
1790412540000,773.79,773.79,773.54,773.55,120.812
1790412600000,773.55,773.56,773.55,773.55,14.469
1790412660000,773.55,773.56,773.41,773.41,6.333
1790412720000,773.41,773.42,773.41,773.42,8.68
1790412780000,773.42,773.49,773.41,773.49,33.45
1790412840000,773.49,773.49,773.48,773.48,10.858
1790412900000,773.48,773.63,773.48,773.63,82.615
1790412960000,773.63,773.63,773.62,773.63,7.799
1790413020000,773.63,773.63,773.62,773.62,8.831
1790413080000,773.63,773.64,773.58,773.59,83.132
1790413140000,773.59,773.59,773.4,773.41,19.652
1790413200000,773.41,773.43,773.4,773.43,9.201
1790413260000,773.43,773.43,773.42,773.43,18.21
1790413320000,773.43,773.44,773.42,773.43,10.971
1790413380000,773.43,773.43,773.18,773.19,63.687
1790413440000,773.19,773.32,773.18,773.32,82.111
1790413500000,773.31,773.4,773.31,773.4,15.672
1790413560000,773.4,773.52,773.39,773.39,14.794
1790413620000,773.4,773.48,773.39,773.47,20.375
1790413680000,773.47,773.49,773.47,773.48,12.652
1790413740000,773.49,773.49,773.39,773.4,35.74
1790413800000,773.39,773.4,772.65,772.9,208.66
1790413860000,772.9,772.9,772.47,772.53,20.858
1790413920000,772.52,772.53,772.11,772.11,47.785
1790413980000,772.1,772.25,771.56,771.56,183.209
1790414040000,771.55,771.81,771.15,771.65,165.809
1790414100000,771.65,771.65,771.1,771.15,247.871
1790414160000,771.16,771.42,771.05,771.05,55.906
1790414220000,771.05,771.1,770.96,771.1,53.847
1790414280000,771.11,771.18,771.05,771.1,123.006
1790414340000,771.1,771.23,771.1,771.12,97.363
1790414400000,771.12,771.12,770.87,770.88,53.314
1790414460000,770.88,771.03,770.84,770.84,121.749
1790414520000,770.85,771.03,770.84,771.03,49.713
1790414580000,771.03,771.1,770.98,771.0,16.269
1790414640000,771.0,771.12,770.74,770.74,59.448
1790414700000,770.75,770.8,770.66,770.8,58.105
1790414760000,770.8,770.8,770.63,770.71,111.894
1790414820000,770.71,770.98,770.71,770.98,22.286
1790414880000,770.98,771.02,770.84,770.84,24.941
1790414940000,770.85,770.85,770.68,770.69,50.785
1790415000000,770.68,770.75,770.61,770.62,26.964
1790415060000,770.61,770.62,770.39,770.59,64.02
1790415120000,770.59,770.59,770.4,770.52,46.081
1790415180000,770.52,770.52,770.39,770.43,75.49
1790415240000,770.42,770.71,770.42,770.71,132.608
1790415300000,770.7,770.72,770.4,770.56,123.933
1790415360000,770.56,770.56,770.34,770.47,62.438
1790415420000,770.48,770.52,770.47,770.52,31.691
1790415480000,770.51,770.52,770.36,770.39,41.51
1790415540000,770.39,770.72,770.38,770.72,100.029
1790415600000,770.73,770.97,770.58,770.68,174.155
1790415660000,770.68,770.84,770.67,770.84,37.766
1790415720000,770.84,771.02,770.83,770.86,58.953
1790415780000,770.85,771.03,770.85,771.03,30.119
1790415840000,771.03,771.08,770.97,771.08,50.07
1790415900000,771.07,771.47,771.07,771.45,48.65
1790415960000,771.45,771.45,771.31,771.32,10.66
1790416020000,771.32,771.54,771.31,771.49,16.981
1790416080000,771.49,771.49,771.2,771.25,24.269
1790416140000,771.26,771.43,771.25,771.27,11.925
1790416200000,771.27,771.35,771.27,771.31,16.148
1790416260000,771.32,771.32,771.04,771.09,92.459
1790416320000,771.08,771.32,771.08,771.32,31.642
1790416380000,771.32,771.41,771.32,771.41,12.577
1790416440000,771.41,771.41,771.26,771.26,51.687
1790416500000,771.26,771.33,771.25,771.33,33.63
1790416560000,771.33,771.4,771.32,771.4,20.708
1790416620000,771.4,771.53,771.39,771.4,30.759
1790416680000,771.4,771.4,771.3,771.31,15.21
1790416740000,771.31,771.42,771.3,771.42,20.107
1790416800000,771.43,771.57,771.42,771.54,6.561
1790416860000,771.53,771.56,771.53,771.55,11.736
1790416920000,771.56,771.86,771.56,771.81,36.02
1790416980000,771.81,772.0,771.8,771.91,20.595
1790417040000,771.91,772.14,771.91,772.13,10.078
1790417100000,772.14,772.14,772.02,772.03,14.3
1790417160000,772.03,772.15,772.02,772.08,42.106
1790417220000,772.09,772.12,772.08,772.12,19.244
1790417280000,772.12,772.12,772.11,772.11,6.448
1790417340000,772.12,772.53,772.11,772.48,71.416
1790417400000,772.49,772.49,772.48,772.49,18.959
1790417460000,772.48,772.51,772.48,772.51,12.737
1790417520000,772.51,772.61,772.5,772.6,13.256
1790417580000,772.6,772.63,772.6,772.63,5.805
1790417640000,772.63,772.63,772.49,772.56,90.218
1790417700000,772.55,772.56,772.55,772.55,2.791
1790417760000,772.56,772.71,772.55,772.7,18.665
1790417820000,772.71,772.81,772.7,772.81,16.228
1790417880000,772.8,773.0,772.8,773.0,14.918
1790417940000,772.99,773.21,772.99,773.21,22.22
1790418000000,773.21,773.25,773.2,773.24,21.356
1790418060000,773.24,773.51,773.24,773.5,22.081
1790418120000,773.5,773.51,773.24,773.26,40.111
1790418180000,773.26,773.26,773.18,773.24,9.793
1790418240000,773.25,773.42,773.25,773.42,24.014
1790418300000,773.41,773.42,773.29,773.3,23.073
1790418360000,773.3,773.3,773.29,773.3,30.479
1790418420000,773.3,773.32,773.29,773.32,15.009
1790418480000,773.32,773.32,773.31,773.32,8.495
1790418540000,773.31,773.38,773.31,773.37,8.533
1790418600000,773.37,773.38,773.24,773.25,28.106
1790418660000,773.25,773.26,773.21,773.26,37.942
1790418720000,773.26,773.33,773.25,773.28,12.035
1790418780000,773.28,773.29,773.28,773.29,3.198
1790418840000,773.28,773.35,773.18,773.18,15.178
1790418900000,773.18,773.29,773.18,773.28,42.718
1790418960000,773.29,773.29,773.19,773.19,12.083
1790419020000,773.2,773.2,773.19,773.19,8.899
1790419080000,773.2,773.2,773.06,773.07,26.956
1790419140000,773.07,773.39,773.06,773.38,79.502
1790419200000,773.38,773.39,773.38,773.39,10.823
1790419260000,773.39,773.45,773.38,773.44,42.244
1790419320000,773.45,773.45,773.23,773.37,81.538
1790419380000,773.37,773.41,772.93,773.22,134.002
1790419440000,773.22,773.49,773.22,773.49,43.234
1790419500000,773.5,773.66,773.49,773.66,200.103
1790419560000,773.66,773.66,773.57,773.66,50.232
1790419620000,773.65,773.69,773.65,773.69,18.163
1790419680000,773.68,773.71,773.65,773.66,14.729
1790419740000,773.65,773.7,773.6,773.6,18.761
1790419800000,773.61,773.99,773.6,773.89,34.532
1790419860000,773.88,773.89,773.84,773.85,6.623
1790419920000,773.84,773.85,773.84,773.85,4.553
1790419980000,773.84,773.85,773.8,773.8,9.037
1790420040000,773.81,773.81,773.68,773.69,11.227
1790420100000,773.68,773.82,773.68,773.82,42.503
1790420160000,773.81,774.0,773.81,773.99,14.066
1790420220000,774.0,774.03,773.99,774.03,7.975
1790420280000,774.03,774.03,773.99,773.99,8.073
1790420340000,773.98,774.03,773.96,774.03,34.699
1790420400000,774.04,774.27,774.04,774.26,11.709
1790420460000,774.27,774.37,773.87,773.98,65.035
1790420520000,773.97,774.12,773.97,774.11,17.23
1790420580000,774.12,774.33,774.11,774.21,29.619
1790420640000,774.2,774.28,774.15,774.27,41.829
1790420700000,774.28,774.33,774.13,774.2,9.715
1790420760000,774.21,774.28,774.2,774.28,13.926
1790420820000,774.27,774.29,774.27,774.29,9.34
1790420880000,774.29,774.53,774.28,774.4,102.211
1790420940000,774.39,774.65,774.39,774.65,43.078
1790421000000,774.64,774.65,774.38,774.39,74.965
1790421060000,774.38,774.49,774.38,774.49,8.842
1790421120000,774.48,774.53,774.48,774.52,27.582
1790421180000,774.53,774.54,774.5,774.53,26.072
1790421240000,774.54,774.59,774.53,774.59,10.334
1790421300000,774.58,774.59,774.58,774.59,15.198
1790421360000,774.58,774.69,774.52,774.69,17.676
1790421420000,774.68,774.71,774.68,774.7,12.676
1790421480000,774.71,774.84,774.7,774.84,12.076
1790421540000,774.83,774.84,774.78,774.78,10.485
1790421600000,774.79,774.79,774.71,774.71,11.825
1790421660000,774.72,774.72,774.71,774.71,15.652
1790421720000,774.72,774.72,774.56,774.56,18.908
1790421780000,774.57,774.7,774.56,774.7,17.65
1790421840000,774.7,774.7,774.69,774.7,7.289
1790421900000,774.69,774.76,774.69,774.75,34.036
1790421960000,774.76,774.76,774.72,774.73,23.299
1790422020000,774.73,774.73,774.6,774.61,43.757
1790422080000,774.6,774.63,774.54,774.55,47.491
1790422140000,774.54,774.58,774.45,774.5,23.284
1790422200000,774.5,774.54,774.49,774.54,20.511
1790422260000,774.54,774.55,774.53,774.55,50.663
1790422320000,774.55,775.13,774.55,775.13,212.733
1790422380000,775.13,775.31,775.13,775.31,21.898
1790422440000,775.31,775.4,775.3,775.39,14.729
1790422500000,775.39,775.79,775.39,775.68,99.948
1790422560000,775.68,775.68,775.67,775.68,21.653
1790422620000,775.67,775.88,775.67,775.88,6.781
1790422680000,775.88,776.0,775.87,775.99,9.283
1790422740000,775.99,776.0,775.99,776.0,5.833
1790422800000,775.99,776.0,775.75,775.98,18.928
1790422860000,775.98,775.99,775.8,775.82,53.141
1790422920000,775.82,775.93,775.82,775.93,15.107
1790422980000,775.94,776.0,775.93,775.96,25.569
1790423040000,775.97,775.97,775.75,775.83,15.571
1790423100000,775.84,775.93,775.84,775.9,19.862
1790423160000,775.9,775.95,775.9,775.95,5.453
1790423220000,775.95,775.95,775.9,775.9,10.021
1790423280000,775.89,775.89,775.55,775.57,57.57
1790423340000,775.57,775.57,775.56,775.57,7.122
1790423400000,775.57,775.57,775.55,775.56,4.929
1790423460000,775.56,775.56,775.55,775.56,14.471
1790423520000,775.56,775.56,775.45,775.46,23.109
1790423580000,775.45,775.46,775.39,775.46,49.831
1790423640000,775.46,775.46,775.43,775.43,6.874
1790423700000,775.41,775.42,775.34,775.35,37.556
1790423760000,775.35,775.44,775.35,775.44,18.062
1790423820000,775.44,775.44,775.28,775.29,59.618
1790423880000,775.29,775.34,775.15,775.23,14.112
1790423940000,775.24,775.39,775.23,775.39,16.624
1790424000000,775.39,775.39,775.38,775.39,12.821
1790424060000,775.39,775.39,775.3,775.31,10.698
1790424120000,775.3,775.31,775.1,775.1,14.781
1790424180000,775.11,775.11,774.82,774.83,20.28
1790424240000,774.82,774.82,774.72,774.73,11.47
1790424300000,774.73,775.14,774.72,775.14,61.541
1790424360000,775.14,775.23,775.1,775.23,65.448
1790424420000,775.23,775.46,775.16,775.17,84.0
1790424480000,775.17,775.3,775.17,775.3,38.282
1790424540000,775.3,775.45,775.22,775.22,72.986
1790424600000,775.2,775.24,775.16,775.19,74.27
1790424660000,775.19,775.22,775.0,775.01,28.102
1790424720000,775.0,775.01,774.93,774.93,14.926
1790424780000,774.91,774.92,774.85,774.9,12.127
1790424840000,774.9,775.07,774.9,775.07,286.655
1790424900000,775.07,775.37,775.06,775.36,27.426
1790424960000,775.37,775.4,775.36,775.4,28.005
1790425020000,775.4,775.57,775.39,775.56,41.527
1790425080000,775.56,776.19,775.51,775.76,384.202
1790425140000,775.76,775.76,775.25,775.25,148.569
1790425200000,775.26,775.35,775.03,775.04,21.052
1790425260000,775.03,775.16,775.0,775.01,17.703
1790425320000,775.01,775.04,775.0,775.04,3.732
1790425380000,775.04,775.04,774.9,774.91,19.758
1790425440000,774.91,774.91,774.83,774.86,49.492
1790425500000,774.86,775.08,774.86,774.96,14.659
1790425560000,774.95,774.95,774.49,774.64,134.711
1790425620000,774.63,774.68,774.58,774.67,7.866
1790425680000,774.68,774.77,774.68,774.76,5.209
1790425740000,774.76,774.77,774.76,774.77,13.847
1790425800000,774.76,774.77,774.75,774.76,20.328
1790425860000,774.76,774.76,774.75,774.76,7.54
1790425920000,774.76,774.76,774.75,774.76,8.777
1790425980000,774.75,774.98,774.75,774.98,14.53
1790426040000,774.98,774.99,774.92,774.93,61.143
1790426100000,774.93,775.06,774.92,775.01,28.727
1790426160000,775.01,775.01,774.97,774.98,5.085
1790426220000,774.98,774.98,774.66,774.67,33.092
1790426280000,774.66,774.66,774.39,774.4,14.375
1790426340000,774.39,774.45,774.39,774.42,82.166
1790426400000,774.42,774.5,774.39,774.4,11.145
1790426460000,774.4,774.4,774.12,774.12,63.393
1790426520000,774.13,774.13,774.12,774.13,14.407
1790426580000,774.12,774.12,774.03,774.03,30.923
1790426640000,774.04,774.04,774.03,774.03,8.245
1790426700000,774.03,774.08,774.03,774.08,24.171
1790426760000,774.08,774.11,774.05,774.06,16.277
1790426820000,774.06,774.27,774.05,774.26,15.713
1790426880000,774.27,774.27,774.26,774.27,7.091
1790426940000,774.26,774.27,774.2,774.21,19.432
1790427000000,774.2,774.21,774.11,774.11,92.643
1790427060000,774.12,774.2,774.1,774.2,41.247
1790427120000,774.2,774.2,774.19,774.2,33.998
1790427180000,774.2,774.2,774.15,774.15,10.487
1790427240000,774.14,774.14,774.01,774.06,23.279
1790427300000,774.06,774.15,774.06,774.15,24.752
1790427360000,774.15,774.15,774.14,774.14,6.204
1790427420000,774.15,774.19,774.09,774.1,11.498
1790427480000,774.09,774.46,774.09,774.36,71.994
1790427540000,774.36,774.36,774.24,774.24,9.017
1790427600000,774.24,774.24,774.1,774.21,15.536
1790427660000,774.21,774.43,774.21,774.31,84.16
1790427720000,774.3,774.57,774.3,774.57,80.452
1790427780000,774.57,774.7,774.25,774.29,52.311
1790427840000,774.28,774.33,774.28,774.32,10.888
1790427900000,774.32,774.47,774.31,774.47,28.346
1790427960000,774.5,774.65,774.46,774.65,14.089
1790428020000,774.65,774.7,774.28,774.33,52.445
1790428080000,774.32,774.42,774.12,774.13,51.038
1790428140000,774.13,774.19,774.12,774.19,10.536
1790428200000,774.19,774.22,773.7,773.7,81.903
1790428260000,773.7,773.76,773.49,773.5,82.106
1790428320000,773.51,773.79,773.18,773.79,153.949
1790428380000,773.78,773.79,773.35,773.52,23.482
1790428440000,773.52,773.63,773.49,773.5,19.526
1790428500000,773.49,773.64,773.3,773.31,94.944
1790428560000,773.3,773.4,773.3,773.39,9.474
1790428620000,773.4,773.56,773.39,773.56,17.324
1790428680000,773.55,773.56,772.46,772.85,578.208
1790428740000,772.86,773.08,772.85,773.08,127.37
1790428800000,773.07,773.44,773.07,773.2,218.262
1790428860000,773.2,773.27,772.99,773.0,94.932
1790428920000,772.99,773.0,772.56,772.57,65.175
1790428980000,772.56,772.57,772.47,772.48,36.734
1790429040000,772.49,772.49,772.38,772.39,43.591
1790429100000,772.39,772.42,772.06,772.25,146.511
1790429160000,772.26,772.32,772.07,772.31,41.022
1790429220000,772.32,772.34,772.01,772.07,75.315
1790429280000,772.07,772.1,771.8,771.89,54.081
1790429340000,771.88,772.72,771.88,772.72,90.632
1790429400000,772.71,772.72,772.38,772.39,12.698
1790429460000,772.38,772.6,772.35,772.48,20.266
1790429520000,772.49,772.49,772.24,772.28,7.457
1790429580000,772.27,772.43,772.25,772.25,4.782
1790429640000,772.25,772.32,771.66,771.73,427.73
1790429700000,771.72,771.9,771.72,771.79,56.131
1790429760000,771.79,772.0,771.76,771.95,18.753
1790429820000,771.94,772.0,771.94,771.99,428.318
1790429880000,772.0,772.0,771.99,771.99,19.997
1790429940000,772.0,772.0,771.95,771.99,47.474
1790430000000,772.0,772.0,771.98,771.99,410.676
1790430060000,771.99,772.39,771.95,772.17,636.666
1790430120000,772.16,772.3,772.16,772.28,38.358
1790430180000,772.27,772.28,772.19,772.19,12.916
1790430240000,772.2,772.2,772.11,772.15,43.683
1790430300000,772.16,772.29,772.12,772.29,20.176
1790430360000,772.29,772.4,772.25,772.39,16.059
1790430420000,772.38,772.64,772.38,772.39,12.304
1790430480000,772.39,772.62,772.3,772.61,37.892
1790430540000,772.62,772.68,772.37,772.38,20.446
1790430600000,772.37,772.76,772.37,772.58,83.744
1790430660000,772.58,772.63,772.34,772.35,148.669
1790430720000,772.35,772.36,772.31,772.36,27.872
1790430780000,772.36,772.41,772.35,772.36,4.487
1790430840000,772.36,772.4,772.28,772.4,29.649
1790430900000,772.41,772.5,772.41,772.5,7.518
1790430960000,772.5,772.64,772.49,772.6,15.737
1790431020000,772.61,772.61,772.47,772.51,10.43
1790431080000,772.52,772.55,772.31,772.45,64.636
1790431140000,772.46,772.69,772.34,772.48,56.257
1790431200000,772.49,772.49,772.06,772.07,80.629
1790431260000,772.07,772.22,772.06,772.21,8.057
1790431320000,772.2,772.22,772.2,772.21,6.779
1790431380000,772.22,772.32,772.21,772.32,8.796
1790431440000,772.31,772.63,772.31,772.55,73.315
1790431500000,772.55,772.55,772.29,772.3,19.645
1790431560000,772.3,772.42,772.29,772.42,72.927
1790431620000,772.42,772.42,772.41,772.42,12.843
1790431680000,772.42,772.42,772.41,772.42,7.14
1790431740000,772.41,772.42,772.41,772.41,12.32
1790431800000,772.42,772.61,772.41,772.61,16.435
1790431860000,772.6,772.65,772.6,772.65,8.064
1790431920000,772.65,772.68,772.58,772.68,19.58
1790431980000,772.67,772.79,772.67,772.78,7.005
1790432040000,772.79,773.16,772.78,773.16,47.778
1790432100000,773.16,773.5,773.15,773.25,120.473
1790432160000,773.24,773.25,772.98,773.02,16.427
1790432220000,773.02,773.03,772.83,772.84,10.253
1790432280000,772.84,772.84,772.68,772.68,14.764
1790432340000,772.68,772.87,772.67,772.8,41.568
1790432400000,772.8,772.8,772.59,772.62,49.45
1790432460000,772.62,773.06,772.61,773.06,31.772
1790432520000,773.06,773.23,773.05,773.23,18.778
1790432580000,773.23,773.26,773.23,773.25,13.405
1790432640000,773.26,773.26,773.09,773.1,21.644
1790432700000,773.1,773.1,773.06,773.06,14.03
1790432760000,773.07,773.07,773.06,773.06,4.112
1790432820000,773.06,773.06,772.93,772.93,15.915
1790432880000,772.94,772.94,772.9,772.9,7.106
1790432940000,772.9,772.91,772.9,772.91,9.245
1790433000000,772.91,773.11,772.84,772.84,133.03
1790433060000,772.85,773.11,772.84,773.11,31.47
1790433120000,773.11,773.63,773.1,773.49,170.445
1790433180000,773.48,773.49,773.48,773.48,5.669
1790433240000,773.48,773.48,773.4,773.4,14.834
1790433300000,773.41,773.41,773.24,773.25,35.852
1790433360000,773.25,773.32,773.2,773.21,54.457
1790433420000,773.2,773.6,773.2,773.51,79.204
1790433480000,773.51,773.57,773.5,773.5,4.9
1790433540000,773.51,773.56,773.48,773.51,26.135
1790433600000,773.5,773.64,773.5,773.57,39.75
1790433660000,773.57,773.63,773.55,773.61,29.033
1790433720000,773.61,773.64,773.58,773.64,26.733
1790433780000,773.63,773.64,773.63,773.64,10.284
1790433840000,773.63,773.64,773.45,773.6,105.477
1790433900000,773.6,773.6,773.54,773.54,20.31
1790433960000,773.55,773.69,773.49,773.68,22.621
1790434020000,773.69,773.69,773.61,773.62,15.297
1790434080000,773.61,773.62,773.61,773.61,4.172
1790434140000,773.61,773.61,773.6,773.61,5.455
1790434200000,773.61,773.88,773.6,773.88,26.539
1790434260000,773.88,773.91,773.87,773.91,17.288
1790434320000,773.91,774.0,773.9,773.99,23.722
1790434380000,774.0,774.0,773.91,773.92,19.984
1790434440000,773.92,773.92,773.91,773.92,11.639
1790434500000,773.91,773.92,773.91,773.92,14.684
1790434560000,773.91,773.99,773.91,773.92,31.318
1790434620000,773.92,773.92,773.86,773.86,16.997
1790434680000,773.87,773.87,773.8,773.8,12.942
1790434740000,773.81,773.81,773.79,773.81,41.817
1790434800000,773.81,774.09,773.8,774.09,76.815
1790434860000,774.08,774.11,773.87,773.99,55.153
1790434920000,773.99,773.99,773.86,773.95,10.808
1790434980000,773.96,774.0,773.91,774.0,91.362
1790435040000,774.0,774.15,773.99,774.15,37.149
1790435100000,774.15,774.16,774.15,774.16,8.606
1790435160000,774.16,774.16,774.15,774.16,29.139
1790435220000,774.16,774.16,774.15,774.15,24.404
1790435280000,774.16,774.2,774.12,774.2,97.318
1790435340000,774.2,774.2,774.19,774.2,6.416
1790435400000,774.19,774.2,774.12,774.19,11.521
1790435460000,774.19,774.2,774.18,774.19,110.364
1790435520000,774.2,774.2,774.18,774.19,42.959
1790435580000,774.18,774.2,774.12,774.13,45.142
1790435640000,774.12,774.17,774.12,774.16,16.572
1790435700000,774.16,774.19,774.16,774.17,29.244
1790435760000,774.18,774.2,774.14,774.2,28.846
1790435820000,774.19,774.2,774.19,774.2,24.531
1790435880000,774.2,774.2,774.19,774.2,26.139
1790435940000,774.19,774.2,774.19,774.19,31.362
1790436000000,774.19,774.2,774.19,774.2,15.088
1790436060000,774.2,774.2,774.08,774.17,73.157
1790436120000,774.18,774.18,774.12,774.12,26.884
1790436180000,774.13,774.13,774.09,774.11,46.794
1790436240000,774.11,774.21,774.11,774.12,41.338
1790436300000,774.11,774.2,774.08,774.19,61.622
1790436360000,774.2,774.2,774.19,774.2,15.258
1790436420000,774.2,774.29,774.19,774.29,13.184
1790436480000,774.29,774.29,774.28,774.28,14.725
1790436540000,774.29,774.29,774.28,774.29,8.955
1790436600000,774.29,774.39,774.28,774.39,51.45
1790436660000,774.39,774.45,774.38,774.44,32.013
1790436720000,774.44,774.52,774.43,774.51,27.305
1790436780000,774.52,774.62,774.35,774.57,137.996
1790436840000,774.57,774.57,774.51,774.56,16.065
1790436900000,774.57,774.57,774.36,774.43,174.687
1790436960000,774.43,774.5,774.42,774.49,37.282
1790437020000,774.49,774.5,774.48,774.5,7.929
1790437080000,774.49,774.69,774.49,774.54,101.239
1790437140000,774.53,774.54,774.49,774.49,14.064
1790437200000,774.5,774.55,774.25,774.25,190.978
1790437260000,774.26,774.46,774.25,774.46,43.35
1790437320000,774.46,774.66,774.46,774.56,26.493
1790437380000,774.56,774.56,774.32,774.33,19.681
1790437440000,774.33,774.68,774.32,774.58,116.374
1790437500000,774.58,774.58,774.2,774.21,26.895
1790437560000,774.21,774.29,773.58,773.91,243.169
1790437620000,773.92,773.92,773.83,773.9,17.118
1790437680000,773.89,773.91,773.89,773.9,43.074
1790437740000,773.91,773.91,773.63,773.72,37.106
1790437800000,773.72,773.88,773.71,773.88,82.738
1790437860000,773.87,774.04,773.87,774.03,44.219
1790437920000,774.04,774.56,774.03,774.56,97.117
1790437980000,774.56,774.56,774.18,774.32,83.123
1790438040000,774.32,774.46,774.32,774.46,14.393
1790438100000,774.46,774.55,774.3,774.38,35.747
1790438160000,774.37,774.38,774.37,774.38,8.749
1790438220000,774.38,774.38,774.37,774.38,6.491
1790438280000,774.38,774.38,774.37,774.37,6.176
1790438340000,774.37,774.38,774.37,774.38,8.182
1790438400000,774.38,774.43,774.13,774.17,23.182
1790438460000,774.16,774.17,774.08,774.09,17.175
1790438520000,774.08,774.09,773.9,773.96,24.991
1790438580000,773.96,774.16,773.84,774.16,30.763
1790438640000,774.15,774.16,774.01,774.04,23.072
1790438700000,774.05,774.05,774.04,774.04,29.231
1790438760000,774.05,774.19,774.04,774.19,24.275
1790438820000,774.19,774.39,774.18,774.38,62.678
1790438880000,774.39,774.43,774.38,774.43,20.213
1790438940000,774.43,774.48,774.42,774.47,14.058
1790439000000,774.48,774.48,774.42,774.42,13.946
1790439060000,774.41,774.41,774.33,774.33,20.36
1790439120000,774.34,774.34,774.33,774.34,9.926
1790439180000,774.33,774.46,774.33,774.36,31.846
1790439240000,774.36,774.39,774.36,774.36,47.022
1790439300000,774.37,774.52,774.36,774.43,41.023
1790439360000,774.44,774.44,774.39,774.39,12.275
1790439420000,774.39,774.4,774.39,774.39,22.551
1790439480000,774.4,774.52,774.39,774.51,15.028
1790439540000,774.52,774.52,774.51,774.52,7.539
1790439600000,774.51,774.52,774.26,774.27,26.865
1790439660000,774.26,774.27,774.14,774.24,44.917
1790439720000,774.25,774.3,774.24,774.3,18.24
1790439780000,774.3,774.3,774.18,774.18,18.605
1790439840000,774.19,774.19,774.04,774.05,19.894
1790439900000,774.04,774.05,773.92,773.92,19.975
1790439960000,773.93,773.93,773.92,773.92,17.354
1790440020000,773.93,773.93,773.75,773.76,11.959
1790440080000,773.75,773.86,773.72,773.85,29.315
1790440140000,773.85,773.9,773.85,773.9,27.208
1790440200000,773.9,773.9,773.89,773.9,13.604
1790440260000,773.9,774.09,773.89,774.08,24.239
1790440320000,774.08,774.18,774.08,774.18,28.517
1790440380000,774.18,774.21,774.17,774.19,33.161
1790440440000,774.19,774.2,774.17,774.17,21.659
1790440500000,774.18,774.18,774.17,774.17,20.01
1790440560000,774.18,774.18,774.14,774.18,18.324
1790440620000,774.18,774.21,774.17,774.2,59.738
1790440680000,774.2,774.34,774.2,774.34,21.231
1790440740000,774.34,774.34,774.31,774.31,25.438
1790440800000,774.31,774.32,774.21,774.21,33.705
1790440860000,774.21,774.22,774.16,774.17,35.765
1790440920000,774.17,774.17,774.16,774.16,27.587
1790440980000,774.17,774.17,774.16,774.16,21.177
1790441040000,774.17,774.17,774.12,774.12,10.042
1790441100000,774.13,774.13,774.02,774.03,15.622
1790441160000,774.03,774.03,773.99,774.0,27.9
1790441220000,774.0,774.13,773.99,774.02,60.705
1790441280000,774.03,774.03,773.75,773.86,136.727
1790441340000,773.87,774.07,773.86,774.0,56.97
1790441400000,774.0,774.04,773.89,773.9,61.89
1790441460000,773.9,773.9,773.89,773.89,21.243
1790441520000,773.89,773.91,773.89,773.9,37.199
1790441580000,773.9,773.91,773.9,773.9,31.658
1790441640000,773.9,774.35,773.9,774.22,34.25
1790441700000,774.22,774.23,774.16,774.17,12.526
1790441760000,774.17,774.17,774.0,774.12,30.312
1790441820000,774.12,774.45,774.11,774.32,48.25
1790441880000,774.32,774.33,774.27,774.27,13.958
1790441940000,774.27,774.46,774.27,774.46,91.018
1790442000000,774.45,774.47,774.34,774.38,66.721
1790442060000,774.38,774.4,774.37,774.4,67.399
1790442120000,774.4,774.4,774.22,774.23,14.506
1790442180000,774.23,774.23,773.92,773.98,55.416
1790442240000,773.98,773.98,773.89,773.91,16.022
1790442300000,773.91,774.04,773.9,773.97,55.284
1790442360000,773.97,773.97,773.78,773.79,37.236
1790442420000,773.79,773.83,773.68,773.68,21.481
1790442480000,773.69,773.77,773.59,773.76,25.937
1790442540000,773.77,773.78,773.76,773.78,13.119
1790442600000,773.78,773.78,773.58,773.58,25.689
1790442660000,773.58,773.59,773.38,773.38,33.34
1790442720000,773.39,773.5,773.39,773.45,36.074
1790442780000,773.44,773.6,773.44,773.6,6.962
1790442840000,773.6,773.6,773.59,773.59,22.281
1790442900000,773.59,773.59,773.32,773.32,19.394
1790442960000,773.32,773.33,773.24,773.24,33.172
1790443020000,773.24,773.35,773.24,773.31,49.541
1790443080000,773.31,773.31,773.26,773.27,8.737
1790443140000,773.27,773.27,773.07,773.1,45.282
1790443200000,773.1,773.24,773.09,773.21,74.301
1790443260000,773.2,773.21,773.05,773.06,19.836
1790443320000,773.05,773.06,773.04,773.06,16.406
1790443380000,773.06,773.14,773.06,773.13,26.588
1790443440000,773.14,773.19,773.13,773.19,16.497
1790443500000,773.19,773.3,773.18,773.3,38.792
1790443560000,773.3,773.45,773.2,773.21,52.133
1790443620000,773.21,773.21,773.2,773.2,10.971
1790443680000,773.2,773.21,773.2,773.2,12.92
1790443740000,773.2,773.21,773.13,773.14,14.604
1790443800000,773.14,773.24,773.12,773.12,55.839
1790443860000,773.13,773.13,773.0,773.0,13.21
1790443920000,773.01,773.01,773.0,773.0,19.265
1790443980000,773.01,773.01,772.83,772.84,24.138
1790444040000,772.84,772.84,772.53,772.53,44.845
1790444100000,772.54,772.62,772.53,772.62,96.499
1790444160000,772.62,772.63,772.61,772.63,38.383
1790444220000,772.63,772.82,772.63,772.72,57.876
1790444280000,772.72,772.72,772.6,772.6,16.045
1790444340000,772.61,772.66,772.6,772.66,27.967
1790444400000,772.66,772.74,772.46,772.53,127.401
1790444460000,772.52,772.54,772.47,772.48,28.723
1790444520000,772.47,772.55,772.47,772.55,53.355
1790444580000,772.55,772.61,772.55,772.6,11.288
1790444640000,772.6,772.84,772.6,772.82,49.087
1790444700000,772.83,772.83,772.73,772.74,11.683
1790444760000,772.74,772.74,772.73,772.73,23.543
1790444820000,772.73,772.75,772.73,772.75,28.409
1790444880000,772.74,772.77,772.74,772.77,29.958
1790444940000,772.77,772.77,772.46,772.46,84.996
1790445000000,772.47,772.47,772.38,772.4,42.363
1790445060000,772.4,772.45,772.39,772.45,35.119
1790445120000,772.45,772.65,772.44,772.56,60.706
1790445180000,772.56,772.91,772.49,772.7,301.819
1790445240000,772.7,772.7,772.58,772.59,22.451
1790445300000,772.59,772.59,772.57,772.58,19.153
1790445360000,772.58,772.77,772.57,772.77,116.991
1790445420000,772.77,772.77,772.62,772.63,38.608
1790445480000,772.63,772.63,772.62,772.63,6.173
1790445540000,772.63,772.63,772.62,772.63,12.336
1790445600000,772.63,772.64,772.4,772.63,51.21
1790445660000,772.64,772.66,772.63,772.66,17.515
1790445720000,772.67,772.83,772.66,772.82,35.005
1790445780000,772.82,773.13,772.82,773.08,86.652
1790445840000,773.09,773.09,772.99,773.02,54.772
1790445900000,773.02,773.04,773.0,773.03,30.139
1790445960000,773.03,773.16,773.0,773.0,22.978
1790446020000,773.01,773.01,772.66,772.66,96.682
1790446080000,772.67,772.67,772.66,772.67,13.774
1790446140000,772.66,772.72,772.66,772.72,17.778
1790446200000,772.72,772.72,772.66,772.68,51.322
1790446260000,772.67,772.7,772.67,772.69,15.928
1790446320000,772.7,772.7,772.69,772.69,13.314
1790446380000,772.7,772.7,772.69,772.69,13.355
1790446440000,772.69,772.7,772.63,772.63,11.41
1790446500000,772.63,772.64,772.4,772.44,35.663
1790446560000,772.44,772.44,772.43,772.44,16.466
1790446620000,772.43,772.44,772.43,772.43,11.251
1790446680000,772.44,772.44,772.43,772.43,8.263
1790446740000,772.43,772.43,772.31,772.32,21.26
1790446800000,772.31,772.32,772.22,772.23,43.24
1790446860000,772.23,772.38,772.23,772.38,59.791
1790446920000,772.38,772.4,772.38,772.4,18.873
1790446980000,772.4,772.4,772.29,772.29,13.722
1790447040000,772.3,772.3,772.22,772.22,9.997
1790447100000,772.21,772.22,772.14,772.15,11.41
1790447160000,772.15,772.16,772.14,772.15,22.825
1790447220000,772.16,772.33,772.15,772.33,40.378
1790447280000,772.33,772.33,772.14,772.15,16.909
1790447340000,772.15,772.15,772.13,772.14,12.906
1790447400000,772.13,772.13,772.09,772.11,23.096
1790447460000,772.12,772.15,772.11,772.14,23.215
1790447520000,772.14,772.22,772.14,772.22,49.839
1790447580000,772.21,772.37,772.17,772.31,104.377
1790447640000,772.3,772.3,771.92,772.03,86.352
1790447700000,772.02,772.03,772.02,772.03,7.343
1790447760000,772.03,772.13,771.98,771.98,91.382
1790447820000,771.99,771.99,771.71,771.71,40.628
1790447880000,771.71,771.71,771.64,771.65,27.179
1790447940000,771.65,771.65,771.59,771.61,17.276
1790448000000,771.61,771.63,771.08,771.09,229.715
1790448060000,771.08,771.12,771.02,771.03,165.612
1790448120000,771.03,771.04,771.02,771.03,13.038
1790448180000,771.04,771.04,771.02,771.02,15.389
1790448240000,771.03,771.03,770.81,770.81,105.001
1790448300000,770.82,770.85,770.76,770.76,128.435
1790448360000,770.77,770.78,770.76,770.76,44.806
1790448420000,770.77,770.77,770.76,770.77,20.0
1790448480000,770.76,770.77,770.76,770.77,6.433
1790448540000,770.77,771.04,770.77,771.02,98.249
1790448600000,771.02,771.02,770.86,770.87,22.711
1790448660000,770.86,771.07,770.72,770.85,177.238
1790448720000,770.85,770.85,770.82,770.85,25.438
1790448780000,770.85,770.85,770.69,770.8,183.689
1790448840000,770.8,771.18,770.79,771.17,164.42
1790448900000,771.18,771.2,771.11,771.12,29.802
1790448960000,771.12,771.13,771.1,771.12,26.445
1790449020000,771.13,771.15,771.13,771.15,14.837
1790449080000,771.15,771.17,771.14,771.16,8.169
1790449140000,771.17,771.18,771.16,771.17,27.989
1790449200000,771.18,771.22,771.18,771.22,258.994
1790449260000,771.22,771.46,771.21,771.46,175.85
1790449320000,771.46,771.51,771.45,771.5,24.928
1790449380000,771.5,771.5,771.05,771.18,200.205
1790449440000,771.19,771.27,771.19,771.27,52.334
1790449500000,771.28,771.42,771.27,771.41,26.943
1790449560000,771.42,771.42,771.36,771.36,12.181
1790449620000,771.36,771.36,771.33,771.36,36.407
1790449680000,771.36,771.55,771.36,771.55,53.695
1790449740000,771.55,771.57,771.5,771.51,19.695
1790449800000,771.51,771.51,771.37,771.38,21.101
1790449860000,771.38,771.38,771.28,771.28,18.443
1790449920000,771.29,771.29,771.18,771.19,28.323
1790449980000,771.19,771.32,771.01,771.02,100.418
1790450040000,771.02,771.02,771.0,771.0,81.199
1790450100000,771.01,771.01,771.0,771.01,11.445
1790450160000,771.01,771.09,771.0,771.09,60.886
1790450220000,771.08,771.09,770.96,770.97,85.995
1790450280000,770.97,771.09,770.86,771.09,69.156
1790450340000,771.1,771.11,770.91,770.92,49.616
1790450400000,770.92,770.94,770.8,770.81,8.623
1790450460000,770.8,770.85,770.79,770.85,79.956
1790450520000,770.86,770.86,770.75,770.8,63.602
1790450580000,770.8,770.81,770.79,770.8,29.244
1790450640000,770.8,770.83,770.79,770.82,34.501
1790450700000,770.82,770.83,770.82,770.83,8.082
1790450760000,770.83,770.96,770.74,770.95,56.99
1790450820000,770.96,770.96,770.93,770.94,54.939
1790450880000,770.94,770.96,770.93,770.96,37.343
1790450940000,770.96,771.4,770.95,771.17,128.834
1790451000000,771.16,771.16,771.0,771.0,24.996
1790451060000,771.01,771.01,771.0,771.01,7.76
1790451120000,771.01,771.04,771.0,771.04,35.165
1790451180000,771.04,771.17,771.04,771.17,93.151
1790451240000,771.17,771.18,771.15,771.18,25.782
1790451300000,771.18,771.19,771.18,771.19,12.523
1790451360000,771.18,771.18,771.05,771.06,14.525
1790451420000,771.07,771.07,770.96,770.96,37.769
1790451480000,770.96,770.97,770.83,770.83,35.437
1790451540000,770.83,770.84,770.83,770.84,11.438
1790451600000,770.84,770.84,770.83,770.83,10.028
1790451660000,770.84,770.97,770.83,770.97,45.108
1790451720000,770.97,771.2,770.97,771.18,86.773
1790451780000,771.18,771.18,771.1,771.1,13.935
1790451840000,771.11,771.11,771.02,771.02,8.212
1790451900000,771.02,771.02,771.0,771.02,27.54
1790451960000,771.02,771.02,771.01,771.02,20.236
1790452020000,771.01,771.02,770.99,770.99,10.525
1790452080000,771.0,771.03,770.99,771.03,17.927
1790452140000,771.03,771.08,771.03,771.08,55.808
1790452200000,771.08,771.09,770.9,770.91,25.985
1790452260000,770.91,770.91,770.89,770.89,8.864
1790452320000,770.9,770.9,770.8,770.89,13.603
1790452380000,770.88,770.89,770.88,770.89,19.2
1790452440000,770.89,770.89,770.88,770.88,23.084
1790452500000,770.89,770.89,770.83,770.83,15.651
1790452560000,770.84,770.84,770.83,770.84,15.938
1790452620000,770.84,770.86,770.83,770.85,30.201
1790452680000,770.86,770.86,770.85,770.86,16.255
1790452740000,770.85,770.87,770.85,770.87,39.526
1790452800000,770.87,770.89,770.86,770.87,36.229
1790452860000,770.86,770.87,770.78,770.79,24.327
1790452920000,770.79,770.81,770.78,770.81,23.51
1790452980000,770.81,770.84,770.81,770.84,12.767
1790453040000,770.83,770.84,770.66,770.67,21.633
1790453100000,770.66,770.71,770.66,770.71,53.684
1790453160000,770.71,770.93,770.71,770.83,76.746
1790453220000,770.83,770.83,770.71,770.79,90.007
1790453280000,770.79,770.79,770.73,770.74,28.444
1790453340000,770.74,770.74,769.9,769.98,605.73
1790453400000,769.99,770.2,769.99,770.19,104.685
1790453460000,770.19,770.43,770.18,770.42,79.149
1790453520000,770.43,770.43,770.32,770.32,3.627
1790453580000,770.32,770.65,770.32,770.54,95.675
1790453640000,770.54,770.55,770.48,770.55,2.327
1790453700000,770.55,770.56,770.51,770.56,9.602
1790453760000,770.56,770.59,770.56,770.59,8.065
1790453820000,770.58,770.59,770.58,770.59,5.21
1790453880000,770.59,770.85,770.58,770.64,89.684
1790453940000,770.64,770.64,770.49,770.49,9.01
1790454000000,770.5,770.5,770.35,770.35,17.3
1790454060000,770.34,770.35,770.23,770.24,18.017
1790454120000,770.23,770.36,770.23,770.25,64.507
1790454180000,770.24,770.25,770.23,770.24,14.959
1790454240000,770.24,770.24,770.21,770.22,7.134
1790454300000,770.22,770.44,770.21,770.41,92.502
1790454360000,770.41,770.41,770.32,770.35,13.573
1790454420000,770.36,770.4,770.36,770.4,31.617
1790454480000,770.4,770.69,770.39,770.48,65.576
1790454540000,770.49,770.54,770.49,770.54,16.301
1790454600000,770.54,770.55,770.52,770.53,48.113
1790454660000,770.54,770.54,770.39,770.42,47.238
1790454720000,770.42,770.42,770.36,770.38,4.679
1790454780000,770.39,770.43,770.39,770.43,21.1
1790454840000,770.43,770.43,770.42,770.43,10.612
1790454900000,770.43,770.43,770.38,770.39,8.147
1790454960000,770.39,770.44,770.38,770.44,4.555
1790455020000,770.43,770.45,770.43,770.45,8.889
1790455080000,770.45,770.45,770.2,770.21,11.951
1790455140000,770.21,770.21,769.16,769.17,210.685
1790455200000,769.16,769.16,768.03,768.08,417.036
1790455260000,768.08,768.23,767.56,768.22,337.379
1790455320000,768.22,768.23,767.65,767.84,73.281
1790455380000,767.84,767.88,767.58,767.59,219.993
1790455440000,767.58,767.79,767.42,767.79,85.292
1790455500000,767.79,768.37,767.77,767.9,200.302
1790455560000,767.9,768.18,767.81,767.94,60.158
1790455620000,767.93,767.93,766.82,767.16,333.164
1790455680000,767.15,767.49,767.04,767.4,55.199
1790455740000,767.4,767.4,766.94,766.95,51.148
1790455800000,766.95,767.75,766.94,767.75,52.457
1790455860000,767.75,768.43,767.7,768.42,51.635
1790455920000,768.43,768.51,768.26,768.42,37.071
1790455980000,768.42,768.76,768.42,768.76,45.945
1790456040000,768.75,768.93,768.75,768.93,36.45
1790456100000,768.93,769.25,768.93,769.25,96.429
1790456160000,769.25,769.33,769.19,769.33,27.42
1790456220000,769.33,769.4,769.19,769.39,19.537
1790456280000,769.4,769.4,769.39,769.4,2.54
1790456340000,769.39,769.39,769.2,769.36,110.316
1790456400000,769.37,769.5,769.36,769.5,43.205
1790456460000,769.5,769.77,769.45,769.77,68.648
1790456520000,769.77,770.06,769.76,770.06,75.014
1790456580000,770.05,770.07,770.05,770.06,32.576
1790456640000,770.07,770.39,770.06,770.35,80.641
1790456700000,770.35,770.39,770.35,770.39,7.635
1790456760000,770.38,770.51,770.38,770.5,64.639
1790456820000,770.51,770.54,770.45,770.5,15.299
1790456880000,770.5,770.56,770.45,770.46,42.681
1790456940000,770.45,770.48,770.45,770.48,40.191
1790457000000,770.48,770.48,770.39,770.46,47.683
1790457060000,770.46,770.64,770.43,770.53,68.321
1790457120000,770.53,770.82,770.52,770.82,24.925
1790457180000,770.82,771.01,770.82,771.0,82.783
1790457240000,771.0,771.01,770.99,771.01,17.706
1790457300000,771.0,771.01,771.0,771.01,11.169
1790457360000,771.01,771.01,771.0,771.01,4.29
1790457420000,771.01,771.12,771.0,771.11,19.872
1790457480000,771.11,771.35,771.1,771.35,10.401
1790457540000,771.34,771.48,771.34,771.48,40.193
1790457600000,771.47,771.48,771.21,771.22,26.308
1790457660000,771.22,771.22,771.1,771.1,9.369
1790457720000,771.11,771.19,771.1,771.19,16.644
1790457780000,771.19,771.45,771.19,771.37,10.206
1790457840000,771.37,771.55,771.36,771.55,11.898
1790457900000,771.55,771.64,771.54,771.64,41.042
1790457960000,771.64,771.77,771.63,771.77,18.959
1790458020000,771.77,771.98,771.77,771.97,18.04
1790458080000,771.96,771.97,771.91,771.97,14.577
1790458140000,771.97,772.06,771.96,772.05,29.722
1790458200000,772.06,772.4,772.06,772.4,16.483
1790458260000,772.39,772.44,772.39,772.44,8.407
1790458320000,772.44,772.53,772.44,772.53,14.66
1790458380000,772.53,772.53,772.52,772.53,16.408
1790458440000,772.53,773.28,772.53,773.2,73.024
1790458500000,773.19,773.19,772.86,772.86,28.367
1790458560000,772.87,772.87,772.72,772.72,18.083
1790458620000,772.73,772.73,772.72,772.73,4.787
1790458680000,772.72,772.73,772.54,772.54,41.353
1790458740000,772.54,772.54,772.35,772.4,22.294
1790458800000,772.4,772.4,772.01,772.11,44.658
1790458860000,772.11,772.11,772.08,772.09,22.509
1790458920000,772.09,772.09,772.05,772.05,12.917
1790458980000,772.05,772.17,772.03,772.05,27.346
1790459040000,772.05,772.09,772.03,772.09,10.665
1790459100000,772.09,772.09,772.01,772.01,5.321
1790459160000,772.01,772.02,771.88,771.89,7.768
1790459220000,771.88,771.89,771.83,771.83,3.265
1790459280000,771.83,771.83,771.79,771.8,4.836
1790459340000,771.8,771.83,771.79,771.83,8.177
1790459400000,771.83,771.84,771.24,771.55,144.46
1790459460000,771.55,771.55,771.46,771.46,22.682
1790459520000,771.46,771.84,771.45,771.84,29.819
1790459580000,771.84,771.84,771.67,771.82,45.22
1790459640000,771.82,771.85,771.73,771.74,17.707
1790459700000,771.74,771.74,771.55,771.55,19.802
1790459760000,771.56,771.95,771.55,771.95,23.128
1790459820000,771.94,772.16,771.86,772.16,24.579
1790459880000,772.16,772.29,772.15,772.22,5.311
1790459940000,772.21,772.29,772.08,772.08,5.047
1790460000000,772.09,772.46,772.08,772.46,7.767
1790460060000,772.46,772.69,772.46,772.56,7.131
1790460120000,772.56,772.57,772.34,772.35,28.191
1790460180000,772.35,772.38,772.05,772.37,17.235
1790460240000,772.38,772.62,772.38,772.62,58.563
1790460300000,772.62,773.14,772.61,773.05,48.466
1790460360000,773.04,773.53,772.99,773.32,527.468
1790460420000,773.32,773.32,773.21,773.22,7.738
1790460480000,773.21,773.22,773.06,773.06,38.517
1790460540000,773.07,773.07,772.91,773.06,14.323
1790460600000,773.06,773.13,773.02,773.08,17.355
1790460660000,773.09,773.31,773.08,773.31,11.179
1790460720000,773.3,773.58,773.3,773.52,11.646
1790460780000,773.53,773.57,773.52,773.57,26.286
1790460840000,773.56,773.63,773.56,773.63,60.044
1790460900000,773.64,773.64,773.63,773.64,14.851
1790460960000,773.64,773.74,773.56,773.57,50.534
1790461020000,773.56,773.57,773.05,773.06,61.349
1790461080000,773.06,773.28,773.06,773.11,62.744
1790461140000,773.11,773.21,773.11,773.14,37.674
1790461200000,773.15,773.15,773.0,773.01,73.04
1790461260000,773.01,773.01,772.95,772.95,5.039
1790461320000,772.96,772.96,772.88,772.89,4.55
1790461380000,772.88,772.96,772.79,772.96,11.253
1790461440000,772.95,773.09,772.94,773.04,63.339
1790461500000,773.04,773.05,772.88,773.0,30.442
1790461560000,772.99,773.09,772.99,773.04,16.872
1790461620000,773.04,773.09,773.03,773.03,27.018
1790461680000,773.03,773.43,773.03,773.39,59.565
1790461740000,773.39,773.46,773.38,773.38,11.551
1790461800000,773.38,773.38,773.22,773.38,55.245
1790461860000,773.38,773.46,773.26,773.27,13.318
1790461920000,773.27,773.35,773.26,773.32,6.131
1790461980000,773.31,773.31,773.03,773.05,4.697
1790462040000,773.05,773.15,773.05,773.1,13.058
1790462100000,773.09,773.18,773.09,773.18,6.406
1790462160000,773.17,773.18,773.08,773.09,43.576
1790462220000,773.08,773.09,773.08,773.09,24.408
1790462280000,773.08,773.08,773.04,773.04,10.513
1790462340000,773.04,773.05,773.04,773.04,4.831
1790462400000,773.04,773.05,772.77,772.77,105.843
1790462460000,772.78,772.78,772.57,772.58,23.855
1790462520000,772.57,772.57,772.48,772.56,35.305
1790462580000,772.56,772.56,772.55,772.56,1.165
1790462640000,772.56,772.56,772.34,772.34,5.645
1790462700000,772.34,772.45,772.34,772.45,21.988
1790462760000,772.45,772.49,772.44,772.48,8.292
1790462820000,772.49,772.69,772.48,772.69,32.447
1790462880000,772.69,772.75,772.69,772.75,19.686
1790462940000,772.74,772.78,772.74,772.78,29.541
1790463000000,772.78,772.93,772.77,772.89,56.076
1790463060000,772.89,773.15,772.85,773.14,187.554
1790463120000,773.15,773.25,773.14,773.25,24.046
1790463180000,773.25,773.31,773.25,773.31,22.078
1790463240000,773.31,773.31,773.14,773.23,55.876
1790463300000,773.23,773.23,773.03,773.17,70.915
1790463360000,773.17,773.17,773.14,773.14,3.241
1790463420000,773.14,773.14,772.95,772.95,8.849
1790463480000,772.95,772.95,772.94,772.94,8.59
1790463540000,772.94,772.95,772.94,772.95,11.994
1790463600000,772.95,773.14,772.94,773.14,28.931
1790463660000,773.14,773.54,773.14,773.54,86.179
1790463720000,773.54,773.58,773.54,773.58,8.725
1790463780000,773.57,773.68,773.57,773.58,18.824
1790463840000,773.58,773.58,773.33,773.58,40.453
1790463900000,773.58,773.63,773.45,773.63,33.761
1790463960000,773.62,773.62,773.58,773.59,12.733
1790464020000,773.59,773.65,773.58,773.6,32.033
1790464080000,773.61,773.61,773.6,773.61,5.094
1790464140000,773.61,773.65,773.61,773.65,10.259
1790464200000,773.65,773.65,773.64,773.65,4.852
1790464260000,773.65,773.65,771.63,773.23,1447.701
1790464320000,773.22,773.22,773.09,773.1,56.631
1790464380000,773.11,773.36,773.11,773.36,47.396
1790464440000,773.36,773.36,773.35,773.36,19.406
1790464500000,773.35,773.45,773.35,773.37,22.113
1790464560000,773.37,773.37,773.13,773.18,58.776
1790464620000,773.19,773.4,773.19,773.38,6.413
1790464680000,773.38,773.43,773.38,773.39,12.587
1790464740000,773.38,773.39,773.32,773.39,6.528
1790464800000,773.38,773.48,773.38,773.48,8.207
1790464860000,773.48,773.64,773.47,773.64,16.136
1790464920000,773.63,773.63,773.42,773.43,40.329
1790464980000,773.43,773.43,773.3,773.31,12.357
1790465040000,773.31,773.31,773.21,773.21,17.132
1790465100000,773.2,773.25,773.18,773.19,16.196
1790465160000,773.19,773.19,773.02,773.03,40.525
1790465220000,773.02,773.03,773.02,773.03,1.508
1790465280000,773.03,773.03,772.89,772.89,10.288
1790465340000,772.89,773.15,772.83,773.06,157.916
1790465400000,773.06,773.1,773.05,773.1,4.07
1790465460000,773.1,773.23,773.09,773.11,8.571
1790465520000,773.11,773.2,773.1,773.2,8.641
1790465580000,773.19,773.31,773.19,773.31,11.79
1790465640000,773.32,773.44,773.04,773.05,183.089
1790465700000,773.05,773.49,773.04,773.41,188.044
1790465760000,773.41,773.41,773.34,773.36,2.489
1790465820000,773.36,773.39,773.22,773.27,8.223
1790465880000,773.28,773.38,773.27,773.38,6.746
1790465940000,773.38,773.46,773.03,773.03,218.553
1790466000000,773.03,773.41,773.03,773.41,50.591
1790466060000,773.41,773.41,773.11,773.11,85.734
1790466120000,773.12,773.12,772.99,772.99,38.162
1790466180000,772.99,772.99,772.86,772.87,5.349
1790466240000,772.87,773.1,772.86,773.1,103.847
1790466300000,773.1,773.2,773.0,773.12,90.416
1790466360000,773.13,773.4,773.12,773.36,11.141
1790466420000,773.36,773.39,773.31,773.39,9.155
1790466480000,773.38,773.48,773.31,773.48,11.744
1790466540000,773.48,773.57,773.47,773.56,36.831
1790466600000,773.56,773.56,773.47,773.56,10.398
1790466660000,773.55,773.58,773.26,773.49,85.032
1790466720000,773.5,773.5,773.39,773.4,23.733
1790466780000,773.39,773.41,773.39,773.41,15.385
1790466840000,773.41,773.41,773.4,773.4,14.179
1790466900000,773.4,773.41,773.4,773.41,13.369
1790466960000,773.4,773.42,773.4,773.42,18.483
1790467020000,773.42,773.59,773.42,773.59,16.283
1790467080000,773.59,773.59,773.58,773.59,7.746
1790467140000,773.59,773.7,773.58,773.59,34.29
1790467200000,773.59,774.04,773.4,773.96,278.766
1790467260000,773.97,774.05,773.64,773.72,208.921
1790467320000,773.72,773.75,773.47,773.56,176.186
1790467380000,773.56,773.62,773.22,773.22,43.57
1790467440000,773.23,773.24,773.12,773.13,38.669
1790467500000,773.12,773.13,773.03,773.04,5.314
1790467560000,773.04,773.09,773.03,773.09,3.9
1790467620000,773.09,773.1,773.08,773.1,12.589
1790467680000,773.1,773.1,772.87,772.89,17.292
1790467740000,772.9,773.17,772.9,773.17,30.205
1790467800000,773.17,773.17,772.86,772.86,14.042
1790467860000,772.86,772.87,772.79,772.87,34.02
1790467920000,772.86,772.87,772.72,772.72,15.725
1790467980000,772.73,772.73,772.62,772.71,8.61
1790468040000,772.71,772.72,772.6,772.61,40.302
1790468100000,772.61,772.63,772.5,772.51,14.441
1790468160000,772.51,772.51,772.31,772.32,16.143
1790468220000,772.32,772.41,772.31,772.4,10.069
1790468280000,772.41,772.41,772.4,772.41,18.328
1790468340000,772.4,772.41,772.17,772.18,31.587
1790468400000,772.17,772.34,772.08,772.34,48.688
1790468460000,772.33,772.4,772.25,772.4,146.83
1790468520000,772.4,772.58,772.35,772.57,26.334
1790468580000,772.58,772.64,772.57,772.63,20.865
1790468640000,772.63,772.73,772.63,772.64,17.656
1790468700000,772.65,772.74,772.64,772.73,19.461
1790468760000,772.74,772.79,772.73,772.78,22.96
1790468820000,772.79,772.79,772.65,772.65,5.756
1790468880000,772.65,772.7,772.64,772.7,9.849
1790468940000,772.69,772.7,772.69,772.69,19.436
1790469000000,772.69,772.75,772.69,772.74,16.191
1790469060000,772.75,772.93,772.74,772.92,59.858
1790469120000,772.93,773.09,772.92,773.09,19.52
1790469180000,773.08,773.4,773.07,773.4,19.67
1790469240000,773.39,773.4,773.33,773.33,11.059
1790469300000,773.32,773.35,773.27,773.34,6.806
1790469360000,773.35,773.36,773.33,773.33,9.871
1790469420000,773.33,773.33,773.09,773.16,11.54
1790469480000,773.17,773.48,773.16,773.47,9.756
1790469540000,773.47,773.48,773.32,773.33,6.289
1790469600000,773.32,773.33,773.32,773.33,2.743
1790469660000,773.33,773.33,773.23,773.24,18.792
1790469720000,773.24,773.3,773.24,773.3,3.396
1790469780000,773.3,773.33,773.3,773.33,2.973
1790469840000,773.33,773.33,773.32,773.33,4.015
1790469900000,773.32,773.38,773.32,773.37,29.328
1790469960000,773.38,773.38,773.11,773.13,73.943
1790470020000,773.12,773.12,773.0,773.01,58.48
1790470080000,773.01,773.01,773.0,773.01,14.98
1790470140000,773.01,773.05,772.84,772.85,27.327
1790470200000,772.85,772.85,772.74,772.75,12.008
1790470260000,772.75,772.89,772.74,772.84,40.476
1790470320000,772.83,772.83,772.66,772.67,6.259
1790470380000,772.67,772.67,772.63,772.64,6.402
1790470440000,772.64,772.74,772.63,772.74,8.418
1790470500000,772.73,772.74,772.73,772.74,23.64
1790470560000,772.74,772.77,772.73,772.77,7.046
1790470620000,772.76,772.77,772.7,772.7,11.662
1790470680000,772.7,772.77,772.7,772.77,12.204
1790470740000,772.77,772.77,772.69,772.74,9.54
1790470800000,772.74,772.83,772.73,772.74,13.791
1790470860000,772.74,772.74,772.47,772.54,15.162
1790470920000,772.53,772.54,772.53,772.53,13.726
1790470980000,772.53,772.54,772.53,772.54,23.51
1790471040000,772.54,772.6,772.53,772.53,14.144
1790471100000,772.53,772.54,772.31,772.34,18.207
1790471160000,772.34,772.4,772.27,772.28,24.942
1790471220000,772.28,772.53,772.27,772.53,39.468
1790471280000,772.52,772.53,772.52,772.52,10.421
1790471340000,772.53,772.94,772.52,772.71,80.187
1790471400000,772.72,773.04,772.71,773.04,82.17
1790471460000,773.04,773.24,773.03,773.24,12.83
1790471520000,773.24,773.24,773.15,773.18,15.365
1790471580000,773.18,773.4,773.17,773.28,80.414
1790471640000,773.27,773.3,773.27,773.29,10.073
1790471700000,773.3,773.43,773.29,773.43,13.64
1790471760000,773.43,773.7,773.33,773.33,61.027
1790471820000,773.32,773.48,773.27,773.47,8.175
1790471880000,773.48,773.48,773.21,773.22,26.649
1790471940000,773.22,773.22,773.16,773.22,10.238
1790472000000,773.22,773.22,773.21,773.22,3.811
1790472060000,773.22,773.22,772.94,772.95,104.176
1790472120000,772.94,772.94,772.81,772.9,5.524
1790472180000,772.9,772.91,772.74,772.74,8.963
1790472240000,772.74,772.74,772.57,772.57,9.932
1790472300000,772.57,772.81,772.57,772.75,10.266
1790472360000,772.74,772.77,772.63,772.77,53.665
1790472420000,772.77,772.84,772.57,772.58,30.881
1790472480000,772.57,772.57,772.53,772.54,9.139
1790472540000,772.53,772.54,772.49,772.5,8.232
1790472600000,772.5,772.55,772.48,772.55,7.263
1790472660000,772.55,772.72,772.54,772.63,85.074
1790472720000,772.63,772.64,772.36,772.37,38.736
1790472780000,772.38,772.51,772.11,772.18,47.542
1790472840000,772.18,772.18,772.13,772.14,48.165
1790472900000,772.13,772.19,772.05,772.06,11.95
1790472960000,772.06,772.18,772.05,772.18,7.058
1790473020000,772.18,772.28,772.17,772.28,10.621
1790473080000,772.29,772.31,772.21,772.22,14.551
1790473140000,772.22,772.27,772.19,772.22,18.142
1790473200000,772.22,772.45,772.21,772.38,9.0
1790473260000,772.39,772.86,772.38,772.86,69.446
1790473320000,772.86,773.08,772.86,773.07,31.772
1790473380000,773.08,773.23,773.07,773.23,39.231
1790473440000,773.23,773.23,773.12,773.14,18.083
1790473500000,773.14,773.44,773.13,773.42,22.826
1790473560000,773.42,773.76,773.42,773.45,90.95
1790473620000,773.45,773.45,773.29,773.37,12.469
1790473680000,773.37,773.57,773.37,773.57,15.161
1790473740000,773.57,773.72,773.57,773.58,15.26
1790473800000,773.58,773.91,773.57,773.89,39.173
1790473860000,773.89,774.45,773.76,774.41,128.405
1790473920000,774.42,774.59,773.6,773.84,170.129
1790473980000,773.83,774.14,773.75,773.85,37.026
1790474040000,773.84,773.98,773.79,773.98,9.747
1790474100000,773.98,774.07,773.89,773.92,14.563
1790474160000,773.93,773.93,773.69,773.69,4.292
1790474220000,773.7,773.84,773.69,773.84,39.123
1790474280000,773.84,773.84,773.72,773.73,90.125
1790474340000,773.72,773.81,773.55,773.78,104.048
1790474400000,773.78,773.99,773.77,773.89,55.993
1790474460000,773.86,774.2,773.78,774.2,127.164
1790474520000,774.2,774.31,773.93,774.0,87.713
1790474580000,774.0,774.01,773.8,773.85,11.564
1790474640000,773.84,774.01,773.83,773.96,53.033
1790474700000,773.97,773.97,773.85,773.86,11.415
1790474760000,773.85,773.86,773.68,773.76,16.242
1790474820000,773.77,773.92,773.76,773.9,97.054
1790474880000,773.89,774.14,773.89,774.14,15.515
1790474940000,774.15,774.54,774.14,774.32,13.086
1790475000000,774.32,774.37,774.3,774.35,8.348
1790475060000,774.35,774.44,774.14,774.15,73.403
1790475120000,774.15,774.47,774.14,774.18,98.17
1790475180000,774.18,774.18,773.97,773.97,10.107
1790475240000,773.97,774.2,773.89,774.06,64.841
1790475300000,774.06,774.14,774.01,774.01,6.549
1790475360000,774.02,774.2,774.02,774.02,22.324
1790475420000,774.03,774.03,773.96,774.0,22.754
1790475480000,774.0,774.0,773.89,773.9,18.796
1790475540000,773.89,774.1,773.82,774.1,63.082
1790475600000,774.09,774.1,773.89,773.89,35.642
1790475660000,773.89,773.89,773.72,773.79,41.732
1790475720000,773.79,774.01,773.58,773.64,107.034
1790475780000,773.64,773.65,773.53,773.53,38.576
1790475840000,773.53,773.53,773.42,773.42,25.45
1790475900000,773.41,773.41,773.17,773.37,85.084
1790475960000,773.36,773.37,773.21,773.21,29.741
1790476020000,773.21,773.33,773.17,773.17,85.961
1790476080000,773.18,773.27,773.17,773.18,63.647
1790476140000,773.18,773.18,773.1,773.1,35.654
1790476200000,773.1,773.12,773.02,773.12,70.101
1790476260000,773.12,773.35,773.11,773.35,53.626
1790476320000,773.35,773.35,773.27,773.27,12.039
1790476380000,773.26,773.31,773.2,773.3,23.574
1790476440000,773.3,773.31,773.13,773.14,70.644
1790476500000,773.13,773.14,773.13,773.13,26.311
1790476560000,773.14,773.14,773.0,773.0,54.671
1790476620000,773.01,773.01,772.85,772.86,23.845
1790476680000,772.85,772.85,772.56,772.56,41.19
1790476740000,772.57,772.57,772.48,772.55,28.577
1790476800000,772.55,772.55,772.43,772.43,119.751
1790476860000,772.43,772.45,772.42,772.44,62.456
1790476920000,772.44,772.47,772.35,772.36,88.876
1790476980000,772.36,772.36,772.33,772.33,27.778
1790477040000,772.34,772.34,772.33,772.34,34.598
1790477100000,772.34,772.35,772.33,772.35,63.88
1790477160000,772.34,772.35,772.34,772.34,56.952
1790477220000,772.34,772.35,772.09,772.2,124.75
1790477280000,772.21,772.21,772.0,772.0,45.259
1790477340000,772.01,772.13,772.0,772.13,44.387
1790477400000,772.13,772.3,772.12,772.3,57.988
1790477460000,772.3,772.63,772.29,772.63,29.311
1790477520000,772.63,772.63,772.35,772.44,74.996
1790477580000,772.43,772.46,772.35,772.46,49.521
1790477640000,772.46,772.67,772.45,772.67,9.617
1790477700000,772.67,772.67,772.52,772.52,15.149
1790477760000,772.52,772.53,772.39,772.4,7.957
1790477820000,772.4,772.4,772.39,772.39,16.731
1790477880000,772.4,772.4,772.35,772.4,18.391
1790477940000,772.39,772.51,772.39,772.51,22.356
1790478000000,772.51,772.62,772.5,772.62,26.354
1790478060000,772.62,772.73,772.62,772.7,27.156
1790478120000,772.7,772.7,772.56,772.56,2.987
1790478180000,772.56,772.68,772.56,772.67,15.487
1790478240000,772.68,772.68,772.6,772.6,13.784
1790478300000,772.61,772.67,772.6,772.67,15.304
1790478360000,772.67,772.95,772.67,772.94,53.553
1790478420000,772.95,773.0,772.95,773.0,20.983
1790478480000,773.0,773.04,773.0,773.04,21.534
1790478540000,773.04,773.04,772.72,772.74,55.02
1790478600000,772.73,772.73,772.56,772.58,27.98
1790478660000,772.58,772.58,772.42,772.51,9.533
1790478720000,772.52,772.52,772.51,772.52,8.495
1790478780000,772.52,772.55,772.52,772.53,28.624
1790478840000,772.54,772.6,772.53,772.6,28.391
1790478900000,772.59,772.6,772.43,772.44,12.237
1790478960000,772.44,772.44,772.35,772.36,16.64
1790479020000,772.36,772.36,772.35,772.35,13.53
1790479080000,772.36,772.47,772.35,772.47,30.421
1790479140000,772.47,772.47,772.35,772.36,7.5
1790479200000,772.36,772.36,771.91,771.92,156.187
1790479260000,771.92,771.95,771.77,771.95,44.654
1790479320000,771.94,772.04,771.94,772.04,15.105
1790479380000,772.04,772.04,771.92,771.92,20.188
1790479440000,771.93,772.04,771.83,771.85,87.786
1790479500000,771.84,771.92,771.81,771.81,25.517
1790479560000,771.82,771.88,771.74,771.74,24.341
1790479620000,771.75,771.75,771.57,771.57,18.652
1790479680000,771.58,771.74,771.57,771.74,24.461
1790479740000,771.74,771.76,771.73,771.76,10.907
1790479800000,771.75,771.76,771.74,771.75,19.805
1790479860000,771.75,771.86,771.75,771.86,9.342
1790479920000,771.85,771.95,771.85,771.95,26.813
1790479980000,771.94,772.07,771.94,772.06,42.751
1790480040000,772.07,772.15,772.06,772.07,54.595
1790480100000,772.08,772.08,771.92,771.93,13.775
1790480160000,771.93,772.0,771.86,771.91,29.876
1790480220000,771.92,772.08,771.91,772.07,38.734
1790480280000,772.07,772.07,771.93,771.97,11.407
1790480340000,771.98,772.12,771.93,771.97,27.293
1790480400000,771.98,772.11,771.97,772.09,16.654
1790480460000,772.09,772.32,772.09,772.32,37.583
1790480520000,772.32,772.32,771.99,772.01,77.904
1790480580000,772.0,772.04,771.96,772.03,13.862
1790480640000,772.03,772.04,771.96,772.03,7.797
1790480700000,772.03,772.03,771.92,771.92,10.04
1790480760000,771.93,771.93,771.91,771.91,10.06
1790480820000,771.91,771.92,771.83,771.89,33.853
1790480880000,771.9,771.9,771.81,771.81,29.894
1790480940000,771.82,771.82,771.8,771.81,17.042
1790481000000,771.8,771.81,771.76,771.77,16.571
1790481060000,771.76,771.77,771.76,771.77,12.949
1790481120000,771.76,771.98,771.76,771.85,19.526
1790481180000,771.84,771.85,771.8,771.8,22.038
1790481240000,771.8,771.85,771.72,771.84,21.953
1790481300000,771.85,771.89,771.84,771.89,26.792
1790481360000,771.88,771.89,771.79,771.81,32.245
1790481420000,771.82,771.87,771.81,771.86,22.287
1790481480000,771.87,771.87,771.86,771.87,9.765
1790481540000,771.87,771.87,771.8,771.8,14.379
1790481600000,771.8,771.81,771.67,771.68,36.439
1790481660000,771.67,771.68,771.62,771.62,6.271
1790481720000,771.62,771.63,771.42,771.47,72.03
1790481780000,771.47,771.48,771.37,771.45,26.126
1790481840000,771.45,771.63,771.45,771.62,33.219
1790481900000,771.62,771.63,771.62,771.62,15.442
1790481960000,771.63,771.82,771.62,771.82,16.369
1790482020000,771.81,772.16,771.81,772.16,38.918
1790482080000,772.15,772.16,771.89,771.93,30.789
1790482140000,771.92,772.08,771.91,772.08,33.538
1790482200000,772.07,772.08,772.07,772.08,4.2
1790482260000,772.07,772.6,772.07,772.59,35.849
1790482320000,772.59,772.84,772.59,772.83,41.509
1790482380000,772.84,772.85,772.76,772.76,42.814
1790482440000,772.77,772.77,772.55,772.56,134.1
1790482500000,772.55,772.86,772.55,772.86,17.624
1790482560000,772.85,772.86,772.79,772.8,5.913
1790482620000,772.79,772.8,772.55,772.55,22.451
1790482680000,772.56,772.56,772.25,772.26,15.888
1790482740000,772.25,772.34,772.25,772.34,20.341
1790482800000,772.34,772.44,772.33,772.36,10.09
1790482860000,772.36,772.58,772.28,772.42,153.693
1790482920000,772.41,772.42,772.13,772.14,24.281
1790482980000,772.13,772.14,771.93,771.94,8.411
1790483040000,771.93,772.08,771.93,772.07,26.917
1790483100000,772.08,772.08,771.95,771.96,10.368
1790483160000,771.96,772.01,771.95,772.0,12.595
1790483220000,772.01,772.01,771.97,771.98,7.685
1790483280000,771.98,771.98,771.88,771.89,11.249
1790483340000,771.89,771.89,771.6,771.61,21.269
1790483400000,771.61,771.61,771.45,771.45,19.224
1790483460000,771.45,771.46,771.25,771.25,21.014
1790483520000,771.25,771.36,771.25,771.36,18.773
1790483580000,771.36,771.36,771.19,771.28,78.784
1790483640000,771.29,771.35,771.28,771.29,39.978
1790483700000,771.3,771.52,771.19,771.51,26.504
1790483760000,771.52,771.52,771.47,771.48,13.001
1790483820000,771.47,771.51,771.39,771.43,34.923
1790483880000,771.43,771.52,771.43,771.52,6.651
1790483940000,771.52,771.79,771.45,771.46,73.684
1790484000000,771.46,771.46,771.43,771.44,20.796
1790484060000,771.44,771.44,771.27,771.28,19.285
1790484120000,771.28,771.28,771.2,771.28,46.18
1790484180000,771.28,771.33,771.2,771.21,39.853
1790484240000,771.21,771.21,771.06,771.07,10.589
1790484300000,771.06,771.15,771.06,771.14,18.906
1790484360000,771.14,771.14,770.93,770.94,54.451
1790484420000,770.93,771.35,770.93,771.27,68.305
1790484480000,771.27,771.27,771.19,771.24,24.3
1790484540000,771.24,771.24,771.16,771.17,11.022
1790484600000,771.17,771.17,770.93,770.94,16.439
1790484660000,770.94,770.94,770.85,770.91,20.755
1790484720000,770.91,770.92,770.91,770.91,11.322
1790484780000,770.91,771.03,770.91,771.03,11.372
1790484840000,771.02,771.06,770.86,770.9,17.85
1790484900000,770.91,770.98,770.91,770.95,15.105
1790484960000,770.95,770.96,770.88,770.88,9.677
1790485020000,770.89,770.96,770.89,770.96,10.527
1790485080000,770.96,770.97,770.95,770.97,17.431
1790485140000,770.97,770.97,770.93,770.95,6.336
1790485200000,770.96,770.96,770.9,770.9,20.339
1790485260000,770.91,771.08,770.9,771.04,89.491
1790485320000,771.05,771.53,771.05,771.53,15.265
1790485380000,771.53,771.63,771.53,771.62,14.64
1790485440000,771.63,771.73,771.63,771.73,10.697
1790485500000,771.73,771.96,771.72,771.96,15.756
1790485560000,771.96,771.96,771.95,771.96,22.652
1790485620000,771.97,772.23,771.96,772.23,36.012
1790485680000,772.23,772.26,772.23,772.26,11.845
1790485740000,772.26,772.35,772.25,772.25,21.422
1790485800000,772.26,772.34,772.25,772.33,32.313
1790485860000,772.33,772.33,772.2,772.21,8.156
1790485920000,772.2,772.21,772.13,772.13,6.414
1790485980000,772.13,772.45,772.13,772.34,31.519
1790486040000,772.35,772.35,772.27,772.27,14.706
1790486100000,772.27,772.28,772.22,772.23,7.571
1790486160000,772.23,772.23,772.22,772.22,19.457
1790486220000,772.23,772.23,772.09,772.1,20.466
1790486280000,772.1,772.32,771.86,771.9,141.837
1790486340000,771.9,771.93,771.69,771.93,54.318
1790486400000,771.92,771.99,771.92,771.99,27.201
1790486460000,771.99,772.12,771.99,772.11,23.704
1790486520000,772.12,772.24,772.12,772.24,22.136
1790486580000,772.23,772.38,772.23,772.38,19.615
1790486640000,772.38,772.38,772.26,772.26,21.14
1790486700000,772.26,772.27,772.2,772.23,17.021
1790486760000,772.23,772.28,772.2,772.21,19.275
1790486820000,772.21,772.62,772.16,772.43,116.33
1790486880000,772.43,772.43,772.42,772.42,10.95
1790486940000,772.42,772.67,772.42,772.55,28.33
1790487000000,772.54,772.6,772.45,772.6,78.203
1790487060000,772.6,772.67,772.6,772.61,11.334
1790487120000,772.61,772.84,772.61,772.76,53.4
1790487180000,772.76,773.06,772.76,773.06,46.794
1790487240000,773.06,773.24,773.05,773.23,11.903
1790487300000,773.23,773.54,773.23,773.54,18.918
1790487360000,773.53,774.19,773.44,774.17,130.524
1790487420000,774.17,774.8,774.15,774.44,391.584
1790487480000,774.44,774.78,774.44,774.78,64.321
1790487540000,774.78,774.78,773.93,774.12,177.373
1790487600000,774.11,774.2,773.8,773.81,50.88
1790487660000,773.81,773.89,773.8,773.89,16.037
1790487720000,773.88,773.88,773.79,773.85,8.704
1790487780000,773.85,773.86,773.69,773.7,18.198
1790487840000,773.7,773.79,773.49,773.79,77.125
1790487900000,773.79,773.99,773.78,773.9,17.394
1790487960000,773.91,774.18,773.87,774.15,67.898
1790488020000,774.15,774.25,773.8,773.81,19.803
1790488080000,773.81,773.92,773.76,773.89,8.158
1790488140000,773.89,773.93,773.64,773.72,41.499
1790488200000,773.72,773.79,773.71,773.76,16.932
1790488260000,773.75,773.75,773.7,773.7,10.913
1790488320000,773.7,773.7,773.58,773.58,13.314
1790488380000,773.59,773.59,773.5,773.51,25.56
1790488440000,773.5,773.51,773.4,773.45,33.769
1790488500000,773.46,773.46,773.38,773.39,7.786
1790488560000,773.38,773.39,773.28,773.29,17.054
1790488620000,773.29,773.51,773.26,773.47,56.586
1790488680000,773.46,773.47,773.4,773.41,16.077
1790488740000,773.41,773.41,773.28,773.29,25.544
1790488800000,773.29,773.4,773.28,773.4,7.69
1790488860000,773.4,773.51,773.28,773.36,75.578
1790488920000,773.36,773.7,773.36,773.69,50.751
1790488980000,773.7,773.86,773.67,773.67,21.791
1790489040000,773.67,773.88,773.66,773.88,34.34
1790489100000,773.88,773.98,773.88,773.93,19.152
1790489160000,773.92,774.0,773.84,773.99,32.932
1790489220000,774.0,774.15,773.99,774.14,45.499
1790489280000,774.15,774.22,774.14,774.15,15.127
1790489340000,774.15,774.31,774.15,774.28,16.755
1790489400000,774.28,774.56,774.27,774.56,30.548
1790489460000,774.56,774.65,774.47,774.52,18.595
1790489520000,774.52,774.59,774.51,774.58,10.399
1790489580000,774.59,774.7,774.58,774.69,12.522
1790489640000,774.7,774.7,774.59,774.59,19.425
1790489700000,774.6,774.6,774.39,774.39,71.543
1790489760000,774.38,774.48,774.32,774.33,17.633
1790489820000,774.32,774.48,774.24,774.46,68.387
1790489880000,774.46,774.59,774.38,774.39,55.458
1790489940000,774.38,774.38,774.3,774.37,25.584
1790490000000,774.37,774.6,774.37,774.6,12.743
1790490060000,774.59,774.64,774.38,774.51,128.89
1790490120000,774.51,774.59,774.51,774.55,29.827
1790490180000,774.55,774.64,774.55,774.64,12.585
1790490240000,774.64,774.72,774.52,774.54,19.885
1790490300000,774.54,774.6,774.53,774.53,33.829
1790490360000,774.53,774.6,774.5,774.59,10.895
1790490420000,774.59,774.75,774.59,774.72,28.044
1790490480000,774.72,774.72,774.7,774.71,15.175
1790490540000,774.71,774.71,774.51,774.52,36.467
1790490600000,774.51,774.7,774.51,774.7,71.875
1790490660000,774.7,774.7,774.3,774.33,26.025
1790490720000,774.34,774.34,774.15,774.23,20.481
1790490780000,774.24,774.24,774.16,774.2,11.373
1790490840000,774.21,774.21,774.2,774.21,15.232
1790490900000,774.21,774.42,774.2,774.37,131.064
1790490960000,774.36,774.44,774.36,774.44,17.58
1790491020000,774.44,774.63,774.43,774.62,60.144
1790491080000,774.63,774.63,774.56,774.57,5.931
1790491140000,774.57,774.57,774.42,774.48,38.209
1790491200000,774.48,774.63,774.47,774.62,7.236
1790491260000,774.63,774.64,774.43,774.47,41.428
1790491320000,774.48,774.62,774.41,774.62,16.888
1790491380000,774.61,774.62,774.57,774.57,38.887
1790491440000,774.58,774.58,774.56,774.58,40.75
1790491500000,774.58,774.72,774.58,774.71,10.697
1790491560000,774.72,774.77,774.71,774.72,15.945
1790491620000,774.71,774.77,774.71,774.77,19.195
1790491680000,774.77,774.77,774.76,774.77,9.741
1790491740000,774.76,774.98,774.76,774.98,45.404
1790491800000,774.98,775.0,774.84,774.84,151.629
1790491860000,774.84,775.0,774.84,775.0,447.975
1790491920000,775.0,775.0,774.99,775.0,6.054
1790491980000,775.0,775.0,774.84,774.85,17.97
1790492040000,774.84,774.84,774.72,774.82,49.092
1790492100000,774.81,774.82,774.71,774.72,19.026
1790492160000,774.72,774.72,774.71,774.71,21.46
1790492220000,774.71,774.72,774.57,774.64,34.514
1790492280000,774.63,774.93,774.57,774.8,171.705
1790492340000,774.79,774.85,774.79,774.85,26.819
1790492400000,774.85,774.92,774.73,774.92,19.197
1790492460000,774.92,775.0,774.91,775.0,15.79
1790492520000,774.99,775.16,774.99,775.15,86.138
1790492580000,775.16,775.21,775.15,775.2,11.163
1790492640000,775.2,775.33,775.2,775.33,14.015
1790492700000,775.33,775.33,775.19,775.29,21.818
1790492760000,775.29,775.35,775.18,775.19,116.517
1790492820000,775.18,775.19,775.18,775.19,7.606
1790492880000,775.18,775.33,775.18,775.33,15.402
1790492940000,775.33,775.5,775.32,775.35,107.503
1790493000000,775.35,775.5,775.34,775.5,32.503
1790493060000,775.49,775.57,775.49,775.57,87.774
1790493120000,775.56,775.56,775.26,775.52,64.294
1790493180000,775.52,775.52,775.48,775.49,7.109
1790493240000,775.48,775.5,775.37,775.44,80.361
1790493300000,775.45,775.49,775.42,775.45,8.582
1790493360000,775.46,775.46,775.42,775.45,22.11
1790493420000,775.45,775.46,775.23,775.28,254.903
1790493480000,775.29,775.29,775.22,775.23,9.738
1790493540000,775.23,775.23,775.04,775.2,25.77
1790493600000,775.21,775.32,775.2,775.32,45.481
1790493660000,775.31,775.35,775.24,775.33,72.101
1790493720000,775.34,775.34,775.33,775.34,6.384
1790493780000,775.34,775.65,775.34,775.64,88.885
1790493840000,775.65,775.7,775.64,775.65,46.453
1790493900000,775.65,775.67,775.64,775.66,39.079
1790493960000,775.67,775.79,775.67,775.7,131.618
1790494020000,775.7,775.99,775.69,775.9,263.555
1790494080000,775.9,776.18,775.9,776.18,133.38
1790494140000,776.17,776.49,776.17,776.38,192.107
1790494200000,776.37,776.49,776.37,776.49,31.236
1790494260000,776.48,776.72,776.48,776.72,41.719
1790494320000,776.73,776.89,776.73,776.89,57.012
1790494380000,776.89,777.42,776.89,777.42,410.819
1790494440000,777.42,777.45,777.22,777.44,49.768
1790494500000,777.44,777.45,776.82,776.95,127.54
1790494560000,776.96,777.24,776.89,777.12,38.544
1790494620000,777.12,777.14,777.0,777.01,48.33
1790494680000,777.01,777.1,777.0,777.08,54.784
1790494740000,777.08,777.2,777.07,777.2,19.108
1790494800000,777.2,777.3,777.16,777.29,48.804
1790494860000,777.3,777.44,777.09,777.11,115.248
1790494920000,777.12,777.18,776.88,777.0,91.269
1790494980000,777.01,777.01,776.86,776.87,48.246
1790495040000,776.87,777.02,776.86,777.01,23.948
1790495100000,777.0,777.01,776.91,776.93,32.76
1790495160000,776.93,777.1,776.93,777.09,51.591
1790495220000,777.1,777.35,777.09,777.34,63.018
1790495280000,777.34,777.44,777.34,777.43,46.096
1790495340000,777.43,777.44,777.27,777.43,132.748
1790495400000,777.44,777.68,777.43,777.68,179.803
1790495460000,777.68,777.72,777.61,777.69,82.435
1790495520000,777.69,777.77,777.49,777.54,79.635
1790495580000,777.53,777.69,777.43,777.44,30.01
1790495640000,777.44,777.56,777.33,777.33,42.492
1790495700000,777.32,777.57,777.28,777.52,62.737
1790495760000,777.51,777.85,777.51,777.78,99.817
1790495820000,777.78,778.47,777.56,778.46,362.293
1790495880000,778.46,778.77,778.37,778.61,207.403
1790495940000,778.62,778.65,778.5,778.55,77.087
1790496000000,778.56,778.8,778.15,778.15,146.197
1790496060000,778.15,778.28,778.0,778.28,106.997
1790496120000,778.28,778.91,778.27,778.75,332.752
1790496180000,778.74,779.0,778.69,778.79,167.525
1790496240000,778.79,778.79,778.56,778.58,91.112
1790496300000,778.58,778.68,778.46,778.55,76.85
1790496360000,778.55,778.56,778.49,778.56,118.106
1790496420000,778.56,778.6,778.55,778.6,47.883
1790496480000,778.6,778.74,778.59,778.59,89.838
1790496540000,778.6,778.72,778.59,778.64,36.006
1790496600000,778.65,778.66,778.52,778.52,40.273
1790496660000,778.53,778.54,778.32,778.46,124.03
1790496720000,778.47,778.64,777.8,777.81,95.547
1790496780000,777.81,778.4,777.81,778.24,121.028
1790496840000,778.24,778.31,778.23,778.31,76.819
1790496900000,778.31,778.87,778.3,778.82,123.06
1790496960000,778.82,779.0,778.81,778.99,113.844
1790497020000,778.99,779.09,778.84,779.09,185.856
1790497080000,779.08,779.09,778.66,778.77,119.393
1790497140000,778.76,778.77,778.45,778.45,50.566
1790497200000,778.46,778.96,778.35,778.69,204.746
1790497260000,778.69,778.91,778.69,778.7,101.687
1790497320000,778.71,778.72,778.49,778.5,71.413
1790497380000,778.5,778.5,778.23,778.29,42.615
1790497440000,778.29,778.29,778.09,778.1,68.466
1790497500000,778.1,778.48,777.82,778.48,148.824
1790497560000,778.49,778.83,778.49,778.79,64.172
1790497620000,778.79,778.79,778.53,778.53,20.508
1790497680000,778.53,778.75,778.52,778.75,44.628
1790497740000,778.75,779.15,778.74,778.98,117.11
1790497800000,778.98,779.07,778.97,778.98,40.138
1790497860000,778.98,779.29,778.98,779.29,54.179
1790497920000,779.29,779.89,779.29,779.77,150.954
1790497980000,779.76,780.07,779.76,780.06,182.706
1790498040000,780.05,780.21,779.71,779.92,155.062
1790498100000,779.93,779.93,779.43,779.51,101.422
1790498160000,779.5,779.5,779.36,779.39,35.953
1790498220000,779.39,779.71,779.38,779.63,99.683
1790498280000,779.64,779.64,779.2,779.2,134.126
1790498340000,779.21,779.51,779.21,779.26,33.738
1790498400000,779.26,779.26,778.81,778.81,49.916
1790498460000,778.82,778.82,778.73,778.75,37.649
1790498520000,778.75,778.75,778.59,778.59,29.914
1790498580000,778.59,778.6,778.53,778.54,25.645
1790498640000,778.54,778.59,778.44,778.59,98.92
1790498700000,778.59,778.65,778.54,778.56,36.394
1790498760000,778.57,778.57,778.42,778.42,35.625
1790498820000,778.43,778.51,778.32,778.51,107.613
1790498880000,778.5,778.82,778.5,778.81,42.01
1790498940000,778.82,778.82,778.66,778.8,28.205
1790499000000,778.8,778.92,778.8,778.82,21.904
1790499060000,778.82,778.82,778.7,778.77,49.897
1790499120000,778.76,779.01,778.76,778.9,34.186
1790499180000,778.9,778.94,778.72,778.8,112.759
1790499240000,778.8,778.88,778.75,778.83,21.004
1790499300000,778.82,778.83,778.75,778.81,24.117
1790499360000,778.81,778.81,778.43,778.48,133.487
1790499420000,778.48,778.49,778.41,778.48,24.083
1790499480000,778.48,778.7,778.48,778.62,33.64
1790499540000,778.63,778.63,778.44,778.44,30.126
1790499600000,778.45,778.7,778.4,778.63,51.821
1790499660000,778.63,778.63,778.33,778.33,36.092
1790499720000,778.34,778.34,778.25,778.26,22.909
1790499780000,778.26,778.4,778.24,778.4,75.167
1790499840000,778.4,778.4,778.26,778.27,6.952
1790499900000,778.26,778.26,777.81,777.81,37.275
1790499960000,777.82,777.82,777.37,777.6,123.348
1790500020000,777.6,777.76,777.43,777.44,105.768
1790500080000,777.43,777.44,777.29,777.29,12.297
1790500140000,777.3,777.3,777.03,777.03,123.475
1790500200000,777.04,777.07,776.77,776.97,77.623
1790500260000,776.97,777.3,776.92,777.3,29.458
1790500320000,777.3,777.68,777.24,777.59,82.587
1790500380000,777.6,777.6,777.33,777.37,41.229
1790500440000,777.37,777.38,777.31,777.32,29.344
1790500500000,777.32,777.34,777.16,777.34,137.89
1790500560000,777.34,777.34,777.24,777.24,50.362
1790500620000,777.24,777.36,777.21,777.35,196.282
1790500680000,777.35,777.57,777.28,777.51,55.551
1790500740000,777.5,777.51,777.36,777.48,14.401
1790500800000,777.48,777.98,777.48,777.98,100.417
1790500860000,777.97,778.25,777.97,778.21,85.798
1790500920000,778.2,778.34,778.1,778.27,100.658
1790500980000,778.28,778.37,778.27,778.27,30.285
1790501040000,778.27,778.4,778.12,778.13,61.57
1790501100000,778.13,778.3,778.12,778.3,23.65
1790501160000,778.29,778.3,778.22,778.22,13.511
1790501220000,778.22,778.23,777.76,777.76,50.241
1790501280000,777.75,778.16,777.75,778.16,10.035
1790501340000,778.16,778.16,777.89,777.9,18.534
1790501400000,777.89,778.07,777.89,778.07,28.118
1790501460000,778.07,778.15,778.06,778.13,21.692
1790501520000,778.12,778.38,778.07,778.37,27.349
1790501580000,778.37,778.66,778.37,778.66,14.295
1790501640000,778.66,778.66,778.32,778.38,52.98
1790501700000,778.38,778.38,778.2,778.2,14.541
1790501760000,778.21,778.34,778.2,778.34,13.856
1790501820000,778.35,778.41,778.35,778.39,9.953
1790501880000,778.38,779.95,778.35,779.55,1067.866
1790501940000,779.54,779.7,779.54,779.69,48.164
1790502000000,779.7,779.7,779.64,779.7,56.839
1790502060000,779.7,779.7,779.18,779.43,79.558
1790502120000,779.43,779.61,779.32,779.4,165.406
1790502180000,779.4,779.4,779.38,779.38,28.028
1790502240000,779.39,779.52,779.33,779.51,10.104
1790502300000,779.51,779.95,779.51,779.95,21.796
1790502360000,779.94,780.2,779.78,780.19,149.029
1790502420000,780.19,780.24,779.96,780.24,61.842
1790502480000,780.24,780.44,780.03,780.18,272.26
1790502540000,780.18,780.25,779.87,780.1,44.169
1790502600000,780.12,780.2,779.96,780.05,48.732
1790502660000,780.04,780.25,780.0,780.01,68.145
1790502720000,780.01,780.2,780.0,780.01,24.104
1790502780000,780.01,780.01,779.81,779.95,35.37
1790502840000,779.96,780.05,779.95,780.03,50.449
1790502900000,780.03,780.03,779.93,779.99,42.544
1790502960000,779.99,780.41,779.99,780.24,99.008
1790503020000,780.24,780.3,780.23,780.25,33.069
1790503080000,780.25,780.25,779.85,780.0,62.454
1790503140000,780.0,780.05,779.99,780.05,58.862
1790503200000,780.05,780.09,779.92,779.93,89.033
1790503260000,779.92,780.18,779.67,780.18,36.943
1790503320000,780.19,780.19,779.86,779.86,54.561
1790503380000,779.85,779.91,779.6,779.61,97.729
1790503440000,779.61,779.61,779.49,779.61,15.285
1790503500000,779.6,779.72,779.6,779.61,14.403
1790503560000,779.61,779.64,779.55,779.59,35.727
1790503620000,779.6,780.17,779.6,780.17,64.749
1790503680000,780.17,780.5,780.16,780.49,38.307
1790503740000,780.49,780.5,780.15,780.33,64.739
1790503800000,780.33,780.5,780.32,780.46,41.082
1790503860000,780.46,780.46,780.38,780.41,34.545
1790503920000,780.4,780.41,780.01,780.09,253.423
1790503980000,780.1,780.31,780.1,780.19,65.693
1790504040000,780.19,780.29,780.17,780.28,27.907
1790504100000,780.29,780.67,780.28,780.4,146.578
1790504160000,780.39,780.66,780.39,780.47,25.657
1790504220000,780.47,780.62,780.47,780.62,48.519
1790504280000,780.61,780.65,780.42,780.49,80.846
1790504340000,780.49,780.49,780.2,780.24,43.262
1790504400000,780.25,780.31,780.24,780.25,64.369
1790504460000,780.26,780.28,780.15,780.28,49.093
1790504520000,780.27,780.28,780.19,780.2,27.305
1790504580000,780.19,780.5,780.19,780.5,157.261
1790504640000,780.5,780.59,780.3,780.36,62.91
1790504700000,780.36,780.36,780.15,780.16,34.653
1790504760000,780.17,780.17,779.77,779.84,94.843
1790504820000,779.84,780.07,779.73,779.87,84.865
1790504880000,779.87,779.87,779.55,779.68,20.38
1790504940000,779.68,779.86,779.68,779.72,12.343
1790505000000,779.71,779.72,779.67,779.68,4.557
1790505060000,779.67,779.68,779.52,779.52,24.991
1790505120000,779.53,779.68,779.52,779.68,5.445
1790505180000,779.68,779.68,779.63,779.64,9.814
1790505240000,779.64,779.64,779.55,779.63,7.789
1790505300000,779.64,779.67,779.63,779.64,26.731
1790505360000,779.64,779.66,779.38,779.39,59.888
1790505420000,779.38,779.64,779.32,779.6,19.231
1790505480000,779.6,779.64,779.45,779.53,46.85
1790505540000,779.52,779.6,779.42,779.42,16.898
1790505600000,779.42,779.47,779.42,779.47,22.89
1790505660000,779.48,779.6,779.48,779.53,47.966
1790505720000,779.54,779.6,779.53,779.59,44.172
1790505780000,779.6,779.79,779.59,779.78,24.225
1790505840000,779.79,779.81,779.56,779.56,55.7
1790505900000,779.56,779.62,779.55,779.62,22.38
1790505960000,779.61,779.62,779.61,779.62,12.299
1790506020000,779.61,779.62,779.61,779.62,8.67
1790506080000,779.61,779.63,779.61,779.63,24.255
1790506140000,779.64,779.95,779.63,779.89,15.967
1790506200000,779.9,779.9,779.62,779.63,22.833
1790506260000,779.63,779.63,779.62,779.63,14.369
1790506320000,779.63,779.63,779.09,779.09,56.019
1790506380000,779.08,779.08,778.89,779.0,54.244
1790506440000,779.0,779.0,778.63,778.63,57.82
1790506500000,778.62,778.68,778.25,778.66,97.653
1790506560000,778.67,778.93,778.66,778.79,34.335
1790506620000,778.78,778.79,778.64,778.65,9.598
1790506680000,778.64,778.83,778.64,778.73,12.561
1790506740000,778.73,778.85,778.73,778.85,13.219
1790506800000,778.85,778.98,778.81,778.84,55.128
1790506860000,778.84,778.95,778.83,778.94,20.994
1790506920000,778.95,778.97,778.7,778.76,19.061
1790506980000,778.75,778.75,778.53,778.54,17.507
1790507040000,778.53,778.61,778.41,778.61,22.137
1790507100000,778.61,779.14,778.61,779.13,33.576
1790507160000,779.14,779.34,779.0,779.33,26.498
1790507220000,779.34,779.34,779.27,779.28,25.564
1790507280000,779.28,779.54,779.28,779.54,15.954
1790507340000,779.53,779.72,779.53,779.71,30.846
1790507400000,779.72,779.97,779.71,779.82,34.261
1790507460000,779.82,779.87,779.76,779.85,23.575
1790507520000,779.85,779.99,779.8,779.99,46.973
1790507580000,779.98,779.99,779.75,779.75,18.052
1790507640000,779.75,779.76,779.75,779.76,7.999
1790507700000,779.75,779.76,779.58,779.64,74.948
1790507760000,779.63,779.64,779.28,779.29,35.838
1790507820000,779.29,779.29,778.93,778.93,28.159
1790507880000,778.94,779.01,778.9,778.9,6.623
1790507940000,778.91,779.06,778.84,778.96,32.938
1790508000000,778.95,778.96,778.9,778.9,21.124
1790508060000,778.91,779.12,778.84,778.84,29.121
1790508120000,778.85,779.15,778.82,779.14,11.813
1790508180000,779.14,779.25,779.14,779.2,42.136
1790508240000,779.21,779.21,779.18,779.19,6.712
1790508300000,779.18,779.25,779.18,779.24,13.284
1790508360000,779.24,779.47,779.24,779.47,16.8
1790508420000,779.47,779.56,779.46,779.47,8.426
1790508480000,779.47,779.47,779.28,779.38,58.423
1790508540000,779.37,779.38,779.25,779.25,24.35
1790508600000,779.26,779.26,779.14,779.15,20.086
1790508660000,779.14,779.24,779.14,779.23,8.217
1790508720000,779.24,779.24,779.19,779.19,21.939
1790508780000,779.19,779.2,778.85,779.03,33.678
1790508840000,779.03,779.04,778.98,779.0,20.785
1790508900000,779.01,779.36,779.01,779.32,193.956
1790508960000,779.33,779.4,779.32,779.39,18.978
1790509020000,779.4,779.5,779.39,779.5,19.015
1790509080000,779.49,779.5,779.22,779.23,18.667
1790509140000,779.22,779.7,779.05,779.7,58.926
1790509200000,779.7,779.78,779.69,779.74,48.8
1790509260000,779.75,780.0,779.74,779.99,67.965
1790509320000,780.0,780.0,779.73,779.86,22.14
1790509380000,779.86,779.87,779.42,779.49,74.19
1790509440000,779.49,779.86,779.49,779.86,31.428
1790509500000,779.86,779.87,779.6,779.66,87.669
1790509560000,779.65,779.8,779.65,779.8,18.133
1790509620000,779.8,779.84,779.62,779.84,18.031
1790509680000,779.83,779.89,779.78,779.82,18.29
1790509740000,779.83,779.93,779.82,779.92,21.428
1790509800000,779.93,780.0,779.81,779.96,79.892
1790509860000,779.95,779.99,779.95,779.98,14.401
1790509920000,779.99,780.22,779.98,780.19,51.597
1790509980000,780.19,780.35,780.19,780.34,29.241
1790510040000,780.33,780.41,780.3,780.33,22.545
1790510100000,780.32,780.47,780.32,780.41,57.101
1790510160000,780.41,780.41,780.25,780.25,52.678
1790510220000,780.25,780.25,779.99,780.0,21.971
1790510280000,779.99,780.0,779.72,779.84,86.244
1790510340000,779.85,780.0,779.84,780.0,97.678
1790510400000,780.0,780.39,779.99,780.39,80.973
1790510460000,780.39,780.54,780.38,780.47,36.913
1790510520000,780.47,780.52,780.46,780.46,19.636
1790510580000,780.46,780.46,780.39,780.4,22.592
1790510640000,780.39,780.52,780.39,780.52,30.532
1790510700000,780.52,780.52,780.41,780.47,18.042
1790510760000,780.47,781.09,780.47,780.97,138.699
1790510820000,780.97,781.0,780.83,780.87,28.168
1790510880000,780.87,781.0,780.87,781.0,30.266
1790510940000,780.99,781.48,780.99,781.48,71.239
1790511000000,781.47,781.53,781.26,781.26,69.215
1790511060000,781.26,781.29,781.18,781.29,33.357
1790511120000,781.28,781.61,781.28,781.61,67.849
1790511180000,781.61,781.65,781.53,781.65,22.724
1790511240000,781.65,782.15,781.64,782.15,266.265
1790511300000,782.15,782.94,782.14,782.8,212.965
1790511360000,782.8,783.23,782.43,782.73,231.53
1790511420000,782.74,782.9,782.74,782.87,47.643
1790511480000,782.87,782.87,782.09,782.24,147.86
1790511540000,782.24,782.7,782.23,782.59,133.025
1790511600000,782.6,783.21,782.59,782.89,520.731
1790511660000,782.88,783.14,782.59,782.6,68.541
1790511720000,782.59,782.72,782.35,782.53,97.084
1790511780000,782.53,782.63,782.16,782.17,66.475
1790511840000,782.17,782.17,781.76,781.98,34.5
1790511900000,781.99,782.02,781.36,781.46,48.103
1790511960000,781.47,781.67,781.47,781.66,19.094
1790512020000,781.67,781.67,781.32,781.42,43.854
1790512080000,781.42,781.46,781.41,781.42,26.095
1790512140000,781.41,781.42,781.41,781.41,12.258
1790512200000,781.42,781.42,781.31,781.32,26.185
1790512260000,781.32,781.99,781.31,781.99,293.034
1790512320000,782.0,782.04,781.71,781.95,36.565
1790512380000,781.94,781.95,781.94,781.94,19.377
1790512440000,781.95,781.95,781.92,781.93,20.702
1790512500000,781.93,782.03,781.92,782.02,23.744
1790512560000,782.03,782.24,782.02,782.23,41.859
1790512620000,782.24,782.6,782.14,782.29,144.695
1790512680000,782.3,782.3,782.14,782.15,33.776
1790512740000,782.15,782.29,782.14,782.29,48.846
1790512800000,782.29,782.37,782.15,782.36,30.98
1790512860000,782.37,782.74,782.37,782.74,67.383
1790512920000,782.74,782.74,782.64,782.74,38.53
1790512980000,782.74,782.74,782.61,782.63,25.23
1790513040000,782.63,782.63,782.41,782.56,39.843
1790513100000,782.56,782.74,782.5,782.55,24.216
1790513160000,782.55,782.72,782.4,782.4,27.635
1790513220000,782.4,782.42,782.33,782.36,55.368
1790513280000,782.36,782.36,782.12,782.3,69.476
1790513340000,782.3,782.3,782.05,782.11,18.825
1790513400000,782.12,782.4,782.11,782.33,88.224
1790513460000,782.33,782.34,782.2,782.2,71.268
1790513520000,782.2,782.21,782.05,782.06,23.154
1790513580000,782.05,782.06,782.0,782.05,36.832
1790513640000,782.04,782.2,782.04,782.06,80.128
1790513700000,782.05,782.05,781.62,781.63,71.784
1790513760000,781.64,781.64,781.21,781.22,62.102
1790513820000,781.22,781.29,781.01,781.28,98.672
1790513880000,781.29,781.29,780.6,780.77,66.008
1790513940000,780.77,780.78,780.49,780.5,74.108
1790514000000,780.49,780.49,779.01,779.09,169.224
1790514060000,779.08,779.15,777.73,779.03,239.308
1790514120000,779.04,779.38,778.21,779.29,188.937
1790514180000,779.29,779.48,778.67,778.67,94.727
1790514240000,778.66,779.05,778.22,778.79,165.79
1790514300000,778.77,778.87,778.07,778.21,72.356
1790514360000,778.2,778.47,777.83,778.47,60.003
1790514420000,778.47,779.0,778.4,778.8,34.049
1790514480000,778.81,779.08,778.66,778.9,27.318
1790514540000,778.91,778.91,778.67,778.74,20.054
1790514600000,778.73,778.74,778.5,778.51,50.895
1790514660000,778.51,778.63,778.24,778.48,44.739
1790514720000,778.48,778.48,777.8,778.01,44.055
1790514780000,778.02,778.27,777.9,778.19,28.376
1790514840000,778.2,778.4,777.48,777.64,313.098
1790514900000,777.63,777.92,776.62,777.29,321.934
1790514960000,777.3,777.84,777.22,777.79,22.99
1790515020000,777.78,777.83,777.4,777.83,147.47
1790515080000,777.83,778.18,777.61,778.15,64.948
1790515140000,778.16,778.25,778.1,778.24,22.228
1790515200000,778.25,778.25,777.97,778.22,12.6
1790515260000,778.22,778.55,778.21,778.55,18.154
1790515320000,778.55,778.9,778.55,778.76,35.893
1790515380000,778.76,778.86,778.75,778.86,10.279
1790515440000,778.86,778.98,778.86,778.98,16.46
1790515500000,778.99,779.32,778.93,779.22,32.146
1790515560000,779.22,779.53,779.22,779.52,50.895
1790515620000,779.51,779.61,779.51,779.53,55.562
1790515680000,779.53,780.1,779.52,779.95,99.632
1790515740000,779.94,780.33,779.94,780.11,52.328
1790515800000,780.12,780.58,780.12,780.56,25.265
1790515860000,780.56,780.59,780.13,780.58,32.884
1790515920000,780.59,780.95,780.59,780.7,53.865
1790515980000,780.7,780.77,780.33,780.76,41.898
1790516040000,780.76,781.06,780.24,780.32,53.552
1790516100000,780.31,780.36,780.01,780.16,26.116
1790516160000,780.15,780.33,779.77,779.82,36.052
1790516220000,779.83,779.85,779.4,779.64,24.894
1790516280000,779.65,780.0,779.08,779.09,40.172
1790516340000,779.09,779.55,779.09,779.35,17.674
1790516400000,779.35,779.46,779.13,779.3,24.372
1790516460000,779.31,779.39,779.04,779.2,42.74
1790516520000,779.19,779.2,779.18,779.19,21.742
1790516580000,779.19,779.24,779.05,779.05,39.945
1790516640000,779.05,779.05,778.44,778.51,44.724
1790516700000,778.5,778.91,778.29,778.91,48.64
1790516760000,778.92,779.1,778.79,778.86,47.668
1790516820000,778.87,779.2,778.86,779.19,49.62
1790516880000,779.18,779.61,779.1,779.51,22.494
1790516940000,779.51,779.87,779.46,779.87,17.389
1790517000000,779.88,779.99,779.88,779.91,44.291
1790517060000,779.91,779.92,779.71,779.82,17.977
1790517120000,779.82,779.96,779.82,779.95,19.619
1790517180000,779.95,780.14,779.95,780.14,47.827
1790517240000,780.13,780.2,780.11,780.13,35.107
1790517300000,780.13,780.22,780.11,780.22,42.649
1790517360000,780.21,780.22,780.0,780.0,42.968
1790517420000,780.01,780.4,780.0,780.33,54.951
1790517480000,780.33,780.89,780.32,780.89,100.013
1790517540000,780.89,780.93,780.88,780.89,33.79
1790517600000,780.89,781.34,780.89,781.34,33.17
1790517660000,781.35,781.61,780.85,780.86,100.539
1790517720000,780.86,780.92,780.35,780.73,99.814
1790517780000,780.73,781.09,780.67,780.67,92.866
1790517840000,780.67,780.67,780.17,780.31,30.981
1790517900000,780.31,780.76,780.31,780.69,65.418
1790517960000,780.69,781.06,780.69,780.81,46.284
1790518020000,780.81,780.94,780.8,780.87,23.112
1790518080000,780.88,780.99,780.64,780.86,23.19
1790518140000,780.87,780.97,780.81,780.94,15.447
1790518200000,780.95,780.95,780.3,780.34,69.113
1790518260000,780.34,780.52,780.13,780.37,56.918
1790518320000,780.37,780.5,780.34,780.35,24.479
1790518380000,780.35,780.5,780.32,780.33,31.705
1790518440000,780.33,780.37,780.3,780.37,27.701
1790518500000,780.36,780.55,780.31,780.46,32.052
1790518560000,780.47,780.55,780.3,780.51,39.909
1790518620000,780.51,780.55,780.3,780.34,29.98
1790518680000,780.34,780.48,780.3,780.31,27.35
1790518740000,780.3,780.3,779.67,779.68,51.977
1790518800000,779.67,779.68,779.24,779.4,60.378
1790518860000,779.4,779.6,779.39,779.57,36.312
1790518920000,779.58,779.73,779.55,779.56,30.175
1790518980000,779.56,779.57,778.73,778.83,59.405
1790519040000,778.83,779.12,778.74,778.75,35.096
1790519100000,778.75,779.35,778.59,779.24,32.305
1790519160000,779.23,779.39,778.7,778.71,50.91
1790519220000,778.71,778.71,777.65,777.87,150.253
1790519280000,777.87,778.1,777.63,777.63,24.801
1790519340000,777.63,777.63,776.74,777.28,169.519
1790519400000,777.29,778.17,777.09,777.81,78.536
1790519460000,777.82,778.18,777.69,778.17,26.225
1790519520000,778.18,778.51,778.18,778.34,13.584
1790519580000,778.33,778.51,777.93,778.29,68.858
1790519640000,778.3,778.5,778.29,778.45,25.018
1790519700000,778.46,778.61,777.97,778.55,37.877
1790519760000,778.55,779.01,778.54,778.86,34.829
1790519820000,778.86,778.86,777.93,777.97,83.257
1790519880000,777.93,778.3,777.76,778.05,72.835
1790519940000,778.05,778.48,778.0,778.16,53.064
1790520000000,778.15,778.16,777.78,777.8,18.535
1790520060000,777.79,778.38,777.52,778.24,94.027
1790520120000,778.23,778.56,778.23,778.55,12.726
1790520180000,778.56,778.8,778.55,778.7,55.158
1790520240000,778.7,778.76,778.59,778.59,23.994
1790520300000,778.59,778.79,778.5,778.66,43.984
1790520360000,778.65,778.66,777.82,777.83,49.609
1790520420000,777.83,777.9,777.61,777.61,40.959
1790520480000,777.6,777.6,776.3,777.29,206.623
1790520540000,777.3,777.6,776.87,777.4,81.575
1790520600000,777.39,777.78,777.39,777.78,32.821
1790520660000,777.8,778.14,777.43,777.58,76.605
1790520720000,777.58,778.3,777.5,777.99,138.201
1790520780000,777.99,777.99,777.67,777.75,23.828
1790520840000,777.75,777.9,777.4,777.9,11.72
1790520900000,777.89,777.93,777.3,777.31,30.665
1790520960000,777.31,777.6,777.29,777.32,24.149
1790521020000,777.33,777.6,777.29,777.36,61.827
1790521080000,777.37,777.37,776.87,776.92,68.422
1790521140000,776.91,777.05,776.76,776.94,28.601
1790521200000,776.94,777.15,776.35,776.36,50.187
1790521260000,776.36,776.43,775.19,775.2,179.613
1790521320000,775.22,775.98,775.01,775.98,247.55
1790521380000,775.98,776.2,775.02,775.59,53.002
1790521440000,775.61,775.64,774.81,774.82,155.725
1790521500000,774.82,774.99,774.34,774.63,92.283
1790521560000,774.62,775.43,774.33,775.43,91.767
1790521620000,775.44,775.64,775.0,775.48,42.501
1790521680000,775.49,775.49,775.12,775.18,27.146
1790521740000,775.18,775.64,775.18,775.49,61.898
1790521800000,775.49,775.99,775.4,775.69,54.288
1790521860000,775.68,775.77,775.33,775.44,41.336
1790521920000,775.44,775.54,775.27,775.53,28.263
1790521980000,775.54,775.57,775.1,775.11,16.638
1790522040000,775.11,775.59,775.11,775.58,19.934
1790522100000,775.58,775.93,775.46,775.93,12.469
1790522160000,775.93,776.83,775.93,776.83,48.839
1790522220000,776.83,777.0,776.09,776.09,33.164
1790522280000,776.1,776.47,776.1,776.18,25.226
1790522340000,776.19,776.29,776.0,776.14,17.061
1790522400000,776.14,776.42,775.84,775.84,29.491
1790522460000,775.85,776.2,775.57,776.16,54.172
1790522520000,776.16,776.16,775.84,776.06,20.873
1790522580000,776.05,776.16,775.99,776.03,20.86
1790522640000,776.04,776.07,775.33,775.7,151.412
1790522700000,775.7,775.91,775.56,775.56,20.191
1790522760000,775.56,775.64,774.84,774.85,47.332
1790522820000,774.85,775.02,774.23,774.99,187.967
1790522880000,774.99,775.13,774.86,775.07,67.451
1790522940000,775.07,775.5,775.07,775.49,33.748
1790523000000,775.49,775.64,775.23,775.64,30.048
1790523060000,775.64,776.0,774.73,774.74,100.499
1790523120000,774.74,775.35,774.65,775.35,16.703
1790523180000,775.35,775.42,774.98,775.05,26.169
1790523240000,775.04,775.22,774.76,774.77,55.283
1790523300000,774.77,774.78,774.52,774.52,23.431
1790523360000,774.52,775.13,774.52,774.96,33.881
1790523420000,774.96,775.07,774.51,774.51,51.41
1790523480000,774.52,774.65,774.39,774.64,32.752
1790523540000,774.64,774.64,774.39,774.47,27.676
1790523600000,774.48,774.67,774.4,774.58,28.71
1790523660000,774.58,774.66,774.28,774.32,91.467
1790523720000,774.32,774.52,774.26,774.29,14.838
1790523780000,774.29,774.52,774.22,774.22,26.478
1790523840000,774.23,774.44,773.82,773.82,91.926
1790523900000,773.83,774.34,773.83,774.11,25.954
1790523960000,774.11,774.66,774.11,774.65,95.281
1790524020000,774.66,774.67,774.46,774.66,125.218
1790524080000,774.65,774.71,774.65,774.71,9.076
1790524140000,774.71,774.81,774.59,774.59,17.853
1790524200000,774.6,774.67,774.5,774.51,25.201
1790524260000,774.51,774.79,774.48,774.48,31.634
1790524320000,774.47,774.63,774.35,774.54,33.183
1790524380000,774.55,774.8,774.46,774.47,36.858
1790524440000,774.46,774.64,774.23,774.56,89.938
1790524500000,774.57,774.69,774.51,774.51,12.941
1790524560000,774.51,774.6,774.51,774.6,15.264
1790524620000,774.59,774.76,774.57,774.75,37.758
1790524680000,774.76,774.87,774.71,774.71,30.864
1790524740000,774.72,775.0,774.57,774.62,197.724
1790524800000,774.63,774.96,774.51,774.95,32.722
1790524860000,774.96,775.52,774.96,775.1,377.12
1790524920000,775.11,775.11,774.59,774.6,49.531
1790524980000,774.6,774.87,774.59,774.75,18.148
1790525040000,774.75,775.08,774.75,775.07,28.078
1790525100000,775.07,775.38,775.06,775.38,36.046
1790525160000,775.38,775.69,775.3,775.69,20.049
1790525220000,775.69,775.77,775.51,775.63,108.776
1790525280000,775.63,775.74,775.62,775.69,16.383
1790525340000,775.69,775.83,775.65,775.79,12.63
1790525400000,775.8,775.8,775.36,775.37,64.975
1790525460000,775.36,775.46,775.24,775.27,38.077
1790525520000,775.27,775.27,775.04,775.19,29.178
1790525580000,775.19,775.26,775.16,775.2,14.413
1790525640000,775.2,775.56,775.19,775.53,49.549
1790525700000,775.54,775.54,775.28,775.46,12.319
1790525760000,775.46,775.46,774.94,774.95,38.717
1790525820000,774.94,774.95,774.51,774.64,21.23
1790525880000,774.63,775.21,774.63,775.19,49.95
1790525940000,775.2,775.32,775.06,775.16,14.086
1790526000000,775.15,775.58,775.15,775.5,50.288
1790526060000,775.5,776.01,775.48,775.49,84.06
1790526120000,775.49,775.59,774.89,774.9,50.511
1790526180000,774.9,774.93,774.62,774.84,42.15
1790526240000,774.84,774.95,774.6,774.61,19.717
1790526300000,774.6,774.78,774.51,774.61,93.929
1790526360000,774.6,774.71,774.51,774.55,22.481
1790526420000,774.55,774.6,774.29,774.52,122.407
1790526480000,774.51,774.61,774.37,774.54,44.992
1790526540000,774.55,774.57,774.39,774.47,33.633
1790526600000,774.48,774.48,773.83,773.83,37.329
1790526660000,773.84,774.24,773.72,773.99,100.947
1790526720000,773.99,774.3,773.78,774.3,51.303
1790526780000,774.3,774.5,774.06,774.06,14.839
1790526840000,774.06,774.16,773.92,774.12,22.203
1790526900000,774.11,774.31,773.55,773.55,80.048
1790526960000,773.56,775.02,773.54,775.02,682.308
1790527020000,775.02,775.68,774.97,775.02,80.407
1790527080000,775.03,775.57,774.99,775.02,46.583
1790527140000,775.02,775.3,775.01,775.22,15.154
1790527200000,775.22,775.22,775.02,775.22,19.145
1790527260000,775.22,775.56,775.17,775.36,49.298
1790527320000,775.35,775.66,775.23,775.34,100.603
1790527380000,775.34,775.41,774.83,774.88,59.74
1790527440000,774.89,775.02,774.88,775.02,22.441
1790527500000,775.02,775.2,775.01,775.03,28.235
1790527560000,775.03,775.2,775.03,775.19,27.339
1790527620000,775.2,775.32,775.19,775.31,32.038
1790527680000,775.3,775.36,775.15,775.15,22.473
1790527740000,775.14,775.14,774.89,775.07,67.304
1790527800000,775.08,775.08,774.8,774.8,19.666
1790527860000,774.8,775.13,774.7,775.13,72.781
1790527920000,775.13,775.79,775.12,775.79,24.148
1790527980000,775.79,775.88,775.55,775.56,12.904
1790528040000,775.56,775.68,775.51,775.51,13.569
1790528100000,775.51,775.66,775.43,775.47,18.556
1790528160000,775.46,775.68,775.46,775.68,19.706
1790528220000,775.67,775.82,775.67,775.82,13.016
1790528280000,775.82,775.97,775.82,775.96,25.89
1790528340000,775.96,776.0,775.77,775.81,24.519
1790528400000,775.81,775.94,775.79,775.93,23.212
1790528460000,775.94,776.16,775.94,775.98,36.874
1790528520000,775.98,776.25,775.97,776.25,42.377
1790528580000,776.25,776.34,776.25,776.33,6.729
1790528640000,776.34,776.34,776.25,776.34,10.428
1790528700000,776.34,776.34,776.2,776.21,6.21
1790528760000,776.21,776.29,775.83,775.83,92.124
1790528820000,775.82,776.05,775.3,776.05,24.669
1790528880000,776.05,776.05,775.75,775.89,14.365
1790528940000,775.88,775.89,775.73,775.87,12.018
1790529000000,775.87,776.21,775.86,776.01,85.072
1790529060000,776.01,776.01,775.89,775.89,5.883
1790529120000,775.9,775.98,775.89,775.97,4.084
1790529180000,775.98,776.1,775.97,775.98,12.428
1790529240000,775.99,776.06,775.99,776.05,7.611
1790529300000,776.06,776.14,776.05,776.14,6.201
1790529360000,776.13,776.21,776.13,776.14,8.515
1790529420000,776.13,776.29,776.13,776.29,26.397
1790529480000,776.28,776.29,776.28,776.28,6.544
1790529540000,776.29,776.61,776.2,776.29,87.201
1790529600000,776.29,776.51,776.28,776.29,29.236
1790529660000,776.28,776.29,775.98,776.03,37.851
1790529720000,776.03,776.11,776.03,776.11,7.554
1790529780000,776.11,776.27,776.11,776.27,9.55
1790529840000,776.27,776.27,776.03,776.26,17.795
1790529900000,776.27,776.32,776.21,776.32,9.743
1790529960000,776.32,776.32,776.28,776.28,8.36
1790530020000,776.27,776.27,776.11,776.12,10.867
1790530080000,776.11,776.11,776.04,776.05,6.218
1790530140000,776.05,776.05,775.68,775.69,37.356
1790530200000,775.68,775.9,775.68,775.9,10.295
1790530260000,775.9,776.19,775.8,776.18,54.859
1790530320000,776.18,776.19,775.98,775.99,6.383
1790530380000,775.98,775.98,775.82,775.95,25.662
1790530440000,775.94,776.05,775.94,776.05,13.604
1790530500000,776.05,776.28,776.05,776.28,10.963
1790530560000,776.29,776.79,776.29,776.46,125.924
1790530620000,776.46,776.75,776.45,776.47,29.642
1790530680000,776.47,776.65,776.44,776.61,11.295
1790530740000,776.6,776.83,776.6,776.82,7.026
1790530800000,776.82,776.82,776.53,776.65,18.771
1790530860000,776.66,776.77,776.65,776.74,43.403
1790530920000,776.74,776.83,776.69,776.83,24.101
1790530980000,776.82,777.0,776.59,776.63,43.32
1790531040000,776.63,777.0,776.62,776.99,30.008
1790531100000,776.99,777.44,776.99,777.43,47.204
1790531160000,777.44,777.48,777.4,777.41,19.114
1790531220000,777.41,777.41,777.28,777.36,13.853
1790531280000,777.37,777.4,777.29,777.4,6.173
1790531340000,777.39,777.88,777.39,777.78,70.521
1790531400000,777.77,777.77,777.48,777.48,16.334
1790531460000,777.48,777.51,777.39,777.4,5.386
1790531520000,777.4,777.41,777.39,777.41,11.582
1790531580000,777.41,777.41,777.4,777.41,4.354
1790531640000,777.41,777.41,777.4,777.4,4.644
1790531700000,777.41,777.5,777.31,777.31,16.56
1790531760000,777.32,777.49,777.32,777.36,11.945
1790531820000,777.36,777.5,777.35,777.5,21.382
1790531880000,777.49,777.69,777.49,777.68,11.088
1790531940000,777.68,777.76,777.62,777.62,20.238
1790532000000,777.63,777.74,777.61,777.74,11.783
1790532060000,777.74,777.8,777.74,777.8,5.515
1790532120000,777.79,777.86,777.72,777.72,21.715
1790532180000,777.72,777.73,777.62,777.72,22.439
1790532240000,777.71,777.72,777.71,777.72,11.404
1790532300000,777.71,778.0,777.71,777.75,29.22
1790532360000,777.75,777.9,777.64,777.64,15.51
1790532420000,777.64,777.7,777.5,777.5,10.713
1790532480000,777.5,777.51,777.5,777.5,6.361
1790532540000,777.51,777.6,777.43,777.59,7.417
1790532600000,777.6,777.92,777.57,777.92,13.675
1790532660000,777.91,778.0,777.87,777.99,67.591
1790532720000,778.0,778.0,777.7,777.7,7.644
1790532780000,777.71,777.76,777.7,777.76,6.682
1790532840000,777.76,777.85,777.76,777.8,16.054
1790532900000,777.8,778.23,777.8,778.15,66.218
1790532960000,778.15,778.42,778.15,778.41,14.71
1790533020000,778.42,778.53,778.42,778.53,9.643
1790533080000,778.54,778.54,778.25,778.28,61.773
1790533140000,778.28,778.42,778.27,778.41,5.697
1790533200000,778.42,778.5,778.15,778.15,87.655
1790533260000,778.16,778.53,778.16,778.52,18.984
1790533320000,778.53,778.54,778.24,778.48,24.762
1790533380000,778.48,778.8,778.26,778.36,101.784
1790533440000,778.37,778.52,778.37,778.52,4.254
1790533500000,778.52,778.53,778.34,778.46,16.037
1790533560000,778.46,778.54,778.45,778.53,25.679
1790533620000,778.53,778.69,778.53,778.57,6.098
1790533680000,778.57,778.74,778.35,778.74,8.034
1790533740000,778.74,778.97,778.74,778.97,7.067
1790533800000,778.96,778.97,778.58,778.65,20.04
1790533860000,778.65,778.96,778.61,778.68,10.763
1790533920000,778.68,778.83,778.58,778.58,7.833
1790533980000,778.59,778.59,778.58,778.59,6.129
1790534040000,778.58,778.68,778.58,778.58,5.488
1790534100000,778.59,779.0,778.58,779.0,27.355
1790534160000,778.99,779.13,778.77,778.85,22.028
1790534220000,778.86,778.99,778.67,778.71,28.14
1790534280000,778.72,778.99,778.69,778.7,21.839
1790534340000,778.7,778.88,778.69,778.88,7.738
1790534400000,778.88,779.04,778.87,778.94,20.698
1790534460000,778.94,778.95,778.58,778.81,24.874
1790534520000,778.81,779.09,778.8,778.88,56.907
1790534580000,778.88,779.07,778.88,779.07,31.675
1790534640000,779.1,779.31,779.01,779.25,48.066
1790534700000,779.25,779.3,779.05,779.14,15.931
1790534760000,779.13,779.4,779.13,779.4,16.377
1790534820000,779.4,779.45,779.22,779.22,12.133
1790534880000,779.22,779.31,779.13,779.27,9.536
1790534940000,779.26,779.27,779.06,779.15,4.544
1790535000000,779.14,779.15,779.07,779.14,2.722
1790535060000,779.15,779.15,778.5,778.56,60.666
1790535120000,778.56,778.73,778.51,778.53,17.59
1790535180000,778.52,778.53,778.51,778.51,12.355
1790535240000,778.52,778.67,778.52,778.57,14.473
1790535300000,778.57,778.72,778.57,778.66,4.825
1790535360000,778.66,778.87,778.66,778.8,20.337
1790535420000,778.8,778.86,778.66,778.86,9.334
1790535480000,778.86,779.0,778.85,778.91,10.36
1790535540000,778.91,779.14,778.9,779.12,24.448
1790535600000,779.13,779.2,778.71,778.81,66.005
1790535660000,778.86,779.17,778.76,778.76,26.645
1790535720000,778.75,778.75,778.5,778.51,5.478
1790535780000,778.51,778.63,778.51,778.57,6.03
1790535840000,778.58,778.58,778.57,778.58,9.06
1790535900000,778.57,778.57,778.53,778.53,14.982
1790535960000,778.54,778.7,778.53,778.69,27.567
1790536020000,778.7,778.7,778.64,778.65,8.103
1790536080000,778.65,778.69,778.65,778.69,8.342
1790536140000,778.69,779.05,778.68,779.05,43.619
1790536200000,779.06,779.12,778.64,778.75,142.94
1790536260000,778.76,778.82,778.68,778.71,68.119
1790536320000,778.71,779.14,778.52,779.05,210.94
1790536380000,779.04,779.2,779.04,779.19,30.836
1790536440000,779.2,779.38,779.09,779.09,28.966
1790536500000,779.1,779.5,779.1,779.5,23.012
1790536560000,779.5,779.5,779.49,779.5,22.561
1790536620000,779.5,779.6,779.31,779.31,40.582
1790536680000,779.31,779.83,779.31,779.63,103.576
1790536740000,779.64,779.75,779.63,779.75,11.018
1790536800000,779.74,779.75,779.06,779.11,75.465
1790536860000,779.11,779.27,778.92,778.93,25.203
1790536920000,778.93,778.93,778.87,778.91,4.081
1790536980000,778.91,779.03,778.91,778.94,97.01
1790537040000,778.94,779.11,778.82,779.11,8.56
1790537100000,779.1,779.11,778.93,778.94,11.578
1790537160000,778.94,778.94,778.65,778.66,7.006
1790537220000,778.65,778.65,778.35,778.4,17.367
1790537280000,778.39,778.4,778.3,778.3,5.746
1790537340000,778.3,778.45,778.3,778.45,3.751
1790537400000,778.45,778.55,778.27,778.29,5.005
1790537460000,778.3,778.56,778.22,778.32,19.334
1790537520000,778.32,778.38,778.15,778.15,120.108
1790537580000,778.15,778.16,778.01,778.12,152.735
1790537640000,778.13,778.35,778.13,778.35,4.64
1790537700000,778.34,778.35,778.12,778.13,8.204
1790537760000,778.12,778.35,778.12,778.35,7.402
1790537820000,778.35,778.85,778.35,778.66,115.453
1790537880000,778.67,778.81,778.63,778.78,25.974
1790537940000,778.76,778.83,778.56,778.82,29.199
1790538000000,778.83,778.87,778.57,778.57,10.626
1790538060000,778.57,778.95,778.57,778.95,39.876
1790538120000,778.94,778.95,778.6,778.61,13.547
1790538180000,778.6,778.61,778.56,778.61,2.656
1790538240000,778.61,778.61,778.6,778.6,1.953
1790538300000,778.61,778.71,778.6,778.71,2.668
1790538360000,778.71,779.0,778.71,778.99,14.145
1790538420000,779.0,779.02,778.91,778.91,11.347
1790538480000,778.91,778.96,778.83,778.85,4.226
1790538540000,778.85,778.85,778.71,778.83,1.738
1790538600000,778.83,778.83,778.68,778.69,3.272
1790538660000,778.69,778.69,778.55,778.56,16.589
1790538720000,778.55,778.55,778.2,778.32,100.54
1790538780000,778.32,778.38,778.31,778.32,4.022
1790538840000,778.32,778.38,778.31,778.32,3.213
1790538900000,778.32,778.46,778.23,778.46,5.749
1790538960000,778.46,778.46,778.38,778.43,5.655
1790539020000,778.44,778.52,778.4,778.42,11.532
1790539080000,778.41,778.74,778.37,778.55,15.342
1790539140000,778.56,778.56,778.52,778.52,4.499
1790539200000,778.53,778.88,778.52,778.71,48.541
1790539260000,778.71,778.95,778.71,778.87,114.343
1790539320000,778.88,778.88,778.81,778.82,12.169
1790539380000,778.81,779.02,778.81,779.02,5.737
1790539440000,779.02,779.07,779.02,779.07,11.435
1790539500000,779.07,779.07,778.91,778.92,23.821
1790539560000,778.92,778.92,778.61,778.61,14.971
1790539620000,778.62,778.72,778.61,778.71,6.822
1790539680000,778.71,778.9,778.6,778.89,73.88
1790539740000,778.89,778.92,778.74,778.8,12.788
1790539800000,778.81,778.89,778.81,778.89,18.803
1790539860000,778.91,779.0,778.78,778.9,60.439
1790539920000,778.91,779.05,778.91,779.04,13.428
1790539980000,779.05,779.11,779.04,779.1,7.676
1790540040000,779.11,779.23,779.1,779.22,5.78
1790540100000,779.23,779.3,779.22,779.29,10.385
1790540160000,779.28,779.29,779.0,779.0,11.358
1790540220000,779.0,779.01,778.75,778.76,56.328
1790540280000,778.75,778.76,778.58,778.64,2.59
1790540340000,778.64,778.66,778.64,778.66,3.611
1790540400000,778.66,778.66,778.44,778.44,10.964
1790540460000,778.44,778.45,778.0,778.08,108.291
1790540520000,778.08,778.2,778.07,778.2,3.059
1790540580000,778.19,778.19,777.98,778.0,12.498
1790540640000,778.0,778.0,777.49,777.65,75.681
1790540700000,777.65,777.69,777.61,777.67,4.285
1790540760000,777.67,777.67,777.49,777.5,10.711
1790540820000,777.5,777.58,777.5,777.58,3.974
1790540880000,777.57,777.58,777.53,777.57,9.069
1790540940000,777.57,777.57,777.56,777.56,5.447
1790541000000,777.56,777.88,777.56,777.88,85.919
1790541060000,777.88,778.0,777.88,778.0,2.18
1790541120000,778.0,778.0,777.8,777.8,7.594
1790541180000,777.8,777.8,777.79,777.79,4.711
1790541240000,777.8,778.16,777.8,778.08,27.601
1790541300000,778.08,778.1,778.01,778.1,14.005
1790541360000,778.1,778.38,778.1,778.38,5.057
1790541420000,778.37,778.44,778.08,778.09,33.654
1790541480000,778.09,778.22,778.05,778.22,7.065
1790541540000,778.22,778.38,778.22,778.23,23.505
1790541600000,778.23,778.34,778.19,778.34,19.105
1790541660000,778.34,778.52,778.26,778.42,79.509
1790541720000,778.42,778.47,778.39,778.4,5.205
1790541780000,778.4,778.4,778.39,778.4,5.107
1790541840000,778.4,778.4,778.39,778.4,5.087
1790541900000,778.4,778.6,778.4,778.56,59.706
1790541960000,778.56,778.56,778.32,778.34,23.714
1790542020000,778.34,778.34,777.66,777.66,45.742
1790542080000,777.66,777.66,777.58,777.63,12.455
1790542140000,777.63,777.86,777.42,777.42,77.885
1790542200000,777.43,777.5,777.32,777.32,9.508
1790542260000,777.32,777.35,777.31,777.34,5.841
1790542320000,777.34,777.42,777.26,777.42,8.133
1790542380000,777.41,777.42,777.41,777.42,4.731
1790542440000,777.42,777.42,777.15,777.22,71.679
1790542500000,777.21,777.22,777.21,777.22,30.171
1790542560000,777.21,777.52,777.21,777.51,17.076
1790542620000,777.52,777.54,777.31,777.52,80.988
1790542680000,777.53,777.63,777.52,777.62,5.102
1790542740000,777.63,777.65,777.56,777.56,9.317
1790542800000,777.57,777.75,777.56,777.75,8.311
1790542860000,777.75,777.8,777.75,777.8,2.649
1790542920000,777.8,777.8,777.49,777.5,11.443
1790542980000,777.49,778.04,777.49,778.04,79.069
1790543040000,778.03,778.04,778.03,778.04,3.353
1790543100000,778.03,778.05,777.81,777.92,22.688
1790543160000,777.91,778.0,777.91,778.0,10.451
1790543220000,778.0,778.06,778.0,778.06,3.939
1790543280000,778.06,778.06,778.05,778.06,3.626
1790543340000,778.06,778.06,778.05,778.06,6.046
1790543400000,778.05,778.13,778.05,778.13,4.821
1790543460000,778.13,778.13,778.12,778.12,3.536
1790543520000,778.12,778.13,778.12,778.13,9.157
1790543580000,778.12,778.49,778.06,778.49,28.411
1790543640000,778.48,778.53,778.48,778.53,8.025
1790543700000,778.52,778.84,778.52,778.68,50.609
1790543760000,778.68,778.82,778.48,778.58,39.347
1790543820000,778.58,778.58,778.57,778.58,7.112
1790543880000,778.57,778.65,778.48,778.65,9.306
1790543940000,778.65,778.65,778.36,778.37,27.459
1790544000000,778.37,778.43,778.37,778.43,3.864
1790544060000,778.42,778.42,778.22,778.23,15.738
1790544120000,778.23,778.23,778.19,778.2,17.837
1790544180000,778.2,778.2,778.19,778.2,0.853
1790544240000,778.2,778.42,778.2,778.42,45.291
1790544300000,778.42,778.54,778.41,778.42,16.243
1790544360000,778.42,778.42,778.34,778.34,24.081
1790544420000,778.34,778.34,778.19,778.26,11.047
1790544480000,778.26,778.26,778.11,778.11,15.227
1790544540000,778.12,778.12,778.09,778.1,4.525
1790544600000,778.09,778.1,777.97,777.98,13.823
1790544660000,777.98,777.98,777.88,777.94,21.766
1790544720000,777.94,777.95,777.82,777.87,18.87
1790544780000,777.87,777.87,777.81,777.82,16.694
1790544840000,777.82,778.02,777.81,778.02,20.158
1790544900000,778.02,778.17,777.86,777.86,84.529
1790544960000,777.87,778.09,777.07,777.17,91.862
1790545020000,777.17,777.2,776.45,777.0,78.336
1790545080000,777.03,777.58,777.03,777.58,9.135
1790545140000,777.58,777.78,777.58,777.78,15.398
1790545200000,777.77,777.87,777.74,777.74,18.522
1790545260000,777.74,777.76,777.74,777.76,11.146
1790545320000,777.76,777.85,777.75,777.85,5.411
1790545380000,777.86,777.86,777.73,777.85,7.084
1790545440000,777.85,777.85,777.77,777.77,13.457
1790545500000,777.78,778.08,777.78,778.08,22.547
1790545560000,778.08,778.31,778.07,778.31,17.948
1790545620000,778.3,778.34,778.3,778.32,16.023
1790545680000,778.32,778.49,778.31,778.49,15.358
1790545740000,778.49,778.5,778.32,778.41,47.184
1790545800000,778.41,778.51,778.4,778.51,16.757
1790545860000,778.51,778.88,778.51,778.88,5.699
1790545920000,778.89,778.95,778.88,778.95,9.368
1790545980000,778.95,778.96,778.94,778.96,4.82
1790546040000,778.95,778.96,778.8,778.81,16.962
1790546100000,778.81,778.83,778.8,778.82,8.461
1790546160000,778.83,779.15,778.63,779.15,85.412
1790546220000,779.15,779.88,779.09,779.66,242.596
1790546280000,779.67,779.79,779.65,779.67,27.174
1790546340000,779.66,779.83,779.53,779.6,92.957
1790546400000,779.61,780.19,779.14,779.34,200.348
1790546460000,779.34,779.34,777.59,778.03,175.038
1790546520000,778.03,778.03,776.92,777.47,144.452
1790546580000,777.48,777.6,776.96,777.45,30.873
1790546640000,777.46,777.76,777.24,777.71,7.886
1790546700000,777.7,778.13,777.53,777.96,31.394
1790546760000,777.96,778.56,777.96,778.13,102.948
1790546820000,778.13,778.13,777.24,777.53,112.923
1790546880000,777.52,777.52,776.77,776.9,18.904
1790546940000,776.9,777.25,776.86,777.22,26.018
1790547000000,777.22,777.36,776.98,777.36,11.996
1790547060000,777.36,777.54,777.0,777.0,9.638
1790547120000,777.0,777.1,776.83,776.98,34.827
1790547180000,776.98,777.06,776.1,776.11,63.628
1790547240000,776.11,776.11,775.71,775.71,61.882
1790547300000,775.72,775.72,775.38,775.49,26.273
1790547360000,775.53,775.56,775.34,775.47,18.713
1790547420000,775.48,776.2,775.48,776.2,27.124
1790547480000,776.2,776.35,776.04,776.35,57.981
1790547540000,776.35,776.75,776.28,776.74,15.276
1790547600000,776.76,776.97,776.43,776.43,33.891
1790547660000,776.41,776.9,776.25,776.79,30.5
1790547720000,776.75,777.42,776.75,777.42,22.598
1790547780000,777.44,777.88,777.44,777.69,44.667
1790547840000,777.7,777.78,777.65,777.7,11.272
1790547900000,777.7,777.93,777.68,777.86,5.792
1790547960000,777.87,777.9,777.61,777.62,9.163
1790548020000,777.62,777.96,777.61,777.95,13.042
1790548080000,777.96,777.96,777.82,777.9,3.626
1790548140000,777.86,777.86,777.55,777.56,5.611
1790548200000,777.56,777.57,776.52,776.52,7.699
1790548260000,776.5,776.5,775.88,775.88,17.648
1790548320000,775.87,775.87,775.45,775.45,22.627
1790548380000,775.45,775.53,775.09,775.1,38.328
1790548440000,775.1,775.18,774.44,774.44,72.482
1790548500000,774.45,774.8,774.17,774.8,112.102
1790548560000,774.77,775.13,774.42,774.42,19.513
1790548620000,774.39,774.65,774.26,774.58,48.67
1790548680000,774.58,774.84,774.55,774.75,9.917
1790548740000,774.75,775.13,774.75,774.89,105.879
1790548800000,774.88,775.0,774.78,774.91,5.119
1790548860000,774.91,774.91,774.69,774.69,6.536
1790548920000,774.7,774.77,774.69,774.69,14.799
1790548980000,774.69,774.69,774.61,774.62,26.916
1790549040000,774.61,774.82,774.52,774.61,42.088
1790549100000,774.6,774.6,774.34,774.35,17.697
1790549160000,774.35,774.35,774.08,774.18,11.012
1790549220000,774.19,774.56,774.08,774.56,41.025
1790549280000,774.56,774.6,774.08,774.09,10.469
1790549340000,774.08,774.22,774.08,774.13,7.471
1790549400000,774.13,774.69,774.13,774.6,33.285
1790549460000,774.59,774.8,774.49,774.64,24.138
1790549520000,774.65,775.09,774.65,774.98,17.506
1790549580000,774.98,775.01,774.81,774.98,13.349
1790549640000,774.98,774.98,774.84,774.88,4.148
1790549700000,774.89,775.28,774.89,775.21,9.704
1790549760000,775.21,775.21,774.88,775.1,25.248
1790549820000,775.11,775.24,775.0,775.24,90.987
1790549880000,775.24,775.32,775.13,775.13,58.601
1790549940000,775.12,775.2,775.01,775.05,3.726
1790550000000,775.03,775.82,774.8,775.82,63.634
1790550060000,775.82,776.14,775.57,776.13,17.77
1790550120000,776.14,776.39,775.87,775.87,14.6
1790550180000,775.87,776.13,775.86,776.13,14.962
1790550240000,776.14,776.46,776.14,776.24,18.247
1790550300000,776.24,776.52,776.14,776.14,11.254
1790550360000,776.12,776.12,775.44,775.65,14.433
1790550420000,775.65,775.82,775.5,775.57,17.523
1790550480000,775.57,775.65,775.35,775.36,30.608
1790550540000,775.36,775.36,775.0,775.01,45.176
1790550600000,775.0,775.54,774.88,775.33,41.21
1790550660000,775.33,775.73,775.17,775.47,27.535
1790550720000,775.47,775.67,775.46,775.54,10.837
1790550780000,775.58,776.44,775.58,776.44,30.381
1790550840000,776.41,776.41,775.62,775.62,19.611
1790550900000,775.62,775.91,775.47,775.54,18.2
1790550960000,775.53,776.34,775.49,776.34,17.041
1790551020000,776.37,776.68,776.21,776.21,74.84
1790551080000,776.22,776.62,776.21,776.35,30.384
1790551140000,776.35,776.62,776.26,776.51,34.208
1790551200000,776.42,776.92,776.39,776.82,15.396
1790551260000,776.81,777.0,776.73,776.98,11.13
1790551320000,776.98,777.0,776.75,777.0,35.148
1790551380000,777.0,777.08,776.89,776.89,25.9
1790551440000,776.9,777.23,776.89,777.18,38.48
1790551500000,777.15,777.41,777.07,777.31,12.028
1790551560000,777.31,777.65,777.31,777.64,34.631
1790551620000,777.65,777.86,777.47,777.85,89.648
1790551680000,777.87,778.0,777.49,777.75,48.778
1790551740000,777.76,777.97,777.76,777.77,15.322
1790551800000,777.77,778.3,777.76,778.3,83.932
1790551860000,778.3,778.43,778.3,778.32,8.256
1790551920000,778.33,778.53,778.25,778.44,32.677
1790551980000,778.45,778.53,778.14,778.25,20.169
1790552040000,778.26,778.26,777.58,777.96,13.499
1790552100000,777.96,777.99,777.23,777.71,134.475
1790552160000,777.7,777.75,777.61,777.71,5.16
1790552220000,777.72,778.04,777.71,777.98,17.324
1790552280000,777.97,778.04,777.59,777.59,21.84
1790552340000,777.59,777.81,777.59,777.81,9.105
1790552400000,777.8,777.94,777.8,777.94,8.845
1790552460000,777.94,777.94,777.63,777.74,15.121
1790552520000,777.75,777.75,777.51,777.63,25.029
1790552580000,777.63,777.63,777.3,777.4,54.007
1790552640000,777.4,777.45,777.11,777.27,140.63
1790552700000,777.28,777.42,777.19,777.26,6.006
1790552760000,777.25,777.73,777.17,777.72,20.108
1790552820000,777.72,777.99,777.55,777.98,134.847
1790552880000,777.98,778.46,777.98,778.46,125.715
1790552940000,778.46,778.66,778.45,778.61,37.01
1790553000000,778.61,779.0,778.51,779.0,11.465
1790553060000,779.0,779.22,778.86,779.22,83.613
1790553120000,779.23,779.4,779.23,779.37,9.596
1790553180000,779.36,779.42,779.26,779.26,20.211
1790553240000,779.25,779.26,779.07,779.07,56.246
1790553300000,779.07,779.07,778.9,778.99,54.944
1790553360000,778.99,779.36,778.99,779.28,49.228
1790553420000,779.28,779.36,779.27,779.29,21.184
1790553480000,779.29,779.3,778.6,778.78,114.821
1790553540000,778.78,778.9,778.64,778.9,43.654
1790553600000,778.9,779.1,778.6,778.93,92.406
1790553660000,778.94,779.43,778.83,779.38,56.024
1790553720000,779.37,779.9,779.26,779.49,138.929
1790553780000,779.49,779.59,779.11,779.56,58.635
1790553840000,779.53,779.54,779.27,779.46,74.005
1790553900000,779.46,779.61,779.3,779.32,24.923
1790553960000,779.32,779.45,779.3,779.45,41.071
1790554020000,779.44,779.45,778.84,779.14,31.968
1790554080000,779.14,779.26,778.6,778.8,446.822
1790554140000,778.8,778.8,778.37,778.47,38.904
1790554200000,778.48,778.7,778.06,778.06,62.926
1790554260000,778.06,778.25,778.0,778.0,7.876
1790554320000,778.01,778.04,777.74,778.04,4.437
1790554380000,778.05,778.23,777.88,778.12,81.633
1790554440000,778.12,778.58,778.12,778.36,13.38
1790554500000,778.36,778.5,778.23,778.5,8.061
1790554560000,778.5,779.68,778.5,779.54,118.85
1790554620000,779.54,779.67,779.46,779.63,74.633
1790554680000,779.64,780.08,779.48,780.08,80.039
1790554740000,780.08,783.68,780.04,783.59,3735.813
1790554800000,783.59,784.48,782.76,783.81,835.774
1790554860000,783.82,784.5,783.81,784.5,302.725
1790554920000,784.5,784.55,783.6,783.61,169.423
1790554980000,783.6,784.15,783.23,783.67,182.283
1790555040000,783.66,784.0,783.36,783.44,80.22
1790555100000,783.43,783.54,783.14,783.33,133.413
1790555160000,783.33,783.84,783.21,783.21,72.162
1790555220000,783.22,783.45,782.87,782.87,156.009
1790555280000,782.88,783.1,782.42,782.95,96.843
1790555340000,782.96,783.54,782.96,783.43,98.515
1790555400000,783.44,783.57,782.64,782.96,264.521
1790555460000,782.96,782.96,781.12,781.5,411.741
1790555520000,781.49,781.54,780.0,780.12,203.757
1790555580000,780.11,780.58,779.27,779.28,135.181
1790555640000,779.29,780.11,779.09,779.52,134.754
1790555700000,779.51,779.76,778.7,778.84,37.132
1790555760000,778.85,779.43,778.77,778.78,29.595
1790555820000,778.78,779.2,778.69,779.04,29.965
1790555880000,779.04,779.38,778.8,779.14,78.171
1790555940000,779.15,779.34,778.42,778.42,72.982
1790556000000,778.41,778.43,778.16,778.42,36.968
1790556060000,778.42,778.64,778.14,778.64,39.951
1790556120000,778.65,778.86,778.47,778.49,37.874
1790556180000,778.49,778.8,778.49,778.62,7.05
1790556240000,778.63,779.19,778.63,779.02,18.048
1790556300000,779.02,780.2,779.02,780.0,155.109
1790556360000,780.01,780.79,780.01,780.5,166.675
1790556420000,780.51,781.18,780.51,781.18,76.831
1790556480000,781.18,781.37,781.05,781.37,67.304
1790556540000,781.37,781.77,781.36,781.66,42.454
1790556600000,781.66,782.21,781.66,782.21,70.159
1790556660000,782.2,782.73,782.11,782.48,121.341
1790556720000,782.48,782.48,781.62,781.62,54.238
1790556780000,781.63,781.8,781.47,781.48,65.661
1790556840000,781.49,781.49,780.59,780.59,105.133
1790556900000,780.6,780.89,780.03,780.03,82.004
1790556960000,780.01,780.16,779.47,779.47,50.383
1790557020000,779.47,779.47,778.93,778.93,192.921
1790557080000,778.92,779.56,778.91,778.99,11.531
1790557140000,778.99,778.99,778.49,778.49,44.49
1790557200000,778.49,778.7,778.15,778.29,88.464
1790557260000,778.37,778.6,777.51,777.88,120.36
1790557320000,777.95,778.68,777.63,778.51,53.65
1790557380000,778.52,778.77,777.54,777.76,71.677
1790557440000,777.78,778.5,777.32,778.5,97.354
1790557500000,778.51,778.56,777.29,777.31,36.386
1790557560000,777.31,777.8,776.62,777.72,92.729
1790557620000,777.73,779.8,777.73,779.8,67.623
1790557680000,779.8,780.07,779.61,780.07,28.802
1790557740000,780.07,780.15,778.55,778.81,73.131
1790557800000,778.82,779.1,778.39,778.43,33.58
1790557860000,778.45,778.59,778.09,778.59,47.746
1790557920000,778.59,779.12,777.61,777.65,194.927
1790557980000,777.64,777.64,776.83,777.0,88.362
1790558040000,777.05,777.64,777.0,777.0,12.258
1790558100000,777.0,777.49,776.73,777.15,76.764
1790558160000,777.14,777.57,776.92,777.36,49.27
1790558220000,777.36,778.34,777.12,777.13,109.885
1790558280000,777.23,777.95,777.0,777.64,174.084
1790558340000,777.63,777.93,776.94,777.83,72.907
1790558400000,777.81,778.25,777.81,778.0,68.555
1790558460000,778.0,779.9,778.0,779.7,198.46
1790558520000,779.69,779.69,778.51,778.51,56.168
1790558580000,778.5,779.28,778.04,778.4,85.388
1790558640000,778.38,778.39,777.94,778.26,23.206
1790558700000,778.29,778.74,778.03,778.74,18.469
1790558760000,778.74,779.68,778.74,779.68,16.262
1790558820000,779.69,779.96,779.33,779.41,28.756
1790558880000,779.4,779.4,778.88,779.15,22.345
1790558940000,779.15,779.4,778.85,778.96,9.456
1790559000000,778.96,779.85,778.86,778.98,37.674
1790559060000,778.96,779.47,778.88,778.92,29.293
1790559120000,778.94,779.13,778.43,779.11,16.537
1790559180000,779.16,779.4,779.08,779.09,34.088
1790559240000,779.08,779.4,778.83,778.83,136.453
1790559300000,778.82,778.86,777.95,778.52,37.388
1790559360000,778.52,778.68,778.09,778.09,11.245
1790559420000,778.08,778.27,777.89,777.89,26.801
1790559480000,777.89,778.11,777.45,777.45,45.286
1790559540000,777.46,778.01,777.21,777.79,29.639
1790559600000,777.79,777.86,776.89,776.89,189.802
1790559660000,776.89,777.72,776.78,777.63,69.05
1790559720000,777.66,777.93,777.23,777.23,25.941
1790559780000,777.22,777.22,776.75,776.79,30.31
1790559840000,776.79,776.79,775.85,775.85,235.316
1790559900000,775.84,776.51,775.72,776.09,50.26
1790559960000,776.09,776.09,775.66,775.66,21.99
1790560020000,775.67,776.09,775.52,776.09,52.394
1790560080000,776.1,776.19,775.15,775.18,47.677
1790560140000,775.18,775.37,773.47,773.66,290.554
1790560200000,773.71,775.13,772.67,774.78,337.731
1790560260000,774.78,775.66,774.56,775.33,106.741
1790560320000,775.33,775.67,774.6,775.0,56.712
1790560380000,775.0,775.19,774.66,775.12,48.876
1790560440000,775.12,775.8,774.93,774.93,76.209
1790560500000,774.94,775.26,774.56,774.93,35.227
1790560560000,774.83,775.68,774.61,775.68,119.394
1790560620000,775.74,775.98,774.17,774.17,70.176
1790560680000,774.16,774.33,773.93,774.14,40.656
1790560740000,774.14,774.25,773.95,773.96,29.605
1790560800000,773.96,773.96,772.8,772.81,122.58
1790560860000,772.81,774.1,772.5,774.04,186.025
1790560920000,774.03,774.04,772.81,773.17,125.67
1790560980000,773.17,773.53,772.37,773.53,127.812
1790561040000,773.56,774.04,773.27,773.73,74.465
1790561100000,773.76,774.31,773.61,773.79,41.423
1790561160000,773.78,773.93,773.3,773.44,165.169
1790561220000,773.5,773.58,772.84,772.89,106.754
1790561280000,772.89,774.47,772.81,774.43,90.061
1790561340000,774.43,774.83,774.36,774.36,115.182
1790561400000,774.36,775.04,774.36,774.77,77.16
1790561460000,774.8,775.67,774.8,775.67,86.196
1790561520000,775.67,776.09,775.6,776.05,93.416
1790561580000,776.06,776.23,776.05,776.11,93.78
1790561640000,776.1,776.37,775.65,775.79,78.141
1790561700000,775.8,775.97,775.19,775.49,33.644
1790561760000,775.48,775.48,775.22,775.4,19.702
1790561820000,775.39,775.81,775.22,775.4,21.439
1790561880000,775.39,775.39,774.67,774.67,24.26
1790561940000,774.68,775.05,774.35,774.97,24.954
1790562000000,774.97,775.22,774.7,775.06,41.705
1790562060000,775.05,775.35,774.27,774.27,133.829
1790562120000,774.26,774.26,773.89,774.06,70.559
1790562180000,774.05,774.35,774.01,774.16,36.153
1790562240000,774.16,775.04,774.12,774.87,70.952
1790562300000,774.87,774.87,774.24,774.29,54.593
1790562360000,774.29,775.52,774.29,775.51,33.031
1790562420000,775.5,775.9,775.04,775.04,48.023
1790562480000,775.03,775.05,774.6,774.77,15.286
1790562540000,774.77,774.77,774.22,774.23,19.891
1790562600000,774.23,774.23,773.63,773.63,78.137
1790562660000,773.62,773.9,773.32,773.51,61.033
1790562720000,773.52,773.55,773.0,773.0,38.449
1790562780000,773.01,773.12,772.61,772.63,104.109
1790562840000,772.63,772.97,772.62,772.97,41.124
1790562900000,772.96,773.79,772.78,773.79,56.291
1790562960000,773.8,774.08,773.46,773.64,71.674
1790563020000,773.64,773.65,773.16,773.24,43.556
1790563080000,773.23,773.73,773.05,773.05,50.285
1790563140000,773.03,773.34,772.72,773.17,64.167
1790563200000,773.17,773.85,773.13,773.76,64.467
1790563260000,773.74,774.27,773.35,773.35,299.466
1790563320000,773.31,773.67,773.04,773.23,104.21
1790563380000,773.23,773.33,772.95,773.18,26.144
1790563440000,773.16,773.51,773.16,773.2,49.196
1790563500000,773.2,773.64,773.16,773.5,47.324
1790563560000,773.5,773.69,772.8,772.87,81.707
1790563620000,772.84,772.84,772.03,772.05,75.924
1790563680000,772.06,772.2,771.96,772.18,172.314
1790563740000,772.17,772.34,771.95,772.21,96.56
1790563800000,772.19,772.65,772.08,772.13,57.112
1790563860000,772.12,772.34,771.86,771.87,29.063
1790563920000,771.86,772.21,771.76,772.2,89.704
1790563980000,772.2,772.42,772.02,772.32,37.783
1790564040000,772.3,772.41,772.14,772.24,28.601
1790564100000,772.22,772.29,771.95,772.07,59.081
1790564160000,772.06,772.06,771.65,771.65,48.066
1790564220000,771.64,771.85,771.5,771.68,126.246
1790564280000,771.69,772.0,771.69,771.8,31.411
1790564340000,771.8,771.8,771.5,771.72,29.544
1790564400000,771.73,773.0,771.73,772.71,84.487
1790564460000,772.72,772.98,772.41,772.41,39.83
1790564520000,772.41,772.47,771.88,771.88,21.76
1790564580000,771.88,772.18,771.71,771.91,32.561
1790564640000,771.91,772.33,771.91,772.33,16.495
1790564700000,772.32,772.62,772.05,772.06,54.037
1790564760000,772.05,772.4,771.88,772.05,12.697
1790564820000,772.04,772.51,772.02,772.38,24.53
1790564880000,772.38,772.38,772.08,772.14,34.614
1790564940000,772.16,772.46,772.0,772.4,80.649
1790565000000,772.4,772.62,772.26,772.44,46.313
1790565060000,772.43,772.43,771.51,771.53,29.486
1790565120000,771.5,771.65,771.2,771.27,67.847
1790565180000,771.27,772.07,771.27,771.92,68.0
1790565240000,771.92,771.92,771.52,771.52,50.839
1790565300000,771.52,771.81,771.21,771.21,40.977
1790565360000,771.21,771.87,771.2,771.87,146.359
1790565420000,771.87,772.26,771.78,772.26,57.894
1790565480000,772.26,772.31,771.68,771.7,68.005
1790565540000,771.7,772.48,771.7,771.9,31.544
1790565600000,771.9,772.51,771.9,772.51,23.777
1790565660000,772.5,772.51,772.0,772.0,43.979
1790565720000,772.0,772.0,771.42,771.43,51.601
1790565780000,771.43,771.71,771.21,771.42,78.572
1790565840000,771.41,771.85,771.33,771.44,40.323
1790565900000,771.43,771.43,771.0,771.21,85.995
1790565960000,771.21,771.55,770.0,770.1,896.607
1790566020000,770.09,770.43,769.65,769.89,543.15
1790566080000,769.89,770.64,769.89,770.22,121.674
1790566140000,770.21,770.21,769.24,769.81,214.462
1790566200000,769.81,769.9,769.44,769.56,78.709
1790566260000,769.55,769.67,768.91,769.21,98.229
1790566320000,769.22,769.44,768.1,768.11,211.103
1790566380000,768.11,768.38,767.9,768.15,181.58
1790566440000,768.14,768.85,768.14,768.43,188.109
1790566500000,768.42,769.0,768.01,769.0,52.715
1790566560000,768.99,769.79,768.97,769.65,82.538
1790566620000,769.66,770.94,769.66,770.65,94.95
1790566680000,770.67,771.37,770.67,771.37,36.514
1790566740000,771.37,771.38,770.79,771.27,74.076
1790566800000,771.27,771.27,770.84,770.95,41.904
1790566860000,770.95,771.49,770.82,771.49,76.623
1790566920000,771.49,772.12,771.49,772.1,79.015
1790566980000,772.09,772.48,772.02,772.47,92.16
1790567040000,772.46,772.47,772.11,772.11,10.291
1790567100000,772.11,772.23,771.8,771.8,17.087
1790567160000,771.79,771.91,771.35,771.48,55.783
1790567220000,771.49,772.02,771.49,771.9,48.337
1790567280000,771.89,771.89,771.62,771.89,11.114
1790567340000,771.89,772.69,771.88,772.22,84.394
1790567400000,772.2,772.2,771.79,772.17,46.057
1790567460000,772.16,772.51,771.83,772.06,25.245
1790567520000,772.06,772.06,771.64,771.64,15.988
1790567580000,771.65,771.86,771.65,771.66,28.812
1790567640000,771.65,771.8,771.46,771.52,39.379
1790567700000,771.53,771.53,771.29,771.29,13.497
1790567760000,771.28,771.36,771.2,771.2,15.443
1790567820000,771.2,771.2,771.0,771.0,20.568
1790567880000,771.0,771.0,770.68,770.73,33.602
1790567940000,770.72,770.73,770.68,770.68,5.635
1790568000000,770.69,770.85,769.65,769.66,109.61
1790568060000,769.66,769.85,769.3,769.43,65.756
1790568120000,769.43,769.48,769.23,769.29,58.029
1790568180000,769.28,769.47,768.85,769.14,67.265
1790568240000,769.14,769.38,768.37,768.68,82.443
1790568300000,768.69,769.33,768.47,769.33,71.57
1790568360000,769.34,770.18,769.34,770.18,37.684
1790568420000,770.18,770.42,770.03,770.3,45.538
1790568480000,770.31,770.89,769.56,769.6,88.906
1790568540000,769.59,770.2,769.59,769.92,30.875
1790568600000,769.91,770.69,769.81,770.5,43.116
1790568660000,770.49,770.49,770.32,770.38,16.975
1790568720000,770.38,770.78,770.23,770.78,50.752
1790568780000,770.79,771.16,770.79,770.96,28.725
1790568840000,770.96,771.16,770.96,770.99,63.086
1790568900000,770.99,771.2,770.63,770.82,66.863
1790568960000,770.82,770.95,770.38,770.56,222.991
1790569020000,770.57,771.95,770.57,771.95,55.455
1790569080000,771.95,772.76,771.95,772.76,89.578
1790569140000,772.76,772.89,772.71,772.83,45.219
1790569200000,772.84,773.05,772.78,773.04,118.889
1790569260000,773.04,773.04,772.76,772.9,61.927
1790569320000,772.9,773.16,772.66,773.16,54.535
1790569380000,773.07,773.26,772.96,773.11,63.469
1790569440000,773.1,773.29,773.03,773.24,58.52
1790569500000,773.24,773.25,772.85,773.11,42.473
1790569560000,773.12,773.13,772.89,772.89,20.477
1790569620000,772.88,772.91,772.67,772.74,21.47
1790569680000,772.73,772.81,772.5,772.57,38.32
1790569740000,772.56,772.64,772.46,772.52,18.787
1790569800000,772.51,772.72,772.37,772.72,77.717
1790569860000,772.72,772.72,772.25,772.37,24.792
1790569920000,772.37,772.49,772.27,772.35,49.326
1790569980000,772.35,772.37,772.03,772.15,60.212
1790570040000,772.15,772.26,772.04,772.26,35.403
1790570100000,772.27,772.41,772.16,772.26,24.049
1790570160000,772.26,772.26,772.1,772.15,8.439
1790570220000,772.14,772.22,771.87,772.16,23.928
1790570280000,772.16,772.34,772.01,772.34,28.009
1790570340000,772.33,772.56,772.32,772.4,67.484
1790570400000,772.39,772.39,771.88,771.89,58.604
1790570460000,771.88,771.94,771.82,771.85,14.045
1790570520000,771.85,772.21,771.85,772.18,32.975
1790570580000,772.19,772.31,772.18,772.18,26.001
1790570640000,772.18,772.18,772.0,772.0,5.628
1790570700000,771.99,771.99,771.67,771.75,12.102
1790570760000,771.75,771.87,771.39,771.39,39.531
1790570820000,771.39,771.39,771.01,771.01,13.585
1790570880000,771.0,771.12,771.0,771.12,17.916
1790570940000,771.13,771.13,770.85,770.87,71.344
1790571000000,770.87,771.32,770.87,771.31,321.448
1790571060000,771.32,771.41,771.22,771.41,15.713
1790571120000,771.41,771.8,771.3,771.66,12.395
1790571180000,771.66,771.73,771.62,771.72,9.496
1790571240000,771.71,771.72,771.32,771.33,22.019
1790571300000,771.33,771.33,771.07,771.2,31.36
1790571360000,771.2,771.71,771.19,771.28,13.057
1790571420000,771.29,771.66,771.22,771.66,42.488
1790571480000,771.67,771.73,771.61,771.61,15.957
1790571540000,771.62,771.62,771.39,771.41,22.556
1790571600000,771.41,772.49,771.4,772.45,66.027
1790571660000,772.45,772.88,772.36,772.44,162.245
1790571720000,772.44,772.44,771.4,771.49,25.959
1790571780000,771.5,771.53,770.95,771.18,30.04
1790571840000,771.17,771.17,770.86,771.06,43.83
1790571900000,771.07,771.79,770.96,771.55,116.034
1790571960000,771.56,771.64,771.21,771.26,30.416
1790572020000,771.25,771.25,770.87,770.87,27.782
1790572080000,770.86,770.87,770.53,770.54,42.044
1790572140000,770.53,770.57,770.46,770.56,30.984
1790572200000,770.55,770.55,770.25,770.26,32.217
1790572260000,770.26,770.33,769.95,769.96,239.928
1790572320000,769.96,770.0,769.44,769.44,88.99
1790572380000,769.44,769.44,768.56,768.6,252.016
1790572440000,768.6,768.91,768.05,768.88,410.721
1790572500000,768.88,769.33,768.83,769.08,145.119
1790572560000,769.08,769.08,767.97,768.36,138.891
1790572620000,768.36,768.91,768.36,768.91,45.62
1790572680000,768.92,768.93,768.25,768.73,113.032
1790572740000,768.72,768.98,768.66,768.75,108.379
1790572800000,768.75,768.93,768.38,768.57,152.544
1790572860000,768.57,768.64,768.3,768.31,68.957
1790572920000,768.3,768.3,767.21,767.29,239.455
1790572980000,767.3,767.46,766.36,766.53,383.98
1790573040000,766.53,766.53,765.57,765.64,370.709
1790573100000,765.64,765.88,765.37,765.37,589.175
1790573160000,765.38,765.96,765.32,765.7,127.727
1790573220000,765.7,765.96,765.7,765.96,289.164
1790573280000,765.96,766.53,765.95,766.11,376.907
1790573340000,766.1,766.1,765.48,765.48,50.18
1790573400000,765.48,765.56,765.0,765.35,320.688
1790573460000,765.35,766.06,765.35,765.61,43.082
1790573520000,765.61,766.24,764.86,765.73,732.08
1790573580000,765.75,765.91,764.22,764.31,378.784
1790573640000,764.31,764.35,763.61,763.62,194.831
1790573700000,763.62,764.29,763.62,764.0,113.717
1790573760000,763.99,764.08,762.58,762.65,539.8
1790573820000,762.66,763.11,762.5,762.83,130.828
1790573880000,762.84,762.84,761.54,761.77,265.862
1790573940000,761.77,762.66,761.77,762.02,267.175
1790574000000,762.02,762.9,761.8,762.89,112.681
1790574060000,762.9,763.9,762.89,763.88,83.687
1790574120000,763.89,764.92,763.78,764.86,350.413
1790574180000,764.86,764.87,763.97,764.85,71.862
1790574240000,764.85,765.65,764.85,765.65,161.738
1790574300000,765.66,766.12,765.21,765.21,174.64
1790574360000,765.21,765.46,764.61,765.32,64.795
1790574420000,765.33,765.92,765.33,765.87,42.872
1790574480000,765.85,765.85,764.89,764.92,51.281
1790574540000,764.91,764.91,764.46,764.6,46.08
1790574600000,764.6,764.61,764.27,764.39,170.077
1790574660000,764.39,764.64,764.07,764.63,57.59
1790574720000,764.64,764.85,764.58,764.85,44.193
1790574780000,764.84,764.84,764.28,764.28,47.837
1790574840000,764.29,765.12,764.29,764.89,59.093
1790574900000,764.89,765.01,764.4,764.95,66.05
1790574960000,764.94,765.81,764.84,765.81,91.064
1790575020000,765.81,765.99,765.61,765.7,31.768
1790575080000,765.7,766.33,765.7,766.28,114.805
1790575140000,766.28,766.31,766.02,766.09,28.262
1790575200000,766.1,766.22,765.77,765.77,155.608
1790575260000,765.78,765.8,765.51,765.68,96.667
1790575320000,765.69,765.96,765.42,765.42,24.267
1790575380000,765.43,765.7,764.88,764.98,133.75
1790575440000,764.98,765.46,764.51,764.53,285.778
1790575500000,764.54,765.36,764.53,765.32,125.393
1790575560000,765.32,766.01,765.31,765.94,39.53
1790575620000,765.94,766.35,765.75,765.93,77.617
1790575680000,765.93,766.19,765.52,766.03,49.444
1790575740000,766.03,766.56,766.02,766.55,27.482
1790575800000,766.56,766.56,766.5,766.55,17.886
1790575860000,766.55,766.94,766.54,766.7,83.536
1790575920000,766.7,766.74,766.51,766.62,9.712
1790575980000,766.61,766.74,766.38,766.48,23.592
1790576040000,766.49,766.54,765.9,765.9,65.801
1790576100000,765.9,765.92,765.57,765.69,119.367
1790576160000,765.68,765.74,765.28,765.63,62.018
1790576220000,765.64,765.64,764.81,764.89,55.238
1790576280000,764.88,765.0,764.66,764.67,56.354
1790576340000,764.67,764.67,764.5,764.56,106.778
1790576400000,764.55,765.05,764.2,764.36,141.277
1790576460000,764.35,764.66,764.21,764.44,38.537
1790576520000,764.44,764.6,764.02,764.16,79.567
1790576580000,764.16,764.16,763.68,763.93,91.985
1790576640000,763.94,764.0,762.84,762.9,326.293
1790576700000,762.89,763.0,762.84,762.85,59.866
1790576760000,762.85,763.26,762.69,763.12,66.249
1790576820000,763.11,763.11,762.5,762.51,85.881
1790576880000,762.51,762.63,762.47,762.61,89.913
1790576940000,762.6,762.6,762.21,762.31,139.172
1790577000000,762.31,762.91,762.04,762.76,113.9
1790577060000,762.76,763.18,762.63,763.09,102.381
1790577120000,763.09,763.65,763.02,763.55,218.965
1790577180000,763.55,763.69,763.19,763.49,75.105
1790577240000,763.49,764.16,763.35,763.85,64.856
1790577300000,763.86,764.26,763.67,764.24,82.571
1790577360000,764.22,764.32,764.08,764.09,16.392
1790577420000,764.09,764.09,763.53,763.54,73.195
1790577480000,763.54,763.72,763.43,763.44,78.082
1790577540000,763.43,763.43,763.07,763.16,32.907
1790577600000,763.16,763.75,763.16,763.41,36.175
1790577660000,763.41,764.08,763.41,764.08,148.14
1790577720000,764.08,764.76,764.08,764.76,133.141
1790577780000,764.76,765.0,764.69,764.69,51.651
1790577840000,764.69,764.69,764.26,764.26,16.779
1790577900000,764.26,764.54,764.03,764.54,46.302
1790577960000,764.54,764.79,764.45,764.45,31.447
1790578020000,764.44,764.44,763.88,763.91,32.026
1790578080000,763.92,763.92,763.65,763.86,41.38
1790578140000,763.85,763.92,763.79,763.91,51.861
1790578200000,763.91,763.95,763.82,763.86,19.154
1790578260000,763.85,764.04,763.62,763.62,49.332
1790578320000,763.63,763.88,763.62,763.88,32.039
1790578380000,763.88,764.28,763.84,764.28,63.773
1790578440000,764.28,764.28,763.55,763.55,95.574
1790578500000,763.56,763.64,763.21,763.21,48.316
1790578560000,763.21,763.38,763.12,763.3,127.901
1790578620000,763.31,763.39,763.09,763.39,52.705
1790578680000,763.39,763.59,763.34,763.42,128.216
1790578740000,763.42,763.72,763.4,763.72,27.942
1790578800000,763.72,764.6,763.71,764.6,76.311
1790578860000,764.6,765.31,764.31,765.31,149.181
1790578920000,765.31,765.49,765.17,765.49,25.683
1790578980000,765.48,765.66,765.03,765.21,97.226
1790579040000,765.23,765.26,764.67,765.18,42.113
1790579100000,765.17,765.17,764.25,764.25,36.992
1790579160000,764.25,764.33,764.04,764.05,23.93
1790579220000,764.05,764.28,763.81,763.82,71.261
1790579280000,763.82,763.82,763.47,763.68,80.03
1790579340000,763.68,763.91,763.64,763.82,18.106
1790579400000,763.8,764.15,763.7,763.7,31.614
1790579460000,763.7,763.83,763.65,763.79,62.203
1790579520000,763.79,763.79,763.17,763.18,73.883
1790579580000,763.18,763.18,762.94,762.94,57.952
1790579640000,762.95,763.27,762.79,763.27,86.739
1790579700000,763.28,763.61,763.19,763.6,29.284
1790579760000,763.61,763.87,763.01,763.41,331.195
1790579820000,763.41,763.69,763.13,763.13,155.381
1790579880000,763.13,763.51,763.08,763.34,27.378
1790579940000,763.35,763.74,763.35,763.55,40.544
1790580000000,763.56,763.79,763.38,763.39,150.444
1790580060000,763.39,763.39,762.85,763.02,414.494
1790580120000,763.01,763.02,762.16,762.17,67.013
1790580180000,762.16,762.16,761.54,761.55,172.137
1790580240000,761.54,761.65,761.13,761.14,97.162
1790580300000,761.14,762.05,761.1,761.66,134.097
1790580360000,761.65,761.66,761.17,761.18,50.557
1790580420000,761.18,761.41,761.01,761.02,125.094
1790580480000,761.02,761.25,760.96,761.2,321.445
1790580540000,761.21,761.36,761.2,761.33,98.337
1790580600000,761.34,761.78,761.33,761.5,135.577
1790580660000,761.5,761.66,761.13,761.14,49.298
1790580720000,761.14,761.67,760.96,761.05,61.731
1790580780000,761.05,761.05,760.54,760.88,155.185
1790580840000,760.89,760.89,759.33,760.69,1385.371
1790580900000,760.7,761.46,760.69,761.14,162.777
1790580960000,761.14,761.78,761.14,761.49,62.323
1790581020000,761.48,761.67,761.27,761.66,53.934
1790581080000,761.67,761.67,760.95,761.01,57.988
1790581140000,761.01,761.22,760.89,760.96,48.826
1790581200000,760.97,761.81,760.97,761.8,75.545
1790581260000,761.79,761.95,761.46,761.48,53.605
1790581320000,761.48,761.48,760.99,761.05,48.926
1790581380000,761.05,761.05,760.48,760.48,69.878
1790581440000,760.49,760.66,760.38,760.59,68.033
1790581500000,760.59,760.93,760.56,760.6,236.994
1790581560000,760.59,760.87,760.47,760.6,55.621
1790581620000,760.6,760.85,760.51,760.81,140.04
1790581680000,760.81,761.43,760.75,761.33,73.193
1790581740000,761.33,761.33,760.44,760.65,136.707
1790581800000,760.65,760.8,760.4,760.8,65.699
1790581860000,760.8,760.82,760.66,760.76,26.023
1790581920000,760.76,760.76,760.19,760.2,49.27
1790581980000,760.21,760.21,759.62,759.96,247.018
1790582040000,759.96,760.25,759.92,760.25,180.038
1790582100000,760.25,761.62,760.25,761.61,99.414
1790582160000,761.62,761.98,761.44,761.52,197.203
1790582220000,761.52,761.55,760.74,760.74,60.195
1790582280000,760.74,760.95,760.49,760.85,98.203
1790582340000,760.84,760.85,760.41,760.41,66.929
1790582400000,760.41,761.13,759.86,761.12,78.915
1790582460000,761.13,761.99,761.13,761.99,98.06
1790582520000,761.99,763.03,761.99,763.03,268.825
1790582580000,763.02,763.54,762.22,762.23,145.607
1790582640000,762.22,762.92,762.2,762.66,118.984
1790582700000,762.67,762.67,761.99,761.99,37.373
1790582760000,761.99,762.28,761.92,762.02,22.959
1790582820000,762.01,762.4,761.66,761.67,43.691
1790582880000,761.67,762.6,761.67,762.39,46.973
1790582940000,762.38,762.65,762.13,762.48,117.346
1790583000000,762.48,762.68,762.17,762.61,26.672
1790583060000,762.62,763.0,762.59,762.82,41.102
1790583120000,762.81,762.89,762.63,762.89,75.53
1790583180000,762.88,763.14,762.78,763.14,39.468
1790583240000,763.14,763.5,763.13,763.5,41.808
1790583300000,763.5,763.69,763.22,763.45,110.871
1790583360000,763.45,763.96,763.43,763.96,52.713
1790583420000,763.97,764.0,763.53,763.62,19.71
1790583480000,763.62,763.75,763.2,763.23,86.855
1790583540000,763.22,763.5,763.13,763.36,14.433
1790583600000,763.37,763.51,763.2,763.22,52.75
1790583660000,763.21,763.38,763.12,763.12,69.566
1790583720000,763.12,763.13,762.81,762.97,41.921
1790583780000,762.97,763.09,762.46,762.59,40.685
1790583840000,762.59,762.6,762.0,762.07,41.207
1790583900000,762.06,762.5,762.06,762.39,61.869
1790583960000,762.38,763.11,762.34,763.07,204.702
1790584020000,763.07,763.24,762.35,762.35,81.395
1790584080000,762.34,762.72,762.34,762.56,12.739
1790584140000,762.57,762.69,762.48,762.61,82.785
1790584200000,762.62,763.07,762.62,762.74,25.818
1790584260000,762.73,762.93,762.73,762.93,18.96
1790584320000,762.93,763.19,762.92,763.14,34.103
1790584380000,763.13,763.4,763.05,763.18,62.433
1790584440000,763.18,763.2,762.7,762.97,41.388
1790584500000,762.98,763.22,762.98,763.03,21.66
1790584560000,763.04,763.04,762.02,762.23,90.939
1790584620000,762.24,762.24,761.63,761.64,57.242
1790584680000,761.64,762.01,761.11,761.98,120.357
1790584740000,761.98,761.98,761.33,761.75,27.829
1790584800000,761.75,762.11,761.61,761.61,94.519
1790584860000,761.6,761.6,761.08,761.59,28.38
1790584920000,761.59,761.6,761.02,761.4,44.181
1790584980000,761.4,761.49,761.22,761.28,38.166
1790585040000,761.28,761.94,761.27,761.77,110.204
1790585100000,761.76,761.83,761.55,761.71,33.055
1790585160000,761.72,761.94,761.5,761.73,65.879
1790585220000,761.79,762.07,761.79,762.04,22.86
1790585280000,762.05,762.05,761.75,761.8,40.451
1790585340000,761.81,761.88,761.69,761.69,32.756
1790585400000,761.69,762.13,761.69,762.13,41.395
1790585460000,762.13,762.85,762.12,762.85,21.797
1790585520000,762.85,762.85,762.33,762.75,48.128
1790585580000,762.76,763.11,762.76,762.88,40.335
1790585640000,762.88,762.97,762.46,762.46,97.377
1790585700000,762.46,762.56,762.17,762.39,46.033
1790585760000,762.38,762.7,762.28,762.55,100.598
1790585820000,762.54,762.66,762.47,762.66,56.502
1790585880000,762.66,762.76,762.27,762.28,51.305
1790585940000,762.28,762.39,762.27,762.29,16.52
1790586000000,762.29,762.87,762.28,762.7,65.761
1790586060000,762.7,762.7,761.95,761.95,87.691
1790586120000,761.95,761.95,760.1,760.1,126.931
1790586180000,760.1,760.11,759.13,759.46,314.543
1790586240000,759.46,759.6,759.13,759.47,187.034
1790586300000,759.46,759.76,759.28,759.55,127.021
1790586360000,759.56,759.56,758.86,758.99,367.355
1790586420000,759.0,759.95,758.8,759.28,189.9
1790586480000,759.29,759.56,758.81,759.03,163.296
1790586540000,759.03,759.36,758.51,758.52,119.223
1790586600000,758.52,758.98,758.51,758.97,47.369
1790586660000,758.97,759.87,758.96,759.52,140.841
1790586720000,759.52,760.0,759.52,759.79,81.304
1790586780000,759.78,760.55,759.73,760.55,83.557
1790586840000,760.55,761.25,760.55,761.23,77.114
1790586900000,761.23,762.37,761.01,762.33,147.223
1790586960000,762.33,762.58,761.32,761.42,78.076
1790587020000,761.41,761.82,760.9,761.46,113.612
1790587080000,761.46,761.84,761.44,761.74,51.807
1790587140000,761.73,762.6,761.73,762.51,68.211
1790587200000,762.52,762.83,762.14,762.18,181.264
1790587260000,762.19,763.05,762.18,762.75,100.719
1790587320000,762.75,762.78,762.28,762.34,33.563
1790587380000,762.34,762.49,762.05,762.17,72.672
1790587440000,762.18,762.18,761.52,761.68,28.334
1790587500000,761.68,761.72,761.5,761.52,22.472
1790587560000,761.52,761.52,760.81,760.82,73.777
1790587620000,760.81,760.82,760.29,760.38,66.33
1790587680000,760.38,760.7,760.37,760.68,40.875
1790587740000,760.68,760.95,760.36,760.82,59.293
1790587800000,760.83,761.19,760.74,761.19,35.991
1790587860000,761.18,761.19,760.85,760.86,36.315
1790587920000,760.86,761.15,760.8,761.02,49.379
1790587980000,761.01,761.01,760.62,760.64,54.071
1790588040000,760.63,760.64,760.03,760.08,151.027
1790588100000,760.07,760.17,760.0,760.11,33.604
1790588160000,760.12,760.12,759.63,759.67,65.091
1790588220000,759.67,759.86,759.55,759.55,63.198
1790588280000,759.55,759.72,759.0,759.15,37.155
1790588340000,759.16,759.71,759.16,759.38,45.707
1790588400000,759.38,759.55,759.21,759.55,75.945
1790588460000,759.56,759.75,759.44,759.75,49.616
1790588520000,759.74,759.74,759.2,759.65,88.764
1790588580000,759.66,759.9,759.48,759.49,57.932
1790588640000,759.5,759.5,758.82,758.83,231.51
1790588700000,758.82,759.24,758.38,758.45,382.558
1790588760000,758.45,758.65,758.15,758.3,219.153
1790588820000,758.3,758.53,758.3,758.52,47.368
1790588880000,758.53,758.7,758.49,758.69,152.961
1790588940000,758.69,759.3,758.63,759.09,1304.227
1790589000000,759.1,760.0,759.1,759.93,206.291
1790589060000,759.93,759.93,759.53,759.56,86.007
1790589120000,759.56,759.68,759.22,759.22,17.984
1790589180000,759.22,759.25,759.08,759.1,117.454
1790589240000,759.11,759.38,759.08,759.1,170.762
1790589300000,759.11,759.37,759.11,759.37,48.899
1790589360000,759.37,759.37,758.97,759.33,264.428
1790589420000,759.32,759.66,759.32,759.59,131.454
1790589480000,759.59,759.76,759.58,759.74,114.668
1790589540000,759.74,759.75,759.52,759.64,40.636
1790589600000,759.64,760.83,759.64,760.75,101.737
1790589660000,760.75,760.75,760.27,760.59,79.215
1790589720000,760.6,761.02,760.53,760.91,84.943
1790589780000,760.91,761.58,760.9,761.45,85.013
1790589840000,761.45,761.72,761.35,761.36,62.365
1790589900000,761.35,761.35,760.62,760.74,36.404
1790589960000,760.74,761.36,760.43,761.29,140.004
1790590020000,761.28,761.28,760.69,760.69,46.103
1790590080000,760.67,760.67,760.23,760.31,40.079
1790590140000,760.3,760.52,760.28,760.47,32.877
1790590200000,760.48,760.48,760.04,760.05,53.136
1790590260000,760.04,760.24,759.81,759.99,84.763
1790590320000,759.99,760.54,759.79,760.0,106.523
1790590380000,760.0,760.27,759.89,760.0,33.244
1790590440000,760.0,760.27,759.89,760.27,67.984
1790590500000,760.28,760.83,760.27,760.83,39.235
1790590560000,760.83,760.95,760.66,760.89,97.817
1790590620000,760.89,761.06,760.56,760.56,144.045
1790590680000,760.56,760.9,760.26,760.55,109.26
1790590740000,760.56,760.77,760.28,760.28,37.781
1790590800000,760.28,760.39,760.05,760.18,50.045
1790590860000,760.18,760.42,760.12,760.27,43.296
1790590920000,760.28,760.49,760.16,760.22,25.998
1790590980000,760.22,760.33,760.04,760.33,27.982
1790591040000,760.33,760.94,760.31,760.94,71.993
1790591100000,760.93,761.36,760.93,761.29,39.507
1790591160000,761.29,761.5,761.2,761.35,119.77
1790591220000,761.35,761.36,760.41,760.47,221.808
1790591280000,760.48,760.91,760.47,760.83,63.6
1790591340000,760.84,760.84,760.36,760.83,113.741
1790591400000,760.84,760.94,760.5,760.61,81.918
1790591460000,760.6,761.14,760.6,761.13,89.688
1790591520000,761.14,761.21,760.74,761.16,57.612
1790591580000,761.16,761.5,761.02,761.5,34.268
1790591640000,761.49,761.85,761.49,761.72,54.64
1790591700000,761.71,762.0,761.71,761.99,40.665
1790591760000,762.0,762.0,761.91,762.0,45.898
1790591820000,762.0,762.31,761.99,762.22,181.415
1790591880000,762.22,762.3,762.04,762.28,98.914
1790591940000,762.28,762.5,762.28,762.34,85.993
1790592000000,762.34,762.48,762.04,762.07,115.471
1790592060000,762.07,762.27,762.0,762.16,56.753
1790592120000,762.17,762.37,762.03,762.17,71.641
1790592180000,762.17,762.29,762.15,762.29,51.457
1790592240000,762.29,762.29,762.16,762.26,62.126
1790592300000,762.26,762.26,761.88,762.03,35.153
1790592360000,762.03,762.25,761.8,761.88,33.809
1790592420000,761.87,762.08,761.62,761.71,36.151
1790592480000,761.71,761.71,761.25,761.4,81.092
1790592540000,761.41,761.83,761.33,761.48,56.659
1790592600000,761.49,761.61,761.37,761.46,66.822
1790592660000,761.47,761.61,761.42,761.43,49.542
1790592720000,761.42,762.38,761.42,762.24,119.763
1790592780000,762.23,762.24,761.75,761.76,37.895
1790592840000,761.75,761.85,761.56,761.56,81.129
1790592900000,761.56,761.57,761.25,761.5,59.411
1790592960000,761.5,761.67,761.35,761.54,106.443
1790593020000,761.54,761.67,761.43,761.43,37.628
1790593080000,761.44,761.49,761.43,761.49,42.565
1790593140000,761.48,761.49,761.44,761.45,74.608
1790593200000,761.45,762.55,761.44,762.33,161.698
1790593260000,762.32,763.08,762.18,762.54,118.99
1790593320000,762.54,762.83,762.4,762.83,28.56
1790593380000,762.82,763.18,762.69,762.9,49.971
1790593440000,762.89,762.97,762.41,762.82,141.199
1790593500000,762.83,763.18,762.74,763.01,26.386
1790593560000,763.01,763.43,763.0,763.35,55.953
1790593620000,763.34,763.5,763.15,763.24,58.571
1790593680000,763.24,763.43,763.13,763.14,44.641
1790593740000,763.13,763.22,763.0,763.0,46.349
1790593800000,763.0,763.01,762.84,762.97,51.362
1790593860000,762.96,762.97,762.7,762.7,23.162
1790593920000,762.71,762.84,762.58,762.83,29.161
1790593980000,762.83,763.19,762.7,763.01,126.861
1790594040000,763.02,763.18,762.87,763.18,28.167
1790594100000,763.17,763.38,763.07,763.25,44.122
1790594160000,763.26,763.5,762.71,763.2,192.818
1790594220000,763.19,763.64,763.19,763.64,99.391
1790594280000,763.64,763.68,763.23,763.23,43.923
1790594340000,763.24,763.24,762.91,763.15,28.227
1790594400000,763.15,763.16,762.58,762.81,100.103
1790594460000,762.82,762.82,762.58,762.66,48.865
1790594520000,762.67,762.86,762.66,762.83,43.253
1790594580000,762.83,763.4,762.83,763.4,91.481
1790594640000,763.39,763.4,763.0,763.11,24.191
1790594700000,763.12,763.24,762.93,762.93,24.608
1790594760000,762.94,763.1,762.92,763.07,20.434
1790594820000,763.06,763.06,762.9,762.95,20.902
1790594880000,762.96,762.96,762.86,762.91,23.282
1790594940000,762.91,763.02,762.91,763.01,29.187
1790595000000,763.02,763.15,762.87,762.88,45.078
1790595060000,762.87,763.02,762.87,762.95,49.327
1790595120000,762.95,762.99,762.87,762.88,13.95
1790595180000,762.88,762.88,762.66,762.87,46.101
1790595240000,762.86,763.04,762.66,763.03,32.144
1790595300000,763.03,763.17,763.03,763.17,33.982
1790595360000,763.16,763.31,763.14,763.27,24.801
1790595420000,763.27,763.5,763.26,763.43,19.317
1790595480000,763.42,763.57,763.42,763.57,21.482
1790595540000,763.57,763.71,763.53,763.7,36.924
1790595600000,763.71,763.78,763.38,763.63,147.943
1790595660000,763.63,763.79,763.62,763.78,46.201
1790595720000,763.78,763.79,763.46,763.57,40.785
1790595780000,763.56,763.92,763.53,763.7,77.815
1790595840000,763.7,763.71,763.57,763.57,29.926
1790595900000,763.58,763.58,763.38,763.39,38.369
1790595960000,763.39,763.39,763.1,763.1,18.448
1790596020000,763.1,763.27,763.1,763.17,57.644
1790596080000,763.17,763.38,763.15,763.23,31.519
1790596140000,763.23,763.23,763.15,763.16,22.536
1790596200000,763.15,763.16,762.87,762.98,166.476
1790596260000,762.98,763.1,762.97,763.07,44.452
1790596320000,763.07,763.19,762.92,763.02,54.066
1790596380000,763.01,763.02,762.7,762.71,34.494
1790596440000,762.71,762.71,762.67,762.7,18.831
1790596500000,762.7,762.99,762.7,762.99,70.569
1790596560000,763.0,763.61,762.99,763.53,55.724
1790596620000,763.53,763.69,763.52,763.69,70.809
1790596680000,763.69,763.76,763.68,763.76,29.583
1790596740000,763.76,763.9,763.7,763.85,62.522
1790596800000,763.85,763.86,763.6,763.86,60.979
1790596860000,763.86,764.02,763.6,763.85,44.171
1790596920000,763.86,763.86,763.38,763.65,117.34
1790596980000,763.65,763.65,763.5,763.62,13.283
1790597040000,763.61,765.09,763.61,765.04,266.022
1790597100000,765.01,766.0,764.91,765.99,218.981
1790597160000,765.98,767.52,765.85,767.01,298.588
1790597220000,767.0,767.69,766.66,767.55,105.475
1790597280000,767.55,767.7,766.62,767.17,67.977
1790597340000,767.17,768.0,767.16,768.0,79.927
1790597400000,768.0,768.44,767.69,767.69,131.799
1790597460000,767.69,768.49,767.54,767.98,182.424
1790597520000,767.97,767.97,767.41,767.7,55.177
1790597580000,767.69,767.81,767.38,767.64,74.59
1790597640000,767.66,768.19,767.66,768.18,112.231
1790597700000,768.18,768.18,767.67,767.76,50.632
1790597760000,767.75,768.31,767.49,768.31,79.559
1790597820000,768.31,770.73,768.25,769.01,1391.579
1790597880000,769.0,769.9,768.59,768.6,299.287
1790597940000,768.6,769.34,767.46,768.63,1221.206
1790598000000,768.62,769.11,768.48,768.94,79.876
1790598060000,768.93,768.95,768.37,768.38,104.507
1790598120000,768.37,768.48,767.98,767.98,103.943
1790598180000,767.99,768.18,767.85,768.17,53.716
1790598240000,768.17,768.35,767.98,768.04,18.568
1790598300000,768.05,768.05,767.49,767.5,29.633
1790598360000,767.5,768.64,767.49,768.24,150.319
1790598420000,768.24,768.57,768.24,768.52,19.492
1790598480000,768.52,768.68,768.26,768.27,69.003
1790598540000,768.26,768.6,768.22,768.39,21.484
1790598600000,768.4,768.49,768.08,768.21,89.846
1790598660000,768.22,768.4,768.01,768.01,22.096
1790598720000,768.02,768.16,767.91,768.15,62.409
1790598780000,768.16,768.6,768.15,768.6,26.939
1790598840000,768.59,769.12,768.56,769.11,155.814
1790598900000,769.12,769.19,768.87,769.13,59.37
1790598960000,769.12,769.12,768.59,768.88,39.328
1790599020000,768.88,768.88,768.47,768.49,36.623
1790599080000,768.49,768.49,768.04,768.04,11.949
1790599140000,768.04,768.14,767.92,767.93,17.855
1790599200000,767.94,767.97,767.25,767.34,82.989
1790599260000,767.35,767.7,767.35,767.54,31.852
1790599320000,767.55,767.62,767.46,767.54,42.026
1790599380000,767.54,767.69,767.38,767.38,76.564
1790599440000,767.38,767.91,767.38,767.91,36.684
1790599500000,767.91,769.0,767.91,769.0,69.276
1790599560000,769.01,769.59,769.01,769.36,67.538
1790599620000,769.35,769.35,768.73,768.87,44.531
1790599680000,768.86,769.3,768.67,769.09,21.677
1790599740000,769.1,769.25,768.92,769.0,31.25
1790599800000,769.0,769.18,768.85,768.86,28.726
1790599860000,768.85,769.02,768.72,768.85,34.1
1790599920000,768.84,769.69,768.79,769.63,23.888
1790599980000,769.61,769.85,769.26,769.85,36.098
1790600040000,769.84,769.99,769.53,769.84,111.899
1790600100000,769.86,770.36,769.44,769.61,171.737
1790600160000,769.62,769.63,769.5,769.62,35.342
1790600220000,769.63,770.27,769.38,770.15,68.111
1790600280000,770.14,770.14,769.86,769.94,34.332
1790600340000,769.95,769.95,769.6,769.62,48.229
1790600400000,769.62,769.62,768.24,768.25,70.753
1790600460000,768.25,768.31,767.96,768.04,193.283
1790600520000,768.06,768.06,767.56,767.57,90.585
1790600580000,767.56,767.57,767.1,767.2,139.609
1790600640000,767.19,767.2,767.07,767.07,90.749
1790600700000,767.06,767.11,766.47,766.48,265.689
1790600760000,766.48,766.8,766.45,766.48,185.464
1790600820000,766.48,766.81,766.47,766.74,150.981
1790600880000,766.74,767.06,766.5,766.54,44.647
1790600940000,766.55,766.55,766.24,766.24,93.494
1790601000000,766.24,766.25,765.71,765.83,143.204
1790601060000,765.83,766.15,765.81,766.0,151.027
1790601120000,766.01,766.12,765.63,765.64,181.323
1790601180000,765.63,765.72,765.22,765.23,347.923
1790601240000,765.22,765.72,765.22,765.57,169.16
1790601300000,765.57,765.74,765.5,765.62,189.762
1790601360000,765.61,765.74,765.39,765.46,267.603
1790601420000,765.45,766.13,765.45,765.74,285.838
1790601480000,765.73,765.73,765.19,765.24,151.132
1790601540000,765.24,765.24,764.88,765.12,265.292
1790601600000,765.12,765.18,764.85,765.04,102.067
1790601660000,765.04,765.27,764.89,765.01,227.519
1790601720000,765.0,765.15,764.9,764.92,107.542
1790601780000,764.91,764.91,764.76,764.77,188.127
1790601840000,764.77,765.15,764.76,765.0,255.249
1790601900000,764.99,765.79,764.99,765.7,193.426
1790601960000,765.7,765.85,765.38,765.38,152.608
1790602020000,765.37,765.83,765.33,765.83,97.633
1790602080000,765.82,765.82,765.5,765.69,176.885
1790602140000,765.68,765.94,765.6,765.78,77.145
1790602200000,765.79,767.34,765.74,765.74,283.321
1790602260000,765.73,766.48,765.11,765.72,141.201
1790602320000,765.72,765.94,765.28,765.4,197.559
1790602380000,765.39,765.93,765.06,765.73,139.512
1790602440000,765.72,766.44,765.49,766.2,107.945
1790602500000,766.21,766.74,765.3,765.3,78.349
1790602560000,765.28,765.65,764.71,765.36,135.591
1790602620000,765.36,766.7,765.36,766.28,127.05
1790602680000,766.28,767.48,766.28,767.43,101.525
1790602740000,767.43,768.13,767.43,767.51,186.693
1790602800000,767.51,767.6,766.91,767.6,30.067
1790602860000,767.59,768.0,767.17,767.26,128.249
1790602920000,767.26,767.88,767.26,767.7,46.971
1790602980000,767.7,767.83,767.57,767.66,27.049
1790603040000,767.66,767.73,767.13,767.67,147.347
1790603100000,767.68,767.83,767.6,767.63,56.155
1790603160000,767.62,767.91,767.07,767.91,108.264
1790603220000,767.92,768.23,767.69,767.86,67.698
1790603280000,767.86,768.21,767.81,767.94,129.42
1790603340000,767.94,767.94,766.94,766.94,38.46
1790603400000,766.93,766.93,765.86,766.37,81.361
1790603460000,766.37,766.59,765.98,766.2,33.488
1790603520000,766.2,766.96,766.1,766.71,54.397
1790603580000,766.72,767.46,766.72,767.31,35.474
1790603640000,767.39,768.18,767.32,768.15,56.829
1790603700000,768.16,768.53,767.66,767.66,95.682
1790603760000,767.65,767.65,767.03,767.4,58.807
1790603820000,767.41,767.55,767.26,767.27,41.672
1790603880000,767.27,767.27,766.68,766.69,45.096
1790603940000,766.69,766.98,766.63,766.65,33.937
1790604000000,766.65,766.65,765.57,765.57,69.931
1790604060000,765.58,765.58,764.9,764.9,97.812
1790604120000,764.9,765.68,764.89,765.55,51.856
1790604180000,765.54,765.54,764.72,764.73,69.893
1790604240000,764.73,764.73,764.2,764.21,76.723
1790604300000,764.21,764.81,764.21,764.21,58.18
1790604360000,764.2,764.88,763.82,764.88,73.992
1790604420000,764.88,765.44,764.72,765.32,61.73
1790604480000,765.32,765.58,765.05,765.06,42.89
1790604540000,765.06,765.15,764.6,764.68,41.36
1790604600000,764.68,764.86,764.48,764.53,39.566
1790604660000,764.52,765.29,764.32,765.29,60.24
1790604720000,765.29,765.29,764.8,765.02,65.938
1790604780000,765.05,765.05,764.4,764.51,43.153
1790604840000,764.5,764.5,763.54,763.68,67.863
1790604900000,763.68,763.78,762.93,762.93,223.891
1790604960000,762.93,763.12,762.58,763.03,171.456
1790605020000,763.04,763.99,762.99,763.21,80.871
1790605080000,763.2,763.23,762.04,762.36,615.855
1790605140000,762.35,763.32,762.29,763.17,99.765
1790605200000,763.17,763.67,762.74,763.67,55.837
1790605260000,763.67,764.02,763.67,763.97,53.788
1790605320000,763.97,765.07,763.96,765.07,86.005
1790605380000,765.07,765.21,764.54,764.78,131.201
1790605440000,764.78,765.05,764.55,765.05,30.56
1790605500000,765.05,765.25,764.62,764.72,41.636
1790605560000,764.72,764.73,763.69,763.74,45.738
1790605620000,763.74,763.78,762.4,762.41,137.329
1790605680000,762.4,762.41,761.08,761.1,288.351
1790605740000,761.09,761.09,759.1,760.44,503.883
1790605800000,760.43,761.47,760.29,761.35,267.581
1790605860000,761.35,761.39,759.62,759.66,105.447
1790605920000,759.65,761.37,759.62,760.75,154.235
1790605980000,760.76,761.84,760.52,761.28,154.415
1790606040000,761.26,761.87,761.18,761.72,69.265
1790606100000,761.73,762.27,761.19,762.27,150.687
1790606160000,762.28,762.87,762.28,762.29,78.401
1790606220000,762.31,762.97,762.13,762.18,56.383
1790606280000,762.18,762.18,761.15,761.38,103.148
1790606340000,761.38,762.81,761.3,762.29,96.267
1790606400000,762.29,762.42,761.73,761.85,98.206
1790606460000,761.86,761.86,760.76,760.88,109.13
1790606520000,760.87,760.87,759.2,759.46,216.963
1790606580000,759.48,759.94,758.7,758.71,553.534
1790606640000,758.71,759.42,758.63,759.23,320.045
1790606700000,759.23,759.72,758.82,759.47,126.824
1790606760000,759.48,760.09,759.29,759.94,104.842
1790606820000,759.95,759.95,758.6,758.67,225.098
1790606880000,758.67,759.9,758.25,759.78,147.004
1790606940000,759.78,760.11,759.65,759.84,72.543
1790607000000,759.85,760.25,759.76,760.06,72.591
1790607060000,760.08,760.27,757.21,757.26,546.824
1790607120000,757.26,757.83,756.26,757.54,474.985
1790607180000,757.54,758.51,756.2,758.36,800.478
1790607240000,758.36,758.89,758.31,758.32,149.49
1790607300000,758.31,758.32,757.1,757.91,190.914
1790607360000,757.9,758.77,757.47,758.71,197.337
1790607420000,758.7,759.29,758.47,758.98,164.837
1790607480000,758.98,759.18,758.04,758.35,224.334
1790607540000,758.36,759.03,758.29,759.02,59.947
1790607600000,759.03,759.54,758.46,759.09,183.911
1790607660000,759.09,759.56,758.95,759.13,114.448
1790607720000,759.13,759.45,758.88,759.44,78.015
1790607780000,759.44,759.72,759.44,759.48,44.033
1790607840000,759.48,759.48,758.67,758.81,72.785
1790607900000,758.81,759.73,758.31,759.72,87.119
1790607960000,759.72,759.72,759.2,759.59,73.423
1790608020000,759.6,759.6,758.8,758.91,48.142
1790608080000,758.91,759.39,758.9,758.93,37.519
1790608140000,758.94,761.02,758.94,761.01,239.621
1790608200000,761.02,761.06,760.14,760.21,86.962
1790608260000,760.15,760.15,758.36,758.37,179.258
1790608320000,758.37,759.48,758.19,759.19,80.601
1790608380000,759.19,759.45,758.48,758.78,52.262
1790608440000,758.77,759.14,758.41,758.73,54.331
1790608500000,758.72,759.16,758.05,758.85,159.469
1790608560000,758.85,758.85,758.19,758.31,87.579
1790608620000,758.32,758.44,757.37,757.39,164.253
1790608680000,757.39,757.6,757.16,757.59,547.982
1790608740000,757.6,758.16,757.51,757.56,135.065
1790608800000,757.59,758.14,757.47,757.88,207.105
1790608860000,757.89,758.2,757.32,758.2,336.362
1790608920000,758.2,758.74,757.8,757.8,347.153
1790608980000,757.81,758.74,757.19,758.67,92.657
1790609040000,758.61,759.84,758.53,759.11,100.402
1790609100000,759.07,760.81,758.85,759.81,762.927
1790609160000,759.8,760.84,759.72,760.84,165.989
1790609220000,760.85,760.85,760.27,760.42,118.822
1790609280000,760.43,760.81,760.32,760.8,79.936
1790609340000,760.81,761.03,760.4,760.53,41.333
1790609400000,760.54,760.71,760.09,760.42,160.09
1790609460000,760.43,760.46,759.72,759.83,367.741
1790609520000,759.84,761.03,759.83,760.9,108.615
1790609580000,760.9,760.98,760.3,760.3,139.808
1790609640000,760.3,760.63,760.18,760.63,44.202
1790609700000,760.64,761.0,760.49,761.0,34.1
1790609760000,760.99,761.78,760.99,761.77,213.002
1790609820000,761.76,761.97,761.22,761.96,145.012
1790609880000,761.97,762.5,761.8,762.32,66.233
1790609940000,762.32,762.5,761.71,762.49,209.551
1790610000000,762.5,762.71,761.79,761.89,71.248
1790610060000,761.89,763.16,761.83,762.9,79.806
1790610120000,762.9,763.09,762.39,762.48,66.476
1790610180000,762.48,762.56,762.1,762.1,33.866
1790610240000,762.11,762.11,761.67,761.9,106.61
1790610300000,761.9,762.35,761.51,762.29,84.685
1790610360000,762.3,763.14,762.0,762.46,59.75
1790610420000,762.47,762.47,762.1,762.41,38.327
1790610480000,762.4,762.55,762.12,762.21,39.454
1790610540000,762.21,762.55,762.12,762.55,20.253
1790610600000,762.55,763.16,762.55,762.97,38.742
1790610660000,762.97,762.97,762.2,762.24,31.56
1790610720000,762.24,762.53,761.88,762.29,74.636
1790610780000,762.32,762.76,762.19,762.56,49.604
1790610840000,762.56,763.5,762.48,763.5,92.248
1790610900000,763.49,763.64,763.24,763.24,104.325
1790610960000,763.25,763.36,763.07,763.31,23.901
1790611020000,763.31,763.53,763.21,763.21,46.896
1790611080000,763.22,763.36,763.08,763.08,29.917
1790611140000,763.08,763.18,762.78,762.78,41.379
1790611200000,762.78,762.84,762.41,762.72,89.547
1790611260000,762.72,763.32,762.72,763.05,115.73
1790611320000,763.05,763.15,762.31,762.38,47.368
1790611380000,762.37,762.38,761.86,761.94,39.426
1790611440000,761.94,762.63,761.93,762.5,45.706
1790611500000,762.5,762.84,762.37,762.38,34.9
1790611560000,762.38,762.93,762.38,762.92,51.203
1790611620000,762.91,764.15,762.91,763.77,93.761
1790611680000,763.77,764.45,763.77,764.28,102.088
1790611740000,764.28,764.35,763.82,764.35,75.431
1790611800000,764.34,764.64,764.32,764.44,76.406
1790611860000,764.43,764.43,764.19,764.21,23.856
1790611920000,764.21,764.24,763.76,764.15,80.203
1790611980000,764.16,764.17,764.05,764.17,17.894
1790612040000,764.17,764.44,764.05,764.21,59.666
1790612100000,764.22,764.33,763.79,763.92,46.395
1790612160000,763.92,765.25,763.88,765.24,191.637
1790612220000,765.25,766.35,765.08,766.32,322.321
1790612280000,766.32,766.55,765.58,765.58,156.492
1790612340000,765.58,766.85,765.58,766.85,216.603
1790612400000,766.86,767.73,766.58,767.41,144.936
1790612460000,767.4,768.0,767.4,767.67,85.945
1790612520000,767.68,768.2,767.68,768.06,213.044
1790612580000,768.05,768.85,767.66,768.72,138.833
1790612640000,768.72,769.0,768.39,768.8,139.881
1790612700000,768.8,769.0,768.56,768.83,115.552
1790612760000,768.83,770.0,768.79,769.94,482.762
1790612820000,769.94,770.5,769.86,770.42,213.429
1790612880000,770.43,770.58,770.2,770.41,265.579
1790612940000,770.41,770.65,769.69,769.94,152.632
1790613000000,769.95,770.53,769.89,769.97,138.993
1790613060000,769.96,769.96,769.21,769.5,133.638
1790613120000,769.5,769.8,768.98,769.11,78.302
1790613180000,769.11,769.43,769.04,769.21,20.123
1790613240000,769.21,769.7,769.06,769.07,61.173
1790613300000,769.08,769.46,768.84,768.88,116.828
1790613360000,768.87,768.96,768.33,768.68,163.996
1790613420000,768.67,768.68,768.42,768.5,113.706
1790613480000,768.51,768.51,768.1,768.1,78.803
1790613540000,768.1,768.1,767.53,767.7,174.625
1790613600000,767.71,767.94,767.57,767.59,24.568
1790613660000,767.59,767.61,766.95,766.95,219.267
1790613720000,766.95,767.19,766.66,766.99,31.012
1790613780000,766.98,767.13,766.79,767.01,26.577
1790613840000,767.02,767.36,767.01,767.24,15.898
1790613900000,767.23,767.79,767.23,767.47,69.133
1790613960000,767.47,767.5,767.08,767.21,36.367
1790614020000,767.22,767.22,766.8,767.03,19.756
1790614080000,767.02,767.02,766.41,766.42,50.634
1790614140000,766.42,766.59,766.42,766.53,14.562
1790614200000,766.53,766.95,766.41,766.81,53.36
1790614260000,766.8,766.9,766.53,766.87,39.061
1790614320000,766.85,767.11,766.65,767.11,17.663
1790614380000,767.1,767.27,766.97,767.27,59.736
1790614440000,767.26,767.4,767.15,767.36,32.449
1790614500000,767.36,767.42,767.26,767.32,7.595
1790614560000,767.31,767.44,766.81,766.82,72.694
1790614620000,766.82,766.9,766.42,766.75,71.795
1790614680000,766.76,767.1,766.76,767.04,22.536
1790614740000,767.04,767.18,766.78,766.99,80.588
1790614800000,766.99,766.99,766.27,766.28,43.439
1790614860000,766.28,766.49,766.03,766.03,33.602
1790614920000,766.04,767.27,766.04,767.27,73.641
1790614980000,767.26,767.34,765.89,766.31,237.482
1790615040000,766.3,766.35,766.11,766.23,24.126
1790615100000,766.23,766.23,766.12,766.2,11.105
1790615160000,766.2,766.37,765.9,766.35,37.266
1790615220000,766.35,766.35,765.9,765.9,8.896
1790615280000,765.89,765.9,765.33,765.43,175.668
1790615340000,765.43,765.7,765.42,765.61,39.967
1790615400000,765.61,765.72,765.6,765.72,17.166
1790615460000,765.72,768.72,765.62,768.61,353.552
1790615520000,768.63,770.65,768.61,770.45,928.748
1790615580000,770.45,773.0,770.17,772.68,3268.699
1790615640000,772.7,773.35,772.32,773.24,266.081
1790615700000,773.24,773.45,771.7,772.45,189.514
1790615760000,772.45,773.44,772.34,772.69,500.963
1790615820000,772.69,772.91,772.04,772.21,118.203
1790615880000,772.21,772.24,771.46,771.46,50.83
1790615940000,771.46,771.65,771.18,771.39,40.944
1790616000000,771.38,771.5,769.78,769.88,2104.511
1790616060000,769.87,770.56,768.0,769.41,1808.847
1790616120000,769.41,769.88,769.41,769.75,55.115
1790616180000,769.75,770.37,769.7,769.74,56.193
1790616240000,769.75,770.37,769.75,770.14,47.924
1790616300000,770.14,770.23,770.0,770.23,43.616
1790616360000,770.23,770.23,769.6,769.6,89.095
1790616420000,769.61,769.61,768.85,769.18,134.829
1790616480000,769.18,769.38,769.06,769.22,42.071
1790616540000,769.21,769.45,769.0,769.09,55.207
1790616600000,769.09,770.33,769.08,770.19,35.448
1790616660000,770.2,770.36,769.9,770.36,49.516
1790616720000,770.36,770.39,770.0,770.36,15.114
1790616780000,770.35,770.62,770.01,770.01,43.758
1790616840000,770.01,770.02,769.45,769.53,25.34
1790616900000,769.52,770.16,769.39,770.15,78.522
1790616960000,770.15,770.43,770.15,770.35,46.581
1790617020000,770.35,770.55,769.53,769.54,32.102
1790617080000,769.54,770.39,769.54,770.37,12.695
1790617140000,770.35,770.35,770.01,770.09,10.478
1790617200000,770.09,770.24,769.9,769.97,25.704
1790617260000,769.96,770.42,769.55,770.41,132.802
1790617320000,770.42,770.42,769.47,770.1,22.429
1790617380000,770.1,770.4,770.09,770.13,37.617
1790617440000,770.13,770.13,769.84,769.97,17.14
1790617500000,769.97,770.35,769.94,770.03,15.813
1790617560000,770.03,770.12,769.73,769.73,13.845
1790617620000,769.74,769.9,769.4,769.4,62.241
1790617680000,769.41,769.8,769.4,769.8,7.367
1790617740000,769.8,769.81,769.43,769.52,15.723
1790617800000,769.52,769.52,769.02,769.02,52.669
1790617860000,769.01,769.29,768.92,769.29,18.57
1790617920000,769.29,769.95,769.29,769.95,12.149
1790617980000,769.93,769.93,769.49,769.49,22.507
1790618040000,769.49,769.71,769.36,769.36,20.873
1790618100000,769.37,769.56,769.1,769.56,39.616
1790618160000,769.57,769.95,769.57,769.71,21.501
1790618220000,769.72,770.02,769.71,769.88,45.557
1790618280000,769.86,769.92,769.75,769.77,24.3
1790618340000,769.77,769.78,769.52,769.52,13.115
1790618400000,769.53,769.69,769.25,769.34,15.961
1790618460000,769.35,769.58,769.22,769.58,45.434
1790618520000,769.57,770.35,769.49,770.35,23.535
1790618580000,770.36,770.5,770.12,770.19,21.885
1790618640000,770.18,770.55,770.18,770.54,29.15
1790618700000,770.55,770.63,770.22,770.23,22.754
1790618760000,770.24,770.45,770.0,770.05,28.9
1790618820000,770.04,770.05,769.84,769.88,13.315
1790618880000,769.89,770.16,769.88,770.1,10.853
1790618940000,770.1,770.1,769.77,769.77,6.909
1790619000000,769.77,770.02,769.68,769.88,21.74
1790619060000,769.89,770.19,769.77,770.19,19.785
1790619120000,770.2,770.57,770.2,770.47,7.724
1790619180000,770.47,770.64,770.47,770.64,13.941
1790619240000,770.66,770.88,770.65,770.77,76.909
1790619300000,770.76,770.9,770.58,770.58,13.669
1790619360000,770.57,771.0,770.4,771.0,226.69
1790619420000,771.0,771.01,770.34,770.35,35.9
1790619480000,770.34,770.5,770.14,770.36,34.142
1790619540000,770.37,770.37,770.09,770.09,20.482
1790619600000,770.09,770.24,769.94,770.1,16.771
1790619660000,770.1,770.1,769.83,769.84,57.342
1790619720000,769.84,770.39,769.83,770.38,15.77
1790619780000,770.38,770.4,770.0,770.0,14.763
1790619840000,770.01,770.13,769.88,770.11,17.404
1790619900000,770.11,770.38,770.01,770.01,35.345
1790619960000,770.02,770.35,770.01,770.35,7.825
1790620020000,770.35,770.55,770.21,770.35,60.041
1790620080000,770.34,770.35,769.9,769.91,37.032
1790620140000,769.9,769.97,769.89,769.91,26.895
1790620200000,769.92,770.16,769.38,769.78,103.443
1790620260000,769.78,769.78,769.06,769.2,21.387
1790620320000,769.2,769.2,768.65,768.65,35.032
1790620380000,768.64,769.1,768.61,768.85,41.27
1790620440000,768.84,769.41,768.84,769.41,18.851
1790620500000,769.4,769.41,768.87,769.0,42.057
1790620560000,768.99,769.25,768.87,769.25,16.174
1790620620000,769.25,769.54,769.04,769.07,9.457
1790620680000,769.07,769.16,768.79,768.92,60.949
1790620740000,768.96,769.05,768.73,768.73,86.88
1790620800000,768.72,768.75,768.5,768.68,9.335
1790620860000,768.69,768.9,768.55,768.9,58.841
1790620920000,768.9,769.28,768.88,768.89,16.43
1790620980000,768.89,768.89,768.54,768.89,45.602
1790621040000,768.88,769.19,768.88,769.18,11.94
1790621100000,769.18,769.18,768.08,768.52,297.921
1790621160000,768.53,768.6,768.42,768.53,29.56
1790621220000,768.54,768.91,768.33,768.91,27.019
1790621280000,768.93,769.57,768.78,769.26,41.259
1790621340000,769.25,769.56,769.15,769.27,115.95
1790621400000,769.27,769.61,769.21,769.48,21.719
1790621460000,769.48,769.84,769.42,769.82,48.257
1790621520000,769.82,770.48,769.82,770.48,41.021
1790621580000,770.49,770.83,770.34,770.34,36.431
1790621640000,770.34,770.35,770.01,770.25,20.243
1790621700000,770.25,770.27,770.01,770.09,8.194
1790621760000,770.09,770.3,770.0,770.08,15.894
1790621820000,770.09,770.32,770.09,770.23,24.917
1790621880000,770.23,770.34,770.22,770.28,6.324
1790621940000,770.28,770.38,770.27,770.34,21.94
1790622000000,770.34,770.47,770.04,770.05,22.136
1790622060000,770.05,770.05,769.15,769.18,117.067
1790622120000,769.17,769.18,768.54,768.55,36.906
1790622180000,768.55,768.55,768.14,768.14,32.899
1790622240000,768.14,768.19,768.0,768.11,26.126
1790622300000,768.1,768.19,767.94,768.19,35.333
1790622360000,768.2,768.2,767.61,767.61,35.899
1790622420000,767.6,767.75,767.33,767.38,64.059
1790622480000,767.38,767.48,767.27,767.27,27.79
1790622540000,767.26,767.26,766.8,766.81,44.747
1790622600000,766.81,766.81,766.61,766.7,11.917
1790622660000,766.71,766.81,766.47,766.47,25.79
1790622720000,766.48,767.12,766.47,767.01,32.17
1790622780000,767.0,767.4,767.0,767.3,19.654
1790622840000,767.31,767.31,766.93,767.0,11.818
1790622900000,766.99,766.99,766.51,766.98,17.162
1790622960000,766.97,767.2,766.61,766.61,15.311
1790623020000,766.61,766.96,766.58,766.75,37.5
1790623080000,766.73,766.98,766.65,766.97,15.062
1790623140000,766.98,767.03,766.7,767.0,36.87
1790623200000,767.0,767.01,766.7,766.71,11.823
1790623260000,766.71,766.79,766.48,766.62,35.096
1790623320000,766.62,766.63,766.2,766.29,56.184
1790623380000,766.3,766.37,766.26,766.27,19.578
1790623440000,766.27,766.27,766.25,766.25,8.335
1790623500000,766.26,766.26,766.18,766.26,6.819
1790623560000,766.25,766.34,766.23,766.34,56.81
1790623620000,766.33,766.48,766.33,766.36,18.79
1790623680000,766.36,766.48,766.33,766.4,42.956
1790623740000,766.39,766.39,766.06,766.17,102.355
1790623800000,766.17,766.17,766.07,766.08,25.058
1790623860000,766.07,766.15,765.88,765.93,29.707
1790623920000,765.93,765.93,765.38,765.46,41.254
1790623980000,765.5,765.54,764.74,764.74,95.717
1790624040000,764.74,764.86,764.56,764.71,16.426
1790624100000,764.71,764.71,764.23,764.24,45.2
1790624160000,764.24,764.24,763.66,763.66,82.715
1790624220000,763.66,763.66,763.08,763.09,57.91
1790624280000,763.08,763.08,762.6,762.61,146.538
1790624340000,762.61,763.15,762.57,762.89,82.951
1790624400000,762.89,762.89,762.0,762.01,58.347
1790624460000,762.0,762.72,761.75,762.63,194.006
1790624520000,762.64,762.85,762.36,762.81,43.882
1790624580000,762.81,763.15,762.66,762.71,45.314
1790624640000,762.7,763.15,762.6,763.1,32.656
1790624700000,763.11,763.39,763.0,763.38,34.641
1790624760000,763.39,763.39,763.17,763.18,8.352
1790624820000,763.17,763.17,762.91,762.92,25.869
1790624880000,762.92,762.92,762.45,762.58,45.232
1790624940000,762.57,762.72,762.46,762.52,106.178
1790625000000,762.52,762.9,762.52,762.71,15.724
1790625060000,762.7,763.38,762.66,763.38,48.883
1790625120000,763.37,763.37,763.31,763.33,234.744
1790625180000,763.34,763.38,763.07,763.07,62.277
1790625240000,763.08,763.08,762.87,762.88,156.317
1790625300000,762.88,763.04,762.6,762.61,66.888
1790625360000,762.61,762.72,762.47,762.7,132.214
1790625420000,762.7,762.7,762.56,762.56,13.222
1790625480000,762.57,762.9,762.57,762.9,12.968
1790625540000,762.9,762.9,762.61,762.61,23.809
1790625600000,762.62,763.25,762.56,762.85,141.887
1790625660000,762.85,762.85,761.64,761.76,99.467
1790625720000,761.75,762.75,761.42,762.74,48.48
1790625780000,762.75,763.28,762.75,763.12,51.022
1790625840000,763.13,764.1,762.86,763.99,58.654
1790625900000,763.98,764.29,763.96,764.22,28.258
1790625960000,764.21,764.53,764.0,764.53,43.693
1790626020000,764.53,764.81,764.49,764.81,30.234
1790626080000,764.82,764.9,764.62,764.77,13.569
1790626140000,764.78,764.95,764.74,764.94,19.258
1790626200000,764.95,765.0,764.79,764.96,18.606
1790626260000,764.96,765.0,764.83,764.85,15.145
1790626320000,764.85,764.85,764.52,764.57,38.519
1790626380000,764.57,764.88,764.53,764.87,24.992
1790626440000,764.87,764.87,764.72,764.76,61.811
1790626500000,764.75,764.75,764.47,764.47,7.619
1790626560000,764.46,764.46,763.75,763.81,27.52
1790626620000,763.82,764.01,763.8,763.9,53.299
1790626680000,763.89,764.16,763.81,764.16,8.306
1790626740000,764.15,764.66,764.15,764.66,4.874
1790626800000,764.66,764.99,764.66,764.79,25.448
1790626860000,764.78,764.94,764.69,764.86,31.424
1790626920000,764.86,765.15,764.85,764.99,72.403
1790626980000,764.99,765.14,764.53,764.53,33.147
1790627040000,764.53,765.44,764.31,765.43,47.255
1790627100000,765.44,765.45,765.21,765.33,29.456
1790627160000,765.33,765.44,765.26,765.41,24.695
1790627220000,765.41,765.41,764.89,764.95,19.359
1790627280000,764.94,765.1,764.84,765.1,14.558
1790627340000,765.11,765.47,764.9,764.97,79.104
1790627400000,764.99,765.0,764.63,764.64,45.101
1790627460000,764.63,764.97,764.44,764.96,39.621
1790627520000,764.97,765.13,764.84,764.89,6.161
1790627580000,764.89,765.29,764.89,765.12,10.838
1790627640000,765.12,765.21,764.99,765.17,12.386
1790627700000,765.17,765.24,765.13,765.16,7.348
1790627760000,765.15,765.27,765.03,765.14,26.326
1790627820000,765.14,765.14,764.89,765.0,16.595
1790627880000,765.01,765.22,765.01,765.21,7.305
1790627940000,765.21,765.46,765.21,765.46,11.26
1790628000000,765.46,765.5,765.23,765.23,18.491
1790628060000,765.24,765.68,765.24,765.68,100.599
1790628120000,765.68,765.68,765.19,765.19,7.067
1790628180000,765.18,765.18,764.66,765.04,15.808
1790628240000,765.04,765.04,764.83,764.83,10.982
1790628300000,764.83,764.84,764.04,764.3,366.525
1790628360000,764.31,764.62,764.3,764.62,36.144
1790628420000,764.63,764.82,764.46,764.46,13.509
1790628480000,764.46,764.55,764.32,764.42,14.064
1790628540000,764.42,764.42,764.33,764.42,4.825
1790628600000,764.42,764.42,764.03,764.06,15.862
1790628660000,764.06,764.1,763.98,764.08,6.671
1790628720000,764.07,764.07,763.73,763.74,15.937
1790628780000,763.74,763.94,763.74,763.92,3.895
1790628840000,763.91,764.37,763.91,764.19,14.482
1790628900000,764.19,764.66,764.1,764.62,10.864
1790628960000,764.62,764.71,764.61,764.68,17.699
1790629020000,764.68,765.25,764.68,765.12,44.123
1790629080000,765.12,765.17,764.81,764.83,53.91
1790629140000,764.83,765.16,764.83,765.16,9.223
1790629200000,765.16,766.01,765.16,766.01,18.239
1790629260000,766.01,766.31,766.0,766.09,32.529
1790629320000,766.09,766.32,765.89,766.05,66.547
1790629380000,766.06,766.19,766.0,766.01,21.355
1790629440000,766.01,766.22,766.01,766.06,80.042
1790629500000,766.07,766.09,765.72,765.73,26.919
1790629560000,765.72,766.0,765.61,765.88,35.649
1790629620000,765.88,765.88,765.15,765.15,49.908
1790629680000,765.15,765.56,765.13,765.54,68.119
1790629740000,765.54,765.54,765.42,765.54,20.688
1790629800000,765.54,765.72,765.5,765.51,29.166
1790629860000,765.51,765.51,765.27,765.44,48.095
1790629920000,765.43,765.43,765.23,765.23,8.451
1790629980000,765.24,765.45,764.93,764.93,49.098
1790630040000,764.94,764.94,764.89,764.9,10.168
1790630100000,764.9,764.9,764.52,764.53,14.149
1790630160000,764.53,764.59,764.33,764.33,66.903
1790630220000,764.33,764.34,764.06,764.07,21.035
1790630280000,764.07,764.07,763.23,763.45,198.829
1790630340000,763.45,764.2,763.45,764.19,59.267
1790630400000,764.2,764.2,763.87,763.87,11.224
1790630460000,763.87,764.0,763.61,763.61,88.592
1790630520000,763.62,763.72,763.05,763.31,173.035
1790630580000,763.31,763.5,763.25,763.26,32.811
1790630640000,763.25,763.28,763.25,763.28,5.341
1790630700000,763.27,763.31,763.19,763.3,26.952
1790630760000,763.3,763.3,762.92,762.93,7.999
1790630820000,762.93,762.93,762.56,762.62,42.251
1790630880000,762.62,762.93,762.62,762.93,51.509
1790630940000,762.94,762.94,762.81,762.82,7.25
1790631000000,762.81,763.22,762.81,763.21,50.734
1790631060000,763.22,763.22,762.6,762.6,20.447
1790631120000,762.61,762.61,762.36,762.57,59.86
1790631180000,762.57,762.72,762.56,762.72,28.951
1790631240000,762.72,762.97,762.71,762.97,28.691
1790631300000,762.97,762.97,762.74,762.74,6.738
1790631360000,762.74,763.05,762.73,763.05,62.459
1790631420000,763.05,763.24,762.73,762.75,65.117
1790631480000,762.74,762.74,762.37,762.38,54.887
1790631540000,762.38,762.38,762.18,762.18,12.075
1790631600000,762.18,762.18,761.97,762.06,49.861
1790631660000,762.05,762.05,761.86,762.01,70.329
1790631720000,762.0,762.04,762.0,762.04,32.516
1790631780000,762.04,762.24,761.91,762.23,55.746
1790631840000,762.24,762.57,762.23,762.54,12.028
1790631900000,762.54,762.54,762.49,762.5,9.739
1790631960000,762.5,762.5,761.98,761.98,19.241
1790632020000,761.98,761.98,761.81,761.81,14.962
1790632080000,761.81,761.82,761.79,761.8,28.185
1790632140000,761.8,762.12,761.79,762.11,10.913
1790632200000,762.11,762.11,761.98,761.99,2.25
1790632260000,761.98,761.98,761.67,761.93,15.05
1790632320000,761.93,762.07,761.92,762.06,6.377
1790632380000,762.06,762.07,761.62,761.64,4.424
1790632440000,761.64,761.64,761.22,761.25,62.428
1790632500000,761.24,761.37,761.24,761.36,28.483
1790632560000,761.36,761.36,761.34,761.35,6.267
1790632620000,761.35,761.48,761.31,761.32,8.183
1790632680000,761.32,761.76,761.32,761.76,6.032
1790632740000,761.75,761.79,761.48,761.79,53.141
1790632800000,761.79,761.84,761.24,761.25,31.02
1790632860000,761.25,761.33,761.15,761.17,18.04
1790632920000,761.16,761.16,760.19,761.14,145.754
1790632980000,761.14,761.87,761.05,761.21,19.582
1790633040000,761.21,761.53,761.04,761.15,26.822
1790633100000,761.15,761.15,760.3,760.3,10.225
1790633160000,760.28,760.28,759.59,759.66,214.599
1790633220000,759.67,760.09,759.66,759.67,63.261
1790633280000,759.67,760.44,759.67,760.44,90.844
1790633340000,760.43,760.43,759.78,759.98,89.125
1790633400000,759.97,760.03,759.64,759.91,67.087
1790633460000,759.91,759.91,759.59,759.75,26.846
1790633520000,759.75,759.98,759.74,759.88,57.77
1790633580000,759.88,759.98,759.84,759.98,42.015
1790633640000,759.98,760.08,759.97,760.04,218.748
1790633700000,760.03,760.04,759.87,759.88,55.384
1790633760000,759.88,759.88,759.87,759.87,20.87
1790633820000,759.87,760.2,759.87,760.13,83.653
1790633880000,760.13,760.32,760.11,760.11,65.68
1790633940000,760.1,760.29,759.97,760.27,82.518
1790634000000,760.26,760.26,759.7,759.74,57.238
1790634060000,759.74,759.93,759.74,759.93,67.913
1790634120000,759.93,759.97,759.79,759.79,60.592
1790634180000,759.79,759.79,759.52,759.68,78.181
1790634240000,759.67,759.84,759.62,759.68,50.278
1790634300000,759.67,759.67,759.51,759.54,41.533
1790634360000,759.54,759.92,759.53,759.92,111.986
1790634420000,759.92,759.94,759.8,759.8,12.661
1790634480000,759.8,759.8,759.28,759.54,145.873
1790634540000,759.54,759.57,759.46,759.57,31.686
1790634600000,759.57,759.91,759.56,759.7,58.373
1790634660000,759.7,759.7,759.47,759.48,33.27
1790634720000,759.48,760.53,759.45,760.53,148.264
1790634780000,760.53,760.76,760.44,760.56,67.173
1790634840000,760.56,760.56,760.2,760.33,97.678
1790634900000,760.32,760.87,760.32,760.87,74.042
1790634960000,760.87,761.4,760.87,761.22,160.756
1790635020000,761.22,761.73,761.22,761.72,76.348
1790635080000,761.73,761.8,761.73,761.75,12.816
1790635140000,761.75,761.75,761.74,761.75,2.381
1790635200000,761.75,761.82,761.74,761.82,27.74
1790635260000,761.82,761.82,761.74,761.74,14.037
1790635320000,761.75,761.75,761.71,761.71,6.909
1790635380000,761.71,761.87,761.71,761.86,31.405
1790635440000,761.87,762.01,761.87,761.95,30.673
1790635500000,761.95,762.5,761.95,762.5,148.815
1790635560000,762.49,762.5,762.27,762.47,65.206
1790635620000,762.46,762.46,762.0,762.02,12.43
1790635680000,762.02,762.15,762.01,762.14,18.602
1790635740000,762.14,762.25,762.14,762.17,49.477
1790635800000,762.17,762.17,762.01,762.02,21.758
1790635860000,762.02,762.03,762.0,762.02,21.675
1790635920000,762.03,762.05,762.03,762.04,23.563
1790635980000,762.04,762.05,761.85,761.87,17.999
1790636040000,761.87,762.14,761.86,762.13,54.542
1790636100000,762.14,762.5,762.14,762.34,60.265
1790636160000,762.33,762.47,762.24,762.41,43.881
1790636220000,762.41,762.41,762.25,762.26,9.794
1790636280000,762.26,762.26,762.25,762.26,10.898
1790636340000,762.26,762.36,762.25,762.36,49.613
1790636400000,762.36,762.37,762.25,762.26,10.112
1790636460000,762.26,762.41,762.26,762.39,29.328
1790636520000,762.39,762.8,762.34,762.8,163.622
1790636580000,762.79,763.0,762.76,762.89,80.656
1790636640000,762.89,763.12,762.89,762.94,102.464
1790636700000,762.93,762.93,762.52,762.53,65.545
1790636760000,762.52,762.53,761.91,762.0,50.852
1790636820000,762.0,762.0,761.74,761.92,56.948
1790636880000,761.92,762.04,761.75,761.9,96.656
1790636940000,761.9,762.02,761.76,761.76,69.246
1790637000000,761.76,761.76,761.39,761.4,44.962
1790637060000,761.39,761.4,761.23,761.27,68.965
1790637120000,761.28,761.3,760.98,760.98,84.816
1790637180000,760.99,760.99,760.55,760.55,123.458
1790637240000,760.55,760.7,760.53,760.69,57.655
1790637300000,760.7,761.25,760.69,761.25,115.564
1790637360000,761.25,761.42,761.12,761.3,96.035
1790637420000,761.31,761.88,761.31,761.77,86.111
1790637480000,761.78,761.91,761.73,761.91,54.49
1790637540000,761.93,761.94,761.77,761.88,25.773
1790637600000,761.88,761.89,761.87,761.89,22.65
1790637660000,761.88,761.88,761.51,761.51,22.799
1790637720000,761.51,761.8,761.51,761.63,46.463
1790637780000,761.63,761.89,761.42,761.88,124.254
1790637840000,761.88,762.09,761.83,762.09,50.374
1790637900000,762.08,762.2,761.89,762.2,43.863
1790637960000,762.19,762.4,762.19,762.38,39.453
1790638020000,762.39,762.71,762.38,762.7,95.33
1790638080000,762.71,762.71,762.7,762.7,5.446
1790638140000,762.71,762.71,762.68,762.71,26.656
1790638200000,762.7,762.84,762.7,762.84,71.282
1790638260000,762.85,763.2,762.85,763.19,130.108
1790638320000,763.2,763.2,763.1,763.11,11.059
1790638380000,763.11,763.11,762.98,762.98,17.014
1790638440000,762.98,763.17,762.98,763.17,7.998
1790638500000,763.16,763.34,763.16,763.34,14.561
1790638560000,763.34,763.78,763.34,763.72,80.023
1790638620000,763.71,764.04,763.71,764.0,98.409
1790638680000,764.0,764.0,763.77,763.78,5.483
1790638740000,763.78,763.88,763.65,763.87,14.112
1790638800000,763.88,764.16,763.87,764.16,40.799
1790638860000,764.16,764.16,764.08,764.09,31.323
1790638920000,764.08,764.09,763.87,764.07,11.606
1790638980000,764.07,764.36,764.07,764.25,70.143
1790639040000,764.26,764.26,764.17,764.18,2.764
1790639100000,764.18,764.18,763.96,763.97,6.73
1790639160000,763.96,763.96,763.53,763.76,82.241
1790639220000,763.77,763.99,763.76,763.98,4.894
1790639280000,763.99,764.04,763.98,763.99,4.631
1790639340000,763.99,764.0,763.98,763.99,3.511
1790639400000,764.0,764.12,763.71,763.78,40.937
1790639460000,763.78,763.99,763.77,763.99,15.834
1790639520000,763.99,763.99,763.91,763.94,6.623
1790639580000,763.94,764.0,763.91,764.0,12.565
1790639640000,763.99,764.2,763.81,764.2,45.082
1790639700000,764.2,764.31,764.19,764.31,15.736
1790639760000,764.31,764.32,764.3,764.32,24.814
1790639820000,764.31,764.41,764.21,764.21,10.11
1790639880000,764.2,764.24,764.2,764.24,20.087
1790639940000,764.24,764.24,763.95,763.96,28.069
1790640000000,763.96,763.99,763.56,763.59,86.187
1790640060000,763.59,763.87,763.55,763.55,13.211
1790640120000,763.54,763.73,763.52,763.65,9.393
1790640180000,763.65,763.88,763.24,763.88,23.88
1790640240000,763.88,764.16,763.88,764.15,21.594
1790640300000,764.15,764.15,763.86,763.86,29.33
1790640360000,763.86,764.16,763.55,764.16,22.825
1790640420000,764.16,764.57,764.15,764.39,59.899
1790640480000,764.39,764.4,764.04,764.17,80.538
1790640540000,764.17,764.41,764.17,764.17,20.775
1790640600000,764.17,764.17,763.88,764.0,21.563
1790640660000,764.0,764.01,763.78,764.01,33.681
1790640720000,764.01,764.01,763.68,764.0,17.212
1790640780000,764.01,764.13,763.82,764.02,121.797
1790640840000,764.02,764.05,764.01,764.05,3.412
1790640900000,764.05,764.05,763.42,763.43,67.131
1790640960000,763.42,763.42,763.2,763.28,10.996
1790641020000,763.29,763.29,762.98,762.99,15.686
1790641080000,762.99,763.08,762.98,763.08,70.234
1790641140000,763.08,763.39,763.06,763.26,13.044
1790641200000,763.26,763.26,763.01,763.15,10.914
1790641260000,763.15,763.2,763.05,763.07,26.732
1790641320000,763.06,763.15,763.0,763.15,64.807
1790641380000,763.15,763.19,763.01,763.03,61.739
1790641440000,763.03,763.12,762.92,763.1,54.837
1790641500000,763.09,764.06,763.09,764.06,27.346
1790641560000,764.06,764.14,763.99,764.14,54.287
1790641620000,764.14,764.24,763.75,763.83,106.785
1790641680000,763.84,764.64,763.84,764.64,40.671
1790641740000,764.64,764.74,764.37,764.46,46.757
1790641800000,764.45,764.69,764.45,764.56,50.031
1790641860000,764.55,764.55,763.88,763.92,24.491
1790641920000,763.92,764.26,763.82,764.11,160.829
1790641980000,764.12,764.85,764.12,764.85,29.89
1790642040000,764.85,765.09,764.74,764.8,75.992
1790642100000,764.81,765.28,764.8,765.27,23.808
1790642160000,765.28,765.33,765.21,765.27,19.388
1790642220000,765.26,765.26,764.73,765.03,43.115
1790642280000,765.04,765.04,764.75,764.75,14.616
1790642340000,764.75,764.96,764.65,764.8,10.877
1790642400000,764.8,764.88,764.67,764.67,7.131
1790642460000,764.67,764.69,764.53,764.55,10.093
1790642520000,764.54,764.85,764.54,764.55,14.146
1790642580000,764.55,764.64,764.38,764.52,23.921
1790642640000,764.52,764.68,764.52,764.63,5.972
1790642700000,764.64,764.64,763.61,763.74,25.787
1790642760000,763.74,763.74,763.25,763.28,38.735
1790642820000,763.29,763.69,763.21,763.39,41.023
1790642880000,763.39,763.39,763.16,763.16,14.584
1790642940000,763.16,763.23,762.59,762.59,116.94
1790643000000,762.6,762.66,762.4,762.42,34.973
1790643060000,762.41,762.41,762.12,762.12,35.955
1790643120000,762.13,762.13,761.97,762.0,19.853
1790643180000,762.02,762.08,761.67,761.9,43.096
1790643240000,761.9,761.96,761.31,761.7,94.196
1790643300000,761.71,762.0,761.55,761.66,26.394
1790643360000,761.64,761.64,761.31,761.55,53.08
1790643420000,761.56,761.56,760.7,760.7,48.485
1790643480000,760.7,761.22,760.7,761.12,18.974
1790643540000,761.11,761.17,760.54,760.54,58.967
1790643600000,760.53,760.85,760.17,760.38,72.679
1790643660000,760.37,760.8,760.0,760.62,60.052
1790643720000,760.69,761.6,760.57,761.36,64.296
1790643780000,761.36,761.46,760.98,760.98,112.672
1790643840000,760.97,760.97,760.28,760.28,25.959
1790643900000,760.27,760.53,759.85,760.32,188.19
1790643960000,760.32,760.5,759.57,759.96,83.369
1790644020000,759.96,760.14,759.58,759.59,82.716
1790644080000,759.59,759.75,759.24,759.24,169.342
1790644140000,759.25,759.41,759.0,759.3,168.116
1790644200000,759.32,759.38,759.03,759.16,265.638
1790644260000,759.15,759.2,759.1,759.16,145.193
1790644320000,759.16,759.45,759.0,759.32,94.769
1790644380000,759.31,759.32,759.11,759.16,50.965
1790644440000,759.16,759.49,759.16,759.34,112.458
1790644500000,759.32,759.46,759.08,759.29,131.726
1790644560000,759.29,759.36,759.01,759.18,748.435
1790644620000,759.19,759.24,759.0,759.15,1254.302
1790644680000,759.14,759.24,758.02,758.3,1131.13
1790644740000,758.3,758.3,756.55,756.72,526.309
1790644800000,756.72,758.21,756.62,757.94,133.169
1790644860000,757.95,758.86,757.82,758.62,67.497
1790644920000,758.62,759.29,758.53,759.29,19.54
1790644980000,759.3,759.5,758.71,758.81,684.582
1790645040000,758.81,758.91,758.33,758.68,104.122
1790645100000,758.68,758.77,758.0,758.11,30.343
1790645160000,758.12,758.32,757.66,757.67,72.468
1790645220000,757.66,757.66,757.0,757.0,193.721
1790645280000,757.01,757.01,756.35,756.45,106.811
1790645340000,756.45,756.45,755.95,756.15,265.954
1790645400000,756.15,756.58,755.3,756.29,337.469
1790645460000,756.3,756.92,755.98,755.98,128.617
1790645520000,755.96,755.96,754.32,755.62,999.703
1790645580000,755.61,755.89,755.51,755.58,248.358
1790645640000,755.58,756.0,755.11,755.59,78.485
1790645700000,755.59,755.75,754.45,754.88,141.422
1790645760000,754.88,755.09,753.9,754.66,302.227
1790645820000,754.66,755.76,754.64,755.4,98.32
1790645880000,755.41,755.99,755.35,755.47,126.041
1790645940000,755.47,755.72,755.13,755.13,36.074
1790646000000,755.13,755.49,755.13,755.37,15.22
1790646060000,755.36,756.0,754.95,756.0,211.218
1790646120000,756.0,757.04,756.0,757.01,118.755
1790646180000,757.01,757.34,756.06,756.1,181.607
1790646240000,756.1,757.05,756.1,756.99,44.385
1790646300000,757.0,758.2,756.73,758.2,189.809
1790646360000,758.21,758.48,757.49,757.51,73.553
1790646420000,757.5,757.78,757.09,757.66,81.525
1790646480000,757.65,757.71,757.24,757.33,37.731
1790646540000,757.32,757.59,757.04,757.04,26.358
1790646600000,757.04,757.05,756.42,756.42,69.656
1790646660000,756.41,756.58,756.21,756.37,78.102
1790646720000,756.37,757.16,756.28,757.16,50.857
1790646780000,757.17,758.0,757.17,757.77,56.43
1790646840000,757.74,757.74,757.21,757.49,68.967
1790646900000,757.5,757.86,757.44,757.6,40.847
1790646960000,757.6,757.8,757.47,757.8,37.732
1790647020000,757.8,757.8,757.27,757.27,64.21
1790647080000,757.26,757.77,757.07,757.21,124.247
1790647140000,757.21,757.73,757.2,757.52,41.376
1790647200000,757.52,758.43,757.52,758.37,51.568
1790647260000,758.37,758.38,757.28,757.33,62.48
1790647320000,757.33,757.53,756.96,757.48,45.887
1790647380000,757.47,757.47,756.84,756.85,31.763
1790647440000,756.84,757.68,756.81,757.49,26.903
1790647500000,757.5,757.5,756.7,756.85,36.1
1790647560000,756.85,756.99,756.41,756.99,75.087
1790647620000,757.0,757.31,756.65,756.95,45.228
1790647680000,756.95,757.11,756.32,756.32,33.485
1790647740000,756.3,756.38,756.01,756.1,48.387
1790647800000,756.11,756.4,755.5,755.5,65.424
1790647860000,755.5,755.81,755.31,755.32,102.534
1790647920000,755.32,756.64,755.16,756.61,210.2
1790647980000,756.6,757.38,756.25,757.29,60.217
1790648040000,757.29,757.29,756.38,756.48,61.971
1790648100000,756.47,757.11,756.36,757.02,97.813
1790648160000,757.02,757.52,756.75,757.14,41.664
1790648220000,757.14,757.14,756.51,756.51,87.767
1790648280000,756.51,757.04,756.29,756.79,26.146
1790648340000,756.84,757.3,756.72,757.29,37.889
1790648400000,757.29,758.22,757.29,757.87,116.976
1790648460000,757.86,757.86,756.25,756.27,79.821
1790648520000,756.27,756.27,755.0,755.49,212.002
1790648580000,755.5,756.24,755.5,755.94,116.672
1790648640000,756.03,756.29,755.38,755.41,72.05
1790648700000,755.4,755.45,754.88,755.16,252.036
1790648760000,755.16,755.29,754.71,754.71,178.077
1790648820000,754.71,755.5,754.66,755.09,26.413
1790648880000,755.08,755.08,754.63,754.93,67.02
1790648940000,754.93,755.26,754.87,755.26,31.882
1790649000000,755.25,755.85,755.06,755.06,55.516
1790649060000,755.05,755.3,754.79,755.2,53.6
1790649120000,755.19,755.19,754.78,754.79,28.72
1790649180000,754.79,754.95,754.36,754.42,71.85
1790649240000,754.42,754.72,753.81,753.84,316.238
1790649300000,753.83,754.4,753.83,754.33,446.921
1790649360000,754.33,754.55,753.91,754.22,95.252
1790649420000,754.23,754.89,754.23,754.89,137.248
1790649480000,754.88,755.55,754.78,755.55,61.372
1790649540000,755.55,756.04,755.41,755.63,36.986
1790649600000,755.61,755.97,755.48,755.72,21.311
1790649660000,755.71,756.0,755.51,756.0,122.06
1790649720000,756.0,756.31,755.42,755.42,138.52
1790649780000,755.42,755.73,755.26,755.69,48.668
1790649840000,755.69,756.14,755.69,756.14,37.248
1790649900000,756.14,756.63,756.13,756.54,33.663
1790649960000,756.54,756.8,756.45,756.71,39.453
1790650020000,756.71,756.71,756.21,756.22,31.7
1790650080000,756.22,756.64,755.94,756.64,163.768
1790650140000,756.64,756.64,755.9,755.93,33.474
1790650200000,755.9,755.97,755.56,755.87,46.085
1790650260000,755.88,756.2,754.95,754.95,64.619
1790650320000,754.95,755.38,754.95,755.07,51.788
1790650380000,755.05,755.57,754.92,755.45,53.221
1790650440000,755.44,755.52,755.31,755.52,22.378
1790650500000,755.51,755.7,755.4,755.7,47.707
1790650560000,755.7,755.8,755.61,755.7,22.33
1790650620000,755.69,755.94,755.52,755.8,13.215
1790650680000,755.81,756.12,755.81,756.05,12.834
1790650740000,756.04,756.43,756.02,756.43,40.658
1790650800000,756.43,757.0,756.15,756.99,115.651
1790650860000,757.0,757.24,756.56,756.9,69.501
1790650920000,756.89,757.16,756.8,757.11,32.378
1790650980000,757.12,757.91,757.12,757.39,98.24
1790651040000,757.39,757.47,756.52,756.54,123.231
1790651100000,756.54,756.73,756.47,756.51,35.552
1790651160000,756.51,756.84,756.51,756.84,13.61
1790651220000,756.84,757.33,756.84,757.14,18.708
1790651280000,757.14,757.3,756.76,756.85,15.837
1790651340000,756.85,756.93,756.71,756.93,19.217
1790651400000,756.92,757.0,756.63,756.9,15.735
1790651460000,756.89,756.89,756.48,756.49,17.337
1790651520000,756.47,756.67,756.44,756.46,23.247
1790651580000,756.46,756.7,756.32,756.44,44.052
1790651640000,756.48,756.54,756.2,756.21,22.991
1790651700000,756.21,756.55,755.86,756.55,18.526
1790651760000,756.55,756.93,756.17,756.29,146.918
1790651820000,756.29,756.53,756.06,756.48,48.505
1790651880000,756.47,756.47,755.54,756.06,158.387
1790651940000,756.07,757.44,756.07,757.34,53.544
1790652000000,757.34,758.13,757.34,758.12,48.806
1790652060000,758.13,758.75,758.13,758.38,70.797
1790652120000,758.37,758.43,757.86,758.0,81.994
1790652180000,758.01,758.63,758.01,758.61,54.123
1790652240000,758.61,759.0,758.61,758.99,26.56
1790652300000,759.0,759.2,758.71,759.06,113.036
1790652360000,759.05,759.51,759.05,759.51,30.48
1790652420000,759.51,759.51,759.2,759.51,25.063
1790652480000,759.51,759.65,759.51,759.64,21.807
1790652540000,759.65,759.84,759.65,759.81,27.37
1790652600000,759.81,759.81,758.93,759.17,56.123
1790652660000,759.18,759.36,759.03,759.36,23.273
1790652720000,759.36,759.67,759.09,759.6,17.771
1790652780000,759.59,759.8,759.38,759.56,19.314
1790652840000,759.55,759.68,759.55,759.56,10.784
1790652900000,759.56,759.73,759.35,759.62,16.916
1790652960000,759.63,759.7,759.56,759.7,30.466
1790653020000,759.7,759.81,759.41,759.43,40.327
1790653080000,759.42,759.49,759.25,759.3,17.676
1790653140000,759.3,759.3,758.85,759.12,31.138
1790653200000,759.12,759.29,759.11,759.13,15.1
1790653260000,759.13,759.61,759.13,759.61,25.021
1790653320000,759.61,759.8,759.51,759.8,26.769
1790653380000,759.8,759.8,759.45,759.46,14.026
1790653440000,759.45,759.59,759.31,759.32,14.875
1790653500000,759.32,759.36,759.14,759.36,45.294
1790653560000,759.36,759.53,759.26,759.51,19.507
1790653620000,759.51,759.51,759.25,759.3,9.195
1790653680000,759.3,759.54,759.21,759.21,135.887
1790653740000,759.2,759.27,759.12,759.27,12.01
1790653800000,759.27,759.39,759.13,759.19,28.662
1790653860000,759.19,759.23,759.0,759.03,179.483
1790653920000,759.03,759.09,758.91,758.98,9.343
1790653980000,758.98,759.72,758.98,759.27,67.411
1790654040000,759.27,759.29,758.92,758.99,22.299
1790654100000,758.98,759.17,758.92,759.17,27.193
1790654160000,759.13,759.13,758.85,758.85,24.358
1790654220000,758.85,758.85,758.74,758.74,6.944
1790654280000,758.73,758.73,758.43,758.57,19.8
1790654340000,758.56,758.8,758.55,758.79,15.411
1790654400000,758.8,758.8,758.23,758.28,42.298
1790654460000,758.28,758.89,758.27,758.88,22.043
1790654520000,758.89,759.05,758.76,758.87,31.487
1790654580000,758.87,758.87,757.71,757.98,33.5
1790654640000,757.97,758.21,757.89,757.97,35.409
1790654700000,757.97,757.98,757.81,757.83,29.394
1790654760000,757.83,757.96,757.82,757.95,18.973
1790654820000,757.98,758.28,757.82,757.83,18.782
1790654880000,757.83,757.83,757.42,757.43,37.886
1790654940000,757.43,758.18,757.42,758.17,15.493
1790655000000,758.17,758.4,758.01,758.39,31.851
1790655060000,758.4,758.8,758.39,758.61,66.759
1790655120000,758.62,758.74,758.39,758.56,21.31
1790655180000,758.56,758.87,758.42,758.85,56.675
1790655240000,758.84,758.85,758.47,758.58,17.152
1790655300000,758.58,758.87,758.58,758.87,24.919
1790655360000,758.87,758.87,758.65,758.79,37.734
1790655420000,758.79,759.78,758.76,759.66,55.732
1790655480000,759.61,759.61,759.01,759.32,29.347
1790655540000,759.36,759.8,759.36,759.8,51.693
1790655600000,759.8,759.95,759.6,759.6,52.701
1790655660000,759.6,759.84,759.44,759.84,31.577
1790655720000,759.84,760.14,759.84,760.07,108.498
1790655780000,760.07,760.27,759.84,759.84,141.193
1790655840000,759.83,759.83,759.41,759.41,62.605
1790655900000,759.41,759.57,759.33,759.34,48.828
1790655960000,759.33,759.34,759.22,759.22,15.385
1790656020000,759.22,759.34,759.11,759.34,80.438
1790656080000,759.34,759.34,759.17,759.19,76.841
1790656140000,759.19,759.2,759.0,759.01,16.037
1790656200000,759.0,759.0,758.69,758.73,100.049
1790656260000,758.73,758.73,758.44,758.58,65.954
1790656320000,758.58,758.58,758.26,758.27,76.22
1790656380000,758.27,758.27,757.97,758.25,137.116
1790656440000,758.24,758.25,757.89,757.89,47.34
1790656500000,757.9,757.9,757.5,757.6,96.664
1790656560000,757.6,757.66,757.52,757.65,17.745
1790656620000,757.65,758.26,757.63,758.26,30.463
1790656680000,758.26,758.47,758.13,758.39,33.343
1790656740000,758.4,758.43,758.3,758.31,11.153
1790656800000,758.31,758.45,758.24,758.24,17.8
1790656860000,758.24,758.65,758.23,758.47,59.356
1790656920000,758.48,758.48,757.83,758.1,162.643
1790656980000,758.1,758.22,758.09,758.21,26.243
1790657040000,758.21,758.28,758.14,758.28,18.864
1790657100000,758.28,758.33,758.15,758.15,12.386
1790657160000,758.15,758.15,757.62,757.64,101.163
1790657220000,757.64,757.64,756.94,756.95,74.96
1790657280000,756.94,756.95,756.55,756.87,105.158
1790657340000,756.87,756.87,756.48,756.48,134.073
1790657400000,756.49,756.72,756.48,756.7,64.055
1790657460000,756.7,757.49,756.7,757.48,208.736
1790657520000,757.49,757.6,757.46,757.6,160.088
1790657580000,757.59,757.62,757.25,757.52,248.213
1790657640000,757.52,757.52,757.2,757.2,38.912
1790657700000,757.2,757.2,756.65,757.2,188.672
1790657760000,757.2,757.38,757.13,757.13,58.145
1790657820000,757.13,757.19,756.65,756.9,253.727
1790657880000,756.91,756.98,756.81,756.98,91.873
1790657940000,756.98,757.1,756.94,757.1,101.597
1790658000000,757.1,757.21,756.69,757.19,232.245
1790658060000,757.2,757.38,757.0,757.09,162.977
1790658120000,757.09,757.32,756.84,756.88,251.159
1790658180000,756.88,757.6,756.76,756.77,122.52
1790658240000,756.76,757.29,756.52,756.93,65.605
1790658300000,756.99,757.21,756.81,756.92,34.266
1790658360000,756.91,757.05,756.49,756.53,48.963
1790658420000,756.53,756.53,756.17,756.18,81.341
1790658480000,756.18,756.22,756.08,756.21,37.839
1790658540000,756.2,756.59,756.14,756.58,42.825
1790658600000,756.58,756.59,756.25,756.58,34.894
1790658660000,756.57,757.1,756.56,757.1,51.752
1790658720000,757.1,757.46,757.1,757.31,45.902
1790658780000,757.32,757.5,757.31,757.46,26.874
1790658840000,757.45,757.46,757.22,757.37,36.521
1790658900000,757.37,757.57,757.36,757.36,17.499
1790658960000,757.36,757.73,757.35,757.36,57.273
1790659020000,757.36,757.54,756.82,757.54,129.439
1790659080000,757.56,758.35,757.56,758.25,54.524
1790659140000,758.26,758.77,758.25,758.58,124.497
1790659200000,758.61,758.82,758.61,758.81,152.945
1790659260000,758.82,758.89,758.32,758.32,170.658
1790659320000,758.33,758.39,758.18,758.29,33.439
1790659380000,758.29,758.55,758.28,758.28,48.544
1790659440000,758.28,758.92,758.28,758.91,105.735
1790659500000,758.92,759.01,758.77,758.81,22.68
1790659560000,758.8,758.87,758.45,758.45,15.55
1790659620000,758.44,758.54,758.2,758.21,56.839
1790659680000,758.21,758.7,758.17,758.7,128.18
1790659740000,758.66,758.67,758.31,758.36,65.34
1790659800000,758.36,758.36,757.5,757.53,67.992
1790659860000,757.53,757.53,757.17,757.17,30.59
1790659920000,757.16,757.16,756.52,756.52,58.213
1790659980000,756.52,756.52,755.98,755.99,147.093
1790660040000,755.98,755.99,755.31,755.32,105.448
1790660100000,755.32,755.76,755.01,755.73,48.355
1790660160000,755.72,755.99,755.06,755.18,28.585
1790660220000,755.15,755.35,755.0,755.05,48.281
1790660280000,755.05,756.06,755.01,756.06,42.941
1790660340000,756.08,756.55,756.04,756.41,104.832
1790660400000,756.42,756.85,756.42,756.66,44.212
1790660460000,756.65,757.2,756.42,757.19,13.997
1790660520000,757.2,757.44,757.03,757.44,47.43
1790660580000,757.44,758.12,757.44,758.12,96.61
1790660640000,758.13,758.44,757.95,758.03,15.745
1790660700000,758.02,758.15,757.41,757.41,21.701
1790660760000,757.41,757.51,757.27,757.35,48.019
1790660820000,757.35,757.56,757.16,757.56,56.89
1790660880000,757.56,758.39,757.5,757.99,20.138
1790660940000,757.99,758.79,757.94,758.75,51.896
1790661000000,758.7,758.73,758.57,758.61,27.79
1790661060000,758.62,758.82,758.25,758.49,25.595
1790661120000,758.5,758.86,758.5,758.6,24.438
1790661180000,758.6,758.88,758.52,758.87,20.721
1790661240000,758.88,759.24,758.87,759.23,66.887
1790661300000,759.23,759.4,759.13,759.39,24.343
1790661360000,759.4,759.97,759.24,759.59,267.563
1790661420000,759.58,759.59,759.25,759.37,43.13
1790661480000,759.38,759.56,759.26,759.51,19.007
1790661540000,759.51,759.51,759.41,759.51,16.097
1790661600000,759.51,759.75,759.42,759.61,65.943
1790661660000,759.61,759.72,759.48,759.67,41.213
1790661720000,759.67,759.8,759.58,759.63,16.545
1790661780000,759.63,760.03,759.63,760.02,51.054
1790661840000,760.02,760.11,759.62,759.8,167.715
1790661900000,759.8,760.08,759.64,760.03,179.294
1790661960000,760.03,760.04,759.78,759.93,126.702
1790662020000,759.94,760.49,759.78,759.96,324.466
1790662080000,759.95,760.28,759.9,760.27,200.83
1790662140000,760.27,761.1,760.27,760.91,253.109
1790662200000,760.9,761.19,760.89,761.02,144.331
1790662260000,761.02,761.7,761.02,761.7,132.825
1790662320000,761.7,761.93,761.38,761.43,125.427
1790662380000,761.43,761.96,761.43,761.96,70.594
1790662440000,761.95,762.75,761.95,762.74,154.167
1790662500000,762.74,762.84,762.2,762.31,180.118
1790662560000,762.31,762.38,761.84,761.86,41.813
1790662620000,761.86,761.86,761.43,761.48,63.47
1790662680000,761.47,762.0,761.46,761.87,82.173
1790662740000,761.88,762.46,761.87,762.4,26.74
1790662800000,762.39,762.42,762.09,762.42,55.929
1790662860000,762.43,762.99,762.43,762.84,146.132
1790662920000,762.84,763.01,762.58,762.81,63.923
1790662980000,762.8,762.82,762.16,762.16,47.229
1790663040000,762.15,762.22,761.95,762.16,17.199
1790663100000,762.15,762.36,762.12,762.19,37.877
1790663160000,762.19,762.4,762.06,762.13,87.512
1790663220000,762.14,762.31,761.98,762.25,184.81
1790663280000,762.25,762.31,762.18,762.31,41.429
1790663340000,762.31,762.7,762.3,762.64,30.65
1790663400000,762.64,763.0,762.64,763.0,16.768
1790663460000,763.01,763.41,763.01,763.4,130.229
1790663520000,763.41,763.5,763.2,763.49,75.452
1790663580000,763.5,763.56,763.15,763.24,72.933
1790663640000,763.24,763.37,763.14,763.37,37.317
1790663700000,763.36,763.36,762.69,762.83,105.303
1790663760000,762.82,762.93,762.75,762.84,32.398
1790663820000,762.84,762.94,762.69,762.87,49.105
1790663880000,762.87,763.23,762.87,763.09,49.978
1790663940000,763.08,763.3,763.08,763.27,34.253
1790664000000,763.28,763.41,763.27,763.41,10.307
1790664060000,763.41,763.45,763.21,763.22,67.402
1790664120000,763.21,763.48,763.15,763.48,274.594
1790664180000,763.47,763.48,763.3,763.31,25.234
1790664240000,763.3,763.47,763.3,763.47,57.839
1790664300000,763.47,763.47,763.36,763.36,29.256
1790664360000,763.36,763.59,763.36,763.55,57.272
1790664420000,763.56,763.56,763.42,763.42,42.752
1790664480000,763.42,763.44,763.31,763.44,101.276
1790664540000,763.44,763.6,763.44,763.59,71.778
1790664600000,763.6,763.65,763.37,763.37,118.345
1790664660000,763.38,764.25,763.37,764.03,219.75
1790664720000,764.04,764.25,763.9,764.01,35.371
1790664780000,764.02,764.53,764.0,764.53,162.535
1790664840000,764.53,765.0,764.53,765.0,174.221
1790664900000,765.0,765.37,765.0,765.17,157.498
1790664960000,765.16,765.22,765.16,765.19,39.668
1790665020000,765.2,765.33,765.19,765.32,128.611
1790665080000,765.33,765.59,765.17,765.59,188.759
1790665140000,765.59,766.51,765.59,766.45,192.365
1790665200000,766.45,766.46,765.6,765.63,159.601
1790665260000,765.63,765.63,765.18,765.36,58.595
1790665320000,765.37,765.51,765.3,765.5,32.38
1790665380000,765.51,765.89,765.38,765.89,61.485
1790665440000,765.88,766.41,765.88,766.26,31.497
1790665500000,766.26,766.91,766.26,766.91,99.103
1790665560000,766.91,767.4,766.88,767.34,140.156
1790665620000,767.34,768.0,767.34,767.51,378.181
1790665680000,767.51,767.77,767.17,767.76,40.554
1790665740000,767.76,768.38,767.76,768.38,177.906
1790665800000,768.38,768.58,767.83,768.58,192.624
1790665860000,768.58,768.58,768.11,768.57,89.566
1790665920000,768.57,768.57,767.98,768.14,281.06
1790665980000,768.13,768.13,767.82,768.0,46.815
1790666040000,768.0,768.0,767.47,767.75,49.725
1790666100000,767.76,768.1,767.76,768.09,45.397
1790666160000,768.09,768.09,767.79,768.0,47.027
1790666220000,768.0,768.45,767.99,768.19,86.378
1790666280000,768.19,768.38,767.72,767.91,93.068
1790666340000,767.93,767.98,767.63,767.93,46.408
1790666400000,767.93,768.26,767.93,768.16,71.935
1790666460000,768.16,768.18,767.86,767.93,47.621
1790666520000,767.94,767.94,767.74,767.74,65.809
1790666580000,767.75,768.06,767.74,767.93,54.452
1790666640000,767.93,768.2,767.93,768.2,44.159
1790666700000,768.2,768.52,768.04,768.39,218.427
1790666760000,768.39,768.39,767.98,768.13,54.996
1790666820000,768.12,768.17,767.99,768.14,62.036
1790666880000,768.12,768.13,767.63,767.84,28.649
1790666940000,767.83,768.15,767.83,767.9,184.871
1790667000000,767.9,767.95,767.64,767.68,37.127
1790667060000,767.67,767.68,767.22,767.5,42.449
1790667120000,767.49,768.38,767.49,768.34,84.472
1790667180000,768.35,768.48,767.9,768.09,143.945
1790667240000,768.1,768.64,768.1,768.64,220.495
1790667300000,768.64,768.74,768.53,768.71,39.925
1790667360000,768.71,768.8,768.61,768.79,37.79
1790667420000,768.8,768.8,768.59,768.62,59.14
1790667480000,768.62,768.73,768.44,768.73,70.304
1790667540000,768.72,769.33,768.72,769.21,3248.511
1790667600000,769.22,769.32,768.95,769.32,165.68
1790667660000,769.32,769.32,769.07,769.07,185.625
1790667720000,769.05,769.13,768.72,768.73,93.271
1790667780000,768.72,768.73,768.4,768.43,46.334
1790667840000,768.44,768.44,768.25,768.41,95.044
1790667900000,768.41,768.44,768.16,768.3,23.932
1790667960000,768.29,768.37,768.12,768.16,34.81
1790668020000,768.16,768.52,768.16,768.51,102.228
1790668080000,768.51,768.52,768.44,768.45,57.015
1790668140000,768.45,768.52,768.45,768.49,8.097
1790668200000,768.49,768.64,768.43,768.64,73.726
1790668260000,768.64,768.64,768.48,768.64,88.394
1790668320000,768.64,768.72,763.1,765.72,6840.106
1790668380000,765.74,766.58,765.74,766.58,141.943
1790668440000,766.58,767.2,766.57,766.99,241.234
1790668500000,767.0,767.0,765.65,765.84,222.814
1790668560000,765.83,766.03,765.82,766.02,50.9
1790668620000,766.02,766.03,765.9,766.0,32.878
1790668680000,765.99,766.0,765.61,765.61,38.58
1790668740000,765.6,765.69,765.5,765.69,39.354
1790668800000,765.69,766.26,765.69,766.26,125.452
1790668860000,766.26,766.26,765.68,765.94,149.723
1790668920000,765.95,766.1,765.73,765.8,91.892
1790668980000,765.79,765.79,765.33,765.54,35.073
1790669040000,765.53,765.67,765.02,765.21,72.633
1790669100000,765.21,765.29,764.98,765.26,110.205
1790669160000,765.25,765.29,764.89,764.9,92.425
1790669220000,764.91,764.91,764.45,764.46,79.215
1790669280000,764.46,764.58,764.12,764.41,80.214
1790669340000,764.4,764.67,764.37,764.47,33.322
1790669400000,764.47,764.98,764.46,764.71,119.96
1790669460000,764.71,764.82,764.41,764.69,172.254
1790669520000,764.7,765.03,764.69,765.01,28.446
1790669580000,765.01,765.12,764.69,765.11,84.809
1790669640000,765.1,765.14,764.85,764.86,18.222
1790669700000,764.86,765.55,764.86,765.55,36.466
1790669760000,765.56,766.05,765.56,766.0,108.178
1790669820000,766.01,766.19,765.72,765.72,35.579
1790669880000,765.73,765.84,765.59,765.61,17.715
1790669940000,765.6,766.0,765.55,765.92,34.103
1790670000000,765.92,766.47,765.92,766.46,22.262
1790670060000,766.47,767.5,766.47,767.5,257.343
1790670120000,767.5,768.31,767.5,767.72,154.741
1790670180000,767.71,767.71,766.41,767.13,432.225
1790670240000,767.14,767.14,766.43,766.99,155.776
1790670300000,766.99,767.46,766.75,767.39,64.135
1790670360000,767.39,767.5,766.93,767.1,58.084
1790670420000,767.1,767.23,766.9,767.11,82.347
1790670480000,767.12,767.27,766.94,767.02,40.301
1790670540000,767.02,767.03,766.94,766.97,44.587
1790670600000,766.98,767.02,766.32,766.33,41.56
1790670660000,766.32,766.39,766.17,766.31,88.437
1790670720000,766.31,766.31,765.96,765.97,80.969
1790670780000,765.97,765.97,765.54,765.54,80.693
1790670840000,765.55,765.78,765.4,765.54,75.796
1790670900000,765.52,765.57,765.33,765.33,26.2
1790670960000,765.33,765.34,764.72,764.79,90.302
1790671020000,764.79,764.87,764.48,764.76,46.714
1790671080000,764.76,764.87,764.48,764.71,196.511
1790671140000,764.72,765.0,764.72,764.93,37.428
1790671200000,764.92,765.0,764.13,764.17,102.909
1790671260000,764.17,764.45,763.91,764.44,53.823
1790671320000,764.45,764.73,764.45,764.73,145.885
1790671380000,764.72,764.88,764.65,764.65,43.285
1790671440000,764.66,764.66,764.19,764.21,33.688
1790671500000,764.22,764.25,764.0,764.24,104.536
1790671560000,764.25,764.25,763.8,763.81,135.818
1790671620000,763.8,763.89,763.59,763.59,50.436
1790671680000,763.59,764.41,763.55,764.38,58.562
1790671740000,764.39,764.67,764.38,764.49,133.759
1790671800000,764.5,764.57,764.1,764.49,50.577
1790671860000,764.5,764.5,764.3,764.3,29.012
1790671920000,764.3,764.3,763.74,763.74,46.262
1790671980000,763.73,763.92,763.73,763.81,42.654
1790672040000,763.82,763.91,763.71,763.87,37.279
1790672100000,763.87,764.1,763.86,763.98,62.363
1790672160000,763.97,764.05,763.9,764.03,54.31
1790672220000,764.04,764.04,763.9,764.03,39.985
1790672280000,764.04,764.04,763.83,763.93,23.513
1790672340000,763.93,763.95,763.89,763.9,34.999
1790672400000,763.91,763.91,763.47,763.86,69.998
1790672460000,763.85,764.22,763.7,764.05,58.864
1790672520000,764.06,764.06,763.7,763.7,22.293
1790672580000,763.7,763.71,763.29,763.29,77.75
1790672640000,763.29,764.11,763.29,764.11,61.572
1790672700000,764.11,764.11,763.68,763.69,108.947
1790672760000,763.68,763.97,763.58,763.93,34.62
1790672820000,763.93,763.93,763.55,763.56,52.019
1790672880000,763.57,763.7,763.39,763.59,15.448
1790672940000,763.6,763.6,763.39,763.44,15.795
1790673000000,763.45,763.7,763.39,763.43,55.817
1790673060000,763.42,763.43,763.29,763.34,47.329
1790673120000,763.34,763.5,763.26,763.37,33.796
1790673180000,763.38,763.5,763.37,763.44,25.758
1790673240000,763.45,763.5,763.42,763.43,24.925
1790673300000,763.42,763.5,763.32,763.47,22.423
1790673360000,763.47,763.66,763.47,763.61,67.316
1790673420000,763.62,763.7,763.58,763.7,82.242
1790673480000,763.7,763.83,763.68,763.83,205.524
1790673540000,763.82,763.83,763.67,763.67,35.758
1790673600000,763.68,763.83,763.61,763.62,61.52
1790673660000,763.62,763.71,763.61,763.7,32.984
1790673720000,763.71,763.71,763.3,763.36,56.106
1790673780000,763.35,763.36,763.08,763.09,35.74
1790673840000,763.09,763.3,763.08,763.29,75.761
1790673900000,763.3,763.36,763.25,763.36,64.434
1790673960000,763.36,763.36,763.28,763.36,23.87
1790674020000,763.35,763.67,763.35,763.66,278.774
1790674080000,763.66,763.71,763.64,763.64,38.122
1790674140000,763.65,763.65,763.17,763.17,83.327
1790674200000,763.18,763.2,763.0,763.0,118.199
1790674260000,763.0,763.27,762.99,763.27,201.269
1790674320000,763.27,763.55,763.26,763.54,147.124
1790674380000,763.54,763.79,763.53,763.79,179.411
1790674440000,763.79,763.89,763.78,763.84,97.592
1790674500000,763.84,763.88,763.54,763.75,108.515
1790674560000,763.75,763.8,763.51,763.79,29.952
1790674620000,763.79,763.91,763.75,763.91,113.335
1790674680000,763.91,764.09,763.9,764.08,187.186
1790674740000,764.09,764.09,763.96,764.09,32.843
1790674800000,764.09,764.09,763.89,763.89,69.365
1790674860000,763.89,764.05,763.89,764.05,33.856
1790674920000,764.05,764.05,763.88,763.95,34.006
1790674980000,763.94,764.12,763.94,764.12,197.243
1790675040000,764.12,764.12,764.06,764.12,26.124
1790675100000,764.12,764.29,764.05,764.06,182.668
1790675160000,764.06,764.15,764.05,764.15,32.131
1790675220000,764.15,765.29,764.14,765.16,394.679
1790675280000,765.17,765.2,764.94,765.05,117.74
1790675340000,765.05,765.26,764.8,765.26,297.203
1790675400000,765.25,765.58,765.25,765.58,350.851
1790675460000,765.57,765.58,765.03,765.04,254.599
1790675520000,765.04,765.08,764.73,765.03,56.191
1790675580000,765.03,765.36,764.98,765.34,146.936
1790675640000,765.35,765.58,765.3,765.31,46.189
1790675700000,765.31,765.66,765.23,765.52,149.822
1790675760000,765.52,765.63,765.13,765.14,92.864
1790675820000,765.14,765.14,764.99,765.0,19.007
1790675880000,765.0,765.0,764.84,764.99,41.757
1790675940000,764.99,764.99,764.93,764.95,11.728
1790676000000,764.95,764.95,764.44,764.44,39.759
1790676060000,764.45,764.48,764.37,764.48,27.628
1790676120000,764.48,764.48,764.07,764.07,69.025
1790676180000,764.07,764.2,764.04,764.09,55.306
1790676240000,764.08,764.13,764.08,764.09,67.525
1790676300000,764.09,764.2,764.09,764.2,46.816
1790676360000,764.2,764.3,764.08,764.22,153.608
1790676420000,764.22,764.34,764.21,764.34,79.524
1790676480000,764.34,764.38,764.31,764.37,84.446
1790676540000,764.37,764.88,764.37,764.87,201.468
1790676600000,764.87,764.99,764.82,764.96,37.447
1790676660000,764.97,765.2,764.96,765.11,31.182
1790676720000,765.1,765.17,764.88,765.02,33.711
1790676780000,765.01,765.02,764.89,764.89,27.962
1790676840000,764.9,764.9,764.49,764.54,89.31
1790676900000,764.55,764.84,764.54,764.83,143.669
1790676960000,764.82,765.0,764.72,764.72,45.431
1790677020000,764.72,764.79,764.23,764.41,147.12
1790677080000,764.41,764.41,764.07,764.08,45.884
1790677140000,764.08,764.09,764.0,764.01,29.305
1790677200000,764.0,764.01,763.91,763.92,28.989
1790677260000,763.92,763.92,763.6,763.63,125.248
1790677320000,763.63,763.95,763.62,763.83,34.186
1790677380000,763.84,763.92,763.68,763.8,34.741
1790677440000,763.8,763.9,763.79,763.81,67.466
1790677500000,763.8,764.0,763.8,764.0,15.137
1790677560000,764.0,764.0,763.84,763.92,22.702
1790677620000,763.91,763.99,763.91,763.99,20.45
1790677680000,763.98,764.03,763.98,764.03,33.889
1790677740000,764.03,764.27,764.03,764.26,17.765
1790677800000,764.27,764.3,764.09,764.11,21.468
1790677860000,764.11,764.17,764.08,764.08,17.374
1790677920000,764.08,764.3,763.97,764.22,75.021
1790677980000,764.22,764.23,763.85,763.85,89.541
1790678040000,763.86,764.13,763.74,763.96,112.227
1790678100000,763.95,764.03,763.75,763.94,14.939
1790678160000,763.94,763.94,763.71,763.79,68.569
1790678220000,763.79,763.89,763.54,763.56,33.483
1790678280000,763.57,763.65,763.46,763.47,10.872
1790678340000,763.46,763.59,763.36,763.59,76.56
1790678400000,763.59,764.07,763.58,764.05,40.992
1790678460000,764.05,764.05,763.54,763.54,33.878
1790678520000,763.54,763.7,763.51,763.51,21.408
1790678580000,763.51,763.54,763.18,763.31,53.142
1790678640000,763.31,763.45,763.29,763.45,24.73
1790678700000,763.45,763.66,763.36,763.65,31.664
1790678760000,763.65,763.9,763.64,763.9,14.423
1790678820000,763.89,763.9,763.37,763.56,38.114
1790678880000,763.56,763.6,763.4,763.51,24.687
1790678940000,763.51,763.58,763.3,763.3,39.745
1790679000000,763.3,763.41,763.3,763.39,71.369
1790679060000,763.39,763.7,763.38,763.55,88.786
1790679120000,763.55,763.85,763.55,763.75,40.213
1790679180000,763.76,763.97,763.76,763.92,40.285
1790679240000,763.93,763.96,763.92,763.95,6.056
1790679300000,763.95,764.2,763.92,764.11,29.782
1790679360000,764.11,764.2,764.02,764.11,21.847
1790679420000,764.11,764.11,763.97,764.01,27.793
1790679480000,764.01,764.3,764.01,764.25,21.873
1790679540000,764.26,764.35,764.26,764.3,37.324
1790679600000,764.3,764.4,764.17,764.31,20.34
1790679660000,764.3,764.5,764.26,764.36,41.796
1790679720000,764.35,764.35,764.03,764.28,28.824
1790679780000,764.29,764.49,764.07,764.38,22.021
1790679840000,764.37,764.37,763.92,763.92,16.935
1790679900000,763.93,763.94,763.58,763.93,60.736
1790679960000,763.94,764.49,763.94,764.49,32.444
1790680020000,764.49,764.49,764.24,764.4,35.974
1790680080000,764.39,764.5,764.0,764.0,34.723
1790680140000,764.01,764.02,763.65,763.85,55.998
1790680200000,763.86,763.92,763.5,763.51,63.702
1790680260000,763.51,763.87,763.51,763.87,47.629
1790680320000,763.86,764.22,763.84,764.02,51.486
1790680380000,764.01,764.01,763.67,763.68,34.141
1790680440000,763.67,763.67,763.45,763.61,39.428
1790680500000,763.61,763.67,763.45,763.45,16.532
1790680560000,763.44,763.67,763.4,763.66,38.095
1790680620000,763.67,763.7,763.52,763.6,85.386
1790680680000,763.61,764.03,763.6,764.03,38.293
1790680740000,764.02,764.03,763.64,763.64,65.04
1790680800000,763.63,763.7,763.44,763.7,47.687
1790680860000,763.69,763.78,763.5,763.77,31.505
1790680920000,763.77,763.9,763.77,763.88,36.042
1790680980000,763.88,763.88,763.68,763.68,41.727
1790681040000,763.68,763.95,763.68,763.93,31.627
1790681100000,763.92,764.0,763.88,763.89,33.111
1790681160000,763.88,764.1,763.88,764.1,35.078
1790681220000,764.1,764.1,763.89,763.89,76.664
1790681280000,763.9,763.9,763.85,763.88,33.917
1790681340000,763.87,763.88,763.8,763.84,32.524
1790681400000,763.84,764.14,763.83,764.13,48.848
1790681460000,764.12,764.21,764.12,764.2,22.012
1790681520000,764.21,765.4,764.21,765.4,56.657
1790681580000,765.39,765.53,765.03,765.5,70.359
1790681640000,765.51,765.78,765.51,765.71,86.465
1790681700000,765.72,765.99,765.66,765.98,65.305
1790681760000,765.98,766.3,765.66,765.67,189.303
1790681820000,765.67,765.85,764.92,764.93,121.831
1790681880000,764.92,765.5,764.92,765.42,47.647
1790681940000,765.42,765.51,765.1,765.32,35.543
1790682000000,765.32,765.33,765.13,765.19,35.43
1790682060000,765.2,765.2,764.99,765.01,57.334
1790682120000,765.01,765.01,764.82,764.89,30.785
1790682180000,764.89,765.18,764.8,765.18,29.743
1790682240000,765.17,765.62,765.17,765.62,21.843
1790682300000,765.62,765.88,765.57,765.78,22.93
1790682360000,765.77,766.32,765.77,766.32,44.09
1790682420000,766.33,766.33,766.23,766.25,30.486
1790682480000,766.24,766.5,766.07,766.5,172.458
1790682540000,766.5,767.0,765.99,766.77,235.461
1790682600000,766.78,767.36,766.59,767.1,139.684
1790682660000,767.1,767.27,765.92,766.02,150.949
1790682720000,766.01,766.66,766.01,766.53,47.724
1790682780000,766.53,766.65,766.48,766.52,42.735
1790682840000,766.52,766.59,766.23,766.58,136.896
1790682900000,766.59,766.59,766.47,766.47,38.08
1790682960000,766.47,766.62,766.4,766.59,125.275
1790683020000,766.59,767.04,766.58,766.94,102.075
1790683080000,766.94,767.22,766.81,766.82,61.84
1790683140000,766.82,766.91,766.77,766.78,32.181
1790683200000,766.78,766.82,766.18,766.59,54.9
1790683260000,766.59,766.93,766.59,766.71,37.648
1790683320000,766.72,766.76,766.6,766.68,44.746
1790683380000,766.68,766.71,766.23,766.23,173.813
1790683440000,766.22,766.94,766.17,766.79,71.292
1790683500000,766.78,766.78,766.2,766.55,32.912
1790683560000,766.54,766.57,766.17,766.18,52.216
1790683620000,766.18,766.42,766.0,766.08,35.276
1790683680000,766.07,766.08,765.91,765.96,38.645
1790683740000,765.95,766.22,765.85,766.1,33.753
1790683800000,766.09,766.1,766.01,766.02,24.184
1790683860000,766.02,766.02,765.86,765.88,26.858
1790683920000,765.88,766.08,765.86,765.86,42.703
1790683980000,765.87,766.07,765.86,765.97,39.866
1790684040000,765.97,766.07,765.88,765.94,26.851
1790684100000,765.94,767.0,765.93,766.57,24.361
1790684160000,766.56,767.15,766.51,767.15,32.938
1790684220000,767.15,767.6,766.8,767.43,157.242
1790684280000,767.43,767.8,766.86,767.04,188.975
1790684340000,767.03,767.03,765.65,765.86,92.536
1790684400000,765.86,766.21,765.45,765.69,839.823
1790684460000,765.69,765.74,765.1,765.1,68.779
1790684520000,765.11,765.54,765.1,765.27,41.517
1790684580000,765.28,765.33,765.01,765.15,46.782
1790684640000,765.15,765.2,764.93,764.98,104.232
1790684700000,764.99,764.99,764.58,764.86,161.478
1790684760000,764.86,765.14,764.68,765.14,43.764
1790684820000,765.14,765.49,764.91,765.18,32.631
1790684880000,765.19,765.38,764.88,764.97,38.89
1790684940000,764.96,765.03,764.88,765.03,42.87
1790685000000,765.03,765.47,764.97,765.18,89.305
1790685060000,765.18,765.34,765.0,765.2,31.843
1790685120000,765.2,765.54,765.15,765.22,42.803
1790685180000,765.22,765.28,764.81,764.96,155.501
1790685240000,764.97,765.56,764.97,765.49,74.426
1790685300000,765.49,766.02,765.46,765.66,47.84
1790685360000,765.65,765.83,765.52,765.59,33.488
1790685420000,765.59,766.47,765.59,766.47,138.674
1790685480000,766.47,766.86,766.46,766.86,69.408
1790685540000,766.85,767.01,766.73,766.75,248.47
1790685600000,766.75,766.76,766.26,766.71,144.399
1790685660000,766.71,767.03,766.56,766.8,166.39
1790685720000,766.81,766.89,766.53,766.6,59.202
1790685780000,766.58,766.58,765.98,766.26,71.096
1790685840000,766.25,766.42,765.99,766.38,30.159
1790685900000,766.39,766.39,765.14,765.14,206.038
1790685960000,765.15,765.48,765.0,765.05,151.76
1790686020000,765.06,765.69,765.05,765.33,67.872
1790686080000,765.33,765.53,765.12,765.52,104.913
1790686140000,765.52,765.52,765.21,765.33,35.14
1790686200000,765.33,765.33,765.06,765.27,42.02
1790686260000,765.26,765.35,765.0,765.34,72.638
1790686320000,765.35,765.74,765.35,765.48,70.469
1790686380000,765.47,765.53,765.17,765.24,33.761
1790686440000,765.24,765.59,765.14,765.57,72.096
1790686500000,765.57,765.61,765.38,765.44,88.555
1790686560000,765.44,765.87,765.39,765.82,74.974
1790686620000,765.81,765.87,765.66,765.66,27.136
1790686680000,765.65,765.75,765.43,765.45,85.602
1790686740000,765.45,765.79,765.45,765.69,53.065
1790686800000,765.69,765.84,765.41,765.47,65.838
1790686860000,765.48,765.48,764.89,765.35,65.929
1790686920000,765.35,765.49,765.29,765.38,32.817
1790686980000,765.38,765.44,764.93,764.98,43.563
1790687040000,764.98,765.09,764.89,765.09,76.253
1790687100000,765.09,765.35,765.07,765.31,48.601
1790687160000,765.32,765.32,765.09,765.28,38.44
1790687220000,765.29,765.84,765.28,765.84,122.427
1790687280000,765.85,766.0,765.84,766.0,57.163
1790687340000,766.0,766.37,765.99,766.37,51.17
1790687400000,766.37,766.37,766.06,766.07,66.211
1790687460000,766.06,766.06,765.68,765.98,38.243
1790687520000,765.98,766.07,765.7,765.83,51.879
1790687580000,765.83,765.9,765.73,765.9,35.711
1790687640000,765.89,766.06,765.84,765.85,29.296
1790687700000,765.84,766.07,765.37,765.81,224.601
1790687760000,765.82,766.15,765.82,766.14,61.239
1790687820000,766.13,766.75,766.13,766.74,219.545
1790687880000,766.75,766.78,766.23,766.27,335.078
1790687940000,766.27,766.64,766.27,766.63,55.461
1790688000000,766.63,766.67,766.45,766.46,20.608
1790688060000,766.45,766.63,766.36,766.58,104.077
1790688120000,766.58,766.59,766.31,766.51,43.604
1790688180000,766.51,766.51,766.34,766.35,27.546
1790688240000,766.35,766.66,766.32,766.66,58.144
1790688300000,766.66,766.98,765.62,765.62,228.48
1790688360000,765.62,766.04,765.62,765.97,128.276
1790688420000,765.97,766.57,765.86,766.56,27.505
1790688480000,766.56,766.75,766.3,766.36,66.608
1790688540000,766.35,766.36,766.11,766.15,61.88
1790688600000,766.16,766.16,764.73,765.25,209.706
1790688660000,765.24,765.66,764.52,764.79,81.254
1790688720000,764.79,765.17,764.48,764.48,70.426
1790688780000,764.48,764.49,763.98,764.0,118.539
1790688840000,764.0,764.55,763.98,764.55,71.399
1790688900000,764.55,764.7,763.37,763.37,170.488
1790688960000,763.37,764.4,763.37,764.29,134.554
1790689020000,764.29,764.83,764.29,764.67,47.982
1790689080000,764.66,765.0,764.47,765.0,45.33
1790689140000,765.0,765.57,765.0,765.49,85.739
1790689200000,765.48,765.52,764.74,764.79,251.732
1790689260000,764.78,765.12,764.71,765.12,87.69
1790689320000,765.11,765.23,765.0,765.0,38.618
1790689380000,764.99,765.57,764.57,764.61,99.933
1790689440000,764.58,764.82,764.47,764.72,73.314
1790689500000,764.72,764.87,764.49,764.49,30.79
1790689560000,764.49,764.78,764.11,764.11,84.212
1790689620000,764.1,764.73,763.96,764.47,107.633
1790689680000,764.48,764.64,764.15,764.15,84.327
1790689740000,764.15,764.51,764.14,764.51,53.128
1790689800000,764.51,764.74,764.27,764.66,58.529
1790689860000,764.65,764.93,764.63,764.88,34.973
1790689920000,764.87,765.43,764.87,765.39,67.923
1790689980000,765.41,765.92,765.41,765.9,54.837
1790690040000,765.9,766.18,765.9,766.11,218.272
1790690100000,766.1,766.22,765.84,766.22,90.788
1790690160000,766.21,766.45,765.9,765.9,42.626
1790690220000,765.9,765.9,765.48,765.64,179.784
1790690280000,765.64,765.64,765.24,765.27,34.365
1790690340000,765.26,765.27,764.91,764.91,47.086
1790690400000,764.92,765.64,764.91,765.34,104.212
1790690460000,765.34,765.61,764.08,764.08,67.381
1790690520000,764.07,764.07,763.28,763.55,174.374
1790690580000,763.55,764.0,763.4,763.92,43.232
1790690640000,763.93,763.93,763.44,763.69,32.017
1790690700000,763.7,763.82,763.56,763.81,119.783
1790690760000,763.81,763.81,762.94,763.24,322.074
1790690820000,763.23,763.27,761.81,762.45,483.037
1790690880000,762.46,763.14,762.45,762.72,120.916
1790690940000,762.71,762.71,762.06,762.25,76.103
1790691000000,762.25,762.7,762.16,762.66,53.784
1790691060000,762.67,762.71,762.4,762.56,69.939
1790691120000,762.55,762.55,762.24,762.41,80.461
1790691180000,762.42,762.91,762.42,762.56,78.153
1790691240000,762.56,762.82,762.37,762.38,35.909
1790691300000,762.37,762.39,762.07,762.28,54.282
1790691360000,762.29,762.29,761.72,762.0,111.059
1790691420000,761.99,763.0,761.99,762.7,95.659
1790691480000,762.69,763.33,762.67,763.32,27.533
1790691540000,763.33,763.86,763.32,763.82,55.331
1790691600000,763.82,764.31,763.26,763.31,126.197
1790691660000,763.3,763.48,762.84,763.48,75.187
1790691720000,763.48,763.54,763.27,763.53,38.019
1790691780000,763.53,763.54,762.99,763.25,59.768
1790691840000,763.25,763.25,762.73,763.11,43.839
1790691900000,763.11,763.75,762.97,763.74,55.278
1790691960000,763.74,764.09,763.74,764.08,43.486
1790692020000,764.07,764.46,764.07,764.46,49.297
1790692080000,764.46,764.53,764.24,764.25,163.253
1790692140000,764.26,764.26,763.96,763.97,158.505
1790692200000,763.97,764.08,763.54,764.08,59.272
1790692260000,764.08,764.68,764.08,764.66,51.062
1790692320000,764.66,764.77,764.13,764.54,72.005
1790692380000,764.54,764.6,764.23,764.47,28.078
1790692440000,764.47,764.69,764.37,764.37,45.015
1790692500000,764.36,764.37,763.76,764.27,363.196
1790692560000,764.26,764.27,763.49,763.52,37.527
1790692620000,763.53,763.83,763.14,763.76,89.787
1790692680000,763.76,764.78,763.76,764.76,94.08
1790692740000,764.77,764.82,764.62,764.82,55.456
1790692800000,764.82,765.51,764.81,765.28,107.185
1790692860000,765.28,765.4,765.12,765.26,77.281
1790692920000,765.27,765.74,765.08,765.53,137.704
1790692980000,765.54,765.61,765.16,765.18,95.243
1790693040000,765.17,765.17,764.57,764.82,30.258
1790693100000,764.82,765.49,764.82,765.49,44.499
1790693160000,765.49,766.0,765.4,765.92,47.695
1790693220000,765.92,765.92,765.16,765.25,147.307
1790693280000,765.25,765.59,765.25,765.36,36.697
1790693340000,765.36,765.38,764.43,764.43,78.885
1790693400000,764.43,764.44,763.45,763.96,71.621
1790693460000,763.96,765.14,763.77,765.14,33.08
1790693520000,765.14,765.15,763.97,764.33,215.342
1790693580000,764.33,764.53,764.03,764.2,70.966
1790693640000,764.2,764.31,764.01,764.31,55.75
1790693700000,764.31,764.89,764.31,764.73,43.172
1790693760000,764.73,764.77,764.56,764.77,30.155
1790693820000,764.78,765.0,764.72,765.0,78.793
1790693880000,765.0,765.06,764.63,764.63,46.122
1790693940000,764.62,764.63,763.79,763.79,26.914
1790694000000,763.8,763.87,762.64,762.78,232.185
1790694060000,762.79,762.85,762.21,762.63,202.811
1790694120000,762.62,763.07,762.03,762.03,168.41
1790694180000,762.02,762.02,761.2,761.2,364.363
1790694240000,761.2,761.76,760.92,760.92,214.243
1790694300000,760.92,761.14,759.62,759.66,421.024
1790694360000,759.66,761.08,759.32,761.01,171.0
1790694420000,761.01,761.01,759.71,759.97,146.883
1790694480000,759.97,760.12,759.4,759.92,87.025
1790694540000,759.91,760.82,759.9,760.81,85.313
1790694600000,760.82,761.45,760.7,760.82,65.373
1790694660000,760.81,760.91,760.36,760.51,91.131
1790694720000,760.5,760.5,759.24,759.24,95.784
1790694780000,759.23,759.23,758.44,758.82,255.135
1790694840000,758.81,759.47,758.64,759.43,88.437
1790694900000,759.43,760.03,759.36,760.03,52.302
1790694960000,760.03,760.26,760.01,760.08,76.568
1790695020000,760.08,760.26,759.44,759.44,65.615
1790695080000,759.45,759.6,758.51,758.51,75.213
1790695140000,758.51,758.86,758.34,758.42,126.347
1790695200000,758.43,758.73,758.28,758.3,84.694
1790695260000,758.32,759.12,758.01,758.92,214.34
1790695320000,758.93,759.26,758.32,758.32,124.367
1790695380000,758.32,758.32,757.28,757.29,280.302
1790695440000,757.28,757.28,756.0,756.23,421.725
1790695500000,756.22,756.22,755.4,755.66,385.959
1790695560000,755.66,755.75,755.1,755.11,390.189
1790695620000,755.11,755.11,754.1,754.12,681.056
1790695680000,754.12,754.5,753.47,754.22,762.875
1790695740000,754.22,754.92,754.22,754.7,190.768
1790695800000,754.7,755.82,754.53,755.3,242.565
1790695860000,755.3,755.31,754.35,755.16,209.863
1790695920000,755.17,755.94,755.07,755.81,131.753
1790695980000,755.81,755.94,755.27,755.27,134.699
1790696040000,755.26,755.64,754.9,754.92,133.499
1790696100000,754.93,755.56,754.56,755.29,123.27
1790696160000,755.28,755.51,755.05,755.17,162.889
1790696220000,755.17,755.38,755.0,755.05,101.878
1790696280000,755.05,755.15,755.0,755.04,76.845
1790696340000,755.04,755.33,755.04,755.33,96.078
1790696400000,755.34,755.57,755.27,755.57,64.041
1790696460000,755.57,756.2,755.53,755.69,1242.241
1790696520000,755.68,755.87,755.51,755.51,128.012
1790696580000,755.52,755.52,755.1,755.24,130.146
1790696640000,755.24,755.69,755.1,755.62,73.963
1790696700000,755.63,756.35,755.63,755.77,170.381
1790696760000,755.78,755.98,755.0,755.01,214.094
1790696820000,755.01,756.41,754.69,756.4,322.571
1790696880000,756.4,757.09,755.85,756.89,154.398
1790696940000,756.89,756.9,756.27,756.27,79.729
1790697000000,756.28,756.33,755.43,755.56,176.033
1790697060000,755.56,755.68,755.01,755.02,74.263
1790697120000,755.02,755.19,754.3,754.3,90.118
1790697180000,754.31,754.72,754.0,754.0,177.44
1790697240000,754.0,754.1,753.47,754.07,496.377
1790697300000,754.08,754.63,753.96,754.22,93.695
1790697360000,754.22,754.56,754.21,754.4,66.135
1790697420000,754.41,754.65,753.53,753.54,140.842
1790697480000,753.54,753.78,753.53,753.58,51.972
1790697540000,753.59,753.78,753.0,753.59,824.41
1790697600000,753.6,754.15,753.42,754.14,157.221
1790697660000,754.15,754.79,754.08,754.57,153.341
1790697720000,754.57,755.02,754.16,754.97,218.944
1790697780000,754.97,754.97,754.54,754.61,140.509
1790697840000,754.61,754.61,754.0,754.0,69.703
1790697900000,754.01,754.72,753.76,754.72,210.085
1790697960000,754.71,754.82,754.46,754.47,75.115
1790698020000,754.47,754.64,754.0,754.63,159.179
1790698080000,754.64,754.65,754.51,754.57,34.435
1790698140000,754.57,754.75,754.56,754.66,105.238
1790698200000,754.67,755.52,754.67,755.25,87.425
1790698260000,755.25,755.52,754.65,755.31,103.015
1790698320000,755.31,755.52,755.07,755.11,39.76
1790698380000,755.11,755.25,755.01,755.1,48.004
1790698440000,755.1,755.12,754.37,755.04,64.135
1790698500000,755.04,755.43,754.93,755.14,66.142
1790698560000,755.15,756.01,754.87,756.0,114.197
1790698620000,756.01,756.46,755.83,755.83,85.285
1790698680000,755.83,756.0,755.51,755.94,67.855
1790698740000,755.95,756.08,755.62,756.08,61.61
1790698800000,756.08,757.0,756.08,756.64,82.026
1790698860000,756.65,757.09,756.65,756.72,26.441
1790698920000,756.73,757.23,756.73,757.04,91.018
1790698980000,757.03,757.05,756.51,756.76,46.503
1790699040000,756.76,756.88,756.5,756.5,69.155
1790699100000,756.5,756.59,756.25,756.58,32.08
1790699160000,756.58,756.74,756.53,756.73,27.775
1790699220000,756.75,757.1,756.74,756.92,76.688
1790699280000,756.92,757.07,756.72,756.72,51.869
1790699340000,756.7,756.75,756.49,756.6,41.891
1790699400000,756.61,756.61,755.76,755.87,97.013
1790699460000,755.87,756.22,755.57,755.94,148.852
1790699520000,755.95,756.41,755.75,755.78,52.429
1790699580000,755.78,755.9,755.61,755.63,42.163
1790699640000,755.63,755.91,755.47,755.91,136.451
1790699700000,755.9,756.61,755.9,756.32,102.2
1790699760000,756.32,756.6,756.13,756.5,95.649
1790699820000,756.5,756.6,756.15,756.33,53.146
1790699880000,756.33,756.59,756.24,756.32,34.377
1790699940000,756.32,756.32,755.52,755.52,36.642
1790700000000,755.51,755.51,754.8,754.84,104.545
1790700060000,754.84,755.15,754.46,754.46,80.068
1790700120000,754.46,754.7,754.11,754.14,65.155
1790700180000,754.13,754.13,753.65,753.66,180.922
1790700240000,753.65,753.67,753.5,753.51,73.067
1790700300000,753.5,753.6,752.2,752.43,430.453
1790700360000,752.43,753.95,752.43,753.89,145.9
1790700420000,753.88,754.14,753.48,753.48,100.992
1790700480000,753.48,753.49,752.97,753.32,85.512
1790700540000,753.32,753.41,752.68,752.98,100.05
1790700600000,752.99,753.52,752.8,753.52,64.107
1790700660000,753.52,753.94,753.44,753.44,129.596
1790700720000,753.45,753.52,753.1,753.16,85.863
1790700780000,753.16,753.17,752.23,752.24,114.129
1790700840000,752.23,752.32,752.19,752.24,80.545
1790700900000,752.23,752.43,752.2,752.36,166.218
1790700960000,752.36,752.54,752.22,752.54,164.057
1790701020000,752.54,753.1,752.54,753.09,98.889
1790701080000,753.09,753.81,753.09,753.68,204.864
1790701140000,753.68,753.83,753.51,753.62,87.681
1790701200000,753.63,753.73,753.38,753.38,90.753
1790701260000,753.38,753.48,753.11,753.28,466.626
1790701320000,753.27,753.37,752.9,752.96,79.118
1790701380000,752.96,753.5,752.78,753.5,130.068
1790701440000,753.51,753.81,753.41,753.41,68.483
1790701500000,753.4,754.11,753.3,754.11,75.021
1790701560000,754.1,754.53,754.1,754.44,85.272
1790701620000,754.43,754.44,754.02,754.03,26.727
1790701680000,754.03,754.32,753.95,754.31,59.803
1790701740000,754.31,754.45,754.22,754.23,40.355
1790701800000,754.23,754.34,753.95,753.95,56.822
1790701860000,753.96,754.22,753.65,753.66,60.868
1790701920000,753.66,753.79,753.42,753.78,49.838
1790701980000,753.79,754.23,753.67,754.05,37.654
1790702040000,754.06,754.53,754.05,754.53,44.024
1790702100000,754.53,754.71,754.29,754.3,78.316
1790702160000,754.3,754.3,753.22,753.43,71.215
1790702220000,753.43,753.95,753.42,753.84,101.625
1790702280000,753.84,754.11,753.79,753.8,48.118
1790702340000,753.79,754.12,753.79,754.01,39.593
1790702400000,754.01,754.02,753.26,753.26,47.233
1790702460000,753.25,753.25,752.5,752.5,94.173
1790702520000,752.5,752.68,752.49,752.53,73.108
1790702580000,752.54,752.82,752.46,752.68,650.748
1790702640000,752.67,752.85,752.47,752.56,84.023
1790702700000,752.56,752.56,752.11,752.19,178.833
1790702760000,752.19,752.28,752.14,752.27,92.446
1790702820000,752.27,752.28,752.17,752.27,305.504
1790702880000,752.27,752.98,752.1,752.2,1649.837
1790702940000,752.2,753.38,752.19,753.37,132.202
1790703000000,753.37,753.5,753.01,753.17,62.632
1790703060000,753.18,753.49,753.08,753.44,44.779
1790703120000,753.43,753.6,752.9,753.6,33.746
1790703180000,753.63,753.78,753.33,753.33,12.652
1790703240000,753.33,753.57,753.25,753.25,46.671
1790703300000,753.25,753.25,752.66,752.77,102.213
1790703360000,752.75,753.02,752.67,752.67,35.329
1790703420000,752.67,752.8,752.57,752.61,75.336
1790703480000,752.61,752.73,752.38,752.39,63.038
1790703540000,752.39,752.58,752.26,752.46,56.522
1790703600000,752.45,752.83,752.45,752.68,30.58
1790703660000,752.68,753.12,752.68,752.97,49.681
1790703720000,752.98,753.04,752.66,752.81,69.242
1790703780000,752.82,752.82,752.5,752.5,81.964
1790703840000,752.51,752.72,752.5,752.51,55.046
1790703900000,752.5,752.76,752.5,752.63,29.22
1790703960000,752.63,752.76,752.1,752.1,204.474
1790704020000,752.1,752.43,751.94,752.17,284.122
1790704080000,752.16,752.17,751.96,751.96,26.594
1790704140000,751.97,752.18,751.45,751.49,166.963
1790704200000,751.49,751.5,751.04,751.04,122.203
1790704260000,751.04,751.53,750.47,751.33,521.8
1790704320000,751.32,751.53,751.12,751.42,53.889
1790704380000,751.41,751.42,750.72,751.01,54.56
1790704440000,751.01,751.53,750.97,751.18,72.624
1790704500000,751.15,751.2,750.81,750.88,57.276
1790704560000,750.88,751.02,750.87,751.0,33.04
1790704620000,751.0,751.19,750.86,750.92,22.67
1790704680000,750.91,750.91,750.64,750.87,74.16
1790704740000,750.88,751.62,750.88,751.62,66.277
1790704800000,751.63,753.8,751.63,753.8,246.286
1790704860000,753.8,754.25,753.3,753.44,109.426
1790704920000,753.43,753.8,753.19,753.35,43.268
1790704980000,753.34,753.34,752.4,752.6,52.571
1790705040000,752.59,753.33,752.5,753.33,35.768
1790705100000,753.33,753.69,753.08,753.38,20.387
1790705160000,753.38,753.98,753.38,753.94,40.952
1790705220000,753.95,754.2,753.2,753.25,22.37
1790705280000,753.25,753.67,753.15,753.16,27.236
1790705340000,753.16,754.08,753.16,753.53,662.788
1790705400000,753.53,753.61,753.29,753.36,68.92
1790705460000,753.36,753.88,753.36,753.69,106.33
1790705520000,753.69,754.32,753.69,754.32,30.19
1790705580000,754.32,754.76,753.88,754.53,175.784
1790705640000,754.53,754.61,754.44,754.6,48.589
1790705700000,754.61,755.0,754.6,754.9,58.246
1790705760000,754.9,755.32,754.89,754.96,53.612
1790705820000,754.96,755.03,754.49,754.68,83.968
1790705880000,754.68,754.8,754.46,754.8,35.862
1790705940000,754.83,754.83,754.59,754.74,13.998
1790706000000,754.75,754.82,754.57,754.82,38.02
1790706060000,754.82,755.15,754.74,755.15,37.276
1790706120000,755.15,755.44,754.96,755.44,34.353
1790706180000,755.45,755.6,755.42,755.49,55.0
1790706240000,755.49,755.49,755.3,755.3,18.548
1790706300000,755.27,755.39,755.14,755.23,42.045
1790706360000,755.23,755.29,755.01,755.02,27.272
1790706420000,755.01,755.02,754.77,754.9,39.956
1790706480000,754.9,755.02,754.85,755.02,11.981
1790706540000,755.02,755.02,754.51,754.51,9.457
1790706600000,754.51,755.09,754.36,754.63,64.688
1790706660000,754.63,754.73,754.27,754.71,45.531
1790706720000,754.7,755.3,754.64,755.3,44.128
1790706780000,755.3,755.31,755.17,755.18,17.989
1790706840000,755.17,755.37,755.01,755.35,28.099
1790706900000,755.35,755.36,755.11,755.22,14.533
1790706960000,755.22,755.75,755.21,755.72,151.582
1790707020000,755.72,755.77,755.52,755.56,27.815
1790707080000,755.56,755.98,755.27,755.76,195.698
1790707140000,755.78,756.2,755.66,755.66,56.4
1790707200000,755.66,756.23,755.6,756.23,58.677
1790707260000,756.22,756.7,756.22,756.69,153.389
1790707320000,756.69,756.87,756.67,756.8,61.979
1790707380000,756.8,756.8,756.58,756.58,34.678
1790707440000,756.59,756.68,756.29,756.29,13.414
1790707500000,756.28,756.75,756.12,756.62,69.368
1790707560000,756.62,756.62,756.45,756.55,32.44
1790707620000,756.54,756.54,755.86,756.04,59.589
1790707680000,756.05,756.07,755.75,756.07,119.921
1790707740000,756.07,756.08,755.9,755.97,45.916
1790707800000,755.97,755.99,755.72,755.74,39.06
1790707860000,755.74,755.93,755.69,755.93,117.111
1790707920000,755.93,756.06,755.93,756.01,22.245
1790707980000,756.0,756.31,755.96,755.96,45.301
1790708040000,755.96,755.96,755.78,755.78,12.916
1790708100000,755.79,755.79,755.67,755.67,19.883
1790708160000,755.68,755.68,755.67,755.67,8.911
1790708220000,755.68,755.68,755.5,755.51,21.83
1790708280000,755.51,755.51,755.35,755.42,70.768
1790708340000,755.42,755.83,755.41,755.75,51.922
1790708400000,755.75,755.75,755.6,755.68,57.297
1790708460000,755.68,755.97,755.68,755.92,145.211
1790708520000,755.92,756.3,755.81,756.13,81.15
1790708580000,756.13,756.33,756.04,756.04,48.442
1790708640000,756.04,756.1,755.72,756.1,68.044
1790708700000,756.1,756.1,755.55,755.79,94.798
1790708760000,755.8,756.11,755.8,756.11,64.235
1790708820000,756.12,756.25,756.11,756.24,69.309
1790708880000,756.24,756.52,756.23,756.36,161.495
1790708940000,756.35,756.36,756.21,756.23,36.158
1790709000000,756.23,756.54,756.21,756.37,89.298
1790709060000,756.37,756.37,756.01,756.01,24.904
1790709120000,756.0,756.0,755.8,755.84,27.1
1790709180000,755.84,755.84,755.76,755.76,9.063
1790709240000,755.77,755.77,755.44,755.58,26.205
1790709300000,755.59,755.79,755.32,755.34,58.026
1790709360000,755.34,755.52,755.05,755.17,58.497
1790709420000,755.17,755.58,755.16,755.58,66.61
1790709480000,755.58,755.96,755.58,755.88,58.515
1790709540000,755.88,755.88,755.52,755.86,46.948
1790709600000,755.86,755.86,755.7,755.7,15.898
1790709660000,755.69,755.69,755.59,755.61,8.848
1790709720000,755.61,755.63,755.51,755.63,45.334
1790709780000,755.63,755.86,755.63,755.85,23.631
1790709840000,755.86,756.09,755.79,756.09,52.186
1790709900000,756.1,756.28,756.09,756.17,24.789
1790709960000,756.16,756.16,755.89,755.89,11.035
1790710020000,755.89,755.99,755.77,755.97,21.625
1790710080000,755.97,755.97,755.79,755.81,17.172
1790710140000,755.8,755.81,755.77,755.8,11.063
1790710200000,755.8,755.84,755.57,755.83,47.517
1790710260000,755.82,756.01,755.8,755.85,49.52
1790710320000,755.85,756.36,755.85,756.36,85.411
1790710380000,756.35,756.35,755.94,755.96,58.288
1790710440000,755.95,755.95,755.8,755.81,5.76
1790710500000,755.81,755.81,755.6,755.7,21.461
1790710560000,755.7,755.7,755.61,755.62,12.645
1790710620000,755.62,755.72,755.52,755.52,50.849
1790710680000,755.52,755.72,755.46,755.53,121.707
1790710740000,755.53,755.57,755.53,755.56,23.412
1790710800000,755.55,755.56,754.87,754.88,105.068
1790710860000,754.87,754.91,754.87,754.91,40.522
1790710920000,754.91,754.91,754.63,754.69,64.08
1790710980000,754.69,754.8,754.47,754.47,44.911
1790711040000,754.47,754.47,754.03,754.03,41.304
1790711100000,754.02,754.02,753.78,753.78,37.781
1790711160000,753.77,754.14,753.67,754.13,85.075
1790711220000,754.12,755.06,753.92,754.87,147.614
1790711280000,754.87,754.88,754.27,754.39,62.578
1790711340000,754.39,754.8,754.39,754.6,82.443
1790711400000,754.61,754.98,754.61,754.76,33.009
1790711460000,754.75,755.16,754.72,755.06,20.085
1790711520000,755.06,755.3,755.06,755.12,13.252
1790711580000,755.11,755.12,754.73,755.12,23.47
1790711640000,755.11,755.12,754.76,754.76,27.418
1790711700000,754.75,754.88,754.53,754.88,28.358
1790711760000,754.88,755.05,754.77,754.87,44.58
1790711820000,754.87,755.11,754.74,755.11,96.507
1790711880000,755.11,755.36,755.05,755.11,107.216
1790711940000,755.11,755.3,755.04,755.3,48.317
1790712000000,755.3,755.45,755.13,755.45,73.715
1790712060000,755.45,755.7,754.83,754.84,26.608
1790712120000,754.83,755.0,754.66,754.75,22.393
1790712180000,754.75,755.02,754.75,754.95,252.864
1790712240000,754.95,755.25,754.94,754.98,37.376
1790712300000,754.97,755.6,754.97,755.55,78.075
1790712360000,755.55,755.84,755.38,755.84,40.765
1790712420000,755.85,756.21,755.85,756.2,60.085
1790712480000,756.2,756.22,756.04,756.21,17.817
1790712540000,756.21,756.4,755.7,755.7,43.715
1790712600000,755.7,755.7,755.24,755.24,138.938
1790712660000,755.25,755.25,754.94,754.94,9.955
1790712720000,754.95,755.4,754.94,755.26,45.767
1790712780000,755.26,755.57,755.26,755.57,22.869
1790712840000,755.57,755.88,755.42,755.42,10.662
1790712900000,755.43,755.8,755.35,755.8,22.532
1790712960000,755.81,756.14,755.81,756.14,25.678
1790713020000,756.14,756.42,756.14,756.41,31.508
1790713080000,756.4,756.44,756.31,756.44,13.238
1790713140000,756.45,756.54,756.45,756.54,18.918
1790713200000,756.54,756.71,756.54,756.71,31.0
1790713260000,756.7,756.72,756.54,756.65,18.924
1790713320000,756.65,756.76,756.64,756.76,11.259
1790713380000,756.76,756.76,756.51,756.71,12.847
1790713440000,756.72,756.78,756.61,756.78,30.288
1790713500000,756.78,756.9,756.56,756.84,75.083
1790713560000,756.84,757.4,756.84,757.4,56.108
1790713620000,757.41,757.5,757.29,757.32,24.276
1790713680000,757.33,757.5,757.15,757.19,215.354
1790713740000,757.19,757.41,757.19,757.34,11.397
1790713800000,757.33,757.33,757.25,757.26,8.897
1790713860000,757.26,757.3,757.0,757.01,56.161
1790713920000,757.01,757.03,756.86,756.98,19.826
1790713980000,756.97,757.33,756.91,757.33,15.305
1790714040000,757.33,757.33,756.7,756.7,71.462
1790714100000,756.69,757.17,756.63,757.17,15.267
1790714160000,757.17,757.49,756.98,756.99,20.895
1790714220000,756.99,757.42,756.99,757.42,40.507
1790714280000,757.42,757.49,757.33,757.41,39.416
1790714340000,757.42,757.91,757.3,757.76,355.579
1790714400000,757.76,757.77,757.5,757.51,40.349
1790714460000,757.5,757.51,757.48,757.48,6.54
1790714520000,757.48,757.58,757.41,757.55,73.017
1790714580000,757.55,757.55,757.41,757.54,27.856
1790714640000,757.55,757.72,757.55,757.72,17.525
1790714700000,757.72,757.84,757.44,757.45,12.309
1790714760000,757.45,757.58,757.44,757.55,29.945
1790714820000,757.55,757.62,757.46,757.62,13.431
1790714880000,757.62,757.64,757.33,757.63,26.847
1790714940000,757.63,757.8,757.63,757.8,21.096
1790715000000,757.8,757.89,757.77,757.8,47.021
1790715060000,757.8,757.87,757.71,757.72,6.144
1790715120000,757.72,757.72,757.71,757.72,9.296
1790715180000,757.71,757.73,757.6,757.73,33.996
1790715240000,757.72,758.0,757.69,757.95,45.89
1790715300000,757.95,758.4,757.95,758.34,83.699
1790715360000,758.34,758.38,758.17,758.19,28.776
1790715420000,758.19,758.5,758.1,758.5,72.467
1790715480000,758.5,758.5,758.29,758.29,11.882
1790715540000,758.3,758.3,758.03,758.04,82.225
1790715600000,758.04,758.17,757.99,758.17,47.299
1790715660000,758.17,758.32,757.99,758.0,16.126
1790715720000,757.99,757.99,757.67,757.67,99.607
1790715780000,757.68,757.68,757.33,757.33,89.412
1790715840000,757.34,757.79,757.2,757.51,127.741
1790715900000,757.5,757.76,757.5,757.64,23.83
1790715960000,757.63,758.11,757.59,758.01,85.356
1790716020000,758.02,758.02,757.86,757.96,17.144
1790716080000,757.96,757.96,757.8,757.86,40.564
1790716140000,757.86,758.09,757.82,758.01,47.768
1790716200000,758.01,758.01,758.0,758.0,4.583
1790716260000,757.99,758.0,757.99,758.0,5.191
1790716320000,758.0,758.28,758.0,758.27,35.482
1790716380000,758.27,758.27,757.83,758.05,153.911
1790716440000,758.05,758.17,758.05,758.17,9.815
1790716500000,758.16,758.17,757.93,758.02,83.088
1790716560000,758.01,758.02,757.59,757.79,146.657
1790716620000,757.79,757.96,757.76,757.82,18.774
1790716680000,757.82,757.85,757.69,757.77,20.622
1790716740000,757.77,757.77,757.53,757.69,37.96
1790716800000,757.69,757.7,757.31,757.31,30.845
1790716860000,757.31,757.58,757.31,757.58,29.986
1790716920000,757.57,757.57,757.36,757.36,15.638
1790716980000,757.36,757.5,757.25,757.25,52.65
1790717040000,757.25,757.25,757.04,757.17,19.36
1790717100000,757.16,757.16,756.57,756.74,173.121
1790717160000,756.73,756.73,756.09,756.1,55.282
1790717220000,756.1,756.3,756.1,756.29,90.349
1790717280000,756.3,756.4,756.27,756.4,36.015
1790717340000,756.4,756.8,756.37,756.51,82.431
1790717400000,756.51,756.61,756.5,756.5,15.419
1790717460000,756.5,756.52,756.24,756.42,88.176
1790717520000,756.42,756.42,755.99,756.24,73.558
1790717580000,756.24,756.69,756.23,756.69,45.809
1790717640000,756.7,756.73,756.7,756.71,11.448
1790717700000,756.71,756.71,756.05,756.11,13.432
1790717760000,756.12,756.27,756.11,756.26,5.189
1790717820000,756.27,756.41,756.26,756.3,53.413
1790717880000,756.3,756.37,756.04,756.37,31.853
1790717940000,756.36,756.75,756.36,756.75,3.52
1790718000000,756.74,756.74,756.61,756.72,8.965
1790718060000,756.71,756.72,756.57,756.67,12.375
1790718120000,756.67,756.75,756.46,756.75,20.893
1790718180000,756.75,756.78,756.49,756.71,43.133
1790718240000,756.72,756.81,756.4,756.64,17.357
1790718300000,756.63,756.63,755.99,756.18,10.43
1790718360000,756.18,756.29,756.0,756.09,25.213
1790718420000,756.1,756.2,756.01,756.2,10.954
1790718480000,756.2,756.25,756.16,756.25,5.194
1790718540000,756.25,756.39,756.15,756.39,12.284
1790718600000,756.39,756.67,756.38,756.48,9.642
1790718660000,756.49,756.53,756.43,756.53,9.504
1790718720000,756.53,756.95,756.53,756.95,15.218
1790718780000,756.95,757.03,756.92,756.93,7.834
1790718840000,756.92,756.95,756.83,756.95,30.611
1790718900000,756.95,757.12,756.95,757.12,7.521
1790718960000,757.12,757.13,756.93,756.94,27.482
1790719020000,756.94,756.94,756.6,756.94,18.368
1790719080000,756.94,757.36,756.86,757.11,32.255
1790719140000,757.12,757.31,757.11,757.15,16.634
1790719200000,757.15,758.27,756.85,758.27,93.881
1790719260000,758.28,759.14,758.18,758.77,354.289
1790719320000,758.77,758.84,758.5,758.67,47.858
1790719380000,758.67,758.77,758.53,758.77,22.406
1790719440000,758.77,759.16,758.61,758.72,36.111
1790719500000,758.73,758.87,758.32,758.42,37.382
1790719560000,758.41,758.42,758.2,758.21,43.306
1790719620000,758.22,758.36,758.22,758.24,6.085
1790719680000,758.23,758.41,758.01,758.4,129.485
1790719740000,758.41,758.83,758.35,758.83,13.142
1790719800000,758.85,759.07,758.75,759.06,32.767
1790719860000,759.06,759.41,758.95,759.14,58.527
1790719920000,759.15,759.54,758.94,759.54,150.587
1790719980000,759.54,760.0,759.53,759.96,69.536
1790720040000,759.95,759.95,759.45,759.45,27.347
1790720100000,759.45,759.45,758.21,758.51,113.991
1790720160000,758.51,758.7,758.33,758.33,23.499
1790720220000,758.32,758.36,758.2,758.36,6.347
1790720280000,758.37,758.4,758.19,758.31,26.124
1790720340000,758.3,759.32,758.12,759.14,132.526
1790720400000,759.14,759.2,758.6,758.6,15.101
1790720460000,758.59,758.59,758.22,758.22,33.338
1790720520000,758.22,758.64,758.16,758.63,34.667
1790720580000,758.62,758.79,758.48,758.79,7.991
1790720640000,758.78,758.85,758.55,758.56,85.395
1790720700000,758.56,758.73,758.44,758.73,18.138
1790720760000,758.75,758.88,758.56,758.64,34.73
1790720820000,758.63,758.93,758.52,758.52,160.67
1790720880000,758.51,758.52,758.41,758.41,19.526
1790720940000,758.41,758.59,758.31,758.4,92.637
1790721000000,758.39,758.51,758.0,758.07,11.82
1790721060000,758.06,758.06,757.44,757.94,83.608
1790721120000,757.95,758.33,757.95,758.03,19.31
1790721180000,758.03,758.19,757.87,757.88,7.504
1790721240000,757.88,758.0,757.86,757.89,2.742
1790721300000,757.91,758.08,757.68,758.04,5.848
1790721360000,758.05,758.39,758.04,758.26,5.453
1790721420000,758.27,758.68,758.26,758.68,11.426
1790721480000,758.67,758.68,758.31,758.32,15.044
1790721540000,758.31,758.32,758.09,758.32,9.637
1790721600000,758.32,758.32,758.31,758.31,6.737
1790721660000,758.32,758.51,758.31,758.35,16.541
1790721720000,758.35,758.66,758.35,758.66,13.082
1790721780000,758.66,758.73,758.34,758.4,43.133
1790721840000,758.39,758.57,758.39,758.56,9.476
1790721900000,758.56,758.88,758.45,758.52,80.718
1790721960000,758.51,758.75,758.51,758.7,14.126
1790722020000,758.69,758.77,758.37,758.74,115.955
1790722080000,758.76,758.95,758.76,758.95,4.054
1790722140000,758.95,759.09,758.86,758.96,14.803
1790722200000,758.96,759.06,758.92,759.05,15.198
1790722260000,759.06,759.1,758.96,759.1,5.896
1790722320000,759.1,759.11,759.05,759.06,5.983
1790722380000,759.06,759.3,759.06,759.3,12.082
1790722440000,759.29,759.46,759.29,759.29,10.719
1790722500000,759.3,759.43,759.29,759.43,13.284
1790722560000,759.42,759.42,759.25,759.29,9.074
1790722620000,759.28,759.28,759.25,759.27,14.031
1790722680000,759.27,759.32,759.1,759.11,8.762
1790722740000,759.11,759.11,758.91,758.92,32.453
1790722800000,758.92,758.95,758.91,758.91,8.547
1790722860000,758.9,758.9,758.85,758.88,16.084
1790722920000,758.89,759.22,758.8,759.06,54.046
1790722980000,759.06,759.31,759.05,759.3,19.197
1790723040000,759.31,759.72,759.31,759.72,27.351
1790723100000,759.71,760.04,759.71,760.04,162.943
1790723160000,760.05,760.8,760.0,760.79,103.493
1790723220000,760.78,760.79,760.33,760.64,77.562
1790723280000,760.64,760.98,760.41,760.45,178.585
1790723340000,760.44,760.44,760.16,760.41,51.741
1790723400000,760.41,760.77,760.4,760.69,121.931
1790723460000,760.69,761.65,760.69,761.24,888.192
1790723520000,761.23,761.65,761.21,761.32,86.659
1790723580000,761.33,761.49,761.25,761.48,45.131
1790723640000,761.48,761.51,761.35,761.44,57.576
1790723700000,761.43,761.43,761.16,761.23,41.708
1790723760000,761.23,761.54,761.21,761.48,51.984
1790723820000,761.47,761.48,761.35,761.36,34.638
1790723880000,761.37,761.37,760.92,761.06,50.521
1790723940000,761.05,761.23,760.82,760.82,172.573
1790724000000,760.82,760.83,760.55,760.55,99.34
1790724060000,760.56,760.56,760.25,760.25,27.488
1790724120000,760.25,760.36,760.17,760.18,38.83
1790724180000,760.18,760.18,760.04,760.04,27.221
1790724240000,760.05,760.09,759.99,760.01,74.51
1790724300000,760.0,760.18,759.85,760.1,29.106
1790724360000,760.09,760.13,760.05,760.12,21.683
1790724420000,760.13,760.32,760.12,760.19,62.203
1790724480000,760.19,760.2,759.85,759.85,49.485
1790724540000,759.85,759.85,759.6,759.62,39.535
1790724600000,759.63,759.63,759.2,759.25,60.435
1790724660000,759.24,759.27,759.01,759.25,35.729
1790724720000,759.25,759.42,759.21,759.22,27.019
1790724780000,759.22,759.3,759.21,759.22,21.687
1790724840000,759.22,759.22,758.94,758.96,70.675
1790724900000,758.96,758.99,758.91,758.91,80.211
1790724960000,758.92,758.97,758.8,758.93,57.491
1790725020000,758.93,759.14,758.93,759.1,51.377
1790725080000,759.1,759.13,759.04,759.04,28.245
1790725140000,759.03,759.03,758.87,758.87,24.33
1790725200000,758.88,758.88,758.8,758.81,38.548
1790725260000,758.81,758.81,758.2,758.3,80.386
1790725320000,758.3,758.3,757.97,757.98,35.949
1790725380000,757.97,757.98,756.84,756.94,336.418
1790725440000,756.94,757.43,756.93,757.38,207.914
1790725500000,757.38,757.61,757.37,757.53,27.818
1790725560000,757.53,757.96,757.53,757.85,31.545
1790725620000,757.86,758.2,757.85,758.2,30.281
1790725680000,758.19,758.33,757.84,758.33,107.745
1790725740000,758.33,758.46,758.27,758.37,35.723
1790725800000,758.38,758.48,758.35,758.45,53.364
1790725860000,758.45,758.64,758.43,758.64,28.068
1790725920000,758.64,758.65,758.64,758.64,6.882
1790725980000,758.65,758.65,758.3,758.3,16.27
1790726040000,758.31,758.31,758.05,758.15,40.176
1790726100000,758.15,758.24,757.55,758.22,435.292
1790726160000,758.22,758.49,758.22,758.49,57.876
1790726220000,758.5,758.5,758.31,758.43,33.688
1790726280000,758.43,758.5,758.43,758.5,14.073
1790726340000,758.49,758.7,758.49,758.66,58.752
1790726400000,758.67,759.01,758.67,758.92,66.425
1790726460000,758.93,759.39,758.93,759.39,149.777
1790726520000,759.39,759.81,759.38,759.81,70.633
1790726580000,759.8,759.95,759.51,759.83,130.576
1790726640000,759.82,759.82,759.02,759.19,25.286
1790726700000,759.2,759.45,759.0,759.28,82.052
1790726760000,759.28,759.31,759.01,759.03,29.488
1790726820000,759.02,759.03,758.72,758.73,45.181
1790726880000,758.73,758.73,758.4,758.53,57.133
1790726940000,758.54,758.63,758.33,758.33,14.839
1790727000000,758.33,758.34,757.8,757.81,54.244
1790727060000,757.81,757.82,757.32,757.54,36.334
1790727120000,757.55,757.86,757.55,757.86,30.574
1790727180000,757.9,758.14,757.89,757.93,13.906
1790727240000,757.93,757.94,757.82,757.83,22.711
1790727300000,757.83,758.03,757.83,758.02,36.222
1790727360000,758.02,758.11,757.96,758.02,18.33
1790727420000,758.02,758.03,757.73,757.78,23.39
1790727480000,757.77,757.77,757.39,757.52,19.313
1790727540000,757.52,757.6,757.51,757.6,30.722
1790727600000,757.6,757.6,757.44,757.5,14.586
1790727660000,757.49,757.95,757.38,757.71,56.752
1790727720000,757.72,757.89,757.48,757.56,5.342
1790727780000,757.55,757.55,757.32,757.45,8.31
1790727840000,757.45,757.74,757.42,757.51,11.95
1790727900000,757.51,757.97,757.42,757.86,14.762
1790727960000,757.86,758.14,757.51,758.14,20.641
1790728020000,758.14,758.48,758.12,758.39,106.299
1790728080000,758.39,759.35,758.39,759.35,40.191
1790728140000,759.35,759.51,759.23,759.27,38.909
1790728200000,759.27,759.58,759.23,759.36,90.388
1790728260000,759.37,759.9,759.07,759.8,97.704
1790728320000,759.8,760.43,759.79,760.41,556.401
1790728380000,760.4,760.43,760.19,760.43,52.562
1790728440000,760.43,760.5,760.09,760.35,62.56
1790728500000,760.34,760.5,759.68,760.01,77.53
1790728560000,760.0,760.06,759.21,759.23,113.221
1790728620000,759.23,759.25,758.89,759.15,38.806
1790728680000,759.14,759.15,759.02,759.05,24.519
1790728740000,759.05,759.13,759.0,759.1,35.658
1790728800000,759.1,759.63,759.1,759.49,79.46
1790728860000,759.49,759.98,759.49,759.94,31.641
1790728920000,759.94,760.01,759.62,759.7,36.539
1790728980000,759.7,759.75,759.32,759.32,17.959
1790729040000,759.32,759.49,759.32,759.34,35.108
1790729100000,759.34,759.34,759.0,759.01,88.594
1790729160000,759.01,759.24,758.88,759.23,55.8
1790729220000,759.24,759.46,758.91,759.05,208.947
1790729280000,759.05,759.06,758.46,758.57,112.77
1790729340000,758.58,758.75,758.57,758.75,13.272
1790729400000,758.75,758.75,758.43,758.44,53.627
1790729460000,758.44,758.72,758.41,758.72,57.4
1790729520000,758.73,759.07,758.73,758.84,30.412
1790729580000,758.84,758.86,758.63,758.74,16.55
1790729640000,758.73,758.85,758.7,758.75,21.772
1790729700000,758.75,759.07,758.61,759.0,75.052
1790729760000,758.99,759.35,758.99,759.3,33.308
1790729820000,759.3,759.6,759.14,759.59,40.274
1790729880000,759.59,759.59,759.42,759.55,25.467
1790729940000,759.56,759.75,759.56,759.75,48.464
1790730000000,759.75,759.75,759.23,759.38,47.904
1790730060000,759.38,759.99,759.38,759.99,37.289
1790730120000,760.0,760.8,760.0,760.8,77.639
1790730180000,760.8,760.8,760.4,760.64,38.304
1790730240000,760.64,760.64,759.9,759.9,73.462
1790730300000,759.91,760.73,759.91,760.73,27.314
1790730360000,760.73,761.21,760.42,760.62,405.322
1790730420000,760.62,760.62,760.34,760.46,53.97
1790730480000,760.46,760.52,760.13,760.51,31.788
1790730540000,760.52,761.39,760.52,761.32,79.459
1790730600000,761.33,761.39,760.52,760.77,94.062
1790730660000,760.77,761.5,760.77,761.35,60.022
1790730720000,761.34,761.49,760.81,760.82,42.33
1790730780000,760.82,760.84,760.41,760.71,42.547
1790730840000,760.71,760.99,760.7,760.99,37.004
1790730900000,760.99,761.19,760.98,761.19,34.201
1790730960000,761.2,761.37,761.08,761.09,43.095
1790731020000,761.08,761.32,760.81,761.03,32.712
1790731080000,761.04,761.05,760.71,760.71,31.334
1790731140000,760.71,760.78,760.6,760.66,54.498
1790731200000,760.65,760.78,760.6,760.78,62.176
1790731260000,760.79,761.29,760.79,761.22,30.991
1790731320000,761.22,761.22,760.7,760.81,146.588
1790731380000,760.8,761.0,760.79,760.99,23.402
1790731440000,761.0,761.14,760.89,761.14,42.65
1790731500000,761.15,761.2,761.01,761.01,1370.192
1790731560000,761.0,761.0,760.47,760.48,141.695
1790731620000,760.47,760.48,759.94,760.08,122.738
1790731680000,760.08,760.08,759.92,760.0,76.923
1790731740000,760.0,760.16,759.79,759.84,106.272
1790731800000,759.85,760.03,759.06,759.78,95.027
1790731860000,759.77,759.97,759.28,759.35,66.767
1790731920000,759.36,759.5,759.2,759.5,14.142
1790731980000,759.5,759.71,759.3,759.7,17.616
1790732040000,759.71,759.97,759.35,759.35,40.167
1790732100000,759.36,759.6,759.27,759.48,11.667
1790732160000,759.48,759.64,759.27,759.58,20.464
1790732220000,759.57,759.67,759.37,759.44,31.022
1790732280000,759.43,759.55,759.27,759.27,24.873
1790732340000,759.27,759.61,759.26,759.61,46.928
1790732400000,759.61,759.63,759.38,759.38,30.765
1790732460000,759.38,759.48,759.27,759.43,18.437
1790732520000,759.43,759.71,759.38,759.48,48.902
1790732580000,759.49,759.74,759.44,759.74,16.094
1790732640000,759.75,759.93,759.75,759.93,17.277
1790732700000,759.93,760.16,759.86,759.87,274.496
1790732760000,759.87,760.69,759.87,760.5,196.207
1790732820000,760.5,760.63,760.15,760.31,83.649
1790732880000,760.32,760.32,759.95,760.06,116.352
1790732940000,760.06,760.64,760.06,760.64,53.893
1790733000000,760.63,760.85,760.58,760.75,55.767
1790733060000,760.74,761.14,760.57,761.09,118.496
1790733120000,761.1,761.29,760.67,760.67,55.577
1790733180000,760.68,760.68,760.27,760.28,38.822
1790733240000,760.27,760.38,760.07,760.29,26.016
1790733300000,760.28,760.29,759.86,759.91,31.774
1790733360000,759.91,760.12,759.82,759.84,21.491
1790733420000,759.84,760.3,759.81,760.3,38.788
1790733480000,760.29,760.29,759.97,759.97,24.738
1790733540000,759.97,760.2,759.97,760.16,21.453
1790733600000,760.16,760.46,760.01,760.45,25.289
1790733660000,760.45,760.81,760.37,760.81,20.204
1790733720000,760.82,760.82,760.11,760.11,36.745
1790733780000,760.1,760.52,759.88,760.21,77.968
1790733840000,760.21,760.69,760.21,760.57,23.902
1790733900000,760.58,760.76,760.57,760.59,35.661
1790733960000,760.6,760.84,760.59,760.8,90.941
1790734020000,760.8,761.5,760.8,761.39,93.034
1790734080000,761.39,761.76,761.29,761.45,79.94
1790734140000,761.44,761.44,761.07,761.33,27.226
1790734200000,761.33,761.33,760.84,760.94,34.117
1790734260000,760.95,761.07,760.84,761.05,11.565
1790734320000,761.04,761.05,760.88,760.88,50.142
1790734380000,760.88,761.6,760.76,761.43,48.079
1790734440000,761.43,761.43,760.95,761.09,19.943
1790734500000,761.1,761.25,760.85,761.25,29.436
1790734560000,761.24,761.25,760.55,760.55,24.485
1790734620000,760.54,760.93,760.54,760.75,18.677
1790734680000,760.75,761.19,760.64,760.73,29.642
1790734740000,760.74,760.75,760.64,760.64,5.821
1790734800000,760.65,760.65,760.54,760.54,13.355
1790734860000,760.55,761.37,760.55,761.37,23.455
1790734920000,761.4,761.76,761.4,761.76,30.725
1790734980000,761.76,762.33,761.7,761.7,180.393
1790735040000,761.7,761.9,761.45,761.45,38.082
1790735100000,761.45,761.59,761.33,761.46,39.89
1790735160000,761.46,761.72,761.46,761.49,6.168
1790735220000,761.48,761.48,761.16,761.22,16.09
1790735280000,761.22,761.26,761.04,761.26,36.455
1790735340000,761.25,761.28,761.04,761.28,33.208
1790735400000,761.28,761.5,761.15,761.15,18.156
1790735460000,761.14,761.75,761.14,761.7,31.681
1790735520000,761.68,761.68,760.93,760.94,45.735
1790735580000,760.94,761.19,760.93,761.05,22.463
1790735640000,761.05,761.21,761.0,761.01,40.279
1790735700000,761.01,761.05,760.87,760.94,31.488
1790735760000,760.94,761.3,760.94,761.3,29.805
1790735820000,761.3,761.7,761.14,761.41,51.093
1790735880000,761.41,761.5,761.32,761.5,40.244
1790735940000,761.49,761.81,761.4,761.81,43.934
1790736000000,761.81,762.57,761.81,762.57,83.832
1790736060000,762.56,762.57,762.29,762.44,32.81
1790736120000,762.44,762.44,761.95,761.95,56.973
1790736180000,761.95,761.96,761.88,761.9,17.604
1790736240000,761.91,762.29,761.91,762.2,32.66
1790736300000,762.2,762.2,761.91,762.13,45.553
1790736360000,762.13,762.39,762.13,762.35,55.566
1790736420000,762.35,762.86,762.34,762.85,79.323
1790736480000,762.85,762.96,762.68,762.8,48.845
1790736540000,762.81,763.0,762.8,762.91,44.288
1790736600000,762.91,762.94,762.9,762.94,18.505
1790736660000,762.94,763.19,762.94,763.02,78.063
1790736720000,763.0,763.35,762.9,763.08,104.242
1790736780000,763.07,763.26,763.01,763.08,20.826
1790736840000,763.07,763.07,762.81,762.83,19.173
1790736900000,762.83,762.84,762.79,762.81,16.508
1790736960000,762.8,762.81,762.32,762.47,23.162
1790737020000,762.46,762.55,762.46,762.47,8.078
1790737080000,762.47,762.6,762.46,762.47,12.936
1790737140000,762.47,762.74,762.46,762.74,10.164
1790737200000,762.74,762.98,762.74,762.82,18.53
1790737260000,762.81,762.81,761.91,761.91,54.996
1790737320000,761.92,762.3,761.92,762.15,16.666
1790737380000,762.15,762.21,762.12,762.17,13.484
1790737440000,762.17,762.48,762.17,762.41,19.56
1790737500000,762.4,762.87,762.33,762.82,16.117
1790737560000,762.82,762.82,762.26,762.46,67.302
1790737620000,762.46,762.46,762.11,762.28,35.88
1790737680000,762.28,762.28,762.1,762.28,42.162
1790737740000,762.28,762.54,762.28,762.5,21.201
1790737800000,762.49,762.5,762.08,762.08,35.143
1790737860000,762.07,762.08,761.87,761.88,36.23
1790737920000,761.88,762.04,761.88,762.0,6.835
1790737980000,762.01,762.01,761.87,761.87,16.72
1790738040000,761.86,761.87,761.77,761.77,39.08
1790738100000,761.78,761.89,761.78,761.89,14.479
1790738160000,761.89,761.89,759.57,759.58,653.328
1790738220000,759.58,759.7,759.14,759.39,102.153
1790738280000,759.38,759.38,758.96,758.96,41.111
1790738340000,758.96,759.12,758.61,758.69,113.082
1790738400000,758.68,758.85,758.51,758.84,47.408
1790738460000,758.84,758.96,758.72,758.96,25.652
1790738520000,758.97,759.88,758.97,759.88,88.557
1790738580000,759.89,759.92,759.55,759.67,18.204
1790738640000,759.66,759.67,759.2,759.35,43.708
1790738700000,759.36,759.4,759.11,759.12,40.76
1790738760000,759.12,759.12,758.8,759.01,15.138
1790738820000,759.01,759.37,759.01,759.36,41.935
1790738880000,759.37,759.61,759.37,759.5,10.686
1790738940000,759.5,759.59,759.5,759.53,23.532
1790739000000,759.53,759.53,759.04,759.04,15.203
1790739060000,759.04,759.12,758.88,759.12,8.479
1790739120000,759.12,759.12,758.96,759.07,7.838
1790739180000,759.07,759.79,759.07,759.79,35.083
1790739240000,759.79,759.8,759.78,759.8,18.437
1790739300000,759.8,760.12,759.58,759.66,40.185
1790739360000,759.65,760.05,759.36,760.03,37.787
1790739420000,760.03,760.52,759.93,760.43,59.134
1790739480000,760.44,760.81,760.44,760.81,49.695
1790739540000,760.81,761.19,760.8,761.18,53.008
1790739600000,761.19,761.19,760.95,761.03,29.287
1790739660000,761.03,761.42,760.95,761.39,94.29
1790739720000,761.4,761.48,761.06,761.06,86.366
1790739780000,761.07,761.25,761.01,761.01,29.125
1790739840000,761.0,761.1,760.56,760.56,97.665
1790739900000,760.56,760.56,760.16,760.16,15.607
1790739960000,760.16,760.16,759.87,760.04,71.68
1790740020000,760.05,760.35,760.0,760.1,16.648
1790740080000,760.1,760.13,759.96,759.97,14.153
1790740140000,759.97,760.13,759.79,759.8,57.886
1790740200000,759.8,760.13,759.66,760.0,45.327
1790740260000,760.0,760.0,759.7,759.7,15.996
1790740320000,759.69,759.69,759.4,759.47,38.285
1790740380000,759.49,759.69,759.28,759.65,97.703
1790740440000,759.65,759.94,759.53,759.94,33.584
1790740500000,759.95,760.15,759.68,759.75,70.362
1790740560000,759.75,760.05,759.75,759.81,40.111
1790740620000,759.82,760.08,759.81,760.03,5.137
1790740680000,760.03,760.4,760.02,760.26,22.558
1790740740000,760.26,760.74,760.26,760.74,62.773
1790740800000,760.74,761.1,760.66,760.9,65.066
1790740860000,760.9,761.23,760.89,761.11,36.634
1790740920000,761.1,761.98,760.9,761.98,57.838
1790740980000,761.99,762.47,761.98,762.47,163.73
1790741040000,762.46,762.64,762.24,762.59,94.548
1790741100000,762.6,762.77,762.59,762.73,39.423
1790741160000,762.73,762.74,762.17,762.36,34.46
1790741220000,762.37,762.42,762.17,762.4,26.979
1790741280000,762.42,762.42,762.05,762.11,87.346
1790741340000,762.11,762.11,761.87,762.09,36.911
1790741400000,762.09,762.41,762.08,762.34,28.378
1790741460000,762.33,762.56,762.2,762.56,42.827
1790741520000,762.56,762.71,762.49,762.5,40.15
1790741580000,762.49,762.63,762.48,762.58,44.277
1790741640000,762.58,762.7,762.55,762.56,20.356
1790741700000,762.56,763.28,762.56,763.27,100.742
1790741760000,763.28,763.38,763.27,763.32,53.703
1790741820000,763.32,763.32,763.23,763.24,13.149
1790741880000,763.24,763.42,763.24,763.42,40.766
1790741940000,763.42,763.5,763.05,763.1,83.222
1790742000000,763.1,763.3,763.05,763.07,28.139
1790742060000,763.08,763.48,763.03,763.42,45.651
1790742120000,763.42,763.8,763.33,763.78,157.686
1790742180000,763.79,763.79,763.47,763.64,59.529
1790742240000,763.64,763.64,763.28,763.41,102.918
1790742300000,763.41,764.25,763.29,764.23,297.258
1790742360000,764.23,764.25,764.16,764.2,35.411
1790742420000,764.2,764.2,764.01,764.01,42.555
1790742480000,764.02,764.17,763.93,763.93,37.921
1790742540000,763.94,763.94,763.66,763.75,32.491
1790742600000,763.75,763.91,763.74,763.88,61.906
1790742660000,763.87,763.87,763.4,763.51,49.12
1790742720000,763.52,763.52,763.08,763.08,44.195
1790742780000,763.08,763.14,763.06,763.14,30.757
1790742840000,763.15,763.16,763.06,763.06,11.833
1790742900000,763.06,763.48,762.89,763.48,136.536
1790742960000,763.43,763.75,763.43,763.45,40.87
1790743020000,763.46,763.46,762.95,763.23,34.792
1790743080000,763.22,763.51,763.22,763.49,36.001
1790743140000,763.49,763.49,763.22,763.36,14.564
1790743200000,763.36,763.36,763.01,763.01,24.58
1790743260000,763.01,763.29,763.0,763.15,29.323
1790743320000,763.15,763.28,763.0,763.27,35.811
1790743380000,763.28,763.28,763.16,763.25,32.065
1790743440000,763.24,763.25,763.04,763.16,120.343
1790743500000,763.14,763.32,763.08,763.18,30.713
1790743560000,763.17,763.25,763.16,763.17,12.603
1790743620000,763.17,763.39,763.16,763.3,65.232
1790743680000,763.3,763.39,763.24,763.33,31.821
1790743740000,763.33,763.42,763.09,763.09,110.657
1790743800000,763.09,763.18,763.0,763.01,25.96
1790743860000,763.01,763.11,762.77,762.77,30.092
1790743920000,762.78,762.99,762.78,762.82,61.937
1790743980000,762.82,762.82,762.58,762.58,30.418
1790744040000,762.59,762.65,762.47,762.47,50.533
1790744100000,762.48,762.64,762.47,762.6,30.309
1790744160000,762.6,762.66,762.6,762.66,12.227
1790744220000,762.65,762.65,762.2,762.37,68.362
1790744280000,762.37,762.37,762.22,762.29,32.635
1790744340000,762.29,762.29,762.16,762.24,43.841
1790744400000,762.24,763.23,762.23,763.22,29.215
1790744460000,763.23,763.63,763.22,763.63,98.31
1790744520000,763.63,763.81,763.45,763.52,30.402
1790744580000,763.52,763.81,763.48,763.54,50.46
1790744640000,763.54,764.1,763.49,764.07,74.04
1790744700000,764.06,764.61,763.73,764.61,218.993
1790744760000,764.6,765.0,764.56,764.92,471.85
1790744820000,764.91,764.99,764.65,764.65,53.639
1790744880000,764.66,764.66,764.1,764.1,53.88
1790744940000,764.11,764.49,763.96,764.26,71.717
1790745000000,764.26,764.26,763.53,763.59,46.921
1790745060000,763.6,763.67,763.46,763.65,14.546
1790745120000,763.64,763.92,763.3,763.3,72.373
1790745180000,763.29,763.77,763.2,763.6,120.952
1790745240000,763.59,763.65,763.46,763.56,62.91
1790745300000,763.55,763.55,763.08,763.08,14.679
1790745360000,763.08,763.11,762.92,763.05,30.476
1790745420000,763.05,763.19,762.9,762.95,20.644
1790745480000,762.95,763.59,762.95,763.44,33.355
1790745540000,763.43,764.34,763.3,764.34,38.061
1790745600000,764.31,764.77,763.91,764.53,105.675
1790745660000,764.52,764.52,763.77,763.84,48.118
1790745720000,763.84,764.28,763.83,764.28,46.087
1790745780000,764.28,764.62,764.28,764.49,55.476
1790745840000,764.49,764.6,764.44,764.6,38.387
1790745900000,764.61,764.75,763.9,763.95,77.161
1790745960000,763.95,763.98,763.9,763.96,53.108
1790746020000,763.96,764.28,763.93,763.97,72.997
1790746080000,763.97,764.19,763.92,764.18,28.406
1790746140000,764.19,764.31,764.18,764.31,36.39
1790746200000,764.32,764.9,764.17,764.8,95.42
1790746260000,764.79,765.0,764.73,765.0,86.146
1790746320000,765.0,765.3,764.75,764.8,1029.046
1790746380000,764.79,764.79,764.08,764.32,103.295
1790746440000,764.32,764.6,764.11,764.42,113.281
1790746500000,764.42,764.88,764.11,764.51,214.854
1790746560000,764.52,764.52,764.14,764.31,59.388
1790746620000,764.3,764.3,764.08,764.08,73.158
1790746680000,764.08,764.08,763.89,764.0,45.017
1790746740000,764.0,764.29,763.99,764.03,74.621
1790746800000,764.02,764.08,763.64,763.8,163.425
1790746860000,763.8,763.95,763.74,763.95,54.611
1790746920000,763.96,764.51,763.96,764.41,71.519
1790746980000,764.4,764.85,764.4,764.84,52.993
1790747040000,764.85,765.36,764.84,765.23,151.138
1790747100000,765.23,765.57,765.17,765.17,93.015
1790747160000,765.17,765.41,764.97,764.97,68.972
1790747220000,764.98,764.98,764.7,764.72,55.224
1790747280000,764.72,764.72,764.4,764.47,48.798
1790747340000,764.48,764.49,764.38,764.49,45.852
1790747400000,764.49,764.73,764.48,764.5,60.053
1790747460000,764.51,764.51,763.96,763.97,39.535
1790747520000,763.97,764.1,763.85,763.85,55.168
1790747580000,763.84,763.94,763.8,763.93,39.615
1790747640000,763.94,763.99,763.93,763.94,42.711
1790747700000,763.94,763.96,763.75,763.88,42.332
1790747760000,763.87,763.96,763.8,763.89,53.809
1790747820000,763.89,764.17,763.89,763.94,47.591
1790747880000,763.94,764.73,763.85,764.73,145.098
1790747940000,764.73,764.74,764.03,764.19,38.297
1790748000000,764.2,764.63,763.94,764.63,31.543
1790748060000,764.63,764.75,764.38,764.63,73.199
1790748120000,764.63,764.65,764.24,764.64,63.837
1790748180000,764.64,764.65,764.25,764.43,42.501
1790748240000,764.43,764.43,764.2,764.31,48.126
1790748300000,764.3,764.53,764.3,764.35,61.517
1790748360000,764.34,764.34,763.9,763.9,56.431
1790748420000,763.91,764.73,763.73,764.4,986.476
1790748480000,764.39,764.59,763.96,763.98,101.147
1790748540000,763.97,764.03,763.43,763.43,61.756
1790748600000,763.43,763.43,763.07,763.26,116.926
1790748660000,763.26,763.26,762.76,762.77,83.38
1790748720000,762.77,762.77,762.21,762.23,98.044
1790748780000,762.22,762.27,761.48,761.49,113.41
1790748840000,761.49,761.66,761.07,761.2,147.089
1790748900000,761.21,761.82,761.2,761.21,103.92
1790748960000,761.21,761.51,760.98,761.5,91.185
1790749020000,761.5,761.75,761.43,761.44,64.721
1790749080000,761.43,761.57,761.24,761.41,99.956
1790749140000,761.42,761.49,760.72,760.73,157.814
1790749200000,760.73,760.73,760.44,760.52,88.923
1790749260000,760.52,760.6,760.3,760.31,71.445
1790749320000,760.31,760.44,760.2,760.4,92.609
1790749380000,760.41,760.62,760.4,760.4,55.765
1790749440000,760.41,760.41,759.5,759.85,257.495
1790749500000,759.84,759.84,759.59,759.68,80.434
1790749560000,759.68,760.1,759.5,759.5,137.761
1790749620000,759.49,759.69,759.39,759.4,94.295
1790749680000,759.4,760.1,759.4,759.92,110.898
1790749740000,759.93,760.1,759.91,760.01,61.964
1790749800000,760.02,760.1,759.6,759.82,69.283
1790749860000,759.82,759.91,759.65,759.9,47.212
1790749920000,759.9,759.9,759.29,759.54,85.782
1790749980000,759.54,759.73,759.0,759.01,65.215
1790750040000,759.0,759.23,758.93,759.22,56.842
1790750100000,759.22,759.34,758.98,758.99,48.851
1790750160000,758.99,759.2,758.9,759.19,73.668
1790750220000,759.2,759.2,758.76,758.77,65.269
1790750280000,758.77,759.27,758.77,759.26,105.155
1790750340000,759.26,759.27,758.81,758.91,74.155
1790750400000,758.92,759.16,758.64,759.1,75.407
1790750460000,759.1,759.1,758.28,758.29,100.508
1790750520000,758.29,759.01,758.28,759.0,56.077
1790750580000,759.01,759.34,758.86,759.01,41.599
1790750640000,759.01,759.19,758.91,759.05,61.118
1790750700000,759.05,759.05,758.13,758.48,118.596
1790750760000,758.49,758.53,758.13,758.21,48.661
1790750820000,758.2,758.2,757.16,757.22,196.556
1790750880000,757.22,757.22,756.82,756.83,139.457
1790750940000,756.83,757.05,756.7,757.05,120.534
1790751000000,757.06,757.26,756.92,756.93,51.931
1790751060000,756.93,757.24,756.89,757.23,46.974
1790751120000,757.26,757.54,757.17,757.54,66.512
1790751180000,757.54,757.7,757.44,757.7,36.616
1790751240000,757.7,757.83,757.68,757.83,70.656
1790751300000,757.83,758.9,757.82,758.9,61.576
1790751360000,758.9,758.9,757.77,757.77,150.335
1790751420000,757.78,757.88,757.74,757.83,41.14
1790751480000,757.84,758.08,757.73,757.95,43.216
1790751540000,757.94,757.96,757.22,757.32,62.555
1790751600000,757.33,757.33,756.76,756.78,54.401
1790751660000,756.79,758.02,756.78,757.5,52.55
1790751720000,757.5,757.91,757.5,757.8,67.974
1790751780000,757.81,757.95,757.7,757.7,44.51
1790751840000,757.7,757.73,757.04,757.06,71.308
1790751900000,757.06,757.07,756.71,756.77,106.451
1790751960000,756.77,756.77,756.17,756.68,125.079
1790752020000,756.67,756.82,756.43,756.62,102.76
1790752080000,756.62,756.96,756.62,756.88,47.469
1790752140000,756.88,756.91,756.48,756.91,70.037
1790752200000,756.92,757.15,756.86,757.07,44.497
1790752260000,757.08,757.08,756.46,756.46,57.39
1790752320000,756.46,756.56,756.36,756.51,48.047
1790752380000,756.51,756.64,756.24,756.63,106.441
1790752440000,756.63,756.94,756.58,756.94,173.457
1790752500000,756.94,757.31,756.66,757.3,252.709
1790752560000,757.31,757.49,757.19,757.49,104.4
1790752620000,757.49,757.64,757.31,757.64,48.789
1790752680000,757.64,758.47,757.6,758.46,111.753
1790752740000,758.47,759.11,758.47,759.11,123.424
1790752800000,759.11,759.41,759.1,759.25,76.678
1790752860000,759.25,759.26,759.0,759.21,58.348
1790752920000,759.21,759.57,758.98,759.11,90.48
1790752980000,759.11,759.57,759.02,759.54,46.33
1790753040000,759.54,759.96,759.49,759.83,91.99
1790753100000,759.84,760.0,759.69,759.8,222.205
1790753160000,759.81,760.0,759.54,759.71,38.021
1790753220000,759.71,759.81,759.43,759.5,111.7
1790753280000,759.5,759.5,758.94,758.95,42.205
1790753340000,758.95,759.08,758.8,759.08,38.586
1790753400000,759.07,759.07,758.34,758.86,75.768
1790753460000,758.86,758.89,758.62,758.8,36.569
1790753520000,758.8,758.91,758.52,758.61,59.27
1790753580000,758.61,759.03,758.34,758.88,59.051
1790753640000,758.88,758.93,758.65,758.79,37.066
1790753700000,758.79,759.51,758.78,759.51,73.233
1790753760000,759.51,759.99,759.51,759.99,62.096
1790753820000,759.98,760.0,759.59,759.6,77.557
1790753880000,759.6,760.0,759.59,760.0,77.584
1790753940000,760.0,760.36,759.92,760.17,259.635
1790754000000,760.17,760.28,759.91,759.92,43.682
1790754060000,759.92,760.15,759.84,760.05,137.116
1790754120000,760.04,760.05,759.93,760.0,43.881
1790754180000,760.01,760.14,760.0,760.13,29.788
1790754240000,760.13,760.6,760.13,760.51,63.584
1790754300000,760.5,760.58,760.48,760.58,40.316
1790754360000,760.57,760.6,760.21,760.27,54.332
1790754420000,760.27,760.46,759.96,760.14,75.168
1790754480000,760.14,760.42,760.13,760.42,42.645
1790754540000,760.42,760.5,760.12,760.5,50.584
1790754600000,760.5,760.5,760.44,760.49,54.991
1790754660000,760.5,760.69,760.35,760.35,64.996
1790754720000,760.36,760.58,760.36,760.43,36.606
1790754780000,760.44,760.5,760.14,760.14,129.0
1790754840000,760.14,760.16,759.75,759.75,35.489
1790754900000,759.75,760.01,759.75,759.86,41.023
1790754960000,759.87,759.94,759.36,759.39,85.515
1790755020000,759.4,759.6,759.4,759.5,29.166
1790755080000,759.5,759.61,759.5,759.55,20.766
1790755140000,759.56,759.63,759.33,759.51,48.094
1790755200000,759.51,759.51,759.18,759.25,37.51
1790755260000,759.25,759.25,758.97,759.07,36.081
1790755320000,759.06,759.06,758.49,758.61,66.726
1790755380000,758.61,759.46,758.61,759.46,49.312
1790755440000,759.46,759.5,758.72,759.09,26.568
1790755500000,759.09,759.15,758.54,758.55,43.156
1790755560000,758.54,758.55,758.38,758.38,41.002
1790755620000,758.37,758.38,758.01,758.01,55.209
1790755680000,758.02,758.25,757.92,758.21,46.348
1790755740000,758.21,758.36,758.04,758.04,33.624
1790755800000,758.05,758.38,758.02,758.38,19.698
1790755860000,758.37,758.37,758.16,758.22,46.889
1790755920000,758.22,758.49,758.21,758.25,108.105
1790755980000,758.25,758.25,758.13,758.13,27.092
1790756040000,758.11,758.2,758.0,758.0,53.273
1790756100000,758.01,758.14,757.7,758.12,57.895
1790756160000,758.11,758.55,758.08,758.55,54.864
1790756220000,758.55,759.0,758.55,758.86,55.522
1790756280000,758.87,759.48,758.81,759.48,64.203
1790756340000,759.47,759.57,758.63,758.63,41.457
1790756400000,758.63,759.15,758.36,759.15,74.968
1790756460000,759.14,759.45,759.02,759.43,43.281
1790756520000,759.44,759.44,759.11,759.17,40.178
1790756580000,759.16,759.26,759.1,759.1,32.352
1790756640000,759.1,759.11,758.51,759.11,113.13
1790756700000,759.1,759.1,758.94,758.95,40.301
1790756760000,758.94,759.12,758.67,759.04,25.354
1790756820000,759.04,759.31,758.93,759.3,20.212
1790756880000,759.3,759.3,759.0,759.08,23.522
1790756940000,759.07,759.15,758.77,758.86,32.886
1790757000000,758.86,758.86,758.23,758.33,26.724
1790757060000,758.33,758.51,758.25,758.31,28.745
1790757120000,758.31,758.47,758.19,758.33,32.009
1790757180000,758.32,758.32,757.83,757.84,40.966
1790757240000,757.84,758.3,757.84,758.12,29.147
1790757300000,758.11,758.11,757.84,757.94,32.413
1790757360000,757.94,758.04,757.66,757.66,28.705
1790757420000,757.67,758.04,757.61,758.0,25.976
1790757480000,758.0,758.62,757.9,758.62,53.68
1790757540000,758.63,758.7,758.43,758.63,28.884
1790757600000,758.62,758.76,758.62,758.75,42.32
1790757660000,758.75,758.89,758.57,758.66,113.039
1790757720000,758.67,758.67,758.42,758.57,27.413
1790757780000,758.57,758.76,758.51,758.66,19.664
1790757840000,758.67,759.6,758.66,759.52,159.905
1790757900000,759.52,759.84,759.37,759.71,226.009
1790757960000,759.72,760.06,759.67,759.99,153.825
1790758020000,759.99,760.02,759.78,759.78,39.13
1790758080000,759.77,760.31,759.7,760.16,95.673
1790758140000,760.15,760.31,760.0,760.05,26.994
1790758200000,760.06,760.34,760.02,760.03,115.798
1790758260000,760.03,760.12,759.24,759.56,66.391
1790758320000,759.56,759.8,759.45,759.45,31.005
1790758380000,759.46,760.12,759.46,760.0,115.674
1790758440000,760.0,760.06,759.63,759.84,34.269
1790758500000,759.85,760.13,759.78,760.13,26.894
1790758560000,760.12,760.14,760.01,760.14,52.963
1790758620000,760.13,760.13,759.97,759.98,54.974
1790758680000,759.98,760.3,759.97,760.16,81.461
1790758740000,760.16,760.17,759.84,759.84,28.324
1790758800000,759.85,759.98,759.68,759.95,124.041
1790758860000,759.96,760.34,759.96,760.34,58.508
1790758920000,760.33,760.48,760.22,760.47,30.435
1790758980000,760.47,760.52,760.34,760.4,26.521
1790759040000,760.4,760.69,760.39,760.69,39.659
1790759100000,760.69,760.99,760.68,760.92,29.597
1790759160000,760.91,761.0,760.77,760.99,34.897
1790759220000,761.0,761.0,760.67,760.85,45.742
1790759280000,760.85,761.45,760.78,761.18,148.492
1790759340000,761.18,761.29,760.9,761.2,105.91
1790759400000,761.19,761.48,761.19,761.29,76.576
1790759460000,761.28,761.28,761.07,761.17,54.395
1790759520000,761.16,761.33,761.04,761.26,223.935
1790759580000,761.26,761.51,761.26,761.5,67.767
1790759640000,761.5,761.69,761.5,761.68,100.222
1790759700000,761.69,761.84,761.68,761.81,105.691
1790759760000,761.8,761.87,761.72,761.86,76.776
1790759820000,761.86,762.09,761.84,761.96,85.675
1790759880000,761.97,762.21,761.9,762.21,77.875
1790759940000,762.22,762.46,762.22,762.34,164.278
1790760000000,762.34,762.6,762.25,762.59,126.97
1790760060000,762.6,762.89,762.5,762.89,37.989
1790760120000,762.89,762.89,762.59,762.78,139.321
1790760180000,762.78,763.12,762.78,763.01,114.313
1790760240000,763.0,763.5,762.92,763.49,110.283
1790760300000,763.5,763.65,763.09,763.17,183.302
1790760360000,763.17,763.32,763.08,763.32,128.139
1790760420000,763.32,763.45,763.32,763.45,74.158
1790760480000,763.44,763.55,763.41,763.42,88.46
1790760540000,763.42,763.5,763.37,763.44,82.829
1790760600000,763.43,764.0,763.3,763.46,190.664
1790760660000,763.45,764.03,763.45,763.83,127.979
1790760720000,763.83,766.18,763.82,766.08,2194.46
1790760780000,766.09,766.18,765.37,765.73,332.335
1790760840000,765.72,765.93,765.19,765.68,368.805
1790760900000,765.69,765.88,765.16,765.88,144.124
1790760960000,765.87,766.04,765.64,765.67,189.385
1790761020000,765.68,765.77,765.35,765.36,154.137
1790761080000,765.36,765.68,765.35,765.68,181.943
1790761140000,765.67,765.67,765.24,765.29,92.307
1790761200000,765.28,765.3,765.01,765.01,169.28
1790761260000,765.02,765.05,764.87,765.02,118.089
1790761320000,765.03,765.49,765.02,765.46,73.529
1790761380000,765.45,765.45,765.16,765.28,144.324
1790761440000,765.28,765.55,765.25,765.55,115.509
1790761500000,765.55,765.88,765.43,765.45,141.069
1790761560000,765.44,765.44,764.88,764.98,107.649
1790761620000,764.98,764.98,764.66,764.75,55.205
1790761680000,764.74,764.8,764.45,764.45,87.433
1790761740000,764.45,764.64,764.41,764.63,72.992
1790761800000,764.64,764.76,764.55,764.56,52.302
1790761860000,764.56,764.98,764.52,764.84,73.911
1790761920000,764.84,764.84,764.33,764.34,88.812
1790761980000,764.33,764.39,764.23,764.33,42.243
1790762040000,764.32,764.5,764.24,764.37,69.756
1790762100000,764.37,764.57,764.35,764.42,40.001
1790762160000,764.41,764.42,764.14,764.4,135.037
1790762220000,764.39,764.44,764.28,764.44,60.483
1790762280000,764.44,764.57,764.41,764.57,137.588
1790762340000,764.57,764.72,764.56,764.71,56.729
1790762400000,764.72,765.35,764.61,765.21,158.675
1790762460000,765.21,765.49,765.12,765.19,123.928
1790762520000,765.19,765.32,764.98,765.29,148.079
1790762580000,765.28,765.49,765.28,765.46,67.357
1790762640000,765.46,765.78,765.46,765.66,121.548
1790762700000,765.66,765.79,765.52,765.78,110.577
1790762760000,765.79,766.43,765.78,766.41,350.161
1790762820000,766.41,766.71,766.33,766.67,236.334
1790762880000,766.67,766.94,766.56,766.94,232.451
1790762940000,766.94,767.01,766.52,767.01,304.446
1790763000000,767.01,767.01,766.95,766.99,104.031
1790763060000,767.0,767.41,767.0,767.4,155.114
1790763120000,767.41,767.5,767.28,767.5,188.228
1790763180000,767.49,767.58,767.29,767.58,278.909
1790763240000,767.57,767.76,767.47,767.47,910.19
1790763300000,767.47,767.53,766.82,767.31,538.858
1790763360000,767.31,767.46,766.8,767.26,498.295
1790763420000,767.26,767.43,767.26,767.26,228.499
1790763480000,767.26,767.34,767.26,767.27,279.605
1790763540000,767.27,767.43,767.27,767.43,137.865
1790763600000,767.43,767.76,767.33,767.76,120.0
1790763660000,767.76,768.08,767.75,767.92,223.92
1790763720000,767.92,767.94,767.71,767.73,149.489
1790763780000,767.73,767.93,767.73,767.91,149.588
1790763840000,767.91,768.08,767.82,768.07,103.055
1790763900000,768.08,768.54,768.07,768.53,108.432
1790763960000,768.53,768.66,768.39,768.66,140.199
1790764020000,768.65,768.67,768.16,768.18,527.158
1790764080000,768.19,768.26,768.17,768.25,183.363
1790764140000,768.26,768.26,768.04,768.15,154.448
1790764200000,768.15,768.28,768.15,768.27,97.476
1790764260000,768.26,768.63,768.26,768.62,83.616
1790764320000,768.63,769.18,768.62,768.97,200.635
1790764380000,768.96,769.19,768.88,769.1,373.808
1790764440000,769.1,769.2,769.02,769.2,163.723
1790764500000,769.19,769.52,769.19,769.48,156.551
1790764560000,769.48,769.65,769.26,769.27,219.279
1790764620000,769.26,769.34,769.02,769.13,168.46
1790764680000,769.12,769.28,769.09,769.24,224.674
1790764740000,769.24,769.26,768.21,768.31,158.291
1790764800000,768.32,768.48,768.22,768.24,87.98
1790764860000,768.23,768.55,767.83,768.55,217.26
1790764920000,768.54,768.83,768.51,768.57,75.823
1790764980000,768.57,768.78,768.43,768.78,68.368
1790765040000,768.78,769.0,768.66,768.67,47.142
1790765100000,768.67,768.67,768.13,768.14,98.832
1790765160000,768.13,768.14,768.0,768.01,59.366
1790765220000,768.0,768.33,768.0,768.32,63.431
1790765280000,768.32,768.52,768.31,768.39,121.571
1790765340000,768.4,768.76,768.4,768.57,46.368
1790765400000,768.58,768.89,768.57,768.75,96.17
1790765460000,768.74,769.0,768.67,768.98,92.25
1790765520000,768.98,769.7,768.94,769.7,57.544
1790765580000,769.7,769.79,769.62,769.77,107.417
1790765640000,769.78,770.11,769.78,769.96,319.118
1790765700000,769.95,770.25,769.89,770.15,154.253
1790765760000,770.14,770.3,769.93,770.3,258.803
1790765820000,770.31,770.38,770.15,770.23,117.834
1790765880000,770.23,770.34,770.22,770.29,73.915
1790765940000,770.3,770.63,770.19,770.63,127.823
1790766000000,770.62,770.7,770.22,770.23,148.384
1790766060000,770.23,770.23,769.65,769.87,107.313
1790766120000,769.88,769.95,769.69,769.75,71.224
1790766180000,769.74,770.12,769.72,769.9,140.646
1790766240000,769.9,769.9,768.67,768.68,91.772
1790766300000,768.68,768.92,768.43,768.44,80.353
1790766360000,768.44,768.44,768.0,768.01,115.05
1790766420000,768.0,768.01,767.76,767.93,113.025
1790766480000,767.93,768.81,767.93,768.73,110.522
1790766540000,768.73,769.1,768.46,768.46,68.303
1790766600000,768.46,768.5,768.29,768.48,86.159
1790766660000,768.48,768.92,768.47,768.9,78.72
1790766720000,768.9,770.17,768.89,770.16,140.555
1790766780000,770.16,770.35,769.98,769.98,75.06
1790766840000,769.99,770.09,769.51,769.63,42.201
1790766900000,769.62,769.78,769.56,769.59,93.059
1790766960000,769.58,769.76,769.53,769.73,40.676
1790767020000,769.73,769.73,769.08,769.2,99.5
1790767080000,769.21,769.45,769.2,769.43,52.074
1790767140000,769.43,769.57,768.96,768.96,40.236
1790767200000,768.96,768.97,768.15,768.24,52.976
1790767260000,768.24,768.55,768.23,768.51,47.255
1790767320000,768.51,768.99,768.4,768.98,37.892
1790767380000,768.98,769.78,768.87,769.78,107.101
1790767440000,769.77,769.99,769.4,769.41,43.758
1790767500000,769.41,769.62,769.33,769.45,43.257
1790767560000,769.44,769.5,769.03,769.09,78.564
1790767620000,769.09,769.21,769.04,769.2,40.553
1790767680000,769.2,769.53,769.2,769.49,65.094
1790767740000,769.49,769.84,769.38,769.77,41.944
1790767800000,769.77,769.8,769.65,769.8,55.363
1790767860000,769.8,769.9,769.24,769.24,77.188
1790767920000,769.24,769.24,768.95,768.96,114.722
1790767980000,768.96,768.96,768.74,768.79,67.831
1790768040000,768.78,769.24,768.74,768.95,33.519
1790768100000,768.94,769.33,768.9,769.33,62.517
1790768160000,769.32,769.33,769.11,769.33,86.262
1790768220000,769.33,769.8,769.33,769.57,122.867
1790768280000,769.57,770.0,769.57,769.97,124.031
1790768340000,769.96,769.97,769.6,769.95,44.435
1790768400000,769.94,770.0,769.88,770.0,86.484
1790768460000,770.0,770.12,769.88,769.93,232.699
1790768520000,769.92,769.93,769.59,769.64,66.89
1790768580000,769.64,770.21,769.63,770.2,37.189
1790768640000,770.2,770.23,769.88,770.05,58.835
1790768700000,770.04,770.18,769.91,770.11,137.581
1790768760000,770.12,770.56,769.99,770.48,101.471
1790768820000,770.47,770.56,769.76,770.47,195.673
1790768880000,770.45,770.49,770.14,770.37,91.544
1790768940000,770.36,770.67,770.28,770.67,89.436
1790769000000,770.67,770.67,770.34,770.35,63.565
1790769060000,770.35,770.42,770.24,770.33,86.684
1790769120000,770.33,770.33,770.0,770.0,62.259
1790769180000,770.01,770.32,770.0,770.22,61.181
1790769240000,770.22,770.22,770.08,770.18,62.38
1790769300000,770.18,770.21,769.89,769.89,139.714
1790769360000,769.88,770.01,769.7,769.7,64.645
1790769420000,769.69,769.69,769.44,769.44,44.675
1790769480000,769.43,769.75,769.29,769.75,43.747
1790769540000,769.74,770.0,769.74,769.99,42.617
1790769600000,770.0,770.58,769.96,770.58,112.367
1790769660000,770.58,770.66,770.02,770.11,76.23
1790769720000,770.11,770.2,769.84,769.85,86.824
1790769780000,769.85,769.86,769.64,769.65,96.482
1790769840000,769.64,769.77,769.6,769.68,25.792
1790769900000,769.68,769.69,769.07,769.07,49.454
1790769960000,769.06,769.06,768.48,768.49,106.215
1790770020000,768.49,768.75,768.48,768.75,63.587
1790770080000,768.74,768.74,768.23,768.26,98.742
1790770140000,768.26,768.41,768.26,768.41,61.102
1790770200000,768.41,768.79,768.4,768.72,35.638
1790770260000,768.73,768.99,768.72,768.98,54.175
1790770320000,768.99,768.99,768.76,768.8,54.911
1790770380000,768.81,769.33,768.81,769.32,51.545
1790770440000,769.33,769.46,769.32,769.44,58.546
1790770500000,769.45,769.5,768.88,768.88,53.006
1790770560000,768.89,768.89,768.56,768.87,36.302
1790770620000,768.86,768.99,768.74,768.78,38.382
1790770680000,768.78,768.83,768.64,768.7,40.528
1790770740000,768.69,768.69,768.24,768.24,51.81
1790770800000,768.25,768.25,767.49,767.61,110.088
1790770860000,767.61,768.32,767.61,768.18,32.093
1790770920000,768.19,769.22,768.19,769.21,53.847
1790770980000,769.22,769.44,768.66,768.66,72.925
1790771040000,768.67,769.0,768.63,768.95,43.465
1790771100000,768.95,769.39,768.94,769.29,76.7
1790771160000,769.28,769.29,768.94,768.94,46.069
1790771220000,768.94,769.01,768.75,768.82,28.26
1790771280000,768.84,768.9,768.55,768.89,73.946
1790771340000,768.89,770.17,768.89,769.71,121.69
1790771400000,769.68,771.98,768.72,771.6,638.338
1790771460000,771.59,774.46,771.59,774.12,621.833
1790771520000,774.13,774.24,772.94,773.39,278.659
1790771580000,773.38,773.38,772.14,772.15,236.832
1790771640000,772.15,773.97,771.78,773.75,361.786
1790771700000,773.76,775.39,773.71,774.79,711.271
1790771760000,774.78,774.78,773.63,773.63,250.4
1790771820000,773.64,773.64,773.05,773.41,276.653
1790771880000,773.41,774.64,773.36,774.49,174.108
1790771940000,774.48,774.79,774.13,774.79,170.286
1790772000000,774.79,775.7,774.78,775.69,403.725
1790772060000,775.69,775.69,774.83,774.85,276.129
1790772120000,774.84,775.04,774.28,774.39,268.123
1790772180000,774.4,775.21,774.38,775.2,400.373
1790772240000,775.2,775.25,774.86,775.15,246.729
1790772300000,775.15,776.17,775.04,776.12,267.731
1790772360000,776.11,776.23,775.55,775.55,594.376
1790772420000,775.53,775.53,774.04,774.87,272.411
1790772480000,774.86,775.92,774.86,775.9,249.718
1790772540000,775.89,776.19,775.43,775.55,413.269
1790772600000,775.56,776.74,775.54,776.68,323.223
1790772660000,776.7,776.89,776.22,776.88,207.144
1790772720000,776.89,777.64,776.89,777.15,256.875
1790772780000,777.15,777.45,776.91,777.04,129.585
1790772840000,777.03,777.74,777.03,777.67,169.037
1790772900000,777.68,777.68,777.25,777.46,228.976
1790772960000,777.45,777.48,776.43,776.89,309.883
1790773020000,776.89,777.32,776.89,777.01,193.589
1790773080000,777.01,777.03,776.47,776.48,200.763
1790773140000,776.47,776.97,775.81,776.72,459.774
1790773200000,776.73,777.0,776.5,776.57,337.896
1790773260000,776.57,776.67,776.5,776.5,391.756
1790773320000,776.5,776.86,776.5,776.72,271.723
1790773380000,776.71,776.72,775.94,776.52,272.987
1790773440000,776.52,776.71,776.13,776.69,191.336
1790773500000,776.69,776.7,776.28,776.66,322.088
1790773560000,776.65,777.74,776.4,777.44,357.896
1790773620000,777.44,777.77,777.3,777.31,519.325
1790773680000,777.32,778.48,777.3,778.17,414.298
1790773740000,778.17,779.42,778.14,779.18,947.051
1790773800000,779.18,779.19,777.48,777.67,1121.717
1790773860000,777.66,778.19,777.3,777.95,402.521
1790773920000,777.95,777.96,777.33,777.88,225.796
1790773980000,777.87,777.87,777.4,777.51,160.903
1790774040000,777.5,777.5,777.0,777.19,271.731
1790774100000,777.18,777.39,776.9,777.17,173.114
1790774160000,777.17,777.4,777.11,777.39,241.205
1790774220000,777.39,777.47,776.74,776.77,222.636
1790774280000,776.77,776.79,776.18,776.18,246.291
1790774340000,776.19,776.19,775.52,775.52,201.241
1790774400000,775.52,776.04,775.48,776.03,317.704
1790774460000,776.04,776.2,775.22,775.51,226.86
1790774520000,775.52,775.87,775.37,775.4,230.926
1790774580000,775.4,775.59,775.19,775.27,159.317
1790774640000,775.27,775.75,775.2,775.56,163.493
1790774700000,775.54,775.54,775.11,775.13,208.397
1790774760000,775.13,775.71,775.13,775.71,166.733
1790774820000,775.71,775.71,775.12,775.17,136.183
1790774880000,775.17,775.17,774.31,774.32,186.355
1790774940000,774.31,774.7,774.31,774.7,116.248
1790775000000,774.71,775.0,774.14,775.0,271.804
1790775060000,775.0,776.42,775.0,776.42,260.053
1790775120000,776.42,776.72,775.28,775.31,280.754
1790775180000,775.3,775.53,774.73,774.96,440.72
1790775240000,774.97,775.41,774.68,774.74,124.969
1790775300000,774.73,774.73,771.21,771.7,457.2
1790775360000,771.69,771.96,770.37,771.68,430.825
1790775420000,771.69,771.86,770.13,770.84,390.047
1790775480000,770.72,771.21,769.23,770.34,534.705
1790775540000,770.33,770.41,768.72,769.22,411.011
1790775600000,769.18,770.07,767.05,767.68,247.268
1790775660000,767.67,769.14,767.47,768.72,266.108
1790775720000,768.72,770.72,768.71,770.44,320.085
1790775780000,770.44,770.85,769.77,769.77,129.919
1790775840000,769.76,770.5,769.56,770.45,190.021
1790775900000,770.46,770.97,769.8,769.91,126.67
1790775960000,769.91,771.36,769.9,771.32,101.498
1790776020000,771.32,771.94,770.97,771.87,234.677
1790776080000,771.86,771.96,770.86,770.91,222.465
1790776140000,770.93,772.2,770.84,771.75,232.335
1790776200000,771.74,771.8,771.0,771.52,133.315
1790776260000,771.52,772.34,771.52,771.97,106.513
1790776320000,771.96,772.06,771.05,771.13,102.391
1790776380000,771.12,771.7,770.6,771.7,140.651
1790776440000,771.7,771.7,771.0,771.09,54.179
1790776500000,771.1,771.75,771.0,771.19,76.006
1790776560000,771.19,771.39,770.82,770.84,82.507
1790776620000,770.85,771.21,770.46,770.69,66.707
1790776680000,770.7,770.81,770.31,770.75,49.514
1790776740000,770.75,771.38,770.66,771.38,115.728
1790776800000,771.38,771.48,769.72,769.94,153.659
1790776860000,769.93,770.9,769.32,769.32,118.071
1790776920000,769.31,770.27,768.95,770.05,95.476
1790776980000,770.06,770.46,769.94,770.46,50.965
1790777040000,770.46,771.59,770.46,771.11,127.565
1790777100000,771.08,771.27,770.63,771.27,84.475
1790777160000,771.28,772.0,771.27,771.28,84.099
1790777220000,771.29,771.29,769.78,769.81,104.086
1790777280000,769.81,770.08,769.16,769.98,61.447
1790777340000,769.99,770.36,769.7,770.34,30.287
1790777400000,770.32,770.37,769.39,769.51,52.871
1790777460000,769.5,769.5,768.23,769.28,109.283
1790777520000,769.27,770.77,769.24,770.5,240.109
1790777580000,770.49,771.35,769.73,769.85,117.004
1790777640000,769.86,770.37,769.65,769.88,221.91
1790777700000,769.87,769.88,768.97,769.6,82.756
1790777760000,769.59,769.74,768.55,768.96,107.59
1790777820000,768.97,769.32,768.19,768.38,97.804
1790777880000,768.38,768.82,767.42,768.07,175.314
1790777940000,768.07,768.59,767.77,768.59,43.36
1790778000000,768.58,769.07,768.07,769.07,185.3
1790778060000,769.07,769.58,768.59,768.59,83.466
1790778120000,768.59,768.65,766.46,766.46,251.26
1790778180000,766.53,766.55,763.63,766.54,1223.036
1790778240000,766.55,766.71,765.84,766.33,213.729
1790778300000,766.34,766.92,766.23,766.74,99.164
1790778360000,766.73,767.01,766.44,766.8,115.083
1790778420000,766.8,766.8,764.39,764.91,262.343
1790778480000,764.91,765.42,764.61,765.0,109.717
1790778540000,765.0,765.77,764.67,765.76,115.848
1790778600000,765.76,766.56,765.29,766.29,163.195
1790778660000,766.29,766.57,765.8,765.92,66.701
1790778720000,765.92,765.98,763.7,764.2,278.622
1790778780000,764.19,765.09,763.07,765.09,446.568
1790778840000,765.09,765.24,764.0,764.28,152.416
1790778900000,764.27,764.64,763.81,764.21,56.037
1790778960000,764.21,765.08,764.11,764.2,61.028
1790779020000,764.19,765.72,764.1,765.33,83.433
1790779080000,765.31,765.83,764.95,765.83,69.207
1790779140000,765.83,765.83,765.19,765.26,73.667
1790779200000,765.21,765.21,763.78,765.13,79.042
1790779260000,765.15,765.84,764.13,765.84,137.005
1790779320000,765.86,766.2,765.56,765.91,54.78
1790779380000,765.91,766.44,765.29,765.34,160.627
1790779440000,765.31,765.53,765.05,765.14,30.077
1790779500000,765.14,765.98,764.88,765.79,157.21
1790779560000,765.78,765.94,765.54,765.92,29.617
1790779620000,765.93,766.61,765.86,766.61,124.001
1790779680000,766.61,767.02,765.85,765.99,207.154
1790779740000,765.99,766.35,765.8,766.35,54.65
1790779800000,766.35,766.45,765.96,766.14,32.497
1790779860000,766.14,766.71,766.14,766.32,48.191
1790779920000,766.32,767.38,766.31,766.72,186.502
1790779980000,766.68,767.12,766.46,766.57,137.685
1790780040000,766.57,766.97,766.31,766.8,184.847
1790780100000,766.8,767.35,766.73,767.35,72.702
1790780160000,767.35,767.7,767.2,767.46,152.982
1790780220000,767.46,767.73,766.96,766.97,176.06
1790780280000,766.97,767.08,766.6,766.62,32.709
1790780340000,766.64,766.89,766.38,766.39,57.144
1790780400000,766.39,767.5,766.29,767.4,67.227
1790780460000,767.4,767.87,766.63,767.86,41.52
1790780520000,767.87,767.98,767.02,767.18,64.55
1790780580000,767.19,767.72,766.98,767.63,326.296
1790780640000,767.63,767.63,767.25,767.53,37.418
1790780700000,767.53,767.83,767.36,767.55,25.859
1790780760000,767.52,767.75,767.29,767.75,79.558
1790780820000,767.75,767.84,767.4,767.6,27.238
1790780880000,767.59,767.6,767.31,767.57,41.419
1790780940000,767.57,768.11,767.57,768.06,78.548
1790781000000,768.06,768.58,768.06,768.29,37.825
1790781060000,768.29,768.75,768.1,768.1,46.391
1790781120000,768.09,768.18,767.27,767.91,102.974
1790781180000,767.93,768.3,767.71,767.71,41.475
1790781240000,767.71,768.06,767.5,767.85,42.079
1790781300000,767.84,768.24,767.68,768.04,128.949
1790781360000,768.04,768.47,767.96,768.47,47.601
1790781420000,768.47,768.51,767.36,767.37,32.919
1790781480000,767.37,767.37,766.47,766.47,37.345
1790781540000,766.48,766.99,766.2,766.54,107.253
1790781600000,766.53,767.01,766.32,766.91,32.684
1790781660000,766.9,767.3,766.6,767.3,37.711
1790781720000,767.3,768.16,767.3,767.41,86.883
1790781780000,767.42,767.71,767.03,767.03,57.009
1790781840000,767.0,767.09,766.12,766.12,40.38
1790781900000,766.11,766.38,765.58,765.58,191.123
1790781960000,765.56,766.03,765.2,765.86,448.848
1790782020000,765.87,765.87,765.27,765.67,80.149
1790782080000,765.66,766.45,765.57,766.45,84.919
1790782140000,766.45,767.33,766.44,767.29,17.531
1790782200000,767.29,768.5,767.29,768.5,91.278
1790782260000,768.5,770.0,768.5,769.99,150.407
1790782320000,769.99,769.99,768.27,768.55,387.099
1790782380000,768.55,768.8,768.09,768.68,49.9
1790782440000,768.67,768.8,768.36,768.57,58.595
1790782500000,768.56,768.98,768.56,768.77,72.663
1790782560000,768.77,768.82,768.6,768.65,26.736
1790782620000,768.65,769.32,768.33,769.32,74.508
1790782680000,769.31,769.67,769.06,769.14,143.056
1790782740000,769.13,769.44,769.12,769.36,18.18
1790782800000,769.36,769.66,769.36,769.45,12.773
1790782860000,769.45,769.56,769.03,769.03,63.001
1790782920000,769.03,769.45,768.97,769.4,75.761
1790782980000,769.4,769.4,768.7,768.96,66.117
1790783040000,768.96,768.96,768.1,768.15,88.229
1790783100000,768.16,768.42,767.94,768.32,14.435
1790783160000,768.32,768.8,768.31,768.79,29.137
1790783220000,768.8,769.15,768.79,769.15,21.522
1790783280000,769.15,770.0,769.14,769.99,33.4
1790783340000,770.0,770.0,769.84,769.95,52.387
1790783400000,769.95,770.17,769.86,769.99,82.871
1790783460000,769.99,770.33,769.99,770.07,110.118
1790783520000,770.07,770.25,770.01,770.01,43.665
1790783580000,770.02,770.11,769.8,769.85,84.494
1790783640000,769.84,770.05,769.72,769.72,32.347
1790783700000,769.72,769.72,769.53,769.54,37.101
1790783760000,769.54,769.9,769.53,769.82,26.417
1790783820000,769.82,769.84,769.62,769.69,22.156
1790783880000,769.68,769.76,769.65,769.67,15.802
1790783940000,769.68,769.68,769.6,769.67,34.035
1790784000000,769.68,769.82,769.45,769.55,76.61
1790784060000,769.55,769.92,769.51,769.92,72.803
1790784120000,769.93,770.45,769.84,770.18,97.734
1790784180000,770.18,770.32,769.89,770.2,51.032
1790784240000,770.2,770.45,769.97,770.14,87.726
1790784300000,770.14,770.38,769.97,770.38,76.691
1790784360000,770.38,770.47,770.28,770.47,52.719
1790784420000,770.47,770.47,770.16,770.17,71.417
1790784480000,770.17,770.35,770.03,770.25,124.203
1790784540000,770.24,770.27,770.23,770.23,72.045
1790784600000,770.23,770.24,769.94,769.94,77.072
1790784660000,769.94,770.16,769.92,770.04,63.151
1790784720000,770.04,770.04,769.51,769.52,62.499
1790784780000,769.51,770.24,769.51,770.23,47.645
1790784840000,770.24,770.63,770.24,770.47,163.832
1790784900000,770.46,770.53,769.83,770.0,134.723
1790784960000,770.01,770.38,770.01,770.28,47.688
1790785020000,770.29,770.29,769.52,769.66,49.191
1790785080000,769.66,770.03,769.53,770.03,58.538
1790785140000,770.03,770.39,770.02,770.02,44.258
1790785200000,770.03,770.03,769.72,769.96,40.62
1790785260000,769.96,770.32,769.9,770.08,60.746
1790785320000,770.09,770.39,770.09,770.21,28.119
1790785380000,770.21,770.28,770.15,770.18,42.239
1790785440000,770.18,770.32,770.08,770.09,49.506
1790785500000,770.08,770.2,770.01,770.09,34.642
1790785560000,770.09,770.16,769.9,769.92,34.208
1790785620000,769.91,769.98,769.63,769.79,38.087
1790785680000,769.78,769.84,769.66,769.79,21.423
1790785740000,769.79,769.79,769.35,769.44,34.188
1790785800000,769.44,769.61,769.29,769.3,124.354
1790785860000,769.29,769.61,769.26,769.33,36.72
1790785920000,769.33,769.55,769.02,769.51,90.776
1790785980000,769.49,769.78,769.49,769.51,52.899
1790786040000,769.5,769.78,769.4,769.41,66.152
1790786100000,769.41,769.41,768.78,768.78,38.469
1790786160000,768.79,768.79,768.31,768.56,190.578
1790786220000,768.56,769.46,768.56,769.36,36.649
1790786280000,769.33,769.8,769.33,769.8,20.162
1790786340000,769.79,770.11,769.64,770.04,31.165
1790786400000,770.03,770.13,769.86,769.98,59.646
1790786460000,769.97,770.45,769.97,769.98,99.663
1790786520000,769.97,770.28,769.97,770.09,30.516
1790786580000,770.09,770.62,770.09,770.62,29.29
1790786640000,770.62,770.86,770.62,770.76,42.517
1790786700000,770.76,770.9,770.51,770.9,66.054
1790786760000,770.9,771.31,770.76,771.31,211.779
1790786820000,771.31,771.7,771.31,771.63,60.83
1790786880000,771.63,771.63,770.94,770.97,47.502
1790786940000,770.95,771.1,770.71,770.94,33.17
1790787000000,770.93,771.49,770.92,771.2,36.702
1790787060000,771.2,771.41,770.75,770.75,70.525
1790787120000,770.76,770.89,770.42,770.42,56.325
1790787180000,770.43,770.51,770.22,770.27,33.221
1790787240000,770.27,770.44,770.04,770.04,54.142
1790787300000,770.04,770.1,769.88,769.88,59.782
1790787360000,769.88,770.08,769.88,769.94,54.674
1790787420000,769.94,770.29,769.94,770.07,41.955
1790787480000,770.06,770.33,770.06,770.21,27.385
1790787540000,770.2,770.3,770.17,770.27,16.758
1790787600000,770.28,770.37,769.88,769.88,49.088
1790787660000,769.88,770.12,769.86,770.08,44.805
1790787720000,770.09,770.24,769.97,769.97,69.575
1790787780000,769.96,770.16,769.83,770.15,104.68
1790787840000,770.15,770.33,769.57,769.57,70.211
1790787900000,769.57,770.12,769.46,769.65,39.419
1790787960000,769.64,770.1,769.53,770.09,55.586
1790788020000,770.09,770.58,770.09,770.26,47.772
1790788080000,770.26,770.98,770.26,770.97,51.755
1790788140000,770.98,771.1,770.35,770.68,189.662
1790788200000,770.68,770.94,770.68,770.93,23.039
1790788260000,770.94,771.0,770.63,770.64,139.296
1790788320000,770.64,770.66,770.44,770.44,26.018
1790788380000,770.43,770.66,770.28,770.28,126.703
1790788440000,770.28,770.62,770.24,770.24,29.37
1790788500000,770.25,770.25,769.77,769.77,62.121
1790788560000,769.77,769.9,769.58,769.67,64.122
1790788620000,769.67,770.0,769.65,769.94,28.08
1790788680000,769.94,770.35,769.79,770.23,52.538
1790788740000,770.23,770.3,769.72,769.72,46.079
1790788800000,769.71,769.71,769.25,769.42,34.937
1790788860000,769.42,770.28,769.42,770.18,23.632
1790788920000,770.19,770.24,769.61,769.61,61.304
1790788980000,769.61,769.68,769.43,769.55,14.841
1790789040000,769.55,769.91,769.54,769.71,25.86
1790789100000,769.71,769.71,769.26,769.26,28.6
1790789160000,769.27,769.27,768.32,768.32,61.189
1790789220000,768.32,769.32,768.32,769.32,18.875
1790789280000,769.33,769.37,768.99,769.11,16.456
1790789340000,769.11,769.66,769.11,769.63,42.645
1790789400000,769.62,769.62,769.33,769.41,42.88
1790789460000,769.42,769.5,768.96,769.14,56.236
1790789520000,769.14,769.55,769.09,769.2,34.308
1790789580000,769.19,769.27,768.98,769.07,50.395
1790789640000,769.06,769.48,768.26,768.5,774.345
1790789700000,768.48,768.61,768.33,768.5,34.501
1790789760000,768.5,768.62,768.16,768.16,16.78
1790789820000,768.17,768.57,767.49,768.22,117.361
1790789880000,768.21,768.97,768.13,768.97,44.06
1790789940000,768.98,769.32,768.84,768.85,53.094
1790790000000,768.84,768.95,768.53,768.88,74.162
1790790060000,768.87,768.88,768.76,768.87,7.231
1790790120000,768.87,768.88,768.26,768.45,244.097
1790790180000,768.46,769.03,768.46,768.93,52.355
1790790240000,768.93,768.93,768.57,768.57,13.746
1790790300000,768.57,768.77,768.15,768.76,23.218
1790790360000,768.77,769.06,768.73,769.01,26.042
1790790420000,769.01,769.84,768.98,769.08,26.329
1790790480000,769.07,769.66,768.94,769.56,31.975
1790790540000,769.57,769.85,769.46,769.8,125.045
1790790600000,769.81,770.16,769.69,769.92,49.752
1790790660000,769.91,769.91,769.59,769.59,28.375
1790790720000,769.58,769.58,769.16,769.16,7.888
1790790780000,769.15,769.15,768.88,768.89,10.153
1790790840000,768.89,768.89,768.74,768.74,16.26
1790790900000,768.75,768.76,768.62,768.75,22.351
1790790960000,768.76,768.86,768.76,768.8,3.658
1790791020000,768.81,768.87,768.81,768.87,21.785
1790791080000,768.87,769.24,768.87,769.16,103.09
1790791140000,769.16,769.43,769.16,769.38,6.765
1790791200000,769.38,769.76,769.26,769.33,32.891
1790791260000,769.33,769.42,768.8,768.81,26.148
1790791320000,768.81,768.94,768.53,768.53,43.918
1790791380000,768.53,768.72,768.43,768.46,16.155
1790791440000,768.46,768.58,767.87,768.48,91.629
1790791500000,768.48,768.48,767.8,767.8,39.845
1790791560000,767.79,767.79,767.08,767.48,80.285
1790791620000,767.47,768.01,767.36,767.95,33.055
1790791680000,767.96,768.65,767.84,768.64,11.098
1790791740000,768.65,769.4,768.55,769.31,40.004
1790791800000,769.3,769.33,768.76,768.83,27.319
1790791860000,768.83,769.38,768.83,769.36,42.315
1790791920000,769.35,769.36,769.09,769.19,63.858
1790791980000,769.2,769.2,768.87,768.88,18.446
1790792040000,768.88,769.01,768.35,768.35,42.989
1790792100000,768.33,768.61,768.16,768.61,36.866
1790792160000,768.62,768.62,768.34,768.34,18.016
1790792220000,768.34,768.64,768.27,768.38,17.654
1790792280000,768.37,768.91,768.08,768.91,19.325
1790792340000,768.92,768.92,768.53,768.82,42.37
1790792400000,768.83,769.01,768.65,768.82,8.972
1790792460000,768.82,768.82,768.26,768.45,48.265
1790792520000,768.43,768.47,768.28,768.46,30.076
1790792580000,768.47,768.48,768.06,768.06,24.314
1790792640000,768.06,768.13,767.85,767.95,24.142
1790792700000,767.94,768.05,767.8,767.97,24.952
1790792760000,767.97,768.13,767.91,767.98,35.31
1790792820000,767.98,768.17,767.85,767.86,49.421
1790792880000,767.85,768.24,767.85,768.15,28.609
1790792940000,768.16,768.65,768.15,768.64,8.614
1790793000000,768.65,769.4,768.6,769.39,68.462
1790793060000,769.36,769.36,768.73,768.73,24.01
1790793120000,768.73,768.77,768.53,768.53,7.546
1790793180000,768.54,768.54,768.14,768.25,41.124
1790793240000,768.21,768.21,767.67,767.97,14.628
1790793300000,767.97,767.97,767.58,767.69,32.122
1790793360000,767.67,767.69,767.27,767.28,18.678
1790793420000,767.28,767.33,767.0,767.15,30.972
1790793480000,767.15,767.31,767.15,767.27,41.117
1790793540000,767.27,767.27,767.0,767.08,11.382
1790793600000,767.08,767.6,767.08,767.45,64.598
1790793660000,767.44,767.44,767.17,767.19,50.663
1790793720000,767.19,767.19,767.07,767.12,18.432
1790793780000,767.12,767.5,767.1,767.36,13.228
1790793840000,767.37,767.56,767.16,767.16,30.256
1790793900000,767.17,767.22,767.05,767.13,6.025
1790793960000,767.13,767.13,767.0,767.0,15.799
1790794020000,767.01,767.06,766.88,766.94,48.214
1790794080000,766.94,766.97,766.88,766.9,43.595
1790794140000,766.91,767.29,766.9,767.29,16.947
1790794200000,767.3,768.08,767.3,767.93,43.73
1790794260000,767.93,767.93,767.71,767.91,11.56
1790794320000,767.9,768.24,767.75,768.21,28.92
1790794380000,768.21,768.28,767.7,767.7,44.262
1790794440000,767.69,767.82,767.54,767.82,11.51
1790794500000,767.82,767.82,767.81,767.82,2.463
1790794560000,767.82,768.15,767.76,768.15,11.54
1790794620000,768.16,768.35,768.15,768.35,6.818
1790794680000,768.35,768.7,768.26,768.69,16.365
1790794740000,768.7,768.76,768.5,768.61,41.113
1790794800000,768.62,768.82,768.18,768.18,29.765
1790794860000,768.18,768.3,767.97,768.01,51.844
1790794920000,768.02,768.18,767.77,768.18,41.965
1790794980000,768.18,768.35,767.95,767.98,22.524
1790795040000,767.97,768.14,767.97,768.14,6.664
1790795100000,768.14,768.33,767.96,768.0,62.934
1790795160000,768.0,768.02,767.99,768.0,8.243
1790795220000,767.99,768.13,767.99,768.13,5.281
1790795280000,768.13,768.13,767.79,767.79,30.247
1790795340000,767.79,767.79,767.64,767.64,3.797
1790795400000,767.64,767.7,767.2,767.22,11.804
1790795460000,767.23,767.23,767.01,767.02,6.77
1790795520000,767.02,767.02,766.35,766.87,50.666
1790795580000,766.88,767.13,766.72,767.07,11.459
1790795640000,767.1,767.1,766.87,766.88,13.56
1790795700000,766.87,766.87,766.48,766.53,21.875
1790795760000,766.53,766.65,766.5,766.53,31.973
1790795820000,766.52,766.52,765.5,765.74,176.735
1790795880000,765.71,766.03,765.47,766.03,42.736
1790795940000,766.02,766.49,766.01,766.49,29.136
1790796000000,766.49,766.55,766.02,766.32,23.164
1790796060000,766.32,766.77,766.32,766.57,15.405
1790796120000,766.57,766.57,766.29,766.46,20.849
1790796180000,766.45,766.45,765.73,765.73,3.245
1790796240000,765.73,765.78,765.54,765.77,16.342
1790796300000,765.77,766.29,765.73,766.29,35.194
1790796360000,766.29,766.51,766.05,766.06,6.161
1790796420000,766.07,766.35,766.06,766.35,8.72
1790796480000,766.35,766.55,766.25,766.44,15.478
1790796540000,766.45,766.46,766.37,766.44,17.837
1790796600000,766.43,766.77,766.43,766.76,15.296
1790796660000,766.77,766.95,766.18,766.41,135.067
1790796720000,766.49,766.63,766.21,766.42,3.704
1790796780000,766.43,766.99,766.42,766.99,54.087
1790796840000,767.0,767.24,766.76,767.09,29.079
1790796900000,767.08,767.56,767.05,767.3,44.306
1790796960000,767.28,767.53,767.28,767.52,26.203
1790797020000,767.49,767.65,767.39,767.61,40.9
1790797080000,767.62,768.0,767.62,768.0,6.535
1790797140000,767.99,768.0,767.41,767.55,6.285
1790797200000,767.54,767.54,767.21,767.23,12.819
1790797260000,767.22,767.45,767.11,767.18,68.578
1790797320000,767.18,767.38,767.09,767.09,3.581
1790797380000,767.1,767.14,767.0,767.12,15.009
1790797440000,767.12,767.27,767.11,767.27,15.309
1790797500000,767.26,767.26,767.04,767.08,18.56
1790797560000,767.08,767.13,766.89,767.1,27.503
1790797620000,767.1,767.35,766.57,766.58,84.487
1790797680000,766.58,767.15,766.58,766.82,93.057
1790797740000,766.82,766.93,766.65,766.74,17.796
1790797800000,766.73,766.73,765.81,765.81,40.314
1790797860000,765.82,765.82,765.0,765.42,95.583
1790797920000,765.43,765.78,765.33,765.37,45.636
1790797980000,765.37,765.94,765.29,765.29,89.586
1790798040000,765.28,765.48,764.79,764.84,108.284
1790798100000,764.84,765.66,764.63,765.66,27.93
1790798160000,765.66,765.7,765.16,765.44,25.458
1790798220000,765.43,765.44,765.25,765.43,6.275
1790798280000,765.44,765.44,765.01,765.25,17.035
1790798340000,765.26,765.6,765.25,765.36,79.028
1790798400000,765.39,765.89,765.39,765.74,128.924
1790798460000,765.75,765.75,764.81,765.17,29.184
1790798520000,765.17,765.44,764.79,764.89,20.885
1790798580000,764.9,765.13,764.8,765.1,20.431
1790798640000,765.1,765.2,764.81,765.12,23.117
1790798700000,765.13,765.39,765.03,765.19,10.805
1790798760000,765.19,765.33,764.62,765.33,116.373
1790798820000,765.32,765.5,765.15,765.44,32.592
1790798880000,765.44,765.44,765.22,765.29,8.331
1790798940000,765.29,765.43,765.28,765.41,13.631
1790799000000,765.41,765.69,765.4,765.69,17.361
1790799060000,765.7,765.97,765.51,765.52,55.903
1790799120000,765.51,765.68,765.51,765.67,5.443
1790799180000,765.68,766.0,765.65,766.0,15.725
1790799240000,766.0,766.55,765.99,766.41,24.181
1790799300000,766.41,766.66,766.33,766.64,24.984
1790799360000,766.65,766.65,766.15,766.4,9.651
1790799420000,766.4,766.5,766.25,766.26,5.808
1790799480000,766.27,766.41,766.2,766.41,22.605
1790799540000,766.42,766.75,766.42,766.75,22.346
1790799600000,766.76,767.0,766.76,766.8,4.738
1790799660000,766.79,767.0,766.77,767.0,11.498
1790799720000,767.0,767.44,767.0,767.44,38.606
1790799780000,767.44,767.62,767.44,767.49,71.144
1790799840000,767.49,767.49,767.29,767.3,14.685
1790799900000,767.3,767.63,767.3,767.63,23.935
1790799960000,767.63,767.81,767.62,767.81,24.129
1790800020000,767.82,768.18,767.82,768.17,71.666
1790800080000,768.17,768.2,768.06,768.19,60.075
1790800140000,768.19,768.35,768.0,768.0,27.292
1790800200000,768.0,768.03,767.62,767.71,114.896
1790800260000,767.71,767.71,767.4,767.41,5.045
1790800320000,767.42,767.42,767.19,767.21,10.219
1790800380000,767.21,767.4,767.06,767.24,24.244
1790800440000,767.23,767.43,767.11,767.29,13.559
1790800500000,767.3,767.64,767.3,767.35,17.333
1790800560000,767.35,767.39,767.11,767.23,23.315
1790800620000,767.21,767.5,766.99,767.45,8.479
1790800680000,767.45,767.48,767.26,767.27,26.856
1790800740000,767.26,767.62,767.21,767.61,13.35
1790800800000,767.61,767.64,767.45,767.46,15.092
1790800860000,767.46,767.58,767.35,767.58,34.583
1790800920000,767.58,767.58,766.99,766.99,5.565
1790800980000,766.99,767.31,766.99,767.31,4.864
1790801040000,767.31,767.31,767.19,767.2,8.68
1790801100000,767.2,767.55,767.19,767.55,8.101
1790801160000,767.55,767.55,767.15,767.15,12.435
1790801220000,767.14,767.46,767.14,767.46,5.733
1790801280000,767.45,767.46,767.22,767.22,19.437
1790801340000,767.23,767.32,766.97,767.32,7.826
1790801400000,767.31,767.32,766.95,767.05,7.246
1790801460000,767.06,767.28,767.03,767.28,16.163
1790801520000,767.27,767.52,767.27,767.52,28.315
1790801580000,767.52,767.6,767.51,767.59,13.977
1790801640000,767.59,767.59,767.39,767.4,20.288
1790801700000,767.4,767.4,766.93,766.93,31.546
1790801760000,766.92,766.92,766.75,766.91,18.839
1790801820000,766.91,767.05,766.91,767.02,15.554
1790801880000,767.02,767.4,767.01,767.28,36.272
1790801940000,767.28,767.65,767.26,767.63,21.468
1790802000000,767.64,768.0,767.64,768.0,44.696
1790802060000,767.99,768.18,767.99,768.04,20.097
1790802120000,768.04,768.04,767.64,767.85,26.81
1790802180000,767.87,768.35,767.87,768.27,18.995
1790802240000,768.26,768.36,768.23,768.32,39.515
1790802300000,768.31,768.31,768.0,768.01,16.912
1790802360000,768.01,768.15,767.92,768.05,25.297
1790802420000,768.05,768.05,767.6,767.69,28.746
1790802480000,767.69,767.69,767.49,767.68,25.255
1790802540000,767.68,767.77,767.51,767.52,16.178
1790802600000,767.52,767.96,767.52,767.73,56.296
1790802660000,767.72,767.95,767.62,767.95,20.275
1790802720000,767.95,768.13,767.95,768.1,87.07
1790802780000,768.11,768.11,767.66,767.66,44.776
1790802840000,767.67,767.84,767.63,767.83,30.835
1790802900000,767.83,767.83,767.61,767.61,23.748
1790802960000,767.6,767.96,767.6,767.89,90.74
1790803020000,767.89,768.25,767.89,768.25,18.982
1790803080000,768.25,768.4,768.25,768.28,25.804
1790803140000,768.27,768.42,767.97,768.17,40.052
1790803200000,768.17,768.17,768.0,768.12,24.516
1790803260000,768.14,768.14,768.02,768.02,18.421
1790803320000,768.02,768.24,768.0,768.24,14.882
1790803380000,768.24,768.27,767.98,767.99,30.207
1790803440000,767.99,767.99,767.23,767.24,36.52
1790803500000,767.24,767.24,767.04,767.05,23.463
1790803560000,767.05,767.42,767.05,767.41,18.717
1790803620000,767.42,767.51,767.42,767.51,6.639
1790803680000,767.5,767.51,767.34,767.45,11.366
1790803740000,767.46,767.62,767.46,767.46,27.148
1790803800000,767.46,767.56,767.38,767.4,8.062
1790803860000,767.4,767.4,767.06,767.26,51.198
1790803920000,767.27,767.37,767.26,767.31,2.327
1790803980000,767.31,767.92,767.3,767.92,15.824
1790804040000,767.92,767.98,767.92,767.97,18.79
1790804100000,767.97,767.98,767.97,767.98,2.903
1790804160000,767.97,767.98,767.97,767.98,1.787
1790804220000,767.98,767.98,767.96,767.97,16.134
1790804280000,767.98,768.21,767.98,768.21,7.198
1790804340000,768.21,768.21,767.62,767.62,23.916
1790804400000,767.62,767.72,767.52,767.72,17.975
1790804460000,767.72,767.72,767.67,767.67,5.258
1790804520000,767.68,767.68,767.67,767.68,5.569
1790804580000,767.68,767.94,767.67,767.73,20.788
1790804640000,767.73,767.73,767.61,767.61,9.42
1790804700000,767.61,767.62,767.6,767.61,4.199
1790804760000,767.62,767.62,767.61,767.62,6.37
1790804820000,767.61,767.71,767.61,767.69,15.197
1790804880000,767.7,767.7,767.64,767.64,5.161
1790804940000,767.64,767.64,767.58,767.58,6.421
1790805000000,767.58,767.58,767.4,767.41,13.203
1790805060000,767.41,767.41,766.97,766.99,38.851
1790805120000,766.98,767.05,766.98,767.05,4.437
1790805180000,767.05,767.17,767.04,767.17,5.644
1790805240000,767.17,767.2,767.14,767.14,19.773
1790805300000,767.14,767.14,767.11,767.11,42.526
1790805360000,767.1,767.1,766.96,766.97,11.283
1790805420000,766.97,766.97,766.96,766.96,1.887
1790805480000,766.97,766.97,766.96,766.97,1.772
1790805540000,766.96,766.96,766.8,766.87,195.382
1790805600000,766.88,767.48,766.87,767.48,90.631
1790805660000,767.48,767.48,767.31,767.32,22.235
1790805720000,767.32,767.32,766.87,766.88,10.117
1790805780000,766.88,766.88,766.71,766.71,39.7
1790805840000,766.72,766.72,766.19,766.2,47.849
1790805900000,766.2,766.2,766.09,766.1,25.203
1790805960000,766.09,766.09,765.91,765.92,26.999
1790806020000,765.92,765.92,765.61,765.89,59.144
1790806080000,765.89,765.89,765.83,765.84,11.236
1790806140000,765.84,765.85,765.79,765.79,40.21
1790806200000,765.8,765.85,765.76,765.85,37.343
1790806260000,765.85,765.87,765.82,765.83,14.859
1790806320000,765.83,766.18,765.83,766.16,56.897
1790806380000,766.16,766.18,766.15,766.18,5.254
1790806440000,766.18,766.62,766.17,766.62,28.782
1790806500000,766.62,766.62,766.58,766.62,22.211
1790806560000,766.64,766.74,766.63,766.72,18.724
1790806620000,766.71,766.94,766.71,766.94,8.721
1790806680000,766.94,767.19,766.94,767.06,8.599
1790806740000,767.06,767.09,767.05,767.09,10.909
1790806800000,767.09,767.47,767.08,767.42,9.228
1790806860000,767.41,767.41,767.36,767.4,3.694
1790806920000,767.4,767.67,767.4,767.67,20.399
1790806980000,767.67,767.69,767.66,767.67,2.813
1790807040000,767.67,767.67,767.55,767.56,41.638
1790807100000,767.56,767.57,767.51,767.57,25.414
1790807160000,767.57,767.8,767.57,767.79,13.041
1790807220000,767.8,767.88,767.77,767.88,50.033
1790807280000,767.87,767.88,767.82,767.87,20.81
1790807340000,767.88,767.96,767.88,767.96,10.701
1790807400000,767.96,768.07,767.95,768.07,26.047
1790807460000,768.07,768.28,768.07,768.28,28.147
1790807520000,768.27,768.29,768.27,768.28,27.545
1790807580000,768.28,768.37,768.27,768.36,30.254
1790807640000,768.37,768.57,768.36,768.56,31.335
1790807700000,768.55,768.68,768.55,768.68,47.322
1790807760000,768.68,768.79,768.68,768.78,19.16
1790807820000,768.79,768.79,768.7,768.7,16.796
1790807880000,768.7,768.96,768.7,768.91,71.796
1790807940000,768.9,768.91,768.9,768.91,21.877
1790808000000,768.91,768.97,768.9,768.97,18.087
1790808060000,768.97,769.0,768.96,768.99,14.701
1790808120000,769.0,769.07,768.99,769.07,25.727
1790808180000,769.07,769.07,768.99,769.0,17.801
1790808240000,768.99,769.13,768.99,769.1,28.323
1790808300000,769.1,769.16,769.09,769.11,20.965
1790808360000,769.1,769.16,769.09,769.15,11.512
1790808420000,769.16,769.18,769.16,769.18,9.645
1790808480000,769.17,769.18,768.81,768.87,39.878
1790808540000,768.87,769.18,768.86,768.95,110.118
1790808600000,768.95,769.19,768.93,768.94,23.742
1790808660000,768.93,768.94,768.76,768.89,46.176
1790808720000,768.89,769.19,768.89,769.18,16.203
1790808780000,769.18,769.18,768.95,769.01,27.162
1790808840000,769.02,769.17,769.01,769.17,10.456
1790808900000,769.18,769.6,769.18,769.24,27.801
1790808960000,769.24,769.52,769.22,769.51,15.149
1790809020000,769.52,769.61,769.43,769.45,52.888
1790809080000,769.45,769.45,769.35,769.4,13.883
1790809140000,769.39,769.42,769.31,769.36,34.107
1790809200000,769.35,769.84,769.31,769.84,36.757
1790809260000,769.84,770.18,769.83,770.01,63.227
1790809320000,770.01,770.5,770.01,770.49,45.871
1790809380000,770.49,770.81,770.29,770.76,77.724
1790809440000,770.76,770.84,770.49,770.49,25.602
1790809500000,770.5,770.68,769.92,769.93,56.621
1790809560000,769.93,770.14,769.6,769.65,14.956
1790809620000,769.66,770.05,769.26,769.69,26.592
1790809680000,769.69,769.75,769.12,769.41,66.753
1790809740000,769.42,769.75,769.4,769.75,6.213
1790809800000,769.76,769.8,769.6,769.61,23.778
1790809860000,769.61,770.13,769.6,769.82,97.364
1790809920000,769.81,770.16,769.79,770.04,34.858
1790809980000,770.03,770.65,770.03,770.58,86.813
1790810040000,770.5,770.54,770.06,770.07,54.57
1790810100000,770.07,770.32,769.83,770.0,26.957
1790810160000,770.01,770.65,769.89,770.18,112.574
1790810220000,770.18,770.19,769.88,769.88,10.479
1790810280000,769.87,770.2,769.79,770.15,92.975
1790810340000,770.16,770.43,770.13,770.4,69.333
1790810400000,770.39,770.39,770.12,770.18,24.399
1790810460000,770.18,771.01,770.18,770.45,118.339
1790810520000,770.46,770.46,770.32,770.33,22.593
1790810580000,770.32,770.51,770.32,770.39,29.361
1790810640000,770.37,770.56,770.37,770.56,38.325
1790810700000,770.56,770.57,770.36,770.36,30.977
1790810760000,770.36,770.36,770.2,770.28,17.359
1790810820000,770.29,770.32,770.21,770.21,9.572
1790810880000,770.22,770.22,769.93,769.93,34.796
1790810940000,769.93,770.04,769.93,769.99,14.283
1790811000000,769.98,770.09,769.96,770.09,19.008
1790811060000,770.09,770.12,769.78,769.78,17.197
1790811120000,769.78,769.86,769.57,769.68,12.258
1790811180000,769.69,769.76,769.35,769.59,59.381
1790811240000,769.6,770.23,769.6,770.23,45.724
1790811300000,770.23,770.36,769.95,770.35,35.019
1790811360000,770.35,770.69,770.35,770.42,26.266
1790811420000,770.39,770.75,770.38,770.74,37.485
1790811480000,770.75,770.84,770.59,770.77,22.593
1790811540000,770.75,770.75,770.56,770.56,14.318
1790811600000,770.56,770.58,770.35,770.48,16.918
1790811660000,770.48,770.65,770.48,770.57,12.978
1790811720000,770.57,770.58,770.43,770.48,44.224
1790811780000,770.49,770.6,770.44,770.53,87.968
1790811840000,770.54,770.65,770.5,770.5,16.8
1790811900000,770.51,770.51,770.32,770.37,18.751
1790811960000,770.37,770.5,770.22,770.3,26.467
1790812020000,770.3,770.36,770.11,770.12,21.516
1790812080000,770.11,770.11,769.96,770.02,21.403
1790812140000,770.03,770.12,769.99,770.0,26.399
1790812200000,770.0,770.01,768.5,768.51,424.042
1790812260000,768.51,768.81,768.21,768.66,159.681
1790812320000,768.68,768.81,768.66,768.81,38.269
1790812380000,768.8,768.9,768.74,768.81,5.761
1790812440000,768.8,768.8,768.66,768.66,16.758
1790812500000,768.65,768.65,768.54,768.54,27.583
1790812560000,768.55,768.55,768.46,768.47,9.047
1790812620000,768.47,768.54,768.32,768.54,5.768
1790812680000,768.55,769.09,768.55,769.09,26.78
1790812740000,769.08,769.28,768.86,769.27,35.356
1790812800000,769.28,769.55,769.15,769.15,206.016
1790812860000,769.15,769.16,768.87,768.87,37.51
1790812920000,768.87,768.88,768.55,768.56,80.915
1790812980000,768.55,768.75,768.48,768.75,147.052
1790813040000,768.75,768.84,768.49,768.5,24.806
1790813100000,768.52,768.66,768.45,768.46,38.298
1790813160000,768.45,768.59,768.29,768.59,46.911
1790813220000,768.59,768.95,768.59,768.95,11.347
1790813280000,768.95,769.16,768.95,769.16,49.285
1790813340000,769.15,769.15,768.51,768.51,33.553
1790813400000,768.52,768.74,768.51,768.66,33.982
1790813460000,768.65,768.95,768.49,768.95,31.138
1790813520000,768.96,769.44,768.96,769.28,108.872
1790813580000,769.27,769.28,768.65,768.77,223.674
1790813640000,768.77,768.87,768.45,768.45,18.89
1790813700000,768.45,768.55,768.27,768.3,28.082
1790813760000,768.28,768.56,768.05,768.05,137.176
1790813820000,768.05,768.4,767.97,767.98,75.82
1790813880000,767.98,768.08,767.8,767.8,51.983
1790813940000,767.8,767.9,767.72,767.9,13.849
1790814000000,767.91,768.05,767.46,767.95,214.143
1790814060000,767.96,768.13,767.96,768.12,10.993
1790814120000,768.13,768.39,768.13,768.36,43.355
1790814180000,768.36,768.39,767.96,767.96,40.607
1790814240000,767.96,768.58,767.95,768.52,76.462
1790814300000,768.51,768.79,768.46,768.79,20.947
1790814360000,768.79,768.92,768.24,768.56,211.255
1790814420000,768.56,768.84,768.56,768.83,23.7
1790814480000,768.84,768.84,768.65,768.79,21.923
1790814540000,768.8,768.97,768.71,768.72,18.966
1790814600000,768.72,768.72,768.09,768.61,29.395
1790814660000,768.61,769.19,768.54,769.19,31.246
1790814720000,769.18,769.31,769.18,769.27,8.374
1790814780000,769.26,769.26,769.11,769.12,4.8
1790814840000,769.11,769.48,769.11,769.2,69.736
1790814900000,769.18,769.24,769.11,769.24,4.454
1790814960000,769.24,769.64,769.24,769.64,20.659
1790815020000,769.65,769.88,769.52,769.53,78.615
1790815080000,769.52,769.53,769.1,769.43,17.088
1790815140000,769.44,769.94,769.43,769.79,124.686
1790815200000,769.79,769.93,769.65,769.91,32.549
1790815260000,769.91,770.0,769.56,769.56,15.89
1790815320000,769.55,769.66,769.36,769.66,19.398
1790815380000,769.65,769.8,769.53,769.8,17.798
1790815440000,769.8,770.13,769.8,770.12,36.202
1790815500000,770.11,770.29,769.88,769.88,22.327
1790815560000,769.88,769.89,769.65,769.65,34.025
1790815620000,769.65,769.69,769.4,769.49,40.33
1790815680000,769.49,769.69,769.49,769.68,19.884
1790815740000,769.68,769.76,769.67,769.68,4.458
1790815800000,769.68,769.8,769.28,769.28,147.567
1790815860000,769.29,769.69,769.12,769.69,75.526
1790815920000,769.69,770.13,769.69,770.13,31.957
1790815980000,770.14,770.23,769.99,769.99,25.264
1790816040000,770.0,770.12,769.89,769.99,21.626
1790816100000,769.99,770.37,769.99,770.33,44.441
1790816160000,770.32,770.53,770.32,770.52,17.158
1790816220000,770.53,770.53,770.42,770.42,32.039
1790816280000,770.42,770.52,770.31,770.51,20.989
1790816340000,770.52,770.52,770.23,770.23,25.216
1790816400000,770.23,770.39,770.07,770.38,30.242
1790816460000,770.39,770.52,770.06,770.07,45.209
1790816520000,770.07,770.94,770.07,770.71,145.226
1790816580000,770.72,770.94,770.18,770.18,91.368
1790816640000,770.18,770.72,770.13,770.4,86.971
1790816700000,770.39,770.84,770.35,770.84,56.481
1790816760000,770.85,771.18,770.85,771.08,44.434
1790816820000,771.09,771.29,771.0,771.01,58.899
1790816880000,771.01,771.1,770.64,771.1,108.993
1790816940000,771.11,771.25,770.93,771.1,16.674
1790817000000,771.1,771.11,770.85,770.86,44.506
1790817060000,770.85,770.86,770.39,770.53,46.377
1790817120000,770.52,770.52,770.17,770.45,38.784
1790817180000,770.46,770.5,770.21,770.36,29.037
1790817240000,770.36,770.43,770.1,770.1,40.659
1790817300000,770.1,770.1,769.46,770.1,91.975
1790817360000,770.11,770.22,769.84,769.94,28.421
1790817420000,769.93,770.69,769.93,770.53,46.164
1790817480000,770.54,770.69,770.31,770.46,31.306
1790817540000,770.46,770.61,770.23,770.23,38.137
1790817600000,770.23,770.51,770.19,770.51,108.799
1790817660000,770.51,770.51,770.25,770.31,42.155
1790817720000,770.31,770.37,770.16,770.31,19.115
1790817780000,770.31,770.61,770.3,770.6,17.081
1790817840000,770.61,770.77,770.58,770.65,35.756
1790817900000,770.66,770.75,770.3,770.3,49.819
1790817960000,770.43,770.63,770.42,770.61,40.796
1790818020000,770.61,770.62,770.0,770.01,81.013
1790818080000,770.0,770.0,769.8,769.87,33.674
1790818140000,769.86,769.87,769.7,769.71,28.269
1790818200000,769.71,769.71,769.35,769.52,102.735
1790818260000,769.52,769.52,769.04,769.23,35.604
1790818320000,769.23,769.87,769.22,769.7,40.076
1790818380000,769.71,769.76,769.41,769.62,106.158
1790818440000,769.64,770.14,769.63,769.81,87.731
1790818500000,769.81,770.0,769.48,769.71,11.484
1790818560000,769.72,769.72,769.24,769.24,37.36
1790818620000,769.24,769.24,769.0,769.15,33.831
1790818680000,769.15,769.38,769.0,769.38,31.633
1790818740000,769.39,769.39,769.14,769.24,25.76
1790818800000,769.25,769.44,769.25,769.29,34.736
1790818860000,769.29,769.35,768.85,768.86,28.997
1790818920000,768.86,769.48,768.86,769.48,27.454
1790818980000,769.49,769.61,769.4,769.4,26.427
1790819040000,769.4,769.4,769.19,769.37,15.801
1790819100000,769.37,769.63,769.37,769.49,12.799
1790819160000,769.49,769.49,769.27,769.27,15.961
1790819220000,769.28,769.36,769.23,769.24,37.292
1790819280000,769.24,769.24,769.23,769.23,7.413
1790819340000,769.24,769.24,768.8,768.82,80.634
1790819400000,768.82,769.72,768.82,769.72,26.516
1790819460000,769.72,769.96,769.57,769.96,32.138
1790819520000,769.96,769.98,769.4,769.4,143.765
1790819580000,769.39,769.5,769.2,769.46,27.071
1790819640000,769.44,769.44,769.24,769.39,41.036
1790819700000,769.38,769.57,769.19,769.57,9.384
1790819760000,769.58,769.9,769.57,769.72,40.438
1790819820000,769.71,769.71,769.25,769.25,17.464
1790819880000,769.26,769.31,769.2,769.21,49.046
1790819940000,769.21,769.21,769.0,769.01,50.89
1790820000000,769.01,769.53,769.0,769.36,38.01
1790820060000,769.36,769.36,768.82,768.82,21.024
1790820120000,768.82,768.82,768.41,768.51,129.887
1790820180000,768.51,768.58,768.33,768.34,31.886
1790820240000,768.33,768.33,767.85,768.12,74.931
1790820300000,768.12,768.47,768.1,768.36,44.134
1790820360000,768.35,768.53,768.09,768.35,59.014
1790820420000,768.34,768.34,767.68,768.03,38.51
1790820480000,768.03,768.84,768.03,768.83,44.488
1790820540000,768.84,768.98,768.68,768.91,94.787
1790820600000,768.9,769.16,768.81,769.12,42.215
1790820660000,769.11,769.15,768.95,769.1,12.107
1790820720000,769.1,769.2,768.79,768.8,12.061
1790820780000,768.79,769.0,768.62,768.62,39.766
1790820840000,768.62,768.62,768.26,768.26,30.652
1790820900000,768.26,768.26,768.07,768.09,93.894
1790820960000,768.1,768.3,768.0,768.0,86.202
1790821020000,768.0,768.31,768.0,768.18,60.351
1790821080000,768.17,768.17,767.55,767.56,141.365
1790821140000,767.56,767.64,767.41,767.62,108.946
1790821200000,767.63,767.65,766.98,767.16,110.905
1790821260000,767.16,767.25,766.73,766.73,91.692
1790821320000,766.73,767.62,766.73,766.97,71.925
1790821380000,766.97,767.38,766.95,767.28,100.79
1790821440000,767.27,767.54,767.17,767.17,29.599
1790821500000,767.16,767.16,766.8,766.84,96.546
1790821560000,766.84,767.1,766.84,766.92,83.088
1790821620000,766.93,766.93,766.75,766.75,26.402
1790821680000,766.76,767.27,766.75,767.27,79.979
1790821740000,767.28,767.67,767.28,767.67,15.485
1790821800000,767.67,768.44,767.66,768.19,41.659
1790821860000,768.19,768.2,767.88,768.06,34.005
1790821920000,768.06,768.5,768.02,768.46,11.737
1790821980000,768.47,768.59,768.35,768.35,22.742
1790822040000,768.35,768.48,768.28,768.42,13.828
1790822100000,768.43,768.65,768.43,768.5,30.695
1790822160000,768.49,768.5,767.95,768.09,21.167
1790822220000,768.08,768.08,767.65,767.69,47.628
1790822280000,767.69,767.69,767.16,767.18,50.352
1790822340000,767.18,767.27,767.05,767.27,35.15
1790822400000,767.27,767.73,767.27,767.72,40.282
1790822460000,767.73,767.95,767.73,767.75,43.718
1790822520000,767.76,768.12,767.75,767.97,13.909
1790822580000,767.96,767.98,767.84,767.87,19.942
1790822640000,767.88,768.0,767.84,767.92,22.888
1790822700000,767.91,767.91,767.75,767.76,14.931
1790822760000,767.76,767.76,767.6,767.61,11.908
1790822820000,767.6,767.61,767.43,767.43,6.355
1790822880000,767.43,767.66,767.37,767.38,29.088
1790822940000,767.38,767.62,767.37,767.61,9.535
1790823000000,767.61,767.88,767.55,767.78,18.245
1790823060000,767.78,767.88,767.67,767.83,24.387
1790823120000,767.8,768.26,767.79,768.17,7.307
1790823180000,768.17,768.64,768.17,768.59,23.378
1790823240000,768.6,768.73,768.6,768.65,7.499
1790823300000,768.64,768.72,768.64,768.65,12.415
1790823360000,768.64,768.85,768.64,768.85,14.639
1790823420000,768.84,769.0,768.84,768.96,75.879
1790823480000,768.93,768.93,768.63,768.63,15.763
1790823540000,768.64,768.66,768.51,768.52,67.873
1790823600000,768.52,768.91,768.46,768.91,44.284
1790823660000,768.91,769.0,768.9,769.0,7.196
1790823720000,769.0,769.17,768.96,768.99,80.785
1790823780000,768.99,769.05,768.6,768.61,30.198
1790823840000,768.6,768.6,767.88,767.89,41.906
1790823900000,767.89,768.05,767.88,767.95,7.06
1790823960000,767.95,767.95,767.28,767.28,19.923
1790824020000,767.28,767.87,767.28,767.76,79.789
1790824080000,767.75,768.05,767.7,767.82,39.804
1790824140000,767.78,767.85,767.62,767.63,23.245
1790824200000,767.63,767.85,767.63,767.82,7.807
1790824260000,767.81,768.05,767.81,767.94,10.949
1790824320000,767.94,767.94,767.65,767.65,13.203
1790824380000,767.64,767.64,767.31,767.39,25.42
1790824440000,767.39,767.55,767.38,767.54,31.26
1790824500000,767.52,767.75,767.51,767.69,122.405
1790824560000,767.69,768.0,767.63,767.99,13.374
1790824620000,767.99,768.03,767.54,767.54,29.68
1790824680000,767.54,767.54,767.3,767.31,75.415
1790824740000,767.3,767.53,767.3,767.32,34.938
1790824800000,767.32,767.32,767.0,767.0,19.778
1790824860000,767.01,767.05,766.95,766.96,31.0
1790824920000,766.95,767.13,766.95,767.13,15.314
1790824980000,767.12,767.33,767.12,767.31,12.137
1790825040000,767.31,767.31,767.04,767.09,10.54
1790825100000,767.1,767.24,767.08,767.24,20.424
1790825160000,767.25,767.59,767.25,767.59,26.575
1790825220000,767.6,767.78,767.47,767.55,33.376
1790825280000,767.56,767.65,767.46,767.46,19.739
1790825340000,767.47,767.95,767.47,767.94,34.407
1790825400000,767.95,768.0,767.6,767.6,23.06
1790825460000,767.59,767.68,767.42,767.52,20.631
1790825520000,767.52,767.72,767.52,767.71,21.361
1790825580000,767.71,768.0,767.71,768.0,133.263
1790825640000,768.0,768.0,767.77,767.88,37.49
1790825700000,767.87,767.88,767.86,767.88,29.157
1790825760000,767.88,768.37,767.88,768.37,64.584
1790825820000,768.36,768.71,768.36,768.53,29.617
1790825880000,768.53,768.63,768.53,768.57,8.864
1790825940000,768.57,768.93,768.57,768.88,60.107
1790826000000,768.89,768.91,768.7,768.71,32.487
1790826060000,768.7,768.96,768.7,768.95,34.532
1790826120000,768.96,769.31,768.95,769.31,34.642
1790826180000,769.32,769.44,769.32,769.42,13.851
1790826240000,769.42,769.42,769.1,769.11,13.234
1790826300000,769.11,769.31,768.89,768.89,21.038
1790826360000,768.9,769.02,768.8,768.85,32.607
1790826420000,768.86,768.96,768.7,768.7,22.384
1790826480000,768.7,768.71,768.58,768.59,51.981
1790826540000,768.59,768.76,768.58,768.64,48.165
1790826600000,768.64,769.18,768.58,769.18,36.058
1790826660000,769.18,769.4,769.03,769.13,83.898
1790826720000,769.13,769.38,769.07,769.27,31.312
1790826780000,769.27,769.34,769.2,769.24,9.71
1790826840000,769.24,769.25,768.97,769.25,37.664
1790826900000,769.25,769.34,768.9,769.06,73.994
1790826960000,769.06,769.29,769.05,769.29,46.606
1790827020000,769.29,769.44,769.25,769.42,26.688
1790827080000,769.42,769.61,769.42,769.54,39.484
1790827140000,769.54,769.54,769.47,769.53,29.518
1790827200000,769.53,769.74,769.53,769.67,27.793
1790827260000,769.67,769.83,769.66,769.75,72.704
1790827320000,769.74,769.75,769.42,769.42,63.393
1790827380000,769.42,769.42,769.21,769.21,6.974
1790827440000,769.21,769.3,769.09,769.26,20.693
1790827500000,769.26,769.32,769.22,769.23,31.458
1790827560000,769.24,769.5,769.23,769.47,35.215
1790827620000,769.46,769.48,769.23,769.23,133.626
1790827680000,769.24,769.24,769.02,769.08,31.949
1790827740000,769.08,769.72,769.08,769.72,84.371
1790827800000,769.73,769.85,769.53,769.54,13.857
1790827860000,769.54,769.91,769.46,769.69,10.145
1790827920000,769.7,769.72,769.58,769.6,39.745
1790827980000,769.6,769.81,769.6,769.7,54.88
1790828040000,769.71,769.75,769.71,769.75,18.863
1790828100000,769.74,769.74,769.4,769.44,21.633
1790828160000,769.44,769.68,769.39,769.39,7.261
1790828220000,769.4,769.4,768.85,769.0,76.313
1790828280000,769.0,769.08,768.8,768.85,19.168
1790828340000,768.85,768.86,768.5,768.51,102.366
1790828400000,768.51,768.61,768.32,768.53,46.797
1790828460000,768.54,768.65,768.47,768.63,11.667
1790828520000,768.63,768.95,768.62,768.88,10.526
1790828580000,768.88,768.98,768.88,768.92,23.022
1790828640000,768.92,769.09,768.84,769.04,52.739
1790828700000,769.04,769.05,769.0,769.0,66.572
1790828760000,769.01,769.11,769.0,769.11,7.065
1790828820000,769.11,769.36,769.11,769.36,16.456
1790828880000,769.35,769.35,769.1,769.1,22.762
1790828940000,769.1,769.1,768.97,769.09,19.156
1790829000000,769.1,769.21,769.09,769.16,29.259
1790829060000,769.15,769.16,768.78,768.78,56.352
1790829120000,768.78,768.78,768.16,768.17,64.719
1790829180000,768.17,768.17,768.02,768.11,19.855
1790829240000,768.12,768.17,768.09,768.17,13.847
1790829300000,768.16,768.32,768.0,768.01,47.397
1790829360000,768.0,768.25,768.0,768.25,53.048
1790829420000,768.24,768.57,768.11,768.11,141.444
1790829480000,768.11,768.36,768.11,768.36,30.516
1790829540000,768.36,768.59,768.34,768.35,31.197
1790829600000,768.34,768.53,768.21,768.42,43.663
1790829660000,768.41,768.53,768.41,768.41,4.218
1790829720000,768.42,768.42,768.41,768.42,11.207
1790829780000,768.41,768.63,768.41,768.45,68.117
1790829840000,768.44,768.52,768.44,768.52,3.931
1790829900000,768.53,768.71,768.53,768.64,40.23
1790829960000,768.64,770.4,768.64,770.4,121.866
1790830020000,770.38,770.39,769.47,769.52,52.234
1790830080000,769.52,770.09,769.51,770.09,98.67
1790830140000,770.09,770.31,769.96,770.14,73.635
1790830200000,770.14,770.3,769.98,770.17,90.588
1790830260000,770.17,770.4,770.11,770.27,30.181
1790830320000,770.27,770.76,770.27,770.73,43.479
1790830380000,770.72,770.72,769.84,769.84,49.957
1790830440000,769.85,770.06,769.84,770.0,50.277
1790830500000,770.0,770.13,769.63,769.8,42.063
1790830560000,769.79,769.8,769.46,769.46,10.145
1790830620000,769.45,769.46,769.31,769.32,11.509
1790830680000,769.32,769.41,769.18,769.41,18.824
1790830740000,769.41,769.65,769.4,769.62,12.986
1790830800000,769.64,769.92,769.5,769.92,29.109
1790830860000,769.92,770.08,769.64,769.65,10.845
1790830920000,769.65,769.65,769.26,769.37,15.953
1790830980000,769.38,769.84,769.38,769.84,16.024
1790831040000,769.84,770.08,769.83,770.05,18.28
1790831100000,770.06,770.37,770.06,770.18,21.795
1790831160000,770.18,770.58,769.87,770.46,37.584
1790831220000,770.45,770.45,769.76,769.93,37.651
1790831280000,769.92,770.06,769.84,769.96,20.998
1790831340000,769.97,770.49,769.96,770.48,116.051
1790831400000,770.49,770.49,770.19,770.3,59.073
1790831460000,770.29,770.6,770.29,770.52,52.466
1790831520000,770.55,770.57,770.28,770.28,23.386
1790831580000,770.28,770.35,770.15,770.16,43.236
1790831640000,770.16,770.35,770.15,770.23,17.181
1790831700000,770.23,770.52,770.16,770.41,59.232
1790831760000,770.41,770.41,770.23,770.27,32.36
1790831820000,770.26,770.43,770.24,770.28,34.549
1790831880000,770.29,770.32,770.14,770.23,27.529
1790831940000,770.24,770.62,770.24,770.62,30.878
1790832000000,770.63,770.63,770.53,770.62,17.19
1790832060000,770.63,770.88,770.62,770.84,56.595
1790832120000,770.84,771.0,770.83,770.94,40.864
1790832180000,770.94,770.94,770.63,770.63,32.091
1790832240000,770.64,770.72,770.63,770.64,19.062
1790832300000,770.65,770.77,770.64,770.64,17.698
1790832360000,770.64,770.65,770.47,770.56,40.681
1790832420000,770.56,770.63,770.5,770.52,16.506
1790832480000,770.52,770.61,770.52,770.59,41.278
1790832540000,770.59,770.65,770.52,770.61,34.792
1790832600000,770.6,770.64,770.45,770.45,11.291
1790832660000,770.46,770.5,770.43,770.48,15.699
1790832720000,770.49,770.57,770.49,770.51,31.538
1790832780000,770.51,770.56,770.37,770.56,35.666
1790832840000,770.55,770.83,770.55,770.83,157.162
1790832900000,770.84,770.96,770.79,770.95,36.853
1790832960000,770.95,771.0,770.68,770.86,188.694
1790833020000,770.85,771.42,770.81,771.31,140.854
1790833080000,771.31,771.4,771.26,771.4,20.61
1790833140000,771.4,771.52,771.27,771.27,35.404
1790833200000,771.28,771.34,771.27,771.3,30.38
1790833260000,771.31,771.31,771.15,771.16,24.088
1790833320000,771.15,771.16,770.93,770.96,18.612
1790833380000,770.96,770.99,770.9,770.9,28.645
1790833440000,770.9,770.91,770.73,770.73,24.158
1790833500000,770.73,770.75,770.73,770.75,27.768
1790833560000,770.75,770.88,770.75,770.88,11.691
1790833620000,770.88,770.88,770.83,770.84,19.374
1790833680000,770.85,771.15,770.84,771.14,53.545
1790833740000,771.15,771.5,771.14,771.5,35.162
1790833800000,771.49,771.74,771.49,771.6,43.589
1790833860000,771.61,771.74,771.59,771.74,14.335
1790833920000,771.73,771.74,771.62,771.63,13.785
1790833980000,771.63,771.75,771.56,771.75,11.479
1790834040000,771.76,771.99,771.75,771.92,28.861
1790834100000,771.92,771.92,771.7,771.71,23.088
1790834160000,771.71,771.82,771.71,771.72,34.267
1790834220000,771.71,771.72,771.68,771.72,50.476
1790834280000,771.72,771.84,771.72,771.84,31.864
1790834340000,771.84,771.97,771.78,771.97,44.445
1790834400000,771.98,772.02,771.97,772.02,41.12
1790834460000,772.01,772.02,771.68,771.68,33.135
1790834520000,771.69,771.84,771.64,771.71,30.681
1790834580000,771.7,771.81,771.67,771.68,42.102
1790834640000,771.67,771.82,771.66,771.82,46.27
1790834700000,771.84,771.89,771.75,771.75,35.03
1790834760000,771.76,771.76,771.43,771.43,25.37
1790834820000,771.43,771.43,771.31,771.4,37.217
1790834880000,771.39,771.4,771.31,771.31,41.179
1790834940000,771.32,771.45,771.32,771.45,23.974
1790835000000,771.44,771.62,771.44,771.61,37.549
1790835060000,771.61,771.84,771.61,771.74,61.73
1790835120000,771.75,771.96,771.63,771.94,47.052
1790835180000,771.94,772.03,771.92,771.99,24.222
1790835240000,771.98,772.02,771.82,771.87,11.139
1790835300000,771.88,771.88,771.76,771.78,39.338
1790835360000,771.78,771.95,771.78,771.79,97.414
1790835420000,771.8,771.97,771.63,771.64,31.721
1790835480000,771.63,771.66,771.48,771.56,32.817
1790835540000,771.57,771.57,771.37,771.37,12.807
1790835600000,771.38,771.38,771.27,771.28,26.726
1790835660000,771.27,771.37,771.23,771.36,19.982
1790835720000,771.37,771.72,771.37,771.59,19.779
1790835780000,771.6,771.74,771.45,771.66,25.093
1790835840000,771.67,772.04,771.67,772.03,24.352
1790835900000,772.04,772.2,771.99,772.19,29.179
1790835960000,772.19,772.41,772.19,772.2,65.991
1790836020000,772.2,772.28,772.19,772.28,60.291
1790836080000,772.28,772.5,772.27,772.49,61.958
1790836140000,772.5,772.5,772.35,772.44,65.218
1790836200000,772.45,772.5,772.26,772.27,38.033
1790836260000,772.28,772.3,771.83,771.83,35.783
1790836320000,771.84,771.89,770.84,770.85,106.756
1790836380000,770.85,771.31,770.81,771.16,37.283
1790836440000,771.16,771.31,771.08,771.16,35.055
1790836500000,771.17,771.78,771.16,771.59,26.968
1790836560000,771.59,771.59,771.12,771.12,14.827
1790836620000,771.12,771.15,771.04,771.07,50.706
1790836680000,771.07,771.26,771.05,771.21,29.622
1790836740000,771.21,771.21,770.76,770.77,54.497
1790836800000,770.77,771.07,770.76,770.89,44.444
1790836860000,770.9,770.9,770.63,770.78,185.502
1790836920000,770.78,770.94,770.64,770.92,70.266
1790836980000,770.93,771.05,770.92,771.05,28.087
1790837040000,771.04,771.34,770.95,771.23,23.967
1790837100000,771.2,771.34,771.13,771.17,58.789
1790837160000,771.18,771.38,771.17,771.3,117.646
1790837220000,771.31,771.47,771.3,771.45,91.184
1790837280000,771.45,771.5,771.33,771.33,68.112
1790837340000,771.33,771.33,770.88,770.93,54.236
1790837400000,770.93,771.01,770.83,770.87,75.758
1790837460000,770.87,771.45,770.87,771.44,46.377
1790837520000,771.45,771.6,771.31,771.42,46.484
1790837580000,771.43,771.51,771.42,771.43,40.658
1790837640000,771.44,771.44,771.32,771.32,52.386
1790837700000,771.32,771.33,770.98,770.98,86.162
1790837760000,770.98,770.98,770.84,770.93,50.618
1790837820000,770.93,770.99,770.81,770.98,69.793
1790837880000,770.99,770.99,770.89,770.9,31.296
1790837940000,770.9,770.9,770.7,770.7,53.641
1790838000000,770.71,770.82,770.64,770.76,66.376
1790838060000,770.76,770.76,770.22,770.22,63.252
1790838120000,770.22,770.22,770.04,770.14,46.816
1790838180000,770.14,770.17,770.09,770.17,30.217
1790838240000,770.17,770.58,770.17,770.57,71.279
1790838300000,770.58,770.86,770.43,770.84,63.369
1790838360000,770.84,770.85,770.48,770.62,52.573
1790838420000,770.63,770.76,770.55,770.68,139.249
1790838480000,770.69,771.09,770.68,771.08,38.212
1790838540000,771.08,771.57,771.07,771.51,46.282
1790838600000,771.51,771.72,771.44,771.47,30.645
1790838660000,771.48,771.48,770.76,770.76,62.186
1790838720000,770.77,771.07,770.76,770.91,137.591
1790838780000,770.91,770.91,770.46,770.46,72.924
1790838840000,770.46,770.46,770.22,770.22,59.92
1790838900000,770.22,770.28,770.0,770.2,56.858
1790838960000,770.2,770.4,770.12,770.26,45.865
1790839020000,770.27,770.27,769.2,769.2,305.385
1790839080000,769.19,769.81,769.11,769.41,77.092
1790839140000,769.4,769.4,768.7,768.74,69.878
1790839200000,768.74,768.74,767.14,767.15,225.719
1790839260000,767.14,767.14,766.0,766.44,502.588
1790839320000,766.44,766.83,766.02,766.5,140.291
1790839380000,766.5,766.82,766.28,766.58,88.509
1790839440000,766.57,766.57,765.26,765.38,418.185
1790839500000,765.39,765.83,765.01,765.01,123.192
1790839560000,765.01,765.04,764.0,764.45,502.351
1790839620000,764.46,764.47,764.05,764.3,125.804
1790839680000,764.3,764.45,763.85,763.89,297.064
1790839740000,763.89,764.23,763.69,764.18,241.326
1790839800000,764.18,765.23,764.1,765.22,67.269
1790839860000,765.23,765.6,765.0,765.57,127.326
1790839920000,765.58,766.06,765.54,766.06,87.577
1790839980000,766.05,766.65,766.05,766.65,82.363
1790840040000,766.66,766.81,766.31,766.81,69.102
1790840100000,766.81,766.91,766.18,766.18,85.776
1790840160000,766.17,766.23,765.44,766.2,76.441
1790840220000,766.21,766.33,765.82,765.84,50.737
1790840280000,765.84,766.03,765.56,765.67,109.132
1790840340000,765.67,765.83,765.28,765.28,66.18
1790840400000,765.28,765.29,764.31,764.32,206.679
1790840460000,764.31,765.55,764.21,765.26,135.144
1790840520000,765.27,765.34,764.9,765.18,104.676
1790840580000,765.18,765.54,765.11,765.32,21.505
1790840640000,765.32,765.65,764.97,765.15,99.667
1790840700000,765.15,765.51,764.74,765.5,70.741
1790840760000,765.49,765.82,765.19,765.8,76.518
1790840820000,765.81,765.9,765.53,765.9,54.553
1790840880000,765.89,766.2,765.24,765.46,76.778
1790840940000,765.46,765.46,764.99,765.0,45.141
1790841000000,765.0,765.49,764.94,765.33,73.106
1790841060000,765.33,765.79,765.33,765.37,36.686
1790841120000,765.37,765.38,764.93,764.94,59.376
1790841180000,764.94,765.13,764.84,765.0,65.9
1790841240000,765.0,765.04,764.73,764.74,32.473
1790841300000,764.74,765.06,764.69,765.06,45.358
1790841360000,765.07,765.2,764.85,764.91,66.981
1790841420000,764.91,764.91,763.74,763.74,63.535
1790841480000,763.74,764.02,763.02,764.01,196.142
1790841540000,764.02,764.02,763.72,763.72,30.071
1790841600000,763.73,764.59,763.73,764.23,91.87
1790841660000,764.23,764.4,763.9,764.08,59.549
1790841720000,764.08,764.68,763.89,764.63,176.994
1790841780000,764.64,765.36,764.63,765.18,46.748
1790841840000,765.17,765.19,764.9,765.15,31.706
1790841900000,765.15,765.15,764.29,764.3,143.056
1790841960000,764.3,764.64,764.03,764.58,101.658
1790842020000,764.58,764.83,764.57,764.77,29.997
1790842080000,764.78,764.78,763.93,763.93,41.558
1790842140000,763.93,764.19,763.54,764.19,70.751
1790842200000,764.19,764.64,764.01,764.64,38.723
1790842260000,764.63,764.64,764.13,764.23,23.158
1790842320000,764.23,764.46,763.91,764.24,64.715
1790842380000,764.23,764.44,764.16,764.17,32.782
1790842440000,764.17,764.34,764.05,764.3,34.45
1790842500000,764.3,764.52,764.16,764.42,26.082
1790842560000,764.43,764.88,764.3,764.79,49.659
1790842620000,764.78,764.88,764.25,764.88,40.771
1790842680000,764.87,765.37,764.87,765.06,68.996
1790842740000,765.06,765.06,764.61,764.63,25.904
1790842800000,764.62,764.65,764.38,764.39,36.969
1790842860000,764.39,764.84,764.38,764.7,34.239
1790842920000,764.71,765.33,764.71,765.21,73.056
1790842980000,765.21,765.4,765.02,765.36,36.73
1790843040000,765.38,765.54,765.27,765.28,29.267
1790843100000,765.27,765.7,765.27,765.7,80.363
1790843160000,765.69,765.96,765.69,765.96,34.866
1790843220000,765.97,766.0,765.87,765.88,22.569
1790843280000,765.88,765.94,765.45,765.53,30.85
1790843340000,765.53,765.67,765.47,765.47,33.854
1790843400000,765.46,765.46,764.52,764.97,178.363
1790843460000,764.97,765.28,764.54,764.54,41.313
1790843520000,764.51,764.55,763.73,763.73,140.477
1790843580000,763.74,764.58,763.45,764.55,36.504
1790843640000,764.55,764.55,764.02,764.16,50.183
1790843700000,764.16,764.34,763.8,764.19,16.784
1790843760000,764.18,764.97,764.13,764.65,27.584
1790843820000,764.66,765.05,764.49,764.88,200.841
1790843880000,764.85,765.11,764.66,765.11,44.251
1790843940000,765.1,765.76,765.1,765.71,38.24
1790844000000,765.72,765.9,765.43,765.6,72.644
1790844060000,765.6,765.7,765.29,765.69,81.214
1790844120000,765.69,765.96,765.53,765.96,17.947
1790844180000,765.96,765.96,765.65,765.66,25.059
1790844240000,765.66,765.66,765.5,765.5,6.356
1790844300000,765.49,765.49,765.21,765.21,22.349
1790844360000,765.21,765.24,764.99,765.22,48.29
1790844420000,765.22,765.74,765.22,765.74,39.344
1790844480000,765.74,765.74,765.41,765.74,22.193
1790844540000,765.75,765.75,765.4,765.57,25.403
1790844600000,765.58,765.63,765.46,765.46,27.682
1790844660000,765.45,765.82,765.26,765.81,49.636
1790844720000,765.81,765.82,765.66,765.68,39.668
1790844780000,765.67,765.83,765.59,765.8,87.677
1790844840000,765.79,766.0,765.76,766.0,58.06
1790844900000,765.99,766.9,765.99,766.71,641.443
1790844960000,766.71,766.9,766.59,766.6,132.145
1790845020000,766.6,766.64,766.26,766.37,58.926
1790845080000,766.37,766.37,766.25,766.25,44.451
1790845140000,766.25,766.34,766.25,766.34,30.915
1790845200000,766.34,766.72,766.34,766.36,64.245
1790845260000,766.36,766.41,766.23,766.24,54.571
1790845320000,766.23,766.39,766.23,766.33,27.864
1790845380000,766.32,766.39,766.24,766.37,51.312
1790845440000,766.37,766.63,766.37,766.63,55.675
1790845500000,766.62,766.7,766.52,766.64,62.394
1790845560000,766.64,766.64,766.52,766.6,39.806
1790845620000,766.61,766.99,766.6,766.67,48.951
1790845680000,766.68,766.84,766.68,766.71,20.643
1790845740000,766.71,766.98,766.67,766.97,53.684
1790845800000,766.97,767.18,766.95,767.18,105.742
1790845860000,767.19,767.5,767.13,767.39,34.036
1790845920000,767.38,767.5,767.37,767.38,40.033
1790845980000,767.37,767.5,767.2,767.5,37.439
1790846040000,767.5,767.5,767.35,767.36,25.407
1790846100000,767.37,767.5,767.37,767.41,35.013
1790846160000,767.4,767.5,767.33,767.35,27.832
1790846220000,767.36,767.36,767.13,767.23,112.081
1790846280000,767.23,767.79,767.23,767.7,84.432
1790846340000,767.69,767.8,767.51,767.51,21.744
1790846400000,767.51,767.64,767.27,767.31,35.771
1790846460000,767.32,767.84,767.3,767.71,28.757
1790846520000,767.72,767.92,767.71,767.72,27.655
1790846580000,767.71,767.71,767.36,767.46,33.82
1790846640000,767.46,767.85,767.46,767.8,25.415
1790846700000,767.8,767.9,767.79,767.9,42.054
1790846760000,767.89,768.04,767.84,767.95,60.062
1790846820000,767.94,768.04,767.88,767.88,64.781
1790846880000,767.87,768.04,767.77,768.02,35.984
1790846940000,768.03,768.03,767.75,767.85,28.334
1790847000000,767.85,768.15,767.85,768.01,41.479
1790847060000,768.02,768.28,768.01,768.27,21.205
1790847120000,768.27,769.28,768.27,769.13,148.653
1790847180000,769.13,769.15,768.67,768.67,37.116
1790847240000,768.66,768.71,768.45,768.57,37.079
1790847300000,768.57,768.81,768.57,768.74,42.597
1790847360000,768.75,768.8,768.33,768.36,40.302
1790847420000,768.37,768.68,768.37,768.68,45.395
1790847480000,768.69,768.78,768.69,768.76,29.184
1790847540000,768.76,768.76,768.35,768.56,79.896
1790847600000,768.56,768.71,768.55,768.61,43.185
1790847660000,768.61,768.63,768.45,768.63,72.538
1790847720000,768.58,768.58,768.35,768.4,30.782
1790847780000,768.4,768.59,768.4,768.58,39.696
1790847840000,768.58,768.84,768.57,768.84,84.673
1790847900000,768.84,768.89,768.68,768.84,82.076
1790847960000,768.84,769.27,768.84,769.08,66.755
1790848020000,769.08,769.66,769.08,769.52,48.785
1790848080000,769.53,769.68,769.46,769.5,49.799
1790848140000,769.5,769.5,769.12,769.16,19.341
1790848200000,769.16,769.23,768.82,769.23,95.291
1790848260000,769.24,769.34,769.08,769.34,20.975
1790848320000,769.33,769.33,768.92,768.95,42.003
1790848380000,768.95,769.1,768.57,768.84,63.522
1790848440000,768.84,768.85,768.64,768.79,32.964
1790848500000,768.78,768.78,768.45,768.56,34.767
1790848560000,768.56,768.68,768.31,768.52,48.573
1790848620000,768.52,768.95,768.38,768.95,38.778
1790848680000,768.96,769.19,768.94,769.19,21.721
1790848740000,769.18,769.19,768.81,769.09,33.856
1790848800000,769.1,769.44,768.25,768.25,46.627
1790848860000,768.24,768.24,766.92,767.03,89.142
1790848920000,767.03,767.03,766.23,766.6,165.453
1790848980000,766.59,766.88,766.53,766.69,59.64
1790849040000,766.69,766.69,765.8,765.81,234.716
1790849100000,765.81,766.2,765.46,765.85,143.509
1790849160000,765.84,766.18,765.48,766.18,86.135
1790849220000,766.18,767.03,766.14,767.03,44.065
1790849280000,767.03,767.24,766.95,767.24,49.95
1790849340000,767.24,767.65,767.24,767.5,77.862
1790849400000,767.49,767.64,767.33,767.53,45.032
1790849460000,767.53,767.81,767.29,767.81,73.288
1790849520000,767.82,768.0,767.64,767.81,151.073
1790849580000,767.81,768.0,767.76,767.76,27.821
1790849640000,767.77,768.22,767.77,768.21,48.224
1790849700000,768.21,768.22,767.8,767.86,30.663
1790849760000,767.85,767.91,767.46,767.51,81.632
1790849820000,767.51,767.71,767.31,767.7,54.172
1790849880000,767.7,768.88,767.7,768.74,64.191
1790849940000,768.73,768.73,768.12,768.33,28.646
1790850000000,768.33,768.85,768.33,768.84,57.972
1790850060000,768.84,769.03,768.64,768.91,58.416
1790850120000,768.92,769.02,768.59,768.66,40.665
1790850180000,768.66,768.93,768.66,768.93,68.254
1790850240000,768.93,768.93,768.81,768.9,25.621
1790850300000,768.9,768.9,768.6,768.61,25.792
1790850360000,768.61,768.71,768.34,768.34,107.833
1790850420000,768.32,768.33,767.61,767.61,131.779
1790850480000,767.61,768.19,767.37,768.17,69.254
1790850540000,768.17,768.17,767.91,768.16,22.985
1790850600000,768.16,768.51,768.11,768.47,52.588
1790850660000,768.47,769.03,768.44,769.03,60.919
1790850720000,769.02,769.26,769.02,769.25,37.08
1790850780000,769.25,769.25,769.1,769.1,31.973
1790850840000,769.1,769.25,768.93,768.98,38.986
1790850900000,768.98,769.38,768.82,769.38,35.521
1790850960000,769.37,769.54,769.35,769.54,51.495
1790851020000,769.53,769.73,769.5,769.54,26.119
1790851080000,769.55,769.69,769.54,769.62,35.143
1790851140000,769.63,769.66,769.59,769.64,23.822
1790851200000,769.64,769.97,769.59,769.6,20.793
1790851260000,769.6,770.0,769.59,770.0,49.27
1790851320000,769.99,771.42,769.99,771.2,386.638
1790851380000,771.2,771.75,770.87,771.74,170.957
1790851440000,771.75,771.77,771.11,771.39,213.878
1790851500000,771.39,771.39,770.75,770.8,156.374
1790851560000,770.79,770.86,770.68,770.72,83.017
1790851620000,770.72,771.16,770.57,771.14,96.322
1790851680000,771.15,771.18,770.73,770.75,62.467
1790851740000,770.75,770.75,770.33,770.71,51.493
1790851800000,770.7,770.83,770.57,770.78,65.822
1790851860000,770.79,770.8,770.19,770.19,105.258
1790851920000,770.2,770.36,770.12,770.3,65.19
1790851980000,770.3,770.47,770.17,770.3,135.639
1790852040000,770.3,771.0,770.29,771.0,93.708
1790852100000,771.0,771.16,770.21,770.22,84.527
1790852160000,770.22,770.27,770.1,770.13,68.259
1790852220000,770.13,770.15,770.06,770.08,51.746
1790852280000,770.09,770.27,769.97,770.18,82.247
1790852340000,770.19,770.52,770.18,770.35,96.696
1790852400000,770.36,770.36,769.91,769.97,47.358
1790852460000,769.98,770.11,769.53,769.54,38.538
1790852520000,769.54,769.98,769.54,769.75,36.088
1790852580000,769.75,770.11,769.74,769.86,92.794
1790852640000,769.85,770.18,769.79,770.0,146.392
1790852700000,769.99,770.01,769.47,769.89,32.977
1790852760000,769.89,770.13,769.88,769.96,34.839
1790852820000,769.96,770.14,769.86,769.86,25.13
1790852880000,769.87,769.87,769.78,769.82,18.548
1790852940000,769.82,769.99,769.79,769.99,34.995
1790853000000,770.0,770.03,769.85,770.02,20.004
1790853060000,770.03,770.03,769.82,769.82,48.579
1790853120000,769.82,769.95,769.82,769.9,106.686
1790853180000,769.89,770.03,769.89,770.02,32.39
1790853240000,770.02,770.03,769.8,769.87,19.423
1790853300000,769.88,769.88,769.75,769.76,17.02
1790853360000,769.76,769.8,769.63,769.8,17.111
1790853420000,769.8,769.8,769.57,769.57,17.58
1790853480000,769.57,769.85,769.51,769.85,15.321
1790853540000,769.85,769.88,769.56,769.87,11.863
1790853600000,769.87,769.88,769.6,769.6,10.743
1790853660000,769.61,769.71,769.59,769.7,34.539
1790853720000,769.7,769.88,769.47,769.68,32.945
1790853780000,769.68,769.68,769.62,769.64,20.992
1790853840000,769.64,769.64,769.47,769.48,26.845
1790853900000,769.48,769.7,769.48,769.7,16.866
1790853960000,769.7,769.78,769.67,769.76,31.634
1790854020000,769.77,770.01,769.76,770.01,75.956
1790854080000,770.01,770.04,769.89,769.9,71.083
1790854140000,769.89,770.19,769.86,770.19,138.01
1790854200000,770.19,770.19,769.96,770.07,98.518
1790854260000,770.07,770.07,769.38,769.39,38.779
1790854320000,769.39,769.57,769.34,769.34,27.221
1790854380000,769.34,769.45,769.24,769.45,61.31
1790854440000,769.45,769.71,769.44,769.71,21.48
1790854500000,769.7,769.98,769.7,769.87,18.877
1790854560000,769.87,770.07,769.86,770.06,31.554
1790854620000,770.06,770.42,770.06,770.25,37.036
1790854680000,770.25,770.42,770.2,770.37,45.928
1790854740000,770.37,770.69,770.36,770.69,49.244
1790854800000,770.69,770.86,770.48,770.7,116.953
1790854860000,770.71,770.97,770.7,770.97,104.569
1790854920000,770.97,771.08,770.71,770.75,44.417
1790854980000,770.75,770.99,770.75,770.97,58.511
1790855040000,770.98,771.0,770.76,770.99,75.483
1790855100000,771.0,771.32,770.97,771.32,189.666
1790855160000,771.31,771.32,771.15,771.23,91.716
1790855220000,771.23,771.51,771.04,771.51,111.803
1790855280000,771.51,771.69,771.1,771.11,75.198
1790855340000,771.11,771.18,770.94,770.98,58.17
1790855400000,770.99,771.48,770.88,771.41,121.596
1790855460000,771.42,771.51,771.42,771.48,60.894
1790855520000,771.47,771.49,771.08,771.1,104.924
1790855580000,771.1,771.27,770.95,771.06,282.606
1790855640000,771.07,771.11,770.8,770.82,106.08
1790855700000,770.83,770.96,770.71,770.76,69.157
1790855760000,770.76,771.17,770.76,771.14,61.133
1790855820000,771.15,771.15,771.1,771.1,88.1
1790855880000,771.11,771.15,770.55,770.55,74.646
1790855940000,770.53,770.59,770.41,770.43,43.728
1790856000000,770.44,770.87,770.44,770.56,75.22
1790856060000,770.56,770.8,770.43,770.8,43.212
1790856120000,770.8,770.8,770.56,770.56,49.824
1790856180000,770.57,770.67,770.43,770.5,36.809
1790856240000,770.49,770.52,770.12,770.13,53.962
1790856300000,770.13,770.21,770.13,770.17,42.113
1790856360000,770.17,770.29,769.99,770.03,94.634
1790856420000,770.04,770.08,769.63,769.91,82.76
1790856480000,769.91,770.18,769.91,770.09,112.953
1790856540000,770.09,770.27,770.08,770.08,65.675
1790856600000,770.09,770.14,770.03,770.1,87.858
1790856660000,770.11,770.14,770.06,770.08,38.455
1790856720000,770.08,770.09,770.05,770.06,31.472
1790856780000,770.06,770.14,770.05,770.13,40.368
1790856840000,770.13,770.14,770.13,770.13,42.835
1790856900000,770.14,770.14,769.96,769.98,38.037
1790856960000,769.97,770.09,769.81,770.01,76.159
1790857020000,770.01,770.01,769.34,769.39,139.034
1790857080000,769.39,770.14,769.39,769.88,103.745
1790857140000,769.88,770.03,769.71,769.72,29.332
1790857200000,769.72,769.83,769.37,769.62,75.548
1790857260000,769.62,770.02,769.61,769.89,74.041
1790857320000,769.88,769.88,769.48,769.57,84.388
1790857380000,769.56,769.56,769.39,769.51,49.073
1790857440000,769.51,769.63,769.44,769.59,25.428
1790857500000,769.6,769.95,769.6,769.95,26.49
1790857560000,769.94,770.13,769.55,770.13,82.177
1790857620000,770.12,770.16,769.86,769.88,95.673
1790857680000,769.89,770.06,769.88,770.05,56.4
1790857740000,770.05,770.05,769.45,769.75,149.315
1790857800000,769.74,769.88,769.68,769.88,36.735
1790857860000,769.88,769.96,769.77,769.92,48.618
1790857920000,769.92,770.01,769.74,769.74,35.446
1790857980000,769.73,769.81,769.7,769.76,59.229
1790858040000,769.77,770.22,769.77,770.21,60.052
1790858100000,770.21,770.22,769.9,769.9,47.345
1790858160000,769.9,769.91,769.8,769.8,40.405
1790858220000,769.81,769.85,769.8,769.84,12.128
1790858280000,769.85,769.89,769.84,769.89,9.451
1790858340000,769.88,770.15,769.88,770.14,106.093
1790858400000,770.15,770.79,770.15,770.79,53.167
1790858460000,770.78,770.93,770.59,770.73,93.139
1790858520000,770.74,770.74,769.83,769.84,60.919
1790858580000,769.84,770.15,769.84,770.03,73.932
1790858640000,770.03,770.11,769.85,769.85,251.637
1790858700000,769.85,770.0,769.69,770.0,34.182
1790858760000,770.0,770.04,769.96,769.97,113.027
1790858820000,769.97,769.98,769.57,769.58,18.436
1790858880000,769.58,769.58,769.31,769.45,30.375
1790858940000,769.45,769.45,769.38,769.38,25.035
1790859000000,769.39,769.45,768.92,769.14,199.061
1790859060000,769.13,769.32,769.13,769.26,73.911
1790859120000,769.26,769.61,769.25,769.38,88.431
1790859180000,769.37,769.37,769.08,769.1,27.692
1790859240000,769.09,769.38,768.69,768.97,186.124
1790859300000,768.98,769.19,768.61,768.62,94.51
1790859360000,768.61,768.62,768.23,768.24,48.884
1790859420000,768.23,768.36,767.54,768.3,75.398
1790859480000,768.3,768.54,768.13,768.24,55.906
1790859540000,768.23,768.53,768.19,768.36,110.999
1790859600000,768.37,768.66,768.26,768.38,32.622
1790859660000,768.37,768.37,767.76,768.32,90.779
1790859720000,768.32,768.51,767.94,767.94,29.857
1790859780000,767.94,767.94,767.47,767.51,142.245
1790859840000,767.51,767.58,767.15,767.27,137.399
1790859900000,767.27,767.54,766.88,767.02,99.492
1790859960000,767.03,767.2,766.8,767.15,40.303
1790860020000,767.14,767.67,766.99,767.64,27.679
1790860080000,767.66,768.15,767.5,768.06,43.906
1790860140000,768.07,768.24,767.89,768.02,44.245
1790860200000,768.02,768.03,767.08,767.29,98.445
1790860260000,767.28,767.86,767.28,767.86,68.979
1790860320000,767.86,768.47,767.85,768.4,57.289
1790860380000,768.41,768.41,767.61,767.61,60.014
1790860440000,767.62,767.78,767.34,767.69,61.479
1790860500000,767.68,767.78,767.28,767.48,130.484
1790860560000,767.47,767.51,767.1,767.36,91.387
1790860620000,767.35,767.56,767.21,767.55,33.114
1790860680000,767.56,767.56,767.17,767.18,26.042
1790860740000,767.17,767.65,767.06,767.65,31.085
1790860800000,767.68,767.91,767.59,767.9,36.71
1790860860000,767.91,768.15,767.9,768.04,43.98
1790860920000,768.04,768.23,767.78,768.08,75.233
1790860980000,768.08,768.31,767.48,767.48,79.51
1790861040000,767.48,767.5,766.78,766.89,462.654
1790861100000,766.89,767.0,766.46,766.47,371.82
1790861160000,766.47,766.58,766.32,766.46,64.584
1790861220000,766.47,766.66,766.42,766.64,82.609
1790861280000,766.65,767.15,766.65,767.05,350.172
1790861340000,767.06,767.06,766.7,766.7,21.412
1790861400000,766.7,767.6,766.65,767.08,50.169
1790861460000,767.08,767.46,766.96,767.22,36.956
1790861520000,767.17,767.55,766.8,767.55,52.539
1790861580000,767.56,768.79,767.47,768.62,165.822
1790861640000,768.63,769.0,767.9,768.25,63.01
1790861700000,768.26,768.85,768.23,768.76,113.333
1790861760000,768.77,768.77,768.58,768.65,33.476
1790861820000,768.65,769.71,768.55,769.71,78.774
1790861880000,769.72,770.24,769.49,769.99,89.549
1790861940000,770.0,770.56,769.53,769.53,152.308
1790862000000,769.54,770.08,769.33,769.46,105.744
1790862060000,769.47,770.53,769.3,769.67,166.261
1790862120000,769.67,769.75,769.14,769.32,48.199
1790862180000,769.33,769.93,769.32,769.68,26.409
1790862240000,769.68,770.3,769.66,770.19,72.143
1790862300000,770.18,770.91,770.0,770.22,151.116
1790862360000,770.22,770.57,769.94,770.23,101.707
1790862420000,770.23,770.64,769.85,770.44,146.572
1790862480000,770.43,770.65,769.89,770.14,141.472
1790862540000,770.14,770.25,768.97,769.05,98.684
1790862600000,769.06,769.73,768.96,769.59,49.122
1790862660000,769.59,769.9,769.48,769.55,80.854
1790862720000,769.55,770.25,769.47,770.13,71.216
1790862780000,770.15,770.16,769.94,770.15,59.17
1790862840000,770.15,770.44,770.08,770.44,70.534
1790862900000,770.45,770.65,770.08,770.22,100.616
1790862960000,770.23,770.23,769.69,769.97,51.339
1790863020000,769.97,770.25,769.97,770.11,85.566
1790863080000,770.12,770.12,769.94,770.11,114.434
1790863140000,770.12,770.36,769.98,770.36,116.974
1790863200000,770.35,770.45,769.37,769.4,140.603
1790863260000,769.39,769.39,768.53,768.86,74.28
1790863320000,768.86,769.25,768.2,768.97,107.395
1790863380000,768.98,769.45,768.85,768.85,91.869
1790863440000,768.86,769.3,768.73,768.81,44.229
1790863500000,768.8,768.89,768.06,768.81,53.54
1790863560000,768.82,769.31,768.69,769.09,69.713
1790863620000,769.1,769.77,769.1,769.49,62.819
1790863680000,769.49,770.47,769.49,770.04,137.73
1790863740000,770.02,771.0,769.81,770.9,114.995
1790863800000,770.91,770.97,770.47,770.73,139.426
1790863860000,770.73,770.73,769.89,769.92,110.953
1790863920000,769.93,770.13,769.27,769.27,289.322
1790863980000,769.27,769.41,768.77,769.15,188.472
1790864040000,769.15,769.3,768.79,769.3,46.719
1790864100000,769.31,769.88,769.31,769.62,33.97
1790864160000,769.62,770.0,769.39,769.77,72.337
1790864220000,769.77,770.46,769.44,770.38,534.175
1790864280000,770.39,770.44,769.93,770.11,119.885
1790864340000,770.12,770.91,769.48,770.31,152.185
1790864400000,770.32,770.5,770.14,770.21,150.709
1790864460000,770.21,770.63,769.8,769.85,357.637
1790864520000,769.86,770.17,769.34,769.34,159.973
1790864580000,769.33,769.65,769.15,769.65,34.055
1790864640000,769.65,770.43,769.64,770.34,164.099
1790864700000,770.35,770.64,770.16,770.16,168.696
1790864760000,770.16,770.4,769.68,770.4,218.877
1790864820000,770.4,770.4,770.07,770.11,356.019
1790864880000,770.12,770.12,769.39,769.86,106.891
1790864940000,769.85,770.15,769.85,770.02,76.132
1790865000000,770.0,770.09,769.04,769.79,587.39
1790865060000,769.78,769.98,769.07,769.17,105.357
1790865120000,769.18,769.77,769.1,769.4,146.799
1790865180000,769.4,769.93,769.37,769.38,153.625
1790865240000,769.39,769.63,768.89,769.63,113.355
1790865300000,769.63,769.64,769.3,769.52,148.853
1790865360000,769.52,770.16,769.44,770.08,185.024
1790865420000,770.08,770.27,769.88,769.88,220.163
1790865480000,769.88,769.88,769.42,769.53,153.114
1790865540000,769.53,769.63,769.38,769.52,74.674
1790865600000,769.51,769.51,768.55,768.55,58.081
1790865660000,768.56,768.66,768.07,768.39,79.735
1790865720000,768.38,768.6,768.12,768.45,99.285
1790865780000,768.42,768.68,768.22,768.59,44.284
1790865840000,768.6,768.6,768.27,768.34,42.906
1790865900000,768.34,768.57,768.29,768.57,30.376
1790865960000,768.6,768.66,767.46,767.7,164.034
1790866020000,767.71,767.94,767.27,767.29,105.902
1790866080000,767.28,767.28,766.64,766.64,140.828
1790866140000,766.63,767.13,765.95,767.06,162.344
1790866200000,767.06,767.19,766.17,766.6,37.226
1790866260000,766.57,767.04,766.4,766.4,79.194
1790866320000,766.41,766.41,765.95,765.97,126.846
1790866380000,765.97,766.61,765.95,766.35,115.648
1790866440000,766.34,766.61,766.3,766.53,90.992
1790866500000,766.54,766.72,766.33,766.54,123.027
1790866560000,766.54,766.77,766.42,766.72,64.577
1790866620000,766.73,766.78,766.22,766.73,71.353
1790866680000,766.73,767.41,766.49,766.5,154.569
1790866740000,766.49,766.95,766.47,766.94,69.97
1790866800000,766.95,767.29,766.83,766.83,60.673
1790866860000,766.83,766.99,766.45,766.57,40.335
1790866920000,766.56,766.98,766.44,766.69,45.749
1790866980000,766.68,767.13,766.62,767.13,89.937
1790867040000,767.12,767.91,767.06,767.37,243.118
1790867100000,767.37,768.34,767.36,767.48,195.427
1790867160000,767.49,767.49,766.58,766.65,47.643
1790867220000,766.67,766.83,766.06,766.08,82.941
1790867280000,766.09,766.09,764.84,765.4,224.42
1790867340000,765.41,765.6,764.55,764.55,177.956
1790867400000,764.56,765.04,764.3,765.04,208.854
1790867460000,765.03,765.49,764.7,765.45,59.908
1790867520000,765.45,765.45,765.12,765.29,68.807
1790867580000,765.29,765.79,765.28,765.78,36.642
1790867640000,765.79,766.68,765.79,766.68,82.08
1790867700000,766.68,767.14,766.67,767.0,102.995
1790867760000,767.0,767.44,766.83,767.43,90.972
1790867820000,767.44,767.66,767.26,767.65,47.637
1790867880000,767.66,768.02,767.64,767.93,136.268
1790867940000,767.94,768.21,767.84,768.15,48.325
1790868000000,768.15,768.52,768.07,768.34,102.505
1790868060000,768.34,768.52,768.19,768.49,27.268
1790868120000,768.49,768.58,768.32,768.34,143.966
1790868180000,768.33,768.4,768.1,768.23,46.586
1790868240000,768.24,768.24,767.72,767.72,42.613
1790868300000,767.73,768.01,767.7,767.82,82.15
1790868360000,767.83,768.08,767.62,768.08,64.668
1790868420000,768.09,768.17,768.07,768.07,45.962
1790868480000,768.07,768.07,767.55,767.72,27.321
1790868540000,767.71,767.77,767.26,767.27,25.944
1790868600000,767.26,767.26,766.48,766.51,73.371
1790868660000,766.5,766.5,765.29,765.44,163.813
1790868720000,765.44,766.38,765.36,766.2,26.385
1790868780000,766.21,766.63,765.98,766.36,47.372
1790868840000,766.36,766.36,765.41,765.65,57.023
1790868900000,765.63,765.63,765.36,765.37,70.007
1790868960000,765.37,765.59,765.35,765.39,35.317
1790869020000,765.39,765.56,765.07,765.53,37.042
1790869080000,765.52,766.2,765.52,766.17,18.688
1790869140000,766.17,766.44,765.83,765.87,65.807
1790869200000,765.85,765.87,765.57,765.7,44.81
1790869260000,765.7,765.81,765.01,765.01,318.731
1790869320000,765.0,765.24,764.97,765.1,42.009
1790869380000,765.11,765.2,764.66,764.66,104.123
1790869440000,764.65,764.98,764.5,764.98,126.943
1790869500000,764.98,765.32,764.98,765.32,56.349
1790869560000,765.31,765.72,765.18,765.33,947.839
1790869620000,765.34,766.29,765.33,766.29,63.829
1790869680000,766.29,767.41,766.24,767.41,115.893
1790869740000,767.41,767.82,766.64,767.22,740.706
1790869800000,767.23,767.23,766.44,766.44,213.996
1790869860000,766.42,766.76,766.19,766.66,83.913
1790869920000,766.65,766.76,766.22,766.22,182.657
1790869980000,766.21,766.21,765.8,765.8,29.904
1790870040000,765.81,765.93,765.8,765.88,38.728
1790870100000,765.87,765.87,765.75,765.79,26.197
1790870160000,765.79,766.8,765.79,766.28,77.692
1790870220000,766.29,766.49,766.17,766.24,176.183
1790870280000,766.24,766.24,765.81,765.82,24.759
1790870340000,765.82,766.13,765.81,766.13,25.89
1790870400000,766.13,766.8,766.13,766.74,79.587
1790870460000,766.74,767.0,766.55,767.0,59.403
1790870520000,767.01,767.37,767.0,767.37,45.126
1790870580000,767.36,767.43,767.3,767.42,20.041
1790870640000,767.41,767.43,767.06,767.06,30.119
1790870700000,767.06,767.13,766.76,766.87,38.854
1790870760000,766.86,767.4,766.79,767.4,39.256
1790870820000,767.4,767.51,767.05,767.05,47.091
1790870880000,767.03,767.47,766.95,767.15,41.306
1790870940000,767.14,767.14,766.51,766.8,34.656
1790871000000,766.8,767.15,766.73,766.73,13.566
1790871060000,766.73,766.73,766.19,766.19,31.402
1790871120000,766.2,766.75,766.19,766.75,81.967
1790871180000,766.76,766.92,766.59,766.59,47.378
1790871240000,766.59,767.29,766.58,767.29,48.064
1790871300000,767.29,767.85,767.0,767.29,94.707
1790871360000,767.29,767.4,767.04,767.17,34.302
1790871420000,767.18,767.7,767.0,767.62,71.335
1790871480000,767.62,767.62,767.02,767.08,67.49
1790871540000,767.08,767.3,766.8,767.04,71.25
1790871600000,767.04,767.12,766.72,767.07,12.66
1790871660000,767.07,767.07,766.62,766.63,32.028
1790871720000,766.62,766.86,766.56,766.75,48.622
1790871780000,766.75,766.75,766.3,766.74,28.689
1790871840000,766.74,767.25,766.73,767.23,25.837
1790871900000,767.22,767.32,766.98,767.32,23.783
1790871960000,767.31,767.54,767.28,767.31,29.664
1790872020000,767.3,767.32,767.1,767.14,9.588
1790872080000,767.14,767.2,766.91,767.2,34.507
1790872140000,767.2,767.4,767.12,767.39,55.172
1790872200000,767.39,767.81,767.3,767.69,98.488
1790872260000,767.7,768.26,767.7,768.26,41.576
1790872320000,768.26,768.33,768.09,768.32,41.413
1790872380000,768.32,768.75,768.32,768.74,48.732
1790872440000,768.75,768.85,768.6,768.78,38.007
1790872500000,768.78,769.75,768.67,769.67,163.358
1790872560000,769.67,769.68,768.94,768.94,80.119
1790872620000,768.95,768.95,767.61,767.68,112.087
1790872680000,767.64,767.64,766.57,766.65,196.676
1790872740000,766.66,767.12,766.35,766.5,170.678
1790872800000,766.5,767.07,766.37,766.58,64.422
1790872860000,766.57,766.94,766.55,766.86,34.088
1790872920000,766.85,766.9,766.49,766.84,15.131
1790872980000,766.84,767.58,766.84,767.47,31.494
1790873040000,767.47,767.54,767.42,767.5,17.557
1790873100000,767.5,768.2,767.5,768.05,38.902
1790873160000,768.05,768.12,767.73,768.01,31.436
1790873220000,768.0,768.28,767.94,768.28,33.084
1790873280000,768.3,768.79,767.64,767.66,55.826
1790873340000,767.66,767.98,767.24,767.44,17.48
1790873400000,767.43,767.43,766.88,767.13,49.616
1790873460000,767.1,767.11,766.57,766.86,32.207
1790873520000,766.85,767.42,766.71,767.42,22.813
1790873580000,767.41,767.61,767.25,767.3,23.584
1790873640000,767.31,767.39,767.03,767.04,38.372
1790873700000,767.04,767.05,766.61,766.61,15.168
1790873760000,766.6,766.61,766.0,766.2,76.574
1790873820000,766.24,766.5,766.13,766.33,69.106
1790873880000,766.33,766.6,766.22,766.27,9.427
1790873940000,766.27,766.84,766.27,766.83,48.56
1790874000000,766.84,767.44,766.84,767.44,24.022
1790874060000,767.44,767.91,767.41,767.85,69.098
1790874120000,767.85,769.33,767.85,769.17,129.436
1790874180000,769.18,769.5,768.92,769.5,63.333
1790874240000,769.49,769.88,769.26,769.5,44.545
1790874300000,769.48,769.63,769.14,769.5,31.979
1790874360000,769.51,769.86,769.51,769.72,19.702
1790874420000,769.72,769.72,769.36,769.36,43.621
1790874480000,769.36,769.4,769.1,769.17,16.664
1790874540000,769.17,769.26,769.04,769.24,27.494
1790874600000,769.24,769.44,769.2,769.38,16.029
1790874660000,769.37,769.53,769.11,769.53,19.005
1790874720000,769.53,769.7,769.11,769.48,41.347
1790874780000,769.48,769.77,769.36,769.77,26.137
1790874840000,769.77,769.92,769.62,769.63,11.664
1790874900000,769.65,769.99,769.65,769.97,24.08
1790874960000,769.98,770.2,769.98,770.14,124.776
1790875020000,770.15,770.99,770.15,770.77,2991.482
1790875080000,770.76,770.83,770.16,770.17,199.023
1790875140000,770.18,770.94,770.18,770.85,182.972
1790875200000,770.82,771.25,770.73,770.81,212.468
1790875260000,770.81,771.11,770.53,771.11,109.197
1790875320000,771.11,771.22,770.99,771.2,126.192
1790875380000,771.2,771.59,771.2,771.37,230.0
1790875440000,771.36,772.0,771.13,771.99,172.884
1790875500000,772.0,772.88,772.0,772.55,384.865
1790875560000,772.56,772.97,772.31,772.5,160.644
1790875620000,772.5,772.84,772.32,772.83,66.27
1790875680000,772.84,773.81,772.83,773.81,250.638
1790875740000,773.8,773.91,773.41,773.83,223.758
1790875800000,773.83,774.48,773.61,774.13,312.558
1790875860000,774.13,774.28,773.01,773.41,219.216
1790875920000,773.41,773.41,772.36,772.83,63.34
1790875980000,772.82,773.0,772.52,772.74,69.344
1790876040000,772.74,772.91,772.35,772.35,63.132
1790876100000,772.35,772.57,772.16,772.16,93.147
1790876160000,772.16,772.52,772.08,772.5,52.546
1790876220000,772.5,773.06,772.27,773.06,48.103
1790876280000,773.07,773.4,772.9,773.28,82.903
1790876340000,773.28,773.48,772.89,773.09,102.295
1790876400000,773.08,773.44,773.08,773.39,71.313
1790876460000,773.39,773.56,773.28,773.56,150.445
1790876520000,773.56,773.72,773.4,773.4,88.753
1790876580000,773.41,773.43,773.13,773.14,60.704
1790876640000,773.13,773.61,773.13,773.61,57.114
1790876700000,773.61,773.61,773.31,773.43,62.642
1790876760000,773.43,773.67,773.25,773.56,113.22
1790876820000,773.56,773.56,773.09,773.25,86.078
1790876880000,773.25,773.34,773.03,773.15,44.29
1790876940000,773.16,773.38,773.05,773.25,117.775
1790877000000,773.24,773.25,773.0,773.02,59.095
1790877060000,773.02,773.33,773.02,773.32,69.988
1790877120000,773.32,773.37,773.3,773.31,22.658
1790877180000,773.3,773.34,773.14,773.34,94.872
1790877240000,773.34,773.34,772.08,772.09,107.774
1790877300000,772.08,772.59,772.08,772.59,90.383
1790877360000,772.6,772.89,772.36,772.5,258.484
1790877420000,772.5,772.51,771.92,772.28,81.6
1790877480000,772.28,772.47,772.21,772.24,36.105
1790877540000,772.23,772.87,772.12,772.76,68.258
1790877600000,772.77,772.77,771.78,771.85,82.809
1790877660000,771.84,772.44,771.69,772.44,72.473
1790877720000,772.45,772.57,771.78,771.78,87.593
1790877780000,771.77,771.78,771.18,771.19,83.779
1790877840000,771.18,771.29,771.15,771.15,48.883
1790877900000,771.16,771.26,770.86,770.86,73.19
1790877960000,770.85,770.85,770.44,770.56,34.364
1790878020000,770.56,770.77,770.14,770.65,71.841
1790878080000,770.65,770.97,770.61,770.84,37.688
1790878140000,770.85,771.37,770.85,771.36,44.548
1790878200000,771.36,771.65,771.15,771.21,25.82
1790878260000,771.21,771.58,771.21,771.44,154.992
1790878320000,771.45,771.76,771.45,771.65,61.211
1790878380000,771.65,772.04,771.35,771.59,86.833
1790878440000,771.6,771.6,771.01,771.06,29.338
1790878500000,771.06,771.15,770.84,770.84,73.919
1790878560000,770.84,770.94,770.61,770.64,73.755
1790878620000,770.66,770.91,770.66,770.73,76.046
1790878680000,770.72,771.32,770.72,771.05,46.051
1790878740000,771.05,771.05,770.39,770.57,92.328
1790878800000,770.56,770.59,770.35,770.48,44.814
1790878860000,770.48,770.63,770.39,770.39,48.918
1790878920000,770.39,770.44,770.06,770.27,71.402
1790878980000,770.27,771.16,770.21,771.16,91.021
1790879040000,771.16,771.17,770.88,770.89,50.957
1790879100000,770.88,770.88,770.57,770.87,51.565
1790879160000,770.86,770.86,770.61,770.68,33.733
1790879220000,770.67,770.98,770.57,770.66,53.927
1790879280000,770.66,771.0,770.65,770.79,26.456
1790879340000,770.79,770.88,770.61,770.62,32.932
1790879400000,770.61,770.7,770.41,770.7,77.243
1790879460000,770.69,770.75,770.45,770.68,53.708
1790879520000,770.68,770.69,770.54,770.57,98.34
1790879580000,770.56,770.57,770.12,770.34,53.083
1790879640000,770.35,771.2,770.2,771.17,63.349
1790879700000,771.16,771.72,771.0,771.63,82.906
1790879760000,771.63,771.63,770.9,771.06,84.612
1790879820000,771.05,771.31,770.61,771.3,89.75
1790879880000,771.31,772.47,771.31,772.4,49.384
1790879940000,772.4,772.53,771.94,771.94,224.731
1790880000000,771.96,771.97,771.13,771.14,211.448
1790880060000,771.14,771.57,771.04,771.28,74.991
1790880120000,771.28,771.59,771.21,771.26,94.441
1790880180000,771.25,771.29,770.43,770.45,55.092
1790880240000,770.46,771.0,770.46,770.84,51.739
1790880300000,770.84,770.84,770.62,770.62,38.276
1790880360000,770.61,770.68,770.36,770.68,46.825
1790880420000,770.69,770.73,770.29,770.3,78.712
1790880480000,770.29,770.29,769.76,769.77,130.288
1790880540000,769.76,770.19,769.57,769.89,96.373
1790880600000,769.89,770.28,769.89,770.13,72.401
1790880660000,770.13,770.15,769.97,770.15,41.74
1790880720000,770.16,770.22,769.58,769.61,43.922
1790880780000,769.62,770.14,769.62,770.08,30.388
1790880840000,770.08,770.08,769.77,770.03,44.002
1790880900000,770.04,770.04,769.82,769.95,32.204
1790880960000,769.95,770.26,769.95,770.2,25.247
1790881020000,770.21,770.46,770.17,770.46,29.515
1790881080000,770.46,770.52,770.41,770.52,46.17
1790881140000,770.52,770.52,770.15,770.38,51.547
1790881200000,770.39,770.46,770.38,770.46,43.973
1790881260000,770.46,770.46,769.53,769.53,46.6
1790881320000,769.54,769.72,769.4,769.71,27.979
1790881380000,769.72,770.13,769.54,770.13,73.42
1790881440000,770.14,770.3,769.96,770.15,45.274
1790881500000,770.16,770.21,770.06,770.06,38.878
1790881560000,770.07,770.1,769.81,770.1,212.577
1790881620000,770.1,770.33,769.95,770.07,53.258
1790881680000,770.08,770.4,769.73,770.32,81.591
1790881740000,770.32,770.56,770.31,770.51,60.884
1790881800000,770.52,770.64,770.49,770.49,52.235
1790881860000,770.5,770.5,769.97,769.97,103.257
1790881920000,769.98,770.0,769.72,770.0,77.826
1790881980000,769.99,770.32,769.99,770.32,92.728
1790882040000,770.31,770.32,770.08,770.09,35.647
1790882100000,770.09,770.21,769.84,770.17,303.293
1790882160000,770.18,770.18,769.9,770.01,28.635
1790882220000,770.01,770.14,769.92,769.92,46.239
1790882280000,769.92,769.92,769.74,769.75,40.443
1790882340000,769.76,770.12,769.76,769.91,23.925
1790882400000,769.91,769.91,769.62,769.7,18.101
1790882460000,769.7,769.95,769.66,769.91,14.963
1790882520000,769.91,769.91,769.41,769.41,26.935
1790882580000,769.41,769.41,769.12,769.19,54.341
1790882640000,769.18,769.19,769.02,769.07,18.461
1790882700000,769.07,769.3,769.03,769.24,38.214
1790882760000,769.24,769.29,769.01,769.01,33.789
1790882820000,769.01,769.01,768.46,768.47,73.003
1790882880000,768.47,768.55,768.35,768.36,39.79
1790882940000,768.36,768.64,768.06,768.13,59.615
1790883000000,768.13,768.6,768.02,768.6,27.044
1790883060000,768.59,769.1,768.59,769.09,22.919
1790883120000,769.09,769.9,768.94,769.62,54.219
1790883180000,769.62,770.04,769.5,769.62,140.515
1790883240000,769.65,769.77,769.28,769.5,14.881
1790883300000,769.49,769.49,769.0,769.01,9.852
1790883360000,769.01,769.14,768.83,768.84,20.294
1790883420000,768.85,768.85,768.45,768.6,43.323
1790883480000,768.6,768.64,768.44,768.45,15.896
1790883540000,768.44,768.7,768.44,768.63,9.921
1790883600000,768.63,768.77,768.3,768.77,22.366
1790883660000,768.78,769.19,768.78,768.92,71.414
1790883720000,768.92,768.94,768.73,768.73,3.982
1790883780000,768.74,768.85,768.74,768.85,18.264
1790883840000,768.85,769.0,768.84,768.89,16.917
1790883900000,768.9,769.3,768.9,769.3,45.116
1790883960000,769.3,769.31,769.18,769.3,11.546
1790884020000,769.3,769.3,769.08,769.08,8.729
1790884080000,769.07,769.08,768.6,768.6,29.957
1790884140000,768.61,768.9,768.6,768.83,28.701
1790884200000,768.84,769.59,768.84,769.59,159.972
1790884260000,769.59,769.79,769.41,769.52,172.295
1790884320000,769.51,769.62,769.3,769.61,35.454
1790884380000,769.61,769.61,769.36,769.46,9.911
1790884440000,769.47,769.53,769.09,769.1,9.944
1790884500000,769.09,769.09,768.66,768.78,100.44
1790884560000,768.77,769.06,768.63,769.06,68.681
1790884620000,769.06,769.14,769.06,769.14,31.482
1790884680000,769.13,769.61,769.13,769.61,74.888
1790884740000,769.61,769.61,769.3,769.57,127.552
1790884800000,769.57,770.07,769.55,770.04,98.008
1790884860000,770.05,770.19,769.87,770.18,13.372
1790884920000,770.19,770.29,770.0,770.06,20.396
1790884980000,770.07,770.14,770.01,770.13,12.649
1790885040000,770.13,770.48,770.13,770.42,30.33
1790885100000,770.42,770.58,770.11,770.11,50.274
1790885160000,770.11,770.33,770.01,770.33,38.002
1790885220000,770.33,770.52,770.02,770.31,28.377
1790885280000,770.29,770.29,770.08,770.11,14.882
1790885340000,770.11,770.25,770.11,770.13,14.152
1790885400000,770.12,770.13,769.92,769.93,16.196
1790885460000,769.93,770.16,769.85,769.94,38.804
1790885520000,769.94,770.06,769.85,769.85,12.306
1790885580000,769.84,770.06,769.84,770.06,32.124
1790885640000,770.06,770.13,769.96,769.97,70.175
1790885700000,769.96,770.18,769.93,769.93,52.262
1790885760000,769.91,770.14,769.73,769.73,46.418
1790885820000,769.73,770.01,769.73,769.97,35.889
1790885880000,769.97,770.23,769.95,770.18,59.015
1790885940000,770.18,770.21,770.07,770.19,36.379
1790886000000,770.2,770.57,770.19,770.57,21.282
1790886060000,770.57,770.57,770.22,770.22,18.419
1790886120000,770.22,770.26,770.22,770.26,64.322
1790886180000,770.26,770.26,770.06,770.11,15.608
1790886240000,770.12,770.23,770.12,770.14,14.42
1790886300000,770.14,770.15,770.14,770.14,17.376
1790886360000,770.15,770.15,769.69,769.69,14.014
1790886420000,769.69,770.05,769.69,770.04,29.418
1790886480000,770.05,770.13,769.95,769.95,9.668
1790886540000,769.95,769.96,769.82,769.82,4.622
1790886600000,769.82,770.04,769.81,770.02,42.031
1790886660000,770.02,770.02,769.98,769.99,2.812
1790886720000,769.99,770.13,769.99,770.13,14.273
1790886780000,770.13,770.13,770.03,770.03,18.093
1790886840000,770.03,770.03,769.64,769.64,25.814
1790886900000,769.63,769.64,769.3,769.3,24.422
1790886960000,769.29,769.62,769.22,769.59,36.244
1790887020000,769.58,769.59,769.27,769.59,7.634
1790887080000,769.59,769.63,769.42,769.5,13.51
1790887140000,769.49,769.49,769.34,769.4,32.841
1790887200000,769.4,769.41,769.21,769.41,34.512
1790887260000,769.41,769.41,769.0,769.01,32.817
1790887320000,769.02,769.04,768.81,769.04,126.209
1790887380000,769.03,769.28,769.03,769.27,14.487
1790887440000,769.27,769.28,769.27,769.28,20.725
1790887500000,769.28,769.28,768.86,768.87,23.311
1790887560000,768.87,769.36,768.87,769.31,18.098
1790887620000,769.31,769.31,769.3,769.3,4.255
1790887680000,769.3,769.31,769.3,769.3,19.119
1790887740000,769.31,769.55,769.3,769.37,52.125
1790887800000,769.38,769.5,769.35,769.5,21.755
1790887860000,769.5,769.8,769.5,769.61,66.236
1790887920000,769.61,769.72,769.56,769.72,27.856
1790887980000,769.72,769.85,769.64,769.65,43.192
1790888040000,769.64,769.82,769.56,769.82,26.726
1790888100000,769.82,770.06,769.82,770.06,44.972
1790888160000,770.06,770.06,769.69,769.7,50.351
1790888220000,769.7,769.79,769.69,769.79,12.278
1790888280000,769.79,769.9,769.78,769.79,94.747
1790888340000,769.79,769.99,769.71,769.98,50.368
1790888400000,769.99,770.1,769.98,770.1,67.763
1790888460000,770.1,770.21,769.83,769.83,67.38
1790888520000,769.83,770.02,769.72,770.02,58.375
1790888580000,770.02,770.04,769.84,769.84,35.285
1790888640000,769.85,769.85,769.84,769.85,38.347
1790888700000,769.85,770.12,769.84,770.12,49.045
1790888760000,770.12,770.32,770.12,770.32,52.374
1790888820000,770.32,770.39,770.24,770.39,56.55
1790888880000,770.39,770.41,770.24,770.25,52.867
1790888940000,770.24,770.25,770.03,770.25,60.557
1790889000000,770.26,770.3,770.26,770.3,46.61
1790889060000,770.3,770.31,770.21,770.21,50.456
1790889120000,770.21,770.21,770.01,770.01,36.237
1790889180000,770.02,770.05,769.79,769.8,47.406
1790889240000,769.8,770.04,769.7,769.94,196.337
1790889300000,769.94,769.94,769.76,769.9,155.792
1790889360000,769.89,769.9,769.67,769.76,33.497
1790889420000,769.77,770.02,769.77,770.01,48.213
1790889480000,770.01,770.02,769.81,769.9,99.373
1790889540000,769.91,769.97,769.84,769.97,40.601
1790889600000,769.97,770.57,769.97,770.4,110.006
1790889660000,770.4,770.44,770.36,770.36,53.193
1790889720000,770.36,770.36,770.14,770.26,52.553
1790889780000,770.25,770.26,770.25,770.25,63.885
1790889840000,770.26,770.28,770.2,770.21,53.975
1790889900000,770.22,770.22,770.13,770.16,50.276
1790889960000,770.15,770.38,770.15,770.38,44.452
1790890020000,770.37,770.38,770.2,770.24,127.828
1790890080000,770.23,770.23,769.89,769.93,50.484
1790890140000,769.94,770.04,769.94,769.94,51.546
1790890200000,769.94,769.95,769.39,769.4,78.476
1790890260000,769.4,769.59,769.39,769.59,48.372
1790890320000,769.6,770.07,769.6,769.97,87.29
1790890380000,769.97,769.97,769.9,769.9,26.796
1790890440000,769.9,769.91,769.78,769.86,73.592
1790890500000,769.85,770.02,769.85,770.02,46.496
1790890560000,770.01,770.02,770.01,770.02,43.194
1790890620000,770.02,770.02,769.59,769.69,42.52
1790890680000,769.68,769.8,769.46,769.8,79.026
1790890740000,769.79,769.8,769.45,769.66,95.409
1790890800000,769.65,769.65,769.04,769.13,62.05
1790890860000,769.14,769.59,769.14,769.43,63.776
1790890920000,769.43,769.43,769.42,769.43,33.551
1790890980000,769.43,769.43,769.32,769.43,52.388
1790891040000,769.44,769.44,769.15,769.19,39.233
1790891100000,769.18,769.68,769.18,769.68,48.401
1790891160000,769.68,769.9,769.67,769.9,62.182
1790891220000,769.9,770.01,769.9,770.0,49.518
1790891280000,770.0,770.01,769.91,769.91,17.602
1790891340000,769.92,769.92,769.91,769.91,1.067
1790891400000,769.92,769.93,769.9,769.93,21.208
1790891460000,769.93,769.93,769.88,769.89,3.591
1790891520000,769.88,769.88,769.8,769.8,27.261
1790891580000,769.79,769.81,769.79,769.81,1.07
1790891640000,769.81,770.26,769.8,770.05,72.729
1790891700000,770.05,770.07,770.05,770.06,42.49
1790891760000,770.06,770.48,770.06,770.44,31.963
1790891820000,770.43,770.43,770.03,770.26,70.383
1790891880000,770.27,770.38,770.26,770.38,22.99
1790891940000,770.38,770.54,770.32,770.32,58.594
1790892000000,770.31,771.28,770.23,771.27,111.683
1790892060000,771.28,771.46,771.28,771.46,49.739
1790892120000,771.45,771.72,771.23,771.55,74.655
1790892180000,771.57,771.68,771.38,771.38,33.518
1790892240000,771.36,771.9,771.2,771.77,49.841
1790892300000,771.76,771.96,771.64,771.73,66.931
1790892360000,771.73,771.84,771.58,771.76,60.156
1790892420000,771.76,772.0,771.69,771.7,63.171
1790892480000,771.69,771.69,771.33,771.35,48.855
1790892540000,771.37,771.51,770.92,771.09,52.876
1790892600000,771.1,771.88,771.1,771.82,32.488
1790892660000,771.82,771.82,771.53,771.53,49.13
1790892720000,771.51,771.79,771.37,771.57,82.465
1790892780000,771.58,771.71,771.46,771.57,26.104
1790892840000,771.57,771.66,771.47,771.47,14.463
1790892900000,771.47,771.47,771.2,771.28,22.713
1790892960000,771.28,771.35,771.12,771.13,16.485
1790893020000,771.13,771.54,771.13,771.46,25.367
1790893080000,771.46,771.46,771.12,771.12,17.942
1790893140000,771.12,771.34,771.12,771.24,14.993
1790893200000,771.24,771.29,771.08,771.12,32.77
1790893260000,771.11,771.35,771.11,771.3,15.167
1790893320000,771.29,771.3,771.29,771.3,9.718
1790893380000,771.29,771.29,770.77,770.94,34.958
1790893440000,770.94,771.14,770.94,771.13,16.109
1790893500000,771.14,771.14,771.12,771.13,14.481
1790893560000,771.13,771.28,771.12,771.27,13.397
1790893620000,771.27,771.29,771.11,771.29,14.325
1790893680000,771.29,771.3,771.29,771.29,8.906
1790893740000,771.3,771.3,771.29,771.29,11.098
1790893800000,771.29,771.3,771.18,771.26,67.02
1790893860000,771.26,771.3,771.18,771.3,17.869
1790893920000,771.29,771.3,771.15,771.23,11.849
1790893980000,771.23,771.23,770.92,770.93,114.985
1790894040000,770.93,770.93,770.92,770.92,10.054
1790894100000,770.92,771.43,770.92,771.41,31.279
1790894160000,771.41,771.41,771.1,771.11,41.606
1790894220000,771.11,771.29,771.11,771.27,16.826
1790894280000,771.28,771.42,771.27,771.36,8.377
1790894340000,771.35,771.35,771.12,771.13,10.193
1790894400000,771.12,771.12,770.8,770.82,11.633
1790894460000,770.83,770.92,770.82,770.91,13.787
1790894520000,770.9,770.9,770.82,770.84,20.093
1790894580000,770.83,770.83,770.63,770.68,21.852
1790894640000,770.67,770.68,770.4,770.41,15.272
1790894700000,770.4,770.46,770.39,770.46,9.062
1790894760000,770.46,770.46,770.2,770.21,12.965
1790894820000,770.21,770.21,770.19,770.19,14.295
1790894880000,770.19,770.26,770.19,770.24,8.117
1790894940000,770.24,770.24,770.12,770.12,22.81
1790895000000,770.12,770.13,770.01,770.01,9.728
1790895060000,770.01,770.01,769.81,769.87,11.94
1790895120000,769.87,770.62,769.86,770.62,21.115
1790895180000,770.62,770.77,770.62,770.76,7.786
1790895240000,770.77,771.11,770.77,771.1,21.252
1790895300000,771.09,771.14,770.9,771.0,10.782
1790895360000,770.99,771.12,770.99,771.08,6.599
1790895420000,771.07,771.07,770.9,770.94,18.303
1790895480000,770.95,771.08,770.94,771.08,8.529
1790895540000,771.07,771.08,771.01,771.01,15.26
1790895600000,771.02,771.02,770.52,770.6,37.035
1790895660000,770.6,770.6,770.33,770.39,29.928
1790895720000,770.4,770.49,770.34,770.46,20.456
1790895780000,770.47,770.74,770.46,770.74,63.455
1790895840000,770.73,770.77,770.42,770.42,17.445
1790895900000,770.42,770.58,770.4,770.41,15.915
1790895960000,770.4,770.53,770.34,770.47,15.507
1790896020000,770.48,770.57,770.27,770.27,23.224
1790896080000,770.27,770.29,770.18,770.29,20.378
1790896140000,770.29,770.29,770.17,770.18,16.096
1790896200000,770.18,770.23,770.12,770.19,54.836
1790896260000,770.2,770.2,770.14,770.19,12.959
1790896320000,770.19,770.26,770.18,770.19,7.06
1790896380000,770.19,770.19,770.07,770.12,11.523
1790896440000,770.12,770.21,770.11,770.21,5.82
1790896500000,770.21,770.3,770.11,770.12,34.096
1790896560000,770.12,770.44,770.11,770.44,28.042
1790896620000,770.45,770.68,770.44,770.55,23.655
1790896680000,770.54,770.6,770.48,770.6,9.162
1790896740000,770.59,770.6,770.45,770.45,17.236
1790896800000,770.46,770.46,770.36,770.43,12.31
1790896860000,770.43,770.45,770.42,770.45,20.051
1790896920000,770.44,770.59,770.44,770.59,14.987
1790896980000,770.58,770.59,770.58,770.58,5.76
1790897040000,770.59,770.59,770.58,770.58,22.111
1790897100000,770.58,770.64,770.58,770.64,9.102
1790897160000,770.64,770.64,770.63,770.63,8.096
1790897220000,770.64,770.64,770.47,770.55,17.031
1790897280000,770.55,770.55,770.38,770.38,10.966
1790897340000,770.39,770.49,770.23,770.23,32.645
1790897400000,770.24,770.24,770.16,770.17,16.717
1790897460000,770.16,770.23,770.1,770.23,27.24
1790897520000,770.23,770.41,770.22,770.4,10.577
1790897580000,770.39,770.59,770.39,770.59,35.958
1790897640000,770.58,770.89,770.58,770.81,25.837
1790897700000,770.82,771.0,770.82,771.0,52.58
1790897760000,771.0,771.0,770.99,770.99,19.03
1790897820000,771.0,771.0,770.77,770.77,20.792
1790897880000,770.77,770.88,770.76,770.88,18.873
1790897940000,770.89,770.89,770.82,770.86,11.52
1790898000000,770.85,770.86,770.73,770.86,27.303
1790898060000,770.87,770.87,770.66,770.66,12.177
1790898120000,770.67,770.71,770.66,770.7,24.478
1790898180000,770.71,770.92,770.7,770.92,17.049
1790898240000,770.92,771.0,770.71,770.71,13.574
1790898300000,770.7,770.82,770.41,770.62,136.971
1790898360000,770.62,770.62,770.53,770.53,18.926
1790898420000,770.53,770.62,770.53,770.61,12.442
1790898480000,770.62,770.66,770.61,770.65,10.018
1790898540000,770.66,771.24,770.65,771.19,41.996
1790898600000,771.19,771.28,771.18,771.24,12.814
1790898660000,771.23,771.31,771.15,771.31,14.966
1790898720000,771.31,771.31,770.86,770.98,9.88
1790898780000,770.98,771.31,770.97,771.31,9.294
1790898840000,771.3,771.3,771.13,771.27,18.551
1790898900000,771.27,771.31,771.2,771.27,21.802
1790898960000,771.27,771.62,771.27,771.58,25.73
1790899020000,771.59,771.68,771.53,771.68,7.61
1790899080000,771.7,771.74,771.7,771.73,41.893
1790899140000,771.74,771.76,771.74,771.75,46.622
1790899200000,771.75,771.84,771.75,771.84,51.429
1790899260000,771.84,771.85,771.77,771.81,88.299
1790899320000,771.8,771.93,771.67,771.92,157.976
1790899380000,771.93,772.0,771.86,771.89,23.701
1790899440000,771.89,771.89,771.61,771.62,49.497
1790899500000,771.62,771.68,771.46,771.67,52.451
1790899560000,771.68,771.68,771.56,771.58,18.828
1790899620000,771.58,771.68,771.25,771.26,38.232
1790899680000,771.26,771.26,771.08,771.08,22.976
1790899740000,771.08,771.34,771.08,771.26,30.607
1790899800000,771.27,771.79,771.27,771.79,57.159
1790899860000,771.79,771.82,771.6,771.61,15.259
1790899920000,771.61,771.61,771.51,771.56,22.983
1790899980000,771.55,771.98,771.55,771.78,46.356
1790900040000,771.78,771.99,771.78,771.86,38.223
1790900100000,771.86,772.38,771.63,772.38,52.634
1790900160000,772.38,772.49,771.81,771.97,71.813
1790900220000,771.97,772.44,771.97,772.29,52.371
1790900280000,772.29,772.5,772.29,772.5,30.494
1790900340000,772.5,772.54,772.5,772.54,27.419
1790900400000,772.54,772.76,772.54,772.75,38.267
1790900460000,772.76,772.82,772.18,772.18,44.689
1790900520000,772.19,772.26,771.68,771.77,183.147
1790900580000,771.78,772.21,771.78,772.17,67.822
1790900640000,772.18,772.18,772.0,772.08,50.997
1790900700000,772.09,772.09,771.68,771.85,88.619
1790900760000,771.85,771.9,771.62,771.67,26.057
1790900820000,771.68,771.71,771.62,771.69,9.409
1790900880000,771.7,771.9,771.69,771.79,22.056
1790900940000,771.8,771.8,771.76,771.77,40.735
1790901000000,771.76,771.77,771.38,771.39,17.257
1790901060000,771.39,771.69,771.39,771.45,22.278
1790901120000,771.45,771.48,771.39,771.47,10.707
1790901180000,771.47,771.47,771.08,771.09,73.264
1790901240000,771.09,771.3,771.02,771.19,22.876
1790901300000,771.2,771.27,771.19,771.23,16.882
1790901360000,771.23,771.41,771.23,771.27,12.963
1790901420000,771.26,771.27,770.91,770.92,31.739
1790901480000,770.91,770.92,770.78,770.81,15.699
1790901540000,770.82,771.11,770.82,771.1,94.479
1790901600000,771.1,771.45,770.97,771.37,36.352
1790901660000,771.37,771.45,771.14,771.14,43.266
1790901720000,771.15,771.24,771.0,771.0,37.234
1790901780000,771.01,771.2,771.01,771.2,22.773
1790901840000,771.21,771.5,771.2,771.23,64.938
1790901900000,771.22,771.27,770.99,771.06,28.322
1790901960000,771.05,771.24,770.89,771.24,12.39
1790902020000,771.25,771.5,771.25,771.4,33.122
1790902080000,771.4,771.48,771.39,771.42,10.979
1790902140000,771.43,771.48,771.42,771.46,14.311
1790902200000,771.47,771.48,771.42,771.43,8.849
1790902260000,771.42,771.47,771.33,771.47,21.371
1790902320000,771.47,771.48,771.46,771.47,12.914
1790902380000,771.47,771.63,771.42,771.63,31.547
1790902440000,771.63,771.9,771.63,771.9,35.402
1790902500000,771.9,771.97,771.73,771.74,20.065
1790902560000,771.73,771.73,771.37,771.37,14.505
1790902620000,771.38,771.84,771.38,771.83,18.976
1790902680000,771.84,771.84,771.83,771.83,11.341
1790902740000,771.83,771.83,771.52,771.68,110.535
1790902800000,771.68,771.72,771.49,771.54,40.599
1790902860000,771.53,771.66,771.53,771.65,34.231
1790902920000,771.65,771.65,771.42,771.43,33.679
1790902980000,771.42,771.43,771.17,771.25,25.258
1790903040000,771.24,771.39,771.2,771.21,12.386
1790903100000,771.21,771.31,771.15,771.3,34.048
1790903160000,771.31,771.31,770.96,771.05,17.305
1790903220000,771.05,771.05,770.94,770.96,12.949
1790903280000,770.95,771.2,770.95,771.11,39.123
1790903340000,771.11,771.11,770.78,770.79,40.914
1790903400000,770.79,770.79,770.65,770.65,28.13
1790903460000,770.64,770.64,770.52,770.62,31.002
1790903520000,770.62,770.72,770.44,770.44,36.001
1790903580000,770.45,770.45,770.25,770.25,39.71
1790903640000,770.26,770.31,770.16,770.25,7.506
1790903700000,770.26,770.3,770.23,770.28,18.767
1790903760000,770.27,770.3,770.1,770.3,57.104
1790903820000,770.3,770.46,770.17,770.18,25.086
1790903880000,770.17,770.18,770.0,770.01,79.914
1790903940000,770.0,770.0,769.51,769.51,63.32
1790904000000,769.52,769.52,768.68,768.72,81.677
1790904060000,768.72,768.78,768.48,768.65,23.807
1790904120000,768.65,768.65,768.3,768.62,46.109
1790904180000,768.62,769.17,768.62,768.93,17.857
1790904240000,768.93,769.46,768.92,769.46,24.831
1790904300000,769.46,769.65,769.35,769.35,39.117
1790904360000,769.36,769.36,769.04,769.34,9.15
1790904420000,769.34,769.64,769.34,769.51,6.605
1790904480000,769.52,769.64,769.4,769.63,24.798
1790904540000,769.64,770.05,769.64,770.04,43.627
1790904600000,770.04,770.31,770.04,770.11,70.695
1790904660000,770.1,770.21,769.86,770.21,25.175
1790904720000,770.21,770.27,770.04,770.04,86.054
1790904780000,770.05,770.54,770.05,770.54,98.036
1790904840000,770.53,770.59,770.0,770.0,26.444
1790904900000,770.0,770.01,769.64,769.68,38.458
1790904960000,769.67,769.95,769.65,769.88,21.885
1790905020000,769.89,770.2,769.54,769.55,56.098
1790905080000,769.55,769.63,769.55,769.6,5.676
1790905140000,769.59,769.6,769.46,769.54,11.2
1790905200000,769.54,769.58,769.53,769.58,7.339
1790905260000,769.58,769.58,769.4,769.43,35.521
1790905320000,769.43,769.58,769.3,769.3,7.712
1790905380000,769.31,769.49,769.27,769.46,28.948
1790905440000,769.45,769.46,769.31,769.39,10.453
1790905500000,769.4,769.64,769.4,769.64,33.704
1790905560000,769.64,769.79,769.64,769.79,17.566
1790905620000,769.8,769.93,769.78,769.93,11.904
1790905680000,769.93,770.08,769.83,769.94,14.83
1790905740000,769.95,770.2,769.95,770.14,28.199
1790905800000,770.14,770.58,770.01,770.58,15.368
1790905860000,770.59,771.27,770.59,771.26,63.27
1790905920000,771.27,771.77,771.27,771.77,88.632
1790905980000,771.77,772.63,771.77,772.54,130.965
1790906040000,772.54,772.54,770.92,771.23,309.111
1790906100000,771.24,772.09,771.07,772.09,64.321
1790906160000,772.09,772.38,772.07,772.1,62.524
1790906220000,772.11,772.4,772.11,772.27,32.669
1790906280000,772.27,772.27,772.1,772.11,69.738
1790906340000,772.12,772.19,771.71,771.78,49.828
1790906400000,771.79,771.95,771.5,771.73,47.718
1790906460000,771.73,772.0,771.72,771.8,49.95
1790906520000,771.8,772.25,771.79,772.25,41.039
1790906580000,772.26,772.5,772.15,772.2,30.334
1790906640000,772.2,772.58,772.05,772.58,36.344
1790906700000,772.58,773.01,772.58,772.79,105.452
1790906760000,772.76,772.77,772.53,772.55,32.144
1790906820000,772.56,772.76,772.56,772.73,90.921
1790906880000,772.73,773.01,772.72,773.0,39.97
1790906940000,773.0,773.38,772.96,773.37,68.278
1790907000000,773.37,773.4,773.24,773.24,31.913
1790907060000,773.23,773.23,772.44,772.44,158.876
1790907120000,772.44,772.45,772.21,772.4,54.002
1790907180000,772.4,772.77,772.39,772.77,22.101
1790907240000,772.8,773.09,772.72,772.79,30.133
1790907300000,772.79,772.88,772.67,772.88,23.075
1790907360000,772.87,772.9,772.71,772.73,57.199
1790907420000,772.73,772.85,772.59,772.59,17.61
1790907480000,772.59,772.59,772.16,772.16,35.891
1790907540000,772.17,772.59,772.17,772.38,36.172
1790907600000,772.37,772.42,771.98,772.09,38.417
1790907660000,772.09,772.09,771.71,771.81,41.625
1790907720000,771.81,771.81,771.44,771.55,25.543
1790907780000,771.56,772.01,771.55,771.96,31.739
1790907840000,771.96,771.96,771.36,771.36,58.744
1790907900000,771.37,771.44,771.21,771.31,21.151
1790907960000,771.31,771.85,771.3,771.64,83.852
1790908020000,771.65,771.88,771.55,771.84,68.935
1790908080000,771.86,771.94,771.84,771.9,79.778
1790908140000,771.89,772.19,771.89,772.14,42.549
1790908200000,772.15,772.23,771.77,771.77,37.173
1790908260000,771.76,772.09,771.76,771.81,40.233
1790908320000,771.81,771.9,771.52,771.89,41.276
1790908380000,771.9,772.52,771.9,772.51,46.784
1790908440000,772.52,772.6,772.21,772.26,87.567
1790908500000,772.27,772.71,772.23,772.64,79.564
1790908560000,772.64,772.72,772.55,772.72,70.302
1790908620000,772.73,773.03,772.62,773.0,162.474
1790908680000,772.99,773.0,772.35,772.36,52.418
1790908740000,772.35,772.36,772.19,772.24,30.824
1790908800000,772.23,772.23,771.92,771.95,41.454
1790908860000,771.96,772.55,771.96,772.54,60.548
1790908920000,772.54,772.54,772.43,772.49,93.059
1790908980000,772.5,772.77,772.5,772.77,32.277
1790909040000,772.77,772.78,772.71,772.71,30.156
1790909100000,772.72,772.85,772.71,772.84,60.831
1790909160000,772.85,772.95,772.74,772.79,51.66
1790909220000,772.79,773.2,772.79,773.2,20.659
1790909280000,773.19,773.2,773.08,773.08,16.512
1790909340000,773.09,773.56,773.09,773.55,102.358
1790909400000,773.56,773.99,773.51,773.63,74.72
1790909460000,773.64,773.74,773.13,773.15,74.216
1790909520000,773.16,773.52,773.14,773.43,21.35
1790909580000,773.42,773.43,773.01,773.11,24.247
1790909640000,773.11,773.18,773.08,773.15,17.298
1790909700000,773.15,773.78,773.15,773.78,110.76
1790909760000,773.78,773.84,773.63,773.8,50.551
1790909820000,773.8,774.08,773.57,774.08,257.549
1790909880000,774.09,774.29,774.09,774.24,119.758
1790909940000,774.25,774.35,774.24,774.35,25.14
1790910000000,774.35,774.38,774.22,774.38,73.68
1790910060000,774.39,775.0,774.39,774.99,464.546
1790910120000,774.99,775.42,774.99,775.16,270.6
1790910180000,775.16,775.45,774.95,774.95,78.616
1790910240000,774.96,775.32,774.4,775.31,83.265
1790910300000,775.3,775.45,774.92,774.92,109.892
1790910360000,774.91,775.05,774.31,774.33,76.392
1790910420000,774.34,774.57,774.33,774.46,45.357
1790910480000,774.45,774.48,773.91,774.14,76.798
1790910540000,774.14,774.22,773.9,773.96,53.22
1790910600000,773.97,774.4,773.97,774.4,57.029
1790910660000,774.41,774.63,774.4,774.61,22.959
1790910720000,774.61,774.61,774.17,774.17,49.503
1790910780000,774.17,775.5,774.17,775.45,79.163
1790910840000,775.44,775.45,774.69,774.69,58.304
1790910900000,774.69,774.96,774.64,774.7,34.411
1790910960000,774.69,774.7,774.57,774.67,20.358
1790911020000,774.67,774.68,774.14,774.14,115.814
1790911080000,774.15,774.2,774.1,774.1,24.599
1790911140000,774.09,774.1,773.81,773.88,43.228
1790911200000,773.87,773.87,773.64,773.73,38.975
1790911260000,773.74,773.99,773.7,773.7,49.47
1790911320000,773.7,773.9,773.64,773.65,46.697
1790911380000,773.65,773.65,773.47,773.47,43.182
1790911440000,773.48,773.68,773.47,773.68,47.799
1790911500000,773.69,773.78,773.69,773.72,27.145
1790911560000,773.73,774.0,773.73,773.82,267.509
1790911620000,773.83,773.89,773.69,773.89,27.594
1790911680000,773.9,773.99,773.9,773.91,21.581
1790911740000,773.92,773.92,773.78,773.92,57.381
1790911800000,773.92,774.13,773.85,774.13,31.371
1790911860000,774.13,774.96,774.13,774.95,42.46
1790911920000,774.96,775.26,774.51,775.01,50.809
1790911980000,775.01,775.65,774.87,775.44,93.747
1790912040000,775.44,775.53,775.19,775.21,70.834
1790912100000,775.2,775.25,775.02,775.18,35.017
1790912160000,775.18,775.21,774.6,774.6,61.111
1790912220000,774.59,774.6,774.13,774.6,108.625
1790912280000,774.6,775.0,774.6,774.87,41.101
1790912340000,774.87,775.11,774.81,775.11,49.436
1790912400000,775.12,775.63,775.08,775.63,67.997
1790912460000,775.63,775.65,775.27,775.49,133.473
1790912520000,775.49,775.72,775.41,775.54,162.168
1790912580000,775.53,775.8,775.53,775.68,70.172
1790912640000,775.68,775.76,775.66,775.71,42.036
1790912700000,775.72,776.32,775.71,775.97,201.1
1790912760000,775.97,776.11,775.74,775.76,55.434
1790912820000,775.76,775.82,775.52,775.7,123.95
1790912880000,775.7,775.98,775.7,775.9,75.126
1790912940000,775.9,775.9,775.45,775.52,173.275
1790913000000,775.52,775.54,775.35,775.36,42.34
1790913060000,775.35,775.36,775.17,775.17,31.106
1790913120000,775.18,775.3,775.17,775.24,33.023
1790913180000,775.24,775.93,775.06,775.93,50.014
1790913240000,775.93,776.12,775.73,775.73,73.532
1790913300000,775.73,776.11,775.73,776.09,42.219
1790913360000,776.09,776.16,775.57,776.16,63.258
1790913420000,776.15,776.15,775.9,776.09,35.166
1790913480000,776.09,776.09,775.93,775.96,13.527
1790913540000,775.95,776.0,775.91,775.91,27.525
1790913600000,775.92,776.16,775.91,776.16,69.402
1790913660000,776.16,776.44,776.15,776.44,37.719
1790913720000,776.43,776.5,776.2,776.49,89.407
1790913780000,776.49,776.49,776.28,776.28,45.046
1790913840000,776.29,776.32,776.23,776.23,40.799
1790913900000,776.23,776.24,775.95,776.02,28.514
1790913960000,776.02,776.14,775.49,775.5,121.169
1790914020000,775.51,775.94,775.51,775.8,69.493
1790914080000,775.81,775.81,775.55,775.59,32.257
1790914140000,775.59,775.82,775.59,775.81,42.28
1790914200000,775.82,775.87,775.74,775.81,26.796
1790914260000,775.82,775.82,775.46,775.46,28.636
1790914320000,775.46,775.6,775.35,775.41,35.637
1790914380000,775.42,775.42,774.99,774.99,38.296
1790914440000,775.0,775.0,774.64,774.78,72.988
1790914500000,774.77,775.15,774.76,775.15,39.129
1790914560000,775.15,775.5,775.15,775.5,32.168
1790914620000,775.5,775.5,775.05,775.06,135.511
1790914680000,775.05,775.28,775.02,775.19,56.792
1790914740000,775.18,777.13,775.18,776.52,472.312
1790914800000,776.45,778.19,776.13,777.71,509.261
1790914860000,777.71,778.5,777.49,778.15,229.763
1790914920000,778.16,778.34,777.38,777.62,124.976
1790914980000,777.62,779.26,777.5,779.14,965.781
1790915040000,779.13,779.64,778.78,779.44,446.724
1790915100000,779.45,779.99,779.38,779.82,787.346
1790915160000,779.82,780.68,779.45,780.02,1437.742
1790915220000,780.03,780.49,780.02,780.38,301.603
1790915280000,780.37,780.77,780.35,780.59,199.696
1790915340000,780.6,781.6,780.6,781.46,257.094
1790915400000,781.46,782.37,781.46,782.15,513.569
1790915460000,782.14,782.31,781.7,782.01,269.032
1790915520000,781.89,782.13,781.28,781.43,335.173
1790915580000,781.4,781.44,781.09,781.21,298.259
1790915640000,781.21,781.22,780.71,780.73,195.385
1790915700000,780.72,780.73,780.01,780.34,210.596
1790915760000,780.35,780.7,780.34,780.65,106.2
1790915820000,780.66,781.95,780.66,781.21,202.589
1790915880000,781.2,781.56,781.0,781.1,63.203
1790915940000,781.09,782.0,781.09,781.99,37.473
1790916000000,782.0,782.94,781.91,782.02,368.791
1790916060000,782.03,782.62,781.9,782.3,165.375
1790916120000,782.31,782.81,782.31,782.49,264.44
1790916180000,782.49,782.64,782.21,782.41,85.839
1790916240000,782.41,782.81,782.34,782.34,223.039
1790916300000,782.33,782.36,781.59,781.59,98.772
1790916360000,781.59,782.15,781.47,782.14,79.759
1790916420000,782.11,782.47,781.69,782.47,112.893
1790916480000,782.49,782.78,782.33,782.67,91.163
1790916540000,782.67,783.0,782.65,782.65,134.563
1790916600000,782.65,783.0,782.4,782.74,231.687
1790916660000,782.74,783.29,781.53,781.63,654.416
1790916720000,781.63,781.77,781.12,781.34,118.948
1790916780000,781.34,781.67,781.26,781.27,149.532
1790916840000,781.27,781.4,781.07,781.17,73.523
1790916900000,781.17,781.77,781.17,781.71,43.384
1790916960000,781.7,781.77,781.62,781.62,22.888
1790917020000,781.63,781.83,781.5,781.83,53.1
1790917080000,781.83,781.83,781.37,781.42,76.675
1790917140000,781.43,782.14,781.43,781.95,112.643
1790917200000,781.95,782.05,781.45,781.47,72.766
1790917260000,781.49,781.7,780.71,780.92,348.337
1790917320000,780.92,781.11,780.52,780.52,76.228
1790917380000,780.52,780.93,780.52,780.92,45.498
1790917440000,780.93,780.93,780.36,780.62,123.059
1790917500000,780.62,780.63,780.28,780.28,104.922
1790917560000,780.29,780.53,780.29,780.53,46.36
1790917620000,780.53,780.82,780.17,780.23,176.654
1790917680000,780.24,780.46,780.0,780.04,122.038
1790917740000,780.05,780.15,780.04,780.06,223.113
1790917800000,780.06,780.29,780.01,780.15,138.832
1790917860000,780.15,780.49,780.14,780.49,53.517
1790917920000,780.49,780.5,780.0,780.27,68.632
1790917980000,780.28,780.28,780.01,780.22,37.554
1790918040000,780.21,780.22,780.15,780.2,25.146
1790918100000,780.2,780.2,779.81,780.04,268.288
1790918160000,780.04,781.19,779.99,780.96,1476.557
1790918220000,780.97,781.14,780.66,780.73,52.169
1790918280000,780.74,781.12,780.68,780.93,132.816
1790918340000,780.93,780.93,780.18,780.18,122.51
1790918400000,780.18,780.29,780.04,780.23,82.937
1790918460000,780.23,780.23,779.82,780.04,273.868
1790918520000,780.04,780.16,779.9,780.08,131.563
1790918580000,780.08,780.14,779.46,779.46,100.686
1790918640000,779.46,779.6,779.28,779.29,51.581
1790918700000,779.29,779.44,779.29,779.32,23.429
1790918760000,779.32,779.32,778.84,778.95,85.644
1790918820000,778.96,779.17,778.96,779.11,32.069
1790918880000,779.1,779.32,778.73,778.74,52.902
1790918940000,778.73,778.88,778.6,778.88,53.084
1790919000000,778.87,778.9,778.33,778.46,117.033
1790919060000,778.46,779.0,778.39,779.0,44.924
1790919120000,779.0,779.01,778.61,778.65,23.492
1790919180000,778.64,778.64,778.07,778.38,59.67
1790919240000,778.38,778.43,778.23,778.4,12.785
1790919300000,778.4,778.4,778.26,778.27,13.98
1790919360000,778.27,778.29,777.85,777.9,47.774
1790919420000,777.91,777.98,777.46,777.7,60.107
1790919480000,777.71,777.74,777.06,777.06,85.745
1790919540000,777.05,777.06,776.17,776.17,176.972
1790919600000,776.18,776.63,775.8,776.59,133.107
1790919660000,776.6,777.19,776.6,777.18,246.898
1790919720000,777.18,777.48,777.18,777.48,24.166
1790919780000,777.48,777.76,777.47,777.75,28.998
1790919840000,777.75,777.83,777.75,777.82,12.55
1790919900000,777.83,777.88,777.39,777.39,148.892
1790919960000,777.39,777.63,777.33,777.62,94.686
1790920020000,777.63,777.63,777.41,777.44,22.689
1790920080000,777.44,777.58,777.36,777.36,104.351
1790920140000,777.37,777.37,777.31,777.31,20.241
1790920200000,777.32,777.32,777.11,777.11,11.769
1790920260000,777.12,777.26,777.11,777.26,25.878
1790920320000,777.25,777.27,777.0,777.01,41.914
1790920380000,777.0,777.01,776.32,776.76,62.571
1790920440000,776.75,776.8,776.69,776.79,32.293
1790920500000,776.79,777.15,776.79,776.96,70.529
1790920560000,776.96,777.13,776.95,777.1,6.317
1790920620000,777.11,777.11,777.0,777.03,11.104
1790920680000,777.03,777.18,776.98,777.18,16.93
1790920740000,777.18,777.24,777.17,777.24,40.831
1790920800000,777.24,777.28,776.99,777.22,23.04
1790920860000,777.22,777.81,777.22,777.81,81.847
1790920920000,777.83,777.88,777.76,777.81,57.89
1790920980000,777.81,778.03,777.67,778.03,52.775
1790921040000,778.03,778.12,777.83,777.93,66.633
1790921100000,777.92,778.12,777.92,778.02,24.903
1790921160000,778.01,778.18,777.94,777.94,60.903
1790921220000,777.95,777.95,777.63,777.93,56.843
1790921280000,777.94,777.94,777.4,777.41,62.572
1790921340000,777.41,777.65,777.35,777.55,82.648
1790921400000,777.56,777.93,777.37,777.92,30.757
1790921460000,777.93,778.26,777.75,777.75,75.938
1790921520000,777.75,777.76,777.57,777.58,29.221
1790921580000,777.58,777.75,777.52,777.53,77.368
1790921640000,777.54,777.54,777.34,777.34,17.316
1790921700000,777.35,778.12,777.32,778.12,140.849
1790921760000,778.12,778.32,777.83,777.83,48.664
1790921820000,777.83,777.83,777.58,777.74,31.747
1790921880000,777.74,777.85,777.7,777.71,49.441
1790921940000,777.7,778.0,777.0,777.3,1017.288
1790922000000,777.29,777.66,777.26,777.66,161.515
1790922060000,777.66,778.01,777.66,777.88,64.022
1790922120000,777.89,778.1,777.88,777.93,48.68
1790922180000,777.94,778.04,777.74,778.04,89.405
1790922240000,778.03,778.12,777.97,778.1,51.469
1790922300000,778.1,778.22,778.09,778.16,31.903
1790922360000,778.16,778.19,777.92,778.0,73.5
1790922420000,778.0,778.17,778.0,778.17,12.126
1790922480000,778.18,778.32,778.15,778.31,28.036
1790922540000,778.32,778.32,777.91,777.91,89.771
1790922600000,777.92,778.0,777.54,777.55,120.708
1790922660000,777.56,777.56,777.45,777.49,29.494
1790922720000,777.5,778.23,777.49,778.23,67.777
1790922780000,778.24,778.65,778.24,778.65,86.919
1790922840000,778.66,778.86,778.2,778.2,122.35
1790922900000,778.2,778.37,777.48,777.68,137.675
1790922960000,777.69,778.08,777.69,777.96,101.49
1790923020000,777.97,777.97,777.63,777.63,42.579
1790923080000,777.64,777.71,777.43,777.5,69.468
1790923140000,777.5,777.97,777.5,777.96,30.744
1790923200000,777.96,778.1,777.74,777.91,52.561
1790923260000,777.9,777.99,777.67,777.73,147.86
1790923320000,777.73,777.82,777.69,777.7,51.322
1790923380000,777.69,777.69,777.5,777.54,59.203
1790923440000,777.54,777.8,777.53,777.79,32.044
1790923500000,777.8,777.8,777.56,777.56,67.087
1790923560000,777.57,777.78,777.56,777.77,28.523
1790923620000,777.78,777.85,777.56,777.63,62.6
1790923680000,777.63,777.63,777.37,777.37,35.281
1790923740000,777.38,777.55,777.38,777.51,112.976
1790923800000,777.52,777.76,777.51,777.76,71.067
1790923860000,777.77,777.92,777.56,777.56,41.339
1790923920000,777.57,777.57,777.26,777.48,53.712
1790923980000,777.48,777.66,777.47,777.66,76.7
1790924040000,777.67,777.86,777.57,777.86,102.414
1790924100000,777.87,778.0,777.81,777.82,92.032
1790924160000,777.81,777.88,777.56,777.56,83.907
1790924220000,777.56,777.61,777.41,777.43,61.812
1790924280000,777.43,777.63,777.28,777.5,119.599
1790924340000,777.5,777.56,777.4,777.44,40.131
1790924400000,777.44,777.5,777.11,777.12,67.938
1790924460000,777.12,777.51,777.11,777.49,95.804
1790924520000,777.48,777.49,776.99,777.0,47.379
1790924580000,777.0,777.43,776.89,777.43,179.634
1790924640000,777.43,777.59,777.01,777.01,46.583
1790924700000,777.02,777.38,777.01,777.37,63.416
1790924760000,777.38,777.83,777.28,777.83,43.951
1790924820000,777.83,777.89,777.52,777.53,33.266
1790924880000,777.53,777.58,777.46,777.48,26.977
1790924940000,777.49,777.49,777.25,777.34,22.005
1790925000000,777.35,777.35,777.15,777.34,93.983
1790925060000,777.34,777.35,777.28,777.32,31.25
1790925120000,777.32,777.35,777.16,777.16,44.561
1790925180000,777.16,777.45,777.14,777.22,60.914
1790925240000,777.23,777.27,777.1,777.24,43.32
1790925300000,777.24,777.26,777.0,777.09,88.237
1790925360000,777.09,777.1,776.54,776.56,68.854
1790925420000,776.55,776.65,776.48,776.64,43.504
1790925480000,776.65,777.0,776.54,776.86,329.449
1790925540000,776.87,776.87,776.52,776.53,66.632
1790925600000,776.53,776.55,776.18,776.21,76.232
1790925660000,776.21,776.56,776.07,776.54,50.6
1790925720000,776.55,776.65,776.42,776.42,52.462
1790925780000,776.43,776.43,776.19,776.19,58.697
1790925840000,776.2,776.64,776.2,776.36,59.763
1790925900000,776.36,776.79,776.36,776.79,30.225
1790925960000,776.79,776.79,776.63,776.73,87.53
1790926020000,776.72,776.83,776.6,776.61,44.571
1790926080000,776.61,776.8,776.61,776.72,54.424
1790926140000,776.73,776.77,776.56,776.57,73.876
1790926200000,776.57,776.57,775.25,775.26,166.97
1790926260000,775.26,775.59,775.23,775.25,125.975
1790926320000,775.25,775.42,775.25,775.3,63.946
1790926380000,775.3,775.3,775.13,775.26,77.212
1790926440000,775.26,775.31,775.06,775.08,61.062
1790926500000,775.07,775.23,775.0,775.01,415.118
1790926560000,775.0,775.3,775.0,775.15,89.645
1790926620000,775.16,775.4,775.04,775.15,206.532
1790926680000,775.14,775.27,774.76,774.87,62.589
1790926740000,774.86,775.03,774.86,774.94,70.424
1790926800000,774.94,775.08,774.87,774.91,59.591
1790926860000,774.91,775.1,774.91,775.07,297.824
1790926920000,775.06,775.1,775.06,775.09,73.218
1790926980000,775.1,775.1,775.04,775.08,212.869
1790927040000,775.08,775.08,774.88,774.97,135.737
1790927100000,774.97,775.55,774.97,775.54,558.672
1790927160000,775.53,775.58,775.04,775.04,187.932
1790927220000,775.05,775.05,774.76,774.86,67.906
1790927280000,774.86,775.2,774.82,774.83,81.498
1790927340000,774.83,775.14,774.83,775.14,83.455
1790927400000,775.14,775.14,774.79,775.01,183.64
1790927460000,775.02,775.12,775.01,775.12,114.658
1790927520000,775.12,775.52,775.12,775.35,83.707
1790927580000,775.35,775.51,775.35,775.5,65.205
1790927640000,775.5,776.08,775.49,776.05,88.94
1790927700000,776.05,776.05,775.89,776.02,71.352
1790927760000,776.01,776.43,775.9,776.42,314.899
1790927820000,776.43,776.74,776.4,776.74,75.474
1790927880000,776.74,777.1,776.2,776.2,94.037
1790927940000,776.2,776.31,776.04,776.31,92.048
1790928000000,776.31,776.61,776.12,776.25,84.282
1790928060000,776.25,776.97,776.21,776.67,100.904
1790928120000,776.67,777.28,776.67,777.28,93.457
1790928180000,777.28,777.75,777.28,777.75,74.93
1790928240000,777.75,777.77,777.49,777.49,188.858
1790928300000,777.5,777.51,776.91,776.98,194.168
1790928360000,776.97,777.15,776.82,777.09,126.524
1790928420000,777.09,777.2,776.94,777.09,78.348
1790928480000,777.09,777.21,776.85,776.96,101.063
1790928540000,776.97,777.26,776.96,777.23,88.681
1790928600000,777.23,777.35,777.13,777.34,59.814
1790928660000,777.34,777.38,777.09,777.33,339.325
1790928720000,777.32,777.33,777.0,777.0,87.064
1790928780000,777.01,777.22,776.86,777.22,81.476
1790928840000,777.22,777.23,776.94,777.04,148.861
1790928900000,777.04,777.35,776.95,777.35,153.762
1790928960000,777.35,778.17,777.35,777.99,272.073
1790929020000,777.99,779.94,777.97,779.55,582.19
1790929080000,779.55,780.13,778.64,778.99,550.393
1790929140000,778.99,779.39,778.94,779.39,170.835
1790929200000,779.4,779.4,778.94,779.3,130.658
1790929260000,779.31,780.13,779.31,779.4,175.494
1790929320000,779.4,779.91,779.22,779.7,214.843
1790929380000,779.71,780.19,779.63,779.65,202.07
1790929440000,779.64,779.65,779.51,779.61,140.264
1790929500000,779.62,779.63,779.26,779.61,81.245
1790929560000,779.6,779.91,779.51,779.7,109.683
1790929620000,779.69,779.7,779.53,779.55,88.244
1790929680000,779.55,779.55,779.3,779.39,77.785
1790929740000,779.39,779.39,779.12,779.35,65.734
1790929800000,779.36,779.92,779.2,779.87,90.905
1790929860000,779.85,779.93,779.46,779.8,113.879
1790929920000,779.79,779.79,778.78,778.78,120.412
1790929980000,778.79,779.1,778.78,778.79,79.067
1790930040000,778.8,778.8,778.27,778.52,184.007
1790930100000,778.52,778.84,778.45,778.84,87.719
1790930160000,778.84,779.45,778.84,779.25,67.551
1790930220000,779.25,780.52,779.24,780.37,162.161
1790930280000,780.37,780.51,779.81,779.87,83.476
1790930340000,779.87,779.87,779.52,779.53,115.346
1790930400000,779.53,779.7,779.33,779.7,68.481
1790930460000,779.7,779.7,779.42,779.58,133.496
1790930520000,779.59,779.59,779.3,779.31,130.19
1790930580000,779.3,779.3,779.12,779.13,62.54
1790930640000,779.12,779.13,778.94,778.94,92.693
1790930700000,778.94,779.01,778.83,778.87,150.352
1790930760000,778.88,779.0,778.77,778.86,73.593
1790930820000,778.85,778.85,778.53,778.63,72.023
1790930880000,778.64,778.64,778.48,778.48,67.962
1790930940000,778.49,778.49,778.28,778.29,56.942
1790931000000,778.28,778.63,778.24,778.42,107.305
1790931060000,778.42,778.56,778.11,778.11,106.277
1790931120000,778.12,778.22,777.93,777.93,57.804
1790931180000,777.92,777.93,777.76,777.9,71.596
1790931240000,777.9,778.0,777.7,777.7,84.193
1790931300000,777.71,778.34,777.7,778.24,149.756
1790931360000,778.25,778.25,777.9,777.9,237.91
1790931420000,777.9,777.9,777.7,777.79,123.113
1790931480000,777.78,777.79,777.61,777.62,98.115
1790931540000,777.62,777.62,777.37,777.38,167.064
1790931600000,777.38,777.38,776.76,776.76,68.188
1790931660000,776.76,776.76,776.39,776.55,136.499
1790931720000,776.54,776.54,776.23,776.24,97.219
1790931780000,776.23,776.24,776.01,776.14,67.259
1790931840000,776.14,776.14,775.74,776.06,116.932
1790931900000,776.05,776.54,776.05,776.24,151.518
1790931960000,776.24,776.25,775.96,775.97,197.95
1790932020000,775.97,776.33,775.9,776.08,182.605
1790932080000,776.07,776.08,775.8,775.91,60.402
1790932140000,775.91,776.44,774.36,776.44,1589.918
1790932200000,776.45,776.96,776.45,776.96,192.392
1790932260000,776.96,776.99,776.86,776.95,127.054
1790932320000,776.95,776.98,776.75,776.8,111.858
1790932380000,776.79,777.05,776.79,777.05,126.25
1790932440000,777.04,777.06,776.8,776.95,138.24
1790932500000,776.96,777.06,776.88,776.94,102.815
1790932560000,776.94,777.07,776.74,776.86,101.81
1790932620000,776.86,777.22,776.85,777.14,101.303
1790932680000,777.14,777.2,776.88,776.94,101.172
1790932740000,776.96,777.18,776.96,777.09,112.514
1790932800000,777.09,777.2,776.87,776.88,167.555
1790932860000,776.87,777.11,776.76,776.8,120.189
1790932920000,776.8,776.91,776.64,776.64,72.964
1790932980000,776.65,776.8,776.64,776.65,83.265
1790933040000,776.65,776.65,776.46,776.58,64.406
1790933100000,776.58,776.58,776.25,776.46,97.059
1790933160000,776.46,776.46,776.15,776.2,67.876
1790933220000,776.21,776.21,775.26,775.26,281.725
1790933280000,775.25,775.25,774.94,775.13,136.313
1790933340000,775.13,775.6,775.04,775.59,147.201
1790933400000,775.6,775.8,775.55,775.8,98.809
1790933460000,775.8,775.9,775.6,775.9,256.043
1790933520000,775.9,776.31,775.89,776.12,674.261
1790933580000,776.11,776.19,776.09,776.1,133.959
1790933640000,776.1,776.65,776.09,776.49,178.714
1790933700000,776.48,776.49,775.71,775.86,120.534
1790933760000,775.86,776.06,775.74,775.76,85.208
1790933820000,775.76,776.14,775.75,775.85,142.617
1790933880000,775.85,776.16,775.85,776.16,65.762
1790933940000,776.16,776.44,776.16,776.3,85.603
1790934000000,776.3,776.57,776.29,776.4,74.706
1790934060000,776.41,776.55,776.32,776.36,148.109
1790934120000,776.36,776.37,776.16,776.31,187.753
1790934180000,776.32,776.32,775.94,776.0,606.527
1790934240000,776.0,776.0,775.6,775.6,95.212
1790934300000,775.61,775.75,775.47,775.74,103.857
1790934360000,775.75,775.86,775.41,775.59,166.787
1790934420000,775.6,775.68,775.26,775.36,68.801
1790934480000,775.37,776.0,775.37,776.0,73.878
1790934540000,776.0,776.58,775.99,776.19,75.389
1790934600000,776.19,776.41,776.02,776.32,103.484
1790934660000,776.32,776.62,776.31,776.52,94.837
1790934720000,776.52,776.78,776.52,776.69,50.298
1790934780000,776.69,776.69,776.64,776.69,49.492
1790934840000,776.69,776.78,776.69,776.78,115.851
1790934900000,776.78,776.96,776.77,776.96,125.663
1790934960000,776.96,777.09,776.96,777.07,75.14
1790935020000,777.07,777.07,776.8,776.87,107.307
1790935080000,776.87,776.93,776.54,776.55,149.831
1790935140000,776.56,776.7,776.55,776.61,51.264
1790935200000,776.61,776.86,776.55,776.83,80.052
1790935260000,776.83,776.96,776.72,776.82,46.965
1790935320000,776.83,776.83,776.55,776.56,70.427
1790935380000,776.56,776.92,776.56,776.84,68.35
1790935440000,776.85,777.11,776.81,777.11,46.286
1790935500000,777.11,777.19,777.08,777.1,50.636
1790935560000,777.1,777.1,776.39,776.4,60.916
1790935620000,776.4,777.05,776.39,776.71,77.813
1790935680000,776.72,776.83,776.72,776.77,47.703
1790935740000,776.78,776.85,776.46,776.47,37.497
1790935800000,776.47,776.58,776.34,776.38,71.808
1790935860000,776.38,776.44,776.12,776.12,60.538
1790935920000,776.13,776.19,775.95,776.15,86.568
1790935980000,776.15,776.15,775.92,775.99,41.936
1790936040000,775.99,776.03,775.91,776.03,45.245
1790936100000,776.04,776.4,775.96,776.4,57.768
1790936160000,776.4,776.9,776.4,776.89,96.177
1790936220000,776.89,776.89,776.57,776.58,66.527
1790936280000,776.58,776.9,776.55,776.57,54.712
1790936340000,776.56,776.58,776.52,776.57,36.772
1790936400000,776.57,776.81,776.56,776.63,61.237
1790936460000,776.64,776.64,776.28,776.45,322.637
1790936520000,776.45,776.45,775.73,775.76,108.153
1790936580000,775.76,775.91,775.55,775.91,286.544
1790936640000,775.91,775.91,775.34,775.64,232.542
1790936700000,775.64,775.96,775.59,775.81,153.272
1790936760000,775.82,776.12,775.81,776.12,71.405
1790936820000,776.12,776.55,775.92,776.39,347.159
1790936880000,776.4,776.75,776.4,776.74,82.263
1790936940000,776.75,776.84,776.71,776.73,84.533
1790937000000,776.72,776.75,776.48,776.6,74.623
1790937060000,776.6,776.71,776.18,776.18,147.058
1790937120000,776.19,776.57,776.06,776.36,66.418
1790937180000,776.37,776.4,776.36,776.39,33.485
1790937240000,776.4,776.83,776.39,776.56,94.116
1790937300000,776.56,777.07,776.5,777.07,98.347
1790937360000,777.09,777.09,776.68,776.68,60.62
1790937420000,776.69,776.75,776.39,776.39,42.076
1790937480000,776.4,776.55,776.37,776.54,53.745
1790937540000,776.55,776.76,776.54,776.71,49.999
1790937600000,776.72,776.97,776.72,776.92,69.974
1790937660000,776.93,777.31,776.92,777.24,90.423
1790937720000,777.24,777.45,777.14,777.14,65.644
1790937780000,777.14,777.37,776.96,777.06,81.165
1790937840000,777.07,777.07,776.89,776.97,44.243
1790937900000,776.98,777.1,776.91,777.04,72.386
1790937960000,777.04,777.04,776.84,776.85,31.529
1790938020000,776.85,776.97,776.71,776.76,51.301
1790938080000,776.77,776.77,776.5,776.53,43.099
1790938140000,776.53,776.53,776.3,776.38,55.895
1790938200000,776.38,776.38,776.14,776.28,27.033
1790938260000,776.29,776.31,776.06,776.07,40.977
1790938320000,776.07,776.18,776.03,776.13,51.148
1790938380000,776.13,776.14,776.0,776.0,39.15
1790938440000,776.01,776.51,776.01,776.37,160.783
1790938500000,776.36,776.76,776.32,776.33,60.692
1790938560000,776.33,776.33,776.08,776.16,52.763
1790938620000,776.17,776.17,776.03,776.07,41.967
1790938680000,776.07,776.21,776.07,776.2,40.113
1790938740000,776.2,776.2,776.13,776.15,51.967
1790938800000,776.15,776.41,775.98,775.98,58.849
1790938860000,775.98,776.18,775.75,775.96,82.714
1790938920000,775.96,776.32,775.96,776.29,59.317
1790938980000,776.29,776.29,776.09,776.29,43.363
1790939040000,776.29,776.58,776.28,776.58,49.693
1790939100000,776.57,776.74,776.57,776.7,110.957
1790939160000,776.71,776.78,776.7,776.77,35.074
1790939220000,776.78,776.85,776.77,776.85,54.531
1790939280000,776.85,777.19,776.68,777.19,71.321
1790939340000,777.18,777.53,777.18,777.53,171.827
1790939400000,777.53,777.53,777.23,777.39,58.983
1790939460000,777.39,777.53,777.38,777.49,77.41
1790939520000,777.49,777.61,777.36,777.53,161.625
1790939580000,777.52,777.52,777.32,777.33,96.205
1790939640000,777.32,777.47,777.19,777.47,53.441
1790939700000,777.47,777.62,777.47,777.62,45.517
1790939760000,777.62,777.69,777.47,777.47,152.252
1790939820000,777.48,777.67,777.28,777.66,50.004
1790939880000,777.67,777.69,777.53,777.67,64.414
1790939940000,777.68,777.68,777.6,777.62,51.396
1790940000000,777.62,777.75,777.52,777.74,134.017
1790940060000,777.75,777.84,777.61,777.62,51.622
1790940120000,777.62,777.83,777.61,777.83,95.578
1790940180000,777.82,777.83,777.67,777.82,89.877
1790940240000,777.83,777.83,777.63,777.83,64.315
1790940300000,777.83,777.88,777.64,777.88,90.412
1790940360000,777.87,777.93,777.83,777.85,65.479
1790940420000,777.85,777.94,777.74,777.92,57.405
1790940480000,777.91,777.92,777.89,777.89,43.728
1790940540000,777.9,777.9,777.84,777.86,83.818
1790940600000,777.87,778.14,777.86,778.07,122.294
1790940660000,778.07,778.54,778.05,778.51,79.825
1790940720000,778.52,778.55,778.33,778.54,97.809
1790940780000,778.54,778.68,778.43,778.66,105.504
1790940840000,778.67,778.67,778.35,778.36,66.055
1790940900000,778.36,778.5,778.35,778.44,42.25
1790940960000,778.43,778.57,778.43,778.57,77.548
1790941020000,778.56,778.59,778.51,778.55,44.587
1790941080000,778.56,778.59,778.55,778.55,42.732
1790941140000,778.56,778.59,778.55,778.59,40.657
1790941200000,778.59,778.59,778.22,778.23,60.252
1790941260000,778.23,778.74,778.07,778.48,203.645
1790941320000,778.49,778.49,778.42,778.46,46.401
1790941380000,778.47,778.64,778.35,778.36,94.92
1790941440000,778.35,778.61,778.17,778.58,52.759
1790941500000,778.57,778.67,778.18,778.67,151.478
1790941560000,778.66,778.66,778.45,778.46,66.826
1790941620000,778.46,778.46,777.96,777.96,120.397
1790941680000,777.96,778.28,777.93,778.0,69.115
1790941740000,777.99,778.39,777.96,778.39,143.198
1790941800000,778.39,778.44,778.39,778.4,42.075
1790941860000,778.4,778.45,778.4,778.44,41.63
1790941920000,778.45,778.72,778.44,778.72,78.878
1790941980000,778.71,778.72,778.31,778.35,67.749
1790942040000,778.34,778.61,778.34,778.6,35.785
1790942100000,778.6,778.62,778.2,778.2,141.993
1790942160000,778.21,778.32,778.08,778.32,58.624
1790942220000,778.32,778.33,778.22,778.24,40.354
1790942280000,778.25,778.25,778.0,778.02,86.071
1790942340000,778.01,778.03,777.9,778.0,104.915
1790942400000,778.0,778.0,777.81,777.91,72.419
1790942460000,777.9,777.9,777.35,777.38,67.515
1790942520000,777.37,777.52,777.21,777.26,95.172
1790942580000,777.26,777.86,777.25,777.56,64.208
1790942640000,777.57,778.03,777.57,778.02,66.502
1790942700000,778.02,778.27,777.76,777.76,103.702
1790942760000,777.75,778.07,777.68,778.04,72.008
1790942820000,778.04,778.32,778.04,778.28,56.463
1790942880000,778.28,778.4,778.11,778.4,32.528
1790942940000,778.4,778.47,778.29,778.3,88.596
1790943000000,778.29,778.51,778.17,778.49,48.963
1790943060000,778.49,778.7,778.49,778.7,84.198
1790943120000,778.69,778.89,778.49,778.64,88.348
1790943180000,778.63,778.63,778.42,778.5,112.276
1790943240000,778.5,778.5,778.08,778.24,67.536
1790943300000,778.24,778.5,778.0,778.49,36.673
1790943360000,778.5,778.96,778.5,778.85,61.742
1790943420000,778.83,778.95,778.76,778.95,53.547
1790943480000,778.94,779.2,778.94,779.07,95.225
1790943540000,779.08,779.39,779.0,779.08,49.999
1790943600000,779.09,779.14,778.81,779.14,74.945
1790943660000,779.15,779.23,779.08,779.09,39.925
1790943720000,779.1,779.39,779.04,779.38,72.846
1790943780000,779.39,779.39,778.83,778.83,57.57
1790943840000,778.83,779.04,778.61,778.87,58.649
1790943900000,778.86,779.38,778.59,779.23,120.337
1790943960000,779.23,779.23,778.89,779.16,63.222
1790944020000,779.17,779.17,779.02,779.03,30.614
1790944080000,779.03,779.03,778.63,778.84,76.426
1790944140000,778.84,779.33,778.75,779.05,96.814
1790944200000,779.04,781.92,778.26,780.53,1800.69
1790944260000,780.54,782.19,779.73,779.83,553.838
1790944320000,779.87,780.83,779.87,780.52,453.312
1790944380000,780.52,780.52,779.06,779.52,353.435
1790944440000,779.51,780.0,778.96,779.83,157.757
1790944500000,779.82,779.97,779.25,779.45,163.285
1790944560000,779.44,780.51,778.86,780.39,217.941
1790944620000,780.38,780.88,780.21,780.7,288.436
1790944680000,780.71,780.71,780.27,780.27,371.119
1790944740000,780.27,780.49,779.93,780.46,246.689
1790944800000,780.46,780.46,779.86,779.96,623.864
1790944860000,779.96,779.96,778.27,778.56,253.609
1790944920000,778.57,779.22,778.05,778.89,202.115
1790944980000,778.89,778.89,777.6,777.74,442.502
1790945040000,777.74,778.4,777.74,777.84,179.446
1790945100000,777.85,778.62,777.74,778.59,149.224
1790945160000,778.59,779.41,778.59,779.25,126.425
1790945220000,779.26,779.93,779.13,779.9,193.068
1790945280000,779.89,780.0,779.74,779.75,180.815
1790945340000,779.75,780.03,779.59,779.71,142.452
1790945400000,779.71,780.16,779.39,779.83,102.968
1790945460000,779.84,779.89,779.38,779.54,74.278
1790945520000,779.53,780.16,779.53,779.97,71.092
1790945580000,779.96,780.03,779.64,779.77,139.963
1790945640000,779.77,780.2,779.7,780.2,90.696
1790945700000,780.2,780.7,780.2,780.53,351.864
1790945760000,780.53,780.65,780.39,780.64,186.448
1790945820000,780.64,780.77,780.0,780.71,730.907
1790945880000,780.72,781.23,780.64,781.01,635.747
1790945940000,781.02,781.4,780.91,781.34,318.568
1790946000000,781.34,781.68,781.07,781.67,325.212
1790946060000,781.68,782.23,781.64,782.18,285.037
1790946120000,782.18,782.37,781.93,782.16,463.137
1790946180000,782.17,782.25,781.3,782.05,487.674
1790946240000,782.05,782.27,781.75,781.75,230.945
1790946300000,781.75,781.82,780.54,780.81,420.323
1790946360000,780.8,781.08,780.65,780.66,117.579
1790946420000,780.66,781.2,780.65,781.2,207.765
1790946480000,781.2,781.85,781.2,781.58,316.084
1790946540000,781.57,781.82,781.39,781.73,264.395
1790946600000,781.73,781.92,781.73,781.91,128.593
1790946660000,781.92,781.97,781.44,781.45,202.312
1790946720000,781.44,781.76,781.44,781.74,94.992
1790946780000,781.74,781.75,781.55,781.55,127.667
1790946840000,781.56,781.77,781.12,781.12,67.263
1790946900000,781.12,781.28,780.79,781.28,257.877
1790946960000,781.28,781.45,781.03,781.29,66.269
1790947020000,781.29,781.41,781.02,781.03,54.921
1790947080000,781.03,781.1,780.75,780.75,114.343
1790947140000,780.76,781.33,780.75,781.19,101.797
1790947200000,781.18,781.2,780.88,781.2,85.546
1790947260000,781.19,781.33,780.8,780.8,66.832
1790947320000,780.81,780.91,780.44,780.44,79.601
1790947380000,780.43,780.43,779.96,779.96,114.162
1790947440000,779.96,780.25,779.88,780.24,148.211
1790947500000,780.24,780.37,780.04,780.28,121.772
1790947560000,780.26,780.66,780.17,780.27,138.201
1790947620000,780.27,780.38,779.99,780.23,51.46
1790947680000,780.24,780.73,780.24,780.52,94.425
1790947740000,780.52,780.52,780.39,780.41,53.307
1790947800000,780.4,780.74,780.3,780.74,107.06
1790947860000,780.74,781.5,780.5,781.5,60.919
1790947920000,781.5,782.19,781.5,782.01,88.689
1790947980000,782.0,782.2,781.91,782.05,76.397
1790948040000,782.05,782.54,781.93,782.53,97.042
1790948100000,782.54,783.27,782.53,782.98,174.19
1790948160000,782.97,783.81,782.97,783.81,371.163
1790948220000,783.81,784.46,783.53,783.54,224.174
1790948280000,783.54,783.71,782.56,782.68,133.736
1790948340000,782.69,783.43,782.63,783.19,123.897
1790948400000,783.2,783.45,782.95,783.28,104.983
1790948460000,783.27,783.27,782.5,782.62,128.733
1790948520000,782.61,782.64,782.05,782.22,88.497
1790948580000,782.21,782.65,782.07,782.44,172.785
1790948640000,782.4,782.6,782.0,782.29,65.538
1790948700000,782.3,782.76,782.3,782.72,109.734
1790948760000,782.72,782.84,782.35,782.59,405.752
1790948820000,782.59,783.04,782.43,782.78,46.9
1790948880000,782.78,782.79,781.39,782.19,311.72
1790948940000,782.19,782.4,781.89,781.95,198.899
1790949000000,781.95,781.96,781.36,781.44,686.276
1790949060000,781.44,781.55,780.91,780.91,135.397
1790949120000,780.91,781.67,780.91,781.5,122.273
1790949180000,781.5,781.93,781.37,781.85,77.535
1790949240000,781.85,782.01,781.21,781.21,75.92
1790949300000,781.21,781.27,780.82,781.24,104.117
1790949360000,781.24,781.78,780.88,780.88,175.114
1790949420000,780.87,781.4,780.3,780.78,398.323
1790949480000,780.77,781.05,780.35,781.05,121.603
1790949540000,781.05,781.46,780.73,780.73,57.464
1790949600000,780.74,780.8,780.23,780.51,86.421
1790949660000,780.53,781.08,780.11,781.08,243.848
1790949720000,781.08,781.79,781.05,781.7,59.491
1790949780000,781.69,781.77,781.21,781.61,166.482
1790949840000,781.61,782.18,781.6,782.18,54.014
1790949900000,782.19,782.36,781.73,781.73,129.616
1790949960000,781.7,781.7,780.72,780.74,46.462
1790950020000,780.73,780.77,779.95,779.96,138.024
1790950080000,779.96,780.24,779.31,780.21,160.238
1790950140000,780.22,780.67,779.98,779.98,86.452
1790950200000,779.97,780.16,779.5,779.57,117.262
1790950260000,779.58,779.88,779.11,779.11,172.928
1790950320000,779.12,780.05,779.12,779.92,73.013
1790950380000,779.93,780.23,779.81,780.17,80.962
1790950440000,780.17,780.17,779.7,779.77,91.419
1790950500000,779.78,779.9,779.44,779.55,155.988
1790950560000,779.55,780.05,779.36,780.05,153.935
1790950620000,780.05,780.46,780.0,780.46,80.156
1790950680000,780.46,780.87,780.44,780.45,74.71
1790950740000,780.45,780.98,780.3,780.94,81.544
1790950800000,780.94,781.22,780.79,781.21,110.594
1790950860000,781.2,781.8,781.09,781.8,92.729
1790950920000,781.8,781.8,781.04,781.37,142.148
1790950980000,781.37,781.47,781.2,781.34,86.533
1790951040000,781.34,781.51,781.28,781.28,36.216
1790951100000,781.28,781.28,780.4,780.41,64.565
1790951160000,780.41,780.44,780.08,780.08,80.55
1790951220000,780.08,780.3,779.24,779.24,79.254
1790951280000,779.23,779.52,779.15,779.37,98.841
1790951340000,779.37,779.41,778.62,778.69,153.251
1790951400000,778.7,778.71,778.11,778.51,125.598
1790951460000,778.51,778.86,778.34,778.36,84.329
1790951520000,778.37,778.98,777.97,778.69,115.64
1790951580000,778.7,778.7,777.69,777.96,67.743
1790951640000,777.97,778.01,776.34,777.29,362.365
1790951700000,777.29,777.92,776.98,777.54,843.509
1790951760000,777.54,777.78,777.07,777.56,112.851
1790951820000,777.56,777.69,776.48,776.48,251.359
1790951880000,776.49,777.82,776.49,777.58,105.33
1790951940000,777.59,777.83,777.52,777.81,198.829
1790952000000,777.81,777.81,777.45,777.71,69.362
1790952060000,777.71,778.04,777.4,778.04,179.932
1790952120000,778.05,778.49,778.05,778.29,70.674
1790952180000,778.3,778.32,778.09,778.23,89.337
1790952240000,778.22,778.22,777.65,777.96,160.26
1790952300000,777.95,778.32,777.76,777.8,81.077
1790952360000,777.81,778.23,777.81,778.22,62.056
1790952420000,778.2,778.74,778.06,778.74,117.565
1790952480000,778.74,778.88,778.72,778.88,73.406
1790952540000,778.88,778.93,778.44,778.54,101.227
1790952600000,778.55,778.55,778.12,778.2,72.297
1790952660000,778.2,778.2,777.48,777.75,74.202
1790952720000,777.74,777.74,776.73,777.28,450.5
1790952780000,777.33,777.48,776.77,776.77,39.284
1790952840000,776.77,776.77,774.56,774.57,471.37
1790952900000,774.57,774.75,772.95,774.69,433.331
1790952960000,774.71,775.35,774.23,775.35,92.876
1790953020000,775.36,775.72,775.07,775.58,90.978
1790953080000,775.58,775.6,775.1,775.15,91.908
1790953140000,775.15,775.55,775.15,775.47,34.87
1790953200000,775.46,776.0,775.46,775.48,119.724
1790953260000,775.48,775.99,775.26,775.99,43.888
1790953320000,775.98,775.99,775.18,775.25,75.538
1790953380000,775.25,775.53,774.78,775.09,124.414
1790953440000,775.09,775.47,774.69,774.9,107.434
1790953500000,774.89,775.12,773.8,774.05,224.367
1790953560000,774.04,774.04,773.16,773.84,302.136
1790953620000,773.84,773.91,772.89,772.99,153.37
1790953680000,773.0,774.39,772.96,774.31,87.092
1790953740000,774.32,774.93,774.13,774.9,69.057
1790953800000,774.85,775.49,774.83,775.3,90.842
1790953860000,775.29,775.85,775.0,775.39,111.963
1790953920000,775.39,775.6,774.55,774.55,89.397
1790953980000,774.55,775.24,774.42,775.24,63.651
1790954040000,775.24,775.46,775.24,775.46,23.127
1790954100000,775.45,776.12,774.97,774.97,82.581
1790954160000,774.96,774.97,773.9,773.9,128.697
1790954220000,773.88,774.54,773.8,774.24,67.112
1790954280000,774.25,775.08,774.25,774.78,79.005
1790954340000,774.78,774.99,774.23,774.38,73.387
1790954400000,774.38,774.97,774.19,774.27,58.27
1790954460000,774.26,774.74,774.25,774.69,130.858
1790954520000,774.69,775.12,774.37,774.38,39.449
1790954580000,774.38,774.38,774.01,774.28,41.987
1790954640000,774.28,774.36,773.16,773.24,60.975
1790954700000,773.23,773.55,772.92,773.51,36.113
1790954760000,773.51,774.06,773.39,774.06,82.949
1790954820000,774.06,774.71,774.06,774.56,51.958
1790954880000,774.56,774.71,774.49,774.5,93.838
1790954940000,774.5,774.54,773.85,774.2,65.839
1790955000000,774.17,774.31,773.78,773.9,126.687
1790955060000,773.91,774.18,773.46,773.49,56.659
1790955120000,773.5,773.59,772.97,773.32,32.748
1790955180000,773.32,774.03,773.2,773.99,13.242
1790955240000,773.99,774.3,773.39,773.45,134.247
1790955300000,773.46,774.21,773.46,773.98,66.167
1790955360000,773.96,774.0,773.63,773.91,94.068
1790955420000,773.9,774.24,773.45,773.54,45.087
1790955480000,773.54,773.89,773.44,773.89,18.153
1790955540000,773.88,773.88,773.22,773.48,49.991
1790955600000,773.41,773.41,772.8,773.06,115.42
1790955660000,773.02,773.02,772.28,773.02,179.847
1790955720000,773.04,774.06,772.99,774.06,39.146
1790955780000,774.07,774.27,773.43,773.44,77.267
1790955840000,773.43,773.48,773.26,773.48,88.768
1790955900000,773.49,773.71,773.03,773.06,32.312
1790955960000,773.06,773.27,772.68,773.08,53.533
1790956020000,773.08,773.37,773.05,773.37,77.075
1790956080000,773.37,773.94,773.37,773.56,239.417
1790956140000,773.55,773.6,773.23,773.58,202.013
1790956200000,773.59,773.86,773.26,773.32,74.967
1790956260000,773.32,773.95,773.24,773.62,32.704
1790956320000,773.62,773.62,772.8,772.91,41.485
1790956380000,772.91,773.32,772.8,772.83,108.852
1790956440000,772.84,773.33,772.5,772.65,23.671
1790956500000,772.65,772.72,772.25,772.71,95.711
1790956560000,772.71,773.45,772.71,773.36,47.433
1790956620000,773.36,773.42,773.27,773.32,41.212
1790956680000,773.32,773.48,773.11,773.16,154.249
1790956740000,773.15,773.46,773.08,773.46,166.203
1790956800000,773.46,774.55,773.46,774.5,203.129
1790956860000,774.51,775.45,774.35,775.43,65.465
1790956920000,775.44,775.67,775.2,775.31,82.013
1790956980000,775.31,775.4,775.07,775.11,52.437
1790957040000,775.1,775.49,774.88,775.49,59.925
1790957100000,775.48,775.62,774.73,774.74,70.423
1790957160000,774.74,775.05,774.49,774.62,14.527
1790957220000,774.63,774.72,774.15,774.15,29.392
1790957280000,774.15,774.58,773.85,774.43,46.986
1790957340000,774.43,774.46,774.02,774.35,54.831
1790957400000,774.35,774.49,773.73,773.78,23.979
1790957460000,773.79,773.92,773.28,773.28,69.386
1790957520000,773.28,773.55,773.02,773.23,45.897
1790957580000,773.24,773.97,773.19,773.63,46.694
1790957640000,773.63,773.81,773.46,773.77,12.601
1790957700000,773.78,774.35,773.7,774.35,33.438
1790957760000,774.34,774.49,774.06,774.33,101.987
1790957820000,774.35,774.63,774.35,774.51,28.526
1790957880000,774.5,775.25,774.5,774.84,92.653
1790957940000,774.84,775.1,774.84,775.08,55.18
1790958000000,775.09,775.09,774.64,774.91,38.503
1790958060000,774.9,775.0,774.71,774.86,119.815
1790958120000,774.86,774.86,774.0,774.26,33.549
1790958180000,774.26,774.26,773.61,773.69,46.242
1790958240000,773.73,773.94,773.05,773.25,53.741
1790958300000,773.25,773.93,773.25,773.48,36.296
1790958360000,773.48,773.75,773.47,773.48,41.099
1790958420000,773.49,774.06,773.36,774.03,42.535
1790958480000,774.03,774.03,773.62,773.82,53.596
1790958540000,773.83,773.83,772.98,773.29,675.368
1790958600000,773.2,773.92,773.2,773.89,47.693
1790958660000,773.9,774.1,773.7,773.71,29.061
1790958720000,773.71,773.87,773.52,773.65,103.651
1790958780000,773.65,774.03,773.58,773.85,31.231
1790958840000,773.85,774.48,773.85,773.99,82.515
1790958900000,773.98,774.45,773.97,774.13,38.008
1790958960000,774.13,774.38,774.09,774.38,32.805
1790959020000,774.38,774.38,773.97,773.97,41.413
1790959080000,773.97,774.11,773.75,773.81,32.745
1790959140000,773.8,774.02,773.61,773.61,36.716
1790959200000,773.61,773.61,773.38,773.49,85.171
1790959260000,773.49,773.62,773.06,773.2,76.434
1790959320000,773.21,773.21,772.84,773.01,84.178
1790959380000,773.04,773.82,773.04,773.82,80.758
1790959440000,773.83,774.06,773.83,774.06,70.264
1790959500000,774.06,774.65,774.06,774.65,15.827
1790959560000,774.65,774.8,774.55,774.55,34.959
1790959620000,774.51,774.63,774.19,774.19,13.869
1790959680000,774.19,774.33,774.09,774.13,21.758
1790959740000,774.14,774.45,774.14,774.37,23.193
1790959800000,774.37,774.55,774.08,774.47,22.055
1790959860000,774.48,775.0,774.14,774.26,27.259
1790959920000,774.26,774.36,774.04,774.04,54.243
1790959980000,774.04,774.15,773.93,774.01,14.582
1790960040000,774.02,774.14,773.9,773.9,13.503
1790960100000,773.88,773.94,773.77,773.77,11.869
1790960160000,773.77,773.77,773.28,773.63,34.214
1790960220000,773.62,774.0,773.62,773.74,36.739
1790960280000,773.75,774.0,773.74,773.93,33.061
1790960340000,773.93,773.99,773.67,773.88,37.127
1790960400000,773.89,774.15,773.75,774.15,40.138
1790960460000,774.15,774.79,774.14,774.79,78.567
1790960520000,774.78,774.91,774.72,774.84,26.92
1790960580000,774.83,774.9,774.73,774.88,31.166
1790960640000,774.88,774.88,774.48,774.52,85.728
1790960700000,774.52,774.88,774.5,774.81,46.432
1790960760000,774.82,774.94,774.27,774.28,144.171
1790960820000,774.28,774.39,774.02,774.06,34.722
1790960880000,774.06,774.64,774.06,774.21,35.999
1790960940000,774.21,774.21,773.83,774.06,138.211
1790961000000,774.07,774.12,774.0,774.06,16.212
1790961060000,774.05,774.05,773.43,773.82,43.671
1790961120000,773.82,774.18,773.65,774.15,11.097
1790961180000,774.17,774.17,773.25,773.39,55.484
1790961240000,773.39,773.55,772.48,772.74,104.824
1790961300000,772.75,772.78,771.61,771.62,237.941
1790961360000,771.62,772.78,771.46,772.78,94.073
1790961420000,772.79,773.08,772.69,772.94,30.577
1790961480000,772.94,773.59,772.94,773.56,60.176
1790961540000,773.55,774.09,773.53,774.09,35.173
1790961600000,774.1,774.18,773.79,774.18,33.003
1790961660000,774.17,774.18,773.5,773.9,24.704
1790961720000,773.91,774.17,773.72,773.72,41.965
1790961780000,773.71,773.71,773.29,773.31,32.265
1790961840000,773.3,773.3,772.03,772.42,242.069
1790961900000,772.45,772.67,771.55,772.32,369.891
1790961960000,772.34,772.59,772.15,772.4,35.06
1790962020000,772.4,772.4,771.86,772.02,58.892
1790962080000,772.01,772.12,771.93,772.0,54.093
1790962140000,772.01,772.16,771.94,772.01,105.949
1790962200000,772.01,772.48,771.98,772.31,109.796
1790962260000,772.31,772.78,772.26,772.56,61.114
1790962320000,772.56,772.57,771.71,772.49,24.658
1790962380000,772.48,772.91,772.48,772.87,53.844
1790962440000,772.87,773.17,772.87,773.0,21.293
1790962500000,772.99,773.0,772.63,772.74,61.136
1790962560000,772.74,772.78,772.49,772.61,80.14
1790962620000,772.61,772.76,772.49,772.5,69.703
1790962680000,772.5,772.68,772.39,772.44,47.723
1790962740000,772.44,772.44,771.65,771.79,141.51
1790962800000,771.79,772.29,771.72,772.22,36.475
1790962860000,772.23,772.27,771.83,772.1,146.313
1790962920000,772.11,772.11,771.42,771.42,77.33
1790962980000,771.41,771.98,771.2,771.98,101.243
1790963040000,771.98,772.51,771.98,772.29,68.692
1790963100000,772.29,772.58,771.64,771.72,70.237
1790963160000,771.72,772.31,771.72,772.31,57.99
1790963220000,772.32,772.66,772.32,772.65,47.53
1790963280000,772.65,772.97,772.54,772.96,16.96
1790963340000,772.97,773.59,772.96,773.56,71.928
1790963400000,773.56,774.04,773.13,773.57,206.92
1790963460000,773.56,773.93,773.45,773.92,22.624
1790963520000,773.92,774.02,773.78,773.91,30.607
1790963580000,773.91,773.93,773.5,773.51,27.69
1790963640000,773.51,773.56,773.45,773.53,12.468
1790963700000,773.52,773.52,773.29,773.34,8.299
1790963760000,773.34,773.37,773.32,773.33,24.631
1790963820000,773.33,773.7,773.33,773.33,15.68
1790963880000,773.33,773.43,773.32,773.42,33.127
1790963940000,773.43,773.85,773.42,773.74,37.484
1790964000000,773.75,774.4,773.62,774.21,66.874
1790964060000,774.2,774.28,773.91,774.0,20.307
1790964120000,773.99,774.02,773.88,773.96,28.568
1790964180000,773.96,773.96,773.72,773.73,4.917
1790964240000,773.72,773.97,773.66,773.87,57.555
1790964300000,773.86,773.86,773.46,773.47,45.95
1790964360000,773.47,773.62,773.22,773.51,41.462
1790964420000,773.51,773.61,773.23,773.39,18.817
1790964480000,773.4,773.4,773.22,773.23,28.478
1790964540000,773.22,773.22,772.74,772.74,60.996
1790964600000,772.74,772.84,772.64,772.83,61.67
1790964660000,772.84,773.09,772.84,773.01,155.566
1790964720000,773.02,773.34,773.01,773.15,28.757
1790964780000,773.15,773.73,772.91,773.64,165.741
1790964840000,773.64,773.97,773.63,773.92,27.026
1790964900000,773.91,773.91,773.72,773.74,33.732
1790964960000,773.73,773.79,772.66,772.66,152.055
1790965020000,772.67,772.67,771.84,772.37,201.961
1790965080000,772.38,772.48,771.57,771.57,39.326
1790965140000,771.58,771.58,770.59,770.72,230.182
1790965200000,770.71,770.98,770.48,770.55,63.912
1790965260000,770.58,770.65,770.42,770.43,54.003
1790965320000,770.43,770.43,770.07,770.19,101.654
1790965380000,770.2,770.52,770.19,770.37,32.951
1790965440000,770.36,770.6,770.14,770.59,20.007
1790965500000,770.59,770.67,770.25,770.25,81.469
1790965560000,770.24,770.24,770.07,770.07,27.897
1790965620000,770.08,770.1,769.69,769.79,207.128
1790965680000,769.79,769.88,768.98,769.57,1494.781
1790965740000,769.58,769.6,769.49,769.54,40.19
1790965800000,769.54,769.67,768.89,768.9,117.612
1790965860000,768.9,768.9,768.49,768.72,252.888
1790965920000,768.73,769.06,768.52,768.88,64.919
1790965980000,768.89,768.89,768.07,768.07,215.895
1790966040000,768.08,768.15,767.84,767.86,333.851
1790966100000,767.86,767.87,766.76,767.1,507.763
1790966160000,767.1,767.32,766.73,767.25,163.42
1790966220000,767.25,767.68,767.06,767.12,147.282
1790966280000,767.11,767.12,766.39,766.39,118.917
1790966340000,766.38,766.39,762.36,762.52,2135.711
1790966400000,762.52,763.52,761.63,763.4,1188.787
1790966460000,763.4,763.97,761.83,762.65,525.43
1790966520000,762.66,762.9,761.61,762.59,430.452
1790966580000,762.59,763.61,761.32,761.32,337.013
1790966640000,761.31,761.58,760.75,761.25,513.125
1790966700000,761.25,762.29,761.13,761.96,205.751
1790966760000,761.97,762.76,761.7,762.69,167.8
1790966820000,762.7,762.72,760.35,760.57,339.733
1790966880000,760.57,761.98,760.57,761.84,243.423
1790966940000,761.84,762.51,761.81,761.81,149.239
1790967000000,761.82,762.05,761.52,761.86,152.165
1790967060000,761.86,763.61,761.86,763.53,249.786
1790967120000,763.54,764.38,763.54,764.07,119.672
1790967180000,764.08,764.19,762.96,763.39,179.132
1790967240000,763.39,763.53,763.04,763.53,129.121
1790967300000,763.54,763.69,763.02,763.25,367.059
1790967360000,763.24,763.24,763.01,763.2,264.926
1790967420000,763.21,763.79,763.12,763.38,133.538
1790967480000,763.39,763.81,763.2,763.75,157.549
1790967540000,763.75,764.32,763.66,764.13,147.018
1790967600000,764.13,765.05,764.11,764.98,154.97
1790967660000,765.0,765.46,765.0,765.43,72.023
1790967720000,765.44,765.44,764.77,764.96,54.137
1790967780000,764.95,765.19,764.55,765.07,86.612
1790967840000,765.08,765.51,765.04,765.35,81.365
1790967900000,765.35,765.87,765.32,765.82,130.384
1790967960000,765.81,765.88,765.62,765.76,115.071
1790968020000,765.76,765.8,765.55,765.75,80.805
1790968080000,765.75,765.87,765.28,765.52,245.983
1790968140000,765.51,765.51,765.33,765.4,71.239
1790968200000,765.4,765.4,765.1,765.24,122.672
1790968260000,765.25,765.4,765.12,765.24,55.088
1790968320000,765.25,765.31,765.11,765.13,405.334
1790968380000,765.12,765.12,764.05,764.74,2262.155
1790968440000,764.75,764.75,763.54,764.13,279.023
1790968500000,764.12,764.36,763.84,763.89,140.927
1790968560000,763.89,763.89,763.11,763.7,133.864
1790968620000,763.7,764.57,763.62,763.98,99.16
1790968680000,763.98,764.86,763.43,764.85,182.189
1790968740000,764.85,764.85,764.52,764.61,50.532
1790968800000,764.61,764.78,764.16,764.16,53.748
1790968860000,764.15,764.52,763.96,764.31,54.604
1790968920000,764.3,764.65,764.21,764.65,53.318
1790968980000,764.64,764.82,764.23,764.45,45.076
1790969040000,764.45,765.67,764.45,765.51,108.367
1790969100000,765.51,765.69,765.0,765.01,50.414
1790969160000,765.01,765.27,765.0,765.16,17.765
1790969220000,765.15,765.72,765.01,765.7,26.045
1790969280000,765.7,765.7,765.41,765.52,13.711
1790969340000,765.53,765.53,765.04,765.09,31.485
1790969400000,765.09,765.97,765.08,765.75,50.067
1790969460000,765.76,765.77,765.46,765.76,15.789
1790969520000,765.77,765.87,765.44,765.49,99.384
1790969580000,765.48,765.48,765.21,765.42,10.622
1790969640000,765.42,765.98,765.23,765.98,97.997
1790969700000,765.98,766.22,765.96,766.22,36.608
1790969760000,766.23,766.32,766.05,766.12,34.32
1790969820000,766.13,766.42,766.13,766.21,26.772
1790969880000,766.21,766.32,766.2,766.25,32.75
1790969940000,766.24,766.24,766.06,766.1,66.692
1790970000000,766.09,766.17,766.01,766.16,23.615
1790970060000,766.16,766.24,766.1,766.2,102.91
1790970120000,766.19,766.2,765.52,765.59,55.288
1790970180000,765.6,765.79,765.6,765.74,78.715
1790970240000,765.73,765.96,765.73,765.87,24.456
1790970300000,765.87,766.07,765.73,765.74,48.449
1790970360000,765.74,766.2,765.73,766.2,94.267
1790970420000,766.19,766.54,765.76,765.77,30.049
1790970480000,765.76,765.79,765.62,765.79,114.064
1790970540000,765.8,766.02,765.76,765.89,52.684
1790970600000,765.9,766.03,765.66,765.92,54.321
1790970660000,765.92,766.0,765.8,765.89,64.12
1790970720000,765.89,765.89,765.65,765.81,8.547
1790970780000,765.8,765.8,765.64,765.65,15.831
1790970840000,765.65,766.03,765.64,766.01,33.313
1790970900000,765.96,766.33,765.91,766.17,14.616
1790970960000,766.18,766.31,766.14,766.15,5.789
1790971020000,766.15,766.28,766.07,766.28,43.494
1790971080000,766.28,766.59,766.28,766.4,91.906
1790971140000,766.4,766.42,766.08,766.28,74.163
1790971200000,766.28,766.69,766.28,766.54,76.204
1790971260000,766.53,766.81,766.35,766.81,26.742
1790971320000,766.82,767.0,766.5,766.5,19.134
1790971380000,766.5,766.5,766.09,766.21,26.19
1790971440000,766.21,766.36,766.06,766.33,21.729
1790971500000,766.33,766.78,766.3,766.69,71.619
1790971560000,766.69,766.95,766.43,766.44,115.84
1790971620000,766.43,766.43,766.07,766.18,72.716
1790971680000,766.18,766.18,765.7,765.84,34.083
1790971740000,765.83,765.83,765.6,765.72,48.483
1790971800000,765.72,765.85,765.51,765.85,60.615
1790971860000,765.85,766.28,765.85,766.21,27.105
1790971920000,766.21,766.21,765.85,765.85,12.613
1790971980000,765.85,766.0,765.65,765.76,49.645
1790972040000,765.75,765.78,765.72,765.77,6.687
1790972100000,765.76,766.19,765.76,766.13,25.63
1790972160000,766.12,766.12,765.96,765.96,4.928
1790972220000,765.96,765.96,765.73,765.84,30.814
1790972280000,765.84,766.02,765.76,765.87,65.437
1790972340000,765.87,766.36,765.87,766.19,107.367
1790972400000,766.18,766.18,765.96,766.18,22.537
1790972460000,766.18,766.18,765.77,765.81,26.676
1790972520000,765.8,765.87,765.68,765.87,43.702
1790972580000,765.88,766.66,765.88,766.58,77.118
1790972640000,766.58,766.7,766.36,766.7,62.679
1790972700000,766.69,766.78,766.53,766.67,9.414
1790972760000,766.68,767.0,766.67,766.8,66.706
1790972820000,766.8,766.8,766.23,766.36,46.073
1790972880000,766.38,766.38,765.84,765.98,22.969
1790972940000,765.98,765.98,765.8,765.87,30.48
1790973000000,765.87,765.87,765.51,765.51,149.968
1790973060000,765.51,765.55,765.4,765.54,31.305
1790973120000,765.55,765.81,765.55,765.79,534.308
1790973180000,765.8,765.86,765.8,765.86,13.434
1790973240000,765.86,765.86,765.85,765.86,8.199
1790973300000,765.86,765.86,765.6,765.68,131.013
1790973360000,765.68,766.12,765.68,766.12,105.138
1790973420000,766.11,766.11,765.95,766.04,26.338
1790973480000,766.03,766.04,765.82,766.02,37.931
1790973540000,766.02,766.02,765.77,765.77,8.956
1790973600000,765.76,765.76,765.63,765.64,7.454
1790973660000,765.64,765.64,765.0,765.28,137.76
1790973720000,765.27,765.27,764.73,764.73,47.165
1790973780000,764.72,764.88,764.4,764.53,300.725
1790973840000,764.53,764.53,764.4,764.47,23.016
1790973900000,764.47,764.61,764.19,764.61,49.909
1790973960000,764.58,764.91,764.25,764.91,89.547
1790974020000,764.92,764.92,764.53,764.77,61.394
1790974080000,764.76,764.76,764.12,764.13,35.156
1790974140000,764.13,764.18,764.06,764.06,41.597
1790974200000,764.06,764.51,763.93,764.5,87.296
1790974260000,764.49,764.65,764.33,764.57,58.518
1790974320000,764.57,764.83,764.41,764.83,52.523
1790974380000,764.83,764.83,764.45,764.76,120.782
1790974440000,764.76,764.76,764.47,764.48,19.164
1790974500000,764.48,764.48,763.96,763.97,32.897
1790974560000,763.96,764.02,763.82,763.83,64.294
1790974620000,763.83,763.83,763.73,763.81,22.52
1790974680000,763.81,764.2,763.81,764.12,82.531
1790974740000,764.11,764.5,763.88,764.1,137.99
1790974800000,764.1,764.72,764.0,764.72,48.706
1790974860000,764.71,765.14,764.71,765.14,45.212
1790974920000,765.17,765.28,764.87,764.88,14.952
1790974980000,764.87,764.9,764.65,764.88,12.702
1790975040000,764.89,764.89,764.81,764.84,4.989
1790975100000,764.85,764.93,764.72,764.92,26.478
1790975160000,764.93,765.03,764.88,765.03,12.305
1790975220000,765.03,765.04,764.88,764.89,54.87
1790975280000,764.89,764.92,764.73,764.91,24.805
1790975340000,764.92,765.21,764.92,765.15,21.265
1790975400000,765.16,765.57,765.15,765.47,151.766
1790975460000,765.47,765.8,765.47,765.69,36.122
1790975520000,765.69,765.69,765.68,765.69,8.998
1790975580000,765.68,765.78,765.47,765.48,160.103
1790975640000,765.47,765.57,765.39,765.51,36.641
1790975700000,765.51,765.88,765.51,765.87,68.379
1790975760000,765.87,765.87,765.72,765.73,4.176
1790975820000,765.73,765.73,765.66,765.67,9.409
1790975880000,765.66,765.76,765.55,765.55,41.214
1790975940000,765.54,765.55,765.42,765.42,16.445
1790976000000,765.42,765.42,765.3,765.3,10.689
1790976060000,765.3,765.49,765.3,765.49,10.697
1790976120000,765.49,765.49,765.48,765.49,3.3
1790976180000,765.49,765.54,765.44,765.44,62.351
1790976240000,765.44,765.44,765.27,765.34,37.657
1790976300000,765.34,765.34,765.25,765.26,22.725
1790976360000,765.26,765.26,764.87,764.87,37.11
1790976420000,764.88,764.88,764.76,764.77,13.63
1790976480000,764.76,764.91,764.71,764.82,183.346
1790976540000,764.81,764.81,764.67,764.78,38.264
1790976600000,764.78,764.78,764.77,764.77,7.636
1790976660000,764.77,764.86,764.69,764.86,58.115
1790976720000,764.86,764.97,764.85,764.97,11.233
1790976780000,764.96,765.04,764.82,765.04,57.931
1790976840000,765.04,765.23,765.04,765.16,37.351
1790976900000,765.16,765.44,765.15,765.44,20.902
1790976960000,765.44,765.6,765.43,765.6,7.355
1790977020000,765.6,765.86,765.6,765.85,31.878
1790977080000,765.85,765.85,765.47,765.48,49.853
1790977140000,765.47,765.65,765.47,765.65,33.948
1790977200000,765.64,765.64,765.29,765.34,74.58
1790977260000,765.33,765.34,765.24,765.34,29.13
1790977320000,765.34,765.46,765.33,765.46,75.452
1790977380000,765.46,765.46,765.39,765.4,30.276
1790977440000,765.39,765.42,765.27,765.42,33.123
1790977500000,765.43,765.58,765.43,765.58,13.399
1790977560000,765.58,765.98,765.58,765.97,47.511
1790977620000,765.98,766.05,765.98,766.05,19.063
1790977680000,766.05,766.05,766.02,766.02,16.799
1790977740000,766.02,766.02,766.0,766.0,8.471
1790977800000,766.0,766.0,765.8,765.8,8.367
1790977860000,765.8,766.07,765.77,766.07,23.456
1790977920000,766.07,766.29,766.07,766.26,28.142
1790977980000,766.26,766.49,766.26,766.49,33.373
1790978040000,766.49,766.57,766.26,766.27,19.468
1790978100000,766.27,766.27,766.03,766.03,36.384
1790978160000,766.02,766.03,765.71,766.03,56.6
1790978220000,766.03,766.2,766.03,766.2,29.441
1790978280000,766.2,766.2,766.19,766.2,9.45
1790978340000,766.19,766.25,766.19,766.25,23.031
1790978400000,766.25,766.57,766.25,766.57,30.493
1790978460000,766.56,766.92,766.46,766.58,47.648
1790978520000,766.58,766.58,765.87,766.14,92.499
1790978580000,766.14,766.8,766.14,766.56,61.435
1790978640000,766.56,766.64,766.18,766.29,146.94
1790978700000,766.29,766.29,766.13,766.14,12.113
1790978760000,766.13,766.21,765.95,766.2,24.7
1790978820000,766.2,766.58,766.2,766.52,46.103
1790978880000,766.53,766.53,766.32,766.32,9.081
1790978940000,766.33,766.52,766.33,766.36,19.251
1790979000000,766.35,766.36,766.32,766.33,24.476
1790979060000,766.33,766.33,766.19,766.25,12.121
1790979120000,766.25,766.33,766.01,766.01,50.032
1790979180000,766.0,766.27,765.92,766.23,38.469
1790979240000,766.24,766.32,766.23,766.25,12.407
1790979300000,766.24,766.31,766.12,766.13,47.521
1790979360000,766.12,766.13,765.71,765.86,106.585
1790979420000,765.85,765.85,765.29,765.34,110.915
1790979480000,765.33,765.4,764.89,765.3,86.189
1790979540000,765.3,765.43,765.04,765.43,52.409
1790979600000,765.44,765.84,765.43,765.67,97.282
1790979660000,765.66,765.98,765.6,765.98,35.708
1790979720000,765.98,765.98,765.73,765.74,6.137
1790979780000,765.74,765.77,765.61,765.65,37.446
1790979840000,765.65,766.2,765.65,766.2,62.364
1790979900000,766.2,766.2,766.05,766.06,5.597
1790979960000,766.06,766.06,766.05,766.06,5.567
1790980020000,766.06,766.06,765.91,765.99,10.367
1790980080000,766.0,766.05,765.85,766.05,41.701
1790980140000,766.06,766.22,766.06,766.21,6.334
1790980200000,766.21,766.6,766.21,766.6,19.145
1790980260000,766.59,767.0,766.57,766.97,59.205
1790980320000,766.96,767.0,766.89,767.0,90.495
1790980380000,766.99,767.17,766.99,767.17,51.58
1790980440000,767.17,767.21,767.09,767.21,25.224
1790980500000,767.22,767.26,766.53,766.65,178.708
1790980560000,766.67,766.67,766.33,766.59,20.605
1790980620000,766.59,766.86,766.59,766.86,25.213
1790980680000,766.85,766.85,766.77,766.83,2.56
1790980740000,766.82,766.83,766.44,766.44,9.99
1790980800000,766.44,766.44,766.36,766.38,6.229
1790980860000,766.41,766.6,766.4,766.6,36.662
1790980920000,766.6,766.6,766.31,766.4,46.235
1790980980000,766.41,766.55,766.4,766.54,20.197
1790981040000,766.55,766.63,766.47,766.48,94.181
1790981100000,766.48,766.71,766.36,766.71,16.142
1790981160000,766.71,766.71,766.6,766.6,2.987
1790981220000,766.61,766.61,766.53,766.58,50.765
1790981280000,766.57,766.57,766.5,766.55,19.259
1790981340000,766.55,766.55,766.37,766.37,11.271
1790981400000,766.38,766.38,766.09,766.32,92.861
1790981460000,766.32,766.55,766.16,766.55,14.084
1790981520000,766.55,766.83,766.55,766.72,29.374
1790981580000,766.71,766.72,766.42,766.43,25.35
1790981640000,766.43,766.52,766.42,766.52,1.945
1790981700000,766.52,766.52,766.4,766.49,28.777
1790981760000,766.49,766.55,766.49,766.5,22.311
1790981820000,766.49,766.56,766.4,766.56,79.244
1790981880000,766.56,766.62,766.55,766.62,10.202
1790981940000,766.62,766.75,766.62,766.75,15.728
1790982000000,766.75,766.84,766.73,766.74,12.922
1790982060000,766.73,766.74,766.44,766.45,57.366
1790982120000,766.44,766.53,766.24,766.53,20.922
1790982180000,766.55,767.07,766.55,767.07,45.919
1790982240000,767.06,767.06,766.89,767.03,28.24
1790982300000,767.03,767.04,766.88,766.95,3.951
1790982360000,766.95,766.95,766.94,766.95,3.844
1790982420000,766.95,766.98,766.75,766.84,22.371
1790982480000,766.84,766.84,766.76,766.76,7.291
1790982540000,766.77,766.77,766.76,766.77,1.733
1790982600000,766.77,766.77,766.76,766.77,18.253
1790982660000,766.77,766.77,766.56,766.56,25.489
1790982720000,766.57,766.74,766.56,766.59,11.716
1790982780000,766.59,766.84,766.59,766.84,44.591
1790982840000,766.84,766.84,766.83,766.84,14.2
1790982900000,766.84,766.84,766.75,766.84,11.208
1790982960000,766.84,766.88,766.83,766.88,4.726
1790983020000,766.87,767.04,766.87,767.04,20.883
1790983080000,767.04,767.21,767.03,767.21,10.985
1790983140000,767.21,767.44,767.21,767.44,15.883
1790983200000,767.44,767.6,767.43,767.6,11.352
1790983260000,767.59,767.59,767.4,767.4,20.238
1790983320000,767.41,767.41,767.29,767.41,117.735
1790983380000,767.41,767.41,767.4,767.41,3.193
1790983440000,767.41,767.41,767.4,767.41,6.915
1790983500000,767.41,767.63,767.41,767.54,53.338
1790983560000,767.55,768.0,767.54,767.99,49.117
1790983620000,767.99,768.0,767.86,767.88,12.257
1790983680000,767.87,767.89,767.87,767.88,22.059
1790983740000,767.89,768.08,767.89,768.07,54.878
1790983800000,768.07,768.2,768.07,768.19,25.84
1790983860000,768.2,768.2,768.19,768.2,19.002
1790983920000,768.2,768.2,768.0,768.01,52.63
1790983980000,768.01,768.01,767.85,767.86,5.746
1790984040000,767.86,767.86,767.84,767.84,17.392
1790984100000,767.85,768.19,767.79,768.08,57.761
1790984160000,768.08,768.08,767.92,767.92,25.637
1790984220000,767.93,767.93,767.89,767.9,5.842
1790984280000,767.9,767.9,767.89,767.89,5.953
1790984340000,767.89,767.9,767.76,767.9,21.785
1790984400000,767.9,767.99,767.89,767.99,4.809
1790984460000,768.0,768.0,767.99,768.0,4.34
1790984520000,768.0,768.17,768.0,768.14,19.703
1790984580000,768.14,768.14,768.07,768.07,34.858
1790984640000,768.08,768.29,768.08,768.28,12.3
1790984700000,768.27,768.29,768.27,768.29,3.309
1790984760000,768.29,768.29,768.16,768.17,7.081
1790984820000,768.17,768.34,768.16,768.34,13.423
1790984880000,768.34,768.42,768.34,768.41,22.329
1790984940000,768.41,768.5,768.41,768.49,19.288
1790985000000,768.5,768.5,768.42,768.43,47.0
1790985060000,768.43,768.68,768.36,768.68,36.437
1790985120000,768.68,768.68,768.6,768.64,65.944
1790985180000,768.65,768.67,768.45,768.46,7.063
1790985240000,768.46,768.52,768.45,768.52,8.254
1790985300000,768.52,768.52,768.26,768.27,20.905
1790985360000,768.27,768.37,768.26,768.28,20.553
1790985420000,768.27,768.27,768.12,768.14,29.902
1790985480000,768.15,768.32,768.14,768.32,41.619
1790985540000,768.32,768.4,768.24,768.25,14.587
1790985600000,768.25,768.27,768.0,768.11,163.703
1790985660000,768.11,768.45,768.11,768.41,258.869
1790985720000,768.41,768.73,768.4,768.73,74.837
1790985780000,768.73,768.92,768.73,768.92,148.578
1790985840000,768.81,768.94,768.34,768.39,53.135
1790985900000,768.4,768.64,768.4,768.64,17.392
1790985960000,768.64,768.83,768.23,768.45,36.184
1790986020000,768.44,768.45,768.21,768.35,73.226
1790986080000,768.35,768.35,768.14,768.24,65.881
1790986140000,768.25,768.35,768.24,768.35,29.897
1790986200000,768.35,768.62,768.34,768.62,114.296
1790986260000,768.62,768.66,768.54,768.57,12.872
1790986320000,768.57,769.0,768.56,769.0,17.31
1790986380000,769.0,769.0,768.89,768.89,18.574
1790986440000,768.89,768.89,768.72,768.83,17.638
1790986500000,768.83,769.07,767.91,767.91,679.224
1790986560000,767.91,768.34,767.81,768.34,128.025
1790986620000,768.34,768.34,768.25,768.32,26.733
1790986680000,768.31,768.33,768.12,768.33,21.346
1790986740000,768.33,768.33,768.18,768.19,56.391
1790986800000,768.19,768.19,768.12,768.15,17.986
1790986860000,768.15,768.15,768.13,768.14,3.973
1790986920000,768.13,768.32,768.13,768.31,40.158
1790986980000,768.32,768.54,768.31,768.54,24.834
1790987040000,768.54,768.69,768.53,768.69,8.88
1790987100000,768.68,768.69,768.41,768.42,12.96
1790987160000,768.42,768.54,768.41,768.54,14.224
1790987220000,768.54,768.7,768.53,768.7,10.516
1790987280000,768.69,768.71,768.69,768.7,63.768
1790987340000,768.7,768.7,768.69,768.7,10.943
1790987400000,768.7,768.88,768.7,768.88,22.402
1790987460000,768.87,769.08,768.87,769.08,40.101
1790987520000,769.07,769.16,769.07,769.14,34.892
1790987580000,769.15,769.15,769.04,769.05,77.682
1790987640000,769.05,769.28,769.05,769.28,138.169
1790987700000,769.28,769.34,769.27,769.34,18.921
1790987760000,769.34,769.38,769.24,769.37,38.399
1790987820000,769.38,769.39,769.37,769.39,35.209
1790987880000,769.38,769.38,769.08,769.09,135.571
1790987940000,769.08,769.18,769.04,769.18,56.079
1790988000000,769.18,769.18,769.01,769.02,7.207
1790988060000,769.01,769.02,769.01,769.01,16.722
1790988120000,769.01,769.09,769.01,769.08,11.745
1790988180000,769.09,769.09,769.03,769.03,7.077
1790988240000,769.04,769.1,769.04,769.09,32.78
1790988300000,769.09,769.09,769.04,769.05,3.462
1790988360000,769.05,769.05,769.01,769.02,26.23
1790988420000,769.01,769.24,769.01,769.23,25.471
1790988480000,769.23,769.32,769.23,769.32,28.246
1790988540000,769.32,769.4,769.31,769.4,9.891
1790988600000,769.4,769.4,769.36,769.39,42.856
1790988660000,769.4,769.41,769.39,769.41,25.647
1790988720000,769.41,769.41,769.4,769.41,19.823
1790988780000,769.41,769.41,769.25,769.26,76.585
1790988840000,769.26,769.28,769.24,769.24,29.279
1790988900000,769.25,769.25,769.02,769.02,41.814
1790988960000,769.02,769.02,769.01,769.02,16.384
1790989020000,769.02,769.04,769.01,769.03,10.843
1790989080000,769.04,769.32,769.01,769.29,16.857
1790989140000,769.29,769.33,769.16,769.33,42.788
1790989200000,769.33,769.33,769.02,769.03,21.527
1790989260000,769.03,769.03,768.9,768.93,93.133
1790989320000,768.92,768.95,768.91,768.91,10.107
1790989380000,768.91,768.91,768.66,768.66,23.234
1790989440000,768.67,769.11,768.66,768.89,83.261
1790989500000,768.88,768.88,768.67,768.7,7.123
1790989560000,768.7,768.89,768.69,768.88,13.242
1790989620000,768.89,768.89,768.88,768.89,3.654
1790989680000,768.89,769.33,768.88,769.33,34.4
1790989740000,769.35,769.47,769.35,769.47,11.898
1790989800000,769.47,769.47,769.46,769.47,5.869
1790989860000,769.47,769.57,769.2,769.21,19.338
1790989920000,769.21,769.21,768.89,768.96,107.699
1790989980000,768.96,769.05,768.9,768.9,25.24
1790990040000,768.91,768.91,768.79,768.85,16.055
1790990100000,768.85,769.15,768.85,769.15,28.213
1790990160000,769.15,769.52,769.14,769.52,24.48
1790990220000,769.52,769.75,769.37,769.37,84.162
1790990280000,769.34,769.34,769.05,769.07,26.102
1790990340000,769.07,769.07,769.06,769.06,2.976
1790990400000,769.06,769.06,768.84,768.85,5.742
1790990460000,768.84,768.84,768.65,768.65,9.871
1790990520000,768.66,768.77,768.63,768.66,17.985
1790990580000,768.67,768.67,768.63,768.64,7.846
1790990640000,768.64,768.81,768.42,768.49,129.514
1790990700000,768.49,768.5,768.45,768.5,7.606
1790990760000,768.5,768.5,768.41,768.42,7.135
1790990820000,768.41,768.48,768.41,768.48,7.649
1790990880000,768.48,768.58,768.47,768.51,27.072
1790990940000,768.51,768.56,768.5,768.55,7.978
1790991000000,768.56,768.66,768.55,768.62,23.614
1790991060000,768.62,768.96,768.59,768.96,17.541
1790991120000,768.96,769.26,768.95,768.97,26.491
1790991180000,768.98,768.98,768.7,768.86,13.274
1790991240000,768.86,768.86,768.63,768.75,20.832
1790991300000,768.76,769.94,768.76,769.5,778.54
1790991360000,769.49,769.62,769.49,769.59,17.453
1790991420000,769.59,769.7,769.49,769.49,78.97
1790991480000,769.5,769.73,769.49,769.67,26.07
1790991540000,769.68,769.89,769.68,769.88,36.589
1790991600000,769.88,769.89,769.72,769.73,16.891
1790991660000,769.73,769.76,769.72,769.72,7.785
1790991720000,769.73,769.91,769.73,769.8,69.891
1790991780000,769.79,769.79,769.72,769.73,28.106
1790991840000,769.73,769.76,769.72,769.76,13.456
1790991900000,769.76,769.8,769.75,769.78,25.069
1790991960000,769.78,769.78,769.59,769.68,26.467
1790992020000,769.68,769.68,769.67,769.68,4.614
1790992080000,769.68,769.68,769.67,769.68,2.147
1790992140000,769.67,769.68,769.46,769.52,19.065
1790992200000,769.52,769.56,769.47,769.48,10.566
1790992260000,769.47,769.48,769.28,769.28,5.17
1790992320000,769.28,769.29,769.11,769.11,14.587
1790992380000,769.11,769.12,768.92,768.92,19.539
1790992440000,768.92,768.92,768.86,768.86,14.04
1790992500000,768.86,768.91,768.86,768.88,6.629
1790992560000,768.87,768.88,768.87,768.88,25.553
1790992620000,768.88,769.01,768.87,769.01,31.172
1790992680000,769.01,769.01,768.93,768.94,10.348
1790992740000,768.94,769.09,768.94,769.09,20.105
1790992800000,769.09,769.09,769.04,769.05,8.786
1790992860000,769.05,769.1,769.04,769.09,11.604
1790992920000,769.09,769.09,768.86,768.86,54.342
1790992980000,768.86,768.86,768.7,768.71,12.189
1790993040000,768.71,768.71,768.7,768.71,10.612
1790993100000,768.71,768.71,768.38,768.38,89.005
1790993160000,768.38,768.38,767.9,767.9,27.114
1790993220000,767.9,768.09,767.81,768.09,40.314
1790993280000,768.09,768.66,768.08,768.66,15.636
1790993340000,768.68,768.68,768.49,768.58,42.316
1790993400000,768.57,768.63,768.55,768.56,7.129
1790993460000,768.56,768.67,768.55,768.67,8.122
1790993520000,768.67,768.95,768.67,768.95,42.731
1790993580000,768.94,768.95,768.81,768.82,43.042
1790993640000,768.81,768.93,768.81,768.93,6.994
1790993700000,768.92,768.92,768.77,768.77,7.403
1790993760000,768.78,768.78,768.57,768.58,17.386
1790993820000,768.58,768.89,768.58,768.85,14.203
1790993880000,768.84,769.05,768.84,769.05,21.863
1790993940000,769.05,769.12,768.96,768.96,49.009
1790994000000,768.97,769.04,768.87,768.88,15.664
1790994060000,768.88,769.01,768.88,769.01,14.17
1790994120000,769.01,769.05,769.01,769.05,7.797
1790994180000,769.04,769.05,769.01,769.02,33.086
1790994240000,769.02,769.02,769.01,769.02,5.035
1790994300000,769.01,769.02,768.9,768.9,47.964
1790994360000,768.91,768.91,768.9,768.91,2.959
1790994420000,768.91,769.02,768.9,769.01,11.139
1790994480000,769.01,769.06,769.01,769.05,7.945
1790994540000,769.05,769.05,768.9,768.9,44.743
1790994600000,768.9,768.91,768.66,768.67,28.698
1790994660000,768.67,768.67,768.66,768.67,11.528
1790994720000,768.67,768.73,768.66,768.73,23.919
1790994780000,768.73,768.81,768.66,768.67,11.995
1790994840000,768.67,768.67,768.47,768.48,27.598
1790994900000,768.48,768.52,768.3,768.32,27.642
1790994960000,768.32,768.38,768.32,768.38,22.746
1790995020000,768.37,768.39,768.37,768.39,32.938
1790995080000,768.39,768.57,768.39,768.57,25.625
1790995140000,768.56,768.83,768.56,768.82,12.913
1790995200000,768.82,768.83,768.82,768.83,8.639
1790995260000,768.82,768.83,768.72,768.77,15.073
1790995320000,768.77,768.94,768.77,768.94,27.857
1790995380000,768.93,768.93,768.82,768.83,11.026
1790995440000,768.82,768.89,768.82,768.89,15.784
1790995500000,768.88,768.89,768.77,768.77,9.487
1790995560000,768.78,768.78,768.64,768.64,25.65
1790995620000,768.65,768.65,768.64,768.65,1.781
1790995680000,768.65,768.72,768.64,768.71,10.707
1790995740000,768.71,768.72,768.71,768.71,5.489
1790995800000,768.72,768.82,768.71,768.8,62.948
1790995860000,768.79,768.79,768.52,768.69,108.015
1790995920000,768.69,768.91,768.63,768.63,375.693
1790995980000,768.63,768.67,768.63,768.67,59.818
1790996040000,768.66,768.67,768.57,768.58,27.184
1790996100000,768.59,768.59,768.4,768.41,22.568
1790996160000,768.41,768.44,768.4,768.42,11.159
1790996220000,768.42,768.44,768.42,768.43,3.253
1790996280000,768.44,768.44,768.32,768.36,64.125
1790996340000,768.36,768.36,768.34,768.34,31.241
1790996400000,768.34,768.34,768.23,768.32,13.352
1790996460000,768.32,768.32,768.31,768.32,10.188
1790996520000,768.32,768.54,768.32,768.49,60.943
1790996580000,768.48,768.48,768.27,768.28,105.33
1790996640000,768.28,768.28,768.2,768.21,15.293
1790996700000,768.2,768.2,767.73,767.73,25.158
1790996760000,767.73,767.76,767.72,767.76,8.4
1790996820000,767.76,767.76,767.6,767.61,8.21
1790996880000,767.6,767.78,767.5,767.77,98.888
1790996940000,767.78,768.27,767.78,768.21,38.863
1790997000000,768.21,768.21,767.87,767.93,12.993
1790997060000,767.92,767.93,767.86,767.87,15.323
1790997120000,767.87,767.87,767.86,767.86,17.278
1790997180000,767.87,768.0,767.87,768.0,21.533
1790997240000,768.0,768.18,768.0,768.18,5.151
1790997300000,768.17,768.59,768.16,768.59,43.738
1790997360000,768.6,768.91,768.6,768.89,12.212
1790997420000,768.89,768.91,768.88,768.9,10.624
1790997480000,768.9,769.2,768.9,769.05,20.454
1790997540000,769.04,769.04,768.9,768.91,34.426
1790997600000,768.91,768.91,768.86,768.87,16.169
1790997660000,768.87,769.03,768.86,768.91,15.13
1790997720000,768.91,768.91,768.71,768.72,12.649
1790997780000,768.72,768.88,768.72,768.81,11.419
1790997840000,768.8,768.86,768.8,768.86,1.907
1790997900000,768.86,768.86,768.85,768.86,1.368
1790997960000,768.86,769.0,768.84,768.97,54.212
1790998020000,768.97,768.97,768.49,768.59,53.235
1790998080000,768.59,768.59,768.25,768.28,13.233
1790998140000,768.28,768.28,768.27,768.28,7.141
1790998200000,768.28,768.28,768.2,768.21,21.125
1790998260000,768.2,768.39,768.2,768.39,10.685
1790998320000,768.39,768.48,768.36,768.37,8.933
1790998380000,768.36,768.73,768.36,768.5,13.396
1790998440000,768.5,768.58,768.49,768.58,9.971
1790998500000,768.58,768.58,768.5,768.51,54.569
1790998560000,768.51,768.51,768.46,768.46,6.409
1790998620000,768.47,768.52,768.46,768.52,9.029
1790998680000,768.51,768.52,768.14,768.15,152.938
1790998740000,768.15,768.15,768.14,768.14,4.85
1790998800000,768.15,768.19,768.14,768.19,19.682
1790998860000,768.19,768.19,767.91,768.03,75.862
1790998920000,768.04,768.19,768.03,768.18,12.882
1790998980000,768.19,768.34,768.18,768.34,14.915
1790999040000,768.33,768.36,768.33,768.36,2.709
1790999100000,768.35,768.35,768.33,768.34,5.819
1790999160000,768.34,768.34,768.33,768.34,16.074
1790999220000,768.34,768.41,768.33,768.41,28.527
1790999280000,768.41,768.41,768.4,768.41,4.675
1790999340000,768.41,768.48,768.4,768.43,18.287
1790999400000,768.43,768.43,768.42,768.42,6.702
1790999460000,768.43,768.43,768.38,768.39,17.425
1790999520000,768.38,768.42,768.38,768.41,23.694
1790999580000,768.42,768.42,768.4,768.4,28.215
1790999640000,768.4,768.41,768.36,768.37,12.882
1790999700000,768.37,768.37,768.36,768.37,3.246
1790999760000,768.37,768.37,768.23,768.23,6.537
1790999820000,768.24,768.36,768.24,768.36,9.801
1790999880000,768.36,768.36,768.35,768.36,5.899
1790999940000,768.36,768.36,768.35,768.36,4.279
1791000000000,768.36,768.39,768.35,768.36,7.785
1791000060000,768.36,768.36,768.35,768.36,12.606
1791000120000,768.36,768.39,768.29,768.35,44.086
1791000180000,768.35,768.39,768.34,768.38,19.533
1791000240000,768.38,768.39,768.35,768.39,48.188
1791000300000,768.38,768.51,768.3,768.46,48.465
1791000360000,768.47,768.5,768.46,768.49,4.27
1791000420000,768.49,768.61,768.48,768.61,20.028
1791000480000,768.61,768.61,768.2,768.21,41.413
1791000540000,768.2,768.21,768.12,768.12,15.565
1791000600000,768.13,768.13,768.06,768.07,16.896
1791000660000,768.07,768.27,768.06,768.27,42.42
1791000720000,768.29,768.36,768.2,768.21,10.066
1791000780000,768.21,768.43,768.14,768.43,62.257
1791000840000,768.44,768.5,768.43,768.5,24.962
1791000900000,768.5,768.53,767.53,767.53,358.131
1791000960000,767.54,767.54,767.13,767.13,45.006
1791001020000,767.14,767.45,767.13,767.34,14.967
1791001080000,767.34,767.34,767.33,767.34,8.393
1791001140000,767.33,767.33,767.09,767.1,10.813
1791001200000,767.1,767.1,767.0,767.01,19.102
1791001260000,767.01,767.09,767.0,767.09,18.835
1791001320000,767.1,767.12,767.0,767.0,21.981
1791001380000,767.0,767.01,766.89,766.93,57.849
1791001440000,766.93,767.08,766.93,766.97,18.478
1791001500000,766.97,766.97,766.95,766.95,21.059
1791001560000,766.96,766.97,766.7,766.92,203.532
1791001620000,766.92,766.92,766.54,766.54,32.906
1791001680000,766.55,766.55,766.12,766.36,95.958
1791001740000,766.36,766.37,766.34,766.35,9.702
1791001800000,766.35,766.35,766.32,766.33,16.281
1791001860000,766.33,766.33,765.99,766.27,780.448
1791001920000,766.26,766.58,766.25,766.58,68.608
1791001980000,766.58,766.58,766.28,766.28,93.522
1791002040000,766.27,766.36,766.06,766.35,143.923
1791002100000,766.35,766.35,765.73,765.74,285.379
1791002160000,765.74,765.74,765.38,765.54,47.407
1791002220000,765.54,765.54,765.48,765.48,21.975
1791002280000,765.49,765.56,765.48,765.56,20.022
1791002340000,765.57,765.75,765.38,765.39,182.204
1791002400000,765.39,765.39,765.23,765.24,37.947
1791002460000,765.24,765.24,765.18,765.2,24.193
1791002520000,765.2,765.6,765.18,765.59,490.547
1791002580000,765.58,766.21,765.58,766.21,525.906
1791002640000,766.21,767.69,765.94,766.23,1156.01
1791002700000,766.23,766.46,766.23,766.38,34.919
1791002760000,766.39,766.58,766.38,766.58,19.577
1791002820000,766.58,766.76,766.58,766.76,30.459
1791002880000,766.75,766.86,766.68,766.78,19.692
1791002940000,766.78,766.81,766.74,766.8,30.497
1791003000000,766.81,766.81,766.53,766.54,26.724
1791003060000,766.54,766.57,766.51,766.54,20.236
1791003120000,766.54,766.93,766.54,766.93,30.723
1791003180000,766.92,767.08,766.92,766.95,61.526
1791003240000,766.95,767.26,766.94,767.26,29.282
1791003300000,767.26,767.26,767.14,767.15,16.91
1791003360000,767.15,767.15,767.14,767.15,7.99
1791003420000,767.15,767.15,767.02,767.03,13.426
1791003480000,767.03,767.07,767.02,767.07,63.937
1791003540000,767.07,767.07,767.02,767.02,20.934
1791003600000,767.03,767.03,766.76,766.8,101.716
1791003660000,766.8,766.8,766.61,766.62,17.808
1791003720000,766.62,766.73,766.54,766.73,32.725
1791003780000,766.73,766.73,766.72,766.73,16.599
1791003840000,766.73,766.8,766.72,766.8,28.975
1791003900000,766.79,767.0,766.79,766.93,42.998
1791003960000,766.93,767.1,766.75,767.1,55.535
1791004020000,767.1,767.12,766.95,767.07,42.24
1791004080000,767.07,767.19,767.07,767.19,34.38
1791004140000,767.19,767.52,767.19,767.51,32.923
1791004200000,767.52,767.52,767.35,767.36,19.106
1791004260000,767.36,767.37,767.35,767.37,20.202
1791004320000,767.37,767.37,767.02,767.02,33.53
1791004380000,767.05,767.05,766.98,766.99,14.994
1791004440000,766.99,767.06,766.99,767.05,15.459
1791004500000,767.06,767.19,767.05,767.07,14.592
1791004560000,767.08,767.13,767.07,767.13,11.115
1791004620000,767.12,767.36,767.12,767.35,7.552
1791004680000,767.36,767.36,767.35,767.36,8.676
1791004740000,767.35,767.36,767.29,767.3,11.877
1791004800000,767.3,767.3,767.29,767.3,6.772
1791004860000,767.29,767.29,767.18,767.26,17.317
1791004920000,767.27,767.37,767.27,767.37,13.183
1791004980000,767.36,767.39,767.27,767.28,11.123
1791005040000,767.27,767.46,767.27,767.45,17.223
1791005100000,767.45,767.46,767.29,767.33,11.759
1791005160000,767.33,767.33,767.19,767.28,83.305
1791005220000,767.28,767.33,767.18,767.19,77.578
1791005280000,767.18,767.2,767.18,767.2,43.268
1791005340000,767.2,767.2,767.19,767.2,23.322
1791005400000,767.2,767.36,767.19,767.36,13.883
1791005460000,767.36,767.41,767.36,767.41,15.572
1791005520000,767.41,767.41,767.4,767.4,7.339
1791005580000,767.41,767.41,767.4,767.41,17.158
1791005640000,767.4,767.4,767.29,767.29,19.474
1791005700000,767.3,767.3,767.07,767.08,65.77
1791005760000,767.07,767.13,767.0,767.13,12.598
1791005820000,767.13,767.17,767.12,767.17,18.337
1791005880000,767.16,767.25,767.16,767.24,9.626
1791005940000,767.24,767.25,767.24,767.24,7.893
1791006000000,767.25,767.25,767.04,767.12,26.948
1791006060000,767.12,767.12,766.97,766.98,36.325
1791006120000,766.98,767.0,766.97,767.0,12.738
1791006180000,767.0,767.08,766.99,767.07,14.406
1791006240000,767.08,767.08,767.0,767.0,26.284
1791006300000,767.01,767.01,766.99,766.99,28.257
1791006360000,766.99,767.0,766.99,767.0,14.374
1791006420000,767.0,767.28,766.99,767.09,80.299
1791006480000,767.09,767.16,767.09,767.12,12.954
1791006540000,767.11,767.12,767.11,767.11,6.5
1791006600000,767.12,767.12,767.04,767.05,21.893
1791006660000,767.04,767.18,767.02,767.18,20.324
1791006720000,767.18,767.18,767.04,767.05,14.564
1791006780000,767.05,767.05,766.98,766.99,25.844
1791006840000,766.98,767.09,766.98,767.09,15.807
1791006900000,767.08,767.17,767.08,767.17,13.355
1791006960000,767.17,767.17,767.16,767.17,9.865
1791007020000,767.17,767.17,767.11,767.11,19.649
1791007080000,767.12,767.12,767.07,767.08,5.959
1791007140000,767.07,767.07,767.04,767.05,11.851
1791007200000,767.05,767.17,767.01,767.02,24.746
1791007260000,767.02,767.35,767.02,767.35,24.919
1791007320000,767.35,767.35,767.3,767.3,19.23
1791007380000,767.3,767.3,767.21,767.28,14.978
1791007440000,767.29,767.29,767.11,767.12,28.922
1791007500000,767.11,767.11,766.94,767.02,27.112
1791007560000,767.02,767.02,766.81,766.92,43.609
1791007620000,766.92,766.95,766.91,766.95,34.636
1791007680000,766.95,767.1,766.95,767.1,54.782
1791007740000,767.1,767.28,767.1,767.13,46.133
1791007800000,767.12,767.13,766.99,767.04,58.926
1791007860000,767.04,767.06,767.03,767.06,10.169
1791007920000,767.06,767.18,766.91,766.94,24.704
1791007980000,766.94,766.94,766.77,766.77,8.631
1791008040000,766.76,766.77,766.62,766.63,28.497
1791008100000,766.62,766.63,766.59,766.6,19.837
1791008160000,766.59,766.6,766.59,766.59,8.25
1791008220000,766.59,766.6,766.59,766.6,5.552
1791008280000,766.59,766.6,766.59,766.6,4.006
1791008340000,766.6,766.69,766.59,766.6,40.665
1791008400000,766.61,766.61,766.52,766.53,28.79
1791008460000,766.53,766.53,766.52,766.53,4.74
1791008520000,766.53,766.53,766.23,766.23,29.887
1791008580000,766.23,766.24,766.22,766.23,21.485
1791008640000,766.22,766.23,766.12,766.13,10.498
1791008700000,766.12,766.13,765.9,766.13,97.317
1791008760000,766.13,766.41,766.12,766.41,43.353
1791008820000,766.41,766.41,766.28,766.28,50.033
1791008880000,766.29,766.32,766.09,766.09,46.656
1791008940000,766.1,766.1,766.04,766.05,20.727
1791009000000,766.05,766.39,766.04,766.39,26.521
1791009060000,766.4,766.4,766.21,766.27,26.908
1791009120000,766.26,766.71,766.26,766.71,31.877
1791009180000,766.7,766.7,766.64,766.65,18.658
1791009240000,766.64,766.64,766.47,766.59,26.469
1791009300000,766.59,766.65,766.51,766.6,95.108
1791009360000,766.59,766.6,766.19,766.6,89.888
1791009420000,766.59,766.69,766.54,766.69,43.921
1791009480000,766.69,766.69,766.47,766.48,43.207
1791009540000,766.47,766.47,766.44,766.44,30.412
1791009600000,766.44,766.45,766.2,766.33,95.002
1791009660000,766.33,766.35,766.32,766.35,16.287
1791009720000,766.35,766.44,766.26,766.26,51.046
1791009780000,766.26,766.36,765.97,765.97,96.821
1791009840000,765.97,766.19,765.97,766.14,23.798
1791009900000,766.14,766.14,766.11,766.12,11.43
1791009960000,766.11,766.11,765.74,765.74,18.345
1791010020000,765.75,766.08,765.75,766.07,40.59
1791010080000,766.07,766.1,766.07,766.09,26.664
1791010140000,766.09,766.09,765.74,765.74,63.683
1791010200000,765.74,765.75,765.62,765.67,67.981
1791010260000,765.68,765.72,765.68,765.71,18.384
1791010320000,765.71,766.15,765.71,766.15,44.156
1791010380000,766.15,766.4,766.1,766.24,113.73
1791010440000,766.24,766.25,765.96,766.08,170.798
1791010500000,766.07,766.29,766.07,766.13,70.831
1791010560000,766.13,766.13,766.12,766.12,16.812
1791010620000,766.12,766.13,766.12,766.13,12.017
1791010680000,766.13,766.13,766.12,766.13,18.958
1791010740000,766.12,766.28,766.12,766.15,65.359
1791010800000,766.17,766.26,766.12,766.12,22.552
1791010860000,766.13,766.13,766.11,766.12,9.816
1791010920000,766.11,766.12,765.87,765.93,38.79
1791010980000,765.94,766.07,765.94,766.04,35.473
1791011040000,766.05,766.05,765.93,765.94,18.133
1791011100000,765.93,765.95,765.92,765.95,18.5
1791011160000,765.95,765.95,765.92,765.92,13.698
1791011220000,765.93,765.93,765.73,765.74,38.346
1791011280000,765.74,765.74,765.7,765.71,40.096
1791011340000,765.7,765.71,765.56,765.56,23.013
1791011400000,765.57,765.57,765.46,765.47,201.796
1791011460000,765.47,765.47,765.45,765.46,63.637
1791011520000,765.46,765.75,765.45,765.64,353.779
1791011580000,765.64,765.78,765.64,765.77,42.317
1791011640000,765.77,765.92,765.59,765.62,95.893
1791011700000,765.61,765.74,765.59,765.74,12.312
1791011760000,765.74,765.81,765.64,765.79,47.445
1791011820000,765.79,765.79,765.78,765.78,16.993
1791011880000,765.78,765.79,765.72,765.72,19.936
1791011940000,765.72,765.72,765.71,765.72,7.725
1791012000000,765.72,765.78,765.71,765.78,18.921
1791012060000,765.77,765.82,765.59,765.59,41.066
1791012120000,765.59,765.59,765.4,765.41,15.548
1791012180000,765.4,765.41,765.31,765.31,26.067
1791012240000,765.32,765.41,765.32,765.41,19.124
1791012300000,765.4,765.52,765.4,765.52,32.217
1791012360000,765.52,765.52,765.51,765.51,18.472
1791012420000,765.51,766.08,765.51,765.98,77.157
1791012480000,765.97,765.97,765.92,765.92,11.966
1791012540000,765.93,766.01,765.92,766.01,9.31
1791012600000,766.01,766.04,765.99,766.04,31.855
1791012660000,766.04,766.04,765.92,765.93,22.995
1791012720000,765.93,765.94,765.84,765.85,78.669
1791012780000,765.85,765.88,765.84,765.88,19.04
1791012840000,765.88,766.03,765.87,766.03,36.462
1791012900000,766.03,766.36,765.97,766.36,35.706
1791012960000,766.36,766.36,766.24,766.25,12.888
1791013020000,766.25,766.25,766.08,766.11,33.749
1791013080000,766.1,766.11,766.1,766.11,13.65
1791013140000,766.11,766.11,766.0,766.0,18.829
1791013200000,766.01,766.01,765.81,765.81,32.059
1791013260000,765.81,765.82,765.65,765.65,51.922
1791013320000,765.66,765.66,765.44,765.44,42.266
1791013380000,765.44,765.45,765.39,765.4,20.591
1791013440000,765.4,765.4,765.25,765.25,19.088
1791013500000,765.26,765.26,765.21,765.21,57.66
1791013560000,765.21,765.78,765.21,765.78,103.631
1791013620000,765.78,766.01,765.78,765.91,54.775
1791013680000,765.92,766.01,765.91,765.92,48.946
1791013740000,765.92,765.93,765.62,765.7,105.011
1791013800000,765.7,765.86,765.69,765.86,24.832
1791013860000,765.86,765.92,765.61,765.65,14.554
1791013920000,765.65,765.72,765.55,765.55,53.671
1791013980000,765.55,765.55,765.13,765.16,39.631
1791014040000,765.15,765.28,765.01,765.28,136.933
1791014100000,765.28,765.28,765.22,765.25,51.625
1791014160000,765.26,765.43,765.22,765.43,18.388
1791014220000,765.42,765.43,765.25,765.25,28.009
1791014280000,765.26,765.39,765.11,765.39,37.855
1791014340000,765.39,765.49,765.17,765.35,41.003
1791014400000,765.36,765.51,765.2,765.51,41.021
1791014460000,765.51,765.59,765.33,765.33,19.018
1791014520000,765.32,765.42,765.23,765.23,25.986
1791014580000,765.22,765.22,764.87,765.11,172.132
1791014640000,765.12,765.44,765.12,765.43,30.766
1791014700000,765.44,765.54,765.43,765.53,16.327
1791014760000,765.54,765.59,765.48,765.55,26.873
1791014820000,765.54,765.54,765.48,765.49,15.269
1791014880000,765.49,765.86,765.49,765.85,34.279
1791014940000,765.85,765.86,765.65,765.78,67.833
1791015000000,765.79,765.79,765.56,765.57,43.97
1791015060000,765.57,765.68,765.39,765.56,32.803
1791015120000,765.57,765.57,765.41,765.57,33.775
1791015180000,765.56,765.56,765.4,765.41,51.585
1791015240000,765.41,765.5,765.27,765.49,33.627
1791015300000,765.49,765.5,765.34,765.34,48.83
1791015360000,765.35,765.47,765.31,765.47,13.325
1791015420000,765.47,765.47,765.22,765.23,87.694
1791015480000,765.23,765.48,765.23,765.45,75.66
1791015540000,765.45,765.45,765.44,765.45,8.165
1791015600000,765.45,765.45,765.22,765.23,39.211
1791015660000,765.23,765.23,765.22,765.22,14.277
1791015720000,765.23,765.23,765.13,765.13,100.29
1791015780000,765.13,765.13,764.88,764.88,64.94
1791015840000,764.88,764.89,764.88,764.88,17.234
1791015900000,764.89,764.89,764.83,764.84,28.341
1791015960000,764.83,764.97,764.83,764.96,34.155
1791016020000,764.97,765.21,764.95,765.21,75.17
1791016080000,765.2,765.39,765.15,765.39,24.737
1791016140000,765.39,765.7,765.39,765.45,60.795
1791016200000,765.45,765.66,765.44,765.54,27.818
1791016260000,765.53,765.54,765.34,765.42,22.723
1791016320000,765.43,765.48,765.42,765.47,16.093
1791016380000,765.47,765.48,765.43,765.48,32.196
1791016440000,765.48,765.64,765.48,765.64,12.71
1791016500000,765.63,765.76,765.63,765.76,10.973
1791016560000,765.76,765.8,765.75,765.8,12.016
1791016620000,765.8,765.8,765.76,765.76,20.448
1791016680000,765.77,765.77,765.44,765.51,39.809
1791016740000,765.51,765.67,765.51,765.62,14.094
1791016800000,765.62,765.68,765.62,765.67,11.246
1791016860000,765.67,765.72,765.63,765.63,6.052
1791016920000,765.64,765.71,765.55,765.56,49.576
1791016980000,765.56,765.69,765.55,765.67,42.664
1791017040000,765.68,765.87,765.67,765.86,32.174
1791017100000,765.86,765.98,765.86,765.95,79.129
1791017160000,765.95,765.97,765.94,765.96,15.457
1791017220000,765.97,765.97,765.71,765.71,53.904
1791017280000,765.71,765.72,765.71,765.71,10.182
1791017340000,765.72,765.72,765.71,765.72,9.686
1791017400000,765.72,765.84,765.71,765.84,24.342
1791017460000,765.83,765.84,765.83,765.84,10.668
1791017520000,765.83,766.4,765.83,766.09,100.583
1791017580000,766.09,766.19,766.08,766.19,15.732
1791017640000,766.19,766.2,766.19,766.2,21.932
1791017700000,766.2,766.32,766.2,766.31,18.903
1791017760000,766.32,766.32,766.31,766.31,20.299
1791017820000,766.31,766.31,766.25,766.27,45.948
1791017880000,766.27,766.3,766.19,766.19,84.961
1791017940000,766.19,766.49,766.19,766.32,49.375
1791018000000,766.32,766.76,766.32,766.72,23.332
1791018060000,766.73,766.73,766.67,766.69,28.339
1791018120000,766.69,766.73,766.68,766.69,44.615
1791018180000,766.69,766.86,766.67,766.86,77.744
1791018240000,766.86,766.86,766.81,766.82,41.111
1791018300000,766.83,766.94,766.82,766.93,42.775
1791018360000,766.93,766.97,766.93,766.97,14.642
1791018420000,766.97,766.99,766.96,766.98,46.45
1791018480000,766.98,767.02,766.98,767.01,28.127
1791018540000,767.01,767.27,767.01,767.27,54.344
1791018600000,767.28,767.56,767.28,767.55,860.71
1791018660000,767.56,767.59,767.56,767.58,11.224
1791018720000,767.59,767.74,767.58,767.73,26.833
1791018780000,767.73,767.74,767.6,767.61,13.232
1791018840000,767.61,767.65,767.61,767.64,28.11
1791018900000,767.65,767.65,767.44,767.45,100.455
1791018960000,767.44,767.45,766.79,766.89,209.754
1791019020000,766.89,767.07,766.88,767.07,19.767
1791019080000,767.06,767.26,767.06,767.26,9.721
1791019140000,767.26,767.6,767.25,767.26,87.689
1791019200000,767.25,767.35,767.15,767.35,39.274
1791019260000,767.35,767.35,767.07,767.1,29.76
1791019320000,767.09,767.34,767.09,767.34,22.309
1791019380000,767.35,767.39,767.34,767.39,26.383
1791019440000,767.39,767.39,767.33,767.34,66.688
1791019500000,767.33,767.33,767.25,767.25,11.747
1791019560000,767.26,768.0,767.15,767.62,764.148
1791019620000,767.62,767.96,767.61,767.95,66.483
1791019680000,767.94,767.94,767.88,767.89,7.904
1791019740000,767.88,767.89,767.88,767.89,20.635
1791019800000,767.88,767.95,767.82,767.95,26.362
1791019860000,767.96,768.0,767.95,767.99,30.516
1791019920000,768.0,768.0,767.99,768.0,6.627
1791019980000,768.0,768.12,767.99,768.0,47.263
1791020040000,768.0,768.06,768.0,768.06,4.095
1791020100000,768.05,768.05,767.98,767.98,80.079
1791020160000,767.99,767.99,767.76,767.76,10.999
1791020220000,767.76,767.76,767.75,767.76,7.979
1791020280000,767.75,767.76,767.72,767.75,24.525
1791020340000,767.75,767.76,767.75,767.75,3.85
1791020400000,767.76,767.76,767.7,767.72,7.234
1791020460000,767.72,767.77,767.71,767.72,24.921
1791020520000,767.72,767.75,767.72,767.74,6.604
1791020580000,767.75,767.76,767.75,767.75,11.966
1791020640000,767.76,767.84,767.75,767.84,8.935
1791020700000,767.83,767.83,767.75,767.76,38.885
1791020760000,767.76,767.82,767.75,767.81,12.607
1791020820000,767.81,767.82,767.75,767.75,90.317
1791020880000,767.75,767.76,767.75,767.76,18.827
1791020940000,767.75,767.76,767.72,767.73,21.797
1791021000000,767.73,767.82,767.72,767.81,27.625
1791021060000,767.82,767.82,767.81,767.82,8.594
1791021120000,767.82,767.82,767.74,767.74,18.802
1791021180000,767.75,767.75,767.6,767.6,5.808
1791021240000,767.6,767.61,767.51,767.51,6.739
1791021300000,767.52,767.7,767.52,767.7,14.891
1791021360000,767.7,767.7,767.6,767.65,54.304
1791021420000,767.65,767.66,767.58,767.58,4.872
1791021480000,767.59,767.59,767.58,767.58,9.89
1791021540000,767.59,767.61,767.58,767.61,8.867
1791021600000,767.6,767.6,767.5,767.55,17.103
1791021660000,767.55,767.57,767.54,767.57,11.126
1791021720000,767.57,767.57,767.56,767.57,7.293
1791021780000,767.57,767.6,767.57,767.59,44.387
1791021840000,767.59,767.91,767.59,767.91,55.29
1791021900000,767.9,767.91,767.9,767.9,16.351
1791021960000,767.9,768.06,767.9,768.06,29.467
1791022020000,768.07,768.07,767.96,767.97,28.215
1791022080000,767.97,768.2,767.96,768.2,45.474
1791022140000,768.2,768.41,768.19,768.41,27.868
1791022200000,768.41,768.41,768.4,768.41,8.01
1791022260000,768.41,769.0,768.4,768.74,552.014
1791022320000,768.73,768.73,768.44,768.45,24.682
1791022380000,768.45,768.45,768.44,768.44,22.964
1791022440000,768.45,768.45,768.4,768.43,8.064
1791022500000,768.43,768.43,768.42,768.43,3.998
1791022560000,768.42,768.43,768.42,768.43,12.288
1791022620000,768.42,768.78,768.42,768.66,233.412
1791022680000,768.65,768.66,768.65,768.66,10.849
1791022740000,768.65,768.71,768.65,768.71,21.263
1791022800000,768.71,768.75,768.67,768.68,34.408
1791022860000,768.68,768.68,768.48,768.53,41.492
1791022920000,768.53,768.54,768.53,768.54,2.65
1791022980000,768.54,768.54,768.53,768.54,11.515
1791023040000,768.54,768.54,768.53,768.54,7.621
1791023100000,768.54,768.62,768.53,768.62,24.493
1791023160000,768.61,768.62,768.61,768.61,9.671
1791023220000,768.62,768.68,768.61,768.67,23.942
1791023280000,768.68,769.0,768.68,768.99,20.072
1791023340000,769.0,769.18,768.99,769.17,67.931
1791023400000,769.17,769.17,769.1,769.11,6.788
1791023460000,769.1,769.2,769.1,769.19,30.915
1791023520000,769.2,769.2,769.19,769.19,23.711
1791023580000,769.19,769.2,769.0,769.01,44.471
1791023640000,769.01,769.11,769.0,769.11,49.89
1791023700000,769.11,769.11,768.54,768.63,83.81
1791023760000,768.62,768.63,768.11,768.43,66.482
1791023820000,768.43,768.64,768.43,768.64,19.952
1791023880000,768.63,768.64,768.63,768.64,10.81
1791023940000,768.64,768.68,768.63,768.68,6.625
1791024000000,768.68,768.68,768.55,768.59,44.396
1791024060000,768.59,768.59,768.41,768.42,161.908
1791024120000,768.42,768.42,768.35,768.35,4.235
1791024180000,768.36,768.36,768.33,768.34,10.796
1791024240000,768.34,768.34,768.33,768.34,4.45
1791024300000,768.34,768.34,768.33,768.34,12.943
1791024360000,768.34,768.36,768.33,768.36,16.885
1791024420000,768.36,768.36,768.35,768.35,12.536
1791024480000,768.36,768.38,768.35,768.37,33.784
1791024540000,768.38,768.38,768.25,768.25,25.049
1791024600000,768.26,768.26,768.25,768.26,27.335
1791024660000,768.26,768.26,768.25,768.25,1.538
1791024720000,768.26,768.31,768.26,768.31,2.137
1791024780000,768.31,768.57,768.3,768.57,17.031
1791024840000,768.57,768.57,768.56,768.57,10.372
1791024900000,768.57,768.68,768.56,768.68,30.707
1791024960000,768.67,768.7,768.67,768.7,22.065
1791025020000,768.69,768.78,768.69,768.78,7.313
1791025080000,768.77,768.78,768.77,768.78,7.444
1791025140000,768.77,768.78,768.77,768.78,8.364
1791025200000,768.78,768.96,768.77,768.95,57.811
1791025260000,768.95,768.96,768.95,768.96,14.166
1791025320000,768.95,768.95,768.73,768.77,73.483
1791025380000,768.76,768.96,768.76,768.95,44.244
1791025440000,768.96,769.2,768.96,769.2,100.057
1791025500000,769.19,769.2,769.19,769.19,6.401
1791025560000,769.2,769.33,769.19,769.32,37.017
1791025620000,769.33,769.87,769.32,769.86,32.358
1791025680000,769.87,769.87,769.65,769.7,74.569
1791025740000,769.7,769.83,769.7,769.82,13.332
1791025800000,769.82,769.83,769.72,769.75,27.083
1791025860000,769.75,769.76,769.6,769.61,42.048
1791025920000,769.61,769.76,769.6,769.75,37.0
1791025980000,769.76,769.76,769.32,769.33,41.213
1791026040000,769.32,769.33,769.28,769.29,10.45
1791026100000,769.29,769.29,769.25,769.26,5.056
1791026160000,769.26,769.26,769.17,769.17,10.924
1791026220000,769.17,769.3,769.12,769.3,23.755
1791026280000,769.3,769.57,769.29,769.57,41.427
1791026340000,769.56,769.57,769.49,769.5,12.524
1791026400000,769.5,769.5,768.99,768.99,63.584
1791026460000,768.99,769.0,768.99,768.99,12.891
1791026520000,769.0,769.0,768.93,768.96,3.813
1791026580000,768.96,769.18,768.95,769.18,42.925
1791026640000,769.17,769.18,769.17,769.17,7.219
1791026700000,769.17,769.18,769.17,769.18,6.971
1791026760000,769.17,769.18,769.17,769.17,5.667
1791026820000,769.18,769.18,769.17,769.17,26.851
1791026880000,769.17,769.18,769.13,769.14,27.539
1791026940000,769.14,769.18,769.13,769.18,13.015
1791027000000,769.17,769.18,769.12,769.12,30.177
1791027060000,769.13,769.17,769.12,769.17,16.095
1791027120000,769.17,769.17,769.16,769.17,8.353
1791027180000,769.16,769.17,769.1,769.1,28.879
1791027240000,769.11,769.11,769.1,769.11,12.294
1791027300000,769.11,769.23,769.1,769.23,31.378
1791027360000,769.22,769.23,769.22,769.23,22.621
1791027420000,769.23,769.23,768.84,769.2,69.609
1791027480000,769.2,769.74,769.18,769.62,36.13
1791027540000,769.61,769.62,769.57,769.58,18.315
1791027600000,769.58,769.8,769.57,769.8,21.785
1791027660000,769.8,769.8,769.68,769.74,102.037
1791027720000,769.74,769.75,769.67,769.68,14.988
1791027780000,769.67,769.8,769.67,769.79,32.061
1791027840000,769.8,770.0,769.8,769.99,34.232
1791027900000,769.99,770.0,769.74,769.78,118.755
1791027960000,769.77,769.89,769.77,769.89,12.804
1791028020000,769.9,769.9,769.89,769.9,10.241
1791028080000,769.89,770.09,769.79,770.03,166.443
1791028140000,770.04,770.04,769.72,769.72,24.442
1791028200000,769.71,769.85,769.71,769.84,13.764
1791028260000,769.85,769.85,769.84,769.85,4.03
1791028320000,769.85,769.85,769.84,769.85,7.879
1791028380000,769.84,769.89,769.84,769.88,35.031
1791028440000,769.89,769.97,769.87,769.88,42.709
1791028500000,769.88,769.94,769.87,769.94,26.01
1791028560000,769.93,769.94,769.9,769.9,19.34
1791028620000,769.9,769.91,769.86,769.87,123.637
1791028680000,769.87,769.9,769.86,769.89,46.509
1791028740000,769.89,770.26,769.89,770.25,40.616
1791028800000,770.26,770.4,769.86,769.87,257.195
1791028860000,769.87,769.87,769.86,769.86,5.125
1791028920000,769.86,769.87,769.49,769.66,62.902
1791028980000,769.67,769.69,769.66,769.68,29.769
1791029040000,769.68,770.52,769.68,770.52,118.214
1791029100000,770.53,770.89,770.52,770.89,73.718
1791029160000,770.89,770.92,770.89,770.91,26.058
1791029220000,770.92,770.98,770.88,770.88,72.241
1791029280000,770.88,770.89,770.82,770.82,43.185
1791029340000,770.82,770.83,770.74,770.74,13.776
1791029400000,770.75,770.75,770.74,770.75,9.516
1791029460000,770.74,770.75,770.74,770.75,4.662
1791029520000,770.75,770.85,770.74,770.84,21.292
1791029580000,770.85,771.0,770.84,770.99,109.809
1791029640000,770.99,771.09,770.99,771.08,24.618
1791029700000,771.08,771.08,770.42,770.42,45.045
1791029760000,770.42,770.45,770.4,770.45,5.602
1791029820000,770.44,770.48,770.44,770.48,10.631
1791029880000,770.47,770.72,770.47,770.63,37.218
1791029940000,770.63,770.63,770.62,770.62,4.302
1791030000000,770.62,770.88,770.51,770.87,51.447
1791030060000,770.87,771.3,770.86,771.21,54.455
1791030120000,771.21,771.22,770.99,771.13,83.318
1791030180000,771.13,771.77,771.13,771.73,161.411
1791030240000,771.72,771.72,771.45,771.46,60.136
1791030300000,771.46,771.67,771.07,771.08,54.71
1791030360000,771.08,771.34,771.05,771.23,83.344
1791030420000,771.23,771.41,771.13,771.14,50.859
1791030480000,771.14,771.22,771.13,771.16,34.817
1791030540000,771.16,771.16,770.63,770.72,99.381
1791030600000,770.72,770.75,770.62,770.63,36.267
1791030660000,770.63,770.72,770.62,770.68,5.173
1791030720000,770.67,770.67,770.47,770.67,36.929
1791030780000,770.67,770.89,770.67,770.89,17.585
1791030840000,770.88,770.88,770.82,770.83,7.538
1791030900000,770.82,770.93,770.82,770.92,25.239
1791030960000,770.91,770.95,770.87,770.95,28.942
1791031020000,770.94,771.25,770.94,771.13,30.424
1791031080000,771.13,771.14,771.04,771.1,28.456
1791031140000,771.11,771.41,771.04,771.33,81.171
1791031200000,771.33,771.54,771.32,771.45,33.524
1791031260000,771.45,771.45,770.94,770.94,150.368
1791031320000,770.94,771.07,770.82,770.82,27.197
1791031380000,770.83,771.01,770.83,770.98,70.891
1791031440000,770.99,771.18,770.98,771.18,38.789
1791031500000,771.18,771.25,771.17,771.25,23.271
1791031560000,771.24,771.43,771.24,771.42,17.791
1791031620000,771.42,771.64,771.42,771.64,27.627
1791031680000,771.64,771.73,771.63,771.73,17.045
1791031740000,771.73,771.95,771.71,771.82,50.85
1791031800000,771.82,771.85,771.81,771.85,28.11
1791031860000,771.85,771.85,771.72,771.73,49.63
1791031920000,771.73,771.99,771.72,771.95,63.053
1791031980000,771.95,771.99,771.94,771.99,15.03
1791032040000,771.99,771.99,771.98,771.99,11.795
1791032100000,771.99,772.0,771.98,772.0,11.542
1791032160000,771.99,772.0,771.79,771.8,12.933
1791032220000,771.8,771.82,771.8,771.8,30.438
1791032280000,771.81,771.81,771.72,771.72,42.022
1791032340000,771.71,771.71,771.64,771.65,35.547
1791032400000,771.65,771.65,771.4,771.41,13.614
1791032460000,771.41,771.41,771.38,771.4,13.982
1791032520000,771.4,771.67,771.33,771.66,54.548
1791032580000,771.66,772.01,771.66,772.0,73.573
1791032640000,772.0,772.01,771.95,771.96,13.671
1791032700000,771.96,771.96,771.95,771.96,11.762
1791032760000,771.97,772.35,771.96,772.35,73.967
1791032820000,772.35,772.35,772.24,772.25,58.837
1791032880000,772.24,772.24,772.04,772.06,42.507
1791032940000,772.05,772.47,772.05,772.47,26.441
1791033000000,772.48,772.78,772.48,772.77,100.458
1791033060000,772.78,772.78,772.52,772.52,51.452
1791033120000,772.53,772.53,772.48,772.48,25.537
1791033180000,772.49,772.74,772.4,772.74,96.689
1791033240000,772.74,772.8,772.72,772.72,49.381
1791033300000,772.72,772.73,772.44,772.45,23.276
1791033360000,772.45,772.66,772.45,772.5,21.093
1791033420000,772.51,772.51,772.03,772.04,45.108
1791033480000,772.03,772.08,771.84,772.05,60.861
1791033540000,772.06,772.06,772.03,772.04,14.833
1791033600000,772.04,772.04,771.81,771.81,16.728
1791033660000,771.81,771.85,771.79,771.81,71.179
1791033720000,771.81,771.81,771.8,771.81,6.37
1791033780000,771.81,771.98,771.74,771.98,33.524
1791033840000,771.97,772.16,771.88,772.14,72.812
1791033900000,772.15,772.31,772.14,772.26,91.703
1791033960000,772.26,772.27,772.26,772.27,26.469
1791034020000,772.26,772.27,772.26,772.26,5.543
1791034080000,772.27,772.74,772.27,772.73,44.946
1791034140000,772.74,772.74,772.65,772.67,35.074
1791034200000,772.67,772.67,772.56,772.57,26.718
1791034260000,772.57,772.59,772.56,772.59,8.131
1791034320000,772.59,772.59,772.58,772.59,11.408
1791034380000,772.58,772.59,772.4,772.45,53.877
1791034440000,772.46,772.82,772.46,772.82,71.278
1791034500000,772.82,772.98,771.9,772.47,284.285
1791034560000,772.48,773.06,772.47,773.06,56.642
1791034620000,773.06,773.48,773.06,773.39,183.706
1791034680000,773.39,773.7,773.39,773.6,64.105
1791034740000,773.6,773.72,773.49,773.49,36.221
1791034800000,773.5,774.27,773.5,774.17,130.116
1791034860000,774.17,774.47,774.17,774.35,51.314
1791034920000,774.36,774.37,774.02,774.28,109.439
1791034980000,774.27,774.27,773.91,774.08,37.227
1791035040000,774.07,774.08,773.6,773.61,54.979
1791035100000,773.6,773.61,773.54,773.54,22.868
1791035160000,773.54,773.55,773.52,773.52,24.464
1791035220000,773.53,773.53,773.37,773.38,7.505
1791035280000,773.38,774.17,773.37,774.16,58.686
1791035340000,774.17,774.54,774.16,774.53,100.869
1791035400000,774.53,774.53,773.96,773.97,49.963
1791035460000,773.96,773.97,773.95,773.95,31.809
1791035520000,773.95,774.1,773.94,774.09,11.609
1791035580000,774.09,774.32,774.09,774.31,49.809
1791035640000,774.31,774.31,774.26,774.27,9.508
1791035700000,774.26,774.27,774.26,774.26,9.986
1791035760000,774.27,774.52,774.26,774.52,43.471
1791035820000,774.51,774.51,774.28,774.34,36.887
1791035880000,774.35,774.36,774.34,774.36,6.803
1791035940000,774.36,774.5,774.35,774.5,15.637
1791036000000,774.5,774.57,774.49,774.54,61.428
1791036060000,774.53,774.88,774.31,774.63,175.641
1791036120000,774.63,774.64,774.11,774.11,49.876
1791036180000,774.12,774.28,774.04,774.28,88.649
1791036240000,774.28,774.51,774.25,774.41,46.543
1791036300000,774.41,774.68,774.39,774.57,66.794
1791036360000,774.57,774.58,774.35,774.35,138.622
1791036420000,774.35,774.76,774.35,774.75,84.57
1791036480000,774.76,775.28,774.75,775.0,259.89
1791036540000,775.0,775.01,774.72,774.72,65.663
1791036600000,774.72,774.98,774.71,774.97,32.483
1791036660000,774.98,774.98,774.53,774.53,49.255
1791036720000,774.52,774.7,774.31,774.7,35.289
1791036780000,774.7,775.04,774.69,775.04,43.518
1791036840000,775.04,775.04,774.94,774.95,44.413
1791036900000,774.95,775.2,774.95,775.04,154.455
1791036960000,775.04,775.28,774.97,774.98,94.335
1791037020000,774.97,775.11,774.7,774.71,83.437
1791037080000,774.71,775.27,774.7,775.27,54.989
1791037140000,775.26,775.45,775.04,775.04,95.001
1791037200000,775.04,775.05,774.66,774.66,45.427
1791037260000,774.65,775.44,774.65,775.0,86.096
1791037320000,774.99,775.12,774.99,775.1,99.846
1791037380000,775.09,775.38,775.08,775.38,23.027
1791037440000,775.37,775.42,775.37,775.42,18.519
1791037500000,775.42,775.45,775.42,775.45,20.099
1791037560000,775.44,776.24,775.44,776.23,300.557
1791037620000,776.24,776.43,776.23,776.42,114.073
1791037680000,776.42,776.58,776.32,776.49,117.431
1791037740000,776.49,776.49,776.19,776.39,77.902
1791037800000,776.39,776.84,776.39,776.8,149.745
1791037860000,776.8,777.21,776.8,777.08,219.413
1791037920000,777.07,777.14,776.82,777.09,91.258
1791037980000,777.09,777.18,777.02,777.02,51.487
1791038040000,777.02,777.03,776.66,776.85,141.885
1791038100000,776.86,776.86,776.53,776.76,144.204
1791038160000,776.76,776.88,776.76,776.87,60.389
1791038220000,776.88,777.1,776.87,777.07,108.848
1791038280000,777.07,777.16,776.49,776.59,143.729
1791038340000,776.58,776.69,776.24,776.24,209.823
1791038400000,776.25,776.42,775.67,775.67,58.456
1791038460000,775.67,775.78,775.29,775.55,119.897
1791038520000,775.54,776.02,775.46,776.01,84.769
1791038580000,776.02,777.11,776.01,777.1,148.874
1791038640000,777.1,777.62,777.1,777.42,173.371
1791038700000,777.43,777.77,777.43,777.76,90.508
1791038760000,777.75,777.76,777.42,777.47,92.327
1791038820000,777.48,778.0,777.47,777.92,116.083
1791038880000,777.92,777.96,777.66,777.73,130.938
1791038940000,777.73,777.95,777.73,777.78,23.112
1791039000000,777.78,777.95,777.64,777.95,58.535
1791039060000,777.95,778.25,777.95,778.25,136.884
1791039120000,778.24,778.44,778.24,778.39,77.665
1791039180000,778.4,778.43,778.32,778.35,92.813
1791039240000,778.35,778.45,778.35,778.41,40.093
1791039300000,778.4,778.55,777.85,778.0,206.255
1791039360000,778.0,778.44,777.99,778.44,117.209
1791039420000,778.44,778.73,778.43,778.53,189.64
1791039480000,778.53,778.54,778.45,778.45,43.683
1791039540000,778.46,778.53,778.44,778.52,39.076
1791039600000,778.53,778.53,777.89,777.89,131.261
1791039660000,777.89,777.93,777.85,777.93,62.459
1791039720000,777.93,778.15,777.93,778.15,43.218
1791039780000,778.14,778.5,778.14,778.49,103.833
1791039840000,778.5,778.8,778.5,778.77,199.432
1791039900000,778.76,778.96,778.76,778.96,57.769
1791039960000,778.95,779.1,778.33,778.34,323.508
1791040020000,778.34,778.62,777.96,777.99,168.197
1791040080000,778.0,779.01,778.0,778.93,207.893
1791040140000,778.94,778.94,778.28,778.28,115.917
1791040200000,778.28,778.28,777.83,777.84,56.394
1791040260000,777.83,777.84,777.43,777.54,59.91
1791040320000,777.54,777.79,777.54,777.72,57.228
1791040380000,777.72,778.0,777.72,777.95,62.873
1791040440000,777.94,777.95,777.43,777.74,114.489
1791040500000,777.73,777.74,776.41,776.68,625.403
1791040560000,776.69,777.09,775.96,776.31,595.415
1791040620000,776.32,777.05,776.32,776.7,150.655
1791040680000,776.7,776.8,776.49,776.59,62.407
1791040740000,776.6,776.7,776.56,776.62,69.419
1791040800000,776.62,777.11,776.61,777.11,85.474
1791040860000,777.1,777.25,776.85,777.08,90.3
1791040920000,777.07,777.2,777.04,777.05,38.067
1791040980000,777.06,777.06,776.63,776.86,97.198
1791041040000,776.86,776.86,776.68,776.68,22.782
1791041100000,776.68,776.85,776.67,776.85,22.116
1791041160000,776.84,776.84,776.71,776.75,24.204
1791041220000,776.75,777.13,776.74,777.12,60.395
1791041280000,777.13,777.13,776.9,776.9,14.775
1791041340000,776.91,776.91,776.78,776.78,10.302
1791041400000,776.78,777.18,776.78,777.18,25.866
1791041460000,777.18,777.25,776.81,776.81,70.04
1791041520000,776.82,776.89,776.7,776.83,64.774
1791041580000,776.82,776.83,776.61,776.65,31.777
1791041640000,776.64,776.65,776.46,776.53,41.698
1791041700000,776.53,776.53,776.25,776.39,49.834
1791041760000,776.39,776.61,776.38,776.58,60.031
1791041820000,776.59,776.87,776.58,776.87,60.103
1791041880000,776.87,777.43,776.87,777.43,74.848
1791041940000,777.43,777.5,777.36,777.5,51.296
1791042000000,777.5,777.61,777.49,777.59,55.462
1791042060000,777.58,777.61,777.57,777.57,74.793
1791042120000,777.58,778.01,777.57,778.01,177.417
1791042180000,778.01,778.48,778.01,778.47,56.485
1791042240000,778.48,778.56,778.37,778.37,88.045
1791042300000,778.37,778.44,778.36,778.44,14.714
1791042360000,778.44,778.54,778.44,778.54,19.138
1791042420000,778.53,778.56,778.41,778.56,96.937
1791042480000,778.56,778.69,778.55,778.69,27.838
1791042540000,778.69,778.69,778.68,778.68,10.441
1791042600000,778.69,778.69,778.68,778.69,27.563
1791042660000,778.69,778.86,778.68,778.86,38.251
1791042720000,778.86,778.86,778.73,778.85,70.462
1791042780000,778.85,779.12,778.8,778.95,153.105
1791042840000,778.95,779.25,778.94,779.24,73.362
1791042900000,779.25,779.25,778.81,778.84,115.87
1791042960000,778.85,778.99,778.74,778.93,61.96
1791043020000,778.92,778.92,778.32,778.32,92.452
1791043080000,778.33,778.44,778.32,778.32,33.258
1791043140000,778.33,778.67,778.15,778.66,246.874
1791043200000,778.66,778.84,778.36,778.36,93.249
1791043260000,778.37,778.37,777.8,777.81,56.748
1791043320000,777.81,777.97,777.57,777.58,80.355
1791043380000,777.57,777.57,777.23,777.25,44.081
1791043440000,777.26,777.96,777.26,777.69,73.384
1791043500000,777.69,777.69,777.3,777.38,38.055
1791043560000,777.39,777.39,777.28,777.29,38.724
1791043620000,777.29,777.48,777.28,777.34,70.388
1791043680000,777.32,777.85,777.28,777.84,90.65
1791043740000,777.85,778.07,777.81,777.89,88.072
1791043800000,777.9,778.03,777.69,777.69,137.328
1791043860000,777.69,778.11,777.65,778.07,110.495
1791043920000,778.08,778.22,778.08,778.12,18.713
1791043980000,778.13,778.16,777.9,777.91,22.726
1791044040000,777.91,778.1,777.74,777.74,104.542
1791044100000,777.74,777.74,777.27,777.27,28.438
1791044160000,777.27,777.57,777.2,777.21,90.146
1791044220000,777.2,777.36,777.12,777.36,38.864
1791044280000,777.35,777.35,777.2,777.21,31.195
1791044340000,777.21,777.36,777.2,777.31,15.2
1791044400000,777.32,777.42,776.85,776.85,73.133
1791044460000,776.86,776.86,776.47,776.63,46.113
1791044520000,776.63,776.94,776.63,776.94,74.89
1791044580000,776.94,777.3,776.93,777.3,26.904
1791044640000,777.29,777.6,777.29,777.58,46.989
1791044700000,777.58,777.88,777.58,777.81,42.466
1791044760000,777.82,777.82,777.8,777.8,24.964
1791044820000,777.8,777.85,777.8,777.84,20.113
1791044880000,777.85,778.01,777.82,778.01,39.899
1791044940000,778.01,778.33,778.01,778.16,85.214
1791045000000,778.16,778.26,778.15,778.26,23.229
1791045060000,778.25,778.26,778.2,778.22,23.655
1791045120000,778.23,778.65,778.22,778.65,146.424
1791045180000,778.66,778.87,778.63,778.87,84.909
1791045240000,778.87,778.87,778.71,778.72,36.64
1791045300000,778.72,778.94,778.71,778.92,31.671
1791045360000,778.92,779.64,778.92,779.64,310.915
1791045420000,779.64,779.65,778.94,779.12,150.308
1791045480000,779.12,779.63,779.12,779.63,47.669
1791045540000,779.62,779.8,779.62,779.64,208.639
1791045600000,779.64,779.88,779.63,779.87,152.309
1791045660000,779.88,780.5,779.87,780.26,807.415
1791045720000,780.25,780.31,780.18,780.19,178.56
1791045780000,780.19,780.37,780.18,780.29,77.069
1791045840000,780.28,780.53,780.12,780.53,195.998
1791045900000,780.52,780.83,780.52,780.8,171.063
1791045960000,780.79,780.98,780.6,780.97,145.708
1791046020000,780.97,781.0,780.5,780.51,239.174
1791046080000,780.51,780.63,780.36,780.37,37.736
1791046140000,780.37,780.37,779.63,779.63,53.205
1791046200000,779.63,779.63,779.53,779.58,102.556
1791046260000,779.58,779.77,779.37,779.47,120.917
1791046320000,779.47,780.19,779.47,780.13,216.766
1791046380000,780.13,780.15,779.87,779.87,25.665
1791046440000,779.88,779.88,779.55,779.56,29.471
1791046500000,779.56,779.75,779.56,779.75,4.677
1791046560000,779.76,780.0,779.75,779.85,22.147
1791046620000,779.84,780.0,779.75,780.0,107.17
1791046680000,780.0,780.0,779.99,780.0,14.393
1791046740000,780.0,780.0,779.99,780.0,31.226
1791046800000,780.0,780.06,779.95,780.06,109.108
1791046860000,780.07,780.24,780.0,780.21,49.585
1791046920000,780.21,780.95,780.21,780.88,162.914
1791046980000,780.88,782.38,780.88,782.1,684.297
1791047040000,782.1,783.0,782.05,782.91,520.408
1791047100000,782.91,785.0,782.9,784.47,2175.764
1791047160000,784.48,784.99,784.47,784.97,282.742
1791047220000,784.96,787.53,784.66,786.36,5937.593
1791047280000,786.36,788.27,786.36,788.11,959.943
1791047340000,788.11,789.74,787.96,789.72,1560.384
1791047400000,789.72,791.05,789.27,790.03,1653.396
1791047460000,790.03,790.32,787.4,789.38,1193.144
1791047520000,789.36,790.38,789.2,789.81,539.149
1791047580000,789.84,790.71,789.63,789.8,657.082
1791047640000,789.81,790.5,789.33,789.96,384.489
1791047700000,789.97,791.0,788.8,790.79,562.015
1791047760000,790.8,791.23,790.26,791.03,545.163
1791047820000,791.02,791.18,789.89,789.9,569.739
1791047880000,789.89,791.16,789.62,790.94,315.691
1791047940000,790.93,790.94,790.12,790.19,196.622
1791048000000,790.16,791.44,790.12,790.6,387.495
1791048060000,790.6,790.64,789.49,789.49,253.094
1791048120000,789.48,789.77,788.42,788.69,465.953
1791048180000,788.68,789.4,788.68,789.3,269.08
1791048240000,789.31,789.46,788.44,788.85,236.59
1791048300000,788.84,790.37,788.84,790.29,305.578
1791048360000,790.28,790.57,790.0,790.07,256.486
1791048420000,790.07,790.07,789.69,789.7,177.884
1791048480000,789.69,790.01,789.37,789.68,393.39
1791048540000,789.69,789.92,789.5,789.73,150.713
1791048600000,789.73,790.1,789.14,789.41,378.433
1791048660000,789.42,789.9,788.51,788.6,378.213
1791048720000,788.59,788.83,787.83,788.22,673.567
1791048780000,788.22,788.7,788.09,788.09,306.937
1791048840000,788.08,788.09,787.35,787.99,273.773
1791048900000,787.98,788.38,787.58,788.05,198.419
1791048960000,788.05,788.57,788.04,788.56,95.682
1791049020000,788.56,789.59,788.33,789.31,341.98
1791049080000,789.31,789.37,788.6,788.88,82.267
1791049140000,788.87,790.0,788.87,789.94,180.476
1791049200000,789.94,790.5,789.66,790.33,223.391
1791049260000,790.33,790.46,790.09,790.36,176.094
1791049320000,790.35,790.35,789.82,790.02,118.954
1791049380000,790.03,790.03,789.72,789.77,69.889
1791049440000,789.77,790.19,789.77,790.18,28.784
1791049500000,790.18,790.36,789.47,789.47,118.973
1791049560000,789.48,791.13,789.47,791.13,110.671
1791049620000,791.13,791.13,790.58,790.78,287.222
1791049680000,790.78,790.78,790.29,790.3,175.279
1791049740000,790.31,790.58,790.0,790.0,53.803
1791049800000,790.0,790.49,789.96,790.44,88.861
1791049860000,790.43,790.44,790.17,790.19,20.746
1791049920000,790.19,790.46,790.17,790.32,105.786
1791049980000,790.31,790.32,788.52,788.53,177.909
1791050040000,788.53,788.7,788.44,788.62,92.555
1791050100000,788.61,788.61,787.97,788.05,190.55
1791050160000,788.06,788.49,787.82,788.49,215.234
1791050220000,788.49,789.06,788.21,789.04,179.495
1791050280000,789.03,789.03,788.16,788.24,83.967
1791050340000,788.24,788.72,788.07,788.08,160.693
1791050400000,788.08,788.39,787.55,787.64,138.069
1791050460000,787.64,788.05,787.58,787.74,108.874
1791050520000,787.74,787.76,787.47,787.76,108.294
1791050580000,787.76,787.82,787.75,787.75,12.528
1791050640000,787.76,787.76,787.53,787.7,68.052
1791050700000,787.7,787.71,787.58,787.6,34.06
1791050760000,787.61,788.66,787.6,788.66,117.941
1791050820000,788.67,788.67,788.23,788.28,60.464
1791050880000,788.27,788.45,787.86,788.44,111.601
1791050940000,788.45,789.81,788.44,789.81,122.549
1791051000000,789.8,790.12,789.2,789.21,391.491
1791051060000,789.2,789.2,788.66,788.85,72.826
1791051120000,788.85,788.85,788.46,788.46,47.065
1791051180000,788.47,788.56,788.35,788.44,27.279
1791051240000,788.44,788.52,788.23,788.23,49.781
1791051300000,788.22,788.23,787.84,788.23,56.583
1791051360000,788.23,788.76,788.22,788.46,65.329
1791051420000,788.45,789.03,788.44,788.47,37.879
1791051480000,788.47,788.47,788.02,788.18,25.27
1791051540000,788.18,788.18,788.0,788.05,94.404
1791051600000,788.05,788.38,788.05,788.38,60.85
1791051660000,788.37,788.38,788.07,788.08,32.32
1791051720000,788.08,788.38,787.89,787.97,65.143
1791051780000,787.98,788.31,787.98,788.25,52.447
1791051840000,788.26,788.68,788.26,788.47,37.333
1791051900000,788.47,788.92,788.36,788.78,31.705
1791051960000,788.78,788.78,788.14,788.14,24.298
1791052020000,788.15,788.49,788.14,788.48,8.515
1791052080000,788.48,788.68,788.46,788.68,3.987
1791052140000,788.67,788.87,788.24,788.62,101.011
1791052200000,788.61,788.78,788.5,788.78,187.639
1791052260000,788.77,789.1,788.77,788.97,95.27
1791052320000,788.98,789.23,788.97,789.19,59.003
1791052380000,789.2,789.62,789.12,789.2,125.348
1791052440000,789.21,789.21,788.65,788.67,73.761
1791052500000,788.66,788.98,788.55,788.55,24.886
1791052560000,788.56,788.76,788.56,788.76,11.983
1791052620000,788.76,789.12,788.76,788.93,92.453
1791052680000,788.94,789.43,788.94,789.35,105.713
1791052740000,789.35,789.38,789.12,789.12,18.005
1791052800000,789.11,789.25,789.11,789.25,38.193
1791052860000,789.25,789.33,788.44,788.64,238.916
1791052920000,788.63,789.09,788.55,788.57,91.131
1791052980000,788.57,788.57,788.36,788.41,16.156
1791053040000,788.41,788.62,788.01,788.01,32.862
1791053100000,788.02,788.06,787.52,787.53,58.233
1791053160000,787.54,788.13,787.53,788.13,42.23
1791053220000,788.12,788.93,788.03,788.93,143.676
1791053280000,788.93,788.93,788.6,788.82,19.849
1791053340000,788.83,788.93,788.76,788.92,134.846
1791053400000,788.92,788.92,788.76,788.76,3.414
1791053460000,788.76,788.76,788.57,788.58,12.385
1791053520000,788.57,788.77,788.55,788.77,41.076
1791053580000,788.76,788.87,788.64,788.65,97.865
1791053640000,788.65,788.65,788.47,788.56,8.807
1791053700000,788.57,789.0,788.56,789.0,33.754
1791053760000,789.0,789.22,788.99,789.22,39.935
1791053820000,789.21,789.74,789.21,789.74,96.971
1791053880000,789.74,789.74,789.59,789.66,39.5
1791053940000,789.66,789.67,789.53,789.53,17.095
1791054000000,789.54,789.84,789.49,789.7,55.337
1791054060000,789.7,790.0,789.69,789.74,46.947
1791054120000,789.75,789.75,789.52,789.6,64.186
1791054180000,789.6,789.63,788.97,788.98,50.814
1791054240000,788.98,789.57,788.98,789.55,44.848
1791054300000,789.56,789.82,789.52,789.54,36.279
1791054360000,789.54,789.99,789.53,789.84,25.076
1791054420000,789.84,789.84,789.54,789.57,30.842
1791054480000,789.57,789.57,789.56,789.57,14.445
1791054540000,789.57,789.82,789.42,789.76,101.403
1791054600000,789.75,789.85,789.59,789.75,38.027
1791054660000,789.75,790.28,789.72,790.28,87.828
1791054720000,790.28,790.34,790.27,790.33,50.738
1791054780000,790.33,790.89,790.33,790.88,166.538
1791054840000,790.88,790.94,790.76,790.93,153.844
1791054900000,790.93,791.27,790.39,791.27,263.022
1791054960000,791.26,792.82,791.26,791.56,614.712
1791055020000,791.56,792.05,791.49,791.49,122.438
1791055080000,791.49,791.88,791.24,791.24,53.684
1791055140000,791.25,791.25,790.8,791.06,70.152
1791055200000,791.05,791.44,790.94,791.44,40.658
1791055260000,791.45,792.24,791.07,791.4,243.894
1791055320000,791.4,791.75,791.31,791.64,60.971
1791055380000,791.64,791.65,791.45,791.46,20.313
1791055440000,791.45,791.45,790.98,790.98,57.865
1791055500000,790.98,790.98,790.64,790.67,30.248
1791055560000,790.67,790.69,790.22,790.22,84.517
1791055620000,790.22,790.76,790.22,790.6,226.896
1791055680000,790.59,790.8,790.44,790.47,284.666
1791055740000,790.46,790.47,790.06,790.06,112.216
1791055800000,790.07,790.07,789.68,789.69,143.452
1791055860000,789.69,790.07,789.68,790.01,32.922
1791055920000,790.01,790.01,789.65,789.66,18.185
1791055980000,789.65,789.65,789.07,789.08,94.211
1791056040000,789.07,789.3,788.99,789.0,84.678
1791056100000,788.99,789.04,788.99,789.01,53.447
1791056160000,789.02,789.02,787.99,788.14,296.352
1791056220000,788.14,788.52,788.14,788.52,74.058
1791056280000,788.52,788.57,788.33,788.57,62.866
1791056340000,788.57,788.57,788.25,788.46,132.392
1791056400000,788.47,788.94,788.47,788.62,82.824
1791056460000,788.63,788.64,787.75,788.14,184.175
1791056520000,788.15,788.51,788.15,788.31,41.282
1791056580000,788.31,788.67,788.27,788.66,42.051
1791056640000,788.66,788.66,788.39,788.39,49.29
1791056700000,788.39,788.48,788.27,788.28,18.931
1791056760000,788.28,788.4,787.68,787.68,280.972
1791056820000,787.69,788.02,787.53,788.02,253.734
1791056880000,788.02,788.57,788.02,788.52,104.459
1791056940000,788.52,788.52,788.48,788.48,16.817
1791057000000,788.49,788.86,788.48,788.83,97.084
1791057060000,788.83,788.85,788.82,788.84,7.675
1791057120000,788.85,789.03,788.85,789.03,27.107
1791057180000,789.03,789.48,789.02,789.48,26.8
1791057240000,789.47,789.74,789.47,789.73,34.635
1791057300000,789.74,789.89,789.64,789.64,40.633
1791057360000,789.65,789.65,789.64,789.65,6.586
1791057420000,789.65,789.65,789.62,789.63,37.485
1791057480000,789.63,789.84,789.63,789.84,26.977
1791057540000,789.83,789.84,789.61,789.71,87.951
1791057600000,789.71,790.3,789.64,790.29,160.619
1791057660000,790.28,790.53,789.98,789.99,31.882
1791057720000,789.99,790.15,789.98,790.08,15.098
1791057780000,790.09,790.09,789.94,789.94,10.0
1791057840000,789.95,789.95,789.45,789.45,51.368
1791057900000,789.44,789.8,789.32,789.78,46.956
1791057960000,789.78,789.78,789.71,789.72,21.602
1791058020000,789.72,789.77,789.7,789.76,10.395
1791058080000,789.77,790.15,789.76,790.15,137.209
1791058140000,790.14,790.15,789.67,789.68,34.579
1791058200000,789.67,789.99,789.67,789.93,59.195
1791058260000,789.94,790.31,789.94,790.31,18.234
1791058320000,790.3,790.31,790.14,790.3,133.103
1791058380000,790.3,790.53,790.3,790.47,18.488
1791058440000,790.47,790.47,790.3,790.31,12.473
1791058500000,790.3,790.3,790.12,790.3,54.399
1791058560000,790.3,790.3,789.99,789.99,4.133
1791058620000,789.98,789.98,789.41,789.46,58.949
1791058680000,789.47,789.47,788.83,789.06,54.11
1791058740000,789.06,789.31,789.06,789.16,38.281
1791058800000,789.15,789.15,788.9,788.91,24.064
1791058860000,788.9,788.91,788.88,788.88,7.526
1791058920000,788.89,788.89,788.64,788.64,20.776
1791058980000,788.63,788.64,788.51,788.51,9.605
1791059040000,788.51,788.51,788.37,788.44,19.626
1791059100000,788.45,788.74,788.44,788.74,68.704
1791059160000,788.74,788.74,788.73,788.74,5.762
1791059220000,788.73,788.73,788.71,788.72,3.843
1791059280000,788.71,788.74,788.71,788.74,3.447
1791059340000,788.74,788.79,788.46,788.46,26.098
1791059400000,788.47,788.47,788.32,788.32,29.261
1791059460000,788.31,788.32,788.07,788.2,18.023
1791059520000,788.2,788.2,788.18,788.19,6.708
1791059580000,788.18,788.18,788.0,788.0,19.062
1791059640000,788.0,788.1,788.0,788.09,13.721
1791059700000,788.09,788.18,788.08,788.18,7.818
1791059760000,788.18,788.18,788.09,788.14,44.021
1791059820000,788.15,788.31,788.0,788.3,23.78
1791059880000,788.31,788.77,788.3,788.77,17.4
1791059940000,788.77,788.77,788.55,788.55,12.085
1791060000000,788.56,788.56,788.55,788.56,6.286
1791060060000,788.56,788.56,788.22,788.34,53.905
1791060120000,788.34,788.35,788.14,788.15,16.833
1791060180000,788.14,788.15,788.0,788.01,10.004
1791060240000,788.0,788.01,788.0,788.01,10.972
1791060300000,788.01,788.01,788.0,788.01,2.356
1791060360000,788.01,788.45,788.0,788.25,34.931
1791060420000,788.25,788.59,788.23,788.39,173.061
1791060480000,788.4,788.4,788.2,788.2,46.553
1791060540000,788.2,788.2,787.17,787.3,135.813
1791060600000,787.29,787.3,786.93,786.98,35.493
1791060660000,786.98,787.15,786.8,786.81,64.985
1791060720000,786.84,786.84,786.64,786.68,86.332
1791060780000,786.68,786.68,786.39,786.67,53.739
1791060840000,786.67,786.68,786.54,786.64,30.241
1791060900000,786.64,786.66,786.54,786.55,20.035
1791060960000,786.55,786.55,786.39,786.53,31.288
1791061020000,786.53,786.53,786.4,786.4,16.66
1791061080000,786.41,786.41,786.39,786.4,27.388
1791061140000,786.4,786.4,786.33,786.4,18.084
1791061200000,786.4,786.71,786.39,786.71,15.844
1791061260000,786.71,787.27,786.71,787.27,13.794
1791061320000,787.27,787.35,787.26,787.35,21.912
1791061380000,787.35,787.35,787.05,787.05,19.163
1791061440000,787.05,787.05,786.99,787.04,8.344
1791061500000,787.03,787.03,786.04,786.1,169.885
1791061560000,786.1,786.23,786.1,786.23,15.876
1791061620000,786.23,786.25,786.2,786.25,14.163
1791061680000,786.25,786.43,785.75,785.76,110.902
1791061740000,785.75,785.76,785.57,785.61,54.185
1791061800000,785.61,785.9,785.6,785.9,27.655
1791061860000,785.9,785.9,785.62,785.62,7.989
1791061920000,785.62,785.84,785.62,785.83,17.082
1791061980000,785.83,785.96,785.83,785.86,37.982
1791062040000,785.85,785.86,785.83,785.84,25.944
1791062100000,785.84,786.02,785.8,786.02,11.337
1791062160000,786.02,786.02,785.92,785.92,86.007
1791062220000,785.97,785.97,785.92,785.92,2.631
1791062280000,785.93,785.93,785.57,785.57,19.508
1791062340000,785.57,785.57,784.92,785.06,139.463
1791062400000,785.06,785.07,785.0,785.01,13.631
1791062460000,785.0,785.06,785.0,785.06,14.7
1791062520000,785.06,785.4,785.06,785.4,82.925
1791062580000,785.4,785.4,785.33,785.33,24.714
1791062640000,785.34,785.34,785.32,785.33,2.778
1791062700000,785.33,785.39,785.33,785.39,7.762
1791062760000,785.38,785.39,785.31,785.35,9.839
1791062820000,785.36,785.39,785.35,785.39,8.107
1791062880000,785.39,785.49,785.39,785.48,9.874
1791062940000,785.49,785.49,785.48,785.49,1.828
1791063000000,785.49,785.49,785.48,785.49,8.064
1791063060000,785.48,785.49,785.48,785.48,7.59
1791063120000,785.48,785.49,785.48,785.49,3.21
1791063180000,785.49,785.81,785.48,785.81,44.462
1791063240000,785.81,786.09,785.81,785.99,87.917
1791063300000,785.99,786.0,785.89,785.89,76.602
1791063360000,785.89,785.89,785.86,785.86,1.864
1791063420000,785.87,785.87,785.86,785.87,11.89
1791063480000,785.87,785.87,785.85,785.86,12.141
1791063540000,785.86,785.86,785.85,785.86,13.327
1791063600000,785.85,785.93,785.82,785.88,98.627
1791063660000,785.88,785.88,785.77,785.77,31.543
1791063720000,785.77,786.09,785.77,785.96,39.043
1791063780000,785.95,785.99,785.82,785.82,21.367
1791063840000,785.82,785.87,785.82,785.87,6.822
1791063900000,785.88,786.02,785.88,786.01,14.369
1791063960000,786.01,786.14,786.01,786.13,13.374
1791064020000,786.14,786.14,786.1,786.11,6.036
1791064080000,786.11,786.11,786.09,786.1,4.979
1791064140000,786.1,786.11,786.09,786.1,31.717
1791064200000,786.1,786.1,786.09,786.1,5.41
1791064260000,786.1,786.1,786.09,786.09,19.191
1791064320000,786.09,786.1,785.79,785.93,30.001
1791064380000,785.94,786.04,785.94,786.04,18.988
1791064440000,786.03,786.04,785.82,785.82,10.161
1791064500000,785.83,785.83,785.79,785.79,15.075
1791064560000,785.79,785.79,785.51,785.51,28.532
1791064620000,785.5,785.54,785.31,785.54,34.706
1791064680000,785.54,785.62,785.52,785.52,20.939
1791064740000,785.52,785.53,785.0,785.09,24.856
1791064800000,785.1,785.11,784.92,784.93,40.667
1791064860000,784.93,785.44,784.92,785.44,29.761
1791064920000,785.46,785.83,785.41,785.53,57.615
1791064980000,785.52,785.77,785.21,785.47,43.391
1791065040000,785.47,785.95,785.46,785.77,14.33
1791065100000,785.76,785.84,785.5,785.81,13.042
1791065160000,785.81,786.11,785.81,785.9,42.396
1791065220000,785.9,786.27,785.9,786.27,19.934
1791065280000,786.27,786.27,786.21,786.24,10.959
1791065340000,786.25,786.51,786.25,786.35,28.387
1791065400000,786.35,786.7,786.34,786.61,23.642
1791065460000,786.61,787.01,786.61,787.0,19.037
1791065520000,787.01,787.09,787.0,787.08,4.205
1791065580000,787.09,787.09,786.71,786.78,29.214
1791065640000,786.78,786.85,786.65,786.84,22.302
1791065700000,786.84,786.86,786.55,786.58,65.38
1791065760000,786.57,786.8,786.57,786.79,111.342
1791065820000,786.8,786.94,786.75,786.91,31.476
1791065880000,786.91,787.0,786.84,786.84,11.998
1791065940000,786.84,786.85,786.65,786.65,3.984
1791066000000,786.64,786.64,786.43,786.47,16.211
1791066060000,786.47,786.48,786.45,786.45,9.316
1791066120000,786.44,786.55,786.44,786.55,59.014
1791066180000,786.55,786.94,786.54,786.86,118.9
1791066240000,786.86,786.86,786.69,786.74,54.035
1791066300000,786.75,786.8,786.75,786.8,2.218
1791066360000,786.79,786.99,786.75,786.99,23.586
1791066420000,786.99,787.06,786.99,787.05,8.628
1791066480000,787.06,787.36,787.05,787.36,32.635
1791066540000,787.35,787.51,787.35,787.51,34.28
1791066600000,787.51,787.55,787.5,787.51,9.737
1791066660000,787.51,787.51,787.5,787.51,2.907
1791066720000,787.51,787.76,787.51,787.75,27.918
1791066780000,787.76,788.0,787.75,788.0,21.843
1791066840000,787.99,788.0,787.93,787.95,4.925
1791066900000,787.95,788.44,787.95,788.44,43.731
1791066960000,788.43,788.44,788.43,788.43,9.055
1791067020000,788.44,788.52,788.43,788.52,34.048
1791067080000,788.51,788.52,788.51,788.52,24.946
1791067140000,788.52,788.52,788.35,788.36,32.51
1791067200000,788.36,788.4,788.35,788.39,40.144
1791067260000,788.39,788.82,788.39,788.66,102.105
1791067320000,788.65,789.25,788.65,789.25,122.007
1791067380000,789.25,789.25,789.11,789.17,20.441
1791067440000,789.18,789.31,789.17,789.18,30.707
1791067500000,789.18,789.27,789.18,789.27,12.157
1791067560000,789.27,789.27,789.26,789.26,15.962
1791067620000,789.26,789.62,789.26,789.61,39.543
1791067680000,789.62,789.64,789.39,789.64,51.631
1791067740000,789.64,789.64,789.33,789.33,32.928
1791067800000,789.33,789.36,789.33,789.36,6.571
1791067860000,789.36,789.93,789.35,789.93,81.0
1791067920000,789.92,789.93,789.83,789.83,12.335
1791067980000,789.83,789.83,789.82,789.82,7.486
1791068040000,789.83,789.83,789.82,789.83,15.99
1791068100000,789.82,789.83,789.53,789.69,88.113
1791068160000,789.68,789.75,789.59,789.6,26.998
1791068220000,789.59,789.59,789.53,789.59,8.768
1791068280000,789.59,789.59,789.58,789.58,17.361
1791068340000,789.59,789.59,789.23,789.24,29.428
1791068400000,789.24,789.27,789.19,789.27,15.145
1791068460000,789.27,789.57,789.26,789.48,26.625
1791068520000,789.48,789.53,789.36,789.5,68.844
1791068580000,789.49,789.5,789.49,789.5,23.166
1791068640000,789.49,789.5,788.98,789.02,42.352
1791068700000,788.99,789.0,788.73,788.73,12.383
1791068760000,788.74,788.74,788.48,788.48,20.693
1791068820000,788.49,788.49,788.46,788.47,24.585
1791068880000,788.47,788.7,788.47,788.69,19.439
1791068940000,788.69,788.86,788.68,788.86,10.884
1791069000000,788.86,788.89,788.26,788.33,67.433
1791069060000,788.33,788.53,788.32,788.53,16.307
1791069120000,788.52,788.53,787.68,787.82,150.257
1791069180000,787.83,787.83,787.68,787.71,23.196
1791069240000,787.71,787.86,787.71,787.86,2.336
1791069300000,787.86,787.86,787.73,787.73,12.617
1791069360000,787.74,787.74,787.73,787.74,3.874
1791069420000,787.74,788.1,787.74,787.92,97.7
1791069480000,787.92,787.92,787.77,787.77,2.807
1791069540000,787.77,787.77,787.76,787.77,0.972
1791069600000,787.77,787.77,787.68,787.69,10.971
1791069660000,787.69,787.93,787.69,787.93,21.941
1791069720000,787.92,788.41,787.92,788.41,44.423
1791069780000,788.4,788.4,788.23,788.31,15.425
1791069840000,788.32,788.32,788.12,788.13,16.915
1791069900000,788.12,788.12,787.82,787.83,12.455
1791069960000,787.83,787.83,787.5,787.51,43.334
1791070020000,787.51,787.56,787.12,787.18,75.284
1791070080000,787.18,787.18,787.03,787.04,32.49
1791070140000,787.03,787.1,787.01,787.09,9.564
1791070200000,787.09,787.18,787.01,787.01,55.535
1791070260000,787.02,787.02,787.01,787.02,1.774
1791070320000,787.01,787.16,787.01,787.16,8.891
1791070380000,787.17,787.17,787.08,787.09,47.391
1791070440000,787.09,787.09,786.89,786.89,28.339
1791070500000,786.89,787.05,786.89,787.02,20.258
1791070560000,787.02,787.02,786.64,786.8,157.456
1791070620000,786.79,786.85,786.79,786.85,14.202
1791070680000,786.85,786.95,786.76,786.77,77.211
1791070740000,786.77,786.78,786.76,786.78,21.386
1791070800000,786.77,786.78,786.76,786.77,4.82
1791070860000,786.77,786.77,786.65,786.72,56.202
1791070920000,786.73,787.57,786.73,787.51,128.918
1791070980000,787.51,787.51,787.27,787.3,31.922
1791071040000,787.3,787.3,787.27,787.27,7.022
1791071100000,787.28,787.28,787.1,787.11,19.107
1791071160000,787.1,787.54,787.1,787.54,63.685
1791071220000,787.55,787.55,787.43,787.44,3.431
1791071280000,787.44,787.55,787.35,787.36,26.533
1791071340000,787.36,787.36,787.33,787.34,2.157
1791071400000,787.33,787.33,786.99,787.26,25.203
1791071460000,787.25,787.31,787.19,787.31,9.128
1791071520000,787.31,787.33,787.24,787.33,22.896
1791071580000,787.33,787.42,787.26,787.38,26.276
1791071640000,787.37,787.37,787.14,787.15,19.558
1791071700000,787.15,787.15,787.07,787.1,41.3
1791071760000,787.09,787.54,787.09,787.49,65.989
1791071820000,787.47,787.5,787.3,787.3,27.444
1791071880000,787.31,787.49,787.26,787.4,27.444
1791071940000,787.38,787.38,786.81,786.88,31.418
1791072000000,786.88,787.51,786.88,787.51,52.209
1791072060000,787.51,787.51,787.29,787.34,28.765
1791072120000,787.34,787.5,787.03,787.5,96.711
1791072180000,787.5,787.51,787.25,787.48,10.152
1791072240000,787.49,787.49,787.27,787.27,20.446
1791072300000,787.27,787.28,786.99,787.1,22.968
1791072360000,787.1,787.11,786.76,786.79,89.588
1791072420000,786.8,786.97,786.79,786.97,24.33
1791072480000,786.97,787.39,786.8,787.38,63.276
1791072540000,787.4,787.67,786.69,786.69,375.229
1791072600000,786.69,786.7,786.48,786.48,51.75
1791072660000,786.49,786.59,786.47,786.48,40.189
1791072720000,786.48,786.48,786.09,786.36,121.81
1791072780000,786.35,786.46,786.08,786.46,22.684
1791072840000,786.46,786.5,786.28,786.28,78.009
1791072900000,786.28,786.28,785.87,785.91,138.603
1791072960000,785.91,786.4,785.9,786.4,14.178
1791073020000,786.41,786.87,786.4,786.87,9.361
1791073080000,786.87,786.87,786.49,786.51,40.153
1791073140000,786.5,786.5,786.27,786.44,19.472
1791073200000,786.44,786.87,786.44,786.82,53.201
1791073260000,786.83,787.15,786.8,786.8,121.573
1791073320000,786.8,786.97,786.8,786.96,22.417
1791073380000,786.96,786.96,786.46,786.47,51.081
1791073440000,786.47,786.47,786.32,786.32,15.691
1791073500000,786.32,786.57,786.32,786.49,35.397
1791073560000,786.49,786.49,786.14,786.14,23.042
1791073620000,786.15,786.19,786.14,786.16,12.396
1791073680000,786.16,786.31,786.15,786.31,8.442
1791073740000,786.32,786.38,786.32,786.37,14.172
1791073800000,786.37,786.38,786.24,786.24,16.961
1791073860000,786.24,786.25,786.22,786.23,9.528
1791073920000,786.22,786.22,786.21,786.22,14.151
1791073980000,786.22,786.44,786.21,786.27,29.982
1791074040000,786.27,786.72,786.27,786.62,102.658
1791074100000,786.61,786.86,786.56,786.85,25.102
1791074160000,786.85,786.88,786.55,786.65,12.539
1791074220000,786.66,786.73,786.47,786.69,47.329
1791074280000,786.68,786.68,786.53,786.53,13.288
1791074340000,786.53,786.53,786.17,786.17,10.311
1791074400000,786.17,786.17,785.87,786.04,40.15
1791074460000,786.03,786.04,785.87,785.87,24.209
1791074520000,785.87,785.87,785.81,785.82,29.653
1791074580000,785.82,785.89,785.0,785.19,232.924
1791074640000,785.19,785.19,784.9,784.91,54.464
1791074700000,784.9,785.0,784.9,784.91,16.679
1791074760000,784.91,784.91,784.8,784.81,61.413
1791074820000,784.8,784.81,784.36,784.46,228.651
1791074880000,784.46,784.6,784.05,784.58,286.867
1791074940000,784.58,785.0,784.57,785.0,140.6
1791075000000,785.0,785.0,784.88,784.89,14.355
1791075060000,784.89,785.31,784.89,785.3,16.092
1791075120000,785.31,785.56,785.31,785.5,13.933
1791075180000,785.5,785.64,785.44,785.54,14.829
1791075240000,785.54,785.55,785.36,785.37,21.598
1791075300000,785.36,785.37,785.18,785.19,27.181
1791075360000,785.19,785.35,785.18,785.21,18.411
1791075420000,785.21,785.37,785.21,785.36,39.621
1791075480000,785.37,785.43,785.2,785.38,21.882
1791075540000,785.37,785.38,785.24,785.32,19.205
1791075600000,785.32,785.59,785.31,785.59,61.63
1791075660000,785.59,785.63,785.13,785.13,106.286
1791075720000,785.14,785.14,785.06,785.07,7.151
1791075780000,785.06,785.07,784.9,784.9,7.373
1791075840000,784.9,784.9,784.6,784.6,26.904
1791075900000,784.61,784.63,784.17,784.46,34.748
1791075960000,784.47,784.69,784.47,784.66,59.527
1791076020000,784.67,784.69,784.58,784.59,21.295
1791076080000,784.59,784.59,784.48,784.49,11.418
1791076140000,784.49,784.52,784.22,784.31,53.076
1791076200000,784.3,784.39,784.12,784.31,51.129
1791076260000,784.31,784.31,784.17,784.17,19.491
1791076320000,784.18,784.2,784.18,784.19,11.307
1791076380000,784.2,784.2,784.11,784.12,26.494
1791076440000,784.12,784.12,784.0,784.0,17.643
1791076500000,784.0,784.01,783.46,783.47,182.446
1791076560000,783.46,783.51,783.46,783.47,50.518
1791076620000,783.46,783.47,783.37,783.37,34.892
1791076680000,783.36,783.37,783.08,783.29,21.352
1791076740000,783.29,783.29,783.28,783.28,10.053
1791076800000,783.29,783.29,783.01,783.05,37.311
1791076860000,783.06,783.57,783.05,783.51,83.982
1791076920000,783.52,783.52,783.44,783.44,12.839
1791076980000,783.44,783.6,783.4,783.6,48.182
1791077040000,783.6,783.72,783.59,783.72,8.874
1791077100000,783.71,783.76,783.62,783.67,18.198
1791077160000,783.66,783.67,783.66,783.67,8.375
1791077220000,783.67,783.67,783.39,783.4,30.855
1791077280000,783.4,783.44,783.4,783.43,43.04
1791077340000,783.44,783.46,783.43,783.45,12.575
1791077400000,783.46,783.46,783.4,783.4,24.299
1791077460000,783.4,783.46,783.4,783.46,14.269
1791077520000,783.46,783.46,783.0,783.0,99.64
1791077580000,783.01,783.01,782.99,783.0,28.765
1791077640000,783.0,783.2,782.94,783.2,81.26
1791077700000,783.19,783.28,783.05,783.2,68.824
1791077760000,783.19,783.7,783.19,783.7,19.499
1791077820000,783.7,783.7,783.13,783.22,85.413
1791077880000,783.23,783.28,783.17,783.27,6.058
1791077940000,783.28,783.32,783.27,783.27,36.697
1791078000000,783.28,783.31,783.17,783.3,11.878
1791078060000,783.31,783.48,783.3,783.48,40.16
1791078120000,783.47,783.48,783.37,783.38,15.972
1791078180000,783.37,783.38,783.35,783.35,4.96
1791078240000,783.35,783.47,783.33,783.47,16.645
1791078300000,783.47,783.74,783.47,783.74,6.84
1791078360000,783.74,783.76,783.74,783.75,1.912
1791078420000,783.76,783.76,783.75,783.76,7.333
1791078480000,783.76,783.76,783.75,783.76,7.896
1791078540000,783.76,783.76,783.75,783.75,3.549
1791078600000,783.76,784.0,783.75,784.0,49.717
1791078660000,784.0,784.25,784.0,784.25,3.633
1791078720000,784.25,784.45,784.24,784.45,20.174
1791078780000,784.44,784.53,784.44,784.47,1.794
1791078840000,784.47,784.47,784.26,784.33,52.2
1791078900000,784.34,784.34,784.33,784.33,9.455
1791078960000,784.34,784.34,784.2,784.27,14.399
1791079020000,784.27,784.27,784.2,784.24,46.377
1791079080000,784.25,784.42,784.24,784.42,31.765
1791079140000,784.42,784.42,784.27,784.27,12.744
1791079200000,784.26,784.26,783.97,783.98,19.636
1791079260000,783.98,783.98,783.97,783.98,9.437
1791079320000,783.98,784.02,783.9,783.91,32.832
1791079380000,783.91,784.21,783.9,784.21,40.057
1791079440000,784.21,784.21,783.94,783.94,19.326
1791079500000,783.94,784.28,783.94,784.23,40.78
1791079560000,784.24,784.24,784.12,784.12,12.694
1791079620000,784.12,784.12,783.87,783.88,26.68
1791079680000,783.87,783.87,783.75,783.76,14.952
1791079740000,783.76,783.76,783.72,783.72,32.225
1791079800000,783.72,783.79,782.96,783.79,95.782
1791079860000,783.8,783.85,783.8,783.85,15.669
1791079920000,783.85,783.94,783.85,783.94,11.487
1791079980000,783.94,783.96,783.77,783.77,12.616
1791080040000,783.77,783.77,783.24,783.35,36.452
1791080100000,783.36,783.51,783.22,783.22,12.025
1791080160000,783.21,783.21,782.92,782.93,57.522
1791080220000,782.93,783.13,782.15,783.1,199.176
1791080280000,783.1,783.17,783.02,783.05,90.461
1791080340000,783.06,783.06,782.93,782.97,18.082
1791080400000,782.97,783.2,782.96,783.03,16.73
1791080460000,783.04,783.04,783.03,783.03,14.143
1791080520000,783.04,783.3,783.03,783.3,20.721
1791080580000,783.31,783.65,783.3,783.52,32.562
1791080640000,783.51,783.61,783.51,783.51,61.074
1791080700000,783.51,783.52,783.38,783.39,19.674
1791080760000,783.38,783.39,783.36,783.37,13.193
1791080820000,783.36,783.37,783.25,783.26,15.745
1791080880000,783.26,783.26,782.96,782.96,44.226
1791080940000,782.97,783.28,782.97,783.27,29.437
1791081000000,783.27,783.28,783.0,783.01,27.514
1791081060000,783.01,783.16,782.71,783.0,50.788
1791081120000,783.01,783.04,782.86,782.98,13.049
1791081180000,782.99,783.6,782.99,783.6,258.385
1791081240000,783.61,783.85,783.61,783.63,41.287
1791081300000,783.62,783.89,783.62,783.88,12.112
1791081360000,783.89,784.22,783.89,784.2,50.226
1791081420000,784.19,784.19,783.87,783.87,41.401
1791081480000,783.87,783.87,783.66,783.69,10.879
1791081540000,783.68,783.77,783.58,783.77,53.089
1791081600000,783.76,784.0,783.76,784.0,10.822
1791081660000,784.0,784.2,783.99,784.2,28.167
1791081720000,784.2,784.37,784.19,784.37,23.273
1791081780000,784.37,784.39,784.36,784.38,42.441
1791081840000,784.39,784.39,784.3,784.31,22.339
1791081900000,784.3,784.3,784.21,784.22,40.605
1791081960000,784.22,784.22,784.21,784.22,5.652
1791082020000,784.21,784.22,783.29,783.3,184.42
1791082080000,783.3,783.93,783.29,783.93,71.428
1791082140000,783.93,783.93,783.9,783.91,31.703
1791082200000,783.9,783.91,783.86,783.87,22.661
1791082260000,783.87,783.87,783.65,783.68,7.881
1791082320000,783.67,783.67,783.31,783.36,33.678
1791082380000,783.36,783.36,783.32,783.32,8.066
1791082440000,783.33,783.35,783.32,783.35,6.135
1791082500000,783.36,783.36,783.3,783.31,18.918
1791082560000,783.31,783.34,783.3,783.32,14.233
1791082620000,783.33,783.34,783.33,783.34,2.543
1791082680000,783.34,783.51,783.33,783.51,21.945
1791082740000,783.5,783.51,783.5,783.51,4.45
1791082800000,783.51,783.51,783.32,783.44,35.45
1791082860000,783.44,783.44,783.23,783.23,15.971
1791082920000,783.24,783.28,783.19,783.2,4.171
1791082980000,783.19,783.19,782.87,783.1,22.858
1791083040000,783.09,783.32,782.98,783.32,24.854
1791083100000,783.32,783.32,783.19,783.22,27.558
1791083160000,783.22,783.22,783.2,783.22,12.637
1791083220000,783.22,783.22,783.05,783.06,10.443
1791083280000,783.06,783.06,782.99,783.05,28.577
1791083340000,783.05,783.3,783.05,783.3,22.761
1791083400000,783.3,783.45,783.29,783.44,29.895
1791083460000,783.45,783.45,783.44,783.45,2.527
1791083520000,783.44,783.48,783.44,783.48,12.218
1791083580000,783.48,783.48,783.47,783.48,2.776
1791083640000,783.47,783.47,783.32,783.39,18.22
1791083700000,783.39,783.39,783.38,783.38,3.614
1791083760000,783.39,783.53,783.32,783.53,32.362
1791083820000,783.53,783.53,783.52,783.52,9.43
1791083880000,783.53,783.53,783.5,783.51,7.928
1791083940000,783.5,783.62,783.5,783.61,75.509
1791084000000,783.61,783.61,783.6,783.61,17.323
1791084060000,783.6,783.87,783.6,783.87,40.561
1791084120000,783.87,783.88,783.86,783.87,29.219
1791084180000,783.88,783.88,783.87,783.87,6.599
1791084240000,783.88,783.88,783.87,783.87,5.334
1791084300000,783.87,784.0,783.87,783.99,43.278
1791084360000,784.0,784.0,783.94,783.94,22.782
1791084420000,783.95,783.95,783.8,783.83,51.499
1791084480000,783.83,783.94,783.83,783.84,14.418
1791084540000,783.83,783.84,783.73,783.73,28.301
1791084600000,783.74,783.84,783.73,783.84,16.138
1791084660000,783.84,783.92,783.84,783.92,7.156
1791084720000,783.92,783.93,783.91,783.93,28.848
1791084780000,783.93,784.27,783.93,784.27,70.628
1791084840000,784.27,784.84,784.26,784.84,66.284
1791084900000,784.84,784.84,784.01,784.03,324.564
1791084960000,784.05,784.31,784.0,784.31,48.744
1791085020000,784.31,784.55,784.31,784.54,11.587
1791085080000,784.55,784.55,784.54,784.54,6.768
1791085140000,784.55,784.55,784.54,784.55,9.384
1791085200000,784.54,784.79,784.54,784.79,151.433
1791085260000,784.79,785.06,784.79,785.04,73.859
1791085320000,785.05,785.05,785.04,785.04,11.38
1791085380000,785.04,785.06,784.74,784.74,25.66
1791085440000,784.74,784.79,784.64,784.78,21.07
1791085500000,784.79,784.95,784.68,784.95,30.732
1791085560000,784.95,784.96,784.94,784.95,10.721
1791085620000,784.96,785.46,784.95,785.46,79.405
1791085680000,785.46,785.56,785.41,785.42,45.424
1791085740000,785.42,785.56,785.42,785.56,27.508
1791085800000,785.56,785.56,785.45,785.45,14.091
1791085860000,785.45,785.46,785.41,785.41,4.512
1791085920000,785.41,785.41,785.07,785.08,15.425
1791085980000,785.08,785.1,784.97,784.98,12.708
1791086040000,784.97,785.16,784.88,785.15,99.641
1791086100000,785.14,785.15,784.88,785.01,131.614
1791086160000,785.01,785.01,784.72,784.83,76.848
1791086220000,784.83,784.96,784.83,784.89,11.413
1791086280000,784.89,784.99,784.89,784.96,6.329
1791086340000,784.96,784.96,784.41,784.56,58.064
1791086400000,784.56,784.7,784.48,784.49,60.955
1791086460000,784.5,784.84,784.5,784.84,10.626
1791086520000,784.85,785.35,784.85,784.98,32.548
1791086580000,784.98,785.16,784.97,785.16,18.92
1791086640000,785.15,785.16,784.78,784.79,32.877
1791086700000,784.78,784.78,784.68,784.69,17.381
1791086760000,784.69,784.69,784.65,784.68,3.926
1791086820000,784.69,784.69,784.48,784.49,9.719
1791086880000,784.49,784.49,784.14,784.14,15.77
1791086940000,784.14,784.15,783.77,783.82,68.731
1791087000000,783.82,783.82,783.81,783.82,7.38
1791087060000,783.82,783.82,783.73,783.74,26.976
1791087120000,783.74,783.74,783.73,783.74,3.626
1791087180000,783.73,783.74,783.54,783.71,28.413
1791087240000,783.71,783.9,783.71,783.9,17.097
1791087300000,783.9,783.9,783.82,783.82,9.425
1791087360000,783.82,783.82,783.81,783.82,7.437
1791087420000,783.82,783.82,783.62,783.62,6.588
1791087480000,783.63,783.63,783.47,783.51,20.049
1791087540000,783.5,784.17,783.5,784.17,152.377
1791087600000,784.18,784.35,784.18,784.35,30.689
1791087660000,784.36,784.36,784.28,784.29,2.379
1791087720000,784.28,784.36,784.25,784.33,19.247
1791087780000,784.33,784.33,784.26,784.26,9.94
1791087840000,784.26,784.27,784.26,784.26,8.221
1791087900000,784.27,784.27,784.26,784.26,5.712
1791087960000,784.26,784.27,784.24,784.25,9.274
1791088020000,784.25,784.26,784.25,784.26,27.752
1791088080000,784.25,784.53,784.22,784.53,66.449
1791088140000,784.52,784.75,784.52,784.75,6.817
1791088200000,784.74,784.74,784.61,784.61,21.986
1791088260000,784.62,784.64,784.61,784.63,21.385
1791088320000,784.63,784.63,784.45,784.45,15.0
1791088380000,784.46,784.56,784.42,784.45,12.172
1791088440000,784.45,784.45,784.4,784.41,16.794
1791088500000,784.41,784.46,784.4,784.46,23.786
1791088560000,784.47,784.73,784.46,784.72,24.611
1791088620000,784.72,784.75,784.71,784.71,15.135
1791088680000,784.72,784.79,784.71,784.79,15.012
1791088740000,784.8,784.92,784.79,784.92,12.901
1791088800000,784.92,785.03,784.91,785.03,44.312
1791088860000,785.02,785.02,784.78,784.84,26.71
1791088920000,784.84,784.92,784.83,784.91,7.413
1791088980000,784.91,785.0,784.91,785.0,8.855
1791089040000,785.0,785.04,784.99,784.99,44.058
1791089100000,785.0,785.0,784.99,784.99,8.096
1791089160000,785.0,785.01,784.99,785.01,10.228
1791089220000,785.0,785.01,785.0,785.01,9.476
1791089280000,785.0,785.01,784.9,784.91,25.566
1791089340000,784.91,784.91,784.76,784.91,14.021
1791089400000,784.92,785.06,784.91,784.97,15.106
1791089460000,784.97,784.97,784.91,784.92,32.554
1791089520000,784.92,784.94,784.86,784.87,9.929
1791089580000,784.87,784.87,784.86,784.87,5.822
1791089640000,784.87,784.92,784.87,784.89,7.059
1791089700000,784.88,784.88,784.68,784.78,6.76
1791089760000,784.78,784.81,784.76,784.8,19.988
1791089820000,784.81,784.84,784.8,784.83,4.009
1791089880000,784.83,784.98,784.83,784.98,9.996
1791089940000,784.98,784.98,784.76,784.76,13.284
1791090000000,784.77,784.9,784.77,784.9,8.817
1791090060000,784.9,785.37,784.89,785.37,38.13
1791090120000,785.37,785.45,785.36,785.45,17.763
1791090180000,785.45,785.56,785.44,785.55,18.318
1791090240000,785.55,785.55,785.52,785.53,2.977
1791090300000,785.53,785.53,785.52,785.53,3.03
1791090360000,785.53,785.53,785.52,785.53,1.703
1791090420000,785.53,786.0,785.52,786.0,58.333
1791090480000,786.0,786.16,785.96,786.15,39.417
1791090540000,786.16,786.21,786.15,786.15,10.4
1791090600000,786.16,786.16,785.82,785.82,53.121
1791090660000,785.8,785.81,785.64,785.64,119.061
1791090720000,785.64,785.87,785.64,785.87,8.439
1791090780000,785.87,785.87,785.82,785.83,7.151
1791090840000,785.82,786.07,785.72,786.07,57.423
1791090900000,786.06,786.46,786.06,786.36,49.297
1791090960000,786.36,786.38,786.36,786.37,15.913
1791091020000,786.38,786.38,786.37,786.38,41.624
1791091080000,786.38,786.99,786.38,786.98,92.053
1791091140000,786.98,787.15,786.98,787.08,62.14
1791091200000,787.07,787.32,786.18,786.27,107.402
1791091260000,786.27,786.44,786.27,786.44,22.123
1791091320000,786.44,786.44,786.3,786.36,30.319
1791091380000,786.37,786.44,786.37,786.44,8.579
1791091440000,786.44,786.64,786.43,786.63,15.076
1791091500000,786.63,786.79,786.52,786.79,11.494
1791091560000,786.79,786.79,786.74,786.74,12.203
1791091620000,786.74,786.74,786.39,786.43,41.181
1791091680000,786.43,786.44,786.43,786.44,9.175
1791091740000,786.44,786.44,786.43,786.44,7.668
1791091800000,786.44,786.51,786.3,786.31,14.62
1791091860000,786.31,786.31,786.3,786.3,14.32
1791091920000,786.31,786.31,786.3,786.31,7.819
1791091980000,786.31,786.31,786.06,786.07,30.509
1791092040000,786.07,786.12,786.06,786.12,46.872
1791092100000,786.12,786.12,786.0,786.01,12.103
1791092160000,786.0,786.12,786.0,786.09,110.61
1791092220000,786.08,786.55,786.0,786.52,95.551
1791092280000,786.51,786.51,786.38,786.46,31.97
1791092340000,786.46,786.62,786.45,786.53,20.549
1791092400000,786.53,786.78,786.53,786.77,14.803
1791092460000,786.78,787.0,786.78,787.0,29.733
1791092520000,786.99,787.0,786.8,786.99,20.19
1791092580000,786.99,787.24,786.99,787.24,14.651
1791092640000,787.24,787.38,787.09,787.09,46.339
1791092700000,787.09,787.09,786.9,786.97,9.633
1791092760000,786.97,786.97,786.7,786.75,12.148
1791092820000,786.74,786.84,786.74,786.81,6.526
1791092880000,786.81,786.97,786.81,786.96,9.629
1791092940000,786.96,787.09,786.96,787.09,20.584
1791093000000,787.1,787.37,787.09,787.37,22.483
1791093060000,787.36,787.37,787.26,787.28,13.088
1791093120000,787.28,787.5,787.28,787.5,80.238
1791093180000,787.5,787.5,787.36,787.5,29.54
1791093240000,787.5,787.5,787.3,787.3,33.088
1791093300000,787.29,787.29,786.9,786.9,36.739
1791093360000,786.9,786.92,786.82,786.89,31.486
1791093420000,786.88,786.89,786.26,786.5,150.793
1791093480000,786.49,786.51,786.31,786.5,14.573
1791093540000,786.51,786.69,786.15,786.69,103.139
1791093600000,786.7,786.91,786.63,786.87,42.866
1791093660000,786.87,786.87,786.8,786.81,34.719
1791093720000,786.81,786.86,786.53,786.53,61.06
1791093780000,786.53,786.53,786.22,786.22,24.344
1791093840000,786.22,786.22,785.94,786.06,65.745
1791093900000,786.06,786.35,786.06,786.22,18.649
1791093960000,786.23,786.4,786.22,786.4,17.281
1791094020000,786.41,786.44,786.25,786.26,13.287
1791094080000,786.26,786.6,786.25,786.6,42.913
1791094140000,786.61,786.76,786.61,786.76,16.291
1791094200000,786.75,786.76,786.62,786.65,34.388
1791094260000,786.65,786.68,786.52,786.57,42.231
1791094320000,786.56,786.73,786.56,786.62,32.049
1791094380000,786.62,786.62,786.49,786.54,9.159
1791094440000,786.53,786.54,786.36,786.44,32.983
1791094500000,786.45,786.71,786.45,786.71,3.502
1791094560000,786.7,786.71,786.58,786.59,7.143
1791094620000,786.59,786.59,786.58,786.59,4.782
1791094680000,786.59,786.63,786.58,786.62,2.809
1791094740000,786.63,787.43,786.62,787.43,538.888
1791094800000,787.44,788.43,787.44,788.28,441.674
1791094860000,788.28,788.28,788.19,788.25,11.356
1791094920000,788.25,788.6,787.86,787.89,87.369
1791094980000,787.9,787.95,787.83,787.84,16.48
1791095040000,787.84,787.87,787.83,787.86,12.338
1791095100000,787.87,788.12,787.81,787.99,87.824
1791095160000,787.98,787.98,787.81,787.87,16.007
1791095220000,787.86,787.86,787.7,787.71,75.589
1791095280000,787.71,787.9,787.71,787.72,35.549
1791095340000,787.71,788.09,787.7,788.01,235.432
1791095400000,788.01,788.06,787.96,787.96,22.231
1791095460000,787.96,787.96,787.78,787.8,62.178
1791095520000,787.8,788.32,787.71,788.19,182.935
1791095580000,788.19,788.19,788.09,788.15,9.678
1791095640000,788.16,788.29,788.12,788.19,16.158
1791095700000,788.18,788.22,788.07,788.22,28.505
1791095760000,788.21,788.29,788.21,788.23,33.258
1791095820000,788.23,788.23,787.8,787.8,17.118
1791095880000,787.8,787.8,787.71,787.72,15.728
1791095940000,787.72,787.72,787.7,787.72,333.334
1791096000000,787.71,787.72,787.18,787.3,434.945
1791096060000,787.3,787.64,787.29,787.64,16.273
1791096120000,787.64,787.76,787.64,787.75,23.89
1791096180000,787.75,787.91,787.75,787.86,10.126
1791096240000,787.86,787.94,787.86,787.94,20.911
1791096300000,787.95,787.96,787.94,787.96,15.4
1791096360000,787.96,788.31,787.96,788.31,15.807
1791096420000,788.31,788.59,788.31,788.59,54.765
1791096480000,788.59,788.6,788.58,788.6,16.772
1791096540000,788.6,788.66,788.48,788.49,32.183
1791096600000,788.48,788.48,788.29,788.46,27.565
1791096660000,788.47,788.81,788.47,788.74,30.246
1791096720000,788.74,788.77,788.73,788.76,7.189
1791096780000,788.76,788.85,788.75,788.75,22.535
1791096840000,788.74,788.98,788.6,788.98,68.453
1791096900000,788.98,788.98,788.76,788.77,14.143
1791096960000,788.77,788.88,788.76,788.86,41.265
1791097020000,788.86,788.86,788.66,788.67,37.433
1791097080000,788.67,788.67,788.23,788.23,75.493
1791097140000,788.24,788.53,788.24,788.53,19.928
1791097200000,788.53,788.61,788.53,788.56,46.345
1791097260000,788.56,788.56,788.3,788.31,12.759
1791097320000,788.3,788.31,787.85,787.86,42.083
1791097380000,787.86,787.86,787.85,787.86,7.434
1791097440000,787.85,787.86,787.76,787.85,19.956
1791097500000,787.85,788.03,787.8,787.98,65.293
1791097560000,787.99,787.99,787.87,787.87,16.359
1791097620000,787.88,788.3,787.7,788.18,45.843
1791097680000,788.18,788.44,788.17,788.29,22.406
1791097740000,788.29,788.29,788.27,788.28,23.113
1791097800000,788.28,788.29,788.16,788.17,43.206
1791097860000,788.17,788.17,788.16,788.17,20.272
1791097920000,788.17,788.17,788.16,788.17,16.697
1791097980000,788.16,788.17,788.16,788.16,10.809
1791098040000,788.16,788.17,787.93,787.94,59.693
1791098100000,787.94,787.94,787.7,787.7,9.936
1791098160000,787.71,787.71,787.47,787.49,28.238
1791098220000,787.5,787.56,786.93,787.05,44.377
1791098280000,787.04,787.23,787.04,787.11,54.61
1791098340000,787.1,787.14,787.07,787.14,2.925
1791098400000,787.14,787.53,787.13,787.53,20.154
1791098460000,787.53,787.57,787.36,787.37,19.114
1791098520000,787.37,787.67,787.36,787.57,34.724
1791098580000,787.58,788.0,787.57,787.99,22.263
1791098640000,787.99,788.0,787.85,787.86,22.686
1791098700000,787.86,788.04,787.78,787.97,83.058
1791098760000,787.97,787.97,787.73,787.74,13.126
1791098820000,787.74,787.74,787.71,787.72,21.553
1791098880000,787.72,788.44,787.71,788.27,348.111
1791098940000,788.28,788.28,788.08,788.09,10.37
1791099000000,788.09,788.09,787.85,787.86,13.765
1791099060000,787.87,787.87,787.69,787.85,36.951
1791099120000,787.84,787.84,787.23,787.23,11.349
1791099180000,787.24,787.24,787.23,787.23,10.568
1791099240000,787.24,787.25,787.23,787.25,6.824
1791099300000,787.25,787.64,787.24,787.64,48.041
1791099360000,787.64,787.82,787.64,787.82,2.563
1791099420000,787.81,787.82,787.49,787.62,53.062
1791099480000,787.61,787.62,787.61,787.62,2.901
1791099540000,787.61,787.62,787.47,787.49,24.762
1791099600000,787.49,787.62,787.49,787.62,10.479
1791099660000,787.63,787.93,787.63,787.83,91.643
1791099720000,787.83,787.96,787.82,787.92,62.151
1791099780000,787.92,787.99,787.91,787.95,6.884
1791099840000,787.95,787.95,787.94,787.94,3.361
1791099900000,787.95,787.95,787.74,787.83,67.072
1791099960000,787.83,787.85,787.76,787.77,36.541
1791100020000,787.77,787.8,787.76,787.8,13.473
1791100080000,787.79,787.92,787.79,787.92,27.717
1791100140000,787.92,787.92,787.7,787.75,26.479
1791100200000,787.75,787.89,787.74,787.89,28.905
1791100260000,787.89,787.91,787.88,787.91,6.943
1791100320000,787.91,787.95,787.7,787.81,29.153
1791100380000,787.82,788.1,787.82,787.98,103.475
1791100440000,787.99,787.99,787.7,787.7,41.906
1791100500000,787.7,787.71,787.59,787.59,63.442
1791100560000,787.58,787.58,787.43,787.43,39.414
1791100620000,787.43,787.99,787.4,787.77,70.512
1791100680000,787.77,787.95,787.77,787.94,19.835
1791100740000,787.94,788.11,787.65,787.87,171.895
1791100800000,787.86,788.07,787.52,787.67,30.622
1791100860000,787.67,787.8,787.57,787.79,24.841
1791100920000,787.79,787.79,787.3,787.3,68.045
1791100980000,787.3,787.39,787.28,787.28,38.162
1791101040000,787.29,787.56,787.28,787.55,31.172
1791101100000,787.55,787.64,787.54,787.61,7.684
1791101160000,787.61,787.69,787.59,787.67,19.804
1791101220000,787.67,787.67,787.65,787.66,35.914
1791101280000,787.66,787.66,787.4,787.4,58.396
1791101340000,787.41,787.62,787.33,787.62,72.137
1791101400000,787.63,788.27,787.63,788.27,29.359
1791101460000,788.26,788.26,788.1,788.11,27.792
1791101520000,788.11,788.49,788.11,788.48,69.604
1791101580000,788.49,788.55,788.48,788.55,20.837
1791101640000,788.55,788.55,788.52,788.53,8.491
1791101700000,788.52,788.52,788.38,788.49,50.398
1791101760000,788.48,788.6,788.48,788.6,28.004
1791101820000,788.59,788.6,788.59,788.6,24.39
1791101880000,788.6,788.82,788.57,788.65,1055.92
1791101940000,788.66,788.66,788.56,788.64,10.882
1791102000000,788.64,788.64,788.39,788.39,20.267
1791102060000,788.4,788.6,788.4,788.47,33.018
1791102120000,788.47,788.76,788.46,788.7,9.487
1791102180000,788.71,788.78,788.7,788.73,5.703
1791102240000,788.72,788.72,788.34,788.34,58.182
1791102300000,788.34,788.46,788.19,788.4,47.651
1791102360000,788.4,788.46,788.26,788.46,90.506
1791102420000,788.46,788.63,788.42,788.42,69.667
1791102480000,788.42,788.63,788.42,788.61,52.779
1791102540000,788.61,788.88,788.61,788.71,46.795
1791102600000,788.7,788.83,788.7,788.75,24.053
1791102660000,788.76,788.76,788.58,788.58,64.071
1791102720000,788.59,788.81,788.59,788.8,71.558
1791102780000,788.81,788.84,788.7,788.71,14.729
1791102840000,788.71,789.1,788.7,789.1,98.471
1791102900000,789.1,789.1,789.06,789.07,15.36
1791102960000,789.07,789.17,789.07,789.17,35.789
1791103020000,789.16,789.16,788.75,788.76,38.539
1791103080000,788.76,788.76,788.7,788.7,17.724
1791103140000,788.71,788.87,788.68,788.87,13.045
1791103200000,788.86,788.9,788.85,788.85,51.539
1791103260000,788.85,789.04,788.85,789.03,28.502
1791103320000,789.03,789.04,788.53,788.54,34.363
1791103380000,788.54,788.56,788.53,788.56,7.46
1791103440000,788.56,788.56,788.55,788.56,7.656
1791103500000,788.56,788.56,788.51,788.56,29.809
1791103560000,788.55,788.9,788.55,788.85,59.448
1791103620000,788.85,788.87,788.84,788.84,8.027
1791103680000,788.85,788.87,788.84,788.87,16.894
1791103740000,788.87,788.9,788.86,788.86,10.372
1791103800000,788.86,788.86,788.72,788.84,52.73
1791103860000,788.84,788.84,788.8,788.8,9.555
1791103920000,788.8,788.95,788.75,788.95,82.265
1791103980000,788.95,789.18,788.94,789.17,11.046
1791104040000,789.17,790.0,789.17,789.68,339.207
1791104100000,789.68,789.69,789.34,789.38,85.234
1791104160000,789.37,789.7,789.37,789.69,13.427
1791104220000,789.69,789.75,789.1,789.1,45.099
1791104280000,789.11,789.69,789.1,789.68,176.003
1791104340000,789.69,789.69,789.68,789.68,10.7
1791104400000,789.68,790.3,789.68,789.99,107.716
1791104460000,790.0,790.09,789.47,789.51,97.288
1791104520000,789.51,789.51,789.4,789.41,100.988
1791104580000,789.41,790.0,789.4,789.85,33.883
1791104640000,789.85,790.0,789.85,789.97,46.426
1791104700000,789.97,789.97,789.69,789.73,42.931
1791104760000,789.73,789.91,789.72,789.82,11.892
1791104820000,789.82,790.0,789.81,789.99,41.342
1791104880000,790.0,790.97,790.0,790.55,86.662
1791104940000,790.55,791.34,790.55,791.01,265.126
1791105000000,791.01,791.68,791.01,791.44,760.532
1791105060000,791.45,792.47,791.44,791.6,336.068
1791105120000,791.6,792.21,791.45,792.16,70.822
1791105180000,792.15,792.4,792.01,792.04,53.882
1791105240000,792.05,792.5,792.05,792.2,137.641
1791105300000,792.2,792.37,792.16,792.16,45.51
1791105360000,792.17,792.5,791.56,791.57,45.13
1791105420000,791.57,793.77,791.57,793.77,327.645
1791105480000,793.76,794.42,793.59,794.36,363.104
1791105540000,794.36,794.74,793.03,793.03,247.894
1791105600000,793.04,793.53,792.85,792.89,98.542
1791105660000,792.89,793.43,792.86,793.43,71.304
1791105720000,793.42,794.57,793.42,794.12,253.55
1791105780000,794.13,794.68,794.06,794.54,136.413
1791105840000,794.54,795.0,794.36,794.4,192.282
1791105900000,794.4,794.75,794.19,794.41,100.078
1791105960000,794.41,794.44,793.99,794.13,86.742
1791106020000,794.16,794.39,794.11,794.12,22.319
1791106080000,794.12,794.12,793.92,793.97,23.695
1791106140000,793.96,793.97,793.26,793.26,58.073
1791106200000,793.27,795.0,793.21,794.6,1552.697
1791106260000,794.59,794.9,794.59,794.9,38.687
1791106320000,794.9,795.12,794.32,794.36,179.7
1791106380000,794.37,794.39,793.72,793.72,74.717
1791106440000,793.71,793.94,793.65,793.91,45.754
1791106500000,793.86,793.94,793.85,793.89,21.85
1791106560000,793.88,793.88,793.42,793.55,15.75
1791106620000,793.56,793.61,793.13,793.13,83.982
1791106680000,793.12,793.61,792.91,793.61,115.142
1791106740000,793.6,793.73,793.32,793.73,86.47
1791106800000,793.74,793.74,793.45,793.58,65.096
1791106860000,793.57,793.85,793.45,793.59,109.537
1791106920000,793.59,793.93,793.59,793.71,312.616
1791106980000,793.7,793.71,793.2,793.2,416.695
1791107040000,793.2,793.3,793.04,793.16,69.583
1791107100000,793.16,793.17,793.09,793.11,14.549
1791107160000,793.1,793.19,793.1,793.19,44.886
1791107220000,793.2,793.39,793.19,793.38,32.49
1791107280000,793.38,793.39,793.01,793.08,49.228
1791107340000,793.08,793.08,792.0,792.01,181.796
1791107400000,792.01,792.06,791.43,791.47,141.588
1791107460000,791.46,791.55,790.84,790.86,175.805
1791107520000,790.86,791.0,790.85,791.0,66.297
1791107580000,790.99,791.63,790.99,791.62,31.671
1791107640000,791.62,791.63,791.55,791.63,18.312
1791107700000,791.62,791.8,791.62,791.8,35.259
1791107760000,791.8,791.82,791.58,791.81,31.532
1791107820000,791.81,791.85,791.71,791.85,32.497
1791107880000,791.85,791.85,791.48,791.53,36.716
1791107940000,791.53,791.98,791.52,791.98,65.226
1791108000000,791.98,792.39,791.98,792.25,40.441
1791108060000,792.24,792.24,791.43,791.8,155.643
1791108120000,791.79,791.94,791.61,791.7,37.316
1791108180000,791.71,791.79,791.32,791.5,31.306
1791108240000,791.5,791.5,791.06,791.45,74.504
1791108300000,791.44,791.44,791.14,791.14,45.965
1791108360000,791.14,791.2,791.09,791.09,71.498
1791108420000,791.1,791.23,791.02,791.23,52.771
1791108480000,791.23,791.23,790.84,790.85,49.164
1791108540000,790.84,790.97,790.84,790.96,54.944
1791108600000,790.97,791.02,790.96,791.02,36.272
1791108660000,791.02,791.09,790.59,790.6,65.049
1791108720000,790.61,790.7,790.6,790.7,52.981
1791108780000,790.69,790.7,790.28,790.29,60.784
1791108840000,790.28,790.6,790.23,790.6,59.879
1791108900000,790.6,790.65,790.6,790.6,13.445
1791108960000,790.6,790.6,790.4,790.52,48.759
1791109020000,790.52,790.52,790.27,790.31,22.459
1791109080000,790.32,790.32,790.04,790.3,169.465
1791109140000,790.3,790.41,790.21,790.25,41.105
1791109200000,790.25,790.39,790.24,790.28,28.93
1791109260000,790.28,790.53,790.27,790.52,33.413
1791109320000,790.52,790.69,790.39,790.4,54.903
1791109380000,790.4,790.75,790.39,790.72,74.508
1791109440000,790.72,790.99,790.71,790.99,46.998
1791109500000,790.99,791.0,790.81,791.0,217.028
1791109560000,791.0,791.0,790.99,791.0,358.469
1791109620000,791.0,791.0,790.98,790.99,70.2
1791109680000,791.0,791.0,790.99,790.99,33.345
1791109740000,790.99,791.0,790.94,790.94,1281.049
1791109800000,790.94,791.0,790.89,790.98,125.172
1791109860000,790.99,791.0,790.98,791.0,68.608
1791109920000,790.99,791.0,790.36,790.36,140.402
1791109980000,790.37,790.59,790.36,790.59,54.567
1791110040000,790.58,790.58,789.58,789.58,166.595
1791110100000,789.58,789.59,789.26,789.35,83.495
1791110160000,789.34,789.34,788.88,789.17,76.113
1791110220000,789.17,789.41,789.17,789.36,50.364
1791110280000,789.33,789.54,789.24,789.38,28.365
1791110340000,789.37,789.37,789.17,789.17,20.838
1791110400000,789.18,789.18,789.11,789.15,11.57
1791110460000,789.15,789.6,789.08,789.48,208.286
1791110520000,789.48,789.51,789.4,789.41,32.9
1791110580000,789.41,789.51,789.27,789.38,35.122
1791110640000,789.37,789.51,789.35,789.45,26.303
1791110700000,789.45,789.45,789.35,789.36,22.463
1791110760000,789.36,789.44,789.25,789.26,22.498
1791110820000,789.26,789.26,788.95,788.96,40.463
1791110880000,788.95,789.0,788.95,788.97,9.803
1791110940000,788.97,788.97,788.91,788.92,24.954
1791111000000,788.92,788.95,788.83,788.95,45.062
1791111060000,788.94,789.2,788.94,789.11,158.959
1791111120000,789.12,789.35,789.12,789.35,36.581
1791111180000,789.34,789.49,789.34,789.49,18.877
1791111240000,789.48,789.49,789.48,789.48,8.02
1791111300000,789.49,789.49,789.48,789.49,19.938
1791111360000,789.48,789.49,789.32,789.33,39.235
1791111420000,789.33,789.33,789.0,789.0,57.163
1791111480000,789.01,789.01,788.95,788.96,24.602
1791111540000,788.95,788.96,788.75,788.76,35.754
1791111600000,788.76,788.76,788.53,788.54,36.193
1791111660000,788.53,788.54,788.26,788.51,66.397
1791111720000,788.5,788.54,788.48,788.49,14.641
1791111780000,788.49,788.57,788.48,788.57,12.289
1791111840000,788.56,788.57,788.36,788.37,29.684
1791111900000,788.37,788.62,788.23,788.49,45.91
1791111960000,788.49,788.64,788.48,788.54,19.62
1791112020000,788.54,788.54,788.48,788.51,13.599
1791112080000,788.5,788.51,788.37,788.41,30.496
1791112140000,788.4,788.41,788.4,788.4,5.874
1791112200000,788.4,788.52,788.4,788.43,36.199
1791112260000,788.44,788.56,788.21,788.22,46.908
1791112320000,788.21,788.22,788.0,788.0,48.446
1791112380000,788.01,788.01,787.81,787.82,95.151
1791112440000,787.82,787.82,787.6,787.69,45.128
1791112500000,787.69,787.88,787.68,787.88,89.105
1791112560000,787.88,788.22,787.87,788.21,68.61
1791112620000,788.22,788.49,788.21,788.49,67.133
1791112680000,788.48,788.52,788.43,788.52,80.544
1791112740000,788.51,788.81,788.51,788.81,48.514
1791112800000,788.81,788.91,788.8,788.9,30.905
1791112860000,788.9,788.91,788.61,788.62,96.085
1791112920000,788.61,788.69,788.61,788.69,15.833
1791112980000,788.68,789.22,788.68,789.22,158.456
1791113040000,789.22,789.33,788.99,788.99,111.597
1791113100000,788.99,789.16,788.99,789.16,43.549
1791113160000,789.16,789.59,789.16,789.43,112.23
1791113220000,789.42,789.43,789.23,789.26,68.472
1791113280000,789.26,789.36,789.04,789.04,23.614
1791113340000,789.04,789.04,788.75,788.75,16.818
1791113400000,788.76,789.46,788.75,789.46,33.108
1791113460000,789.45,789.54,789.45,789.53,21.848
1791113520000,789.53,789.53,789.22,789.35,39.826
1791113580000,789.35,789.35,789.25,789.27,9.3
1791113640000,789.27,789.28,788.92,788.93,15.463
1791113700000,788.92,789.03,788.87,788.9,20.703
1791113760000,788.91,788.97,788.9,788.94,18.362
1791113820000,788.95,789.18,788.91,789.18,15.379
1791113880000,789.17,789.18,789.04,789.05,18.12
1791113940000,789.04,789.05,788.93,788.95,24.372
1791114000000,788.96,789.17,788.87,788.89,130.929
1791114060000,788.88,788.89,788.2,788.4,136.751
1791114120000,788.4,788.4,788.27,788.28,24.71
1791114180000,788.28,788.49,788.02,788.03,35.343
1791114240000,788.03,788.03,787.8,787.8,31.645
1791114300000,787.81,787.81,787.28,787.76,63.809
1791114360000,787.77,787.89,787.77,787.86,9.78
1791114420000,787.86,788.07,787.86,788.07,14.388
1791114480000,788.07,788.24,787.94,787.97,38.458
1791114540000,787.97,788.16,787.96,788.16,19.22
1791114600000,788.16,788.21,788.16,788.2,8.843
1791114660000,788.21,788.21,788.04,788.05,35.267
1791114720000,788.05,788.16,788.04,788.15,19.817
1791114780000,788.14,788.15,788.04,788.1,30.782
1791114840000,788.1,788.37,788.1,788.36,25.164
1791114900000,788.37,788.58,788.37,788.58,37.303
1791114960000,788.58,788.75,788.48,788.49,61.49
1791115020000,788.48,788.5,788.47,788.49,45.318
1791115080000,788.5,788.56,788.25,788.52,60.639
1791115140000,788.51,788.68,788.51,788.67,34.859
1791115200000,788.68,788.73,788.6,788.67,27.105
1791115260000,788.67,789.0,788.66,789.0,44.232
1791115320000,789.0,789.1,788.9,789.02,144.162
1791115380000,789.02,789.09,788.66,788.67,37.579
1791115440000,788.67,789.06,788.55,789.01,124.988
1791115500000,789.01,789.05,789.01,789.03,17.939
1791115560000,789.03,789.2,789.02,789.19,53.961
1791115620000,789.19,789.57,789.18,789.57,70.911
1791115680000,789.57,789.6,789.56,789.59,9.705
1791115740000,789.6,789.66,789.36,789.59,175.401
1791115800000,789.6,789.66,789.58,789.58,37.324
1791115860000,789.58,789.7,789.52,789.54,18.211
1791115920000,789.53,789.53,789.15,789.15,19.748
1791115980000,789.15,789.15,788.3,788.62,99.004
1791116040000,788.62,788.62,788.41,788.42,29.558
1791116100000,788.41,788.41,788.07,788.07,112.499
1791116160000,788.08,788.42,787.75,787.76,194.491
1791116220000,787.75,787.91,787.16,787.77,109.883
1791116280000,787.78,788.38,787.78,788.37,26.864
1791116340000,788.37,788.41,788.16,788.41,75.941
1791116400000,788.4,788.51,788.21,788.45,72.851
1791116460000,788.45,788.61,788.38,788.56,19.302
1791116520000,788.56,788.72,788.55,788.66,53.546
1791116580000,788.67,788.67,788.36,788.36,32.779
1791116640000,788.37,788.53,788.36,788.51,27.177
1791116700000,788.51,788.55,788.5,788.51,7.809
1791116760000,788.51,788.52,788.36,788.37,30.51
1791116820000,788.36,788.49,788.36,788.48,16.817
1791116880000,788.48,788.7,788.48,788.58,55.697
1791116940000,788.59,788.75,788.27,788.28,94.909
1791117000000,788.27,788.54,788.27,788.54,13.048
1791117060000,788.54,788.78,788.53,788.78,17.087
1791117120000,788.78,788.85,788.56,788.64,31.903
1791117180000,788.64,788.94,788.64,788.93,12.551
1791117240000,788.93,788.93,788.85,788.86,7.096
1791117300000,788.86,788.92,788.85,788.89,30.683
1791117360000,788.89,789.05,788.88,788.97,51.116
1791117420000,788.96,788.97,788.9,788.91,27.325
1791117480000,788.9,788.91,788.8,788.88,32.16
1791117540000,788.87,788.87,788.72,788.73,28.994
1791117600000,788.73,788.91,788.72,788.9,45.255
1791117660000,788.9,789.12,788.89,789.01,33.928
1791117720000,789.01,789.01,788.83,788.84,60.463
1791117780000,788.84,788.84,788.54,788.65,205.792
1791117840000,788.64,788.65,788.23,788.23,112.034
1791117900000,788.24,788.5,788.11,788.12,245.411
1791117960000,788.11,788.12,787.92,787.99,121.456
1791118020000,788.0,788.34,788.0,788.11,81.796
1791118080000,788.12,788.32,788.1,788.32,49.729
1791118140000,788.32,788.85,788.32,788.85,60.742
1791118200000,788.84,788.88,788.84,788.88,35.049
1791118260000,788.87,788.88,788.75,788.83,33.482
1791118320000,788.83,788.9,788.76,788.9,76.831
1791118380000,788.91,789.06,788.9,789.05,32.745
1791118440000,789.05,789.06,788.61,788.69,39.36
1791118500000,788.69,788.88,788.5,788.78,105.175
1791118560000,788.79,788.86,788.77,788.86,36.956
1791118620000,788.85,789.02,788.79,788.9,81.263
1791118680000,788.91,788.94,788.91,788.94,22.236
1791118740000,788.94,788.94,788.75,788.75,40.207
1791118800000,788.75,788.98,788.74,788.98,30.068
1791118860000,788.97,789.2,788.97,789.16,67.789
1791118920000,789.16,789.44,789.16,789.43,79.163
1791118980000,789.44,789.44,789.26,789.43,65.081
1791119040000,789.43,789.47,789.17,789.17,47.51
1791119100000,789.18,789.18,788.75,788.77,83.316
1791119160000,788.78,789.07,788.77,789.07,31.435
1791119220000,789.07,789.15,789.02,789.03,41.653
1791119280000,789.03,789.26,788.93,789.22,21.55
1791119340000,789.21,789.42,789.13,789.39,69.532
1791119400000,789.39,789.39,789.2,789.21,35.924
1791119460000,789.21,789.4,789.19,789.4,33.769
1791119520000,789.4,789.68,789.32,789.68,39.528
1791119580000,789.69,790.3,789.68,790.29,449.934
1791119640000,790.27,790.27,790.18,790.21,54.366
1791119700000,790.21,790.3,790.09,790.1,135.74
1791119760000,790.1,790.52,790.1,790.52,83.344
1791119820000,790.52,790.6,790.51,790.59,39.13
1791119880000,790.59,790.7,790.53,790.55,45.513
1791119940000,790.55,790.64,790.34,790.34,141.045
1791120000000,790.34,790.36,790.22,790.35,51.063
1791120060000,790.35,790.63,790.35,790.48,85.377
1791120120000,790.49,790.52,790.48,790.52,35.632
1791120180000,790.52,790.52,790.08,790.24,27.646
1791120240000,790.24,790.34,790.24,790.34,21.059
1791120300000,790.33,790.34,790.25,790.26,22.124
1791120360000,790.26,790.26,790.0,790.0,60.939
1791120420000,790.0,790.14,789.77,790.14,54.336
1791120480000,790.14,790.22,790.08,790.09,25.321
1791120540000,790.09,790.2,790.08,790.19,27.831
1791120600000,790.18,790.29,790.18,790.28,18.69
1791120660000,790.27,790.29,790.27,790.29,21.154
1791120720000,790.29,790.32,790.28,790.31,41.387
1791120780000,790.32,790.32,790.07,790.11,53.434
1791120840000,790.12,790.28,790.01,790.01,36.13
1791120900000,790.0,790.0,789.63,789.66,69.099
1791120960000,789.65,790.27,789.65,790.27,106.158
1791121020000,790.27,790.31,790.17,790.3,61.903
1791121080000,790.3,790.33,790.16,790.21,62.218
1791121140000,790.2,790.2,790.07,790.07,10.445
1791121200000,790.07,790.07,789.79,789.8,13.622
1791121260000,789.79,789.93,789.79,789.86,33.37
1791121320000,789.86,789.88,789.85,789.87,8.054
1791121380000,789.87,790.1,789.87,790.01,55.501
1791121440000,790.01,790.01,789.85,789.85,24.15
1791121500000,789.86,789.86,789.8,789.81,21.49
1791121560000,789.8,790.1,789.8,790.1,43.059
1791121620000,790.1,790.1,789.9,789.9,19.231
1791121680000,789.9,790.06,789.9,790.06,5.788
1791121740000,790.06,790.32,790.06,790.29,50.163
1791121800000,790.28,790.29,789.95,789.95,37.214
1791121860000,789.94,789.95,789.86,789.87,32.11
1791121920000,789.87,790.1,789.87,790.09,8.575
1791121980000,790.1,790.1,790.02,790.02,12.043
1791122040000,790.02,790.03,789.89,789.89,29.63
1791122100000,789.9,789.9,789.85,789.89,14.009
1791122160000,789.89,789.9,789.79,789.8,14.495
1791122220000,789.8,789.8,789.42,789.43,39.66
1791122280000,789.43,789.43,789.35,789.36,12.937
1791122340000,789.36,789.45,789.35,789.44,15.884
1791122400000,789.45,789.68,789.37,789.38,48.675
1791122460000,789.38,789.38,789.37,789.38,8.897
1791122520000,789.38,789.49,788.8,788.8,49.004
1791122580000,788.8,788.8,788.62,788.75,22.781
1791122640000,788.75,788.85,788.64,788.64,18.286
1791122700000,788.63,788.64,788.45,788.48,44.162
1791122760000,788.47,788.48,788.16,788.2,63.098
1791122820000,788.21,788.3,787.6,787.61,173.827
1791122880000,787.61,788.12,787.6,787.99,64.656
1791122940000,787.98,788.09,787.88,787.88,118.201
1791123000000,787.88,787.93,787.37,787.45,75.472
1791123060000,787.46,787.62,787.16,787.16,62.93
1791123120000,787.16,787.51,787.16,787.26,75.085
1791123180000,787.26,787.44,787.25,787.44,46.096
1791123240000,787.44,787.59,787.42,787.42,54.29
1791123300000,787.42,787.43,785.42,786.13,487.21
1791123360000,786.14,786.78,786.14,786.62,108.523
1791123420000,786.63,786.63,786.45,786.45,72.161
1791123480000,786.45,786.61,786.4,786.52,99.814
1791123540000,786.52,786.55,786.36,786.37,18.976
1791123600000,786.36,786.53,786.24,786.4,23.482
1791123660000,786.4,786.57,786.39,786.43,59.593
1791123720000,786.44,786.55,786.11,786.55,80.246
1791123780000,786.54,786.71,786.54,786.65,32.904
1791123840000,786.65,786.72,786.65,786.71,11.862
1791123900000,786.71,786.72,786.65,786.7,38.155
1791123960000,786.71,786.72,786.56,786.59,41.889
1791124020000,786.6,787.09,786.6,787.09,36.758
1791124080000,787.09,787.09,786.74,786.8,20.644
1791124140000,786.79,787.09,786.79,787.09,11.229
1791124200000,787.09,787.16,786.97,787.15,25.71
1791124260000,787.16,787.42,787.15,787.36,32.191
1791124320000,787.36,787.5,787.22,787.33,20.944
1791124380000,787.34,787.43,787.19,787.2,29.197
1791124440000,787.2,787.29,787.2,787.24,17.415
1791124500000,787.23,787.46,787.23,787.46,14.303
1791124560000,787.47,787.47,786.9,786.9,30.76
1791124620000,786.89,786.89,786.61,786.61,14.23
1791124680000,786.61,786.62,786.52,786.62,15.703
1791124740000,786.61,786.96,786.61,786.95,13.965
1791124800000,786.96,786.96,786.95,786.96,4.338
1791124860000,786.96,786.96,786.86,786.91,39.371
1791124920000,786.92,786.96,786.6,786.67,89.364
1791124980000,786.66,786.67,786.61,786.62,25.616
1791125040000,786.62,786.62,786.54,786.55,19.706
1791125100000,786.55,786.55,786.54,786.55,7.616
1791125160000,786.55,786.55,786.36,786.36,62.011
1791125220000,786.37,786.5,786.16,786.32,86.158
1791125280000,786.32,786.53,786.23,786.23,24.317
1791125340000,786.23,786.3,786.07,786.29,26.234
1791125400000,786.3,786.3,786.15,786.29,35.177
1791125460000,786.29,786.55,786.28,786.55,116.089
1791125520000,786.54,787.09,786.54,787.08,46.897
1791125580000,787.09,787.09,786.86,786.87,16.089
1791125640000,786.87,786.97,786.86,786.97,13.947
1791125700000,786.97,787.17,786.97,787.16,21.056
1791125760000,787.17,787.2,787.05,787.05,38.237
1791125820000,787.05,787.06,786.97,786.97,22.512
1791125880000,786.97,787.04,786.96,786.97,22.919
1791125940000,786.96,787.16,786.96,787.15,12.654
1791126000000,787.16,787.16,787.15,787.15,10.213
1791126060000,787.16,787.17,787.04,787.17,31.917
1791126120000,787.17,787.38,787.17,787.32,44.724
1791126180000,787.32,787.71,787.31,787.7,160.044
1791126240000,787.71,788.16,787.59,787.64,66.349
1791126300000,787.65,787.65,787.44,787.63,40.168
1791126360000,787.63,787.8,787.47,787.69,50.142
1791126420000,787.7,787.96,787.7,787.73,16.109
1791126480000,787.73,787.73,787.46,787.46,38.593
1791126540000,787.47,787.57,787.46,787.49,9.22
1791126600000,787.49,787.55,787.45,787.55,17.675
1791126660000,787.56,787.8,787.56,787.8,15.087
1791126720000,787.8,787.8,787.65,787.65,32.98
1791126780000,787.66,787.84,787.65,787.84,19.515
1791126840000,787.84,787.94,787.83,787.89,24.23
1791126900000,787.9,787.9,787.64,787.64,48.922
1791126960000,787.63,787.64,787.56,787.56,15.313
1791127020000,787.57,787.83,787.56,787.67,61.411
1791127080000,787.66,787.7,787.48,787.68,136.9
1791127140000,787.68,788.15,787.68,788.1,90.328
1791127200000,788.11,788.38,787.97,788.38,157.675
1791127260000,788.37,788.64,788.23,788.24,68.584
1791127320000,788.24,788.24,788.19,788.24,36.798
1791127380000,788.23,788.32,788.01,788.01,29.578
1791127440000,788.0,788.01,787.75,787.79,19.244
1791127500000,787.79,787.88,787.62,787.62,19.742
1791127560000,787.61,787.61,787.5,787.6,27.36
1791127620000,787.6,787.84,787.42,787.84,61.251
1791127680000,787.83,787.83,787.77,787.78,10.406
1791127740000,787.78,787.78,787.5,787.51,28.542
1791127800000,787.51,787.6,787.45,787.54,18.465
1791127860000,787.54,787.6,787.47,787.6,15.598
1791127920000,787.6,787.6,787.45,787.45,25.935
1791127980000,787.45,787.45,787.28,787.45,19.406
1791128040000,787.45,787.45,787.4,787.4,10.072
1791128100000,787.39,787.39,787.33,787.34,29.267
1791128160000,787.34,787.34,787.14,787.14,24.034
1791128220000,787.15,787.15,787.0,787.0,25.133
1791128280000,787.0,787.01,786.87,787.0,94.062
1791128340000,787.01,787.03,787.0,787.02,21.074
1791128400000,787.02,787.07,787.02,787.07,28.945
1791128460000,787.07,787.25,787.07,787.16,47.918
1791128520000,787.16,787.16,787.15,787.16,24.286
1791128580000,787.16,787.18,787.15,787.17,14.552
1791128640000,787.17,787.22,787.17,787.22,19.27
1791128700000,787.22,787.34,787.21,787.34,11.899
1791128760000,787.34,787.58,787.33,787.58,28.94
1791128820000,787.58,787.67,787.58,787.67,14.009
1791128880000,787.68,787.96,787.68,787.83,58.39
1791128940000,787.83,787.84,787.48,787.48,36.752
1791129000000,787.49,787.49,787.38,787.39,5.917
1791129060000,787.39,787.48,787.39,787.47,28.506
1791129120000,787.48,787.5,787.4,787.41,23.706
1791129180000,787.41,787.41,787.4,787.41,16.258
1791129240000,787.4,787.6,787.4,787.48,78.461
1791129300000,787.48,787.48,787.47,787.48,8.829
1791129360000,787.48,787.48,787.47,787.47,18.987
1791129420000,787.47,787.48,787.47,787.47,21.406
1791129480000,787.47,787.48,787.47,787.48,38.692
1791129540000,787.48,787.48,787.14,787.14,55.59
1791129600000,787.15,787.39,787.14,787.39,17.201
1791129660000,787.39,787.6,787.13,787.13,77.664
1791129720000,787.13,787.16,786.7,786.72,56.446
1791129780000,786.71,786.78,786.46,786.46,30.658
1791129840000,786.47,786.78,786.46,786.77,29.431
1791129900000,786.78,786.78,786.53,786.54,15.521
1791129960000,786.54,786.54,786.52,786.52,20.633
1791130020000,786.52,786.54,786.52,786.53,31.396
1791130080000,786.54,786.91,786.54,786.91,7.022
1791130140000,786.92,787.4,786.92,787.39,19.211
1791130200000,787.4,788.01,787.39,787.83,100.783
1791130260000,787.82,787.83,787.74,787.82,52.03
1791130320000,787.82,788.03,787.82,788.03,31.154
1791130380000,788.02,788.13,788.02,788.13,33.14
1791130440000,788.14,788.48,788.1,788.47,51.736
1791130500000,788.48,788.48,788.22,788.29,28.631
1791130560000,788.29,788.29,788.12,788.19,19.927
1791130620000,788.2,788.2,787.65,787.74,39.221
1791130680000,787.75,788.18,787.75,788.14,32.04
1791130740000,788.14,788.15,788.1,788.13,27.331
1791130800000,788.13,788.71,788.13,788.71,62.208
1791130860000,788.7,788.74,788.55,788.62,5.765
1791130920000,788.62,788.62,788.55,788.56,7.713
1791130980000,788.56,788.62,788.22,788.62,29.06
1791131040000,788.61,788.91,788.51,788.77,55.99
1791131100000,788.77,788.77,788.56,788.67,11.094
1791131160000,788.67,788.7,788.61,788.61,14.86
1791131220000,788.62,788.62,788.59,788.59,13.732
1791131280000,788.6,788.7,788.6,788.66,29.552
1791131340000,788.67,788.67,788.66,788.66,8.453
1791131400000,788.67,789.0,788.55,788.99,30.455
1791131460000,789.0,789.0,788.96,788.97,6.184
1791131520000,788.97,789.19,788.96,789.04,39.82
1791131580000,789.04,789.04,788.85,788.89,24.179
1791131640000,788.89,788.98,788.83,788.98,31.13
1791131700000,788.99,789.0,788.62,788.65,75.474
1791131760000,788.65,789.03,788.54,789.03,45.788
1791131820000,789.03,789.28,789.03,789.27,22.785
1791131880000,789.28,789.28,788.6,788.65,55.053
1791131940000,788.66,788.85,788.65,788.82,22.473
1791132000000,788.83,788.83,788.77,788.77,11.643
1791132060000,788.77,789.13,788.77,789.12,30.797
1791132120000,789.13,789.31,788.95,789.25,92.039
1791132180000,789.25,789.25,789.24,789.24,4.714
1791132240000,789.25,789.25,788.81,788.82,101.414
1791132300000,788.82,788.99,788.77,788.99,15.196
1791132360000,788.99,788.99,788.5,788.51,19.325
1791132420000,788.51,788.73,788.51,788.73,15.979
1791132480000,788.74,788.83,788.73,788.82,14.025
1791132540000,788.83,789.31,788.82,789.23,46.778
1791132600000,789.23,789.23,788.76,788.77,39.864
1791132660000,788.77,789.05,788.77,788.9,91.903
1791132720000,788.9,788.96,788.72,788.72,37.067
1791132780000,788.72,788.73,788.54,788.54,38.847
1791132840000,788.55,788.55,788.54,788.54,21.049
1791132900000,788.55,788.79,788.54,788.79,12.998
1791132960000,788.79,789.0,788.78,788.99,8.266
1791133020000,789.0,789.0,788.93,788.94,10.053
1791133080000,788.94,788.94,788.72,788.91,27.505
1791133140000,788.91,788.92,788.67,788.67,20.596
1791133200000,788.67,788.84,788.66,788.84,21.37
1791133260000,788.84,788.84,788.79,788.79,15.027
1791133320000,788.77,788.85,788.75,788.85,15.761
1791133380000,788.84,788.85,788.8,788.8,10.96
1791133440000,788.81,789.15,788.8,789.15,26.139
1791133500000,789.14,789.35,789.14,789.35,6.99
1791133560000,789.34,789.34,789.31,789.32,13.351
1791133620000,789.32,789.32,789.0,789.01,17.579
1791133680000,789.01,789.01,788.75,788.95,34.243
1791133740000,788.96,788.97,788.54,788.54,62.623
1791133800000,788.53,788.53,788.43,788.44,21.563
1791133860000,788.43,788.44,788.32,788.41,65.34
1791133920000,788.41,788.43,788.32,788.42,18.952
1791133980000,788.43,788.55,788.41,788.55,36.361
1791134040000,788.55,788.64,788.55,788.64,10.139
1791134100000,788.64,788.71,788.63,788.71,9.554
1791134160000,788.71,788.84,788.71,788.84,13.114
1791134220000,788.83,788.94,788.83,788.94,53.186
1791134280000,788.93,788.93,788.8,788.8,23.081
1791134340000,788.8,788.84,788.55,788.83,18.683
1791134400000,788.83,788.84,788.83,788.83,9.207
1791134460000,788.83,788.84,788.83,788.84,18.441
1791134520000,788.84,788.84,788.5,788.51,72.344
1791134580000,788.51,788.91,788.51,788.89,15.208
1791134640000,788.88,788.98,788.87,788.97,4.834
1791134700000,788.97,789.07,788.95,789.05,52.791
1791134760000,789.04,789.1,789.04,789.05,10.111
1791134820000,789.04,789.29,789.04,789.25,85.489
1791134880000,789.25,789.25,789.17,789.19,55.989
1791134940000,789.19,789.19,789.18,789.19,6.092
1791135000000,789.18,789.32,789.18,789.32,9.519
1791135060000,789.32,789.36,789.32,789.35,10.194
1791135120000,789.36,789.36,789.13,789.13,32.187
1791135180000,789.14,789.14,789.1,789.1,6.283
1791135240000,789.09,789.09,788.99,789.0,2.948
1791135300000,788.99,789.11,788.99,789.0,60.664
1791135360000,789.0,789.0,788.8,788.93,59.431
1791135420000,788.94,788.94,788.89,788.94,28.352
1791135480000,788.94,788.94,788.54,788.59,14.698
1791135540000,788.59,788.84,788.59,788.72,29.988
1791135600000,788.73,788.73,788.72,788.72,23.563
1791135660000,788.73,788.73,788.62,788.63,3.862
1791135720000,788.63,788.7,788.5,788.6,18.832
1791135780000,788.61,788.61,788.5,788.51,8.879
1791135840000,788.51,788.94,788.51,788.93,25.069
1791135900000,788.94,788.99,788.69,788.99,40.668
1791135960000,789.0,789.08,789.0,789.01,5.048
1791136020000,789.0,789.04,788.99,789.03,7.678
1791136080000,789.03,789.04,788.64,788.64,7.535
1791136140000,788.63,788.87,788.63,788.87,8.976
1791136200000,788.86,788.86,788.68,788.69,18.83
1791136260000,788.68,788.72,788.68,788.72,15.063
1791136320000,788.71,788.72,788.53,788.54,11.351
1791136380000,788.54,788.6,788.5,788.5,32.05
1791136440000,788.5,788.5,788.23,788.23,70.482
1791136500000,788.24,788.34,788.23,788.29,6.623
1791136560000,788.29,788.29,788.28,788.28,6.2
1791136620000,788.29,788.4,788.24,788.24,11.104
1791136680000,788.24,788.35,788.23,788.34,10.022
1791136740000,788.34,788.43,788.34,788.34,10.132
1791136800000,788.35,788.45,788.27,788.33,10.283
1791136860000,788.34,788.34,788.3,788.31,4.897
1791136920000,788.31,788.47,788.18,788.47,11.857
1791136980000,788.47,788.68,788.47,788.67,13.503
1791137040000,788.67,788.67,788.54,788.55,11.279
1791137100000,788.55,788.65,788.55,788.65,18.371
1791137160000,788.65,788.65,788.6,788.61,3.956
1791137220000,788.61,788.67,788.6,788.67,17.667
1791137280000,788.67,788.67,788.66,788.66,3.386
1791137340000,788.67,788.67,788.66,788.67,5.622
1791137400000,788.67,788.67,788.55,788.66,21.429
1791137460000,788.66,788.66,788.65,788.65,4.767
1791137520000,788.65,788.66,788.65,788.66,14.947
1791137580000,788.66,788.66,788.61,788.61,14.885
1791137640000,788.62,788.79,788.61,788.79,38.315
1791137700000,788.79,788.87,788.79,788.87,13.685
1791137760000,788.87,788.99,788.87,788.98,16.425
1791137820000,788.99,788.99,788.83,788.93,19.148
1791137880000,788.94,789.23,788.94,789.23,10.225
1791137940000,789.23,789.31,789.06,789.06,16.142
1791138000000,789.07,789.22,789.06,789.22,18.161
1791138060000,789.22,789.24,789.07,789.07,30.767
1791138120000,789.08,789.08,789.07,789.08,2.943
1791138180000,789.07,789.08,788.93,788.94,12.227
1791138240000,788.94,788.94,788.93,788.94,1.871
1791138300000,788.93,789.0,788.93,789.0,9.889
1791138360000,788.99,789.01,788.99,789.01,10.001
1791138420000,789.0,789.0,788.99,788.99,3.613
1791138480000,789.0,789.0,788.99,788.99,7.661
1791138540000,788.99,789.01,788.99,789.0,4.016
1791138600000,789.0,789.05,789.0,789.05,8.509
1791138660000,789.05,789.05,788.8,789.03,22.198
1791138720000,789.03,789.11,789.03,789.09,45.467
1791138780000,789.08,789.08,788.4,788.41,38.731
1791138840000,788.41,788.42,788.29,788.42,11.61
1791138900000,788.42,788.63,788.41,788.62,4.53
1791138960000,788.63,788.9,788.62,788.9,13.26
1791139020000,788.89,788.89,788.82,788.82,24.533
1791139080000,788.82,788.83,788.77,788.78,16.128
1791139140000,788.77,788.78,788.77,788.78,4.017
1791139200000,788.77,788.9,788.77,788.89,14.897
1791139260000,788.9,789.01,788.89,789.01,38.976
1791139320000,789.01,789.03,788.93,789.03,7.335
1791139380000,789.04,789.04,788.96,788.97,25.773
1791139440000,788.96,788.97,788.96,788.97,6.868
1791139500000,788.97,788.97,788.88,788.88,6.682
1791139560000,788.89,788.89,788.88,788.88,3.438
1791139620000,788.89,788.89,788.87,788.88,2.686
1791139680000,788.88,788.88,788.78,788.78,7.737
1791139740000,788.79,788.89,788.77,788.88,2.571
1791139800000,788.88,788.91,788.85,788.85,4.751
1791139860000,788.85,788.85,788.78,788.82,7.688
1791139920000,788.83,788.83,788.82,788.83,2.491
1791139980000,788.82,788.83,788.82,788.82,5.976
1791140040000,788.83,788.9,788.83,788.89,7.161
1791140100000,788.9,788.9,788.89,788.89,1.952
1791140160000,788.9,789.28,788.89,789.27,22.65
1791140220000,789.28,789.28,789.24,789.25,6.852
1791140280000,789.25,789.25,789.24,789.24,3.319
1791140340000,789.25,789.28,789.02,789.27,49.58
1791140400000,789.28,789.38,789.27,789.34,118.682
1791140460000,789.34,789.58,789.22,789.54,93.682
1791140520000,789.54,789.54,789.43,789.44,5.613
1791140580000,789.43,789.44,789.43,789.44,2.774
1791140640000,789.44,789.64,789.43,789.64,14.784
1791140700000,789.64,789.64,789.59,789.6,2.75
1791140760000,789.6,789.6,789.38,789.38,13.867
1791140820000,789.39,789.39,788.75,788.82,83.242
1791140880000,788.83,788.86,788.82,788.86,6.125
1791140940000,788.86,788.86,788.69,788.84,27.568
1791141000000,788.84,788.86,788.78,788.8,16.626
1791141060000,788.8,788.83,788.8,788.82,19.993
1791141120000,788.83,788.83,788.8,788.81,3.378
1791141180000,788.81,788.96,788.8,788.96,5.153
1791141240000,788.96,789.0,788.92,788.92,10.286
1791141300000,788.92,788.98,788.91,788.97,24.74
1791141360000,788.98,789.09,788.97,789.09,6.432
1791141420000,789.09,789.1,789.09,789.1,9.312
1791141480000,789.1,789.1,789.09,789.09,4.827
1791141540000,789.1,789.11,789.09,789.1,5.192
1791141600000,789.11,789.11,789.1,789.11,3.365
1791141660000,789.11,789.11,789.1,789.11,4.258
1791141720000,789.11,789.11,788.88,788.89,21.38
1791141780000,788.89,788.89,788.88,788.89,7.064
1791141840000,788.88,788.88,788.8,788.86,4.406
1791141900000,788.86,789.09,788.86,789.03,37.873
1791141960000,789.03,789.03,788.96,788.96,1.274
1791142020000,788.96,789.02,788.96,789.02,7.931
1791142080000,789.01,789.02,788.98,788.99,9.47
1791142140000,788.98,788.99,788.98,788.99,4.731
1791142200000,788.98,789.09,788.98,789.09,2.98
1791142260000,789.09,789.41,789.08,789.41,20.617
1791142320000,789.41,789.41,789.11,789.11,4.435
1791142380000,789.11,789.4,789.11,789.4,19.834
1791142440000,789.39,789.7,789.39,789.66,18.599
1791142500000,789.66,789.78,789.65,789.74,42.747
1791142560000,789.74,789.74,789.67,789.69,7.759
1791142620000,789.68,789.69,789.56,789.56,9.89
1791142680000,789.56,789.56,789.2,789.21,19.197
1791142740000,789.21,789.36,789.21,789.35,3.061
1791142800000,789.36,789.39,789.06,789.07,26.053
1791142860000,789.07,789.26,789.06,789.08,80.424
1791142920000,789.08,789.13,788.96,788.97,3.84
1791142980000,788.97,789.32,788.97,789.14,57.339
1791143040000,789.14,789.24,789.02,789.24,35.146
1791143100000,789.25,789.29,789.25,789.28,9.369
1791143160000,789.29,789.34,789.28,789.32,14.448
1791143220000,789.33,789.34,789.32,789.34,4.757
1791143280000,789.33,789.42,789.33,789.42,6.625
1791143340000,789.41,789.42,789.41,789.41,1.872
1791143400000,789.41,789.42,789.18,789.3,31.667
1791143460000,789.29,789.41,789.29,789.41,7.987
1791143520000,789.4,789.43,789.4,789.42,27.889
1791143580000,789.43,789.43,789.42,789.43,0.74
1791143640000,789.43,789.47,789.43,789.46,3.923
1791143700000,789.46,789.54,789.36,789.37,31.246
1791143760000,789.37,789.37,789.36,789.37,9.014
1791143820000,789.37,789.37,789.36,789.37,3.917
1791143880000,789.37,789.37,789.34,789.36,13.512
1791143940000,789.36,789.53,789.35,789.52,25.773
1791144000000,789.53,789.53,789.2,789.2,66.232
1791144060000,789.21,789.35,789.2,789.21,11.711
1791144120000,789.21,789.47,789.18,789.45,33.255
1791144180000,789.44,789.45,789.42,789.43,6.238
1791144240000,789.43,789.49,789.42,789.48,8.972
1791144300000,789.48,789.48,789.19,789.19,12.774
1791144360000,789.18,789.31,789.15,789.3,35.153
1791144420000,789.3,789.31,789.22,789.23,38.283
1791144480000,789.23,789.3,789.22,789.3,7.14
1791144540000,789.3,789.3,789.29,789.3,8.029
1791144600000,789.29,789.34,789.29,789.34,11.644
1791144660000,789.34,789.34,788.95,789.12,57.667
1791144720000,789.12,789.64,789.12,789.59,27.393
1791144780000,789.6,789.64,789.6,789.64,5.201
1791144840000,789.64,789.75,789.63,789.75,2.315
1791144900000,789.74,789.99,789.74,789.99,18.275
1791144960000,789.99,789.99,789.98,789.99,7.12
1791145020000,789.98,789.99,789.98,789.99,2.98
1791145080000,789.99,790.02,789.98,790.02,89.995
1791145140000,790.01,790.1,789.97,790.1,28.66
1791145200000,790.1,790.26,790.09,790.26,5.504
1791145260000,790.26,790.26,790.25,790.26,5.516
1791145320000,790.25,790.3,790.09,790.3,68.614
1791145380000,790.29,790.34,790.29,790.34,5.051
1791145440000,790.35,790.35,790.34,790.34,12.341
1791145500000,790.35,790.35,790.23,790.24,10.85
1791145560000,790.23,790.23,789.84,789.88,66.587
1791145620000,789.89,789.94,789.89,789.94,10.439
1791145680000,789.94,790.29,789.93,790.22,23.395
1791145740000,790.22,790.23,790.22,790.23,1.221
1791145800000,790.23,790.23,789.95,789.96,27.798
1791145860000,789.95,789.95,789.71,789.71,27.422
1791145920000,789.71,790.0,789.7,789.9,54.743
1791145980000,789.89,790.16,789.84,790.15,33.666
1791146040000,790.16,790.26,790.15,790.26,7.063
1791146100000,790.25,790.41,790.25,790.38,37.178
1791146160000,790.38,790.38,790.37,790.38,1.672
1791146220000,790.38,790.49,790.35,790.4,23.741
1791146280000,790.4,790.5,790.01,790.07,49.198
1791146340000,790.06,790.26,790.06,790.26,7.155
1791146400000,790.26,790.26,790.25,790.26,0.87
1791146460000,790.26,790.26,790.13,790.17,21.344
1791146520000,790.17,790.4,790.04,790.38,80.94
1791146580000,790.38,790.89,790.37,790.89,47.292
1791146640000,790.89,790.89,790.88,790.88,13.477
1791146700000,790.88,791.0,790.8,790.99,315.509
1791146760000,790.98,791.61,790.98,791.43,901.69
1791146820000,791.43,791.87,791.42,791.72,78.593
1791146880000,791.72,791.77,791.64,791.74,8.906
1791146940000,791.73,791.73,791.1,791.11,39.195
1791147000000,791.11,791.32,791.11,791.25,53.351
1791147060000,791.24,791.3,791.22,791.23,12.517
1791147120000,791.22,791.67,791.22,791.67,17.334
1791147180000,791.67,791.84,791.43,791.43,44.474
1791147240000,791.44,791.55,791.44,791.52,23.957
1791147300000,791.53,791.56,791.28,791.52,13.696
1791147360000,791.52,791.72,791.42,791.72,35.652
1791147420000,791.72,791.72,791.51,791.67,53.894
1791147480000,791.67,791.83,791.66,791.82,28.223
1791147540000,791.82,791.83,791.68,791.77,16.608
1791147600000,791.77,792.49,791.77,791.92,96.241
1791147660000,791.92,791.92,791.59,791.69,46.878
1791147720000,791.7,792.06,791.6,792.06,33.218
1791147780000,792.07,792.33,792.07,792.17,22.251
1791147840000,792.17,792.17,792.01,792.02,8.13
1791147900000,792.01,792.01,791.91,791.96,18.143
1791147960000,791.96,791.96,791.64,791.81,30.783
1791148020000,791.81,791.98,791.8,791.98,19.726
1791148080000,791.98,792.32,791.97,792.32,17.83
1791148140000,792.32,792.54,792.28,792.44,29.9
1791148200000,792.45,793.93,792.44,793.55,228.196
1791148260000,793.55,795.8,793.53,795.14,517.932
1791148320000,795.13,795.52,794.84,795.19,143.33
1791148380000,795.19,795.27,794.13,794.29,115.381
1791148440000,794.29,794.32,793.89,793.89,23.326
1791148500000,793.88,793.88,793.43,793.43,38.86
1791148560000,793.42,793.65,793.28,793.58,79.905
1791148620000,793.58,793.58,792.87,792.87,67.288
1791148680000,792.87,792.93,792.71,792.71,6.125
1791148740000,792.71,792.71,792.34,792.34,33.841
1791148800000,792.35,792.46,792.12,792.13,37.008
1791148860000,792.14,792.45,791.92,792.19,31.988
1791148920000,792.19,792.83,792.11,792.83,233.141
1791148980000,792.84,793.04,792.83,793.04,39.117
1791149040000,793.04,793.08,792.94,793.08,27.337
1791149100000,793.08,793.56,793.08,793.41,44.805
1791149160000,793.41,793.56,793.4,793.43,12.977
1791149220000,793.43,793.56,793.43,793.48,8.766
1791149280000,793.46,793.51,793.46,793.5,22.242
1791149340000,793.5,793.5,793.14,793.15,55.277
1791149400000,793.14,793.54,793.13,793.54,101.41
1791149460000,793.55,793.58,793.46,793.47,46.529
1791149520000,793.47,793.64,793.46,793.63,22.936
1791149580000,793.64,793.68,793.59,793.59,29.854
1791149640000,793.59,793.64,793.59,793.64,18.964
1791149700000,793.64,793.67,793.63,793.67,35.661
1791149760000,793.67,793.95,793.67,793.95,14.475
1791149820000,793.95,794.2,793.94,794.2,35.168
1791149880000,794.19,794.19,793.82,794.0,8.885
1791149940000,794.0,794.0,793.89,793.95,19.612
1791150000000,793.94,794.0,793.83,793.97,50.201
1791150060000,793.97,794.0,793.61,793.61,20.172
1791150120000,793.6,793.61,793.59,793.6,15.344
1791150180000,793.6,793.88,793.59,793.88,18.401
1791150240000,793.88,793.88,793.64,793.73,16.472
1791150300000,793.74,794.0,793.74,794.0,5.964
1791150360000,793.99,794.28,793.99,794.27,41.337
1791150420000,794.27,794.5,794.17,794.18,34.354
1791150480000,794.18,794.35,794.12,794.19,7.477
1791150540000,794.2,794.2,793.99,794.1,103.592
1791150600000,794.11,794.26,794.1,794.26,13.108
1791150660000,794.26,794.3,794.21,794.22,7.029
1791150720000,794.21,794.33,794.2,794.24,8.804
1791150780000,794.24,794.3,793.76,793.76,49.326
1791150840000,793.76,793.77,793.54,793.54,16.048
1791150900000,793.54,793.62,793.14,793.14,18.785
1791150960000,793.15,793.15,793.07,793.07,9.78
1791151020000,793.07,793.07,792.8,792.81,5.884
1791151080000,792.8,792.8,792.68,792.78,50.917
1791151140000,792.78,792.79,792.52,792.65,35.286
1791151200000,792.65,793.79,792.65,793.6,28.361
1791151260000,793.61,793.72,793.41,793.52,13.779
1791151320000,793.52,795.15,793.52,794.36,310.692
1791151380000,794.36,794.82,793.4,794.73,208.109
1791151440000,794.73,795.34,794.64,795.18,26.908
1791151500000,795.18,795.18,794.25,794.75,63.515
1791151560000,794.75,795.5,794.75,795.15,75.768
1791151620000,795.15,795.15,794.56,794.56,11.818
1791151680000,794.55,794.61,794.28,794.61,28.21
1791151740000,794.63,794.96,794.6,794.6,13.82
1791151800000,794.59,794.59,794.12,794.14,12.191
1791151860000,794.13,794.5,793.97,794.41,40.468
1791151920000,794.4,794.41,794.25,794.28,26.33
1791151980000,794.27,795.05,794.27,794.96,12.825
1791152040000,794.95,795.33,794.75,794.96,35.271
1791152100000,794.96,797.52,794.71,796.14,2673.091
1791152160000,796.15,797.89,796.15,796.97,457.67
1791152220000,796.97,797.15,796.37,796.61,107.377
1791152280000,796.6,796.99,796.18,796.54,635.849
1791152340000,796.54,796.56,796.08,796.08,217.531
1791152400000,796.08,796.4,796.0,796.06,396.701
1791152460000,796.06,796.2,795.24,796.08,793.585
1791152520000,796.08,796.09,795.57,795.9,152.514
1791152580000,795.89,795.89,795.25,795.44,35.287
1791152640000,795.45,795.65,795.27,795.37,54.847
1791152700000,795.37,796.07,795.29,796.07,28.534
1791152760000,796.08,796.21,795.32,796.21,546.152
1791152820000,796.21,796.23,795.82,796.02,66.898
1791152880000,796.01,796.01,795.71,795.81,61.271
1791152940000,795.82,795.82,795.71,795.72,827.191
1791153000000,795.72,795.87,795.09,795.73,2387.965
1791153060000,795.74,795.81,794.95,795.1,89.791
1791153120000,795.11,795.65,795.02,795.42,62.937
1791153180000,795.41,795.44,795.01,795.07,40.728
1791153240000,795.07,795.67,795.07,795.65,50.239
1791153300000,795.66,796.05,795.65,795.87,162.462
1791153360000,795.88,796.48,795.88,796.39,27.107
1791153420000,796.41,796.48,795.95,795.95,30.376
1791153480000,795.96,796.03,795.43,795.6,61.263
1791153540000,795.6,795.89,795.26,795.28,39.49
1791153600000,795.29,795.53,795.25,795.36,58.398
1791153660000,795.36,795.77,795.36,795.76,19.818
1791153720000,795.77,796.1,795.77,796.1,121.59
1791153780000,796.11,796.21,796.04,796.04,19.193
1791153840000,796.04,796.04,795.8,795.8,11.842
1791153900000,795.8,795.8,795.5,795.51,30.895
1791153960000,795.49,795.51,795.49,795.51,15.119
1791154020000,795.51,795.51,795.12,795.46,26.573
1791154080000,795.46,795.47,794.65,794.91,521.358
1791154140000,794.91,794.91,794.69,794.69,6.983
1791154200000,794.69,794.99,794.68,794.69,95.603
1791154260000,794.69,794.69,794.54,794.68,89.262
1791154320000,794.69,795.2,794.68,795.2,55.187
1791154380000,795.19,795.49,795.18,795.49,4.64
1791154440000,795.49,795.53,795.39,795.52,15.256
1791154500000,795.52,795.52,795.44,795.45,20.338
1791154560000,795.45,795.83,795.45,795.66,33.859
1791154620000,795.65,795.65,795.32,795.33,18.57
1791154680000,795.33,795.38,795.22,795.38,19.565
1791154740000,795.38,795.43,795.37,795.43,17.389
1791154800000,795.43,796.21,795.42,795.93,69.859
1791154860000,795.93,795.96,795.7,795.83,16.971
1791154920000,795.83,795.86,795.48,795.48,14.618
1791154980000,795.48,795.57,795.37,795.46,15.228
1791155040000,795.45,795.64,795.34,795.62,42.422
1791155100000,795.61,795.62,795.11,795.19,58.109
1791155160000,795.18,795.2,794.9,794.9,48.406
1791155220000,794.9,794.9,794.5,794.51,22.357
1791155280000,794.51,795.44,794.51,795.44,156.579
1791155340000,795.44,795.82,795.44,795.52,26.382
1791155400000,795.59,796.18,795.59,795.93,123.76
1791155460000,795.93,795.93,795.64,795.85,15.409
1791155520000,795.85,796.04,795.63,795.84,57.101
1791155580000,795.83,796.24,795.83,796.24,77.364
1791155640000,796.24,796.38,796.23,796.37,42.349
1791155700000,796.38,796.55,796.28,796.55,92.781
1791155760000,796.54,797.08,796.54,797.05,159.127
1791155820000,797.05,797.34,796.8,796.8,139.963
1791155880000,796.81,797.02,796.3,796.3,64.839
1791155940000,796.3,796.8,796.29,796.71,30.874
1791156000000,796.71,796.85,796.63,796.68,39.183
1791156060000,796.68,796.77,796.22,796.35,71.267
1791156120000,796.35,796.35,795.99,795.99,28.17
1791156180000,795.98,795.98,795.73,795.8,65.929
1791156240000,795.81,796.0,795.81,795.91,38.514
1791156300000,795.91,796.03,795.91,796.03,8.974
1791156360000,796.03,796.44,796.02,796.39,18.334
1791156420000,796.39,796.58,796.04,796.4,56.33
1791156480000,796.41,796.6,796.28,796.28,46.004
1791156540000,796.27,796.28,796.08,796.09,38.442
1791156600000,796.08,796.25,796.02,796.24,28.688
1791156660000,796.25,796.48,795.93,795.93,21.627
1791156720000,795.93,795.93,795.57,795.8,53.657
1791156780000,795.81,796.08,795.81,795.82,13.093
1791156840000,795.82,795.82,795.42,795.42,24.557
1791156900000,795.41,795.41,794.95,794.98,57.572
1791156960000,794.99,795.09,794.74,794.87,141.23
1791157020000,794.86,794.93,794.83,794.92,43.143
1791157080000,794.91,794.91,794.61,794.62,48.844
1791157140000,794.62,794.7,794.61,794.63,10.748
1791157200000,794.64,795.08,794.63,795.08,35.625
1791157260000,795.07,795.08,794.8,794.8,10.879
1791157320000,794.79,795.08,794.64,795.08,44.844
1791157380000,795.07,795.36,795.07,795.14,53.093
1791157440000,795.14,795.38,795.14,795.37,23.613
1791157500000,795.37,795.37,794.94,794.99,45.442
1791157560000,794.99,795.26,794.99,795.21,153.845
1791157620000,795.21,795.39,795.21,795.39,17.205
1791157680000,795.39,795.39,795.3,795.31,4.021
1791157740000,795.3,795.33,795.12,795.33,29.388
1791157800000,795.33,795.49,795.14,795.49,13.849
1791157860000,795.49,795.72,795.49,795.55,15.12
1791157920000,795.55,795.71,795.4,795.48,11.035
1791157980000,795.47,795.48,795.24,795.4,51.236
1791158040000,795.4,795.43,795.26,795.43,40.46
1791158100000,795.43,795.43,795.42,795.43,3.253
1791158160000,795.42,795.49,795.14,795.3,21.833
1791158220000,795.31,795.47,795.31,795.47,31.521
1791158280000,795.48,795.48,795.27,795.27,13.916
1791158340000,795.27,795.43,795.19,795.43,186.464
1791158400000,795.42,795.43,795.21,795.21,20.338
1791158460000,795.21,795.21,794.27,794.35,72.165
1791158520000,794.34,794.58,793.58,793.6,160.508
1791158580000,793.61,794.26,793.61,793.99,136.667
1791158640000,793.99,794.7,793.99,794.7,31.325
1791158700000,794.71,794.82,794.55,794.56,34.79
1791158760000,794.56,794.82,794.56,794.81,5.866
1791158820000,794.82,794.82,794.6,794.61,27.557
1791158880000,794.61,794.96,794.6,794.92,54.928
1791158940000,794.91,794.91,794.54,794.54,73.948
1791159000000,794.54,795.0,794.44,795.0,14.938
1791159060000,795.0,795.16,794.83,794.83,25.928
1791159120000,794.83,794.83,794.14,794.28,49.153
1791159180000,794.28,794.65,794.13,794.65,41.645
1791159240000,794.67,794.74,794.47,794.57,5.783
1791159300000,794.57,795.14,794.56,795.04,57.594
1791159360000,795.04,795.16,794.79,794.89,25.166
1791159420000,794.89,795.09,794.89,794.98,10.534
1791159480000,794.98,794.99,794.45,794.83,343.486
1791159540000,794.83,795.31,794.78,795.21,140.803
1791159600000,795.22,795.31,794.98,795.25,29.012
1791159660000,795.25,795.43,794.9,794.9,24.796
1791159720000,794.88,794.88,794.45,794.6,31.59
1791159780000,794.6,794.85,794.55,794.74,56.864
1791159840000,794.72,794.72,794.53,794.63,68.79
1791159900000,794.63,794.63,793.96,793.96,108.905
1791159960000,793.96,794.18,793.7,793.72,59.146
1791160020000,793.71,793.87,793.62,793.8,15.619
1791160080000,793.8,794.0,793.29,793.36,107.343
1791160140000,793.38,793.51,793.38,793.5,24.845
1791160200000,793.51,793.62,793.5,793.57,64.306
1791160260000,793.57,793.57,793.13,793.36,40.645
1791160320000,793.36,793.75,793.3,793.75,13.52
1791160380000,793.75,794.14,793.6,794.14,23.161
1791160440000,794.15,794.15,793.88,793.89,27.43
1791160500000,793.89,794.05,793.74,794.05,15.362
1791160560000,794.06,794.1,793.71,793.83,190.56
1791160620000,793.82,793.83,793.49,793.5,16.082
1791160680000,793.5,793.68,793.5,793.64,27.528
1791160740000,793.64,793.95,793.64,793.94,20.457
1791160800000,793.94,794.28,793.94,794.27,20.364
1791160860000,794.27,794.42,794.16,794.42,27.164
1791160920000,794.42,794.82,794.31,794.82,53.95
1791160980000,794.81,794.99,794.49,794.62,27.28
1791161040000,794.61,794.9,794.55,794.9,10.61
1791161100000,794.89,794.89,794.47,794.48,21.155
1791161160000,794.48,794.88,794.47,794.75,59.62
1791161220000,794.76,794.82,794.63,794.81,47.689
1791161280000,794.82,795.28,794.82,795.1,21.156
1791161340000,795.11,795.32,794.93,795.32,68.301
1791161400000,795.32,795.32,795.02,795.18,49.504
1791161460000,795.17,796.0,795.17,795.72,72.699
1791161520000,795.71,795.92,795.62,795.92,9.051
1791161580000,795.92,796.1,795.82,795.86,30.825
1791161640000,795.84,795.85,795.63,795.84,14.679
1791161700000,795.84,796.12,795.8,796.12,53.795
1791161760000,796.11,796.37,796.11,796.12,32.982
1791161820000,796.12,796.26,796.12,796.26,6.041
1791161880000,796.28,796.7,796.25,796.65,50.204
1791161940000,796.65,796.7,796.64,796.7,36.187
1791162000000,796.7,796.7,796.0,796.0,75.968
1791162060000,796.0,796.0,795.55,795.7,132.393
1791162120000,795.72,795.8,795.42,795.54,26.216
1791162180000,795.54,795.66,795.42,795.43,27.256
1791162240000,795.43,795.99,795.43,795.9,38.44
1791162300000,795.89,795.92,795.73,795.89,32.637
1791162360000,795.9,796.0,795.76,795.77,6.595
1791162420000,795.78,795.78,795.52,795.53,17.217
1791162480000,795.53,795.92,795.42,795.92,24.606
1791162540000,795.92,795.92,795.66,795.66,11.335
1791162600000,795.66,795.88,795.51,795.87,18.685
1791162660000,795.88,796.5,795.83,796.5,83.49
1791162720000,796.5,796.64,796.21,796.32,7.683
1791162780000,796.32,796.78,796.31,796.78,19.894
1791162840000,796.78,797.43,796.77,797.38,75.228
1791162900000,797.38,797.47,796.82,796.83,48.242
1791162960000,796.82,796.98,796.68,796.98,233.618
1791163020000,797.0,798.0,797.0,798.0,151.372
1791163080000,798.0,799.89,797.9,798.35,1425.736
1791163140000,798.36,798.58,798.31,798.56,33.714
1791163200000,798.55,798.95,798.48,798.84,28.243
1791163260000,798.85,799.6,798.49,799.26,940.551
1791163320000,799.22,799.64,799.08,799.27,100.976
1791163380000,799.26,799.26,798.94,799.12,36.405
1791163440000,799.13,799.64,799.11,799.14,183.02
1791163500000,799.14,799.6,799.14,799.6,127.085
1791163560000,799.6,801.88,799.14,799.74,4224.816
1791163620000,799.71,799.82,799.42,799.67,132.354
1791163680000,799.67,800.16,799.67,799.98,124.219
1791163740000,799.97,800.16,799.61,799.62,26.389
1791163800000,799.62,799.62,798.49,798.49,180.917
1791163860000,798.49,798.5,797.24,797.25,107.392
1791163920000,797.25,797.53,797.06,797.51,100.975
1791163980000,797.49,797.49,797.06,797.19,58.222
1791164040000,797.19,797.19,796.87,797.01,43.678
1791164100000,797.0,797.47,796.9,797.46,64.666
1791164160000,797.46,798.21,797.46,798.14,73.941
1791164220000,798.12,798.4,797.95,798.17,104.512
1791164280000,798.17,798.4,797.6,797.95,299.176
1791164340000,797.96,797.97,797.64,797.82,53.909
1791164400000,797.82,798.07,797.71,798.07,33.554
1791164460000,798.07,798.5,798.06,798.44,86.893
1791164520000,798.43,798.5,798.27,798.49,54.15
1791164580000,798.48,798.52,798.48,798.52,35.859
1791164640000,798.51,798.97,798.51,798.9,74.954
1791164700000,798.89,799.52,798.89,799.36,29.12
1791164760000,799.36,800.4,799.36,800.39,170.259
1791164820000,800.39,800.93,800.35,800.78,115.447
1791164880000,800.77,800.86,800.59,800.74,91.86
1791164940000,800.75,800.91,800.41,800.41,99.688
1791165000000,800.41,800.42,799.58,799.59,48.384
1791165060000,799.59,799.72,798.97,799.71,209.792
1791165120000,799.71,800.0,799.5,799.99,31.233
1791165180000,799.99,800.14,799.72,799.85,61.778
1791165240000,799.86,799.9,798.87,798.97,112.581
1791165300000,798.98,799.29,798.98,799.2,32.153
1791165360000,799.2,799.2,798.83,798.83,60.553
1791165420000,798.84,799.23,798.83,799.22,52.806
1791165480000,799.23,799.36,798.94,799.36,43.944
1791165540000,799.35,799.72,799.35,799.72,111.44
1791165600000,799.73,799.9,799.68,799.86,67.204
1791165660000,799.86,800.01,799.53,799.79,379.825
1791165720000,799.79,800.44,799.79,800.44,89.221
1791165780000,800.44,800.83,800.42,800.81,120.342
1791165840000,800.81,802.31,800.64,801.34,856.551
1791165900000,801.34,802.34,801.34,802.16,242.56
1791165960000,802.17,804.08,801.74,804.03,1788.95
1791166020000,804.03,804.17,803.74,804.17,296.666
1791166080000,804.18,804.57,803.91,803.91,356.713
1791166140000,803.91,805.0,803.91,804.71,279.437
1791166200000,804.71,805.87,804.71,805.26,1864.978
1791166260000,805.25,805.71,805.14,805.2,165.805
1791166320000,805.2,805.6,805.13,805.6,156.751
1791166380000,805.6,806.25,805.42,806.24,636.171
1791166440000,806.24,806.4,805.77,806.01,99.456
1791166500000,806.0,808.29,805.71,807.81,2233.441
1791166560000,807.84,808.88,807.81,808.87,872.403
1791166620000,808.88,809.99,807.65,807.84,1863.701
1791166680000,807.83,809.7,807.59,809.52,905.361
1791166740000,809.52,809.74,808.97,809.09,302.057
1791166800000,809.08,809.51,808.47,808.81,341.729
1791166860000,808.81,808.85,807.79,808.23,285.988
1791166920000,808.23,808.58,807.81,807.96,457.588
1791166980000,807.96,808.02,807.01,807.71,282.797
1791167040000,807.72,808.0,806.52,806.53,435.16
1791167100000,806.52,806.86,805.65,805.66,261.625
1791167160000,805.65,805.94,805.0,805.94,250.964
1791167220000,805.94,806.15,805.66,805.93,130.791
1791167280000,805.92,805.92,805.36,805.89,210.672
1791167340000,805.88,806.4,805.11,805.11,238.806
1791167400000,805.1,805.63,805.01,805.17,316.01
1791167460000,805.16,805.48,804.46,804.47,169.555
1791167520000,804.47,804.92,804.46,804.84,116.387
1791167580000,804.83,804.84,804.49,804.6,111.407
1791167640000,804.61,805.18,804.61,804.73,130.21
1791167700000,804.73,805.96,804.72,805.79,100.623
1791167760000,805.79,805.8,805.25,805.43,66.093
1791167820000,805.42,805.88,804.8,805.88,313.042
1791167880000,805.87,805.88,804.96,805.05,258.18
1791167940000,805.04,805.26,804.86,804.89,267.454
1791168000000,804.88,804.99,804.6,804.99,207.314
1791168060000,805.0,805.3,804.98,805.1,505.955
1791168120000,805.09,805.4,804.68,804.81,166.646
1791168180000,804.8,804.8,803.58,803.95,284.129
1791168240000,803.95,803.95,803.38,803.4,229.566
1791168300000,803.4,803.7,803.29,803.5,836.324
1791168360000,803.5,803.5,803.29,803.32,149.547
1791168420000,803.31,803.32,803.11,803.19,152.656
1791168480000,803.18,803.18,802.75,802.89,270.152
1791168540000,802.9,802.9,802.43,802.43,135.206
1791168600000,802.44,802.5,802.36,802.5,157.039
1791168660000,802.5,802.5,802.09,802.19,129.217
1791168720000,802.18,802.18,801.96,801.96,97.7
1791168780000,801.97,802.1,801.81,802.09,313.266
1791168840000,802.09,802.2,801.91,801.99,250.561
1791168900000,801.99,801.99,801.55,801.59,189.235
1791168960000,801.59,801.73,801.47,801.49,230.283
1791169020000,801.5,801.55,800.94,801.2,262.494
1791169080000,801.19,801.9,801.19,801.62,1047.132
1791169140000,801.62,801.62,800.88,801.0,293.782
1791169200000,800.99,801.0,800.68,800.68,194.999
1791169260000,800.69,800.7,800.24,800.24,211.178
1791169320000,800.23,800.23,799.64,799.72,312.188
1791169380000,799.72,800.3,799.38,800.12,599.944
1791169440000,800.13,800.4,799.89,800.4,332.592
1791169500000,800.41,800.89,800.37,800.88,294.155
1791169560000,800.88,801.75,800.87,801.75,185.759
1791169620000,801.75,801.98,801.09,801.96,321.581
1791169680000,801.96,802.08,801.79,801.8,85.649
1791169740000,801.79,802.01,801.32,801.33,835.222
1791169800000,801.33,801.51,800.93,801.37,274.908
1791169860000,801.37,801.37,801.12,801.26,99.889
1791169920000,801.26,801.96,801.13,801.45,128.978
1791169980000,801.46,801.59,800.5,800.51,222.502
1791170040000,800.51,800.99,800.5,800.73,120.599
1791170100000,800.72,800.8,800.21,800.22,165.022
1791170160000,800.22,800.22,799.66,799.7,137.744
1791170220000,799.7,799.96,799.22,799.28,135.864
1791170280000,799.28,799.82,799.28,799.64,288.057
1791170340000,799.63,799.63,798.77,798.78,554.152
1791170400000,798.78,798.85,798.33,798.4,178.237
1791170460000,798.4,798.4,797.8,797.8,178.89
1791170520000,797.8,797.82,797.23,797.24,426.986
1791170580000,797.23,797.23,794.41,796.62,996.705
1791170640000,796.62,796.73,796.13,796.73,327.62
1791170700000,796.73,797.05,796.09,796.51,364.566
1791170760000,796.51,797.05,796.47,797.05,112.676
1791170820000,797.05,797.06,796.78,797.05,262.354
1791170880000,797.05,797.14,796.89,797.04,71.28
1791170940000,797.03,797.04,796.85,797.04,60.52
1791171000000,797.04,797.55,796.55,796.55,186.321
1791171060000,796.55,797.46,796.55,797.46,246.998
1791171120000,797.46,797.48,797.19,797.2,107.446
1791171180000,797.2,797.2,796.85,797.06,184.834
1791171240000,797.07,797.07,796.66,796.8,312.614
1791171300000,796.8,796.8,796.2,796.23,216.355
1791171360000,796.23,796.66,795.54,795.55,199.898
1791171420000,795.54,795.9,795.0,795.58,188.535
1791171480000,795.57,795.88,795.31,795.87,90.7
1791171540000,795.88,795.93,795.64,795.82,89.623
1791171600000,795.82,796.34,795.57,795.94,106.564
1791171660000,795.93,795.94,795.24,795.51,77.837
1791171720000,795.5,795.58,795.0,795.0,77.5
1791171780000,795.01,795.4,793.35,794.07,513.183
1791171840000,794.06,794.53,794.05,794.39,263.119
1791171900000,794.38,794.54,794.3,794.51,203.977
1791171960000,794.51,794.83,794.05,794.24,259.076
1791172020000,794.24,794.74,794.24,794.66,80.446
1791172080000,794.67,794.72,794.21,794.34,148.451
1791172140000,794.35,794.52,793.98,793.98,257.689
1791172200000,793.99,794.18,792.24,793.02,1005.965
1791172260000,793.02,793.15,792.68,792.9,268.36
1791172320000,792.91,793.37,792.89,793.37,101.612
1791172380000,793.36,793.5,793.14,793.26,147.249
1791172440000,793.26,793.3,793.01,793.09,71.799
1791172500000,793.09,793.37,793.09,793.19,88.498
1791172560000,793.2,793.35,793.14,793.14,73.144
1791172620000,793.14,793.23,790.43,790.94,533.325
1791172680000,790.94,792.56,790.72,791.5,644.786
1791172740000,791.5,792.37,791.47,792.15,187.648
1791172800000,792.14,792.15,791.31,791.42,196.274
1791172860000,791.41,792.12,791.29,792.1,153.174
1791172920000,792.1,792.22,791.58,791.69,100.119
1791172980000,791.69,791.74,791.18,791.7,135.186
1791173040000,791.7,791.7,791.25,791.25,97.003
1791173100000,791.25,791.58,791.1,791.25,144.035
1791173160000,791.25,792.14,791.12,792.07,121.437
1791173220000,792.07,792.68,792.04,792.04,225.962
1791173280000,792.04,792.26,791.34,791.99,137.197
1791173340000,791.98,792.35,791.71,792.12,124.909
1791173400000,792.12,792.22,791.53,791.68,59.851
1791173460000,791.67,791.86,791.38,791.7,64.935
1791173520000,791.69,791.76,791.41,791.69,66.566
1791173580000,791.68,791.84,791.61,791.73,48.471
1791173640000,791.74,792.1,791.55,791.8,215.342
1791173700000,791.79,791.81,791.18,791.57,66.828
1791173760000,791.56,791.83,791.2,791.83,47.411
1791173820000,791.82,791.92,791.28,791.34,67.918
1791173880000,791.32,791.48,791.1,791.11,109.17
1791173940000,791.12,791.65,790.99,791.51,57.775
1791174000000,791.5,791.56,791.09,791.24,45.212
1791174060000,791.23,791.23,790.38,790.84,148.942
1791174120000,790.84,791.14,790.2,791.11,208.663
1791174180000,791.11,791.86,791.11,791.57,181.748
1791174240000,791.57,792.26,791.57,792.24,69.428
1791174300000,792.24,792.73,792.13,792.13,93.541
1791174360000,792.12,792.22,791.12,791.45,166.43
1791174420000,791.44,791.44,790.78,790.78,74.596
1791174480000,790.77,790.78,790.27,790.28,64.619
1791174540000,790.28,790.45,789.91,790.21,186.171
1791174600000,790.21,790.75,790.07,790.62,70.807
1791174660000,790.61,790.86,790.24,790.24,123.335
1791174720000,790.24,790.24,788.37,788.72,461.685
1791174780000,788.71,789.69,788.31,789.63,140.759
1791174840000,789.66,790.0,789.64,789.76,182.298
1791174900000,789.76,790.09,789.34,789.34,158.689
1791174960000,789.33,789.76,789.25,789.65,94.704
1791175020000,789.64,790.36,789.48,790.13,116.101
1791175080000,790.13,790.16,789.59,789.64,204.117
1791175140000,789.64,789.83,789.51,789.83,109.244
1791175200000,789.83,790.0,789.72,790.0,125.589
1791175260000,790.0,790.77,789.64,790.7,207.98
1791175320000,790.67,790.68,790.1,790.29,64.894
1791175380000,790.28,790.5,790.26,790.33,56.694
1791175440000,790.33,790.93,790.33,790.84,117.269
1791175500000,790.84,791.47,790.58,791.47,66.319
1791175560000,791.45,791.45,790.91,790.97,123.214
1791175620000,790.98,790.98,790.31,790.31,95.664
1791175680000,790.31,790.75,790.31,790.72,205.591
1791175740000,790.72,790.84,789.66,789.69,203.521
1791175800000,789.69,790.01,789.45,789.46,193.622
1791175860000,789.46,789.95,789.33,789.83,201.883
1791175920000,789.82,789.82,789.01,789.01,70.23
1791175980000,789.0,789.01,788.76,788.84,135.845
1791176040000,788.83,788.97,788.67,788.94,55.795
1791176100000,788.94,789.4,788.83,789.06,83.194
1791176160000,789.05,789.24,788.83,789.19,43.879
1791176220000,789.19,789.71,789.19,789.67,56.208
1791176280000,789.66,789.69,789.4,789.49,66.381
1791176340000,789.5,789.67,789.5,789.59,34.024
1791176400000,789.6,789.74,789.36,789.53,64.417
1791176460000,789.53,789.57,789.28,789.57,121.425
1791176520000,789.56,789.8,789.4,789.41,139.254
1791176580000,789.41,789.78,789.41,789.77,95.009
1791176640000,789.76,790.25,789.66,790.13,65.925
1791176700000,790.14,790.73,790.14,790.72,71.483
1791176760000,790.73,790.73,790.29,790.48,44.773
1791176820000,790.47,790.47,790.11,790.13,51.921
1791176880000,790.13,790.13,789.56,789.7,43.738
1791176940000,789.71,789.9,789.48,789.54,71.905
1791177000000,789.53,789.6,789.28,789.3,57.464
1791177060000,789.3,789.3,789.06,789.22,25.228
1791177120000,789.21,789.58,789.21,789.58,71.787
1791177180000,789.58,789.66,789.46,789.48,98.452
1791177240000,789.47,789.47,789.13,789.2,29.321
1791177300000,789.21,789.5,789.08,789.09,59.963
1791177360000,789.09,789.5,789.06,789.5,44.187
1791177420000,789.5,789.58,789.07,789.07,88.847
1791177480000,789.07,789.07,788.57,788.78,88.476
1791177540000,788.77,789.36,788.65,789.28,71.528
1791177600000,789.28,789.28,789.05,789.26,29.087
1791177660000,789.26,789.46,789.17,789.45,31.736
1791177720000,789.45,789.45,789.25,789.28,81.105
1791177780000,789.28,789.31,789.07,789.07,32.988
1791177840000,789.08,789.14,788.71,789.13,59.385
1791177900000,789.13,789.45,788.86,789.23,44.006
1791177960000,789.24,789.96,789.24,789.85,26.832
1791178020000,789.85,789.94,789.74,789.88,37.727
1791178080000,789.89,789.97,789.74,789.8,28.378
1791178140000,789.79,789.98,789.79,789.98,29.951
1791178200000,789.98,789.98,788.96,789.02,84.021
1791178260000,789.03,789.55,788.88,788.9,61.364
1791178320000,788.91,789.25,788.76,788.91,50.49
1791178380000,788.91,789.84,788.91,789.82,52.878
1791178440000,789.81,790.01,789.71,790.01,38.482
1791178500000,790.0,790.03,789.73,790.03,43.01
1791178560000,790.03,790.54,790.03,790.53,60.262
1791178620000,790.54,791.62,790.54,791.61,106.613
1791178680000,791.6,791.98,791.45,791.71,236.626
1791178740000,791.72,791.81,791.57,791.67,51.792
1791178800000,791.67,791.75,791.01,791.19,145.584
1791178860000,791.18,791.33,791.11,791.32,161.927
1791178920000,791.31,791.32,790.86,790.87,80.879
1791178980000,790.87,791.11,790.83,791.07,60.189
1791179040000,791.06,791.63,791.03,791.48,70.849
1791179100000,791.47,791.47,791.02,791.19,62.389
1791179160000,791.18,791.19,790.68,790.76,103.476
1791179220000,790.76,790.83,790.7,790.71,41.288
1791179280000,790.7,790.91,790.7,790.87,42.111
1791179340000,790.86,791.06,790.78,791.06,52.64
1791179400000,791.06,791.41,791.05,791.21,144.069
1791179460000,791.21,791.39,791.21,791.22,13.59
1791179520000,791.21,791.21,790.84,790.92,35.495
1791179580000,790.92,791.34,790.92,791.3,66.892
1791179640000,791.3,791.4,791.23,791.39,23.894
1791179700000,791.4,791.4,791.1,791.39,106.009
1791179760000,791.39,791.68,791.28,791.68,85.92
1791179820000,791.67,791.87,791.6,791.87,85.683
1791179880000,791.87,792.09,791.87,791.92,94.015
1791179940000,791.91,792.22,791.91,792.22,75.186
1791180000000,792.22,793.17,792.11,793.02,115.841
1791180060000,793.01,793.63,792.9,793.62,223.237
1791180120000,793.62,793.68,793.19,793.2,58.345
1791180180000,793.2,793.74,793.2,793.62,137.255
1791180240000,793.61,793.91,793.61,793.74,85.261
1791180300000,793.75,793.77,792.26,792.26,775.106
1791180360000,792.25,792.6,792.16,792.58,163.274
1791180420000,792.58,792.83,792.49,792.49,116.665
1791180480000,792.49,792.5,792.0,792.05,115.405
1791180540000,792.05,792.42,791.66,792.31,133.586
1791180600000,792.32,792.83,792.21,792.78,129.069
1791180660000,792.78,793.31,792.78,792.95,165.935
1791180720000,792.94,793.04,792.74,792.75,75.399
1791180780000,792.74,792.75,792.54,792.63,136.12
1791180840000,792.63,793.14,792.63,793.13,79.291
1791180900000,793.13,793.17,793.06,793.1,64.246
1791180960000,793.11,793.86,793.08,793.86,348.567
1791181020000,793.86,794.0,793.39,793.99,878.534
1791181080000,793.99,794.0,793.67,793.67,156.142
1791181140000,793.67,794.05,793.43,793.44,268.878
1791181200000,793.43,793.61,793.0,793.0,101.171
1791181260000,792.99,793.19,792.58,792.59,126.288
1791181320000,792.58,792.63,792.05,792.61,83.816
1791181380000,792.6,792.6,792.26,792.26,67.662
1791181440000,792.27,792.99,792.26,792.82,46.21
1791181500000,792.81,792.93,792.42,792.73,44.391
1791181560000,792.74,792.76,792.35,792.35,56.361
1791181620000,792.35,792.36,792.21,792.36,40.539
1791181680000,792.36,792.45,792.24,792.25,38.528
1791181740000,792.26,792.26,791.85,791.85,57.532
1791181800000,791.86,792.08,791.71,791.91,86.897
1791181860000,791.92,792.56,791.81,792.55,52.34
1791181920000,792.56,792.76,792.21,792.35,68.861
1791181980000,792.36,792.36,791.67,791.67,40.694
1791182040000,791.67,792.21,791.66,792.19,38.333
1791182100000,792.2,792.2,792.06,792.19,106.183
1791182160000,792.19,792.46,792.08,792.45,50.127
1791182220000,792.45,792.68,792.38,792.54,83.931
1791182280000,792.53,792.6,792.38,792.54,48.271
1791182340000,792.54,792.55,791.95,791.95,52.446
1791182400000,791.94,791.94,791.63,791.68,50.824
1791182460000,791.67,791.74,791.46,791.67,128.883
1791182520000,791.66,791.66,791.27,791.38,91.437
1791182580000,791.38,791.54,791.19,791.32,61.606
1791182640000,791.32,791.55,791.21,791.41,64.654
1791182700000,791.41,791.47,791.28,791.4,43.506
1791182760000,791.4,792.06,791.4,792.05,55.94
1791182820000,792.05,793.56,792.05,793.34,185.213
1791182880000,793.34,793.44,792.97,793.04,90.51
1791182940000,793.04,793.14,792.72,792.83,75.297
1791183000000,792.83,793.21,792.74,792.75,86.903
1791183060000,792.75,792.75,792.51,792.51,118.29
1791183120000,792.5,793.11,792.5,793.11,87.315
1791183180000,793.11,794.48,793.11,794.3,133.505
1791183240000,794.3,794.64,793.7,793.8,172.188
1791183300000,793.81,794.56,793.76,794.3,318.497
1791183360000,794.3,794.6,794.26,794.45,450.814
1791183420000,794.45,794.5,794.3,794.41,159.024
1791183480000,794.41,794.41,794.15,794.16,203.205
1791183540000,794.15,794.33,794.09,794.29,116.944
1791183600000,794.29,794.29,793.53,793.53,108.438
1791183660000,793.53,793.54,793.16,793.29,129.776
1791183720000,793.29,793.81,793.28,793.81,83.734
1791183780000,793.8,794.04,793.8,793.96,107.978
1791183840000,793.96,794.19,793.95,794.08,89.731
1791183900000,794.08,794.08,793.73,794.04,209.122
1791183960000,794.03,794.6,793.68,794.39,447.438
1791184020000,794.4,795.2,794.4,795.09,358.044
1791184080000,795.09,795.58,795.09,795.58,193.091
1791184140000,795.57,795.81,795.57,795.57,134.136
1791184200000,795.57,795.59,794.23,794.24,224.333
1791184260000,794.23,794.23,793.84,794.03,164.575
1791184320000,794.03,794.29,793.86,794.12,118.742
1791184380000,794.12,794.19,793.81,793.95,138.455
1791184440000,793.95,794.1,793.77,793.99,174.315
1791184500000,793.99,794.19,793.64,793.71,343.009
1791184560000,793.7,794.67,793.53,794.67,139.05
1791184620000,794.67,794.89,794.35,794.38,95.352
1791184680000,794.38,794.38,793.45,793.55,86.758
1791184740000,793.54,793.55,793.27,793.28,102.625
1791184800000,793.28,793.28,793.0,793.1,108.216
1791184860000,793.11,793.51,793.11,793.24,108.089
1791184920000,793.23,793.23,792.93,792.94,127.094
1791184980000,792.93,793.14,792.64,792.64,145.862
1791185040000,792.64,792.64,792.37,792.42,125.722
1791185100000,792.42,792.9,792.42,792.65,110.416
1791185160000,792.64,792.96,792.64,792.74,83.427
1791185220000,792.73,792.9,792.52,792.53,97.56
1791185280000,792.53,792.68,792.52,792.66,121.139
1791185340000,792.66,793.17,792.65,793.14,202.054
1791185400000,793.15,793.19,792.73,792.74,109.268
1791185460000,792.74,792.95,792.7,792.74,101.105
1791185520000,792.74,792.96,792.65,792.65,91.487
1791185580000,792.65,792.77,792.48,792.48,101.111
1791185640000,792.49,792.55,792.42,792.44,97.417
1791185700000,792.43,792.47,791.7,792.4,152.731
1791185760000,792.4,792.55,792.06,792.45,70.114
1791185820000,792.45,792.46,792.24,792.4,148.71
1791185880000,792.4,792.43,792.33,792.42,72.753
1791185940000,792.42,792.46,792.34,792.44,70.323
1791186000000,792.44,792.57,792.33,792.4,80.013
1791186060000,792.39,792.42,792.2,792.32,69.502
1791186120000,792.32,792.59,792.31,792.59,62.905
1791186180000,792.59,792.9,792.58,792.86,114.747
1791186240000,792.86,792.95,792.79,792.79,126.65
1791186300000,792.78,793.06,792.44,792.69,156.949
1791186360000,792.68,792.68,792.44,792.65,140.16
1791186420000,792.65,792.67,792.41,792.41,68.49
1791186480000,792.41,792.64,792.26,792.64,97.067
1791186540000,792.64,792.64,792.01,792.01,85.921
1791186600000,792.02,792.44,792.0,792.01,141.467
1791186660000,792.01,792.75,792.0,792.64,155.252
1791186720000,792.63,792.63,792.04,792.1,94.151
1791186780000,792.09,792.85,792.09,792.72,170.244
1791186840000,792.73,792.73,792.38,792.57,134.093
1791186900000,792.57,792.57,792.26,792.26,104.863
1791186960000,792.26,792.31,792.18,792.2,99.604
1791187020000,792.2,792.28,792.08,792.23,86.537
1791187080000,792.23,792.29,792.02,792.02,149.096
1791187140000,792.01,792.01,791.66,791.82,300.851
1791187200000,791.82,791.82,791.4,791.42,219.001
1791187260000,791.41,791.42,791.31,791.4,100.562
1791187320000,791.4,791.63,791.4,791.47,69.665
1791187380000,791.47,792.03,791.45,792.03,123.063
1791187440000,792.03,792.49,791.97,792.05,286.223
1791187500000,792.06,792.37,792.03,792.37,125.114
1791187560000,792.37,792.72,792.35,792.49,134.138
1791187620000,792.49,793.01,792.35,792.71,321.973
1791187680000,792.72,793.14,792.72,793.1,194.884
1791187740000,793.1,793.27,792.98,793.05,130.652
1791187800000,793.05,793.1,792.59,792.71,144.873
1791187860000,792.7,792.77,792.47,792.76,147.118
1791187920000,792.76,792.77,792.4,792.41,122.201
1791187980000,792.42,792.55,792.38,792.39,62.365
1791188040000,792.39,792.7,792.2,792.7,83.927
1791188100000,792.69,792.69,792.2,792.21,53.927
1791188160000,792.21,792.45,792.1,792.3,104.0
1791188220000,792.3,792.3,792.0,792.0,71.034
1791188280000,792.01,792.01,791.37,791.63,517.54
1791188340000,791.63,791.63,791.35,791.42,57.102
1791188400000,791.43,791.43,791.31,791.33,150.821
1791188460000,791.33,791.49,791.33,791.49,55.847
1791188520000,791.5,792.32,791.5,792.02,101.99
1791188580000,792.03,792.03,791.52,791.59,81.957
1791188640000,791.59,791.66,791.58,791.66,82.394
1791188700000,791.65,791.65,791.03,791.38,122.453
1791188760000,791.37,791.38,791.14,791.34,82.887
1791188820000,791.34,791.57,791.33,791.56,62.97
1791188880000,791.56,791.66,791.37,791.48,123.079
1791188940000,791.47,791.48,791.29,791.43,209.711
1791189000000,791.44,791.66,791.39,791.54,155.613
1791189060000,791.53,791.54,791.33,791.33,55.104
1791189120000,791.33,791.34,791.0,791.12,168.113
1791189180000,791.12,791.22,790.87,791.14,130.918
1791189240000,791.13,791.14,790.65,790.87,242.677
1791189300000,790.88,791.15,790.88,790.97,75.05
1791189360000,790.97,790.98,790.24,790.24,133.764
1791189420000,790.25,790.83,790.1,790.67,184.894
1791189480000,790.66,790.66,790.34,790.62,96.179
1791189540000,790.62,790.62,790.24,790.24,81.601
1791189600000,790.24,790.32,789.93,789.94,144.918
1791189660000,789.94,789.99,789.7,789.7,193.18
1791189720000,789.71,789.82,789.42,789.44,310.865
1791189780000,789.43,789.63,788.45,789.35,868.904
1791189840000,789.35,789.4,789.0,789.13,100.214
1791189900000,789.13,789.13,788.41,788.42,201.262
1791189960000,788.42,788.58,788.0,788.0,256.358
1791190020000,788.01,788.23,787.56,788.11,150.886
1791190080000,788.1,788.52,787.72,788.52,139.652
1791190140000,788.52,789.74,788.47,789.05,475.759
1791190200000,789.05,789.05,788.5,788.89,76.26
1791190260000,788.89,789.28,788.89,789.21,97.36
1791190320000,789.2,789.34,789.16,789.18,50.086
1791190380000,789.18,789.2,788.56,788.6,72.59
1791190440000,788.61,788.88,788.6,788.61,78.284
1791190500000,788.6,788.72,788.57,788.65,81.221
1791190560000,788.65,788.67,788.16,788.32,220.867
1791190620000,788.32,788.51,788.3,788.51,83.52
1791190680000,788.51,788.56,788.4,788.53,60.792
