open_time_ms,open,high,low,close,volume
1789390800000,720.17,720.21,717.15,719.01,2137.035
1789391700000,719.01,720.48,719.0,720.13,1669.298
1789392600000,720.13,722.97,719.41,721.54,3271.836
1789393500000,721.54,723.44,720.08,720.68,2775.498
1789394400000,720.69,723.46,720.62,722.7,2863.246
1789395300000,722.71,723.54,719.75,721.57,3437.878
1789396200000,721.57,723.99,720.84,721.47,2056.413
1789397100000,721.47,722.9,721.1,721.58,1210.818
1789398000000,721.59,722.1,720.01,721.8,1297.805
1789398900000,721.8,722.65,721.16,721.49,1460.549
1789399800000,721.48,722.94,719.06,722.63,4103.556
1789400700000,722.64,723.11,721.48,722.44,1532.634
1789401600000,722.45,723.28,722.05,722.9,951.61
1789402500000,722.89,725.87,722.89,723.91,2935.335
1789403400000,723.9,724.5,723.48,723.87,1170.515
1789404300000,723.87,726.5,723.87,724.8,3279.458
1789405200000,724.81,725.09,723.75,725.05,1343.669
1789406100000,725.04,725.82,724.23,725.06,1553.359
1789407000000,725.05,725.17,723.8,724.89,999.159
1789407900000,724.89,727.12,724.77,726.23,1806.031
1789408800000,726.23,727.0,725.87,726.08,1260.972
1789409700000,726.09,727.7,725.91,727.52,1578.238
1789410600000,727.52,727.93,726.64,727.59,1184.705
1789411500000,727.58,728.44,726.99,727.21,1333.906
1789412400000,727.21,727.21,725.8,725.94,1716.16
1789413300000,725.94,726.98,725.8,726.05,901.328
1789414200000,726.04,726.51,725.19,726.51,854.733
1789415100000,726.5,726.96,724.83,725.34,770.721
1789416000000,725.35,729.73,725.35,728.56,1558.06
1789416900000,728.56,733.75,728.56,731.59,5058.764
1789417800000,731.6,731.98,729.36,729.62,1402.486
1789418700000,729.63,730.23,726.68,726.93,1131.105
1789419600000,726.94,727.01,723.68,724.09,2116.717
1789420500000,724.09,725.63,723.7,724.26,1375.567
1789421400000,724.27,724.79,723.21,723.81,868.65
1789422300000,723.82,724.14,723.3,723.57,602.992
1789423200000,723.57,724.84,722.58,724.46,1276.58
1789424100000,724.47,724.56,722.72,723.4,1092.728
1789425000000,723.39,724.15,722.55,724.06,923.041
1789425900000,724.05,724.05,717.13,722.6,7356.645
1789426800000,722.61,722.75,719.93,721.3,1588.162
1789427700000,721.3,722.62,721.25,722.02,1012.312
1789428600000,722.03,722.03,720.89,721.38,412.879
1789429500000,721.38,721.38,719.01,720.42,859.777
1789430400000,720.43,720.53,719.25,719.42,1145.41
1789431300000,719.42,720.1,719.32,719.57,1000.959
1789432200000,719.58,719.58,718.78,719.26,672.988
1789433100000,719.25,719.88,718.88,719.35,716.822
1789434000000,719.35,719.59,718.26,719.51,1038.681
1789434900000,719.51,721.14,719.21,719.45,1068.725
1789435800000,719.45,720.58,719.25,720.58,650.591
1789436700000,720.58,721.42,720.01,720.32,596.284
1789437600000,720.32,721.2,720.04,720.71,561.095
1789438500000,720.72,721.49,720.45,720.63,693.956
1789439400000,720.63,720.73,719.79,720.6,831.57
1789440300000,720.6,722.39,720.27,721.88,1322.22
1789441200000,721.88,721.88,719.58,719.73,1491.299
1789442100000,719.73,721.73,719.3,721.25,1044.69
1789443000000,721.22,722.46,721.22,722.29,528.425
1789443900000,722.29,722.53,720.95,721.37,634.24
1789444800000,721.38,721.68,720.67,720.68,689.7
1789445700000,720.67,721.69,719.88,720.32,802.002
1789446600000,720.31,720.85,719.99,720.78,1120.849
1789447500000,720.79,721.01,720.52,720.59,464.721
1789448400000,720.59,721.37,718.66,719.31,1226.737
1789449300000,719.31,720.06,718.0,719.86,1293.933
1789450200000,719.86,720.52,719.48,720.38,406.097
1789451100000,720.38,722.14,720.36,721.48,736.649
1789452000000,721.48,723.5,721.47,721.81,798.317
1789452900000,721.81,721.81,719.41,719.55,603.556
1789453800000,719.55,719.8,718.9,719.44,928.682
1789454700000,719.44,719.55,717.5,718.54,1116.708
1789455600000,718.55,719.08,717.37,717.73,2087.318
1789456500000,717.74,718.31,717.32,718.0,1206.455
1789457400000,717.99,718.0,716.02,716.02,1856.439
1789458300000,716.03,716.76,714.72,715.09,2342.422
1789459200000,715.09,715.58,714.21,715.5,1721.357
1789460100000,715.49,716.51,714.84,716.1,925.543
1789461000000,716.09,716.65,715.35,716.36,996.792
1789461900000,716.35,717.65,716.35,717.61,818.767
1789462800000,717.6,717.61,716.96,717.07,625.158
1789463700000,717.08,717.45,716.85,717.16,428.962
1789464600000,717.16,717.54,716.6,717.53,920.569
1789465500000,717.54,718.5,717.53,717.58,1185.959
1789466400000,717.59,718.5,717.5,718.37,651.298
1789467300000,718.36,719.41,718.12,718.21,838.635
1789468200000,718.2,719.52,717.96,719.5,1553.827
1789469100000,719.5,720.33,719.29,719.44,845.029
1789470000000,719.45,720.39,719.02,719.07,545.765
1789470900000,719.08,719.54,718.1,718.17,580.671
1789471800000,718.17,718.18,717.39,717.95,791.373
1789472700000,717.94,718.96,717.69,718.89,354.817
1789473600000,718.89,719.36,718.06,718.38,886.384
1789474500000,718.37,719.37,718.15,719.08,782.547
1789475400000,719.09,719.23,718.26,719.11,1211.137
1789476300000,719.11,721.48,718.58,720.33,984.365
1789477200000,720.33,722.27,720.15,720.63,1766.589
1789478100000,720.64,721.24,720.33,721.02,796.902
1789479000000,721.02,721.02,715.0,718.11,3487.731
1789479900000,718.11,720.48,716.75,720.31,1865.463
1789480800000,720.32,721.62,718.98,719.78,1865.101
1789481700000,719.79,720.64,718.4,718.75,1391.033
1789482600000,718.75,718.85,714.72,716.19,4650.901
1789483500000,716.19,716.52,711.37,715.52,5509.1
1789484400000,715.53,718.19,714.84,717.49,2630.313
1789485300000,717.49,719.74,717.11,718.83,1833.414
1789486200000,718.84,719.59,717.77,719.18,1144.438
1789487100000,719.17,719.67,718.38,718.61,982.21
1789488000000,718.61,718.74,716.18,716.3,1127.144
1789488900000,716.3,719.67,716.29,719.58,1094.403
1789489800000,719.58,719.8,718.15,718.7,1112.503
1789490700000,718.71,720.8,718.7,719.59,909.413
1789491600000,719.58,719.74,717.46,718.18,639.531
1789492500000,718.18,720.57,717.9,720.51,485.506
1789493400000,720.51,725.0,720.37,721.87,2547.906
1789494300000,721.87,724.54,721.87,723.13,894.692
1789495200000,723.13,724.0,722.53,723.45,1522.387
1789496100000,723.43,725.32,720.9,722.79,3750.668
1789497000000,722.8,723.05,714.16,714.49,6980.868
1789497900000,714.47,718.72,707.04,718.17,9450.919
1789498800000,718.19,721.55,717.26,720.43,3809.786
1789499700000,720.4,722.59,719.34,719.7,2087.402
1789500600000,719.7,720.63,717.96,717.96,1620.263
1789501500000,717.96,719.64,717.52,719.57,532.615
1789502400000,719.58,720.51,716.31,717.05,1304.199
1789503300000,717.06,717.09,714.28,714.29,1425.275
1789504200000,714.29,715.1,712.28,714.82,1445.063
1789505100000,714.82,716.73,714.82,715.12,839.849
1789506000000,715.13,715.73,713.57,714.66,986.711
1789506900000,714.66,715.09,712.14,712.39,907.812
1789507800000,712.38,713.94,711.93,713.74,638.156
1789508700000,713.74,713.83,710.66,711.2,750.347
1789509600000,711.2,712.95,710.24,710.56,1455.504
1789510500000,710.56,712.36,708.76,711.9,1445.728
1789511400000,711.9,713.53,711.85,713.02,762.778
1789512300000,713.0,714.59,712.85,713.4,620.462
1789513200000,713.4,715.41,713.28,715.31,452.91
1789514100000,715.31,715.48,714.0,714.07,873.211
1789515000000,714.06,714.06,711.9,712.83,1081.422
1789515900000,712.82,713.42,712.03,712.06,652.549
1789516800000,712.07,714.79,711.91,714.56,1287.836
1789517700000,714.56,715.8,714.35,715.76,843.134
1789518600000,715.75,716.0,713.69,713.95,649.094
1789519500000,713.95,714.81,713.43,713.98,791.882
1789520400000,713.98,714.98,713.06,713.83,534.585
1789521300000,713.83,714.8,713.45,714.16,1701.798
1789522200000,714.15,714.15,710.28,711.21,1106.963
1789523100000,711.2,711.69,708.38,708.9,1467.775
1789524000000,708.91,710.71,708.28,710.05,2683.553
1789524900000,710.04,712.61,710.04,712.61,771.116
1789525800000,712.62,714.94,712.62,714.05,995.257
1789526700000,714.05,714.35,711.82,712.86,971.219
1789527600000,712.86,715.0,712.8,714.95,884.389
1789528500000,714.96,715.76,714.38,714.43,1229.326
1789529400000,714.42,714.76,713.17,713.92,585.423
1789530300000,713.92,714.28,713.47,714.2,343.006
1789531200000,714.2,715.67,714.19,714.87,753.511
1789532100000,714.87,716.24,714.46,714.47,709.59
1789533000000,714.5,716.16,713.94,715.3,842.934
1789533900000,715.3,715.74,714.75,715.3,976.524
1789534800000,715.3,715.56,713.15,714.5,613.889
1789535700000,714.51,715.56,714.15,714.44,621.428
1789536600000,714.45,715.78,713.84,715.38,625.246
1789537500000,715.38,715.75,714.56,715.27,690.096
1789538400000,715.27,715.73,714.25,714.26,715.652
1789539300000,714.25,714.5,713.47,713.68,470.021
1789540200000,713.67,713.72,711.86,712.48,950.072
1789541100000,712.47,714.38,712.47,714.31,521.247
1789542000000,714.31,714.95,712.12,712.64,1299.705
1789542900000,712.64,713.4,712.19,712.3,1305.73
1789543800000,712.3,712.57,709.55,709.96,4309.069
1789544700000,709.96,710.63,709.35,709.71,1455.532
1789545600000,709.7,709.71,706.66,707.18,2576.448
1789546500000,707.18,707.87,704.29,705.09,3946.0
1789547400000,705.09,706.57,704.8,706.0,2099.581
1789548300000,706.0,707.6,705.69,707.18,1517.241
1789549200000,707.18,708.85,707.02,708.69,1464.793
1789550100000,708.69,710.72,708.04,710.18,1323.096
1789551000000,710.19,710.64,709.28,710.48,1144.282
1789551900000,710.47,711.06,710.05,710.76,794.236
1789552800000,710.76,711.4,710.52,710.86,966.522
1789553700000,710.87,711.8,710.85,711.6,868.474
1789554600000,711.6,712.0,711.07,711.8,615.364
1789555500000,711.81,711.95,711.16,711.55,552.405
1789556400000,711.55,712.32,711.2,711.41,653.751
1789557300000,711.41,713.0,711.24,712.57,813.752
1789558200000,712.57,715.93,712.57,715.7,1998.375
1789559100000,715.69,715.82,714.28,714.48,1023.943
1789560000000,714.49,714.69,712.97,713.35,1102.748
1789560900000,713.34,714.21,713.05,713.38,1079.511
1789561800000,713.38,713.79,712.08,713.15,757.68
1789562700000,713.15,713.87,712.05,712.9,899.693
1789563600000,712.9,712.92,710.66,712.1,942.031
1789564500000,712.1,712.89,711.64,712.18,761.37
1789565400000,712.17,712.52,710.02,712.0,1539.889
1789566300000,711.99,713.32,711.11,711.34,1261.47
1789567200000,711.35,711.35,709.19,710.09,1375.492
1789568100000,710.08,712.03,710.04,712.01,1105.218
1789569000000,712.01,712.02,709.85,711.01,1406.859
1789569900000,711.02,711.02,708.32,709.71,1056.879
1789570800000,709.71,711.56,709.47,711.22,1288.695
1789571700000,711.22,711.92,709.75,709.83,1464.649
1789572600000,709.82,712.08,708.91,711.63,924.781
1789573500000,711.64,713.8,711.37,711.66,1328.822
1789574400000,711.71,712.91,710.72,712.61,882.896
1789575300000,712.61,713.69,712.36,712.86,761.839
1789576200000,712.86,713.43,711.75,711.81,614.437
1789577100000,711.81,714.06,711.81,713.4,665.189
1789578000000,713.39,713.43,712.27,713.31,597.26
1789578900000,713.31,713.87,712.61,713.52,664.751
1789579800000,713.53,713.53,710.44,711.28,920.796
1789580700000,711.29,714.42,708.88,713.34,2490.202
1789581600000,713.39,721.43,710.85,715.69,10212.998
1789582500000,715.69,719.05,715.36,718.72,2034.138
1789583400000,718.78,721.28,710.8,718.63,5015.343
1789584300000,718.62,719.18,714.45,715.68,2227.235
1789585200000,715.7,719.94,715.7,717.63,2157.689
1789586100000,717.63,718.28,712.76,714.92,2355.472
1789587000000,714.92,718.72,714.27,718.68,2046.077
1789587900000,718.68,720.22,718.68,719.32,1069.354
1789588800000,719.33,721.93,719.07,719.81,2423.429
1789589700000,719.82,721.54,718.99,720.04,810.718
1789590600000,720.04,721.2,719.06,719.38,688.162
1789591500000,719.37,720.75,719.14,720.61,640.906
1789592400000,720.61,721.06,720.09,720.36,330.735
1789593300000,720.37,721.08,719.95,720.41,462.504
1789594200000,720.41,721.01,719.68,720.15,477.536
1789595100000,720.15,721.0,720.11,720.88,318.453
1789596000000,720.88,721.18,718.2,719.91,1070.53
1789596900000,719.92,720.8,718.68,719.33,743.209
1789597800000,719.33,719.76,718.89,719.76,222.882
1789598700000,719.75,719.89,718.24,718.92,757.882
1789599600000,718.92,720.32,718.38,720.31,764.056
1789600500000,720.32,724.26,720.32,723.85,2315.191
1789601400000,723.85,726.5,723.78,726.24,2818.1
1789602300000,726.24,726.77,725.02,725.92,2048.578
1789603200000,725.92,726.87,725.49,725.91,1741.394
1789604100000,725.9,729.0,725.76,728.3,2872.316
1789605000000,728.31,728.96,726.23,726.24,2973.264
1789605900000,726.24,726.41,724.34,724.34,1150.393
1789606800000,724.35,725.12,723.24,724.99,1033.515
1789607700000,724.99,728.55,724.74,728.28,1973.998
1789608600000,728.29,729.22,726.29,726.98,2132.29
1789609500000,726.97,727.42,725.51,725.54,1407.523
1789610400000,725.54,725.89,722.98,723.7,1385.499
1789611300000,723.71,724.0,722.51,723.64,864.432
1789612200000,723.65,725.5,722.92,725.02,1686.561
1789613100000,725.01,725.02,723.51,723.81,793.053
1789614000000,723.81,726.01,723.8,725.35,1113.356
1789614900000,725.34,726.44,724.89,726.43,937.205
1789615800000,726.43,726.54,725.37,725.94,1004.253
1789616700000,725.94,726.15,725.31,725.54,815.294
1789617600000,725.55,725.64,724.48,724.82,548.993
1789618500000,724.83,724.83,722.53,723.21,1229.181
1789619400000,723.22,725.06,722.66,724.41,578.747
1789620300000,724.41,725.76,724.28,725.76,853.782
1789621200000,725.76,726.92,725.69,726.09,1169.528
1789622100000,726.1,726.77,725.74,725.94,719.573
1789623000000,725.94,726.3,725.0,725.15,715.957
1789623900000,725.16,726.07,724.83,724.98,863.018
1789624800000,724.98,726.34,724.76,725.65,867.368
1789625700000,725.66,725.66,724.06,724.9,749.307
1789626600000,724.91,726.34,724.88,725.95,1424.936
1789627500000,725.95,726.45,725.38,725.78,544.594
1789628400000,725.79,727.35,725.62,726.2,1397.126
1789629300000,726.19,727.09,725.88,725.98,1513.65
1789630200000,725.99,726.58,725.32,725.32,1507.284
1789631100000,725.32,725.43,724.08,724.38,1082.086
1789632000000,724.38,725.36,724.37,724.87,911.578
1789632900000,724.87,725.47,724.49,724.56,953.99
1789633800000,724.56,725.99,724.2,725.89,1008.924
1789634700000,725.88,726.8,725.74,726.11,974.73
1789635600000,726.12,727.4,725.99,726.9,1511.981
1789636500000,726.86,727.27,726.47,726.47,989.538
1789637400000,726.48,727.17,726.11,726.2,1032.728
1789638300000,726.21,726.71,725.17,725.5,1490.717
1789639200000,725.51,725.62,724.27,724.43,1157.024
1789640100000,724.44,724.44,722.8,723.06,1294.345
1789641000000,723.06,723.69,722.63,722.86,976.899
1789641900000,722.87,723.71,722.5,723.61,1072.498
1789642800000,723.62,723.98,722.89,723.49,1009.451
1789643700000,723.49,723.59,722.26,722.64,753.869
1789644600000,722.64,722.65,720.89,720.89,888.163
1789645500000,720.9,724.56,720.89,724.56,1196.979
1789646400000,724.56,728.49,724.27,728.21,2078.017
1789647300000,728.22,732.54,728.22,731.09,4021.466
1789648200000,731.08,731.98,728.49,728.49,2830.622
1789649100000,728.5,729.43,727.96,728.82,1624.291
1789650000000,728.83,730.31,727.48,727.77,2047.193
1789650900000,727.77,728.56,727.28,727.45,1686.388
1789651800000,727.46,728.1,723.42,724.41,3095.222
1789652700000,724.41,727.41,723.77,727.32,2347.209
1789653600000,727.33,729.39,724.66,729.24,3732.396
1789654500000,729.24,729.69,726.74,729.09,2987.657
1789655400000,729.09,729.33,726.32,726.39,3048.004
1789656300000,726.4,727.27,725.71,725.86,1514.217
1789657200000,725.86,725.92,724.62,725.46,1219.675
1789658100000,725.46,726.57,725.08,725.91,765.111
1789659000000,725.9,728.9,725.85,728.19,1321.789
1789659900000,728.19,728.25,727.04,727.87,926.487
1789660800000,727.87,728.05,727.04,727.68,966.899
1789661700000,727.68,728.0,727.04,727.28,638.706
1789662600000,727.27,728.22,726.21,727.8,919.784
1789663500000,727.8,728.77,727.17,728.75,1511.528
1789664400000,728.75,730.05,728.53,729.46,921.093
1789665300000,729.46,730.45,728.95,730.13,1134.64
1789666200000,730.13,730.2,729.05,729.05,890.638
1789667100000,729.05,729.39,728.38,729.16,997.775
1789668000000,729.16,729.49,728.92,729.38,399.98
1789668900000,729.38,729.6,728.8,728.85,292.776
1789669800000,728.85,729.12,727.43,728.13,612.998
1789670700000,728.13,728.59,727.78,728.05,857.028
1789671600000,728.05,729.17,727.97,729.09,577.946
1789672500000,729.09,730.2,728.3,729.76,885.611
1789673400000,729.77,731.54,729.63,731.34,1561.501
1789674300000,731.33,733.63,730.37,732.58,3882.354
1789675200000,732.58,733.36,731.69,733.36,508.987
1789676100000,733.35,736.49,732.97,734.91,2497.618
1789677000000,734.91,735.85,733.75,734.07,1220.531
1789677900000,734.06,735.03,733.76,734.78,766.564
1789678800000,734.78,735.62,733.85,733.92,639.334
1789679700000,733.92,735.0,733.84,734.49,500.391
1789680600000,734.48,734.81,734.28,734.34,483.995
1789681500000,734.34,734.58,733.68,733.88,412.158
1789682400000,733.88,735.0,733.55,734.15,1864.098
1789683300000,734.16,734.66,733.56,733.73,820.416
1789684200000,733.73,735.62,733.69,735.09,1095.14
1789685100000,735.09,735.68,734.57,735.66,817.074
1789686000000,735.67,736.85,735.35,736.49,888.69
1789686900000,736.49,737.65,735.76,736.97,1641.933
1789687800000,736.96,737.5,736.63,737.5,2572.699
1789688700000,737.5,739.49,737.49,738.36,2459.036
1789689600000,738.36,739.81,737.42,737.96,2901.026
1789690500000,737.96,738.34,735.22,735.57,1289.011
1789691400000,735.57,737.12,735.35,735.85,1089.172
1789692300000,735.86,738.25,735.46,737.87,749.379
1789693200000,737.88,741.56,737.34,741.28,2088.893
1789694100000,741.28,742.0,740.11,741.62,1717.046
1789695000000,741.62,744.14,741.47,743.32,3702.658
1789695900000,743.31,744.44,743.0,743.5,2020.802
1789696800000,743.51,746.53,743.34,745.53,3150.605
1789697700000,745.54,749.57,745.29,749.57,3489.943
1789698600000,749.57,752.24,748.28,748.76,5183.022
1789699500000,748.76,749.4,747.02,748.63,2874.704
1789700400000,748.64,751.99,747.41,751.27,3552.215
1789701300000,751.28,754.0,749.75,750.64,2763.628
1789702200000,750.65,751.49,749.65,750.53,1555.608
1789703100000,750.53,752.67,750.5,751.31,2126.703
1789704000000,751.32,752.24,748.95,749.63,1586.611
1789704900000,749.64,750.8,749.09,750.77,2869.642
1789705800000,750.78,752.84,749.34,752.62,3167.483
1789706700000,752.63,752.85,751.64,751.68,1093.805
1789707600000,751.69,754.0,750.83,753.59,1946.373
1789708500000,753.58,754.53,751.08,752.82,2431.88
1789709400000,752.83,754.4,752.36,753.49,1305.837
1789710300000,753.49,753.59,750.27,752.37,3038.193
1789711200000,752.37,755.25,752.37,753.41,2643.084
1789712100000,753.41,754.26,752.69,752.72,2224.056
1789713000000,752.73,753.54,751.98,753.19,1555.537
1789713900000,753.18,755.22,752.74,755.05,1677.139
1789714800000,755.06,756.32,754.12,755.83,2407.568
1789715700000,755.82,759.31,755.05,755.14,6916.333
1789716600000,755.14,758.85,755.03,755.84,5333.922
1789717500000,755.84,755.85,753.06,753.11,4279.758
1789718400000,753.12,754.76,751.4,752.85,2678.454
1789719300000,752.84,754.78,752.21,753.6,1919.881
1789720200000,753.6,754.46,753.06,753.4,1490.583
1789721100000,753.39,755.05,753.09,755.05,2868.129
1789722000000,755.04,755.98,753.55,754.63,2165.416
1789722900000,754.63,755.34,752.3,752.47,3088.402
1789723800000,752.46,752.47,750.02,750.53,4613.94
1789724700000,750.53,752.09,750.48,751.39,3276.541
1789725600000,751.39,751.58,749.42,751.02,4987.988
1789726500000,751.02,751.89,750.26,751.88,2506.778
1789727400000,751.88,752.88,751.55,752.32,1238.137
1789728300000,752.31,753.49,752.15,752.59,1468.352
1789729200000,752.59,753.98,748.97,749.9,2239.554
1789730100000,749.9,751.12,749.36,750.37,1640.098
1789731000000,750.36,751.41,749.12,749.28,1189.955
1789731900000,749.29,750.39,748.79,749.27,800.257
1789732800000,749.28,749.94,746.63,747.18,1588.27
1789733700000,747.15,747.49,745.06,745.36,1223.698
1789734600000,745.36,747.36,745.0,746.24,1501.815
1789735500000,746.23,746.64,745.77,746.39,1961.49
1789736400000,746.39,747.6,745.92,747.6,2583.271
1789737300000,747.6,751.24,747.44,751.24,3380.194
1789738200000,751.24,758.0,751.0,757.89,6919.274
1789739100000,757.88,762.52,756.62,758.56,8975.181
1789740000000,758.56,760.0,755.21,757.63,4833.356
1789740900000,757.63,761.72,757.63,759.28,3064.804
1789741800000,759.29,759.83,757.16,759.63,3688.517
1789742700000,759.63,761.71,758.84,760.55,2854.901
1789743600000,760.55,760.69,755.06,757.1,3980.648
1789744500000,757.09,760.75,757.05,758.71,3058.776
1789745400000,758.71,758.81,755.48,755.49,2935.072
1789746300000,755.49,757.35,753.82,757.06,3083.178
1789747200000,757.07,760.8,756.13,760.33,2762.368
1789748100000,760.34,760.99,758.54,759.65,2442.601
1789749000000,759.66,761.42,759.11,760.3,4341.11
1789749900000,760.29,760.29,757.72,758.62,1498.258
1789750800000,758.62,758.68,757.05,758.14,1260.207
1789751700000,758.14,759.68,756.9,758.69,1128.779
1789752600000,758.69,759.17,757.66,759.16,1232.538
1789753500000,759.16,761.76,759.16,761.7,1497.243
1789754400000,761.7,762.62,760.93,762.21,1599.706
1789755300000,762.2,762.79,761.43,762.78,1079.775
1789756200000,762.78,765.04,762.16,763.4,4248.659
1789757100000,763.4,764.85,763.33,764.5,1778.507
1789758000000,764.51,768.52,764.4,767.24,2726.359
1789758900000,767.23,768.92,766.15,767.36,2477.81
1789759800000,767.36,767.84,766.07,767.64,1378.11
1789760700000,767.65,768.03,765.96,766.46,1013.039
1789761600000,766.46,766.7,764.0,764.56,1130.69
1789762500000,764.56,765.32,763.37,763.62,894.932
1789763400000,763.62,765.24,763.16,764.95,579.909
1789764300000,764.95,765.36,763.49,763.71,1175.727
1789765200000,763.71,765.24,763.58,764.92,615.676
1789766100000,764.93,764.99,763.4,764.15,1120.119
1789767000000,764.15,765.2,763.56,764.9,643.704
1789767900000,764.9,764.9,763.87,763.99,435.122
1789768800000,764.0,764.58,762.65,763.76,2122.735
1789769700000,763.76,764.9,763.51,763.51,1177.513
1789770600000,763.51,763.52,761.67,762.82,928.406
1789771500000,762.81,764.1,762.57,764.1,991.693
1789772400000,764.1,764.86,762.7,763.57,1169.725
1789773300000,763.57,763.73,762.3,762.43,685.422
1789774200000,762.42,762.66,761.34,761.67,834.889
1789775100000,761.68,762.0,760.76,761.31,858.713
1789776000000,761.32,761.63,759.85,761.5,1674.005
1789776900000,761.49,762.3,761.0,761.86,1389.131
1789777800000,761.87,764.4,761.61,764.17,1543.322
1789778700000,764.19,764.5,763.29,764.18,1357.158
1789779600000,764.19,764.45,761.17,761.63,2067.167
1789780500000,761.63,763.77,759.92,762.92,1124.362
1789781400000,762.93,763.08,759.77,761.75,1287.077
1789782300000,761.76,763.9,761.76,762.57,1522.851
1789783200000,762.6,764.38,762.3,763.62,532.257
1789784100000,763.62,764.61,762.95,763.23,1290.599
1789785000000,763.23,763.91,762.41,762.41,805.87
1789785900000,762.4,762.4,761.41,762.0,624.876
1789786800000,762.0,762.91,761.8,762.17,800.99
1789787700000,762.17,762.19,760.02,760.31,969.755
1789788600000,760.31,760.31,758.85,759.84,1583.629
1789789500000,759.83,760.43,759.38,759.55,1237.418
1789790400000,759.55,764.37,759.54,764.36,1580.625
1789791300000,764.37,768.0,763.56,763.95,3393.7
1789792200000,763.96,763.96,760.74,761.07,2499.209
1789793100000,761.07,761.32,759.81,760.39,2512.692
1789794000000,760.39,762.3,760.31,761.76,674.411
1789794900000,761.76,764.68,761.01,762.85,1438.915
1789795800000,762.85,764.7,762.52,762.62,1200.317
1789796700000,762.63,764.5,762.63,763.89,775.503
1789797600000,763.9,764.48,762.48,763.01,647.499
1789798500000,763.01,764.22,761.19,762.45,896.691
1789799400000,762.46,764.59,762.46,762.83,804.244
1789800300000,762.81,762.98,761.32,761.95,1195.284
1789801200000,761.95,762.77,761.32,762.66,770.598
1789802100000,762.65,762.97,761.36,761.75,488.302
1789803000000,761.75,762.19,760.03,760.51,1063.562
1789803900000,760.51,761.61,760.23,760.91,1563.521
1789804800000,760.92,762.52,760.26,762.51,898.063
1789805700000,762.52,765.0,762.46,763.46,1307.158
1789806600000,763.46,765.22,763.3,764.93,1113.044
1789807500000,764.92,766.92,764.63,765.99,1702.371
1789808400000,765.98,770.0,765.98,767.4,3141.05
1789809300000,767.39,768.73,764.8,765.37,1567.099
1789810200000,765.37,766.28,764.34,766.15,1095.141
1789811100000,766.15,767.69,766.14,766.69,641.05
1789812000000,766.68,767.6,766.63,767.01,583.16
1789812900000,767.02,767.24,766.15,766.83,808.015
1789813800000,766.83,767.1,765.95,766.37,670.191
1789814700000,766.37,766.65,765.06,765.21,808.947
1789815600000,765.22,766.73,765.08,765.16,1169.814
1789816500000,765.16,766.65,764.68,766.03,944.849
1789817400000,766.02,767.01,765.59,766.82,722.652
1789818300000,766.81,768.35,766.78,768.08,841.613
1789819200000,768.08,768.4,767.28,767.97,965.767
1789820100000,767.98,769.0,767.07,768.82,985.558
1789821000000,768.82,769.94,768.04,768.45,1264.146
1789821900000,768.46,773.76,768.32,773.21,3861.869
1789822800000,773.21,773.39,768.67,769.3,3445.214
1789823700000,769.3,771.53,769.1,769.29,1294.131
1789824600000,769.3,771.68,768.42,768.93,2181.663
1789825500000,768.92,770.28,768.56,769.81,714.499
1789826400000,769.81,772.02,769.2,770.52,1782.227
1789827300000,770.52,773.27,770.51,772.75,1229.956
1789828200000,772.74,773.0,769.34,769.78,2551.472
1789829100000,769.78,771.58,769.4,770.03,1770.894
1789830000000,770.03,771.6,769.15,769.69,1155.566
1789830900000,769.7,769.96,767.19,767.26,1139.566
1789831800000,767.27,769.85,767.18,769.34,1129.437
1789832700000,769.34,769.35,766.8,767.03,1219.408
1789833600000,767.04,767.85,764.93,767.35,1510.07
1789834500000,767.35,767.73,766.66,766.85,1255.859
1789835400000,766.85,767.44,766.39,766.57,993.68
1789836300000,766.56,768.63,766.32,768.48,1260.277
1789837200000,768.49,769.01,767.56,767.7,996.621
1789838100000,767.7,768.95,763.1,764.28,2084.027
1789839000000,764.28,765.25,761.66,763.37,1940.836
1789839900000,763.37,764.0,762.56,762.69,959.307
1789840800000,762.7,764.07,762.12,762.36,774.716
1789841700000,762.36,763.12,761.77,762.4,514.911
1789842600000,762.4,763.7,761.34,762.67,631.433
1789843500000,762.68,763.54,762.18,763.39,642.551
1789844400000,763.4,764.16,762.79,763.14,1333.937
1789845300000,763.15,764.1,762.68,763.67,572.82
1789846200000,763.67,763.97,763.17,763.17,251.702
1789847100000,763.18,763.84,763.0,763.08,623.104
1789848000000,763.09,763.44,760.66,762.98,1503.785
1789848900000,762.98,762.98,761.53,761.57,700.377
1789849800000,761.57,762.54,761.57,762.5,438.061
1789850700000,762.49,762.49,761.25,762.13,720.108
1789851600000,762.13,762.64,759.83,759.93,1205.02
1789852500000,759.94,760.48,757.06,759.29,1817.145
1789853400000,759.28,759.37,757.62,758.46,831.383
1789854300000,758.47,759.96,758.45,759.75,410.23
1789855200000,759.76,759.76,757.84,758.4,559.077
1789856100000,758.4,759.5,758.06,759.36,317.809
1789857000000,759.37,761.6,759.31,761.52,574.156
1789857900000,761.53,762.0,760.91,761.7,474.862
1789858800000,761.71,762.54,761.7,762.47,443.702
1789859700000,762.47,763.21,762.0,762.72,716.602
1789860600000,762.72,763.62,762.32,762.48,618.445
1789861500000,762.48,762.72,761.8,762.02,504.769
1789862400000,762.03,762.06,760.91,761.61,638.202
1789863300000,761.61,762.39,761.43,762.09,453.133
1789864200000,762.09,763.33,761.5,763.25,641.217
1789865100000,763.24,763.5,762.57,763.37,480.39
1789866000000,763.38,763.7,761.65,762.16,537.841
1789866900000,762.15,764.28,761.85,761.85,755.671
1789867800000,761.86,761.86,759.29,760.33,1079.155
1789868700000,760.33,761.18,759.55,760.8,585.444
1789869600000,760.8,762.3,760.66,762.3,806.359
1789870500000,762.3,763.01,758.16,759.83,2321.396
1789871400000,759.83,760.38,753.57,753.6,2562.725
1789872300000,753.61,755.62,745.92,747.83,6311.812
1789873200000,747.84,752.2,745.9,748.8,3692.464
1789874100000,748.81,753.09,746.97,751.35,2738.28
1789875000000,751.35,752.09,746.88,748.29,3733.446
1789875900000,748.29,750.76,747.52,750.47,1413.005
1789876800000,750.47,750.68,748.03,748.88,713.147
1789877700000,748.87,749.82,747.07,748.51,849.708
1789878600000,748.51,749.6,748.16,748.18,774.478
1789879500000,748.18,749.51,747.16,749.06,765.695
1789880400000,749.06,751.0,748.72,750.25,2138.524
1789881300000,750.26,750.28,748.72,749.7,1268.704
1789882200000,749.7,750.82,749.09,750.2,1051.629
1789883100000,750.21,751.51,749.88,751.45,1125.98
1789884000000,751.46,752.4,750.4,751.47,1356.006
1789884900000,751.48,753.47,751.38,752.48,1387.311
1789885800000,752.47,753.31,750.0,751.12,1111.761
1789886700000,751.13,752.64,750.45,751.66,847.691
1789887600000,751.66,752.21,750.82,750.88,633.261
1789888500000,750.87,751.18,749.92,750.37,942.377
1789889400000,750.37,750.84,748.23,748.88,1258.971
1789890300000,748.87,748.96,747.92,748.01,964.336
1789891200000,748.01,750.27,747.71,749.24,1256.453
1789892100000,749.23,751.0,748.72,750.19,1891.786
1789893000000,750.18,750.67,749.13,749.45,942.328
1789893900000,749.45,749.73,748.28,748.97,830.18
1789894800000,748.98,750.85,748.86,749.84,1116.014
1789895700000,749.84,751.0,749.49,750.63,853.366
1789896600000,750.62,753.0,750.62,752.43,916.875
1789897500000,752.43,752.65,750.14,750.61,1184.334
1789898400000,750.61,751.43,749.15,750.18,796.937
1789899300000,750.18,751.41,750.06,750.98,439.256
1789900200000,750.97,751.53,748.2,749.51,2072.078
1789901100000,749.51,750.18,748.0,749.03,940.267
1789902000000,749.03,750.55,748.5,749.77,1300.814
1789902900000,749.76,751.74,749.33,751.52,1084.902
1789903800000,751.52,752.74,751.1,751.68,762.971
1789904700000,751.68,753.33,751.41,752.59,703.459
1789905600000,752.6,753.97,752.05,753.73,625.874
1789906500000,753.74,753.77,751.55,751.68,509.186
1789907400000,751.67,752.5,751.1,752.26,648.333
1789908300000,752.26,753.43,751.92,752.56,1111.046
1789909200000,752.56,753.87,752.33,752.77,680.471
1789910100000,752.77,752.77,751.19,751.22,848.746
1789911000000,751.22,751.66,750.43,751.34,1133.225
1789911900000,751.34,751.99,750.86,751.94,504.334
1789912800000,751.94,755.18,751.93,752.91,984.12
1789913700000,752.92,753.28,751.94,753.01,488.02
1789914600000,753.01,754.58,752.83,753.83,1026.069
1789915500000,753.82,754.16,753.16,753.27,777.974
1789916400000,753.28,756.46,753.27,755.29,2079.221
1789917300000,755.29,756.8,754.87,754.91,804.398
1789918200000,754.92,756.61,754.74,756.52,856.417
1789919100000,756.51,757.5,756.32,757.44,784.14
1789920000000,757.44,760.08,756.1,759.51,1928.584
1789920900000,759.52,760.3,758.31,759.9,913.882
1789921800000,759.89,764.99,759.83,763.96,1615.114
1789922700000,763.97,764.3,762.32,763.79,1032.096
1789923600000,763.78,764.3,761.6,762.9,1268.674
1789924500000,762.91,763.63,760.44,760.76,901.195
1789925400000,760.76,766.08,760.7,766.01,1500.673
1789926300000,766.0,766.84,763.56,764.19,2469.615
1789927200000,764.17,766.0,763.95,765.33,1024.859
1789928100000,765.33,769.71,765.19,769.46,2177.951
1789929000000,769.46,771.98,768.8,769.76,2791.471
1789929900000,769.76,770.07,766.25,766.47,2774.051
1789930800000,766.47,768.42,766.47,766.83,839.598
1789931700000,766.84,768.4,766.84,767.71,505.373
1789932600000,767.72,770.2,767.71,769.68,692.173
1789933500000,769.68,770.9,769.05,769.55,807.208
1789934400000,769.56,771.61,768.39,768.55,1027.348
1789935300000,768.55,769.22,766.9,767.61,875.169
1789936200000,767.58,768.76,766.15,768.29,1128.795
1789937100000,768.28,769.18,767.5,768.29,588.003
1789938000000,768.29,768.4,762.54,764.31,1957.686
1789938900000,764.33,766.0,764.33,765.64,802.769
1789939800000,765.64,766.32,764.25,764.25,572.421
1789940700000,764.26,766.0,764.16,765.88,293.801
1789941600000,765.89,770.56,764.8,770.56,1439.946
1789942500000,770.55,770.56,768.58,770.0,806.653
1789943400000,770.0,776.25,769.99,774.1,3995.842
1789944300000,774.11,777.98,773.21,774.32,3037.205
1789945200000,774.32,774.76,772.48,773.46,1288.687
1789946100000,773.46,776.0,772.33,772.61,1151.477
1789947000000,772.62,773.82,772.22,772.79,813.08
1789947900000,772.79,773.39,771.38,772.56,684.21
1789948800000,772.56,778.6,772.29,778.05,2577.62
1789949700000,778.08,780.81,776.31,778.03,5871.868
1789950600000,778.03,780.22,777.34,779.68,2592.61
1789951500000,779.68,782.6,779.49,779.94,2825.815
1789952400000,779.95,783.73,779.49,782.48,6031.21
1789953300000,782.47,784.96,780.13,781.5,3553.123
1789954200000,781.5,783.46,780.46,783.13,1725.493
1789955100000,783.13,783.75,774.0,774.48,4287.048
1789956000000,774.48,779.32,773.47,778.7,2889.123
1789956900000,778.69,781.36,777.69,780.68,1611.051
1789957800000,780.67,783.37,778.66,781.54,3700.492
1789958700000,781.53,782.54,777.21,777.63,3320.389
1789959600000,777.63,779.81,775.95,776.63,2507.415
1789960500000,776.63,778.94,776.63,777.6,2210.853
1789961400000,777.61,778.59,776.37,776.96,1859.633
1789962300000,776.95,777.89,776.12,776.88,1681.194
1789963200000,776.88,777.61,774.47,774.73,2057.194
1789964100000,774.74,775.36,773.63,773.65,2289.971
1789965000000,773.64,774.56,772.12,774.42,2034.932
1789965900000,774.43,776.16,773.39,773.6,1702.354
1789966800000,773.6,773.96,770.8,771.12,2060.927
1789967700000,771.13,775.32,771.12,774.64,1736.776
1789968600000,774.65,775.31,772.63,772.96,2079.831
1789969500000,772.96,773.55,772.16,772.77,1314.141
1789970400000,772.77,773.4,771.0,771.6,1433.335
1789971300000,771.61,774.83,771.61,773.88,1362.349
1789972200000,773.89,774.87,771.01,771.02,1431.314
1789973100000,771.02,773.5,771.0,772.41,1807.202
1789974000000,772.41,773.38,770.8,771.82,1689.08
1789974900000,771.81,773.78,771.31,771.55,1992.592
1789975800000,771.55,771.6,766.01,767.21,6046.049
1789976700000,767.21,768.72,766.93,768.71,2260.819
1789977600000,768.72,771.46,768.42,770.82,2565.505
1789978500000,770.81,774.76,770.3,774.4,2818.989
1789979400000,774.4,782.49,773.86,779.74,8833.093
1789980300000,779.73,783.0,777.92,781.58,6561.474
1789981200000,781.58,781.8,779.57,780.34,5648.711
1789982100000,780.33,784.69,780.03,783.8,5211.96
1789983000000,783.79,786.8,781.21,785.14,12135.137
1789983900000,785.14,785.25,780.44,783.99,5269.117
1789984800000,784.0,786.46,783.0,785.21,5002.085
1789985700000,785.22,786.23,784.35,784.51,2514.477
1789986600000,784.52,784.78,782.68,784.09,1691.293
1789987500000,784.09,785.13,782.0,785.01,1891.846
1789988400000,785.0,787.9,784.22,787.78,2340.811
1789989300000,787.79,789.7,787.15,788.65,4165.58
1789990200000,788.66,794.13,788.51,792.84,6170.353
1789991100000,792.83,792.92,789.32,790.61,2768.724
1789992000000,790.6,791.73,788.7,789.64,2328.541
1789992900000,789.65,791.89,787.68,788.21,2899.052
1789993800000,788.21,790.75,788.11,789.38,2553.642
1789994700000,789.38,791.21,788.31,790.5,2247.254
1789995600000,790.49,792.12,789.6,791.05,1976.885
1789996500000,791.05,791.32,787.24,788.11,2209.717
1789997400000,788.11,790.04,785.95,787.19,3369.302
1789998300000,787.19,796.3,786.95,794.32,5499.401
1789999200000,794.32,799.36,791.69,792.93,9971.258
1790000100000,792.94,799.27,792.63,797.61,5899.693
1790001000000,797.61,798.08,793.03,795.76,4170.644
1790001900000,795.78,799.28,795.45,797.37,4092.268
1790002800000,797.38,807.49,797.27,807.08,16093.412
1790003700000,807.08,807.09,799.48,800.0,7519.591
1790004600000,800.0,804.72,799.99,804.7,3379.589
1790005500000,804.7,805.95,802.84,803.08,3122.956
1790006400000,803.07,803.35,798.35,800.49,3241.153
1790007300000,800.5,803.6,796.4,798.56,3452.948
1790008200000,798.56,800.0,794.63,798.11,3189.242
1790009100000,798.11,800.17,797.95,798.2,1490.838
1790010000000,798.2,799.56,795.91,795.92,1688.239
1790010900000,795.91,796.55,794.41,795.51,1479.822
1790011800000,795.51,797.46,794.85,796.55,1718.651
1790012700000,796.55,796.55,793.22,796.07,1848.308
1790013600000,796.07,800.44,794.89,800.21,1940.766
1790014500000,800.21,800.5,798.85,799.63,1573.658
1790015400000,799.63,800.16,798.36,799.21,916.661
1790016300000,799.21,801.48,798.85,801.12,1079.554
1790017200000,801.09,801.54,799.73,800.98,1818.607
1790018100000,800.97,801.59,798.6,799.79,917.117
1790019000000,799.79,802.02,798.75,799.89,2005.812
1790019900000,799.9,800.26,798.73,799.89,748.697
1790020800000,799.9,802.1,799.65,801.99,1274.769
1790021700000,801.99,806.56,801.55,805.61,2592.532
1790022600000,805.6,805.6,802.8,803.27,1345.058
1790023500000,803.26,805.34,802.89,805.25,925.421
1790024400000,805.25,805.26,802.26,802.73,2145.724
1790025300000,802.74,804.42,802.04,804.01,1244.766
1790026200000,804.0,807.11,804.0,806.12,2069.655
1790027100000,806.13,806.17,804.11,804.27,1180.024
1790028000000,804.27,806.61,804.25,805.63,1757.899
1790028900000,805.64,807.29,799.08,801.52,4201.816
1790029800000,801.53,802.89,800.01,800.35,1534.809
1790030700000,800.35,801.41,798.86,801.32,2052.116
1790031600000,801.32,803.49,800.86,802.74,766.534
1790032500000,802.7,803.48,799.38,799.63,1046.086
1790033400000,799.64,799.82,797.66,798.91,1377.164
1790034300000,798.92,799.82,798.0,799.41,1058.038
1790035200000,799.41,799.5,797.35,799.36,1917.407
1790036100000,799.37,800.0,797.73,798.72,1180.639
1790037000000,798.72,802.37,797.0,799.55,4776.498
1790037900000,799.55,800.0,793.84,794.35,2291.095
1790038800000,794.35,794.8,790.97,792.72,4477.729
1790039700000,792.71,794.96,790.01,794.96,1677.688
1790040600000,794.96,796.09,782.75,788.37,18657.099
1790041500000,788.38,790.19,787.9,789.41,2324.03
1790042400000,789.4,790.3,787.34,788.26,2882.919
1790043300000,788.27,791.19,787.72,790.6,1753.72
1790044200000,790.6,792.36,789.13,791.67,2018.463
1790045100000,791.66,793.2,789.58,790.94,2483.394
1790046000000,790.94,791.47,788.3,789.72,1308.163
1790046900000,789.71,792.15,788.49,791.85,1105.128
1790047800000,791.84,791.88,788.61,788.99,775.599
1790048700000,788.98,789.86,787.8,789.16,1208.523
1790049600000,789.16,790.47,788.48,788.49,1227.967
1790050500000,788.48,788.77,787.69,788.18,1112.804
1790051400000,788.18,788.74,787.1,787.64,2378.148
1790052300000,787.65,787.86,785.39,787.3,2599.604
1790053200000,787.31,787.77,785.67,786.66,2106.522
1790054100000,786.67,786.98,783.25,784.68,3166.138
1790055000000,784.67,786.95,783.25,786.77,3541.862
1790055900000,786.77,789.0,786.77,787.43,1866.469
1790056800000,787.43,788.04,786.07,786.77,992.684
1790057700000,786.78,787.94,785.68,787.48,1946.901
1790058600000,787.48,788.37,786.86,787.64,688.657
1790059500000,787.63,788.18,786.2,786.6,979.121
1790060400000,786.6,787.57,786.08,786.97,824.338
1790061300000,786.98,787.18,784.8,785.23,1352.163
1790062200000,785.23,785.32,783.15,785.02,1782.074
1790063100000,785.02,785.43,784.36,784.98,1044.406
1790064000000,784.98,787.45,784.98,786.83,797.041
1790064900000,786.82,786.83,783.79,784.41,1372.802
1790065800000,784.41,789.96,783.73,789.18,2542.555
1790066700000,789.14,789.28,787.5,787.76,4476.055
1790067600000,787.77,787.86,783.28,785.45,3805.597
1790068500000,785.44,786.76,785.18,786.76,1110.911
1790069400000,786.75,787.68,786.32,787.48,767.109
1790070300000,787.49,788.61,787.37,787.84,2032.989
1790071200000,787.85,788.09,787.03,787.33,727.661
1790072100000,787.33,787.99,785.49,786.89,3313.568
1790073000000,786.88,788.04,786.13,787.55,1094.089
1790073900000,787.56,789.13,786.61,786.76,1427.17
1790074800000,786.75,787.6,784.72,786.14,1608.304
1790075700000,786.14,787.25,785.72,785.8,873.111
1790076600000,785.79,787.99,785.34,787.57,886.679
1790077500000,787.58,788.13,786.28,786.91,4044.71
1790078400000,786.91,787.0,785.6,785.6,1353.781
1790079300000,785.59,787.43,784.88,787.4,1365.77
1790080200000,787.4,788.33,787.0,787.69,1491.988
1790081100000,787.7,791.53,787.18,791.48,2525.851
1790082000000,791.49,792.3,790.08,790.46,2884.227
1790082900000,790.46,790.69,788.18,788.72,1321.387
1790083800000,788.71,790.95,786.66,788.88,6232.175
1790084700000,788.92,794.22,787.71,791.57,3283.856
1790085600000,791.57,791.92,789.04,791.07,2901.597
1790086500000,791.07,791.2,786.76,786.76,2207.459
1790087400000,786.75,786.75,780.12,782.72,7575.078
1790088300000,782.72,787.0,782.52,786.91,1701.271
1790089200000,786.9,788.39,786.17,788.35,1685.019
1790090100000,788.35,789.9,787.34,788.87,1347.641
1790091000000,788.86,789.74,787.92,789.74,1185.617
1790091900000,789.73,790.69,787.64,787.93,1724.906
1790092800000,787.93,788.65,785.72,786.22,1568.337
1790093700000,786.21,786.74,785.03,785.99,1662.804
1790094600000,785.99,788.62,785.37,788.39,1145.055
1790095500000,788.4,791.15,787.63,789.31,2168.697
1790096400000,789.31,790.07,788.6,789.11,1579.745
1790097300000,789.12,789.81,787.58,788.29,1822.898
1790098200000,788.29,789.0,787.22,787.38,1704.912
1790099100000,787.39,788.93,786.75,788.59,1331.384
1790100000000,788.6,788.79,787.37,787.92,942.123
1790100900000,787.94,788.66,786.01,786.01,875.247
1790101800000,786.01,787.02,785.54,786.63,1016.734
1790102700000,786.63,787.83,786.62,787.44,1071.167
1790103600000,787.44,789.12,787.44,788.43,1356.691
1790104500000,788.43,789.92,788.43,789.39,767.176
1790105400000,789.39,789.79,786.62,787.13,1284.124
1790106300000,787.13,787.43,785.47,786.33,1170.788
1790107200000,786.34,786.82,785.0,785.04,945.004
1790108100000,785.05,787.18,784.62,786.89,1272.244
1790109000000,786.88,786.89,785.24,785.69,1253.522
1790109900000,785.69,785.69,784.0,784.87,1067.654
1790110800000,784.87,785.8,784.33,784.79,727.137
1790111700000,784.79,785.4,784.59,784.93,945.287
1790112600000,784.93,785.26,783.96,784.35,1109.123
1790113500000,784.36,785.11,784.21,784.21,409.459
1790114400000,784.22,785.01,782.34,783.58,1338.462
1790115300000,783.58,785.45,783.42,784.85,637.296
1790116200000,784.85,787.29,784.82,787.29,1064.349
1790117100000,787.29,788.0,786.69,787.48,1176.259
1790118000000,787.48,790.45,787.08,790.36,1762.133
1790118900000,790.35,791.25,788.29,789.09,1179.03
1790119800000,789.09,789.44,786.94,788.84,1352.024
1790120700000,788.85,789.44,787.83,788.38,854.815
1790121600000,788.39,791.15,787.66,791.04,1782.584
1790122500000,791.04,793.37,790.8,791.89,2408.809
1790123400000,791.89,792.83,791.07,791.21,1895.345
1790124300000,791.22,791.86,790.23,790.37,819.205
1790125200000,790.38,792.47,790.15,791.75,1786.278
1790126100000,791.76,792.59,791.25,792.0,1350.849
1790127000000,791.99,792.41,789.24,789.29,1084.246
1790127900000,789.29,789.3,787.07,788.87,1195.524
1790128800000,788.86,788.96,787.26,787.95,736.483
1790129700000,787.96,792.24,787.96,790.98,794.255
1790130600000,790.97,791.85,790.27,791.28,856.741
1790131500000,791.28,793.17,791.05,793.16,814.798
1790132400000,793.16,794.89,792.37,794.81,2172.064
1790133300000,794.8,797.29,794.56,795.2,2019.061
1790134200000,795.2,797.51,794.52,797.15,2701.599
1790135100000,797.16,797.61,795.98,796.57,1854.787
1790136000000,796.56,796.61,793.95,795.28,1438.975
1790136900000,795.27,799.0,794.5,797.0,2826.622
1790137800000,797.01,797.81,796.44,796.93,1774.074
1790138700000,796.92,797.95,794.59,794.7,2442.09
1790139600000,794.7,794.92,791.5,792.47,1933.282
1790140500000,792.46,792.99,791.07,791.86,1476.109
1790141400000,791.86,792.65,790.6,791.86,2040.916
1790142300000,791.86,792.49,789.54,790.7,1359.44
1790143200000,790.7,792.12,790.47,791.73,1108.195
1790144100000,791.74,792.48,790.87,791.07,934.192
1790145000000,791.07,792.52,789.79,792.51,1535.559
1790145900000,792.51,792.74,790.97,792.07,1094.07
1790146800000,792.07,792.07,789.52,789.64,1137.12
1790147700000,789.64,790.73,789.49,790.25,1160.095
1790148600000,790.25,790.47,786.88,787.35,2091.956
1790149500000,787.34,789.13,787.34,788.52,1218.008
1790150400000,788.52,790.0,786.35,789.66,1704.175
1790151300000,789.67,790.88,789.13,789.43,1769.675
1790152200000,789.43,790.44,789.17,789.33,954.219
1790153100000,789.33,789.33,784.0,786.18,3230.681
1790154000000,786.18,788.5,786.1,787.22,1566.315
1790154900000,787.23,788.42,786.75,787.07,1303.593
1790155800000,787.07,787.44,783.16,783.2,2235.212
1790156700000,783.19,784.81,781.36,782.77,4292.428
1790157600000,782.77,784.24,782.5,783.32,1305.124
1790158500000,783.31,783.69,781.34,783.69,1380.521
1790159400000,783.7,785.4,782.58,784.99,1419.811
1790160300000,784.99,785.83,784.25,785.83,1290.913
1790161200000,785.77,786.0,783.27,783.98,1857.738
1790162100000,783.99,784.25,781.03,781.73,1518.145
1790163000000,781.73,782.55,781.09,781.78,1126.551
1790163900000,781.8,784.43,781.77,782.93,2005.255
1790164800000,782.93,783.0,776.33,779.73,9301.657
1790165700000,779.73,780.33,777.84,778.92,2254.154
1790166600000,778.92,780.64,778.92,779.91,1520.159
1790167500000,779.91,780.29,778.0,779.77,1130.936
1790168400000,779.77,779.92,776.88,777.06,2298.694
1790169300000,777.05,780.49,777.01,780.27,1294.075
1790170200000,780.27,784.77,780.11,782.38,3638.126
1790171100000,782.38,782.38,780.33,781.01,1250.728
1790172000000,781.01,782.49,763.42,769.63,19816.482
1790172900000,769.63,770.31,759.89,760.19,18368.923
1790173800000,760.19,767.5,758.59,766.21,9458.468
1790174700000,766.21,769.0,764.51,766.72,5248.93
1790175600000,766.73,768.79,766.26,767.89,3199.427
1790176500000,767.88,769.23,765.21,766.27,3978.552
1790177400000,766.27,766.64,763.01,763.52,4339.303
1790178300000,763.52,764.35,761.04,761.18,3459.576
1790179200000,761.19,765.8,756.83,765.8,5842.334
1790180100000,765.79,766.41,764.44,764.97,963.246
1790181000000,764.97,766.15,763.44,765.21,1445.07
1790181900000,765.21,766.18,763.04,765.29,1171.96
1790182800000,765.29,766.55,762.12,763.45,1941.351
1790183700000,763.45,767.52,763.27,766.49,927.335
1790184600000,766.48,767.24,765.04,766.95,1914.146
1790185500000,766.95,767.98,765.93,766.84,1104.655
1790186400000,766.84,767.12,765.47,765.78,851.612
1790187300000,765.79,766.49,765.15,765.86,649.736
1790188200000,765.85,767.07,765.42,767.04,434.299
1790189100000,767.05,768.64,766.27,766.59,749.512
1790190000000,766.59,767.25,765.43,767.25,805.101
1790190900000,767.25,767.82,766.06,767.42,417.0
1790191800000,767.43,768.02,766.8,767.26,410.88
1790192700000,767.26,768.41,767.26,768.07,482.56
1790193600000,768.08,768.5,766.07,766.64,863.777
1790194500000,766.64,767.68,765.21,765.68,593.791
1790195400000,765.68,766.62,764.71,766.47,1184.723
1790196300000,766.47,766.63,765.31,765.38,400.013
1790197200000,765.38,766.61,764.65,766.44,568.244
1790198100000,766.44,766.56,765.03,765.26,1146.566
1790199000000,765.26,766.52,765.03,766.27,1056.891
1790199900000,766.27,766.68,765.79,766.5,508.983
1790200800000,766.51,768.95,765.8,767.98,862.071
1790201700000,767.99,768.44,766.92,766.92,512.492
1790202600000,766.88,767.19,766.0,767.1,573.648
1790203500000,767.1,768.64,767.1,767.77,745.276
1790204400000,767.77,767.77,765.57,765.59,2052.374
1790205300000,765.59,766.43,765.29,766.06,984.399
1790206200000,766.05,766.56,765.49,766.49,935.085
1790207100000,766.49,767.66,766.45,767.38,493.597
1790208000000,767.39,768.13,766.06,766.81,1230.676
1790208900000,766.8,768.79,766.75,768.55,1128.352
1790209800000,768.55,769.01,767.99,768.5,664.396
1790210700000,768.5,768.5,766.58,767.17,679.227
1790211600000,767.17,768.34,766.37,766.91,753.487
1790212500000,766.92,767.11,766.0,766.05,619.908
1790213400000,766.04,768.22,765.96,766.65,877.708
1790214300000,766.64,767.11,766.05,766.56,448.843
1790215200000,766.57,766.73,763.46,765.23,2596.609
1790216100000,765.23,768.52,765.23,768.51,1431.931
1790217000000,768.52,773.55,768.35,773.47,3074.487
1790217900000,773.47,775.97,772.25,772.54,2273.54
1790218800000,772.54,774.32,771.48,772.39,1078.588
1790219700000,772.38,772.79,769.44,770.18,875.092
1790220600000,770.17,770.37,768.0,768.92,1797.583
1790221500000,768.92,769.0,766.03,766.68,1895.936
1790222400000,766.68,767.4,765.32,765.84,1630.758
1790223300000,765.83,766.98,765.76,766.82,1338.777
1790224200000,766.82,768.9,766.27,768.89,965.531
1790225100000,768.9,771.0,768.45,770.83,905.732
1790226000000,770.84,775.82,770.84,773.93,2237.843
1790226900000,773.93,774.99,773.15,773.43,661.895
1790227800000,773.43,773.9,772.27,773.7,399.706
1790228700000,773.71,774.0,772.37,772.96,652.646
1790229600000,772.95,773.76,772.0,773.03,972.447
1790230500000,773.03,773.53,771.1,771.23,1174.02
1790231400000,771.23,773.45,770.94,772.73,1114.97
1790232300000,772.73,773.2,772.11,772.62,826.506
1790233200000,772.61,772.88,770.62,772.66,624.46
1790234100000,772.66,775.97,772.25,775.97,1551.281
1790235000000,775.97,777.62,775.03,775.37,2417.145
1790235900000,775.37,776.98,775.17,775.8,1039.456
1790236800000,775.8,776.42,773.68,773.84,1311.493
1790237700000,773.84,774.55,770.31,770.31,1150.196
1790238600000,770.32,771.35,768.85,769.86,1375.379
1790239500000,769.86,770.28,767.05,769.92,1463.877
1790240400000,769.92,771.15,767.51,767.67,1303.947
1790241300000,767.67,768.08,766.28,766.98,2749.294
1790242200000,766.98,767.36,763.04,766.06,2995.199
1790243100000,766.05,767.89,765.1,766.52,1623.032
1790244000000,766.52,767.7,765.69,766.96,1103.242
1790244900000,766.97,767.41,765.5,766.14,1322.054
1790245800000,766.14,767.84,765.31,767.5,1144.37
1790246700000,767.49,769.56,767.16,768.44,924.944
1790247600000,768.45,770.46,768.44,770.31,1043.28
1790248500000,770.31,770.93,768.92,768.93,1051.445
1790249400000,768.93,770.01,768.86,769.24,592.87
1790250300000,769.24,770.28,768.55,769.98,784.858
1790251200000,769.97,771.21,768.85,770.53,922.957
1790252100000,770.52,771.28,770.0,770.93,728.803
1790253000000,770.94,771.78,769.57,770.68,1372.601
1790253900000,770.68,771.45,769.67,771.22,699.72
1790254800000,771.22,774.53,771.22,774.52,1331.333
1790255700000,774.52,775.55,774.23,774.58,1322.699
1790256600000,774.58,778.0,774.11,775.32,2258.781
1790257500000,775.32,777.24,774.91,777.24,1335.74
1790258400000,777.25,779.68,776.88,777.53,3219.053
1790259300000,777.54,783.0,776.9,782.49,2839.694
1790260200000,782.48,783.76,780.48,780.95,4415.274
1790261100000,780.95,780.95,774.5,777.46,4100.471
1790262000000,777.47,778.57,776.06,777.32,1417.091
1790262900000,777.32,780.33,777.15,779.86,1088.732
1790263800000,779.85,782.72,779.7,781.25,2832.033
1790264700000,781.25,781.49,779.91,780.54,1510.564
1790265600000,780.55,780.76,778.39,780.35,1396.052
1790266500000,780.35,785.71,780.13,784.93,6638.289
1790267400000,784.95,786.29,782.43,783.14,3719.75
1790268300000,783.15,783.6,780.45,781.24,1925.186
1790269200000,781.24,781.33,779.39,780.22,1130.359
1790270100000,780.2,780.77,779.0,780.16,1032.598
1790271000000,780.17,780.57,778.01,778.63,652.524
1790271900000,778.64,779.45,777.89,778.6,522.813
1790272800000,778.6,779.7,776.2,779.26,918.688
1790273700000,779.26,780.74,779.12,780.22,729.702
1790274600000,780.24,781.37,779.36,779.98,832.298
1790275500000,779.97,782.14,779.97,781.71,600.44
1790276400000,781.71,781.91,779.85,781.08,759.563
1790277300000,781.09,781.5,780.69,781.24,612.146
1790278200000,781.25,781.39,779.67,779.94,964.986
1790279100000,779.95,780.66,778.98,779.72,916.889
1790280000000,779.72,780.35,778.66,778.74,809.489
1790280900000,778.75,779.76,777.7,778.28,814.302
1790281800000,778.28,778.5,777.17,778.25,1220.34
1790282700000,778.25,780.25,778.21,779.45,800.533
1790283600000,779.45,780.24,778.9,779.47,706.04
1790284500000,779.46,780.24,779.33,779.86,322.5
1790285400000,779.86,780.96,779.85,780.45,736.723
1790286300000,780.46,780.52,778.6,778.65,542.57
1790287200000,778.64,778.64,777.11,777.18,643.71
1790288100000,777.17,777.24,775.35,776.64,730.31
1790289000000,776.69,777.32,775.6,775.69,814.748
1790289900000,775.7,776.58,775.68,776.58,588.231
1790290800000,776.58,777.33,776.27,776.44,559.077
1790291700000,776.44,777.7,776.17,777.68,187.619
1790292600000,777.68,777.98,776.74,776.83,932.131
1790293500000,776.84,777.06,776.52,776.69,394.95
1790294400000,776.7,779.9,776.69,779.27,1235.194
1790295300000,779.26,779.26,777.31,777.85,777.372
1790296200000,777.86,778.61,777.26,777.62,783.272
1790297100000,777.62,777.97,776.97,777.28,571.991
1790298000000,777.29,779.03,777.24,778.5,586.697
1790298900000,778.51,779.02,776.69,777.13,389.895
1790299800000,777.14,777.78,776.03,777.45,1245.74
1790300700000,777.46,778.55,777.39,778.22,497.509
1790301600000,778.22,780.0,778.11,779.74,504.639
1790302500000,779.75,780.08,777.26,777.7,863.779
1790303400000,777.7,778.13,774.73,776.29,1238.311
1790304300000,776.3,776.3,773.6,773.93,1261.638
1790305200000,773.93,774.8,773.43,773.65,874.297
1790306100000,773.65,774.49,771.26,771.48,1808.699
1790307000000,771.48,774.31,771.0,773.1,1401.749
1790307900000,773.09,773.71,772.9,773.07,774.26
1790308800000,773.07,773.08,771.27,771.27,2829.627
1790309700000,771.28,772.96,771.05,772.95,2191.903
1790310600000,772.96,774.04,772.35,773.65,1678.806
1790311500000,773.65,774.06,773.07,773.34,1032.037
1790312400000,773.34,774.25,772.68,772.68,1210.756
1790313300000,772.69,773.88,772.49,773.55,1452.597
1790314200000,773.55,774.88,772.74,774.55,1478.86
1790315100000,774.54,775.13,774.54,774.82,361.808
1790316000000,774.82,775.58,773.96,774.47,688.834
1790316900000,774.48,776.0,774.01,774.45,659.65
1790317800000,774.45,774.62,772.78,773.5,470.359
1790318700000,773.49,773.62,773.08,773.1,360.148
1790319600000,773.1,773.38,771.47,772.31,876.455
1790320500000,772.31,774.29,772.31,773.84,671.807
1790321400000,773.83,773.89,770.76,770.9,2442.642
1790322300000,770.91,774.0,770.9,773.38,1152.813
1790323200000,773.38,774.66,773.38,774.22,1084.737
1790324100000,774.22,776.92,774.22,776.28,943.044
1790325000000,776.29,776.5,775.4,775.59,1377.469
1790325900000,775.6,775.77,775.0,775.2,789.262
1790326800000,775.21,776.64,775.09,775.94,962.603
1790327700000,775.94,778.71,775.32,778.56,1907.843
1790328600000,778.56,780.14,776.67,776.68,2294.871
1790329500000,776.68,777.18,775.75,776.92,1306.772
1790330400000,776.92,776.92,774.44,775.59,1144.716
1790331300000,775.59,777.08,774.64,776.99,1401.916
1790332200000,776.99,777.34,776.3,776.97,1329.697
1790333100000,776.97,777.5,776.72,776.84,1299.755
1790334000000,776.85,790.29,776.64,784.28,9898.793
1790334900000,784.28,784.82,777.24,779.76,11810.893
1790335800000,779.77,781.11,779.4,779.88,2960.722
1790336700000,779.87,780.17,778.46,779.27,1823.806
1790337600000,779.28,780.59,776.69,777.76,2276.023
1790338500000,777.77,778.78,774.85,778.65,7499.592
1790339400000,778.65,779.77,777.81,778.08,2116.428
1790340300000,778.09,778.67,776.85,777.67,1810.209
1790341200000,777.68,778.65,776.39,777.09,1883.352
1790342100000,777.1,777.93,774.37,774.87,1388.809
1790343000000,774.87,777.04,772.8,774.29,1661.714
1790343900000,774.29,775.82,771.07,774.09,2146.015
1790344800000,774.09,774.68,768.58,772.47,3497.161
1790345700000,772.47,774.64,771.78,773.26,1662.776
1790346600000,773.31,776.03,773.2,773.64,1249.192
1790347500000,773.65,775.94,772.62,775.94,1403.313
1790348400000,775.94,776.82,774.78,776.31,1933.492
1790349300000,776.31,776.57,774.2,774.64,1008.098
1790350200000,774.63,775.6,772.1,772.1,1029.034
1790351100000,772.1,774.57,771.09,774.45,1281.769
1790352000000,774.45,776.93,773.4,774.22,1984.503
1790352900000,774.21,775.23,773.41,774.46,685.541
1790353800000,774.47,775.01,773.12,774.38,1214.596
1790354700000,774.37,774.58,772.26,772.41,805.243
1790355600000,772.42,774.44,772.15,774.04,610.036
1790356500000,774.05,774.38,771.73,771.75,1010.69
1790357400000,771.75,773.76,771.21,773.5,851.834
1790358300000,773.51,773.62,772.31,773.43,1162.832
1790359200000,773.43,775.69,773.43,775.13,713.372
1790360100000,775.12,776.4,774.72,775.34,699.739
1790361000000,775.34,776.1,775.06,775.84,389.041
1790361900000,775.85,776.0,774.92,775.04,640.308
1790362800000,775.04,775.61,774.44,775.57,765.311
1790363700000,775.57,775.57,774.67,775.21,333.682
1790364600000,775.21,775.74,774.56,775.08,271.939
1790365500000,775.08,776.17,775.07,775.13,246.545
1790366400000,775.13,775.39,774.61,774.63,625.499
1790367300000,774.64,775.64,774.62,775.41,574.033
1790368200000,775.41,776.16,775.15,775.67,600.299
1790369100000,775.68,775.68,772.88,773.14,898.929
1790370000000,773.14,773.38,771.67,771.84,813.118
1790370900000,771.83,772.94,771.29,772.92,696.689
1790371800000,772.93,773.34,771.93,772.8,476.336
1790372700000,772.81,773.19,772.55,772.88,187.399
1790373600000,772.88,774.31,772.61,774.17,183.274
1790374500000,774.16,774.74,774.12,774.59,360.33
1790375400000,774.59,776.42,774.59,776.42,556.839
1790376300000,776.42,777.0,776.22,776.38,608.53
1790377200000,776.38,776.74,776.14,776.55,321.941
1790378100000,776.56,777.99,776.56,777.52,1049.69
1790379000000,777.52,777.52,776.87,777.32,396.322
1790379900000,777.33,777.53,776.76,777.13,577.231
1790380800000,777.14,778.08,776.68,777.37,1690.369
1790381700000,777.37,777.71,776.79,777.0,701.031
1790382600000,776.99,777.04,774.9,775.6,911.757
1790383500000,775.61,776.65,775.61,776.11,444.186
1790384400000,776.1,776.78,775.44,775.82,437.588
1790385300000,775.81,776.39,775.28,775.49,375.685
1790386200000,775.49,777.0,775.48,776.49,347.799
1790387100000,776.49,777.0,775.85,776.06,422.005
1790388000000,776.06,776.59,774.81,776.59,397.406
1790388900000,776.59,776.94,775.7,775.7,331.755
1790389800000,775.71,775.71,774.93,775.34,469.122
1790390700000,775.33,775.49,774.74,775.16,397.678
1790391600000,775.16,775.34,774.55,774.8,311.806
1790392500000,774.8,775.3,774.45,775.3,666.511
1790393400000,775.29,775.88,774.69,774.7,667.23
1790394300000,774.69,774.82,774.12,774.27,372.63
1790395200000,774.27,775.0,774.27,774.41,773.078
1790396100000,774.42,775.31,773.57,773.57,755.606
1790397000000,773.57,774.07,773.06,774.07,698.609
1790397900000,774.06,774.47,773.89,774.34,439.175
1790398800000,774.35,774.35,773.67,773.79,448.099
1790399700000,773.78,773.97,773.24,773.24,379.988
1790400600000,773.24,773.67,772.88,773.51,827.636
1790401500000,773.51,773.66,772.82,772.89,375.317
1790402400000,772.89,773.05,772.22,772.33,657.333
1790403300000,772.34,772.53,772.03,772.26,664.378
1790404200000,772.27,772.88,772.14,772.6,630.262
1790405100000,772.6,772.84,772.02,772.23,571.55
1790406000000,772.24,773.42,772.2,773.41,608.052
1790406900000,773.42,773.62,773.2,773.32,653.623
1790407800000,773.31,773.71,773.15,773.51,554.118
1790408700000,773.52,773.75,773.3,773.72,519.128
1790409600000,773.72,773.96,772.74,773.37,586.184
1790410500000,773.37,773.65,773.04,773.42,427.057
1790411400000,773.42,774.7,773.41,774.24,763.617
1790412300000,774.25,774.25,773.4,773.41,504.122
1790413200000,773.41,773.52,771.15,771.65,909.734
1790414100000,771.65,771.65,770.63,770.69,1146.497
1790415000000,770.68,771.08,770.34,771.08,1055.827
1790415900000,771.07,771.54,771.04,771.42,437.412
1790416800000,771.43,772.63,771.42,772.56,379.479
1790417700000,772.55,773.51,772.55,773.37,277.766
1790418600000,773.37,773.49,772.93,773.49,578.458
1790419500000,773.5,774.03,773.49,774.03,475.276
1790420400000,774.04,774.65,773.87,774.59,491.487
1790421300000,774.58,774.84,774.45,774.5,311.302
1790422200000,774.5,776.0,774.49,775.83,592.348
1790423100000,775.84,775.95,775.15,775.39,345.214
1790424000000,775.39,775.46,774.72,775.07,808.387
1790424900000,775.07,776.19,774.49,774.77,917.758
1790425800000,774.76,775.06,774.03,774.03,403.876
1790426700000,774.03,774.46,774.01,774.24,407.803
1790427600000,774.24,774.7,773.18,773.5,760.767
1790428500000,773.49,773.64,771.8,772.72,1693.575
1790429400000,772.71,772.72,771.66,772.15,2185.905
1790430300000,772.16,772.76,772.12,772.48,555.876
1790431200000,772.49,773.16,772.06,773.16,401.313
1790432100000,773.16,773.5,772.59,772.91,388.942
1790433000000,772.91,773.64,772.84,773.6,767.273
1790433900000,773.6,774.0,773.49,773.81,284.785
1790434800000,773.81,774.2,773.8,774.16,663.728
1790435700000,774.16,774.29,774.08,774.29,457.127
1790436600000,774.29,774.69,774.25,774.58,996.906
1790437500000,774.58,774.58,773.58,774.38,754.297
1790438400000,774.38,774.48,773.84,774.36,392.738
1790439300000,774.37,774.52,773.72,773.9,332.748
1790440200000,773.9,774.34,773.89,774.12,394.197
1790441100000,774.13,774.46,773.75,774.46,680.228
1790442000000,774.45,774.47,773.38,773.59,497.467
1790442900000,773.59,773.59,773.04,773.14,439.174
1790443800000,773.14,773.24,772.46,772.82,663.921
1790444700000,772.83,772.91,772.38,772.63,834.308
1790445600000,772.63,773.16,772.4,772.63,531.834
1790446500000,772.63,772.64,772.13,772.14,342.954
1790447400000,772.13,772.37,770.81,770.81,999.442
1790448300000,770.82,771.2,770.69,771.17,978.661
1790449200000,771.18,771.57,771.0,771.0,1110.716
1790450100000,771.01,771.4,770.74,771.17,779.212
1790451000000,771.16,771.2,770.83,771.02,462.602
1790451900000,771.02,771.09,770.8,770.87,340.343
1790452800000,770.87,770.93,769.9,770.55,1258.54
1790453700000,770.55,770.85,770.21,770.54,463.057
1790454600000,770.54,770.55,767.42,767.79,1508.95
1790455500000,767.79,769.4,766.82,769.36,1179.771
1790456400000,769.37,771.01,769.36,771.01,711.947
1790457300000,771.0,772.06,771.0,772.05,282.69
1790458200000,772.06,773.28,772.01,772.09,361.961
1790459100000,772.09,772.29,771.24,772.08,367.122
1790460000000,772.09,773.63,772.05,773.63,881.909
1790460900000,773.64,773.74,772.79,773.38,529.821
1790461800000,773.38,773.46,772.34,772.34,353.996
1790462700000,772.34,773.31,772.34,772.95,561.173
1790463600000,772.95,773.68,771.63,773.36,1852.978
1790464500000,773.35,773.64,772.83,773.06,427.011
1790465400000,773.06,773.49,772.86,773.1,923.899
1790466300000,773.1,773.7,773.0,773.59,398.185
1790467200000,773.59,774.05,772.6,772.61,928.111
1790468100000,772.61,772.79,772.08,772.69,428.403
1790469000000,772.69,773.48,772.69,773.33,202.479
1790469900000,773.32,773.38,772.63,772.74,341.713
1790470800000,772.74,773.4,772.27,773.29,454.41
1790471700000,773.3,773.7,772.49,772.5,364.318
1790472600000,772.5,773.23,772.05,773.14,456.634
1790473500000,773.14,774.59,773.13,773.78,793.297
1790474400000,773.78,774.54,773.68,774.06,743.648
1790475300000,774.06,774.2,773.1,773.1,682.026
1790476200000,773.1,773.35,772.33,772.34,738.037
1790477100000,772.34,772.67,772.0,772.51,637.245
1790478000000,772.51,773.04,772.42,772.6,355.185
1790478900000,772.59,772.6,771.57,771.76,508.126
1790479800000,771.75,772.32,771.74,772.03,428.191
1790480700000,772.03,772.03,771.72,771.8,299.394
1790481600000,771.8,772.85,771.37,772.56,567.613
1790482500000,772.55,772.86,771.6,771.61,368.775
1790483400000,771.61,771.79,771.06,771.07,469.239
1790484300000,771.06,771.35,770.85,770.95,313.798
1790485200000,770.96,772.45,770.9,772.27,351.227
1790486100000,772.27,772.67,771.69,772.55,549.351
1790487000000,772.54,774.8,772.45,773.79,1155.298
1790487900000,773.79,774.25,773.26,773.29,378.287
1790488800000,773.29,774.7,773.28,774.59,411.104
1790489700000,774.6,774.75,774.24,774.52,566.945
1790490600000,774.51,774.7,774.15,774.58,543.103
1790491500000,774.58,775.0,774.57,774.85,1047.226
1790492400000,774.85,775.57,774.73,775.44,687.19
1790493300000,775.45,776.49,775.04,776.38,1340.146
1790494200000,776.37,777.45,776.37,777.01,1206.375
1790495100000,777.0,778.77,776.91,778.55,1549.925
1790496000000,778.56,779.0,777.8,778.31,1670.963
1790496900000,778.31,779.15,777.82,778.98,1476.888
1790497800000,778.98,780.21,778.44,778.59,1230.005
1790498700000,778.59,779.01,778.32,778.44,735.05
1790499600000,778.45,778.7,776.77,777.32,855.345
1790500500000,777.32,778.4,777.16,777.9,949.185
1790501400000,777.89,779.95,777.89,779.51,1638.749
1790502300000,779.51,780.44,779.51,780.05,1071.833
1790503200000,780.05,780.5,779.49,780.28,934.126
1790504100000,780.29,780.67,779.55,779.72,952.884
1790505000000,779.71,779.81,779.32,779.56,417.147
1790505900000,779.56,779.95,778.25,778.85,456.222
1790506800000,778.85,779.99,778.41,779.76,398.125
1790507700000,779.75,779.76,778.82,779.25,410.695
1790508600000,779.26,780.0,778.85,779.86,658.77
1790509500000,779.86,780.47,779.6,780.0,676.899
1790510400000,780.0,782.15,779.99,782.15,936.47
1790511300000,782.15,783.23,781.32,781.41,1709.758
1790512200000,781.42,782.74,781.31,782.56,890.749
1790513100000,782.56,782.74,780.49,780.5,867.8
1790514000000,780.49,780.49,777.48,777.64,1552.929
1790514900000,777.63,780.33,776.62,780.11,963.519
1790515800000,780.12,781.06,778.44,778.51,525.895
1790516700000,778.5,780.93,778.29,780.89,625.003
1790517600000,780.89,781.61,780.13,780.37,740.737
1790518500000,780.36,780.55,776.74,777.28,830.422
1790519400000,777.29,779.01,777.09,778.59,698.523
1790520300000,778.59,778.79,776.3,776.94,919.589
1790521200000,776.94,777.15,774.33,775.58,1162.131
1790522100000,775.58,777.0,774.23,775.49,770.256
1790523000000,775.49,776.0,773.82,773.82,651.271
1790523900000,773.83,775.0,773.83,774.62,784.747
1790524800000,774.63,775.83,774.51,775.53,895.675
1790525700000,775.54,776.01,774.29,774.47,700.47
1790526600000,774.48,775.68,773.54,775.02,1382.348
1790527500000,775.02,776.0,774.7,775.81,422.144
1790528400000,775.81,776.34,775.3,776.05,384.084
1790529300000,776.06,776.61,775.68,775.69,309.388
1790530200000,775.68,777.0,775.68,776.99,455.256
1790531100000,776.99,777.88,776.99,777.62,280.378
1790532000000,777.63,778.0,777.43,777.8,253.723
1790532900000,777.8,778.97,777.8,778.97,458.395
1790533800000,778.96,779.31,778.58,779.25,339.573
1790534700000,779.25,779.45,778.5,779.12,235.631
1790535600000,779.13,779.38,778.5,779.09,697.632
1790536500000,779.1,779.83,778.3,778.45,456.516
1790537400000,778.45,778.95,778.01,778.6,556.712
1790538300000,778.61,779.02,778.2,778.52,204.537
1790539200000,778.53,779.23,778.52,779.22,430.633
1790540100000,779.23,779.3,777.49,777.56,328.251
1790541000000,777.56,778.52,777.56,778.4,325.304
1790541900000,778.4,778.6,777.15,777.56,462.048
1790542800000,777.57,778.53,777.49,778.53,205.525
1790543700000,778.52,778.84,778.09,778.1,288.539
1790544600000,778.09,778.17,776.45,777.77,426.191
1790545500000,777.78,779.88,777.78,779.6,629.266
1790546400000,779.61,780.19,775.71,775.71,1032.755
1790547300000,775.72,777.96,775.34,777.56,325.529
1790548200000,777.56,777.57,774.17,774.61,550.323
1790549100000,774.6,775.32,774.08,775.05,368.366
1790550000000,775.03,776.52,774.8,775.62,377.781
1790550900000,775.62,778.0,775.47,777.77,501.134
1790551800000,777.77,778.53,777.11,777.27,590.069
1790552700000,777.28,779.42,777.17,778.9,788.648
1790553600000,778.9,779.9,777.74,778.36,1173.939
1790554500000,778.36,784.55,778.23,783.43,6144.763
1790555400000,783.44,783.57,778.14,779.02,1537.69
1790556300000,779.02,782.73,778.49,778.49,1306.234
1790557200000,778.49,780.15,776.62,777.0,1107.049
1790558100000,777.0,779.96,776.73,778.96,1009.975
1790559000000,778.96,779.85,775.85,775.85,954.823
1790559900000,775.84,776.51,772.67,773.96,1384.202
1790560800000,773.96,776.37,772.37,775.79,1583.834
1790561700000,775.8,775.97,773.89,774.23,648.021
1790562600000,774.23,774.27,772.61,773.2,1152.308
1790563500000,773.2,773.69,771.5,771.72,1010.44
1790564400000,771.73,773.0,771.2,771.52,664.145
1790565300000,771.52,772.51,769.24,769.81,2444.919
1790566200000,769.81,772.48,767.9,772.11,1398.516
1790567100000,772.11,772.69,770.68,770.68,460.941
1790568000000,770.69,771.16,768.37,770.99,860.33
1790568900000,770.99,773.29,770.38,772.52,978.973
1790569800000,772.51,772.72,771.82,772.0,536.612
1790570700000,771.99,771.99,770.85,771.41,660.967
1790571600000,771.41,772.88,768.05,768.88,1599.233
1790572500000,768.88,769.33,765.32,765.48,3199.839
1790573400000,765.48,766.24,761.54,765.65,3767.228
1790574300000,765.66,766.33,764.07,766.09,1090.407
1790575200000,766.1,766.94,764.51,765.9,1216.063
1790576100000,765.9,765.92,762.21,762.31,1518.495
1790577000000,762.31,765.0,762.04,764.26,1244.24
1790577900000,764.26,764.79,763.09,763.72,847.968
1790578800000,763.72,765.66,762.79,763.27,933.224
1790579700000,763.28,763.87,760.96,761.33,2214.562
1790580600000,761.34,761.95,759.33,760.59,2488.997
1790581500000,760.59,761.98,759.62,760.41,1732.547
1790582400000,760.41,763.54,759.86,763.5,1203.313
1790583300000,763.5,764.0,762.0,762.61,974.201
1790584200000,762.62,763.4,761.02,761.77,816.179
1790585100000,761.76,763.11,761.5,762.29,714.991
1790586000000,762.29,762.87,758.51,761.23,2178.94
1790586900000,761.23,763.05,760.29,760.82,1138.228
1790587800000,760.83,761.19,758.82,758.83,1075.305
1790588700000,758.82,760.0,758.15,759.64,3304.85
1790589600000,759.64,761.72,759.64,760.27,1054.39
1790590500000,760.28,761.5,760.04,760.83,1205.878
1790591400000,760.84,762.5,760.5,762.26,1128.459
1790592300000,762.26,762.38,761.25,761.45,918.67
1790593200000,761.45,763.5,761.44,763.18,991.031
1790594100000,763.17,763.68,762.58,763.01,834.787
1790595000000,763.02,763.92,762.66,763.57,665.776
1790595900000,763.58,763.9,762.67,763.85,776.042
1790596800000,763.85,768.49,763.38,768.18,1828.964
1790597700000,768.18,770.73,767.46,768.39,3692.804
1790598600000,768.4,769.19,767.25,767.91,792.344
1790599500000,767.91,770.36,767.91,769.62,826.734
1790600400000,769.62,769.62,765.22,765.57,2317.891
1790601300000,765.57,766.13,764.76,765.78,2737.828
1790602200000,765.79,768.13,764.71,767.67,1878.429
1790603100000,767.68,768.53,765.86,766.65,936.74
1790604000000,766.65,766.65,763.54,763.68,921.127
1790604900000,763.68,765.25,759.1,760.44,2566.166
1790605800000,760.43,762.97,758.63,759.23,2533.707
1790606700000,759.23,760.27,756.2,759.02,3558.048
1790607600000,759.03,761.06,758.19,758.73,1432.43
1790608500000,758.72,761.03,757.16,760.53,3347.034
1790609400000,760.54,763.16,759.72,761.9,1846.36
1790610300000,761.9,763.64,761.51,762.78,775.677
1790611200000,762.78,764.64,761.86,764.21,953.185
1790612100000,764.22,770.65,763.79,769.94,2886.041
1790613000000,769.95,770.53,766.66,767.24,1397.509
1790613900000,767.23,767.79,766.41,766.99,647.929
1790614800000,766.99,773.35,765.33,773.24,5519.438
1790615700000,773.24,773.45,768.0,769.09,5337.862
1790616600000,769.09,770.62,769.08,769.97,585.246
1790617500000,769.97,770.35,768.92,769.52,385.846
1790618400000,769.53,770.88,769.22,770.77,358.795
1790619300000,770.76,771.01,769.83,769.91,620.071
1790620200000,769.92,770.16,768.5,769.18,577.648
1790621100000,769.18,770.83,768.08,770.34,756.649
1790622000000,770.34,770.47,766.47,767.0,544.311
1790622900000,766.99,767.2,766.06,766.17,480.651
1790623800000,766.17,766.17,761.75,763.1,997.681
1790624700000,763.11,763.39,762.45,762.61,987.318
1790625600000,762.62,765.0,761.42,764.76,693.595
1790626500000,764.75,765.47,763.75,764.97,478.467
1790627400000,764.99,765.68,764.44,764.83,335.888
1790628300000,764.83,765.25,763.73,765.16,627.733
1790629200000,765.16,766.32,764.89,764.9,564.973
1790630100000,764.9,764.9,762.56,762.82,807.147
1790631000000,762.81,763.24,761.86,762.54,610.439
1790631900000,762.54,762.54,761.22,761.79,275.675
1790632800000,761.79,761.87,759.59,760.04,1121.738
1790633700000,760.03,760.32,759.28,759.57,966.046
1790634600000,759.57,762.01,759.45,761.95,841.865
1790635500000,761.95,762.5,761.85,762.36,608.518
1790636400000,762.36,763.12,760.53,760.69,1105.285
1790637300000,760.7,762.71,760.69,762.71,855.261
1790638200000,762.7,764.36,762.7,764.18,606.684
1790639100000,764.18,764.41,763.53,763.96,321.864
1790640000000,763.96,764.57,763.24,764.05,565.297
1790640900000,764.05,764.74,762.92,764.46,671.966
1790641800000,764.45,765.33,763.82,764.63,514.3
1790642700000,764.64,764.64,760.54,760.54,671.042
1790643600000,760.53,761.6,759.0,759.34,1696.414
1790644500000,759.32,759.5,755.95,756.15,5470.109
1790645400000,756.15,757.34,753.9,756.99,3067.901
1790646300000,757.0,758.48,756.21,757.52,1041.4
1790647200000,757.52,758.43,755.16,756.48,957.234
1790648100000,756.47,758.22,754.63,755.26,1444.228
1790649000000,755.25,756.31,753.81,756.14,1671.51
1790649900000,756.14,756.8,754.92,756.43,676.893
1790650800000,756.43,757.91,756.15,756.21,665.287
1790651700000,756.21,759.84,755.54,759.81,925.916
1790652600000,759.81,759.81,758.85,759.32,359.579
1790653500000,759.32,759.72,758.43,758.79,622.797
1790654400000,758.8,759.05,757.42,758.58,479.012
1790655300000,758.58,760.27,758.58,759.01,833.528
1790656200000,759.0,759.0,757.5,758.28,900.953
1790657100000,758.28,758.33,756.48,757.1,1841.758
1790658000000,757.1,757.6,756.08,757.37,1275.683
1790658900000,757.37,759.01,756.82,758.36,1183.142
1790659800000,758.36,758.44,755.0,758.03,900.324
1790660700000,758.02,759.97,757.16,759.51,734.215
1790661600000,759.51,762.75,759.42,762.74,2054.215
1790662500000,762.74,763.01,761.43,762.64,1107.004
1790663400000,762.64,763.56,762.64,763.47,1039.112
1790664300000,763.47,766.51,763.31,766.45,1719.457
1790665200000,766.45,768.58,765.18,767.75,1839.248
1790666100000,767.76,768.52,767.63,767.9,1151.233
1790667000000,767.9,769.33,767.22,768.41,4570.112
1790667900000,768.41,768.72,763.1,765.69,7996.011
1790668800000,765.69,766.26,764.12,764.86,1293.845
1790669700000,764.86,768.31,764.86,766.97,1543.842
1790670600000,766.98,767.02,763.91,764.21,1144.2
1790671500000,764.22,764.67,763.55,763.9,904.065
1790672400000,763.91,764.22,763.26,763.43,704.931
1790673300000,763.42,763.83,763.08,763.17,1163.901
1790674200000,763.18,764.12,762.99,764.12,1576.02
1790675100000,764.12,765.66,764.05,764.95,2194.365
1790676000000,764.95,765.2,764.04,764.54,1044.717
1790676900000,764.55,765.0,763.6,764.26,811.982
1790677800000,764.27,764.3,763.18,763.45,694.204
1790678700000,763.45,764.35,763.3,764.3,533.961
1790679600000,764.3,764.5,763.45,763.61,586.177
1790680500000,763.61,764.1,763.4,763.84,643.228
1790681400000,763.84,766.3,763.83,765.62,919.105
1790682300000,765.62,767.36,765.57,766.78,1382.864
1790683200000,766.78,766.94,765.85,765.94,735.663
1790684100000,765.94,767.8,764.58,765.03,1916.818
1790685000000,765.03,767.03,764.81,766.38,1403.004
1790685900000,766.39,766.39,765.0,765.69,1186.039
1790686800000,765.69,766.37,764.89,765.85,823.541
1790687700000,765.84,766.98,765.37,766.15,1662.652
1790688600000,766.16,766.16,763.37,764.72,1586.704
1790689500000,764.72,766.45,763.96,764.91,1189.273
1790690400000,764.92,765.64,761.81,762.38,1861.375
1790691300000,762.37,764.53,761.72,763.97,1156.693
1790692200000,763.97,765.74,763.14,764.82,1343.149
1790693100000,764.82,766.0,763.45,763.79,1026.998
1790694000000,763.8,763.87,758.44,759.43,2689.117
1790694900000,759.43,760.26,753.47,754.7,3932.32
1790695800000,754.7,756.2,754.35,755.62,3051.742
1790696700000,755.63,757.09,753.0,753.59,3132.458
1790697600000,753.6,755.52,753.42,755.04,1666.109
1790698500000,755.04,757.23,754.87,756.6,940.535
1790699400000,756.61,756.61,753.5,753.51,1302.679
1790700300000,753.5,754.14,752.19,753.62,2058.856
1790701200000,753.63,754.53,752.78,754.53,1371.432
1790702100000,754.53,754.71,752.1,753.37,3646.974
1790703000000,753.37,753.78,752.26,752.51,819.431
1790703900000,752.5,752.76,750.47,751.62,1789.872
1790704800000,751.63,754.76,751.63,754.6,1690.865
1790705700000,754.61,755.6,754.46,754.51,559.594
1790706600000,754.51,756.87,754.27,756.29,968.6
1790707500000,756.28,756.75,755.35,755.75,737.181
1790708400000,755.75,756.54,755.44,755.58,1002.709
1790709300000,755.59,756.28,755.05,755.8,520.177
1790710200000,755.8,756.36,754.03,754.03,772.455
1790711100000,754.02,755.36,753.67,755.3,857.703
1790712000000,755.3,756.4,754.66,755.42,881.604
1790712900000,755.43,757.5,755.35,757.34,598.41
1790713800000,757.33,757.91,756.63,757.72,808.602
1790714700000,757.72,758.5,757.33,758.04,525.024
1790715600000,758.04,758.32,757.2,758.17,803.829
1790716500000,758.16,758.17,756.09,756.51,892.778
1790717400000,756.51,756.81,755.99,756.64,444.54
1790718300000,756.63,757.36,755.99,757.15,239.144
1790719200000,757.15,760.0,756.85,759.45,1122.709
1790720100000,759.45,759.45,758.12,758.4,804.68
1790721000000,758.39,758.73,757.44,758.56,261.361
1790721900000,758.56,759.46,758.37,758.92,357.138
1790722800000,758.92,761.65,758.8,761.44,1899.038
1790723700000,761.43,761.54,759.6,759.62,820.825
1790724600000,759.63,759.63,756.84,757.38,1156.414
1790725500000,757.38,758.7,757.37,758.66,977.553
1790726400000,758.67,759.95,757.32,757.83,829.159
1790727300000,757.83,759.51,757.32,759.27,445.719
1790728200000,759.27,760.5,758.89,759.34,1350.056
1790729100000,759.34,759.75,758.41,759.75,881.709
1790730000000,759.75,761.5,759.23,760.99,1148.416
1790730900000,760.99,761.37,759.79,759.84,2319.467
1790731800000,759.85,760.03,759.06,759.93,500.148
1790732700000,759.93,761.29,759.81,760.16,1157.519
1790733600000,760.16,761.76,759.88,761.09,674.756
1790734500000,761.1,762.33,760.54,761.28,525.882
1790735400000,761.28,762.57,760.87,762.2,578.757
1790736300000,762.2,763.35,761.91,762.74,585.232
1790737200000,762.74,762.98,761.77,761.77,439.906
1790738100000,761.78,761.89,758.51,759.53,1279.733
1790739000000,759.53,761.48,758.88,760.56,661.582
1790739900000,760.56,760.74,759.28,760.74,607.81
1790740800000,760.74,762.77,760.66,762.56,818.923
1790741700000,762.56,764.25,762.56,763.75,1131.141
1790742600000,763.75,763.91,762.89,763.16,702.696
1790743500000,763.14,763.42,762.16,762.24,637.34
1790744400000,762.24,765.0,762.23,763.56,1470.208
1790745300000,763.55,764.77,762.9,764.31,699.02
1790746200000,764.32,765.36,763.64,765.23,2387.912
1790747100000,765.23,765.57,763.75,764.19,876.07
1790748000000,764.2,764.75,761.07,761.2,2085.382
1790748900000,761.21,761.82,759.39,760.01,1569.185
1790749800000,760.02,760.1,758.28,759.05,1026.141
1790750700000,759.05,759.05,756.7,757.32,1255.315
1790751600000,757.33,758.02,756.17,756.94,1172.371
1790752500000,756.94,760.0,756.66,759.08,1457.618
1790753400000,759.07,760.6,758.34,760.51,1135.88
1790754300000,760.5,760.69,759.33,759.51,808.691
1790755200000,759.51,759.51,757.92,758.0,690.593
1790756100000,758.01,759.57,757.7,758.86,720.125
1790757000000,758.86,759.6,757.61,759.52,689.59
1790757900000,759.52,760.34,759.24,759.84,1149.384
1790758800000,759.85,761.69,759.68,761.68,1166.697
1790759700000,761.69,763.65,761.68,763.44,1596.059
1790760600000,763.43,766.18,763.3,765.55,4596.87
1790761500000,765.55,765.88,764.14,764.71,1221.21
1790762400000,764.72,767.76,764.61,767.47,3490.028
1790763300000,767.47,768.67,766.8,768.15,3542.774
1790764200000,768.15,769.65,767.83,768.67,2343.086
1790765100000,768.67,770.63,768.0,770.63,1794.695
1790766000000,770.62,770.7,767.76,769.63,1469.287
1790766900000,769.62,769.99,768.15,769.77,883.939
1790767800000,769.77,770.23,768.74,770.05,1270.832
1790768700000,770.04,770.67,769.29,769.99,1287.172
1790769600000,770.0,770.66,768.23,769.44,1031.61
1790770500000,769.45,770.17,767.49,769.71,879.111
1790771400000,769.68,775.7,768.72,775.15,5315.245
1790772300000,775.15,777.74,774.04,776.72,4276.354
1790773200000,776.73,779.42,775.94,777.19,6209.024
1790774100000,777.18,777.47,774.31,774.7,2996.703
1790775000000,774.71,776.72,767.05,770.45,4755.489
1790775900000,770.46,772.34,769.8,771.38,1845.156
1790776800000,771.38,772.0,768.23,769.88,1651.307
1790777700000,769.87,769.88,763.63,765.76,3165.77
1790778600000,765.76,766.57,763.07,765.14,1912.405
1790779500000,765.14,767.73,764.88,766.39,1653.951
1790780400000,766.39,768.75,766.29,767.85,1060.377
1790781300000,767.84,768.51,765.2,767.29,1431.304
1790782200000,767.29,770.0,767.29,768.15,1378.303
1790783100000,768.16,770.33,767.94,769.67,639.887
1790784000000,769.68,770.63,769.45,770.47,1197.179
1790784900000,770.46,770.53,769.35,769.44,718.176
1790785800000,769.44,770.86,768.31,770.76,949.556
1790786700000,770.76,771.7,769.88,770.27,870.804
1790787600000,770.28,771.1,769.46,770.24,1066.979
1790788500000,770.25,770.35,768.32,769.63,581.279
1790789400000,769.62,769.62,767.49,768.57,1615.551
1790790300000,768.57,770.16,768.15,769.38,502.686
1790791200000,769.38,769.76,767.08,768.35,609.955
1790792100000,768.33,769.01,767.8,768.64,416.906
1790793000000,768.65,769.4,767.0,767.16,467.218
1790793900000,767.17,768.76,766.88,768.61,348.861
1790794800000,768.62,768.82,766.35,766.88,357.523
1790795700000,766.87,766.87,765.47,766.44,464.85
1790796600000,766.43,768.0,766.18,767.27,476.758
1790797500000,767.26,767.35,764.63,765.36,776.532
1790798400000,765.39,766.55,764.62,766.41,522.886
1790799300000,766.41,768.35,766.15,768.0,433.162
1790800200000,768.0,768.03,766.99,767.2,326.08
1790801100000,767.2,767.65,766.75,767.63,263.2
1790802000000,767.64,768.36,767.49,767.83,501.753
1790802900000,767.83,768.42,767.04,767.46,411.205
1790803800000,767.46,768.21,767.06,767.61,207.149
1790804700000,767.61,767.71,766.8,766.87,372.106
1790805600000,766.88,767.48,765.61,766.62,516.459
1790806500000,766.62,767.96,766.58,767.96,266.935
1790807400000,767.96,769.13,767.95,769.1,424.918
1790808300000,769.1,769.61,768.76,769.36,459.685
1790809200000,769.35,770.84,769.12,770.07,717.699
1790810100000,770.07,771.01,769.79,769.99,652.322
1790811000000,769.98,770.84,769.35,770.5,468.137
1790811900000,770.51,770.51,768.21,769.27,863.581
1790812800000,769.28,769.55,768.29,768.45,1092.249
1790813700000,768.45,768.97,767.46,768.72,989.261
1790814600000,768.72,770.13,768.09,770.12,510.89
1790815500000,770.11,770.53,769.12,770.23,562.807
1790816400000,770.23,771.29,770.06,770.1,883.86
1790817300000,770.1,770.77,769.46,769.71,692.48
1790818200000,769.71,770.14,768.85,769.37,645.787
1790819100000,769.37,769.98,768.8,769.01,591.847
1790820000000,769.01,769.53,767.68,768.26,713.472
1790820900000,768.26,768.31,766.73,767.67,1197.169
1790821800000,767.67,768.65,767.05,767.92,449.702
1790822700000,767.91,769.0,767.37,768.52,339.202
1790823600000,768.52,769.17,767.28,767.54,462.829
1790824500000,767.52,768.03,766.95,767.94,499.102
1790825400000,767.95,769.44,767.42,769.11,556.88
1790826300000,769.11,769.61,768.58,769.53,591.107
1790827200000,769.53,769.91,769.02,769.75,645.666
1790828100000,769.74,769.74,768.32,769.09,503.503
1790829000000,769.1,769.21,768.0,768.52,618.77
1790829900000,768.53,770.76,768.53,769.62,746.644
1790830800000,769.64,770.6,769.26,770.23,519.632
1790831700000,770.23,771.0,770.14,770.61,501.305
1790832600000,770.6,771.52,770.37,770.73,799.654
1790833500000,770.73,771.99,770.73,771.97,443.729
1790834400000,771.98,772.03,771.31,771.87,537.77
1790835300000,771.88,772.5,771.23,772.44,612.666
1790836200000,772.45,772.5,770.63,771.23,781.796
1790837100000,771.2,771.6,770.7,770.7,943.14
1790838000000,770.71,771.72,770.04,770.22,980.891
1790838900000,770.22,770.4,763.69,764.18,3220.107
1790839800000,764.18,766.91,764.1,765.15,1389.574
1790840700000,765.15,766.2,763.02,763.72,993.359
1790841600000,763.73,765.36,763.54,764.3,987.715
1790842500000,764.3,766.0,764.16,765.47,624.175
1790843400000,765.46,765.96,763.45,765.5,977.76
1790844300000,765.49,766.9,764.99,766.34,1328.182
1790845200000,766.34,767.5,766.23,767.36,721.802
1790846100000,767.37,768.04,767.13,767.85,663.735
1790847000000,767.85,769.28,767.85,768.84,793.78
1790847900000,768.84,769.68,768.31,769.09,699.206
1790848800000,769.1,769.44,765.46,768.21,1342.537
1790849700000,768.21,769.03,767.31,768.16,867.875
1790850600000,768.16,771.77,768.11,771.39,1235.182
1790851500000,771.39,771.39,769.97,770.35,1298.765
1790852400000,770.36,770.36,769.47,769.87,734.741
1790853300000,769.88,770.19,769.47,770.19,538.508
1790854200000,770.19,771.08,769.24,770.99,829.88
1790855100000,771.0,771.69,770.41,770.43,1539.417
1790856000000,770.44,770.87,769.63,770.13,898.15
1790856900000,770.14,770.16,769.34,769.75,1104.84
1790857800000,769.74,770.93,769.68,769.85,988.296
1790858700000,769.85,770.04,767.54,768.36,1181.971
1790859600000,768.37,768.66,766.8,767.69,1034.733
1790860500000,767.68,768.31,766.32,766.7,1900.796
1790861400000,766.7,770.56,766.65,770.19,1254.692
1790862300000,770.18,770.91,768.96,770.36,1439.376
1790863200000,770.35,771.0,768.06,769.3,1672.065
1790864100000,769.31,770.91,769.15,770.02,2705.64
1790865000000,770.0,770.27,768.07,768.34,2212.645
1790865900000,768.34,768.66,765.95,766.94,1536.886
1790866800000,766.95,768.34,764.3,766.68,1664.49
1790867700000,766.68,768.58,766.67,767.27,1035.18
1790868600000,767.26,767.26,764.5,764.98,1231.441
1790869500000,764.98,767.82,764.98,766.13,2804.535
1790870400000,766.13,767.51,766.13,767.29,657.816
1790871300000,767.29,767.85,766.3,767.39,639.634
1790872200000,767.39,769.75,766.35,767.5,1153.826
1790873100000,767.5,768.79,766.0,766.83,562.155
1790874000000,766.84,769.92,766.84,769.63,584.076
1790874900000,769.65,773.91,769.65,773.83,5459.249
1790875800000,773.83,774.48,772.08,773.61,1534.913
1790876700000,773.61,773.67,771.92,772.76,1313.222
1790877600000,772.77,772.77,770.14,771.06,995.362
1790878500000,771.06,771.32,770.06,770.62,867.824
1790879400000,770.61,772.53,770.12,770.84,1364.817
1790880300000,770.84,770.84,769.57,770.38,807.61
1790881200000,770.39,770.64,769.4,770.09,1046.127
1790882100000,770.09,770.21,768.06,768.13,819.747
1790883000000,768.13,770.04,768.02,768.89,491.807
1790883900000,768.9,769.79,768.6,769.57,914.668
1790884800000,769.57,770.58,769.55,769.97,490.047
1790885700000,769.96,770.57,769.69,769.82,439.112
1790886600000,769.82,770.13,768.81,769.28,446.424
1790887500000,769.28,770.06,768.86,769.98,555.389
1790888400000,769.99,770.41,769.7,769.94,915.589
1790889300000,769.94,770.57,769.67,769.94,1035.674
1790890200000,769.94,770.07,769.04,769.19,872.169
1790891100000,769.18,770.54,769.18,770.32,531.049
1790892000000,770.31,772.0,770.23,771.47,816.075
1790892900000,771.47,771.54,770.77,771.29,268.429
1790893800000,771.29,771.43,770.4,770.41,412.695
1790894700000,770.4,771.14,769.81,771.01,198.543
1790895600000,771.02,771.02,770.07,770.21,351.637
1790896500000,770.21,770.68,770.11,770.23,265.25
1790897400000,770.24,771.0,770.1,770.71,333.705
1790898300000,770.7,771.76,770.41,771.75,429.515
1790899200000,771.75,772.0,771.08,771.86,713.976
1790900100000,771.86,772.82,771.62,771.77,806.529
1790901000000,771.76,771.77,770.78,771.23,522.707
1790901900000,771.22,771.97,770.89,771.68,384.629
1790902800000,771.68,771.72,770.16,770.25,432.841
1790903700000,770.26,770.46,768.3,770.04,561.769
1790904600000,770.04,770.59,769.27,769.39,529.694
1790905500000,769.4,772.63,769.4,771.78,992.629
1790906400000,771.79,773.4,771.5,772.79,839.175
1790907300000,772.79,772.9,771.21,772.14,662.28
1790908200000,772.15,773.03,771.52,772.71,906.109
1790909100000,772.72,774.35,772.71,774.35,1027.609
1790910000000,774.35,775.5,773.9,774.69,1599.324
1790910900000,774.69,774.96,773.47,773.92,865.743
1790911800000,773.92,775.8,773.85,775.71,1060.357
1790912700000,775.72,776.32,775.06,775.91,1040.595
1790913600000,775.92,776.5,774.64,774.78,778.439
1790914500000,774.77,781.6,774.76,781.46,5995.898
1790915400000,781.46,782.94,780.01,782.34,3338.963
1790916300000,782.33,783.29,781.07,781.95,2053.946
1790917200000,781.95,782.05,780.0,780.2,1662.656
1790918100000,780.2,781.19,778.6,778.88,2940.103
1790919000000,778.87,779.01,775.8,777.82,1088.201
1790919900000,777.83,777.88,776.32,777.24,710.995
1790920800000,777.24,778.26,776.99,777.34,800.654
1790921700000,777.35,778.32,777.0,777.91,1938.416
1790922600000,777.92,778.86,777.43,777.79,1152.194
1790923500000,777.8,778.0,777.26,777.44,1049.18
1790924400000,777.44,777.89,776.89,777.24,900.981
1790925300000,777.24,777.26,776.07,776.57,1185.056
1790926200000,776.57,776.57,774.76,774.97,2118.712
1790927100000,774.97,777.1,774.76,776.31,2163.423
1790928000000,776.31,777.77,776.12,777.04,1847.755
1790928900000,777.04,780.19,776.95,779.35,3015.273
1790929800000,779.36,780.52,778.27,778.94,1591.923
1790930700000,778.94,779.01,777.37,777.38,1624.005
1790931600000,777.38,777.38,774.36,776.95,3364.284
1790932500000,776.96,777.22,774.94,775.59,1758.167
1790933400000,775.6,776.65,775.55,775.6,2953.817
1790934300000,775.61,777.09,775.26,776.61,1411.879
1790935200000,776.61,777.19,775.91,776.03,892.74
1790936100000,776.04,776.9,775.34,776.73,2061.701
1790937000000,776.72,777.45,776.06,776.97,1071.936
1790937900000,776.98,777.1,776.0,776.15,820.803
1790938800000,776.15,777.61,775.75,777.47,1185.31
1790939700000,777.47,777.94,777.28,777.86,1139.834
1790940600000,777.87,778.74,777.86,778.58,1177.238
1790941500000,778.57,778.72,777.9,778.0,1249.088
1790942400000,778.0,778.89,777.21,778.24,1120.434
1790943300000,778.24,779.39,778.0,779.05,988.534
1790944200000,779.04,782.19,777.6,777.84,6308.038
1790945100000,777.85,781.4,777.74,781.34,3494.515
1790946000000,781.34,782.37,780.54,781.12,3738.978
1790946900000,781.12,781.45,779.88,780.41,1548.724
1790947800000,780.4,784.46,780.3,782.29,2017.803
1790948700000,782.3,783.04,780.3,780.73,3027.027
1790949600000,780.74,782.36,779.11,779.77,1706.632
1790950500000,779.78,781.8,778.62,778.69,1491.014
1790951400000,778.7,778.98,776.34,777.96,2837.118
1790952300000,777.95,778.93,772.95,775.47,2286.947
1790953200000,775.46,776.0,772.89,775.46,1686.0
1790954100000,775.45,776.12,772.92,774.2,1093.018
1790955000000,774.17,774.31,772.28,773.48,1137.497
1790955900000,773.49,773.95,772.25,773.46,1390.837
1790956800000,773.46,775.67,773.02,773.77,877.685
1790957700000,773.78,775.25,772.98,773.29,1452.528
1790958600000,773.2,774.48,772.84,774.06,872.643
1790959500000,774.06,775.0,773.28,773.88,394.258
1790960400000,773.89,774.94,772.48,772.74,893.342
1790961300000,772.75,774.18,771.46,772.01,1455.831
1790962200000,772.01,773.17,771.2,772.29,1100.97
1790963100000,772.29,774.04,771.64,773.74,684.175
1790964000000,773.75,774.4,772.64,773.92,812.684
1790964900000,773.91,773.91,768.98,769.54,2781.248
1790965800000,769.54,769.67,760.75,761.25,7053.065
1790966700000,761.25,764.38,760.35,764.13,3005.912
1790967600000,764.13,765.88,763.54,764.13,4216.861
1790968500000,764.12,765.72,763.11,765.09,1061.205
1790969400000,765.09,766.42,765.08,765.87,755.985
1790970300000,765.87,766.59,765.62,766.28,745.613
1790971200000,766.28,767.0,765.51,765.77,669.405
1790972100000,765.76,767.0,765.68,765.87,642.53
1790973000000,765.87,766.12,764.4,764.47,1562.71
1790973900000,764.47,764.92,763.73,764.1,956.118
1790974800000,764.1,765.8,764.0,765.51,659.914
1790975700000,765.51,765.88,764.67,764.78,559.392
1790976600000,764.78,765.86,764.69,765.42,558.763
1790977500000,765.43,766.57,765.43,766.25,372.955
1790978400000,766.25,766.92,765.87,766.25,627.768
1790979300000,766.24,766.31,764.89,766.21,712.122
1790980200000,766.21,767.26,766.21,766.48,686.229
1790981100000,766.48,766.83,766.09,766.75,420.3
1790982000000,766.75,767.07,766.24,766.84,318.808
1790982900000,766.84,768.08,766.75,768.07,414.767
1790983800000,768.07,768.29,767.76,768.28,313.598
1790984700000,768.27,768.68,768.12,768.25,357.694
1790985600000,768.25,769.0,768.0,768.83,1102.392
1790986500000,768.83,769.07,767.81,768.7,1119.961
1790987400000,768.7,769.39,768.7,769.09,672.956
1790988300000,769.09,769.41,769.01,769.33,416.176
1790989200000,769.33,769.57,768.66,768.85,475.78
1790990100000,768.85,769.75,768.41,768.55,394.331
1790991000000,768.56,769.94,768.55,769.76,1175.503
1790991900000,769.76,769.8,768.86,769.09,235.071
1790992800000,769.09,769.1,767.81,768.93,419.936
1790993700000,768.92,769.12,768.57,768.9,300.366
1790994600000,768.9,768.94,768.3,768.89,303.981
1790995500000,768.88,768.91,768.32,768.34,819.118
1790996400000,768.34,768.54,767.5,768.18,456.903
1790997300000,768.17,769.2,768.16,768.28,307.917
1790998200000,768.28,768.73,767.91,768.36,417.955
1790999100000,768.35,768.48,768.23,768.36,192.062
1791000000000,768.36,768.61,768.06,768.5,418.54
1791000900000,768.5,768.53,766.12,766.35,936.712
1791001800000,766.35,767.69,765.18,766.23,3894.372
1791002700000,766.23,767.26,766.23,767.02,426.832
1791003600000,767.03,767.52,766.54,767.05,509.19
1791004500000,767.06,767.46,767.05,767.2,358.662
1791005400000,767.2,767.41,766.97,767.0,304.351
1791006300000,767.01,767.28,766.98,767.05,301.495
1791007200000,767.05,767.35,766.62,766.63,449.994
1791008100000,766.62,766.69,765.9,766.05,431.796
1791009000000,766.05,766.71,765.97,766.14,715.923
1791009900000,766.14,766.4,765.62,766.15,759.738
1791010800000,766.17,766.26,765.45,765.62,1015.839
1791011700000,765.61,766.08,765.31,766.01,374.259
1791012600000,766.01,766.36,765.25,765.25,469.769
1791013500000,765.26,766.01,765.01,765.35,816.524
1791014400000,765.36,765.86,764.87,765.49,645.264
1791015300000,765.49,765.7,764.83,765.45,692.824
1791016200000,765.45,765.87,765.34,765.86,350.592
1791017100000,765.86,766.49,765.71,766.32,561.101
1791018000000,766.32,767.74,766.32,767.64,1341.588
1791018900000,767.65,768.0,766.79,767.89,1482.717
1791019800000,767.88,768.12,767.7,767.84,301.955
1791020700000,767.83,767.83,767.51,767.61,342.825
1791021600000,767.6,769.0,767.5,768.43,898.308
1791022500000,768.43,769.18,768.42,769.17,525.605
1791023400000,769.17,769.2,768.11,768.34,569.239
1791024300000,768.34,768.78,768.25,768.78,235.503
1791025200000,768.78,769.87,768.73,769.29,611.232
1791026100000,769.29,769.57,768.93,769.18,304.161
1791027000000,769.17,770.0,768.84,769.99,478.954
1791027900000,769.99,770.26,769.71,770.25,692.21
1791028800000,770.26,771.09,769.49,771.08,872.08
1791029700000,771.08,771.77,770.4,770.72,836.676
1791030600000,770.72,771.54,770.47,771.18,618.493
1791031500000,771.18,772.0,771.17,771.65,436.684
1791032400000,771.65,772.8,771.33,772.72,706.419
1791033300000,772.72,772.74,771.74,772.67,569.519
1791034200000,772.67,774.47,771.9,773.61,1179.446
1791035100000,773.6,774.54,773.37,774.5,479.874
1791036000000,774.5,775.28,774.04,774.95,1242.634
1791036900000,774.95,776.58,774.65,776.39,1385.194
1791037800000,776.39,777.62,775.29,777.42,1906.148
1791038700000,777.43,778.73,777.42,778.52,1454.821
1791039600000,778.53,779.1,777.43,777.74,1764.381
1791040500000,777.73,777.74,775.96,776.78,1968.912
1791041400000,776.78,778.56,776.25,778.37,982.469
1791042300000,778.37,779.25,778.15,778.66,1082.225
1791043200000,778.66,778.84,777.23,777.74,1067.51
1791044100000,777.74,778.33,776.47,778.16,684.528
1791045000000,778.16,780.53,778.15,780.53,2475.41
1791045900000,780.52,781.0,779.37,780.0,1321.874
1791046800000,780.0,791.05,779.95,789.96,16869.998
1791047700000,789.97,791.44,788.42,789.73,5085.493
1791048600000,789.73,790.5,787.35,790.18,3526.859
1791049500000,790.18,791.13,787.82,788.08,2061.744
1791050400000,788.08,790.12,787.47,788.23,1470.874
1791051300000,788.22,789.03,787.84,788.62,697.074
1791052200000,788.61,789.62,788.01,788.01,1211.319
1791053100000,788.02,789.74,787.52,789.53,789.636
1791054000000,789.54,790.94,788.97,790.93,967.152
1791054900000,790.93,792.82,790.06,790.06,2286.252
1791055800000,790.07,790.07,787.75,788.39,1392.185
1791056700000,788.39,789.89,787.53,789.71,1067.846
1791057600000,789.71,790.53,789.32,790.31,761.201
1791058500000,790.3,790.3,788.37,788.46,399.323
1791059400000,788.47,788.77,788.0,788.01,289.879
1791060300000,788.01,788.59,786.33,786.4,776.959
1791061200000,786.4,787.35,785.57,785.84,560.72
1791062100000,785.84,786.02,784.92,785.49,435.104
1791063000000,785.49,786.09,785.48,785.87,464.469
1791063900000,785.88,786.14,785.0,785.09,278.334
1791064800000,785.1,787.09,784.92,786.84,398.882
1791065700000,786.84,787.51,786.43,787.51,583.003
1791066600000,787.51,789.31,787.5,789.18,527.024
1791067500000,789.18,789.93,789.18,789.24,446.271
1791068400000,789.24,789.57,787.68,787.86,523.645
1791069300000,787.86,788.41,787.01,787.09,400.772
1791070200000,787.09,787.57,786.64,787.27,661.327
1791071100000,787.28,787.55,786.81,786.88,411.569
1791072000000,786.88,787.67,786.08,786.28,1098.116
1791072900000,786.28,787.15,785.87,786.37,579.179
1791073800000,786.37,786.88,784.9,784.91,663.249
1791074700000,784.9,785.64,784.05,785.32,941.317
1791075600000,785.32,785.63,784.0,784.0,515.472
1791076500000,784.0,784.01,783.01,783.45,603.492
1791077400000,783.46,783.7,782.94,783.47,554.339
1791078300000,783.47,784.53,783.47,784.27,269.788
1791079200000,784.26,784.28,782.96,783.35,420.625
1791080100000,783.36,783.65,782.15,783.27,644.771
1791081000000,783.27,784.39,782.71,784.31,685.772
1791081900000,784.3,784.3,783.29,783.51,474.318
1791082800000,783.51,783.51,782.87,783.39,270.916
1791083700000,783.39,784.0,783.32,783.73,388.157
1791084600000,783.74,785.06,783.73,784.78,873.503
1791085500000,784.79,785.56,784.41,784.56,624.435
1791086400000,784.56,785.35,783.54,783.9,354.945
1791087300000,783.9,784.75,783.47,784.75,382.356
1791088200000,784.74,785.04,784.4,784.99,310.13
1791089100000,785.0,785.06,784.68,784.76,191.894
1791090000000,784.77,786.21,784.77,786.07,444.083
1791090900000,786.06,787.32,786.06,786.44,526.247
1791091800000,786.44,787.38,786.0,787.09,510.639
1791092700000,787.09,787.5,786.15,786.69,573.687
1791093600000,786.7,786.91,785.94,786.44,487.965
1791094500000,786.45,788.6,786.45,788.01,1576.742
1791095400000,788.01,788.32,787.18,787.94,1227.268
1791096300000,787.95,788.98,787.94,788.53,479.177
1791097200000,788.53,788.61,787.7,787.94,452.268
1791098100000,787.94,788.44,786.93,788.09,735.245
1791099000000,788.09,788.09,787.23,787.94,385.304
1791099900000,787.95,788.11,787.4,787.87,746.762
1791100800000,787.86,788.55,787.28,788.53,542.86
1791101700000,788.52,788.88,788.19,788.71,1603.649
1791102600000,788.7,789.17,788.53,788.56,522.859
1791103500000,788.56,790.0,788.51,789.68,949.816
1791104400000,789.68,792.5,789.4,792.2,2193.199
1791105300000,792.2,795.0,791.56,793.26,2072.281
1791106200000,793.27,795.12,792.91,793.16,3188.276
1791107100000,793.16,793.39,790.84,791.98,957.852
1791108000000,791.98,792.39,790.23,790.6,888.517
1791108900000,790.6,791.0,790.04,790.94,2494.076
1791109800000,790.94,791.0,788.88,789.45,1128.7
1791110700000,789.45,789.49,788.75,788.76,564.372
1791111600000,788.76,788.76,787.6,787.69,546.535
1791112500000,787.69,789.59,787.68,788.75,1031.465
1791113400000,788.76,789.54,787.8,787.8,575.859
1791114300000,787.81,788.75,787.28,788.67,505.137
1791115200000,788.68,789.7,788.3,788.42,909.828
1791116100000,788.41,788.75,787.16,788.28,931.075
1791117000000,788.27,789.12,788.23,788.23,709.435
1791117900000,788.24,789.06,787.92,788.75,1062.438
1791118800000,788.75,790.3,788.74,790.21,1150.618
1791119700000,790.21,790.7,789.77,790.19,856.1
1791120600000,790.18,790.33,789.63,789.85,615.315
1791121500000,789.86,790.32,789.35,789.44,356.288
1791122400000,789.45,789.68,787.16,787.42,925.46
1791123300000,787.42,787.43,785.42,787.09,1143.446
1791124200000,787.09,787.5,786.52,786.55,392.813
1791125100000,786.55,787.2,786.07,787.15,551.913
1791126000000,787.16,788.16,787.04,787.89,576.966
1791126900000,787.9,788.64,787.42,787.51,812.054
1791127800000,787.51,787.6,786.87,787.22,418.017
1791128700000,787.22,787.96,787.14,787.14,446.342
1791129600000,787.15,788.48,786.46,788.47,574.026
1791130500000,788.48,788.91,787.65,788.66,385.577
1791131400000,788.67,789.31,788.54,788.82,593.948
1791132300000,788.82,789.31,788.5,788.67,419.451
1791133200000,788.67,789.35,788.32,788.64,376.398
1791134100000,788.64,789.29,788.5,789.19,448.124
1791135000000,789.18,789.36,788.5,788.93,334.469
1791135900000,788.94,789.08,788.23,788.34,261.762
1791136800000,788.35,788.79,788.18,788.79,195.164
1791137700000,788.79,789.31,788.79,789.0,176.774
1791138600000,789.0,789.11,788.29,788.97,282.832
1791139500000,788.97,789.28,788.77,789.27,135.534
1791140400000,789.28,789.64,788.69,788.92,424.523
1791141300000,788.92,789.11,788.8,788.99,152.255
1791142200000,788.98,789.78,788.96,789.24,351.921
1791143100000,789.25,789.54,789.18,789.52,192.739
1791144000000,789.53,789.75,788.95,789.75,332.007
1791144900000,789.74,790.35,789.74,790.23,356.548
1791145800000,790.23,790.89,789.7,790.88,433.559
1791146700000,790.88,791.87,790.8,791.77,1643.599
1791147600000,791.77,795.8,791.59,793.89,1351.265
1791148500000,793.88,793.88,791.92,793.15,738.677
1791149400000,793.14,794.2,793.13,793.73,454.084
1791150300000,793.74,794.5,792.52,792.65,407.691
1791151200000,792.65,795.5,792.65,794.96,908.065
1791152100000,794.96,797.89,794.71,795.72,7054.498
1791153000000,795.72,796.48,794.95,795.8,3183.199
1791153900000,795.8,795.83,794.54,795.43,970.597
1791154800000,795.43,796.38,794.5,796.37,786.914
1791155700000,796.38,797.34,795.73,796.09,898.731
1791156600000,796.08,796.48,794.61,795.37,611.213
1791157500000,795.37,795.72,794.94,795.43,638.588
1791158400000,795.42,795.43,793.58,794.57,755.539
1791159300000,794.57,795.43,793.29,793.5,1104.493
1791160200000,793.51,794.99,793.13,794.9,578.419
1791161100000,794.89,796.7,794.47,796.7,573.888
1791162000000,796.7,797.43,795.42,797.38,597.643
1791162900000,797.38,801.88,796.68,799.62,7816.74
1791163800000,799.62,799.62,796.87,798.9,1372.798
1791164700000,798.89,800.93,798.83,799.72,1271.038
1791165600000,799.73,806.4,799.53,806.01,7400.63
1791166500000,806.0,809.99,805.0,805.11,9073.083
1791167400000,805.1,805.96,803.38,803.4,3242.571
1791168300000,803.4,803.7,800.88,801.0,4514.594
1791169200000,800.99,802.08,799.38,800.73,4220.143
1791170100000,800.72,800.8,794.41,797.04,4260.673
1791171000000,797.04,797.55,793.35,794.39,2861.527
1791171900000,794.38,794.83,790.43,792.15,4072.025
1791172800000,792.14,792.68,791.1,791.8,1890.461
1791173700000,791.79,792.73,789.91,790.21,1588.452
1791174600000,790.21,790.93,788.31,790.84,2234.165
1791175500000,790.84,791.47,788.67,789.59,1635.37
1791176400000,789.6,790.73,789.06,789.2,1052.102
1791177300000,789.21,789.98,788.57,789.98,754.196
1791178200000,789.98,791.98,788.76,791.48,1304.966
1791179100000,791.47,792.22,790.68,792.22,1032.657
1791180000000,792.22,793.91,791.66,793.13,2509.789
1791180900000,793.13,794.05,791.85,791.85,2378.865
1791181800000,791.86,792.76,791.19,791.41,1025.487
1791182700000,791.41,794.64,791.28,794.29,2297.151
1791183600000,794.29,795.81,793.16,793.99,2681.908
1791184500000,793.99,794.89,792.37,793.14,1996.373
1791185400000,793.15,793.19,791.7,792.79,1468.836
1791186300000,792.78,793.06,791.66,791.82,1984.745
1791187200000,791.82,793.27,791.31,792.7,2265.759
1791188100000,792.69,792.69,791.03,791.43,1877.712
1791189000000,791.44,791.66,788.45,789.13,2941.994
