open_time_ms,open,high,low,close,volume
1789390800000,77698.01,77736.01,77481.98,77714.01,203.54227
1789391700000,77714.01,77860.3,77714.01,77860.3,146.22207
1789392600000,77860.74,78257.0,77840.0,78150.01,415.45426
1789393500000,78150.01,78490.0,78054.0,78168.01,376.02714
1789394400000,78168.01,78532.01,78164.01,78512.0,280.59206
1789395300000,78512.0,78649.17,78212.0,78398.01,403.41916
1789396200000,78398.01,78712.29,78340.57,78424.31,346.54999
1789397100000,78424.31,78623.06,78402.0,78521.06,274.68676
1789398000000,78521.05,78588.0,78301.41,78502.01,252.90722
1789398900000,78502.0,78602.25,78401.0,78407.67,211.3308
1789399800000,78407.67,78612.01,78342.0,78559.25,245.49871
1789400700000,78559.26,78684.01,78360.0,78578.02,202.02062
1789401600000,78578.02,78605.85,78426.17,78433.76,106.60208
1789402500000,78433.76,78882.01,78433.76,78662.18,304.75666
1789403400000,78662.19,78751.24,78622.0,78638.0,100.6816
1789404300000,78638.0,78904.72,78638.0,78769.42,151.0897
1789405200000,78769.42,78890.01,78734.96,78828.01,104.25172
1789406100000,78828.0,78985.76,78787.42,78887.16,236.70182
1789407000000,78887.16,78899.74,78698.37,78845.36,96.31468
1789407900000,78845.37,79048.44,78832.0,78937.98,212.97512
1789408800000,78937.98,79000.0,78848.18,78848.19,194.50253
1789409700000,78848.18,79253.73,78838.57,79135.72,322.37959
1789410600000,79135.72,79240.02,78990.0,79181.83,180.54113
1789411500000,79181.83,79325.0,79177.12,79226.01,196.69366
1789412400000,79226.0,79226.0,79014.0,79072.09,136.18895
1789413300000,79072.1,79227.69,79072.1,79143.03,88.80732
1789414200000,79143.03,79184.01,78951.67,79136.0,177.85687
1789415100000,79136.0,79150.01,78981.99,78982.0,96.95782
1789416000000,78982.01,79227.69,78978.56,79184.0,99.9281
1789416900000,79184.0,79600.0,79184.0,79438.0,270.88368
1789417800000,79438.0,79489.97,79334.84,79334.84,158.94655
1789418700000,79334.84,79382.01,79088.0,79100.0,93.23281
1789419600000,79100.0,79117.93,78761.27,78890.96,278.84174
1789420500000,78890.95,78989.28,78815.91,78907.23,139.33123
1789421400000,78907.24,78960.47,78782.0,78817.47,98.44206
1789422300000,78817.48,78832.01,78746.0,78757.83,57.54243
1789423200000,78757.82,78854.01,78716.27,78827.34,92.82749
1789424100000,78827.34,78836.45,78511.0,78590.0,130.1123
1789425000000,78590.01,78673.06,78520.0,78655.1,131.20639
1789425900000,78655.09,78657.46,78557.98,78557.98,65.63134
1789426800000,78557.99,78568.01,78353.5,78425.8,100.90719
1789427700000,78425.8,78469.48,78364.3,78394.65,127.27449
1789428600000,78394.14,78394.15,78260.0,78311.18,66.31414
1789429500000,78311.19,78311.19,78131.3,78189.21,138.46315
1789430400000,78189.2,78250.46,78120.0,78121.25,114.23256
1789431300000,78121.25,78130.01,78000.0,78017.99,98.7075
1789432200000,78017.99,78093.6,77941.18,77965.63,123.71326
1789433100000,77965.09,78024.26,77943.97,77952.93,109.7257
1789434000000,77952.92,77952.93,77750.0,77828.1,178.11236
1789434900000,77828.1,78030.79,77800.0,77856.46,177.25662
1789435800000,77856.47,78024.84,77845.16,78017.52,70.62104
1789436700000,78017.51,78080.0,77917.85,77917.86,78.33375
1789437600000,77917.86,78015.77,77874.91,77986.34,49.18672
1789438500000,77986.35,78018.04,77915.64,77956.59,45.94181
1789439400000,77956.58,77959.94,77842.14,77878.5,66.53503
1789440300000,77878.5,77919.44,77776.25,77913.72,99.41295
1789441200000,77913.73,77913.73,77702.0,77720.01,125.96382
1789442100000,77720.01,77843.78,77708.81,77842.88,80.69219
1789443000000,77842.88,77864.46,77777.8,77801.75,52.5016
1789443900000,77801.76,77811.25,77658.0,77676.99,111.31968
1789444800000,77676.99,77744.31,77630.87,77642.39,276.49107
1789445700000,77642.38,77686.01,77555.8,77624.21,354.69771
1789446600000,77624.22,77665.97,77542.0,77646.65,99.06585
1789447500000,77646.64,77646.65,77567.11,77567.12,54.43621
1789448400000,77567.11,77646.01,77300.01,77409.46,177.93088
1789449300000,77409.47,77466.01,77324.43,77465.99,91.30705
1789450200000,77466.0,77500.0,77378.0,77462.0,69.46832
1789451100000,77462.01,77666.66,77462.0,77630.0,123.09169
1789452000000,77630.0,77727.83,77573.55,77573.56,76.34312
1789452900000,77573.55,77599.22,77392.26,77410.16,62.92746
1789453800000,77410.16,77450.38,77400.0,77442.76,75.24217
1789454700000,77442.75,77446.01,77191.02,77286.7,146.94818
1789455600000,77286.71,77310.71,77164.57,77218.0,143.44152
1789456500000,77217.99,77309.65,77193.56,77279.55,152.84708
1789457400000,77279.55,77279.55,77019.79,77034.28,265.73584
1789458300000,77034.29,77099.02,76889.22,76930.01,322.12186
1789459200000,76930.0,76938.31,76703.59,76810.01,294.25168
1789460100000,76810.01,76885.21,76707.62,76856.01,193.68361
1789461000000,76856.01,76894.67,76832.0,76844.0,136.25764
1789461900000,76844.01,77007.84,76844.0,77000.01,130.351
1789462800000,77000.01,77000.01,76900.0,76933.35,101.83243
1789463700000,76933.35,76998.16,76869.99,76912.0,118.57835
1789464600000,76912.0,76991.62,76906.17,76991.62,87.90972
1789465500000,76991.62,77059.87,76959.99,76984.05,175.15019
1789466400000,76984.05,77054.64,76910.0,76996.25,149.66884
1789467300000,76996.25,77042.01,76892.0,76892.0,126.3432
1789468200000,76892.0,77052.01,76872.9,77052.01,207.70152
1789469100000,77052.01,77176.07,77008.51,77053.8,120.18989
1789470000000,77053.8,77223.32,77012.0,77038.51,129.58032
1789470900000,77040.0,77110.34,76972.0,77001.08,108.3644
1789471800000,77001.08,77001.09,76850.0,76926.33,147.516
1789472700000,76926.69,76951.63,76843.75,76940.01,78.46766
1789473600000,76940.01,76978.01,76859.64,76922.6,95.66623
1789474500000,76922.59,76986.5,76902.0,76953.81,152.1739
1789475400000,76953.8,76967.07,76858.66,76947.51,103.84621
1789476300000,76947.5,77143.15,76878.17,76957.65,160.86148
1789477200000,76956.75,77126.01,76954.28,76987.35,165.57777
1789478100000,76987.36,77003.69,76910.12,76952.0,127.18278
1789479000000,76952.01,76952.01,76123.42,76422.56,1142.17272
1789479900000,76422.56,76620.01,76152.0,76618.77,748.45368
1789480800000,76618.77,76696.0,76329.6,76406.35,401.66406
1789481700000,76406.35,76514.01,76307.47,76347.23,374.38
1789482600000,76347.22,76347.22,75700.87,75912.01,1126.79371
1789483500000,75912.01,75994.0,75605.0,75942.01,748.47406
1789484400000,75942.01,76105.91,75832.0,76023.25,371.24427
1789485300000,76023.25,76514.01,75904.63,76348.01,423.17828
1789486200000,76348.01,76462.69,76278.0,76439.42,262.72982
1789487100000,76439.42,76603.59,76426.0,76512.0,292.24425
1789488000000,76512.01,76576.47,76274.0,76282.02,178.80463
1789488900000,76282.01,76501.63,76282.01,76482.38,189.0002
1789489800000,76482.38,76487.4,76300.0,76368.0,119.92713
1789490700000,76368.0,76505.65,76366.5,76388.0,110.48229
1789491600000,76388.01,76417.51,76194.21,76273.85,210.91438
1789492500000,76273.85,76542.01,76242.03,76522.01,87.5001
1789493400000,76522.01,77343.44,76522.0,76772.0,620.11662
1789494300000,76772.01,77081.77,76772.0,76962.0,154.69488
1789495200000,76962.0,76969.2,76830.0,76878.01,184.94909
1789496100000,76878.0,77205.39,76495.54,76919.08,397.84019
1789497000000,76919.08,76950.96,75700.79,75773.02,1131.59687
1789497900000,75773.03,76205.14,74967.97,76000.0,1953.59749
1789498800000,76000.0,76269.76,75813.75,75978.93,427.52479
1789499700000,75978.94,76305.99,75875.51,75919.82,290.64043
1789500600000,75919.82,76063.77,75874.94,75897.53,223.38606
1789501500000,75897.54,76187.75,75868.05,76186.48,204.21058
1789502400000,76186.48,76245.98,75936.0,76042.0,182.59398
1789503300000,76041.99,76042.0,75742.18,75744.94,112.27523
1789504200000,75744.94,75862.19,75613.2,75862.19,144.65029
1789505100000,75862.19,76000.0,75862.19,75935.24,87.27545
1789506000000,75935.24,75956.58,75726.7,75874.76,138.45413
1789506900000,75874.76,75901.21,75660.0,75680.51,104.4669
1789507800000,75680.5,75766.42,75558.01,75748.77,88.82865
1789508700000,75748.78,75756.83,75392.35,75453.85,146.33177
1789509600000,75453.85,75597.4,75302.11,75381.89,198.50546
1789510500000,75381.88,75554.41,75140.64,75493.0,272.57576
1789511400000,75493.0,75664.56,75489.36,75613.72,120.04419
1789512300000,75613.72,75747.98,75600.0,75668.0,112.04965
1789513200000,75667.99,75898.85,75658.47,75896.99,79.18612
1789514100000,75896.99,75942.13,75734.22,75734.22,133.95872
1789515000000,75734.22,75741.06,75562.01,75673.74,125.21762
1789515900000,75673.74,75718.91,75625.0,75644.48,74.27542
1789516800000,75644.48,75793.59,75578.61,75702.64,89.27119
1789517700000,75702.64,75850.07,75682.83,75850.07,67.03605
1789518600000,75850.07,75915.49,75777.0,75802.27,70.98874
1789519500000,75802.28,75878.87,75731.65,75772.1,113.25157
1789520400000,75772.1,75862.43,75693.96,75786.07,79.57027
1789521300000,75786.07,75964.01,75721.0,75871.46,91.25837
1789522200000,75871.47,75871.47,75547.73,75659.55,123.55044
1789523100000,75659.55,75714.01,75457.52,75489.14,177.08677
1789524000000,75489.14,75674.04,75483.32,75659.07,108.56563
1789524900000,75659.07,75940.5,75648.91,75940.5,97.06862
1789525800000,75940.5,76111.0,75931.75,75964.78,131.67672
1789526700000,75964.79,76000.0,75817.46,75886.35,93.91681
1789527600000,75886.36,75988.01,75822.52,75956.98,122.97127
1789528500000,75956.98,76076.01,75856.76,75856.77,118.39336
1789529400000,75856.77,75908.01,75779.03,75792.02,88.76181
1789530300000,75792.02,75832.01,75768.25,75824.01,39.14609
1789531200000,75824.0,75918.01,75819.7,75889.99,63.52094
1789532100000,75889.99,75986.01,75838.0,75870.1,87.93783
1789533000000,75870.1,76022.67,75853.37,75929.02,84.94772
1789533900000,75929.02,75970.09,75805.7,75864.02,84.69316
1789534800000,75864.02,75877.33,75677.64,75802.01,67.54873
1789535700000,75802.01,75920.01,75802.0,75884.18,113.9944
1789536600000,75884.18,75981.36,75836.7,75966.12,70.46189
1789537500000,75966.11,75966.12,75886.08,75962.01,120.62624
1789538400000,75962.01,76028.67,75952.43,75996.02,130.27127
1789539300000,75996.02,76015.38,75882.35,75916.81,106.12464
1789540200000,75916.81,75944.01,75830.0,75932.01,68.8725
1789541100000,75932.0,76038.83,75924.0,76030.01,94.59316
1789542000000,76030.01,76097.54,75820.0,75880.02,152.46139
1789542900000,75880.01,75928.01,75807.19,75817.86,143.18061
1789543800000,75817.86,75912.01,75758.02,75819.67,212.14485
1789544700000,75819.68,75894.01,75739.36,75766.63,214.16512
1789545600000,75766.62,75766.62,75468.18,75523.47,274.65009
1789546500000,75523.47,75632.34,75350.0,75436.78,267.91946
1789547400000,75436.78,75574.78,75428.0,75558.41,92.03044
1789548300000,75558.4,75736.01,75543.36,75736.01,56.16244
1789549200000,75736.01,75950.0,75730.0,75796.23,248.07475
1789550100000,75796.24,75877.35,75763.53,75834.58,93.37401
1789551000000,75834.58,75944.01,75830.03,75919.01,53.39359
1789551900000,75919.01,75994.0,75892.43,75993.0,60.48416
1789552800000,75993.01,76046.05,75933.11,75944.35,144.34149
1789553700000,75944.34,76015.75,75922.0,75972.01,65.79977
1789554600000,75972.0,76008.98,75948.0,75987.79,51.40403
1789555500000,75987.79,75993.52,75900.0,75990.2,53.23742
1789556400000,75990.2,76049.94,75910.04,75916.0,78.14553
1789557300000,75916.01,75994.01,75874.0,75978.01,82.74317
1789558200000,75978.0,76278.64,75958.0,76236.0,161.48295
1789559100000,76236.01,76304.01,76152.47,76250.0,201.3038
1789560000000,76250.0,76300.0,76114.0,76115.98,182.36821
1789560900000,76115.98,76160.47,75912.5,75934.8,161.28988
1789561800000,75934.8,76018.93,75794.02,75961.45,123.95576
1789562700000,75961.46,76049.23,75904.95,75967.99,99.25126
1789563600000,75967.98,75967.98,75684.3,75799.46,176.81504
1789564500000,75799.46,75880.68,75709.03,75770.29,135.7644
1789565400000,75770.29,75797.67,75585.09,75776.16,216.37328
1789566300000,75776.16,75941.17,75612.27,75646.01,209.06167
1789567200000,75646.01,75669.68,75423.04,75570.66,188.11815
1789568100000,75570.66,75830.01,75543.72,75828.0,166.62511
1789569000000,75828.01,75830.48,75616.42,75762.01,179.21274
1789569900000,75762.0,75762.0,75476.17,75697.82,172.01198
1789570800000,75697.83,75796.0,75552.79,75762.01,153.67236
1789571700000,75762.0,75800.0,75638.52,75638.53,129.83448
1789572600000,75638.52,75788.0,75556.45,75730.01,101.64947
1789573500000,75730.0,75950.0,75724.01,75788.41,175.68073
1789574400000,75788.41,75868.01,75650.0,75842.0,131.75334
1789575300000,75842.01,75883.75,75750.0,75788.0,100.912
1789576200000,75788.01,75838.54,75682.94,75688.01,72.23186
1789577100000,75688.01,75834.01,75682.94,75768.0,62.84203
1789578000000,75768.0,75793.91,75666.44,75727.06,81.26428
1789578900000,75727.06,75820.0,75640.82,75715.36,104.09669
1789579800000,75715.35,75738.01,75391.67,75460.65,208.85298
1789580700000,75460.66,75937.45,75353.07,75768.01,244.31307
1789581600000,75770.45,76560.76,75298.43,75798.01,1449.39764
1789582500000,75798.01,76104.01,75655.35,76015.09,456.22758
1789583400000,76015.09,76332.01,75064.82,75978.36,857.38001
1789584300000,75978.36,76089.03,75500.0,75632.0,334.09803
1789585200000,75632.01,76180.0,75632.01,75949.61,284.17189
1789586100000,75949.61,76018.01,75250.0,75550.98,288.25538
1789587000000,75550.63,75999.97,75436.16,75976.41,186.81743
1789587900000,75976.35,76150.0,75968.01,76080.0,198.78108
1789588800000,76080.0,76422.01,76024.0,76219.99,158.50496
1789589700000,76219.98,76373.34,76120.0,76216.01,185.01546
1789590600000,76216.0,76262.01,76039.1,76130.01,82.76486
1789591500000,76130.01,76196.01,76068.64,76178.34,85.56099
1789592400000,76178.35,76213.34,76092.63,76116.01,81.96835
1789593300000,76116.0,76146.01,76044.94,76074.56,112.03968
1789594200000,76074.56,76099.98,75933.11,75960.13,64.10874
1789595100000,75960.12,76024.01,75944.0,75976.0,62.33037
1789596000000,75976.01,75986.01,75671.0,75892.0,115.07132
1789596900000,75892.0,75937.52,75667.24,75758.21,191.42064
1789597800000,75758.21,75816.01,75654.81,75816.01,93.50037
1789598700000,75816.0,75820.01,75632.7,75675.88,125.53486
1789599600000,75675.88,75845.33,75643.61,75845.32,121.49879
1789600500000,75845.32,76140.62,75844.24,76076.49,115.24321
1789601400000,76076.49,76224.01,76063.77,76207.72,139.26963
1789602300000,76207.72,76276.02,76161.99,76206.01,108.46701
1789603200000,76206.0,76443.78,76188.0,76328.0,160.9921
1789604100000,76328.01,76494.0,76324.0,76404.96,110.30736
1789605000000,76404.97,76511.18,76376.01,76434.0,143.66931
1789605900000,76434.0,76456.88,76342.76,76342.77,57.91977
1789606800000,76342.77,76363.65,76222.01,76301.82,70.88809
1789607700000,76301.82,76658.39,76222.0,76631.36,193.45689
1789608600000,76631.36,76774.08,76510.55,76607.89,182.98395
1789609500000,76607.89,76607.89,76342.76,76374.21,191.48861
1789610400000,76374.22,76390.01,76111.0,76220.0,134.97038
1789611300000,76220.0,76220.0,76055.34,76179.23,108.77223
1789612200000,76179.22,76446.01,76156.0,76426.01,162.56794
1789613100000,76426.0,76485.13,76338.49,76370.01,90.36957
1789614000000,76370.01,76502.69,76370.01,76440.0,60.90992
1789614900000,76439.99,76530.0,76420.0,76500.0,47.69181
1789615800000,76500.01,76535.03,76444.53,76482.01,63.15855
1789616700000,76482.01,76504.01,76409.54,76441.99,123.69109
1789617600000,76442.0,76442.0,76300.0,76320.14,48.75226
1789618500000,76320.13,76324.01,76187.0,76214.26,70.46437
1789619400000,76214.27,76384.9,76187.0,76370.1,74.07706
1789620300000,76370.0,76598.0,76339.03,76539.81,82.25058
1789621200000,76539.82,76632.14,76449.9,76477.36,84.60545
1789622100000,76477.37,76549.99,76420.0,76491.27,59.49828
1789623000000,76491.27,76491.28,76329.61,76359.19,82.20907
1789623900000,76359.18,76430.16,76318.0,76333.88,53.88023
1789624800000,76333.87,76479.35,76308.42,76464.95,70.08457
1789625700000,76464.96,76464.96,76342.89,76448.0,55.27339
1789626600000,76448.01,76584.1,76448.01,76561.32,82.43036
1789627500000,76561.31,76598.01,76472.7,76477.45,64.04692
1789628400000,76477.46,76682.01,76477.45,76536.01,102.42658
1789629300000,76536.0,76640.01,76518.0,76522.93,131.0827
1789630200000,76522.94,76535.92,76492.0,76512.61,84.33994
1789631100000,76512.61,76528.0,76425.34,76462.76,104.59473
1789632000000,76462.77,76527.66,76418.0,76418.01,93.45305
1789632900000,76418.01,76534.62,76396.97,76462.0,106.54928
1789633800000,76462.0,76545.01,76415.94,76494.0,106.25663
1789634700000,76494.0,76591.46,76477.45,76574.63,116.00668
1789635600000,76574.63,76717.42,76574.62,76689.51,89.6702
1789636500000,76689.51,76741.74,76650.0,76689.05,107.89928
1789637400000,76689.04,76770.0,76597.03,76597.04,87.79813
1789638300000,76597.03,76640.01,76468.04,76468.05,92.89978
1789639200000,76468.04,76470.49,76314.0,76398.0,107.25118
1789640100000,76398.0,76398.01,76318.93,76350.0,76.31017
1789641000000,76350.0,76410.01,76322.85,76325.01,68.13258
1789641900000,76325.01,76402.01,76270.0,76402.01,162.19597
1789642800000,76402.01,76455.01,76350.0,76434.35,63.69243
1789643700000,76434.35,76457.79,76346.14,76394.33,66.42618
1789644600000,76394.32,76394.33,76179.0,76192.0,77.84782
1789645500000,76192.01,76488.73,76192.01,76482.0,121.98449
1789646400000,76482.0,76820.0,76398.93,76820.0,203.09756
1789647300000,76819.99,76999.01,76814.29,76996.77,219.00642
1789648200000,76996.76,77179.47,76865.78,76870.18,419.29102
1789649100000,76870.18,76907.73,76734.65,76736.59,128.85531
1789650000000,76736.59,76889.66,76637.0,76659.3,175.8248
1789650900000,76659.3,76745.53,76465.11,76472.01,128.11738
1789651800000,76472.01,76584.01,76000.0,76152.0,423.75784
1789652700000,76152.01,76694.07,76054.0,76694.07,285.67339
1789653600000,76694.06,76983.14,76391.44,76965.72,330.06619
1789654500000,76965.72,77088.05,76706.0,76943.57,310.57472
1789655400000,76943.57,77014.01,76612.0,76620.54,193.63977
1789656300000,76620.53,76727.94,76500.0,76502.46,106.9918
1789657200000,76502.45,76502.46,76275.0,76350.26,132.86908
1789658100000,76350.25,76464.01,76287.23,76464.01,73.41614
1789659000000,76464.01,76862.85,76451.88,76766.28,122.74281
1789659900000,76766.28,76800.0,76604.58,76780.01,143.33686
1789660800000,76780.01,76811.39,76668.0,76731.47,99.85323
1789661700000,76731.47,76796.38,76676.0,76710.79,133.76934
1789662600000,76710.79,76713.66,76534.0,76706.01,188.32898
1789663500000,76706.01,76753.46,76591.58,76753.46,174.59289
1789664400000,76753.46,76920.7,76736.13,76820.01,251.55694
1789665300000,76820.01,76950.0,76768.53,76924.97,172.71844
1789666200000,76924.97,76970.01,76716.0,76716.0,137.39056
1789667100000,76716.0,76716.0,76576.0,76667.86,149.82809
1789668000000,76667.87,76720.0,76650.0,76719.99,38.05195
1789668900000,76720.0,76781.85,76719.99,76744.39,38.65427
1789669800000,76744.4,76757.98,76470.4,76626.82,115.6906
1789670700000,76626.81,76695.22,76575.96,76575.96,100.70048
1789671600000,76575.97,76624.18,76560.19,76564.62,70.29916
1789672500000,76564.61,76625.0,76504.62,76581.17,71.24723
1789673400000,76581.18,76625.0,76540.0,76603.59,53.66675
1789674300000,76603.6,76677.42,76506.18,76594.01,97.11619
1789675200000,76594.01,76650.01,76540.73,76636.0,46.69985
1789676100000,76636.01,76732.99,76600.0,76711.46,49.72176
1789677000000,76711.46,76711.46,76512.0,76527.45,61.02301
1789677900000,76527.44,76556.02,76500.0,76556.01,41.34278
1789678800000,76556.01,76616.01,76500.0,76506.87,82.82388
1789679700000,76506.87,76568.97,76506.86,76560.04,29.27465
1789680600000,76560.04,76580.86,76525.0,76525.01,37.43723
1789681500000,76525.01,76525.01,76395.51,76415.85,61.4182
1789682400000,76415.85,76458.55,76335.61,76367.21,96.65446
1789683300000,76367.21,76367.21,76259.98,76273.69,56.52513
1789684200000,76273.7,76447.87,76262.0,76418.01,54.85185
1789685100000,76418.01,76430.0,76323.37,76420.0,62.72017
1789686000000,76419.99,76510.01,76384.04,76494.5,79.95702
1789686900000,76494.51,76500.0,76468.26,76490.0,26.77891
1789687800000,76490.0,76490.01,76389.77,76436.09,62.89367
1789688700000,76436.1,76500.05,76403.99,76417.01,85.94552
1789689600000,76417.01,76472.35,76377.31,76472.35,237.36462
1789690500000,76472.34,76472.35,76296.0,76374.0,50.70293
1789691400000,76374.0,76455.09,76350.0,76431.35,48.33736
1789692300000,76431.36,76590.0,76410.0,76590.0,40.1702
1789693200000,76589.99,76678.0,76544.0,76550.0,368.3734
1789694100000,76550.0,76640.01,76520.0,76588.01,46.09612
1789695000000,76588.0,76720.0,76579.96,76696.59,77.66332
1789695900000,76696.59,76763.86,76693.58,76744.01,85.47057
1789696800000,76744.01,76817.79,76644.0,76770.0,169.76792
1789697700000,76770.01,76931.66,76752.0,76931.65,156.77525
1789698600000,76931.66,77042.06,76931.65,76946.63,295.99175
1789699500000,76946.63,77042.2,76924.0,76988.3,89.80735
1789700400000,76988.31,77323.0,76981.94,77322.99,204.70262
1789701300000,77322.99,77597.83,77287.44,77426.9,385.95832
1789702200000,77426.91,77497.42,77321.24,77343.05,157.77653
1789703100000,77343.06,77469.3,77343.05,77383.47,172.05524
1789704000000,77383.47,77417.39,77227.08,77291.22,182.13043
1789704900000,77291.34,77372.42,77250.91,77276.61,166.62081
1789705800000,77276.61,77450.63,77216.76,77450.63,205.64296
1789706700000,77450.63,77575.98,77346.61,77575.97,169.6565
1789707600000,77575.98,77669.0,77454.54,77528.2,225.71102
1789708500000,77528.19,77619.49,77442.93,77600.72,221.49209
1789709400000,77600.72,77715.48,77515.43,77590.64,156.85172
1789710300000,77590.65,77594.95,77460.0,77493.8,113.69975
1789711200000,77493.8,77611.7,77493.79,77496.0,110.84457
1789712100000,77496.01,77679.62,77488.0,77544.01,144.80587
1789713000000,77544.0,77582.02,77494.39,77526.01,124.63238
1789713900000,77526.01,77607.69,77402.32,77604.0,161.71731
1789714800000,77604.01,77787.83,77566.11,77627.36,184.92246
1789715700000,77627.36,77847.3,77618.0,77798.01,211.51924
1789716600000,77798.01,77850.0,77732.49,77822.01,603.10753
1789717500000,77822.0,77822.0,77730.57,77798.01,203.72866
1789718400000,77798.0,77973.45,77660.0,77767.1,345.69783
1789719300000,77767.1,78066.65,77760.0,77960.01,360.36332
1789720200000,77960.01,78028.01,77902.29,77968.73,162.93396
1789721100000,77968.73,78279.8,77959.39,78272.15,213.04413
1789722000000,78271.48,78490.79,78227.34,78377.3,467.39936
1789722900000,78377.29,78394.15,78161.1,78162.96,258.46251
1789723800000,78162.97,78164.01,77961.57,78054.0,304.51608
1789724700000,78054.0,78220.07,78054.0,78212.01,168.61083
1789725600000,78212.0,78222.01,78102.0,78196.59,133.98751
1789726500000,78196.59,78280.94,78167.55,78280.93,80.35775
1789727400000,78280.94,78319.67,78190.01,78230.01,92.2869
1789728300000,78230.0,78369.86,78211.62,78285.34,89.4126
1789729200000,78285.35,78450.01,78044.96,78118.01,265.65329
1789730100000,78118.0,78165.36,78040.4,78053.43,134.15851
1789731000000,78053.42,78172.56,78026.0,78026.01,89.69311
1789731900000,78026.01,78098.94,78026.0,78062.0,74.90607
1789732800000,78062.01,78124.99,77990.5,78083.43,153.25868
1789733700000,78083.44,78110.01,77982.88,78023.29,100.29987
1789734600000,78023.29,78182.01,77988.0,78120.0,147.96014
1789735500000,78120.0,78146.01,78026.32,78043.11,107.13593
1789736400000,78043.12,78084.67,77972.3,78029.0,153.26636
1789737300000,78029.01,78178.01,78029.0,78178.0,88.50001
1789738200000,78178.01,79320.0,78146.04,79297.04,908.41153
1789739100000,79297.04,80500.0,79226.6,80073.09,1976.87837
1789740000000,80073.09,80626.58,80073.09,80303.26,1612.55693
1789740900000,80303.25,80989.99,80303.25,80705.08,1143.08269
1789741800000,80705.08,80815.72,80500.0,80784.67,559.84918
1789742700000,80784.67,80967.72,80717.0,80937.83,359.33732
1789743600000,80937.83,81050.0,80566.66,80768.43,703.01597
1789744500000,80768.43,81154.67,80768.43,80965.99,629.85893
1789745400000,80966.0,80976.59,80644.8,80644.8,247.99106
1789746300000,80644.8,80818.4,80501.0,80725.6,319.19787
1789747200000,80725.6,80970.27,80671.53,80967.33,328.92931
1789748100000,80967.33,81074.61,80868.15,81051.56,301.12701
1789749000000,81051.56,81258.01,80900.0,80999.99,326.82867
1789749900000,80999.99,80999.99,80770.0,80846.74,199.11012
1789750800000,80846.75,80898.96,80766.43,80898.95,181.92239
1789751700000,80898.95,80941.96,80622.74,80745.2,163.20912
1789752600000,80745.19,80774.01,80555.54,80774.0,169.30645
1789753500000,80774.0,81019.01,80758.25,81019.0,204.85664
1789754400000,81019.0,81019.01,80796.92,80872.0,178.99114
1789755300000,80872.0,80994.1,80812.0,80990.25,189.4832
1789756200000,80990.25,81148.0,80915.81,80943.39,267.85732
1789757100000,80943.38,81072.88,80879.91,80938.43,151.28701
1789758000000,80938.44,81208.0,80912.0,81196.0,132.54272
1789758900000,81196.01,81400.0,81118.0,81257.43,285.59958
1789759800000,81257.43,81257.43,81058.0,81244.68,182.28137
1789760700000,81244.68,81350.01,81135.03,81204.76,237.86654
1789761600000,81204.77,81235.0,80962.0,81078.01,183.45416
1789762500000,81078.01,81220.0,80941.65,81022.0,159.89791
1789763400000,81022.01,81176.47,80956.37,81168.01,103.45323
1789764300000,81168.0,81188.0,81070.0,81110.01,173.74708
1789765200000,81110.01,81291.95,81092.0,81277.61,153.80932
1789766100000,81277.61,81290.01,81108.17,81190.01,119.58582
1789767000000,81190.0,81300.0,81142.99,81220.69,106.57098
1789767900000,81220.7,81251.55,81146.67,81238.2,108.15324
1789768800000,81238.2,81370.57,81202.55,81241.98,154.78968
1789769700000,81241.98,81347.26,81237.42,81265.0,75.17249
1789770600000,81265.0,81265.01,81077.55,81124.0,106.05012
1789771500000,81124.0,81166.0,81088.85,81139.02,104.32216
1789772400000,81139.03,81200.0,81092.0,81175.64,153.55704
1789773300000,81175.65,81195.38,80999.13,80999.14,82.01489
1789774200000,80999.13,81030.01,80862.61,80899.99,158.50506
1789775100000,80899.99,80976.01,80880.93,80883.87,237.31645
1789776000000,80883.86,80976.01,80844.58,80976.01,206.69545
1789776900000,80976.0,81100.0,80975.14,81100.0,78.11481
1789777800000,81100.0,81333.9,81099.99,81322.03,113.24973
1789778700000,81322.04,81668.99,81271.02,81668.98,356.31623
1789779600000,81668.99,81741.0,81281.06,81281.07,206.4387
1789780500000,81281.08,81323.19,81088.65,81260.97,121.97648
1789781400000,81260.96,81266.01,81050.0,81172.0,109.68667
1789782300000,81172.01,81440.0,81172.0,81280.99,127.31992
1789783200000,81281.0,81418.01,81264.0,81375.93,76.42135
1789784100000,81375.93,81445.71,81328.0,81355.0,99.07168
1789785000000,81355.01,81439.52,81301.0,81322.01,121.58701
1789785900000,81322.0,81322.0,81280.0,81304.72,97.27866
1789786800000,81304.73,81402.01,81288.0,81288.0,86.77767
1789787700000,81288.01,81288.01,81142.0,81142.2,77.48199
1789788600000,81142.2,81168.33,81114.08,81168.01,35.88225
1789789500000,81168.01,81189.99,81136.01,81136.01,29.60994
1789790400000,81136.02,81224.6,81114.08,81208.3,83.11288
1789791300000,81208.29,81228.03,81128.02,81137.69,50.14009
1789792200000,81137.7,81137.7,80911.12,80971.95,130.98945
1789793100000,80971.95,81026.01,80942.01,81024.0,59.68393
1789794000000,81024.01,81136.01,81024.0,81044.32,53.68763
1789794900000,81044.32,81146.01,81018.0,81073.32,58.48321
1789795800000,81073.32,81116.01,81024.02,81026.62,51.02984
1789796700000,81026.62,81084.32,81012.0,81040.01,72.58731
1789797600000,81040.01,81067.53,81001.5,81001.51,45.59512
1789798500000,81001.51,81046.01,80925.76,80966.54,61.14801
1789799400000,80966.55,81086.2,80966.55,81069.85,60.75928
1789800300000,81069.85,81101.68,81030.0,81052.01,56.46115
1789801200000,81052.02,81164.01,81052.01,81164.0,37.85356
1789802100000,81164.0,81250.0,81078.0,81103.2,73.02138
1789803000000,81103.2,81118.61,81042.0,81054.01,48.49768
1789803900000,81054.0,81177.91,81032.0,81100.16,91.14633
1789804800000,81100.17,81248.0,81075.28,81242.0,126.53012
1789805700000,81242.01,81413.27,81200.0,81298.0,129.62659
1789806600000,81298.0,81390.0,81275.38,81322.01,48.16416
1789807500000,81322.0,81378.01,81286.08,81312.01,37.99571
1789808400000,81312.01,81528.01,81292.0,81435.11,150.21561
1789809300000,81435.11,81500.0,81390.12,81410.0,90.82847
1789810200000,81410.0,81435.88,81246.5,81262.77,126.10479
1789811100000,81262.77,81347.03,81262.76,81325.77,66.43626
1789812000000,81325.38,81330.29,81227.64,81308.0,55.20462
1789812900000,81308.01,81330.01,81260.0,81306.86,182.10352
1789813800000,81306.86,81306.86,81226.96,81258.0,54.94919
1789814700000,81258.01,81329.75,81199.99,81216.7,240.03918
1789815600000,81216.71,81373.61,81212.98,81313.5,123.89751
1789816500000,81313.5,81374.15,81272.0,81272.0,64.52488
1789817400000,81272.01,81300.0,81239.8,81286.01,72.03138
1789818300000,81286.0,81319.01,81286.0,81302.63,68.11232
1789819200000,81302.63,81369.86,81277.82,81347.99,95.20087
1789820100000,81347.99,81361.36,81223.16,81223.24,104.64809
1789821000000,81223.25,81286.0,81223.24,81280.04,49.77502
1789821900000,81280.05,81342.49,81244.0,81330.0,67.42497
1789822800000,81330.01,81337.33,81183.28,81238.54,113.21363
1789823700000,81238.54,81338.58,81233.09,81233.1,72.68353
1789824600000,81233.1,81282.64,81200.0,81263.09,82.88804
1789825500000,81263.09,81366.46,81228.36,81364.01,126.33882
1789826400000,81364.0,81468.24,81342.0,81383.62,204.2032
1789827300000,81383.63,81574.21,81383.62,81574.21,139.50899
1789828200000,81574.21,81639.61,81478.0,81536.78,163.22403
1789829100000,81536.79,81618.36,81499.14,81586.01,129.82968
1789830000000,81586.02,81751.14,81578.0,81700.0,333.65689
1789830900000,81700.01,81764.7,81566.79,81569.41,163.32935
1789831800000,81569.4,81951.0,81569.4,81919.05,271.56216
1789832700000,81919.05,81919.05,81609.26,81636.01,244.80354
1789833600000,81636.01,81779.38,81472.0,81760.21,186.81033
1789834500000,81760.21,81881.96,81746.0,81825.97,199.21637
1789835400000,81825.97,81914.01,81817.89,81861.08,184.34061
1789836300000,81861.08,81863.92,81827.49,81839.49,163.45566
1789837200000,81839.48,81857.21,81716.0,81716.0,101.55163
1789838100000,81716.0,81829.9,81447.9,81538.01,224.82884
1789839000000,81538.01,81601.67,81457.61,81498.02,104.21113
1789839900000,81498.02,81541.93,81454.0,81464.01,53.41227
1789840800000,81464.0,81534.01,81342.0,81382.74,72.22031
1789841700000,81382.73,81484.01,81334.0,81443.93,71.19626
1789842600000,81443.92,81516.01,81368.88,81489.99,73.90968
1789843500000,81490.0,81490.0,81410.74,81428.07,50.59569
1789844400000,81428.07,81454.01,81374.33,81380.86,34.29555
1789845300000,81380.86,81448.01,81354.37,81397.69,68.42816
1789846200000,81397.69,81397.69,81309.68,81327.69,91.41465
1789847100000,81327.69,81386.01,81320.0,81354.01,67.45946
1789848000000,81354.01,81431.13,81354.0,81412.93,73.50855
1789848900000,81412.93,81412.93,81249.03,81249.04,124.53306
1789849800000,81249.04,81296.84,81244.44,81287.1,116.02093
1789850700000,81287.1,81287.1,81080.24,81155.33,145.95207
1789851600000,81155.33,81222.15,80994.94,81000.0,138.18198
1789852500000,81000.0,81070.96,80904.46,81060.0,135.15926
1789853400000,81060.0,81066.01,80937.58,81020.0,144.73435
1789854300000,81020.0,81164.01,81020.0,81100.41,71.68601
1789855200000,81100.42,81100.42,80962.0,81006.01,109.5616
1789856100000,81006.0,81095.49,81000.0,81062.82,90.03111
1789857000000,81062.83,81246.01,81062.82,81246.01,64.13768
1789857900000,81246.01,81268.01,81204.06,81261.35,55.83958
1789858800000,81261.35,81281.03,81245.75,81281.02,42.04168
1789859700000,81281.03,81307.38,81221.33,81306.0,201.444
1789860600000,81306.01,81373.34,81279.67,81279.67,89.36472
1789861500000,81279.67,81319.26,81243.46,81249.99,337.06337
1789862400000,81249.99,81286.0,81208.83,81285.99,48.16097
1789863300000,81286.0,81330.01,81214.0,81318.01,212.57236
1789864200000,81318.0,81330.01,81264.45,81330.0,120.05401
1789865100000,81330.0,81330.01,81277.3,81293.37,70.3971
1789866000000,81293.37,81300.0,81138.49,81138.5,37.41488
1789866900000,81138.5,81211.99,81104.0,81122.0,58.73988
1789867800000,81122.0,81122.01,81027.11,81078.01,127.74391
1789868700000,81078.01,81116.01,81031.71,81097.99,45.47159
1789869600000,81098.0,81152.03,81084.0,81152.03,40.15
1789870500000,81152.03,81175.62,80984.48,80984.49,142.74017
1789871400000,80984.49,80990.01,80562.86,80562.86,367.34189
1789872300000,80562.87,80690.01,80263.66,80331.52,607.3635
1789873200000,80331.52,80524.52,80210.46,80247.39,542.55287
1789874100000,80247.39,80525.83,80126.04,80382.66,314.48209
1789875000000,80382.65,80404.13,80295.97,80387.99,168.43902
1789875900000,80388.0,80508.05,80327.03,80486.38,142.59137
1789876800000,80486.38,80524.53,80382.03,80429.6,70.19908
1789877700000,80429.6,80541.11,80330.96,80426.42,91.83818
1789878600000,80426.41,80492.82,80383.95,80383.95,57.07578
1789879500000,80383.94,80492.17,80311.01,80432.4,80.10926
1789880400000,80432.4,80668.15,80408.7,80600.0,299.76048
1789881300000,80600.0,80602.52,80450.0,80554.48,296.32617
1789882200000,80554.48,80634.14,80458.0,80540.0,160.09975
1789883100000,80540.01,80550.21,80457.26,80494.31,81.01704
1789884000000,80494.31,80528.01,80433.99,80520.0,62.02629
1789884900000,80520.0,80607.5,80464.0,80465.12,75.39406
1789885800000,80465.11,80480.0,80267.95,80379.06,189.74762
1789886700000,80379.07,80438.4,80227.27,80309.44,130.85524
1789887600000,80309.45,80366.14,80300.5,80344.01,54.3886
1789888500000,80344.01,80420.01,80288.0,80397.58,72.93153
1789889400000,80397.57,80397.58,80298.0,80340.01,41.70861
1789890300000,80340.0,80389.88,80305.26,80311.61,60.08352
1789891200000,80311.6,80453.9,80311.6,80420.09,80.434
1789892100000,80420.1,80427.72,80378.93,80378.94,47.42182
1789893000000,80378.94,80409.85,80250.0,80256.0,57.88902
1789893900000,80256.01,80290.69,80165.49,80264.85,102.64307
1789894800000,80264.85,80332.01,80256.82,80267.89,47.21407
1789895700000,80267.88,80400.0,80258.51,80382.01,46.69787
1789896600000,80382.01,80581.82,80382.0,80552.0,87.37217
1789897500000,80552.01,80552.01,80466.86,80470.01,34.25341
1789898400000,80470.01,80515.83,80335.46,80411.1,66.19491
1789899300000,80411.11,80444.78,80333.0,80380.01,47.6523
1789900200000,80380.0,80433.97,80326.0,80357.67,53.34846
1789901100000,80357.67,80394.01,80319.58,80319.58,32.62947
1789902000000,80319.58,80412.01,80286.0,80366.18,97.67784
1789902900000,80366.18,80392.0,80312.0,80372.45,167.35524
1789903800000,80372.45,80499.68,80372.45,80458.96,169.14062
1789904700000,80458.96,80534.64,80454.0,80493.2,158.36405
1789905600000,80493.21,80534.01,80436.0,80488.01,113.85934
1789906500000,80488.01,80500.01,80360.65,80368.19,41.66721
1789907400000,80368.2,80387.98,80327.64,80356.01,72.04048
1789908300000,80356.0,80493.76,80356.0,80493.76,89.82302
1789909200000,80493.76,80650.58,80493.1,80574.49,104.10541
1789910100000,80574.5,80574.5,80486.72,80502.38,73.10998
1789911000000,80502.39,80562.98,80428.0,80562.98,49.86825
1789911900000,80562.98,80585.11,80538.3,80564.57,36.48553
1789912800000,80564.58,80789.33,80564.58,80592.01,115.49792
1789913700000,80592.01,80592.01,80414.0,80529.89,75.7369
1789914600000,80529.88,80680.01,80508.0,80633.33,131.87954
1789915500000,80633.32,80769.56,80608.0,80682.01,107.19927
1789916400000,80682.01,80928.95,80682.0,80766.0,171.68964
1789917300000,80766.0,80885.46,80666.66,80667.2,120.50034
1789918200000,80667.2,80875.98,80667.19,80839.5,77.07968
1789919100000,80839.51,80969.84,80839.5,80912.0,99.16548
1789920000000,80912.0,81209.99,80811.03,81160.08,294.59995
1789920900000,81160.07,81279.75,81044.28,81182.64,268.68854
1789921800000,81182.65,81497.33,81105.37,81376.01,401.93443
1789922700000,81376.0,81448.01,81220.0,81334.01,139.01543
1789923600000,81334.01,81462.0,81168.75,81240.01,192.88668
1789924500000,81240.0,81317.96,81140.0,81161.31,172.153
1789925400000,81161.31,81420.34,81161.3,81392.0,121.77579
1789926300000,81392.01,81418.57,81068.08,81147.94,133.3047
1789927200000,81147.94,81203.64,81030.97,81104.01,83.23123
1789928100000,81104.01,81272.01,81104.0,81271.2,40.29452
1789929000000,81271.2,81314.01,81188.42,81218.05,44.76074
1789929900000,81218.06,81220.02,81032.65,81036.0,71.147
1789930800000,81036.0,81137.75,81036.0,81090.01,74.05471
1789931700000,81090.01,81116.64,81070.0,81116.64,25.77764
1789932600000,81116.63,81294.01,81116.63,81230.01,50.38341
1789933500000,81230.0,81292.01,81160.64,81177.32,37.78151
1789934400000,81177.32,81224.27,81153.48,81154.01,35.46744
1789935300000,81154.01,81218.01,81100.0,81187.34,98.45199
1789936200000,81187.34,81187.34,81082.0,81139.73,37.28591
1789937100000,81139.73,81221.62,81078.18,81091.85,54.31698
1789938000000,81091.86,81091.86,80579.43,80769.55,182.12191
1789938900000,80769.55,80930.01,80769.55,80882.0,67.56078
1789939800000,80882.0,80941.17,80804.32,80804.32,53.20099
1789940700000,80804.32,80955.15,80796.89,80932.01,51.41828
1789941600000,80932.01,81295.5,80774.56,81295.11,150.28228
1789942500000,81295.1,81295.1,81079.19,81162.0,84.48349
1789943400000,81162.01,81272.35,81112.82,81112.83,70.50548
1789944300000,81112.83,81276.01,81112.82,81222.85,66.00676
1789945200000,81222.84,81258.62,81135.15,81157.52,49.84248
1789946100000,81157.52,81300.01,81143.0,81163.03,59.09876
1789947000000,81163.03,81284.01,81135.15,81262.01,62.1421
1789947900000,81262.01,81332.01,81164.0,81178.0,73.93489
1789948800000,81178.01,81713.97,81178.01,81683.96,277.94085
1789949700000,81683.96,81832.86,81517.45,81738.75,228.42439
1789950600000,81738.76,81842.58,81518.52,81693.92,162.17096
1789951500000,81694.01,81849.15,81583.64,81607.72,186.92661
1789952400000,81607.72,81804.83,81513.98,81794.0,179.94749
1789953300000,81794.0,82100.0,81502.0,81584.0,542.46186
1789954200000,81584.0,81667.82,81273.32,81468.06,180.21302
1789955100000,81468.01,81491.2,80850.22,80996.97,280.56539
1789956000000,80996.98,81368.01,80952.35,81368.01,163.35355
1789956900000,81368.01,81514.01,81322.0,81430.0,85.62711
1789957800000,81430.0,81430.01,81151.97,81257.02,148.38569
1789958700000,81257.03,81396.59,81200.0,81310.61,91.38268
1789959600000,81310.61,81454.0,81250.0,81324.0,67.14964
1789960500000,81324.0,81500.0,81324.0,81444.97,172.16788
1789961400000,81444.96,81576.01,81444.96,81470.01,60.2439
1789962300000,81470.01,81513.96,81365.62,81425.23,79.25699
1789963200000,81425.24,81462.75,81277.04,81282.56,145.94171
1789964100000,81282.55,81348.01,81246.0,81304.94,113.37658
1789965000000,81304.93,81424.43,81228.15,81419.39,93.36484
1789965900000,81419.38,81509.25,81368.66,81400.01,84.28636
1789966800000,81400.0,81416.87,81302.05,81326.01,83.72997
1789967700000,81326.01,81648.01,81326.0,81582.02,113.17525
1789968600000,81582.02,81792.01,81582.01,81628.0,165.76583
1789969500000,81628.0,81680.01,81530.0,81550.0,95.71299
1789970400000,81550.01,81683.56,81544.0,81668.73,93.50828
1789971300000,81668.73,81878.98,81668.73,81814.01,163.61528
1789972200000,81814.01,81833.81,81400.0,81400.01,147.51771
1789973100000,81400.01,81751.67,81400.0,81639.9,127.38221
1789974000000,81639.91,81678.01,81475.82,81561.46,87.71419
1789974900000,81561.46,81660.96,81538.0,81614.01,72.62434
1789975800000,81614.02,81614.02,81458.42,81503.75,219.46901
1789976700000,81503.74,81725.74,81481.8,81720.01,245.0749
1789977600000,81720.01,81997.78,81720.0,81894.0,256.89442
1789978500000,81894.01,82265.32,81871.4,82240.0,417.2341
1789979400000,82240.0,84174.1,82188.0,83531.23,3091.51513
1789980300000,83531.22,83886.01,83298.21,83760.0,788.10381
1789981200000,83760.0,84050.37,83700.0,83925.54,644.53304
1789982100000,83925.54,84600.0,83900.0,84457.18,1049.11194
1789983000000,84457.18,85299.87,84327.82,85030.4,1448.05479
1789983900000,85030.4,85069.46,84560.14,84653.71,684.87332
1789984800000,84653.7,84816.42,84500.0,84565.25,451.19493
1789985700000,84565.25,84741.35,84368.15,84368.16,522.81101
1789986600000,84368.16,84466.0,84130.21,84262.44,453.83492
1789987500000,84262.45,84446.01,84152.1,84441.77,268.79519
1789988400000,84441.77,84644.18,84392.41,84600.01,254.48417
1789989300000,84600.01,84709.65,84532.0,84674.01,244.40696
1789990200000,84674.0,84885.76,84616.0,84828.84,342.95004
1789991100000,84828.85,84917.36,84720.0,84887.19,309.16395
1789992000000,84887.19,85171.46,84820.0,85000.49,584.63041
1789992900000,85000.49,85473.68,84980.69,85084.49,572.57615
1789993800000,85084.48,85414.25,85040.0,85290.37,473.6229
1789994700000,85290.36,85422.38,85162.84,85323.0,374.10462
1789995600000,85323.0,85449.93,85084.23,85169.14,433.74007
1789996500000,85169.15,85219.44,84926.0,84946.89,537.91459
1789997400000,84946.89,85230.0,84778.0,85080.58,535.33913
1789998300000,85080.57,85845.27,85038.63,85466.34,824.011
1789999200000,85466.35,85540.81,85050.0,85321.82,509.32648
1790000100000,85321.82,85787.39,85229.82,85722.72,634.35019
1790001000000,85722.71,85999.95,85572.94,85799.0,606.31566
1790001900000,85799.0,86125.0,85698.12,85844.14,645.22343
1790002800000,85844.13,86344.7,85799.99,86289.14,787.6944
1790003700000,86289.14,86289.15,85814.61,85849.99,405.60919
1790004600000,85849.99,86119.99,85800.0,86119.99,379.67448
1790005500000,86119.99,86179.76,85903.5,85927.71,395.33659
1790006400000,85927.71,85965.88,85673.04,85727.3,395.77879
1790007300000,85727.3,85974.98,85727.3,85846.89,381.00456
1790008200000,85846.89,85957.12,85607.42,85857.2,208.79703
1790009100000,85857.21,86103.73,85842.13,85961.91,207.12037
1790010000000,85961.91,86108.0,85891.78,85950.14,195.08819
1790010900000,85950.14,85990.17,85754.7,85884.93,178.69528
1790011800000,85884.93,85971.3,85823.97,85893.89,102.78655
1790012700000,85893.89,85900.82,85667.5,85897.21,174.45581
1790013600000,85897.2,86010.48,85812.54,85987.64,160.66305
1790014500000,85987.64,86071.19,85891.73,85923.02,160.14593
1790015400000,85923.01,85980.77,85800.0,85923.13,184.54343
1790016300000,85923.14,86063.36,85886.15,86051.75,243.11128
1790017200000,86051.75,86067.95,85980.76,86055.65,147.84367
1790018100000,86055.66,86462.24,86045.7,86372.66,359.31074
1790019000000,86372.67,86895.7,86318.07,86577.63,588.81503
1790019900000,86577.64,86670.15,86474.42,86490.11,261.91976
1790020800000,86490.11,86799.9,86490.11,86750.4,142.51432
1790021700000,86750.41,87395.67,86707.58,87278.42,627.37486
1790022600000,87278.42,87303.49,86895.95,86949.0,276.61404
1790023500000,86948.99,87086.75,86863.44,87001.68,225.03403
1790024400000,87001.68,87001.68,86594.75,86594.76,141.87815
1790025300000,86594.75,86704.15,86537.53,86625.94,130.48415
1790026200000,86625.94,86870.62,86625.94,86790.35,173.08551
1790027100000,86790.35,86790.35,86588.29,86588.29,124.5297
1790028000000,86588.29,86711.27,86550.0,86622.02,154.79913
1790028900000,86622.01,86758.01,86373.27,86418.95,166.14998
1790029800000,86418.95,86597.61,86389.36,86428.29,149.80412
1790030700000,86428.29,86454.01,86295.78,86453.74,186.87703
1790031600000,86453.73,86696.74,86416.63,86649.18,161.83831
1790032500000,86649.17,86697.52,86500.0,86500.0,87.67791
1790033400000,86500.01,86530.0,86364.05,86462.01,223.17559
1790034300000,86462.01,86654.64,86438.13,86620.0,155.35395
1790035200000,86620.01,86625.82,86292.31,86478.16,284.30383
1790036100000,86478.16,86497.93,86333.0,86406.97,159.37774
1790037000000,86406.98,86517.12,86156.2,86357.77,294.91411
1790037900000,86357.78,86411.55,85867.68,85890.71,388.2921
1790038800000,85890.72,85973.79,85602.87,85786.21,394.1958
1790039700000,85780.02,85876.53,85395.27,85772.81,267.69749
1790040600000,85772.8,85840.0,85636.44,85681.72,121.11713
1790041500000,85681.71,85723.9,85539.38,85616.23,107.833
1790042400000,85616.23,85698.79,85300.0,85605.08,441.58665
1790043300000,85605.09,85845.8,85518.62,85744.0,178.05138
1790044200000,85744.0,85845.6,85644.0,85812.52,99.26099
1790045100000,85812.51,85879.25,85666.14,85714.9,180.07789
1790046000000,85714.91,85750.01,85453.0,85544.03,160.89661
1790046900000,85544.02,85646.01,85300.01,85612.0,218.63529
1790047800000,85612.01,85612.01,85421.16,85486.84,197.40015
1790048700000,85486.84,85742.74,85466.18,85692.83,126.30599
1790049600000,85692.83,85730.23,85616.24,85624.0,116.87296
1790050500000,85624.0,85645.33,85500.0,85565.99,272.85935
1790051400000,85565.99,85616.24,85460.0,85526.01,120.36818
1790052300000,85526.0,85534.18,85425.2,85452.0,84.83332
1790053200000,85452.01,85505.36,85374.0,85404.72,138.73062
1790054100000,85404.73,85416.01,85140.33,85215.06,184.54738
1790055000000,85215.06,85430.57,85114.0,85424.01,189.27735
1790055900000,85424.01,85600.0,85394.0,85397.37,331.77807
1790056800000,85397.38,85472.94,85258.01,85349.01,192.69957
1790057700000,85349.01,85374.0,85250.0,85372.0,108.97299
1790058600000,85372.01,85581.52,85350.54,85494.73,145.83622
1790059500000,85494.74,85502.26,85358.0,85384.01,135.43851
1790060400000,85384.02,85500.0,85300.0,85443.16,177.49483
1790061300000,85443.16,85462.66,85214.0,85322.71,262.0995
1790062200000,85322.71,85333.9,85157.31,85247.1,276.45203
1790063100000,85247.09,85344.01,85247.09,85344.0,329.92128
1790064000000,85344.01,85529.41,85344.0,85488.0,138.22085
1790064900000,85488.01,85646.75,85406.0,85419.69,161.55678
1790065800000,85419.7,86149.67,85327.42,86149.66,538.05302
1790066700000,86149.66,86377.77,86033.72,86223.77,370.82484
1790067600000,86223.77,86223.78,85681.83,85934.01,378.47815
1790068500000,85934.0,85998.44,85824.0,85900.42,209.66114
1790069400000,85900.43,86064.01,85850.0,86043.87,141.20492
1790070300000,86043.87,86271.22,86022.0,86253.99,222.52562
1790071200000,86253.99,86262.01,86012.0,86044.0,117.38287
1790072100000,86044.01,86094.01,85822.45,85866.02,145.20837
1790073000000,85866.01,85938.88,85723.04,85846.0,245.65083
1790073900000,85846.01,85980.01,85790.64,85904.0,126.20454
1790074800000,85904.0,85994.64,85774.27,85980.78,194.16598
1790075700000,85980.78,86093.83,85924.31,85924.31,185.96485
1790076600000,85924.32,86142.01,85861.91,86106.18,115.30861
1790077500000,86106.18,86136.77,85894.09,85986.62,166.08759
1790078400000,85986.62,86041.52,85918.01,85918.01,258.97986
1790079300000,85918.0,86104.01,85782.52,86104.01,416.96935
1790080200000,86104.0,86182.2,85981.36,85982.01,173.86102
1790081100000,85982.0,86060.0,85941.81,86024.01,170.64183
1790082000000,86024.01,86213.12,86015.08,86062.59,207.72826
1790082900000,86062.59,86062.59,85700.1,85743.06,266.48406
1790083800000,85742.75,86170.7,85569.46,85938.22,451.80068
1790084700000,85938.22,86370.0,85883.98,86346.01,292.82856
1790085600000,86346.01,86470.58,86081.23,86350.01,370.89923
1790086500000,86350.01,86388.12,85930.86,85930.86,356.04918
1790087400000,85930.87,86002.01,85461.53,85900.96,596.9927
1790088300000,85900.96,86264.01,85891.99,86258.01,227.79987
1790089200000,86258.0,86392.05,86132.39,86314.0,289.86135
1790090100000,86314.01,86334.01,86124.3,86284.52,197.71891
1790091000000,86284.52,86580.0,86250.0,86560.01,260.1194
1790091900000,86560.0,86717.6,86331.33,86413.12,273.07803
1790092800000,86413.11,86527.55,86154.0,86184.0,303.5263
1790093700000,86184.0,86300.0,86088.33,86090.12,236.06336
1790094600000,86090.12,86303.99,86033.18,86232.0,306.13962
1790095500000,86232.01,86588.3,86214.79,86421.13,223.05451
1790096400000,86421.13,86560.36,86376.83,86430.0,269.11239
1790097300000,86430.01,86584.76,86247.8,86584.76,255.94934
1790098200000,86584.76,86635.35,86451.28,86477.77,277.62464
1790099100000,86478.03,86660.0,86410.8,86570.24,270.33926
1790100000000,86570.24,86649.06,86440.88,86525.23,257.62375
1790100900000,86525.23,86643.87,86289.88,86289.88,289.69071
1790101800000,86289.88,86445.03,86241.4,86402.81,274.4104
1790102700000,86402.8,86581.04,86402.8,86461.44,203.64457
1790103600000,86461.45,86530.0,86397.94,86477.22,248.70335
1790104500000,86477.22,86584.55,86451.15,86531.87,264.51841
1790105400000,86531.87,86531.87,86267.13,86376.02,330.98461
1790106300000,86376.02,86404.48,86139.37,86192.44,295.37443
1790107200000,86192.45,86274.01,86132.0,86207.99,230.90111
1790108100000,86208.0,86378.32,86199.99,86329.33,188.98284
1790109000000,86329.33,86362.9,86236.01,86322.01,122.99724
1790109900000,86322.0,86322.01,86192.6,86264.01,103.84226
1790110800000,86264.01,86344.01,86210.72,86253.78,89.85548
1790111700000,86253.78,86262.0,86219.2,86248.8,59.64856
1790112600000,86248.8,86305.39,86178.0,86208.95,94.06532
1790113500000,86208.96,86300.0,86184.0,86184.01,91.38193
1790114400000,86184.0,86284.01,86000.0,86038.01,175.49375
1790115300000,86038.01,86210.01,86032.81,86164.01,92.14306
1790116200000,86164.01,86282.64,86163.02,86216.0,121.14697
1790117100000,86216.01,86274.01,86119.2,86124.01,84.36243
1790118000000,86124.01,86504.17,86124.0,86383.94,164.99927
1790118900000,86383.94,86462.01,86169.99,86226.01,93.81514
1790119800000,86226.01,86267.15,86095.31,86132.01,222.13554
1790120700000,86132.01,86215.38,86106.98,86208.56,129.48802
1790121600000,86208.57,86377.76,86133.4,86349.62,177.44616
1790122500000,86349.63,86525.0,86349.0,86450.0,93.7158
1790123400000,86449.99,86588.3,86424.0,86444.01,260.29482
1790124300000,86444.01,86504.01,86419.6,86457.3,85.92574
1790125200000,86457.31,86845.39,86438.0,86721.43,427.75381
1790126100000,86721.44,86735.88,86585.79,86632.68,116.75918
1790127000000,86632.68,86640.01,86270.29,86277.85,105.48999
1790127900000,86277.85,86370.86,86169.74,86370.0,131.3944
1790128800000,86370.01,86386.42,86260.01,86378.01,160.71707
1790129700000,86378.01,86638.15,86377.68,86589.0,236.51706
1790130600000,86589.01,86590.0,86472.0,86488.0,87.00654
1790131500000,86488.01,86552.27,86452.04,86552.26,68.9242
1790132400000,86552.27,86554.58,86436.35,86546.57,50.62423
1790133300000,86546.56,86822.7,86506.0,86691.93,158.34367
1790134200000,86691.94,86975.51,86660.21,86887.99,200.57206
1790135100000,86887.99,86888.0,86704.26,86704.27,86.08117
1790136000000,86704.27,86898.01,86636.0,86842.0,201.79024
1790136900000,86842.01,87246.42,86770.55,87020.02,331.35468
1790137800000,87020.01,87278.54,87020.01,87142.43,224.63111
1790138700000,87142.42,87223.88,87118.39,87166.95,119.15851
1790139600000,87166.94,87166.95,86888.0,86930.26,172.97993
1790140500000,86930.25,86958.01,86747.99,86781.65,209.20212
1790141400000,86781.65,86830.01,86710.73,86740.63,139.33386
1790142300000,86740.64,86770.36,86424.0,86496.01,213.08868
1790143200000,86496.0,86609.93,86445.17,86606.01,147.82106
1790144100000,86606.01,86606.01,86424.0,86424.0,139.35358
1790145000000,86424.01,86564.01,86375.0,86562.61,296.18615
1790145900000,86562.61,86562.61,86443.4,86469.66,145.54416
1790146800000,86469.67,86469.67,86309.94,86358.7,221.6854
1790147700000,86358.71,86443.36,86310.26,86406.04,155.93279
1790148600000,86406.03,86417.74,86000.0,86057.27,300.95647
1790149500000,86057.26,86223.77,86055.69,86124.77,223.52936
1790150400000,86124.77,86250.0,86082.03,86179.52,131.90466
1790151300000,86179.52,86264.01,86142.7,86151.37,121.88942
1790152200000,86151.37,86213.02,86082.19,86088.01,199.76728
1790153100000,86088.01,86092.01,85688.0,85899.99,454.4525
1790154000000,85899.99,86014.34,85880.49,85945.31,138.72406
1790154900000,85945.31,86024.01,85867.29,85888.43,168.36486
1790155800000,85888.42,85933.64,85790.0,85800.01,131.81802
1790156700000,85800.0,85924.01,85734.01,85854.33,153.9169
1790157600000,85854.34,85934.02,85819.44,85859.25,108.28412
1790158500000,85859.25,85859.25,85658.75,85800.01,174.18965
1790159400000,85800.01,85876.0,85730.69,85876.0,120.89474
1790160300000,85876.0,85923.07,85828.0,85923.07,171.53236
1790161200000,85923.07,85966.04,85699.11,85742.47,149.58747
1790162100000,85742.46,85748.6,85467.88,85506.01,266.76682
1790163000000,85506.01,85596.01,85450.88,85509.99,178.58061
1790163900000,85509.99,85677.0,85509.99,85649.95,111.18861
1790164800000,85649.96,85675.04,85459.4,85472.63,198.34471
1790165700000,85472.63,85518.01,85267.32,85485.41,251.18603
1790166600000,85485.41,85600.0,85463.03,85463.04,182.68515
1790167500000,85463.04,85550.95,85410.0,85510.91,99.73027
1790168400000,85510.9,85519.88,85288.0,85372.0,209.96461
1790169300000,85371.99,85588.01,85371.99,85548.0,173.21577
1790170200000,85548.01,85878.01,85524.36,85835.08,411.69846
1790171100000,85835.09,85838.01,85550.3,85792.01,279.95915
1790172000000,85792.01,85940.32,84535.6,84875.88,1297.2129
1790172900000,84875.87,84886.92,83928.57,84041.66,1785.74124
1790173800000,84041.66,84496.59,83864.07,84312.51,964.44865
1790174700000,84312.51,84580.0,84200.0,84533.99,564.92478
1790175600000,84534.0,84722.68,84456.25,84652.63,394.20108
1790176500000,84652.63,84794.01,84491.88,84505.46,439.86754
1790177400000,84505.45,84534.01,84277.17,84296.89,480.26847
1790178300000,84296.89,84337.55,83950.0,83996.01,572.41577
1790179200000,83996.0,84363.19,83500.01,84345.88,794.75362
1790180100000,84345.88,84350.0,84139.31,84239.38,193.40172
1790181000000,84239.38,84335.0,83939.23,84091.13,243.75858
1790181900000,84091.13,84146.37,83846.94,84038.0,258.16832
1790182800000,84038.01,84182.0,83699.27,83810.47,395.41045
1790183700000,83810.48,84225.8,83786.0,84064.49,250.708
1790184600000,84064.49,84259.25,83983.23,84259.24,181.12011
1790185500000,84259.24,84392.56,84256.62,84326.56,325.88056
1790186400000,84326.55,84340.42,84162.0,84203.35,224.6673
1790187300000,84203.36,84275.57,84143.17,84158.01,155.92102
1790188200000,84158.0,84234.31,84136.0,84230.23,112.83478
1790189100000,84230.01,84411.0,84197.0,84330.0,167.9837
1790190000000,84330.0,84399.57,84228.0,84370.9,189.53575
1790190900000,84370.91,84465.0,84308.0,84410.0,139.4588
1790191800000,84410.0,84493.42,84398.12,84448.0,128.72387
1790192700000,84448.0,84565.21,84436.68,84518.0,210.23507
1790193600000,84518.0,84569.94,84280.0,84340.0,152.71831
1790194500000,84340.01,84398.01,84256.0,84303.33,87.20138
1790195400000,84303.34,84424.01,84300.92,84401.19,87.65332
1790196300000,84401.2,84414.01,84224.01,84232.86,95.41472
1790197200000,84232.86,84372.69,84212.68,84370.73,130.49004
1790198100000,84370.74,84418.01,84328.88,84418.0,115.56409
1790199000000,84418.0,84514.17,84417.99,84499.29,89.60363
1790199900000,84499.29,84516.01,84419.48,84419.48,80.8677
1790200800000,84419.49,84670.01,84344.51,84594.0,131.93603
1790201700000,84594.0,84600.01,84484.0,84484.01,80.54233
1790202600000,84484.0,84522.68,84396.25,84496.0,79.65935
1790203500000,84496.01,84620.0,84493.48,84563.01,68.89478
1790204400000,84563.01,84566.0,84480.33,84492.08,68.20708
1790205300000,84492.08,84508.01,84432.0,84483.95,27.82658
1790206200000,84483.95,84512.0,84440.0,84464.0,44.32954
1790207100000,84464.01,84476.01,84352.0,84397.6,59.62158
1790208000000,84397.6,84494.5,84300.0,84358.0,83.57968
1790208900000,84358.0,84440.87,84337.98,84338.0,123.59696
1790209800000,84338.0,84452.52,84274.1,84364.0,197.46349
1790210700000,84364.0,84371.76,84213.99,84318.0,93.61436
1790211600000,84318.0,84401.17,84252.0,84281.96,84.79885
1790212500000,84281.96,84334.04,84186.0,84230.0,194.48242
1790213400000,84230.0,84470.47,84077.45,84138.08,174.30968
1790214300000,84138.08,84188.16,84064.0,84104.35,131.21201
1790215200000,84104.35,84126.13,83744.7,83946.56,372.32207
1790216100000,83946.57,84250.0,83946.57,84164.19,121.26929
1790217000000,84164.2,84337.0,84137.48,84332.01,89.17444
1790217900000,84332.0,84372.01,84332.0,84365.54,67.09046
1790218800000,84365.55,84480.01,84242.0,84333.55,112.74913
1790219700000,84333.55,84360.01,84000.0,84056.0,86.30475
1790220600000,84056.01,84056.01,83878.0,84010.01,95.74245
1790221500000,84010.01,84023.33,83850.0,83934.01,74.10012
1790222400000,83934.01,83962.01,83810.09,83822.0,114.34766
1790223300000,83822.01,83937.96,83781.89,83934.54,112.27222
1790224200000,83934.54,83934.55,83854.38,83875.41,44.17959
1790225100000,83875.41,84054.05,83794.0,84046.0,90.33755
1790226000000,84046.0,84400.0,84041.64,84200.0,106.62775
1790226900000,84200.01,84234.01,84132.0,84183.0,61.3609
1790227800000,84183.0,84248.01,84110.0,84194.0,58.46898
1790228700000,84194.0,84240.01,83959.55,83978.02,90.82821
1790229600000,83978.02,84189.52,83918.84,84118.01,155.53707
1790230500000,84118.01,84206.27,84072.06,84193.98,176.65633
1790231400000,84193.98,84225.07,84153.9,84190.01,96.86962
1790232300000,84190.01,84199.81,84090.11,84113.99,61.30928
1790233200000,84114.0,84146.01,83950.0,84089.38,124.52939
1790234100000,84089.38,84411.55,84062.01,84411.55,147.72016
1790235000000,84411.55,84578.01,84378.77,84430.17,382.16168
1790235900000,84430.18,84612.01,84372.0,84524.02,328.76845
1790236800000,84524.02,84622.01,84401.49,84401.99,362.31332
1790237700000,84402.0,84463.99,83778.0,83778.01,337.31025
1790238600000,83778.01,83972.01,83630.0,83738.0,316.35732
1790239500000,83738.0,83777.15,83301.0,83660.0,588.9672
1790240400000,83660.01,83743.43,83459.36,83460.72,234.08782
1790241300000,83460.72,83522.01,83338.01,83364.0,246.00622
1790242200000,83364.0,83364.01,82874.93,83170.52,1001.8735
1790243100000,83170.52,83278.01,83036.0,83263.95,258.08
1790244000000,83263.96,83390.0,83156.0,83302.0,255.51823
1790244900000,83302.0,83366.01,83174.24,83264.01,232.72819
1790245800000,83264.0,83454.61,83166.0,83397.34,139.85068
1790246700000,83397.34,83566.66,83370.8,83512.2,320.42784
1790247600000,83512.2,83595.54,83506.76,83572.01,121.43164
1790248500000,83572.01,83616.01,83491.7,83522.0,175.72313
1790249400000,83522.0,83549.35,83410.69,83455.32,94.7092
1790250300000,83455.61,83549.65,83399.47,83494.58,155.39493
1790251200000,83494.59,83600.01,83394.0,83533.16,120.2161
1790252100000,83533.16,83670.01,83525.0,83550.01,141.22567
1790253000000,83550.01,83579.36,83346.66,83500.01,120.23542
1790253900000,83500.01,83657.5,83427.69,83604.26,113.97928
1790254800000,83604.26,83760.01,83600.0,83755.87,139.19844
1790255700000,83755.88,83960.0,83728.0,83780.0,189.21174
1790256600000,83780.01,84340.01,83759.21,83942.0,484.20778
1790257500000,83942.01,84258.43,83856.0,84258.43,260.66537
1790258400000,84258.42,84368.17,84132.0,84230.0,279.50218
1790259300000,84230.0,84942.45,84144.0,84875.22,502.50244
1790260200000,84875.22,84875.22,84391.49,84413.67,750.18271
1790261100000,84413.66,84414.5,83388.88,83673.77,650.81294
1790262000000,83673.77,83930.01,83508.0,83901.07,343.04962
1790262900000,83901.06,84249.99,83885.35,84125.71,260.11141
1790263800000,84125.71,84457.39,84108.0,84428.0,254.30015
1790264700000,84428.0,84468.01,84292.0,84418.0,153.57441
1790265600000,84418.01,84432.01,84044.02,84262.01,192.08693
1790266500000,84262.01,84837.0,84262.01,84706.72,461.25186
1790267400000,84706.73,84924.01,84444.0,84555.65,313.92768
1790268300000,84555.65,84710.01,84426.0,84500.33,193.12557
1790269200000,84500.32,84562.01,84369.31,84478.0,179.76751
1790270100000,84478.0,84542.01,84210.12,84329.71,210.19451
1790271000000,84329.71,84439.63,84144.15,84172.01,138.80155
1790271900000,84172.0,84222.01,84017.68,84110.0,174.05014
1790272800000,84110.0,84258.01,83888.0,84258.0,132.2105
1790273700000,84258.0,84482.29,84242.0,84424.01,126.72784
1790274600000,84424.01,84554.0,84258.0,84423.84,148.6238
1790275500000,84423.84,84540.01,84367.8,84476.01,103.68304
1790276400000,84476.01,84629.72,84298.0,84583.99,170.55204
1790277300000,84584.0,84660.0,84540.0,84643.87,128.67036
1790278200000,84643.87,84643.88,84416.12,84451.24,159.70672
1790279100000,84451.24,84576.9,84309.06,84412.65,191.4533
1790280000000,84412.64,84442.61,84244.0,84250.0,153.81371
1790280900000,84250.01,84317.91,84170.0,84266.0,117.34277
1790281800000,84266.01,84412.82,84206.0,84387.33,147.25346
1790282700000,84387.33,84500.0,84272.0,84371.63,185.75866
1790283600000,84371.62,84404.01,84290.0,84340.0,183.09238
1790284500000,84340.01,84460.87,84336.0,84426.84,72.13481
1790285400000,84426.84,84501.16,84418.0,84488.92,98.57326
1790286300000,84488.92,84492.01,84340.01,84350.0,68.07927
1790287200000,84350.0,84368.01,84247.37,84333.97,96.8836
1790288100000,84333.97,84334.02,83948.43,84129.52,250.23785
1790289000000,84129.51,84193.62,84068.74,84150.01,110.61315
1790289900000,84150.01,84277.32,84143.83,84277.32,66.5519
1790290800000,84277.32,84373.37,84269.99,84306.72,76.18259
1790291700000,84306.72,84443.36,84294.0,84435.26,56.64102
1790292600000,84435.26,84473.58,84412.07,84412.08,90.71963
1790293500000,84412.08,84445.92,84380.01,84410.24,47.36817
1790294400000,84410.24,84718.02,84410.24,84657.87,146.65962
1790295300000,84657.86,84675.1,84549.55,84673.41,240.07276
1790296200000,84673.41,84687.58,84547.92,84598.86,121.07538
1790297100000,84598.87,84668.0,84564.96,84590.01,75.23317
1790298000000,84590.01,84796.51,84578.07,84700.03,233.79439
1790298900000,84700.02,84753.01,84510.36,84540.16,140.74776
1790299800000,84540.16,84540.16,84366.0,84479.69,107.73977
1790300700000,84479.69,84632.01,84479.69,84610.73,71.48991
1790301600000,84610.74,84881.55,84572.0,84841.53,104.87656
1790302500000,84841.54,84888.0,84650.0,84692.01,194.93204
1790303400000,84692.0,84727.65,84404.01,84485.06,107.75245
1790304300000,84485.06,84485.06,84180.0,84226.16,169.70257
1790305200000,84226.17,84328.01,84184.0,84253.93,152.97546
1790306100000,84253.94,84326.01,84121.25,84146.01,96.24844
1790307000000,84146.01,84385.1,84063.18,84213.2,100.37761
1790307900000,84213.19,84235.89,84138.47,84231.19,71.50601
1790308800000,84231.19,84231.2,84072.0,84072.01,91.7689
1790309700000,84072.0,84170.0,84061.22,84119.99,138.44963
1790310600000,84120.0,84298.01,84119.99,84278.0,138.47605
1790311500000,84278.0,84286.01,84165.8,84208.01,125.55008
1790312400000,84208.0,84254.01,84168.45,84168.45,51.32258
1790313300000,84168.45,84270.09,84096.94,84190.02,79.39511
1790314200000,84190.02,84347.86,84122.41,84256.23,122.71199
1790315100000,84256.22,84290.01,84194.0,84194.01,50.52021
1790316000000,84194.0,84233.78,83962.0,84120.0,141.20447
1790316900000,84120.0,84284.01,84063.18,84102.99,87.78385
1790317800000,84102.98,84102.99,83938.0,84031.56,91.90766
1790318700000,84031.55,84070.01,84010.0,84036.0,81.87685
1790319600000,84036.01,84058.01,83750.5,83820.79,163.79386
1790320500000,83820.79,84046.01,83819.42,84046.0,104.07058
1790321400000,84046.0,84096.01,83818.75,83915.18,380.11224
1790322300000,83915.18,84088.87,83887.16,84043.96,694.47283
1790323200000,84043.96,84191.58,84028.98,84121.75,317.72874
1790324100000,84121.75,84512.0,84121.74,84432.0,181.19669
1790325000000,84432.0,84446.46,84322.49,84322.49,91.38225
1790325900000,84322.49,84473.57,84294.49,84417.06,96.54424
1790326800000,84417.05,84721.0,84417.05,84596.82,223.10484
1790327700000,84596.81,84832.84,84545.67,84814.01,227.47825
1790328600000,84814.01,84870.0,84592.59,84630.7,157.91855
1790329500000,84630.7,84643.67,84570.01,84570.01,90.07331
1790330400000,84570.02,84570.02,84394.0,84496.01,103.06392
1790331300000,84496.01,84746.01,84451.55,84728.56,109.04317
1790332200000,84728.57,84819.31,84662.25,84784.0,162.06028
1790333100000,84784.0,84870.0,84713.66,84713.66,166.68573
1790334000000,84713.67,85222.0,84707.5,85221.94,1019.46434
1790334900000,85221.94,85255.0,84841.04,84926.99,431.00815
1790335800000,84927.0,84973.66,84705.88,84716.69,191.08022
1790336700000,84716.69,84744.74,84567.02,84582.64,158.39566
1790337600000,84582.64,84704.0,84223.56,84368.41,357.19358
1790338500000,84368.42,84405.91,83900.0,84405.9,440.81177
1790339400000,84405.91,84542.01,84340.0,84435.99,237.0012
1790340300000,84435.99,84574.01,84340.01,84471.8,258.75892
1790341200000,84471.79,84574.01,84340.0,84460.0,258.30405
1790342100000,84460.01,84600.01,84104.22,84104.22,383.50107
1790343000000,84104.22,84342.01,83800.0,84010.0,527.75498
1790343900000,84010.01,84112.01,83530.06,83923.71,478.11111
1790344800000,83923.71,84017.47,83183.0,83580.01,936.97534
1790345700000,83580.01,83800.0,83462.0,83649.76,304.44143
1790346600000,83650.01,83928.01,83650.0,83684.46,355.74737
1790347500000,83684.46,84030.01,83564.0,84016.01,450.49328
1790348400000,84016.01,84092.01,83754.0,84001.9,276.79925
1790349300000,84001.9,84004.83,83730.81,83766.46,316.405
1790350200000,83766.45,83892.01,83455.0,83474.35,360.11474
1790351100000,83474.35,83796.01,83363.63,83796.01,224.72457
1790352000000,83796.01,84077.64,83796.01,84010.48,369.73458
1790352900000,84010.48,84115.87,83926.57,83972.01,141.85728
1790353800000,83972.01,84037.92,83819.86,83906.01,171.77952
1790354700000,83906.01,83906.01,83720.0,83742.22,103.78844
1790355600000,83742.23,83962.01,83742.23,83959.93,159.18417
1790356500000,83959.92,83995.84,83694.83,83694.84,178.37257
1790357400000,83694.84,83840.53,83628.0,83803.7,155.16174
1790358300000,83803.7,83810.01,83704.04,83785.11,103.31068
1790359200000,83785.11,84019.97,83785.11,83998.76,88.44751
1790360100000,83998.76,84081.41,83902.69,83958.0,117.07936
1790361000000,83958.01,84020.01,83916.08,83980.54,83.61397
1790361900000,83980.54,84003.47,83938.6,83968.0,52.76313
1790362800000,83968.01,84050.01,83934.0,84049.97,94.40308
1790363700000,84049.97,84050.0,83954.0,84007.3,70.69403
1790364600000,84007.29,84072.01,83956.52,83986.47,77.66329
1790365500000,83986.47,84078.23,83986.46,84020.01,86.20619
1790366400000,84020.01,84043.9,83946.0,83974.49,64.29699
1790367300000,83974.49,84101.12,83974.49,84064.92,84.05398
1790368200000,84064.91,84193.39,84051.75,84122.01,81.0979
1790369100000,84122.01,84122.01,83817.89,83886.0,79.48985
1790370000000,83886.01,83921.36,83657.14,83696.49,128.25808
1790370900000,83696.49,83773.69,83632.03,83773.68,70.12568
1790371800000,83773.69,83840.87,83725.36,83814.6,53.31556
1790372700000,83814.6,83886.0,83789.92,83792.0,114.14785
1790373600000,83792.0,83933.94,83765.26,83933.94,39.02375
1790374500000,83933.94,83973.99,83900.57,83906.0,112.04353
1790375400000,83906.0,84098.5,83906.0,84079.69,63.49864
1790376300000,84079.69,84123.35,84041.73,84083.05,153.35355
1790377200000,84083.05,84100.0,84059.86,84059.94,92.94094
1790378100000,84059.93,84097.05,84020.0,84097.04,106.21424
1790379000000,84097.05,84106.0,84075.65,84080.0,63.39469
1790379900000,84080.0,84100.0,84038.11,84099.99,124.98363
1790380800000,84100.0,84145.26,84060.0,84074.05,112.62736
1790381700000,84074.04,84078.71,83922.74,83950.41,92.53118
1790382600000,83950.41,83950.41,83798.0,83881.4,133.56122
1790383500000,83881.41,83950.0,83881.4,83910.01,46.09651
1790384400000,83910.01,83981.11,83906.72,83933.73,226.51967
1790385300000,83933.72,84000.0,83927.86,83944.79,62.74258
1790386200000,83944.79,84078.9,83936.38,84041.37,51.99477
1790387100000,84041.37,84086.01,84036.0,84076.66,39.12939
1790388000000,84076.67,84138.6,83996.0,84136.01,48.25136
1790388900000,84136.02,84137.41,84029.77,84029.77,77.17599
1790389800000,84029.78,84044.0,84000.0,84010.0,143.94276
1790390700000,84009.99,84059.99,84009.99,84010.0,83.88061
1790391600000,84010.0,84010.0,83918.0,83944.01,42.66596
1790392500000,83944.01,84027.1,83909.98,84027.09,75.09633
1790393400000,84027.09,84049.83,83951.27,83951.28,74.54979
1790394300000,83951.28,83962.89,83939.0,83939.0,43.07743
1790395200000,83939.01,84013.48,83939.0,83985.68,66.21851
1790396100000,83985.68,84045.65,83893.67,83894.43,94.85718
1790397000000,83894.44,83983.25,83848.91,83983.24,102.54411
1790397900000,83983.24,83998.0,83972.0,83976.0,102.9721
1790398800000,83976.01,84012.93,83940.9,83967.97,52.75459
1790399700000,83967.96,83994.15,83899.32,83931.5,44.52595
1790400600000,83931.5,83960.01,83891.27,83960.01,45.5254
1790401500000,83960.0,83986.87,83900.58,83919.69,53.73416
1790402400000,83919.69,83939.89,83893.18,83893.18,74.01831
1790403300000,83893.19,83936.0,83876.58,83936.0,76.20613
1790404200000,83935.99,83968.01,83904.7,83913.0,52.43929
1790405100000,83913.0,83930.0,83886.03,83891.22,89.45198
1790406000000,83891.23,84021.25,83891.23,84010.32,73.08748
1790406900000,84010.32,84030.01,83995.76,84014.03,71.76982
1790407800000,84014.04,84069.91,84014.03,84038.01,43.54152
1790408700000,84038.01,84134.01,84038.0,84116.8,91.95723
1790409600000,84116.79,84119.37,84053.71,84080.08,87.22426
1790410500000,84080.08,84100.77,84032.06,84100.77,70.539
1790411400000,84100.77,84336.96,84100.76,84293.1,156.38648
1790412300000,84293.1,84293.11,84208.06,84220.01,63.03016
1790413200000,84220.01,84220.01,83975.8,84018.89,86.25479
1790414100000,84018.89,84038.01,83966.03,84031.18,114.07067
1790415000000,84031.18,84041.0,83981.1,84018.99,48.10489
1790415900000,84019.0,84027.59,83994.54,84021.95,51.77198
1790416800000,84021.96,84122.01,84021.95,84113.29,45.77385
1790417700000,84113.3,84184.95,84113.29,84143.55,53.38314
1790418600000,84143.55,84163.36,84122.11,84148.0,71.39411
1790419500000,84148.01,84179.92,84130.02,84179.92,43.43498
1790420400000,84179.92,84192.01,84130.79,84171.85,72.74059
1790421300000,84171.85,84199.97,84161.98,84163.35,26.33209
1790422200000,84163.36,84198.0,84163.34,84176.05,45.83575
1790423100000,84176.05,84185.64,84166.01,84176.0,53.11106
1790424000000,84176.0,84183.45,84108.0,84150.0,74.69981
1790424900000,84150.0,84204.88,84103.65,84103.66,64.32191
1790425800000,84103.65,84125.97,84050.0,84050.01,33.00772
1790426700000,84050.0,84074.01,84050.0,84051.9,63.95471
1790427600000,84051.89,84125.45,83958.83,84008.01,84.11303
1790428500000,84008.0,84024.02,83856.23,83932.0,106.88666
1790429400000,83932.0,83932.27,83865.42,83932.26,100.7864
1790430300000,83932.26,83975.82,83923.44,83939.1,151.17582
1790431200000,83939.11,83968.01,83919.1,83960.01,101.40702
1790432100000,83960.01,83982.73,83960.0,83980.0,33.86904
1790433000000,83980.01,84034.48,83980.0,84021.7,62.74908
1790433900000,84021.69,84049.19,84007.36,84020.0,54.92832
1790434800000,84020.01,84036.0,84010.49,84020.02,92.50924
1790435700000,84020.02,84058.5,84020.01,84058.49,69.42398
1790436600000,84058.5,84190.0,84058.49,84134.77,158.63962
1790437500000,84134.77,84156.0,84082.45,84155.99,121.23779
1790438400000,84156.0,84164.48,84110.21,84135.75,67.57623
1790439300000,84135.75,84149.56,84098.18,84112.22,57.39659
1790440200000,84112.22,84174.33,84112.21,84152.32,34.4781
1790441100000,84152.32,84166.3,84100.02,84120.0,104.69028
1790442000000,84120.0,84128.62,84065.27,84087.98,75.50211
1790442900000,84087.97,84088.01,84050.39,84070.75,110.37812
1790443800000,84070.74,84101.73,84041.92,84101.72,118.79367
1790444700000,84101.73,84132.41,84101.72,84132.4,74.91071
1790445600000,84132.4,84162.52,84100.6,84100.61,83.32108
1790446500000,84100.61,84100.61,84063.18,84069.27,84.11077
1790447400000,84069.26,84073.8,84002.0,84006.06,114.98834
1790448300000,84006.06,84020.76,83990.0,83998.68,112.89159
1790449200000,83998.68,84048.14,83998.67,84022.95,132.90177
1790450100000,84022.94,84039.04,84022.16,84039.03,79.48502
1790451000000,84039.03,84039.17,83976.74,84016.78,72.63222
1790451900000,84016.79,84029.91,84004.0,84016.63,43.13614
1790452800000,84016.63,84060.01,83991.39,84018.01,27.33578
1790453700000,84018.0,84082.84,84018.0,84082.84,26.39881
1790454600000,84082.83,84097.88,83874.0,83890.01,88.15101
1790455500000,83890.01,84041.73,83838.0,84030.34,83.61493
1790456400000,84030.35,84118.06,84030.34,84118.06,30.50871
1790457300000,84118.05,84220.99,84105.4,84220.97,97.4833
1790458200000,84220.98,84262.85,84162.0,84163.99,87.50197
1790459100000,84164.0,84164.0,84118.48,84158.75,57.93289
1790460000000,84158.74,84420.59,84158.74,84345.26,183.90755
1790460900000,84345.26,84364.0,84256.0,84364.0,160.47116
1790461800000,84363.99,84363.99,84274.31,84275.11,42.53221
1790462700000,84275.11,84342.01,84269.77,84276.01,171.40838
1790463600000,84276.01,84376.01,84276.0,84356.91,38.95622
1790464500000,84356.92,84438.28,84329.69,84384.73,276.0847
1790465400000,84384.73,84434.01,84349.78,84349.79,250.23259
1790466300000,84349.78,84473.58,84349.78,84433.1,115.80708
1790467200000,84433.11,84443.26,84328.36,84328.37,71.64858
1790468100000,84328.37,84328.37,84257.07,84266.01,39.64525
1790469000000,84266.0,84384.77,84266.0,84350.5,53.29679
1790469900000,84350.5,84350.51,84306.0,84306.01,19.77412
1790470800000,84306.01,84391.99,84281.84,84391.99,26.52198
1790471700000,84391.98,84414.34,84332.99,84333.0,66.35159
1790472600000,84332.99,84401.0,84309.42,84400.99,51.21908
1790473500000,84401.0,84571.13,84401.0,84495.01,158.76687
1790474400000,84495.01,84535.97,84460.0,84498.01,85.11994
1790475300000,84498.01,84540.01,84475.51,84516.01,53.5511
1790476200000,84516.01,84536.0,84479.84,84479.84,32.3504
1790477100000,84479.84,84480.01,84448.0,84450.0,50.91851
1790478000000,84450.01,84518.6,84450.0,84488.81,66.57864
1790478900000,84488.82,84488.82,84378.46,84387.59,42.41816
1790479800000,84387.6,84436.75,84387.59,84403.71,36.71337
1790480700000,84403.7,84419.67,84372.0,84402.15,50.00491
1790481600000,84402.15,84510.0,84396.0,84490.0,42.7352
1790482500000,84490.01,84491.5,84426.0,84426.0,41.24125
1790483400000,84426.0,84426.01,84314.18,84315.38,66.39863
1790484300000,84315.39,84362.0,84305.35,84329.6,51.72619
1790485200000,84329.61,84398.0,84325.0,84391.54,52.26413
1790486100000,84391.55,84398.87,84391.54,84398.86,20.26677
1790487000000,84398.86,84654.02,84398.86,84548.0,168.82005
1790487900000,84548.01,84573.03,84468.98,84478.06,116.47374
1790488800000,84478.06,84608.01,84478.06,84605.94,86.61697
1790489700000,84605.95,84636.91,84546.0,84599.21,168.69186
1790490600000,84599.21,84605.82,84518.49,84528.54,108.42741
1790491500000,84528.54,84565.68,84482.98,84511.69,76.87671
1790492400000,84511.69,84548.0,84511.68,84540.77,65.73327
1790493300000,84540.78,84550.06,84500.0,84534.6,112.54583
1790494200000,84534.6,84632.01,84534.59,84626.01,87.35681
1790495100000,84626.0,84791.0,84614.0,84791.0,209.91699
1790496000000,84790.99,84840.0,84732.07,84816.39,331.22409
1790496900000,84816.38,84864.01,84754.02,84810.01,188.48434
1790497800000,84810.01,84883.98,84692.68,84749.0,213.34182
1790498700000,84749.01,84827.78,84709.98,84800.0,224.13597
1790499600000,84800.0,84800.01,84590.0,84658.0,247.88821
1790500500000,84658.0,84700.59,84631.59,84700.59,211.29688
1790501400000,84700.59,84804.24,84700.58,84804.24,286.57458
1790502300000,84804.24,84958.99,84804.23,84944.01,576.46893
1790503200000,84944.01,85048.13,84900.0,85032.41,220.54214
1790504100000,85032.4,85117.64,84910.55,84930.0,160.12218
1790505000000,84930.01,84930.14,84858.0,84858.01,97.08469
1790505900000,84858.0,84909.98,84800.0,84883.0,67.41878
1790506800000,84882.99,84946.01,84848.0,84910.02,80.78614
1790507700000,84910.01,84939.44,84841.93,84905.55,70.54839
1790508600000,84905.55,84912.34,84836.06,84912.34,54.28397
1790509500000,84912.33,84918.61,84850.0,84898.0,46.37291
1790510400000,84898.0,85007.49,84898.0,85002.83,52.77829
1790511300000,85002.83,85044.51,84957.78,84970.11,108.56249
1790512200000,84970.12,85027.48,84970.0,84996.0,71.2277
1790513100000,84996.01,84996.01,84802.01,84802.01,61.47511
1790514000000,84802.01,84806.73,84637.73,84649.99,184.06593
1790514900000,84649.99,84950.0,84649.99,84945.01,89.23156
1790515800000,84945.0,85159.03,84790.0,84798.93,169.82932
1790516700000,84798.94,85040.0,84743.8,85030.41,103.12494
1790517600000,85030.41,85048.14,84914.35,84996.74,95.86205
1790518500000,84996.74,85016.01,84700.0,84708.0,99.9642
1790519400000,84708.01,84796.14,84673.02,84734.01,136.08721
1790520300000,84734.0,84742.01,84450.0,84538.02,207.12675
1790521200000,84538.01,84592.24,84364.0,84514.32,197.86744
1790522100000,84514.32,84624.01,84458.0,84624.0,117.93097
1790523000000,84624.0,84644.01,84434.12,84436.23,105.6256
1790523900000,84436.23,84507.81,84430.0,84463.37,55.77028
1790524800000,84463.38,84593.12,84463.37,84563.99,47.27967
1790525700000,84563.99,84687.32,84506.63,84578.01,100.30089
1790526600000,84578.0,84578.0,84380.0,84392.01,95.16922
1790527500000,84392.01,84449.95,84392.0,84426.0,60.57303
1790528400000,84426.0,84473.58,84342.0,84390.0,102.57916
1790529300000,84390.0,84457.82,84390.0,84444.0,60.54708
1790530200000,84444.0,84520.01,84444.0,84476.79,63.7437
1790531100000,84476.78,84574.01,84476.78,84574.0,21.15134
1790532000000,84574.0,84604.45,84565.9,84604.44,43.17221
1790532900000,84604.45,84740.01,84604.44,84740.01,52.97572
1790533800000,84740.01,84771.67,84672.0,84758.01,88.37402
1790534700000,84758.0,84820.74,84706.0,84818.87,61.41497
1790535600000,84818.87,84843.0,84730.0,84795.96,40.02933
1790536500000,84795.95,84839.34,84671.37,84702.01,64.17185
1790537400000,84702.0,84796.01,84666.0,84771.4,61.89637
1790538300000,84771.41,84818.01,84736.01,84736.01,42.85101
1790539200000,84736.02,84813.0,84736.01,84812.99,27.77376
1790540100000,84813.0,84813.0,84615.09,84621.75,61.56189
1790541000000,84621.74,84643.87,84583.18,84639.98,53.07535
1790541900000,84639.98,84640.04,84548.0,84552.0,79.34587
1790542800000,84552.01,84682.01,84552.0,84682.01,41.04473
1790543700000,84682.01,84719.82,84607.51,84607.51,42.68958
1790544600000,84607.52,84622.01,84458.0,84548.72,103.38145
1790545500000,84548.72,84700.01,84548.71,84688.07,61.3732
1790546400000,84688.07,84756.01,84277.72,84329.32,152.38396
1790547300000,84329.32,84566.01,84272.79,84555.65,76.3272
1790548200000,84555.65,84555.65,84178.65,84184.36,140.76572
1790549100000,84184.35,84242.01,84135.78,84195.27,62.67368
1790550000000,84195.27,84302.68,84132.0,84224.0,96.30219
1790550900000,84224.0,84448.01,84206.0,84408.0,112.97824
1790551800000,84408.0,84470.0,84340.62,84340.63,63.41487
1790552700000,84340.63,84532.01,84340.62,84472.0,119.73341
1790553600000,84472.01,84567.0,84378.0,84430.01,74.26908
1790554500000,84430.01,84999.0,84422.0,84792.47,259.14211
1790555400000,84792.48,84792.48,84208.0,84300.01,286.48248
1790556300000,84300.01,84622.01,84140.0,84140.0,152.15045
1790557200000,84140.0,84238.87,83930.0,83959.63,415.70474
1790558100000,83959.63,84160.01,83880.0,84078.0,171.30436
1790559000000,84078.0,84142.01,83803.81,83815.43,162.49129
1790559900000,83815.43,83924.56,83613.8,83694.43,273.79285
1790560800000,83694.42,83782.07,83480.0,83745.42,374.95811
1790561700000,83745.42,83756.12,83554.86,83627.27,134.82978
1790562600000,83627.27,83629.72,83420.81,83493.1,203.74535
1790563500000,83493.09,83541.23,83389.07,83418.24,159.31148
1790564400000,83418.91,83536.48,83383.41,83438.01,153.37943
1790565300000,83438.0,83506.01,83304.0,83330.01,205.91941
1790566200000,83330.0,83488.01,83210.0,83445.02,184.6146
1790567100000,83445.03,83486.0,83302.99,83338.6,152.27702
1790568000000,83338.6,83450.0,83232.0,83430.53,164.44706
1790568900000,83430.52,83516.01,83370.71,83484.57,106.63966
1790569800000,83484.58,83526.01,83435.7,83500.01,65.80445
1790570700000,83500.0,83511.57,83436.58,83490.21,151.32618
1790571600000,83490.2,83534.01,83251.25,83335.38,269.74469
1790572500000,83335.38,83354.34,83026.17,83066.98,353.52121
1790573400000,83066.98,83150.01,82705.02,83140.66,583.51755
1790574300000,83140.67,83198.01,83052.0,83184.01,238.93071
1790575200000,83184.0,83295.84,83140.92,83247.35,176.26333
1790576100000,83247.34,83254.01,83057.75,83062.0,152.35209
1790577000000,83062.0,83218.01,83046.0,83186.95,117.69723
1790577900000,83186.94,83233.28,83122.16,83164.78,188.00814
1790578800000,83164.78,83291.66,83058.59,83086.0,187.93502
1790579700000,83086.01,83158.01,82938.98,82942.01,264.00193
1790580600000,82942.01,83057.85,82920.0,82944.71,386.40401
1790581500000,82944.71,83130.01,82934.0,82966.01,296.1902
1790582400000,82966.0,83160.33,82924.01,83040.06,588.2443
1790583300000,83040.06,83069.72,82824.12,82844.01,674.29891
1790584200000,82844.01,82972.01,82784.0,82922.0,306.01021
1790585100000,82922.0,83030.01,82910.0,82962.0,425.96279
1790586000000,82962.01,83003.67,82613.13,82879.11,389.46542
1790586900000,82879.11,82969.98,82751.81,82818.01,374.50146
1790587800000,82818.0,82844.32,82597.55,82626.01,221.94976
1790588700000,82626.0,82780.01,82613.71,82666.01,179.13239
1790589600000,82666.01,82868.41,82666.01,82762.04,181.88889
1790590500000,82762.03,82850.0,82734.19,82816.93,139.20977
1790591400000,82816.94,82958.18,82773.91,82950.0,116.56718
1790592300000,82950.0,83064.51,82862.0,82960.0,367.15672
1790593200000,82960.01,83055.65,82960.0,82994.01,185.44465
1790594100000,82994.01,83078.24,82969.97,83021.05,225.76978
1790595000000,83021.05,83111.0,82982.53,83069.98,277.59028
1790595900000,83069.98,83086.0,82981.08,83082.54,147.07711
1790596800000,83082.53,83500.0,83011.48,83383.9,423.32661
1790597700000,83383.9,83466.15,83278.24,83369.7,238.87237
1790598600000,83369.7,83430.01,83270.26,83340.91,196.74791
1790599500000,83340.92,83631.43,83340.92,83579.75,351.65676
1790600400000,83579.75,83579.76,83310.71,83406.2,149.78318
1790601300000,83406.19,83567.48,83360.0,83567.47,172.74748
1790602200000,83567.48,83816.95,83388.03,83741.62,550.59528
1790603100000,83741.62,83820.0,83480.0,83641.99,303.07555
1790604000000,83641.99,83642.0,83326.0,83401.65,274.34465
1790604900000,83401.65,83609.42,83100.0,83244.0,286.16611
1790605800000,83244.0,83480.01,82856.0,82948.33,457.19772
1790606700000,82948.33,83066.01,82563.0,83020.0,478.9755
1790607600000,83020.01,83266.19,82929.0,82956.86,381.98987
1790608500000,82956.87,83126.01,82792.0,83068.0,594.28668
1790609400000,83068.0,83365.23,83020.0,83211.33,249.99024
1790610300000,83211.33,83397.18,83211.32,83370.0,184.80004
1790611200000,83370.0,83480.01,83256.0,83420.93,180.51197
1790612100000,83420.92,84188.9,83378.0,84012.01,471.59087
1790613000000,84012.01,84114.26,83678.13,83724.0,263.11312
1790613900000,83724.0,83776.01,83580.28,83723.1,192.50295
1790614800000,83723.1,84250.0,83563.11,84249.99,342.37716
1790615700000,84249.99,84381.3,83880.0,83905.01,288.39402
1790616600000,83905.01,84026.01,83852.0,84014.99,96.00302
1790617500000,84014.98,84054.01,83842.01,83880.33,84.27982
1790618400000,83880.34,83974.01,83846.94,83972.15,72.81954
1790619300000,83972.15,84000.0,83899.37,83938.36,48.11504
1790620200000,83938.35,83954.89,83800.0,83869.49,72.23523
1790621100000,83869.49,84045.23,83810.35,84041.19,238.0464
1790622000000,84041.19,84045.23,83658.05,83727.59,101.47908
1790622900000,83727.59,83737.5,83634.09,83638.0,81.9576
1790623800000,83638.01,83652.84,83118.1,83320.53,239.38628
1790624700000,83320.53,83424.0,83274.0,83389.54,88.10304
1790625600000,83389.53,83613.8,83270.0,83570.53,125.03477
1790626500000,83570.53,83570.53,83472.93,83492.0,79.88324
1790627400000,83492.01,83581.51,83468.0,83500.01,35.59472
1790628300000,83500.0,83548.01,83442.0,83548.0,40.69567
1790629200000,83548.01,83664.01,83548.0,83586.0,53.27058
1790630100000,83586.01,83586.01,83458.0,83468.31,38.01081
1790631000000,83468.32,83475.48,83400.0,83427.64,44.90204
1790631900000,83427.64,83439.38,83214.0,83218.01,76.44152
1790632800000,83218.01,83236.01,83100.0,83181.98,135.54591
1790633700000,83181.98,83242.4,83158.0,83236.0,32.34691
1790634600000,83236.01,83488.64,83236.0,83488.64,36.28207
1790635500000,83488.63,83544.01,83486.86,83544.01,62.08517
1790636400000,83544.01,83636.7,83455.0,83455.0,66.12421
1790637300000,83455.01,83590.01,83455.0,83590.0,43.24584
1790638200000,83590.01,83621.8,83583.3,83602.85,32.29856
1790639100000,83602.84,83602.85,83500.0,83500.01,36.06589
1790640000000,83500.01,83544.01,83462.0,83525.65,73.50721
1790640900000,83525.66,83558.01,83350.0,83549.04,172.3247
1790641800000,83549.05,83620.01,83468.0,83532.0,197.99732
1790642700000,83532.0,83532.01,83183.0,83185.69,99.52702
1790643600000,83185.69,83241.99,82991.2,83035.72,225.11149
1790644500000,83035.72,83054.01,82827.72,82827.73,197.38236
1790645400000,82827.73,83009.64,82775.94,82968.55,171.69416
1790646300000,82968.54,83115.35,82910.89,83068.0,160.95294
1790647200000,83068.01,83100.0,82914.16,83020.1,152.99171
1790648100000,83020.1,83156.01,82914.83,82975.59,83.88488
1790649000000,82975.59,83036.32,82891.32,83034.3,94.11906
1790649900000,83034.3,83112.01,82903.42,82967.4,119.36415
1790650800000,82967.41,83048.89,82895.42,82895.43,61.5356
1790651700000,82895.43,83210.01,82866.01,83210.01,107.04598
1790652600000,83210.0,83210.01,83114.94,83123.14,56.00996
1790653500000,83123.14,83172.16,83044.79,83069.99,84.24076
1790654400000,83070.0,83158.01,83024.43,83128.02,67.29581
1790655300000,83128.02,83295.61,83128.01,83226.0,83.40296
1790656200000,83226.01,83226.01,83108.98,83163.83,75.14252
1790657100000,83163.84,83215.96,83078.64,83212.98,124.53207
1790658000000,83212.98,83262.52,83178.0,83260.0,57.41994
1790658900000,83260.0,83344.01,83228.0,83316.01,77.17616
1790659800000,83316.01,83326.01,82971.1,83298.01,127.11433
1790660700000,83298.01,83434.56,83215.49,83431.02,97.44766
1790661600000,83431.01,83892.89,83420.01,83892.89,250.25213
1790662500000,83892.88,83895.0,83746.0,83881.93,134.78366
1790663400000,83881.93,83955.17,83844.79,83899.91,137.99794
1790664300000,83899.91,84017.74,83862.76,84007.06,134.41491
1790665200000,84007.07,84046.72,83873.74,83987.4,116.65054
1790666100000,83987.39,84070.0,83923.62,83996.22,149.92036
1790667000000,83996.21,84200.0,83963.04,84017.64,179.78931
1790667900000,84017.64,84064.96,83954.37,83980.97,168.04293
1790668800000,83980.97,84086.22,83978.73,84044.75,132.90875
1790669700000,84044.76,84368.01,84044.75,84166.93,221.56938
1790670600000,84166.93,84166.94,83844.0,83856.01,189.59793
1790671500000,83856.01,83882.01,83800.0,83874.01,106.60305
1790672400000,83874.01,83878.01,83762.0,83782.0,141.50605
1790673300000,83782.01,83916.01,83760.4,83849.55,144.94643
1790674200000,83849.54,84000.0,83834.01,84000.0,75.27514
1790675100000,84000.0,84328.94,83992.8,84258.01,521.67048
1790676000000,84258.01,84332.76,84165.58,84208.52,256.4841
1790676900000,84208.51,84219.03,84068.0,84150.0,87.07579
1790677800000,84150.01,84159.0,84000.0,84018.01,97.10255
1790678700000,84018.0,84076.49,83987.99,84030.49,68.8445
1790679600000,84030.5,84090.01,83936.92,84030.19,115.54499
1790680500000,84030.2,84077.46,83986.0,84068.3,76.42752
1790681400000,84068.29,84272.01,84063.19,84262.5,113.3595
1790682300000,84262.5,84500.0,84252.0,84358.01,186.72155
1790683200000,84358.0,84429.79,84299.45,84327.44,168.41335
1790684100000,84327.45,84488.99,84133.0,84203.93,174.27063
1790685000000,84203.93,84480.0,84203.93,84353.78,137.42597
1790685900000,84353.78,84390.0,84256.0,84332.85,110.31793
1790686800000,84332.85,84450.0,84249.65,84410.01,149.85882
1790687700000,84410.0,84563.99,84338.01,84361.84,197.55287
1790688600000,84361.84,84361.85,84025.26,84192.01,316.50437
1790689500000,84192.01,84456.01,84082.0,84200.01,192.99895
1790690400000,84200.01,84288.01,83875.01,83925.3,316.90979
1790691300000,83925.31,84080.01,83854.26,83942.16,207.4684
1790692200000,83942.17,84014.96,83764.0,83890.85,334.02587
1790693100000,83890.85,84009.75,83688.0,83752.01,192.21915
1790694000000,83752.0,83756.25,83364.0,83430.82,315.78046
1790694900000,83430.83,83496.01,82910.0,82994.54,522.74541
1790695800000,82994.53,83242.4,82986.0,83179.58,280.54423
1790696700000,83179.58,83331.13,82929.0,83068.0,373.04056
1790697600000,83068.0,83145.81,82962.6,83030.0,177.88283
1790698500000,83030.01,83290.0,82997.32,83258.0,223.82874
1790699400000,83258.01,83276.01,83042.0,83044.01,92.47181
1790700300000,83044.01,83088.01,82900.0,83061.27,189.88643
1790701200000,83061.28,83188.6,83014.98,83166.47,131.71468
1790702100000,83166.48,83180.69,83050.0,83178.0,92.37566
1790703000000,83178.01,83218.01,83107.9,83132.01,83.80314
1790703900000,83132.01,83171.24,82985.0,83078.01,75.4035
1790704800000,83078.01,83432.01,83078.01,83428.01,141.36729
1790705700000,83428.0,83519.0,83400.0,83427.65,69.28676
1790706600000,83427.66,83700.0,83414.0,83632.01,115.72599
1790707500000,83632.0,83684.01,83586.0,83640.0,67.64029
1790708400000,83640.0,83700.0,83599.89,83599.89,65.8068
1790709300000,83599.89,83665.93,83544.0,83547.99,67.47506
1790710200000,83547.99,83621.28,83436.0,83436.0,62.01874
1790711100000,83436.0,83637.69,83398.5,83594.01,124.91757
1790712000000,83594.01,83603.36,83508.0,83537.74,70.92967
1790712900000,83537.74,83650.01,83537.74,83630.25,50.72816
1790713800000,83630.26,83645.69,83586.94,83641.94,45.90621
1790714700000,83641.94,83654.85,83616.38,83616.39,36.69796
1790715600000,83616.38,83616.39,83526.0,83558.83,93.59363
1790716500000,83558.84,83559.68,83384.0,83422.01,142.12536
1790717400000,83422.01,83538.01,83420.0,83506.43,59.91989
1790718300000,83506.43,83506.43,83420.0,83503.99,48.52066
1790719200000,83503.99,83722.01,83503.99,83658.41,73.34006
1790720100000,83658.4,83689.51,83550.0,83598.01,71.68968
1790721000000,83598.01,83620.0,83544.68,83606.02,57.56327
1790721900000,83606.02,83650.0,83580.44,83612.01,72.30006
1790722800000,83612.0,83845.93,83612.0,83845.93,96.86636
1790723700000,83845.93,83849.0,83725.0,83759.03,90.08695
1790724600000,83759.04,83759.04,83640.0,83660.0,72.92497
1790725500000,83660.01,83716.0,83645.0,83663.66,31.96813
1790726400000,83663.66,83731.46,83516.14,83529.04,90.64864
1790727300000,83529.03,83592.01,83416.93,83578.01,140.28906
1790728200000,83578.0,83631.42,83468.0,83490.09,73.12741
1790729100000,83490.09,83490.09,83344.78,83453.36,106.7968
1790730000000,83453.36,83482.1,83390.19,83427.4,235.56313
1790730900000,83427.4,83550.39,83399.52,83429.19,38.39824
1790731800000,83429.19,83446.01,83336.51,83434.01,78.30285
1790732700000,83434.0,83506.01,83401.84,83448.01,56.20192
1790733600000,83448.01,83620.87,83438.0,83486.01,83.92832
1790734500000,83486.0,83552.02,83382.34,83420.01,86.18434
1790735400000,83420.01,83445.95,83298.0,83386.47,114.93606
1790736300000,83386.47,83484.01,83362.0,83384.68,57.29009
1790737200000,83384.68,83423.8,83331.99,83332.0,43.48178
1790738100000,83332.0,83332.0,83175.67,83321.39,125.5855
1790739000000,83321.39,83427.51,83262.0,83362.0,57.17682
1790739900000,83362.0,83362.01,83280.0,83300.65,38.51158
1790740800000,83300.65,83418.01,83300.64,83369.08,56.88148
1790741700000,83369.09,83433.33,83358.52,83370.01,88.47564
1790742600000,83370.01,83394.01,83296.0,83316.38,81.33683
1790743500000,83316.39,83320.0,83210.0,83210.01,59.78972
1790744400000,83210.01,83346.01,83210.0,83234.01,115.06472
1790745300000,83234.02,83383.97,83188.01,83383.97,121.45505
1790746200000,83383.96,83521.98,83383.96,83472.8,117.82752
1790747100000,83472.8,83484.01,83296.17,83384.0,86.48631
1790748000000,83384.01,83438.01,83114.58,83128.01,123.94422
1790748900000,83128.0,83188.64,83058.17,83160.04,157.52569
1790749800000,83160.05,83160.05,83042.41,83106.0,99.33788
1790750700000,83106.01,83194.93,82980.0,83043.14,149.49215
1790751600000,83043.14,83112.67,82956.11,83016.03,149.21948
1790752500000,83016.03,83400.0,83016.02,83308.01,119.82903
1790753400000,83308.0,83436.01,83268.0,83425.67,185.4673
1790754300000,83425.67,83470.0,83300.0,83304.92,233.64999
1790755200000,83304.92,83339.91,83125.7,83130.01,167.26508
1790756100000,83130.0,83288.65,83119.02,83133.99,160.24991
1790757000000,83134.0,83140.55,83037.0,83080.01,176.25962
1790757900000,83080.0,83172.6,83023.69,83062.41,124.4923
1790758800000,83062.41,83291.95,83058.0,83291.94,84.69473
1790759700000,83291.94,83440.99,83277.25,83426.95,127.39236
1790760600000,83426.96,83812.41,83426.95,83574.4,334.51225
1790761500000,83574.39,83656.01,83537.21,83632.01,98.15454
1790762400000,83632.01,83796.73,83632.01,83706.53,344.30893
1790763300000,83706.02,83866.33,83678.0,83787.92,175.26886
1790764200000,83787.91,83926.33,83787.91,83888.58,136.48128
1790765100000,83888.58,83950.0,83862.12,83918.01,102.4032
1790766000000,83918.0,83918.0,83696.0,83844.99,112.76053
1790766900000,83844.99,83879.64,83716.0,83858.0,83.73694
1790767800000,83858.01,83981.11,83747.65,83934.01,167.5483
1790768700000,83934.01,83976.0,83820.01,83915.16,85.1232
1790769600000,83915.17,83942.01,83768.89,83883.94,77.65133
1790770500000,83883.95,83975.0,83768.0,83939.61,150.69261
1790771400000,83939.61,85072.01,83874.0,84828.16,2195.21764
1790772300000,84828.17,85514.0,84741.25,85290.32,1426.54003
1790773200000,85290.32,85649.95,85104.65,85394.57,654.24922
1790774100000,85394.57,85500.01,85168.0,85188.0,516.79348
1790775000000,85188.01,85563.0,84019.39,84515.45,914.77034
1790775900000,84515.46,84757.07,84400.0,84637.74,297.74795
1790776800000,84637.74,84644.83,84138.59,84354.01,399.64486
1790777700000,84354.01,84358.01,83647.28,83768.38,592.90226
1790778600000,83768.38,83831.96,83373.0,83553.98,578.41953
1790779500000,83553.98,83987.78,83544.61,83800.01,326.9992
1790780400000,83800.01,84000.0,83724.0,83952.98,230.67691
1790781300000,83952.98,84021.58,83694.0,83895.48,211.13587
1790782200000,83895.49,84295.71,83895.48,84114.01,249.03626
1790783100000,84114.01,84289.29,84105.59,84134.43,120.14226
1790784000000,84134.43,84385.32,84134.43,84361.98,165.33053
1790784900000,84361.97,84490.01,84294.0,84294.0,184.0409
1790785800000,84294.01,84362.55,84217.78,84356.01,111.56346
1790786700000,84356.01,84473.58,84309.42,84349.44,110.88914
1790787600000,84349.44,84435.26,84281.99,84298.01,158.02662
1790788500000,84298.0,84298.01,84016.0,84217.37,134.09049
1790789400000,84217.36,84217.36,83923.71,84008.0,174.85624
1790790300000,84008.0,84158.01,83980.0,84031.46,125.70236
1790791200000,84031.47,84078.55,83930.15,84006.0,120.06837
1790792100000,84006.0,84024.65,83876.0,83919.81,114.37562
1790793000000,83919.81,83945.46,83810.93,83854.46,95.42025
1790793900000,83854.46,83986.01,83792.98,83950.0,102.26609
1790794800000,83950.01,83958.01,83728.65,83760.0,76.35231
1790795700000,83760.0,83786.01,83613.8,83749.24,144.19913
1790796600000,83749.24,83940.6,83749.24,83824.02,75.62811
1790797500000,83824.01,83834.23,83503.18,83603.16,206.18975
1790798400000,83603.16,83670.0,83530.11,83655.74,176.11436
1790799300000,83655.75,83771.16,83601.64,83725.99,132.67877
1790800200000,83725.99,83732.47,83636.59,83689.4,71.79658
1790801100000,83689.4,83719.81,83638.38,83673.99,39.49949
1790802000000,83673.99,83808.82,83673.99,83766.01,105.12203
1790802900000,83766.01,83818.83,83725.99,83726.0,84.77795
1790803800000,83726.0,83816.05,83707.76,83708.25,74.6498
1790804700000,83708.26,83760.01,83708.25,83757.72,37.53889
1790805600000,83757.73,83781.79,83580.29,83728.69,76.56654
1790806500000,83728.69,83824.01,83714.71,83824.01,51.05532
1790807400000,83824.0,83845.0,83802.0,83810.16,38.01486
1790808300000,83810.17,83822.13,83685.85,83685.85,49.25748
1790809200000,83685.86,83774.86,83636.0,83700.63,157.6941
1790810100000,83700.64,83836.07,83661.22,83662.01,190.24909
1790811000000,83662.0,83687.99,83523.65,83621.6,132.40134
1790811900000,83621.59,83654.01,83552.0,83623.6,210.92671
1790812800000,83623.59,83660.01,83458.15,83509.05,149.21111
1790813700000,83509.04,83512.44,83429.8,83488.01,119.97871
1790814600000,83488.01,83570.72,83438.72,83570.72,94.74828
1790815500000,83570.71,83591.41,83487.63,83509.03,87.75708
1790816400000,83509.03,83614.01,83500.0,83590.0,124.05007
1790817300000,83590.0,83692.0,83533.06,83635.01,88.16302
1790818200000,83635.01,83635.01,83482.2,83600.53,72.15455
1790819100000,83600.52,83609.99,83512.0,83518.07,59.07976
1790820000000,83518.07,83668.01,83508.67,83600.01,59.03962
1790820900000,83600.01,83600.01,83425.82,83541.31,107.21637
1790821800000,83541.32,83596.5,83423.92,83447.75,136.9392
1790822700000,83447.75,83522.01,83410.39,83490.78,58.95176
1790823600000,83490.78,83529.1,83424.58,83474.01,93.48084
1790824500000,83474.01,83537.51,83441.07,83529.33,49.7573
1790825400000,83529.32,83732.01,83470.0,83714.2,76.80985
1790826300000,83714.2,83780.14,83638.2,83754.01,104.96827
1790827200000,83754.01,83938.2,83754.01,83934.91,107.01606
1790828100000,83934.91,83934.92,83720.4,83860.01,132.59748
1790829000000,83860.0,83930.88,83782.84,83930.88,83.89529
1790829900000,83930.88,84207.53,83930.87,84110.01,191.11939
1790830800000,84110.01,84278.07,84032.0,84246.01,178.83821
1790831700000,84246.0,84318.61,84238.98,84288.2,83.68968
1790832600000,84288.21,84326.01,84208.0,84212.01,98.97084
1790833500000,84212.01,84368.0,84212.01,84291.48,58.54579
1790834400000,84291.49,84419.69,84240.35,84376.01,118.93722
1790835300000,84376.02,84384.09,84306.51,84347.35,74.16086
1790836200000,84347.34,84359.22,84105.76,84160.89,116.16526
1790837100000,84160.89,84201.73,84120.0,84121.45,89.33129
1790838000000,84121.45,84214.18,84055.6,84055.62,225.45911
1790838900000,84055.61,84088.96,83321.71,83364.29,532.79052
1790839800000,83364.3,83672.71,83343.41,83544.14,471.35082
1790840700000,83544.14,83658.52,83400.0,83429.93,203.93342
1790841600000,83429.93,83529.1,83340.0,83392.95,442.83899
1790842500000,83392.96,83477.7,83350.0,83431.3,370.24794
1790843400000,83431.3,83565.34,83186.0,83491.18,338.07306
1790844300000,83491.18,83582.44,83441.68,83566.97,277.63734
1790845200000,83566.98,83762.01,83558.46,83690.38,230.86915
1790846100000,83690.38,83793.1,83675.38,83761.88,166.62829
1790847000000,83761.88,83887.25,83761.88,83887.25,154.22692
1790847900000,83887.24,83896.01,83748.0,83782.01,169.39026
1790848800000,83782.01,83817.54,83418.23,83703.56,133.89021
1790849700000,83703.55,83771.82,83548.8,83686.65,111.66013
1790850600000,83686.64,83887.25,83686.64,83884.73,69.72808
1790851500000,83884.73,84098.01,83866.0,83966.28,150.40788
1790852400000,83966.27,83966.28,83818.01,83866.65,94.133
1790853300000,83866.65,83874.01,83780.8,83874.01,64.67686
1790854200000,83874.01,83981.11,83795.71,83956.22,104.70136
1790855100000,83956.23,84048.01,83901.11,83905.76,160.50738
1790856000000,83905.76,84012.74,83905.75,83992.69,71.24903
1790856900000,83992.68,83992.69,83866.84,83912.01,125.35227
1790857800000,83912.01,84054.01,83840.0,83902.0,80.80157
1790858700000,83902.0,83930.02,83657.02,83736.02,133.47789
1790859600000,83736.02,83744.01,83502.22,83523.41,141.29746
1790860500000,83523.41,83620.01,83400.0,83476.04,233.12931
1790861400000,83476.04,83972.01,83464.0,83940.01,365.35217
1790862300000,83940.01,84023.78,83667.0,83939.67,258.55384
1790863200000,83938.6,84041.13,83552.66,83800.0,303.89743
1790864100000,83800.0,84221.72,83791.52,84120.0,301.13808
1790865000000,84120.0,84332.01,83994.0,84020.01,282.38735
1790865900000,84020.0,84091.65,83773.56,84050.65,256.01234
1790866800000,84050.65,84744.0,83850.0,84092.8,1598.71437
1790867700000,84092.79,84248.86,84063.18,84094.26,162.22657
1790868600000,84094.27,84094.27,83831.99,83889.44,196.24709
1790869500000,83889.44,84308.92,83889.02,84162.65,278.74413
1790870400000,84162.66,84317.29,84139.24,84317.29,183.5146
1790871300000,84317.29,84426.24,84265.82,84305.49,189.78705
1790872200000,84305.49,84625.98,84196.0,84329.81,236.30152
1790873100000,84329.82,84412.01,84064.0,84202.01,142.13507
1790874000000,84202.0,84486.01,84198.0,84432.89,172.58407
1790874900000,84432.9,84920.0,84432.9,84919.19,268.71243
1790875800000,84919.18,85055.0,84772.38,85054.99,359.33352
1790876700000,85054.99,85078.85,84792.7,84908.01,360.51232
1790877600000,84908.0,84989.29,84692.35,84881.46,204.49001
1790878500000,84881.47,84947.28,84802.51,84802.95,118.02029
1790879400000,84802.95,85273.65,84793.44,84972.0,352.66308
1790880300000,84972.01,84972.01,84671.01,84802.02,147.98177
1790881200000,84802.02,84892.01,84733.52,84800.19,92.19043
1790882100000,84800.18,84820.0,84601.0,84612.01,125.73745
1790883000000,84612.0,84766.0,84601.0,84648.48,113.32232
1790883900000,84648.48,84698.01,84585.81,84675.36,136.19664
1790884800000,84675.36,84860.05,84675.35,84786.01,124.42154
1790885700000,84786.0,84845.05,84766.65,84766.65,108.12422
1790886600000,84766.66,84768.01,84603.43,84609.99,67.46116
1790887500000,84609.99,84665.31,84563.54,84634.0,94.35663
1790888400000,84634.01,84658.01,84619.55,84619.56,42.54664
1790889300000,84619.55,84687.4,84566.02,84591.35,93.39341
1790890200000,84591.34,84614.01,84493.35,84494.07,86.6822
1790891100000,84494.06,84572.0,84494.06,84544.99,80.04908
1790892000000,84544.99,84788.01,84537.12,84748.6,100.93483
1790892900000,84748.59,84769.74,84702.34,84702.34,58.80773
1790893800000,84702.34,84785.07,84659.46,84678.18,239.47047
1790894700000,84678.18,84780.01,84622.88,84749.73,54.75466
1790895600000,84749.74,84749.74,84668.12,84668.13,57.28313
1790896500000,84668.13,84769.0,84644.69,84729.98,102.64096
1790897400000,84729.99,84858.57,84703.48,84838.01,90.64753
1790898300000,84838.0,84900.0,84790.0,84880.05,83.69521
1790899200000,84880.05,84920.01,84772.21,84888.53,413.29644
1790900100000,84888.52,84958.48,84802.02,84802.02,209.60613
1790901000000,84802.02,84890.01,84705.04,84824.15,122.41362
1790901900000,84824.15,84824.16,84723.52,84784.89,56.06645
1790902800000,84784.89,84792.7,84667.64,84667.64,57.51476
1790903700000,84667.65,84700.01,84520.0,84614.01,102.61198
1790904600000,84614.0,84650.0,84578.0,84578.01,57.50087
1790905500000,84578.01,84986.39,84577.14,84910.0,155.08876
1790906400000,84910.01,85109.0,84866.51,85086.02,190.61854
1790907300000,85086.02,85086.02,84876.0,84934.01,162.03828
1790908200000,84934.0,84988.01,84868.0,84988.01,82.76936
1790909100000,84988.01,85189.97,84988.0,85188.0,206.40158
1790910000000,85187.99,85511.0,85187.99,85306.0,439.22208
1790910900000,85306.01,85335.38,85206.0,85280.93,61.11087
1790911800000,85280.94,85462.55,85280.0,85425.87,125.99985
1790912700000,85425.87,85569.0,85384.85,85512.9,153.22963
1790913600000,85512.89,85616.0,85453.36,85463.58,177.68933
1790914500000,85463.59,86804.78,85463.58,86788.12,1383.69591
1790915400000,86788.12,86912.75,86379.87,86525.32,816.84676
1790916300000,86525.33,86770.33,86459.47,86652.12,299.31348
1790917200000,86652.12,86670.36,86500.0,86576.0,233.42265
1790918100000,86576.01,86592.01,86288.59,86346.52,229.33152
1790919000000,86346.52,86396.01,85893.27,86137.34,271.09477
1790919900000,86137.34,86169.78,85966.01,86002.01,146.19139
1790920800000,86002.01,86098.62,85875.32,85902.73,308.9175
1790921700000,85902.73,86056.02,85902.72,86025.96,221.24907
1790922600000,86025.97,86096.01,85930.36,86002.01,150.45262
1790923500000,86002.0,86098.0,85945.64,85992.95,146.53582
1790924400000,85992.96,86077.79,85900.0,85956.67,181.79461
1790925300000,85956.67,85979.21,85896.0,85956.01,138.968
1790926200000,85956.01,85956.01,85767.45,85768.82,451.89969
1790927100000,85768.83,86163.5,85768.82,86089.65,448.07748
1790928000000,86089.64,86342.81,86062.28,86320.01,249.99172
1790928900000,86320.01,86640.61,86316.0,86400.0,233.50405
1790929800000,86400.0,86474.01,86258.1,86323.84,109.20076
1790930700000,86323.83,86344.01,86197.0,86236.0,144.26192
1790931600000,86236.01,86255.0,86138.0,86194.03,436.14834
1790932500000,86194.02,86240.0,86108.0,86209.07,691.08297
1790933400000,86209.08,86408.01,86176.36,86338.14,174.52913
1790934300000,86338.14,86432.01,86284.66,86364.02,139.5411
1790935200000,86364.01,86438.46,86322.03,86336.01,80.3563
1790936100000,86336.01,86413.54,86172.0,86409.39,173.42076
1790937000000,86408.18,86500.0,86350.78,86428.01,115.40576
1790937900000,86428.0,86428.01,86292.0,86297.6,83.34264
1790938800000,86297.6,86500.0,86274.0,86458.01,106.76281
1790939700000,86458.0,86500.0,86426.0,86431.33,95.9921
1790940600000,86431.34,86547.85,86425.21,86497.53,152.37446
1790941500000,86497.53,86562.5,86424.85,86424.85,114.58487
1790942400000,86424.85,86483.2,86308.0,86406.03,114.71136
1790943300000,86406.02,86662.01,86398.29,86616.35,235.70583
1790944200000,86616.35,87220.0,86412.04,86476.0,1391.8493
1790945100000,86476.01,86900.65,86456.0,86810.0,239.45424
1790946000000,86810.01,86949.61,86672.0,86692.0,216.91026
1790946900000,86692.01,86757.42,86600.0,86606.58,128.1052
1790947800000,86606.58,87150.0,86574.0,86900.31,471.14487
1790948700000,86900.84,86996.01,86465.72,86565.05,437.92265
1790949600000,86565.06,86838.01,86291.75,86356.0,501.08594
1790950500000,86356.0,86645.83,86077.31,86081.86,449.09436
1790951400000,86081.86,86171.59,85691.68,85954.0,740.91744
1790952300000,85954.0,86056.0,85394.44,85686.93,469.91011
1790953200000,85686.93,85758.81,85366.0,85639.2,374.23565
1790954100000,85639.19,85688.03,85315.86,85484.01,307.12603
1790955000000,85484.0,85554.46,85325.96,85341.49,265.82448
1790955900000,85341.5,85450.0,85162.9,85326.0,233.59176
1790956800000,85326.0,85508.0,85142.85,85208.01,231.14838
1790957700000,85208.01,85339.37,85122.0,85178.7,148.04871
1790958600000,85178.69,85238.01,85018.0,85192.0,167.7679
1790959500000,85192.0,85296.97,85094.0,85160.01,127.78414
1790960400000,85160.0,85258.01,84914.07,84919.91,239.61036
1790961300000,84919.91,84982.01,84300.0,84584.74,1729.1515
1790962200000,84584.75,84785.5,84367.13,84604.22,1515.22821
1790963100000,84604.21,84819.5,84584.0,84774.75,143.54637
1790964000000,84774.75,84900.0,84768.0,84891.22,170.09473
1790964900000,84891.21,84891.21,84556.75,84621.24,207.9027
1790965800000,84621.25,84636.4,83900.0,84040.72,540.03225
1790966700000,84040.88,84296.01,83888.0,84262.01,250.53167
1790967600000,84262.01,84315.44,84082.41,84129.76,195.71585
1790968500000,84129.76,84188.01,83975.58,84141.01,288.19747
1790969400000,84141.01,84239.76,84100.0,84186.01,351.87329
1790970300000,84186.01,84354.57,84161.06,84315.28,279.57854
1790971200000,84315.27,84474.82,84315.27,84374.01,175.6173
1790972100000,84374.0,84531.99,84347.08,84348.0,137.48719
1790973000000,84348.0,84452.62,84232.01,84238.01,122.74738
1790973900000,84238.01,84500.47,84238.0,84459.04,166.73745
1790974800000,84459.04,84544.46,84442.0,84496.0,76.86721
1790975700000,84496.0,84509.71,84431.79,84434.01,82.59146
1790976600000,84434.0,84544.46,84422.01,84520.0,88.90784
1790977500000,84519.99,84539.94,84500.0,84531.69,91.56015
1790978400000,84531.68,84550.0,84460.0,84545.91,250.22278
1790979300000,84546.0,84567.22,84484.86,84525.01,116.86644
1790980200000,84525.02,84558.7,84499.99,84510.0,185.26
1790981100000,84510.0,84560.0,84492.93,84560.0,112.31487
1790982000000,84559.99,84562.01,84488.0,84490.72,43.64865
1790982900000,84490.72,84566.01,84490.48,84566.0,49.71351
1790983800000,84566.01,84590.01,84519.35,84579.39,172.87155
1790984700000,84579.39,84588.64,84514.02,84518.01,159.23472
1790985600000,84518.0,84534.27,84456.02,84519.32,93.49614
1790986500000,84519.31,84571.03,84519.31,84558.69,70.88674
1790987400000,84558.68,84650.0,84558.68,84630.9,91.72956
1790988300000,84630.9,84686.28,84630.9,84660.11,56.7336
1790989200000,84660.11,84688.91,84631.72,84651.8,70.97621
1790990100000,84651.79,84720.58,84608.19,84614.59,69.22147
1790991000000,84614.6,84669.73,84614.6,84627.16,63.58032
1790991900000,84627.17,84648.83,84613.98,84640.0,34.97501
1790992800000,84640.01,84640.01,84605.32,84614.0,40.66382
1790993700000,84614.0,84680.52,84613.99,84641.51,62.60294
1790994600000,84641.52,84701.38,84641.51,84679.04,55.13477
1790995500000,84679.03,84679.04,84600.0,84600.0,64.83603
1790996400000,84600.01,84614.01,84522.63,84532.64,62.94719
1790997300000,84532.64,84603.11,84532.63,84594.01,45.10526
1790998200000,84594.01,84655.4,84594.0,84655.4,44.91052
1790999100000,84655.39,84699.56,84655.39,84699.56,57.86746
1791000000000,84699.56,84725.04,84663.63,84663.64,28.32421
1791000900000,84663.63,84663.64,84527.99,84528.0,46.48119
1791001800000,84528.0,84559.87,84525.0,84550.01,47.78059
1791002700000,84550.01,84606.33,84550.0,84577.23,29.58942
1791003600000,84577.23,84584.01,84553.14,84570.19,31.70346
1791004500000,84570.2,84619.64,84570.19,84619.63,35.24489
1791005400000,84619.64,84637.51,84619.63,84637.43,17.94141
1791006300000,84637.44,84654.01,84627.02,84652.09,63.05121
1791007200000,84652.09,84674.01,84628.37,84628.37,65.78154
1791008100000,84628.37,84668.03,84628.37,84649.55,31.84321
1791009000000,84649.55,84664.0,84626.37,84652.82,111.06577
1791009900000,84652.82,84652.83,84550.0,84586.0,63.62061
1791010800000,84586.01,84610.0,84572.0,84587.99,85.22189
1791011700000,84587.99,84629.66,84572.07,84629.65,106.52655
1791012600000,84629.66,84648.01,84570.0,84570.01,89.25715
1791013500000,84570.0,84609.07,84560.0,84560.0,95.0159
1791014400000,84560.0,84644.01,84557.36,84643.46,41.91964
1791015300000,84643.46,84643.46,84570.0,84589.87,92.29679
1791016200000,84589.86,84625.63,84573.41,84625.63,29.82062
1791017100000,84625.63,84644.47,84614.99,84616.01,80.04343
1791018000000,84616.02,84665.88,84616.01,84640.01,31.05754
1791018900000,84640.01,84643.81,84598.05,84598.06,45.42728
1791019800000,84598.06,84598.06,84588.0,84590.06,33.26491
1791020700000,84590.06,84600.01,84579.99,84600.01,61.95726
1791021600000,84600.0,84620.01,84580.75,84580.76,125.85184
1791022500000,84580.76,84611.01,84570.67,84586.23,113.41694
1791023400000,84586.24,84615.44,84586.23,84601.0,62.86934
1791024300000,84601.0,84649.25,84600.99,84636.13,38.46732
1791025200000,84636.13,84645.01,84616.03,84645.0,81.86742
1791026100000,84645.0,84651.22,84636.12,84651.22,28.72999
1791027000000,84651.22,84659.46,84649.6,84659.46,30.26462
1791027900000,84659.46,84696.01,84659.43,84672.01,47.17624
1791028800000,84672.01,84696.0,84672.0,84695.99,39.38803
1791029700000,84696.0,84921.66,84695.99,84861.4,181.25434
1791030600000,84861.41,84911.98,84785.5,84822.01,111.17472
1791031500000,84822.02,84926.47,84822.01,84888.02,54.58636
1791032400000,84888.02,84896.22,84828.0,84853.32,90.28293
1791033300000,84853.32,84853.32,84770.35,84812.01,44.8744
1791034200000,84812.01,84962.2,84812.0,84833.43,81.12264
1791035100000,84833.43,84878.01,84833.42,84870.04,33.71912
1791036000000,84870.03,84870.04,84774.0,84792.42,62.18078
1791036900000,84792.42,84840.01,84792.42,84826.0,42.89831
1791037800000,84826.01,84826.01,84745.44,84752.0,58.78641
1791038700000,84752.0,84857.99,84752.0,84856.01,61.70318
1791039600000,84856.01,84873.11,84780.0,84873.1,80.43932
1791040500000,84873.1,84879.05,84838.0,84838.66,67.01569
1791041400000,84838.66,84854.01,84761.24,84820.25,185.91003
1791042300000,84820.25,84867.28,84820.24,84867.28,32.83816
1791043200000,84867.27,84867.28,84836.47,84840.16,45.79874
1791044100000,84840.16,84840.17,84782.01,84813.22,47.11712
1791045000000,84813.23,84844.04,84813.22,84844.04,50.96776
1791045900000,84844.04,84880.01,84840.01,84868.03,71.25728
1791046800000,84868.02,84889.74,84868.02,84889.74,70.16959
1791047700000,84889.74,84959.99,84889.73,84894.01,59.56625
1791048600000,84894.01,84988.49,84840.0,84988.48,108.23085
1791049500000,84988.49,85012.01,84935.0,85012.0,93.87576
1791050400000,85012.01,85037.63,84977.06,84989.25,88.52712
1791051300000,84989.25,85014.01,84954.0,84995.78,45.20301
1791052200000,84995.78,84995.79,84920.0,84942.01,42.09931
1791053100000,84942.0,84950.0,84934.18,84949.99,38.95322
1791054000000,84950.0,84950.0,84850.51,84869.85,44.00016
1791054900000,84869.85,84890.01,84828.1,84828.11,63.04184
1791055800000,84828.1,84828.11,84784.99,84784.99,67.47043
1791056700000,84784.99,84849.38,84700.0,84842.5,60.81024
1791057600000,84842.5,84898.44,84842.49,84887.68,36.15959
1791058500000,84887.68,84915.65,84881.79,84889.15,52.04737
1791059400000,84889.16,84889.16,84858.46,84858.46,24.24166
1791060300000,84858.46,84858.47,84714.0,84749.75,82.90633
1791061200000,84749.76,84773.89,84558.0,84685.04,155.8153
1791062100000,84685.04,84732.14,84685.04,84710.68,50.47112
1791063000000,84710.69,84724.47,84692.3,84701.45,49.00946
1791063900000,84701.71,84745.67,84701.66,84715.15,33.41794
1791064800000,84715.15,84787.86,84693.73,84787.56,65.78665
1791065700000,84787.57,84798.53,84742.35,84784.01,218.74824
1791066600000,84784.01,84802.01,84783.98,84802.0,23.69279
1791067500000,84802.0,84805.0,84776.01,84776.01,74.05112
1791068400000,84776.02,84782.01,84760.0,84760.01,20.87975
1791069300000,84760.01,84818.39,84738.0,84738.01,420.33884
1791070200000,84738.0,84791.69,84738.0,84778.35,19.92003
1791071100000,84778.35,84810.01,84708.16,84753.56,458.33972
1791072000000,84753.57,84840.01,84753.56,84820.03,57.41441
1791072900000,84820.03,84871.34,84808.93,84808.93,49.82334
1791073800000,84808.93,84844.0,84804.05,84804.06,55.78277
1791074700000,84804.05,84840.0,84762.0,84790.0,222.0124
1791075600000,84790.0,84815.09,84769.99,84770.0,63.96538
1791076500000,84770.0,84770.0,84719.99,84747.5,36.69453
1791077400000,84747.51,84797.63,84747.5,84774.86,49.99822
1791078300000,84774.86,84807.98,84774.85,84802.59,40.75697
1791079200000,84802.6,84877.09,84802.59,84828.01,62.44004
1791080100000,84828.0,84850.0,84800.0,84836.01,95.63557
1791081000000,84836.0,84855.48,84796.49,84800.01,76.5153
1791081900000,84800.01,84804.05,84781.05,84802.17,43.54935
1791082800000,84802.17,84812.36,84802.16,84812.36,35.36471
1791083700000,84812.35,84825.48,84796.41,84796.41,94.97343
1791084600000,84796.42,84890.0,84796.41,84884.97,54.3158
1791085500000,84884.97,84884.97,84840.87,84840.87,42.13077
1791086400000,84840.88,84844.01,84808.11,84808.12,27.79238
1791087300000,84808.11,84812.01,84808.11,84812.01,16.94374
1791088200000,84812.0,84812.01,84812.0,84812.0,12.67171
1791089100000,84812.0,84812.01,84811.93,84811.94,18.50555
1791090000000,84811.94,84842.01,84811.61,84834.01,50.276
1791090900000,84834.01,84872.6,84830.67,84861.34,104.20194
1791091800000,84861.34,84923.68,84861.33,84923.67,43.03223
1791092700000,84923.68,84924.53,84908.43,84912.01,29.26363
1791093600000,84912.01,84922.6,84912.0,84922.6,39.45079
1791094500000,84922.6,85058.01,84877.18,84947.61,138.62422
1791095400000,84947.62,85029.2,84919.74,84957.89,84.31157
1791096300000,84957.89,85072.54,84957.88,85031.74,33.33317
1791097200000,85031.74,85031.74,84989.12,84989.13,29.48252
1791098100000,84989.13,85001.79,84934.0,84972.74,53.95967
1791099000000,84972.73,84972.74,84924.51,84972.0,45.64332
1791099900000,84972.01,85112.65,84972.0,85106.0,115.38815
1791100800000,85106.01,85180.12,85096.01,85149.9,126.1473
1791101700000,85149.9,85195.84,85124.0,85137.99,36.71185
1791102600000,85137.99,85148.64,85032.99,85077.04,101.9835
1791103500000,85077.05,85118.01,85077.04,85106.48,56.23321
1791104400000,85106.48,85141.96,85058.34,85128.01,72.26016
1791105300000,85128.02,85281.69,85128.01,85264.07,69.09127
1791106200000,85264.08,85294.01,85187.22,85276.0,114.7763
1791107100000,85276.01,85339.55,85228.39,85233.84,79.18532
1791108000000,85233.84,85282.36,85223.49,85265.04,39.53318
1791108900000,85265.03,85428.01,85265.03,85375.06,138.10231
1791109800000,85375.07,85404.84,85293.42,85338.01,92.47833
1791110700000,85338.01,85344.81,85254.63,85264.01,65.90566
1791111600000,85264.01,85272.53,85203.65,85263.44,62.54784
1791112500000,85263.43,85320.16,85262.95,85312.01,47.35798
1791113400000,85312.0,85315.14,85267.86,85274.73,66.07361
1791114300000,85274.72,85309.47,85260.0,85309.46,75.8248
1791115200000,85309.47,85389.0,85236.42,85236.43,153.16634
1791116100000,85236.42,85298.01,85175.99,85276.0,82.40115
1791117000000,85276.01,85300.71,85197.26,85197.26,42.67827
1791117900000,85197.27,85215.61,85097.19,85127.94,81.04389
1791118800000,85127.94,85161.83,85122.64,85161.82,49.03259
1791119700000,85161.83,85226.01,85161.8,85226.0,48.07849
1791120600000,85226.01,85321.41,85204.95,85228.02,85.32991
1791121500000,85228.02,85290.01,85214.0,85241.14,36.33993
1791122400000,85241.15,85245.17,85161.42,85209.99,55.39989
1791123300000,85209.99,85210.0,85132.25,85187.77,44.90653
1791124200000,85187.78,85198.83,85126.85,85126.85,98.02571
1791125100000,85126.85,85280.0,85094.0,85278.44,61.17907
1791126000000,85278.45,85366.66,85242.65,85347.6,76.33432
1791126900000,85347.6,85470.0,85284.47,85320.01,119.7221
1791127800000,85320.01,85349.19,85284.98,85342.78,42.20925
1791128700000,85342.77,85398.33,85256.0,85256.01,49.56815
1791129600000,85256.01,85295.3,85178.49,85291.1,66.1442
1791130500000,85291.09,85309.9,85208.0,85243.71,45.85239
1791131400000,85243.7,85345.37,85243.7,85345.37,33.72093
1791132300000,85345.37,85433.16,85331.59,85374.0,50.032
1791133200000,85374.0,85392.01,85317.84,85317.84,41.19267
1791134100000,85317.85,85391.46,85317.84,85386.0,30.91482
1791135000000,85386.0,85420.0,85336.27,85420.0,36.23663
1791135900000,85420.0,85454.01,85319.52,85319.53,50.74333
1791136800000,85319.54,85340.04,85312.57,85319.34,24.75797
1791137700000,85319.34,85338.01,85312.01,85325.98,23.31348
1791138600000,85325.97,85349.15,85318.0,85342.24,30.52943
1791139500000,85342.24,85361.99,85332.0,85338.84,55.57551
1791140400000,85338.84,85408.01,85338.82,85387.99,60.32367
1791141300000,85387.99,85468.01,85387.98,85462.5,33.38051
1791142200000,85462.5,85574.01,85399.63,85438.86,116.29613
1791143100000,85438.86,85460.84,85422.93,85428.0,48.95097
1791144000000,85428.0,85441.19,85396.32,85435.39,39.31399
1791144900000,85435.39,85492.23,85435.39,85474.3,46.53011
1791145800000,85474.3,85766.48,85445.46,85758.98,190.99683
1791146700000,85758.98,85876.84,85711.22,85824.44,101.28491
1791147600000,85824.45,86066.22,85790.4,86028.03,226.93241
1791148500000,86028.02,86061.89,85778.78,85827.33,146.26425
1791149400000,85827.34,86000.0,85827.33,85984.98,95.33167
1791150300000,85984.99,86058.0,85820.0,85865.42,69.7486
1791151200000,85865.43,86335.87,85865.43,86324.71,445.3007
1791152100000,86324.71,86686.39,86239.03,86244.82,487.56135
1791153000000,86244.83,86475.0,86235.99,86376.0,176.71337
1791153900000,86376.0,86451.07,86290.06,86428.01,109.30134
1791154800000,86428.01,86630.0,86396.0,86582.01,190.79961
1791155700000,86582.0,86800.0,86522.01,86688.01,285.64057
1791156600000,86688.0,86714.01,86428.0,86523.17,162.7776
1791157500000,86523.18,86558.84,86420.0,86530.0,176.77021
1791158400000,86530.0,86530.0,86326.22,86359.99,258.75125
1791159300000,86359.99,86489.54,86266.0,86274.0,130.71773
1791160200000,86274.01,86626.01,86200.0,86622.01,106.29393
1791161100000,86622.01,86710.56,86520.0,86652.46,190.29181
1791162000000,86652.45,86754.01,86467.93,86751.22,278.48074
1791162900000,86751.23,86999.11,86666.16,86944.67,626.835
1791163800000,86944.68,86950.01,86653.5,86722.0,167.76661
1791164700000,86722.01,86756.01,86576.56,86615.31,84.19623
1791165600000,86615.31,86728.52,86569.75,86668.01,171.99578
1791166500000,86668.0,86696.0,86511.78,86511.78,302.21564
1791167400000,86511.79,86726.33,86410.0,86681.99,216.82181
1791168300000,86681.99,86698.69,86500.0,86522.0,56.25357
1791169200000,86522.01,86533.38,86396.0,86499.99,123.15742
1791170100000,86499.99,86506.68,86318.48,86454.0,140.4327
1791171000000,86454.0,86454.01,86255.18,86260.01,86.97277
1791171900000,86260.02,86332.75,86019.5,86085.03,144.19478
1791172800000,86085.02,86142.56,85944.05,85966.48,161.1806
1791173700000,85966.47,85966.48,85669.83,85779.0,403.70183
1791174600000,85778.99,85782.0,85485.0,85619.68,215.01703
1791175500000,85619.68,85695.94,85507.84,85538.02,117.01611
1791176400000,85538.02,85592.29,85485.0,85518.01,221.31673
1791177300000,85518.01,85549.07,85412.0,85542.02,137.22066
1791178200000,85542.03,85784.01,85454.01,85784.0,253.37921
1791179100000,85784.0,85784.01,85710.65,85767.57,61.13419
1791180000000,85767.58,85916.88,85767.57,85916.88,133.97362
1791180900000,85916.87,86048.01,85877.26,85880.0,192.88622
1791181800000,85880.01,85962.01,85802.0,85814.01,96.29922
1791182700000,85814.01,86365.46,85814.01,86260.0,195.9256
1791183600000,86260.01,86412.01,86150.0,86332.0,236.72508
1791184500000,86332.01,86488.01,86144.0,86290.0,119.33915
1791185400000,86290.01,86403.92,86179.14,86389.65,135.99291
1791186300000,86389.65,86440.0,86200.0,86252.76,208.86786
1791187200000,86252.76,86498.5,86232.62,86430.0,131.52828
1791188100000,86430.0,86442.73,86312.83,86431.63,94.28758
1791189000000,86431.63,86478.76,86238.77,86264.01,135.4247
