open_time_ms,open,high,low,close,volume
1790889840000,84640.0,84640.01,84616.92,84616.92,5.63914
1790889900000,84616.93,84616.93,84598.51,84598.52,4.01301
1790889960000,84598.51,84605.14,84598.51,84605.14,3.11464
1790890020000,84605.13,84608.01,84603.71,84608.01,7.68285
1790890080000,84608.01,84608.01,84598.51,84598.52,4.42847
1790890140000,84598.52,84598.52,84591.34,84591.35,4.01857
1790890200000,84591.34,84591.35,84571.54,84571.55,5.67539
1790890260000,84571.54,84571.95,84564.32,84571.95,4.3799
1790890320000,84571.94,84614.01,84571.94,84609.95,6.63267
1790890380000,84609.95,84609.95,84557.15,84557.15,9.92415
1790890440000,84557.15,84557.16,84546.84,84548.2,5.12149
1790890500000,84548.21,84560.01,84544.27,84560.0,6.61049
1790890560000,84560.01,84560.01,84560.0,84560.01,1.35424
1790890620000,84560.0,84560.01,84530.9,84530.9,8.54627
1790890680000,84530.9,84535.99,84517.72,84534.0,7.67162
1790890740000,84534.0,84534.01,84511.47,84533.12,6.86146
1790890800000,84533.12,84533.12,84507.64,84507.64,5.38942
1790890860000,84507.64,84520.0,84497.86,84520.0,9.52923
1790890920000,84519.99,84520.0,84502.63,84502.63,2.52195
1790890980000,84502.64,84502.64,84493.35,84502.16,4.44398
1790891040000,84502.16,84502.64,84494.07,84494.07,2.01994
1790891100000,84494.06,84498.28,84494.06,84498.28,2.01593
1790891160000,84498.27,84517.56,84498.27,84514.01,2.40686
1790891220000,84514.02,84568.56,84514.01,84568.56,6.19895
1790891280000,84568.56,84568.56,84560.03,84560.04,8.81155
1790891340000,84560.03,84572.0,84560.03,84572.0,7.50781
1790891400000,84571.99,84572.0,84543.38,84543.39,9.52619
1790891460000,84543.38,84543.39,84530.42,84530.43,4.66224
1790891520000,84530.43,84530.43,84520.26,84520.28,3.96567
1790891580000,84520.28,84535.19,84520.27,84535.18,4.998
1790891640000,84535.19,84550.27,84535.18,84549.35,3.56585
1790891700000,84549.35,84549.36,84549.35,84549.35,2.21956
1790891760000,84549.36,84562.01,84549.35,84562.01,7.90007
1790891820000,84562.0,84562.01,84524.0,84539.78,6.49291
1790891880000,84539.79,84552.01,84539.78,84552.01,1.33982
1790891940000,84552.0,84568.0,84544.98,84544.99,8.43767
1790892000000,84544.99,84603.96,84537.12,84603.96,7.35243
1790892060000,84603.97,84648.01,84603.97,84648.01,2.42363
1790892120000,84648.0,84719.51,84648.0,84708.16,10.04734
1790892180000,84708.15,84719.82,84699.99,84702.03,9.47387
1790892240000,84702.02,84732.43,84675.72,84732.43,11.05484
1790892300000,84732.42,84780.0,84732.42,84758.1,7.31762
1790892360000,84758.1,84762.69,84742.99,84756.01,8.35029
1790892420000,84756.01,84781.15,84752.61,84752.61,4.31017
1790892480000,84752.61,84752.62,84719.81,84719.82,5.16573
1790892540000,84719.82,84723.37,84693.19,84693.2,12.23348
1790892600000,84693.2,84788.01,84693.19,84788.0,6.39836
1790892660000,84788.0,84788.01,84763.33,84770.38,4.71621
1790892720000,84770.01,84782.01,84752.0,84769.87,4.44407
1790892780000,84769.87,84769.88,84754.0,84754.01,4.98836
1790892840000,84754.01,84762.01,84748.59,84748.6,2.65843
1790892900000,84748.59,84748.6,84722.92,84726.0,8.08313
1790892960000,84726.01,84737.38,84725.71,84725.72,3.52366
1790893020000,84725.72,84769.74,84725.71,84769.74,2.29319
1790893080000,84769.74,84769.74,84733.63,84733.64,6.70374
1790893140000,84733.63,84743.56,84728.74,84734.79,4.91956
1790893200000,84734.79,84736.77,84709.18,84709.19,5.64011
1790893260000,84709.19,84750.0,84709.18,84750.0,4.0319
1790893320000,84749.99,84751.76,84749.99,84751.76,0.46519
1790893380000,84751.75,84751.76,84711.23,84718.6,5.65762
1790893440000,84718.6,84733.53,84718.6,84733.52,3.07217
1790893500000,84733.53,84736.01,84728.01,84728.02,2.30065
1790893560000,84728.02,84737.56,84728.01,84737.56,1.56257
1790893620000,84737.55,84737.56,84717.59,84717.59,4.41546
1790893680000,84717.59,84717.61,84717.59,84717.61,1.85627
1790893740000,84717.61,84717.61,84702.34,84702.34,4.28251
1790893800000,84702.34,84702.35,84686.4,84695.5,12.80406
1790893860000,84695.49,84710.01,84695.49,84710.01,2.42987
1790893920000,84710.0,84714.01,84705.36,84705.37,3.16179
1790893980000,84705.36,84708.01,84659.46,84659.47,6.71651
1790894040000,84659.47,84668.4,84659.47,84668.39,1.96424
1790894100000,84668.39,84736.01,84668.39,84736.0,5.48718
1790894160000,84736.0,84743.61,84734.4,84734.4,2.13614
1790894220000,84734.41,84758.28,84734.41,84758.27,2.73345
1790894280000,84758.28,84785.07,84758.27,84785.06,3.90723
1790894340000,84785.06,84785.07,84767.4,84767.4,3.42054
1790894400000,84767.4,84767.41,84754.0,84754.0,2.26211
1790894460000,84754.0,84756.01,84754.0,84756.01,1.78315
1790894520000,84756.0,84756.01,84740.26,84740.26,5.51279
1790894580000,84740.26,84740.26,84672.74,84684.35,180.57842
1790894640000,84684.36,84697.24,84678.18,84678.18,4.57299
1790894700000,84678.18,84678.19,84656.0,84656.01,5.36785
1790894760000,84656.0,84668.01,84653.74,84653.75,2.39368
1790894820000,84653.75,84653.75,84642.66,84642.67,2.66455
1790894880000,84642.67,84643.25,84642.66,84643.25,1.57265
1790894940000,84643.24,84643.25,84643.22,84643.23,3.22415
1790895000000,84643.23,84643.23,84637.59,84637.59,1.94768
1790895060000,84637.59,84637.59,84622.88,84622.88,5.222
1790895120000,84622.89,84686.36,84622.88,84686.35,5.07593
1790895180000,84686.36,84711.77,84686.36,84711.76,4.02637
1790895240000,84711.76,84753.46,84711.76,84753.46,2.17445
1790895300000,84753.45,84780.01,84753.45,84767.01,6.38386
1790895360000,84767.0,84767.01,84754.68,84754.68,4.58794
1790895420000,84754.67,84754.68,84734.62,84736.0,5.2203
1790895480000,84736.0,84737.6,84736.0,84737.6,2.55075
1790895540000,84737.59,84749.74,84737.59,84749.73,2.3425
1790895600000,84749.74,84749.74,84682.0,84682.01,12.10288
1790895660000,84682.01,84692.01,84678.0,84692.01,3.83748
1790895720000,84692.01,84704.62,84692.0,84701.57,4.76106
1790895780000,84701.57,84736.01,84701.56,84736.01,2.36583
1790895840000,84736.0,84736.01,84727.01,84727.01,3.13798
1790895900000,84727.01,84727.02,84691.81,84691.81,5.52441
1790895960000,84691.81,84700.01,84691.81,84695.72,3.49634
1790896020000,84695.72,84713.61,84695.71,84696.38,5.48071
1790896080000,84696.38,84698.01,84693.22,84693.87,2.29092
1790896140000,84693.86,84693.87,84690.14,84692.03,1.85732
1790896200000,84692.04,84692.06,84692.03,84692.03,3.49528
1790896260000,84692.03,84692.04,84682.74,84682.75,2.60718
1790896320000,84682.74,84682.75,84679.35,84679.36,2.33892
1790896380000,84679.36,84679.36,84674.0,84674.01,1.53971
1790896440000,84674.01,84674.01,84668.12,84668.13,2.44711
1790896500000,84668.13,84668.13,84644.69,84644.7,10.75731
1790896560000,84644.69,84682.01,84644.69,84682.0,4.80555
1790896620000,84682.01,84695.18,84682.0,84695.18,2.77194
1790896680000,84695.17,84736.01,84695.17,84736.01,2.59853
1790896740000,84736.0,84763.59,84736.0,84763.59,5.81547
1790896800000,84763.58,84763.59,84738.0,84739.12,5.37423
1790896860000,84739.12,84739.12,84733.23,84733.23,1.40975
1790896920000,84733.23,84755.17,84733.23,84755.17,1.75352
1790896980000,84755.16,84755.17,84755.16,84755.16,0.56619
1790897040000,84755.17,84755.17,84755.16,84755.16,0.43032
1790897100000,84755.16,84755.17,84755.16,84755.16,0.62342
1790897160000,84755.16,84755.17,84755.16,84755.17,1.48444
1790897220000,84755.16,84760.0,84754.0,84760.0,2.94384
1790897280000,84760.0,84760.0,84739.74,84739.99,13.58351
1790897340000,84740.0,84769.0,84729.98,84729.98,47.72294
1790897400000,84729.99,84729.99,84713.91,84713.92,2.54278
1790897460000,84713.91,84745.71,84703.48,84745.7,10.37029
1790897520000,84745.71,84780.0,84745.7,84778.05,1.99844
1790897580000,84778.04,84794.01,84778.04,84794.01,6.17601
1790897640000,84794.01,84807.48,84794.0,84799.37,3.99988
1790897700000,84799.36,84841.06,84799.36,84828.46,8.03911
1790897760000,84828.46,84828.46,84823.83,84823.83,3.45011
1790897820000,84823.83,84823.84,84796.0,84796.0,3.69159
1790897880000,84796.01,84825.54,84796.0,84825.53,31.26796
1790897940000,84825.54,84832.01,84825.54,84830.65,3.68395
1790898000000,84830.65,84830.65,84816.95,84816.96,4.07374
1790898060000,84816.95,84816.96,84810.34,84810.34,1.59841
1790898120000,84810.34,84823.73,84803.9,84823.73,3.21576
1790898180000,84823.73,84847.89,84823.72,84847.89,3.42441
1790898240000,84847.89,84858.57,84838.01,84838.01,3.11509
1790898300000,84838.0,84838.01,84796.0,84796.0,9.05417
1790898360000,84796.01,84796.01,84793.22,84796.0,1.72568
1790898420000,84796.01,84796.01,84790.0,84790.01,2.20108
1790898480000,84790.0,84790.01,84790.0,84790.0,0.93341
1790898540000,84790.01,84836.94,84790.0,84836.94,5.47067
1790898600000,84836.93,84842.83,84833.42,84842.83,2.37316
1790898660000,84842.82,84849.11,84810.35,84849.1,5.18085
1790898720000,84849.11,84849.11,84808.0,84812.01,8.12712
1790898780000,84812.01,84845.64,84812.0,84845.63,2.39068
1790898840000,84845.63,84845.63,84807.22,84837.25,21.98217
1790898900000,84837.24,84841.67,84837.24,84841.67,1.22737
1790898960000,84841.67,84849.11,84841.66,84849.1,0.79309
1790899020000,84849.11,84858.03,84849.1,84858.02,3.74215
1790899080000,84858.03,84893.86,84858.03,84882.01,5.33876
1790899140000,84882.0,84900.0,84880.04,84880.05,13.15485
1790899200000,84880.05,84880.05,84816.01,84816.07,7.81325
1790899260000,84816.07,84836.47,84808.76,84831.19,10.09338
1790899320000,84831.19,84831.19,84810.54,84810.54,6.90318
1790899380000,84810.55,84810.55,84792.7,84792.7,7.93918
1790899440000,84792.7,84792.71,84772.21,84772.22,7.31465
1790899500000,84772.21,84816.01,84772.21,84816.0,5.43376
1790899560000,84816.01,84818.01,84816.0,84816.0,1.31164
1790899620000,84816.01,84838.89,84809.36,84809.36,7.87376
1790899680000,84809.36,84809.37,84780.0,84780.0,5.6106
1790899740000,84780.01,84796.01,84780.0,84794.35,2.37897
1790899800000,84794.35,84836.68,84794.35,84836.68,3.2686
1790899860000,84836.67,84843.56,84824.16,84824.16,4.41807
1790899920000,84824.16,84833.85,84816.0,84833.85,3.26239
1790899980000,84833.85,84917.24,84833.84,84903.0,209.82182
1790900040000,84903.01,84920.01,84888.52,84888.53,129.85319
1790900100000,84888.52,84936.81,84860.71,84936.8,10.10809
1790900160000,84936.81,84958.48,84834.48,84850.01,18.65369
1790900220000,84850.01,84913.9,84850.01,84902.01,6.98124
1790900280000,84902.01,84938.81,84898.0,84936.01,36.43395
1790900340000,84936.01,84940.0,84936.01,84939.98,3.74456
1790900400000,84939.98,84939.99,84918.0,84918.01,2.78795
1790900460000,84918.0,84926.01,84864.53,84869.01,83.81523
1790900520000,84869.0,84869.01,84847.43,84847.44,5.19679
1790900580000,84847.44,84898.0,84847.43,84898.0,7.38336
1790900640000,84898.0,84898.0,84892.0,84892.0,2.26288
1790900700000,84892.01,84892.01,84845.83,84856.0,8.11256
1790900760000,84856.0,84863.87,84820.34,84834.0,7.1393
1790900820000,84834.01,84840.41,84804.0,84821.21,6.04879
1790900880000,84821.21,84840.41,84821.21,84821.98,6.17985
1790900940000,84821.99,84821.99,84802.02,84802.02,4.75789
1790901000000,84802.02,84802.03,84730.29,84730.29,17.34204
1790901060000,84730.29,84769.64,84730.29,84748.72,5.83387
1790901120000,84748.73,84775.86,84748.72,84762.01,4.46257
1790901180000,84762.01,84765.36,84753.11,84753.14,2.7576
1790901240000,84753.15,84756.01,84730.0,84756.0,10.99717
1790901300000,84756.01,84764.01,84754.02,84764.0,1.30492
1790901360000,84764.0,84786.01,84764.0,84773.83,5.22825
1790901420000,84773.83,84773.83,84730.0,84730.0,3.34717
1790901480000,84730.01,84730.01,84705.04,84709.51,11.63506
1790901540000,84709.5,84752.35,84709.5,84752.35,4.05535
1790901600000,84752.34,84870.01,84750.0,84848.0,15.71842
1790901660000,84848.01,84890.01,84841.65,84846.55,13.57148
1790901720000,84846.55,84862.01,84838.19,84841.08,11.71548
1790901780000,84841.08,84867.84,84841.08,84867.84,2.03229
1790901840000,84867.83,84867.84,84824.15,84824.15,12.41195
1790901900000,84824.15,84824.16,84747.94,84747.94,7.05811
1790901960000,84747.94,84768.01,84723.52,84768.01,5.62997
1790902020000,84768.0,84787.53,84762.57,84776.01,4.89775
1790902080000,84776.01,84792.7,84776.0,84792.69,2.65867
1790902140000,84792.7,84792.7,84782.15,84782.16,2.16202
1790902200000,84782.16,84782.16,84782.15,84782.15,1.01524
1790902260000,84782.15,84790.01,84782.14,84782.16,1.54136
1790902320000,84782.16,84786.19,84769.76,84769.76,2.15
1790902380000,84769.77,84789.77,84769.76,84789.76,2.01757
1790902440000,84789.77,84796.01,84789.76,84796.0,3.36356
1790902500000,84796.01,84806.01,84769.4,84769.4,4.75077
1790902560000,84769.41,84769.41,84742.0,84742.0,5.20237
1790902620000,84742.01,84810.85,84742.0,84810.85,4.97987
1790902680000,84810.84,84810.85,84802.0,84802.0,2.79569
1790902740000,84802.01,84802.01,84772.5,84784.89,5.8435
1790902800000,84784.89,84792.7,84750.55,84750.56,3.1005
1790902860000,84750.56,84764.01,84744.0,84756.82,3.17892
1790902920000,84756.81,84756.82,84750.56,84750.57,2.52553
1790902980000,84750.56,84750.56,84740.98,84740.98,3.96211
1790903040000,84740.98,84740.99,84733.36,84733.36,6.62637
1790903100000,84732.21,84741.7,84727.95,84741.7,3.28969
1790903160000,84741.7,84741.7,84708.52,84709.88,2.51954
1790903220000,84709.88,84710.01,84709.0,84709.0,1.61068
1790903280000,84709.01,84737.22,84709.0,84720.09,4.30275
1790903340000,84720.09,84720.09,84703.0,84703.0,5.44402
1790903400000,84703.0,84703.01,84692.23,84693.67,2.98851
1790903460000,84693.67,84693.67,84680.06,84687.39,4.53618
1790903520000,84687.4,84693.67,84684.65,84684.65,10.44852
1790903580000,84684.66,84684.66,84670.01,84670.02,1.67323
1790903640000,84670.01,84670.02,84667.64,84667.64,1.30821
1790903700000,84667.65,84667.65,84655.96,84655.97,2.24028
1790903760000,84655.97,84683.58,84655.95,84683.58,2.62449
1790903820000,84683.57,84700.01,84676.0,84676.01,3.79164
1790903880000,84676.0,84676.01,84665.26,84665.26,1.88658
1790903940000,84665.26,84665.27,84634.0,84637.28,4.75591
1790904000000,84637.27,84637.27,84582.1,84582.11,13.04536
1790904060000,84582.1,84582.11,84520.0,84546.1,23.04377
1790904120000,84546.1,84578.01,84532.0,84578.01,8.3135
1790904180000,84578.01,84608.01,84578.0,84599.31,7.29622
1790904240000,84599.31,84640.01,84595.59,84640.0,3.28535
1790904300000,84640.0,84658.03,84620.01,84624.93,8.13595
1790904360000,84624.94,84624.94,84584.0,84606.01,14.65379
1790904420000,84606.01,84620.01,84591.41,84591.42,3.91514
1790904480000,84591.41,84594.01,84588.0,84588.01,2.77682
1790904540000,84588.01,84614.01,84588.0,84614.01,2.84718
1790904600000,84614.0,84624.01,84606.0,84606.0,3.49995
1790904660000,84606.01,84610.0,84592.0,84610.0,3.40387
1790904720000,84609.99,84620.75,84605.63,84605.64,6.35281
1790904780000,84605.64,84628.01,84605.63,84628.01,2.51885
1790904840000,84628.0,84650.0,84600.0,84600.01,4.02581
1790904900000,84600.01,84610.01,84588.0,84608.01,2.33895
1790904960000,84608.01,84620.0,84589.37,84611.02,10.3739
1790905020000,84611.03,84650.0,84611.03,84625.44,3.47705
1790905080000,84625.44,84628.01,84625.44,84628.01,0.45958
1790905140000,84628.01,84628.01,84611.02,84611.02,14.20899
1790905200000,84611.03,84611.03,84606.0,84608.0,1.03
1790905260000,84608.01,84608.01,84594.56,84594.57,2.07793
1790905320000,84594.57,84606.01,84586.0,84586.0,2.15735
1790905380000,84586.0,84586.01,84584.02,84584.03,0.39513
1790905440000,84584.03,84584.03,84578.0,84578.01,1.1807
1790905500000,84578.01,84592.01,84577.14,84580.01,4.90771
1790905560000,84580.0,84625.44,84580.0,84625.44,7.85005
1790905620000,84625.43,84650.0,84625.43,84650.0,3.93194
1790905680000,84650.0,84671.43,84649.99,84671.42,3.16389
1790905740000,84671.42,84671.43,84666.72,84666.72,2.32478
1790905800000,84666.73,84726.01,84661.33,84726.0,6.42325
1790905860000,84726.01,84868.08,84726.01,84864.0,9.15704
1790905920000,84864.0,84908.0,84856.0,84876.01,11.4925
1790905980000,84876.01,84986.39,84876.01,84956.0,49.95682
1790906040000,84956.0,84956.01,84850.0,84850.0,6.52706
1790906100000,84850.01,84915.99,84830.0,84915.99,7.64823
1790906160000,84915.99,84945.16,84912.0,84912.01,12.1871
1790906220000,84912.0,84926.01,84912.0,84916.99,1.87252
1790906280000,84917.0,84917.0,84914.97,84916.99,16.15722
1790906340000,84917.0,84917.0,84910.0,84910.0,11.48865
1790906400000,84910.01,84910.01,84866.51,84902.01,8.69396
1790906460000,84902.0,84950.0,84902.0,84917.49,15.55
1790906520000,84917.5,84958.01,84917.49,84952.99,10.80162
1790906580000,84953.0,84967.61,84928.77,84928.77,25.21456
1790906640000,84928.78,85014.0,84928.77,85013.99,15.03339
1790906700000,85013.99,85045.45,84996.0,85023.07,15.95044
1790906760000,85023.06,85032.01,85002.0,85010.01,9.72933
1790906820000,85010.0,85014.01,84984.31,84984.32,5.30061
1790906880000,84984.31,85076.01,84984.31,85076.0,8.3361
1790906940000,85076.0,85109.0,85067.35,85102.12,12.14759
1790907000000,85102.11,85108.6,85094.35,85094.35,4.46996
1790907060000,85094.35,85094.36,85032.0,85032.0,7.86044
1790907120000,85032.01,85038.01,85018.0,85038.01,5.39064
1790907180000,85038.0,85082.0,85038.0,85082.0,12.45485
1790907240000,85082.0,85099.74,85081.99,85086.02,33.68505
1790907300000,85086.02,85086.02,85052.44,85070.01,14.81641
1790907360000,85070.0,85074.01,85023.8,85025.18,7.20266
1790907420000,85025.17,85042.8,85004.08,85004.08,46.39606
1790907480000,85004.08,85004.08,84944.0,84944.0,17.07605
1790907540000,84944.01,85013.63,84944.0,84995.24,10.54831
1790907600000,84995.24,84995.25,84942.66,84942.67,6.11813
1790907660000,84942.66,84942.67,84913.0,84913.0,3.82662
1790907720000,84913.0,84913.01,84876.61,84876.62,26.13402
1790907780000,84876.62,84957.1,84876.62,84957.09,8.91049
1790907840000,84957.1,84957.1,84876.77,84876.78,5.08403
1790907900000,84876.77,84918.01,84876.0,84912.0,5.90886
1790907960000,84912.0,84950.01,84911.15,84948.64,2.69889
1790908020000,84948.65,84950.01,84934.0,84934.01,3.28224
1790908080000,84934.0,84944.01,84926.42,84926.42,1.9452
1790908140000,84926.42,84934.01,84926.42,84934.01,2.09031
1790908200000,84934.0,84944.0,84908.01,84908.03,3.23
1790908260000,84908.03,84914.01,84890.0,84898.01,3.89887
1790908320000,84898.0,84898.0,84868.0,84887.5,29.6908
1790908380000,84887.51,84950.97,84887.51,84950.97,6.14143
1790908440000,84950.97,84966.0,84920.0,84920.0,6.43703
1790908500000,84920.01,84946.8,84916.0,84946.8,3.77037
1790908560000,84946.79,84952.01,84938.0,84952.01,2.31293
1790908620000,84952.01,84962.01,84934.65,84934.66,2.86812
1790908680000,84934.66,84934.66,84912.89,84912.9,1.71326
1790908740000,84912.9,84912.9,84902.04,84906.01,4.32271
1790908800000,84906.0,84906.01,84888.0,84888.01,1.64178
1790908860000,84888.01,84916.01,84888.0,84916.01,8.33767
1790908920000,84916.0,84929.25,84916.0,84929.25,2.06004
1790908980000,84929.24,84979.13,84929.24,84979.13,3.70801
1790909040000,84979.13,84988.01,84979.12,84988.01,2.63634
1790909100000,84988.01,85000.0,84988.0,84999.99,8.44732
1790909160000,85000.0,85020.52,84999.99,85020.52,10.13569
1790909220000,85020.52,85054.0,85020.51,85054.0,7.73965
1790909280000,85054.0,85059.7,85054.0,85056.0,4.81203
1790909340000,85056.01,85141.33,85056.0,85132.01,45.85115
1790909400000,85132.2,85151.0,85106.0,85108.6,29.77122
1790909460000,85108.59,85108.6,85051.0,85051.01,8.25424
1790909520000,85051.0,85108.6,85051.0,85106.93,19.60274
1790909580000,85106.93,85106.93,85066.89,85076.0,4.37375
1790909640000,85076.0,85096.01,85076.0,85091.9,3.27556
1790909700000,85091.91,85155.54,85091.91,85155.54,8.13771
1790909760000,85155.54,85169.0,85155.53,85168.99,9.12391
1790909820000,85168.99,85169.0,85168.99,85169.0,20.39811
1790909880000,85168.99,85189.97,85168.99,85180.0,23.13248
1790909940000,85180.01,85188.0,85180.0,85188.0,3.34602
1790910000000,85187.99,85250.21,85187.99,85228.61,121.72836
1790910060000,85228.6,85446.45,85228.6,85423.66,66.82683
1790910120000,85423.66,85511.0,85423.66,85459.98,76.71633
1790910180000,85459.98,85485.4,85411.84,85411.85,38.38701
1790910240000,85411.84,85411.85,85324.7,85391.06,22.98097
1790910300000,85391.07,85460.96,85382.0,85382.01,8.41203
1790910360000,85382.0,85386.63,85288.52,85288.53,11.16967
1790910420000,85288.53,85288.53,85276.4,85284.0,2.90069
1790910480000,85284.0,85284.0,85230.76,85235.37,13.35494
1790910540000,85235.37,85270.01,85200.21,85200.21,10.12885
1790910600000,85200.22,85271.33,85200.21,85271.33,6.49848
1790910660000,85271.32,85284.01,85271.32,85282.02,2.54988
1790910720000,85282.02,85282.02,85216.0,85216.01,5.84437
1790910780000,85216.0,85417.75,85216.0,85410.0,38.35131
1790910840000,85410.0,85410.0,85306.0,85306.0,13.37236
1790910900000,85306.01,85335.38,85302.56,85319.2,6.67911
1790910960000,85319.19,85326.01,85302.81,85302.81,5.40591
1790911020000,85302.81,85302.82,85254.0,85254.0,5.93642
1790911080000,85254.01,85262.41,85245.99,85246.01,2.84632
1790911140000,85246.01,85246.01,85228.86,85228.86,2.20303
1790911200000,85228.87,85228.87,85212.85,85212.86,2.75653
1790911260000,85212.86,85264.01,85212.85,85228.96,6.30776
1790911320000,85228.96,85250.0,85214.74,85240.0,4.94032
1790911380000,85240.01,85240.01,85208.43,85214.01,5.8327
1790911440000,85214.0,85229.86,85206.0,85229.86,4.59802
1790911500000,85229.86,85229.86,85226.0,85226.01,1.03502
1790911560000,85226.01,85229.86,85226.0,85229.85,2.51455
1790911620000,85229.85,85240.77,85224.0,85240.76,2.24353
1790911680000,85240.77,85252.01,85240.76,85252.01,2.82929
1790911740000,85252.0,85280.94,85252.0,85280.93,4.98236
1790911800000,85280.94,85308.02,85280.0,85308.01,4.72909
1790911860000,85308.01,85404.54,85308.01,85400.43,16.5558
1790911920000,85400.43,85460.0,85348.0,85435.13,10.50975
1790911980000,85435.13,85461.53,85400.0,85419.05,13.65562
1790912040000,85419.04,85424.5,85384.0,85406.17,13.6252
1790912100000,85406.17,85462.55,85394.0,85456.99,5.98247
1790912160000,85457.0,85457.0,85367.42,85367.42,10.12995
1790912220000,85367.43,85367.43,85308.0,85334.0,7.48403
1790912280000,85334.01,85368.01,85334.0,85368.0,4.55317
1790912340000,85368.0,85421.76,85368.0,85421.75,5.59243
1790912400000,85421.75,85421.76,85398.0,85421.76,3.45313
1790912460000,85421.75,85421.76,85386.0,85386.01,6.12479
1790912520000,85386.0,85409.23,85382.02,85405.82,11.91154
1790912580000,85405.83,85450.0,85405.82,85427.65,8.69197
1790912640000,85427.64,85435.1,85416.09,85425.87,3.00091
1790912700000,85425.87,85479.88,85424.0,85424.66,10.80897
1790912760000,85424.66,85449.97,85408.78,85408.78,25.24885
1790912820000,85408.79,85435.0,85405.0,85430.77,5.37655
1790912880000,85430.77,85435.0,85416.81,85424.5,10.3905
1790912940000,85424.5,85424.5,85394.1,85394.1,5.63642
1790913000000,85394.1,85405.01,85393.26,85395.29,6.14046
1790913060000,85395.29,85395.3,85384.85,85384.86,1.60904
1790913120000,85384.85,85408.59,85384.85,85408.59,4.01362
1790913180000,85408.58,85480.26,85408.58,85480.26,15.13804
1790913240000,85480.25,85519.76,85478.69,85489.6,20.97539
1790913300000,85489.6,85569.0,85489.6,85538.32,21.9603
1790913360000,85538.32,85557.2,85478.93,85551.71,7.62255
1790913420000,85551.71,85551.71,85499.96,85540.93,6.36638
1790913480000,85540.92,85540.92,85514.64,85536.03,8.012
1790913540000,85536.02,85536.03,85512.89,85512.9,3.93056
1790913600000,85512.89,85580.0,85512.89,85580.0,34.07138
1790913660000,85579.99,85600.0,85579.99,85600.0,18.22666
1790913720000,85599.99,85600.0,85543.6,85592.88,10.4794
1790913780000,85592.88,85600.0,85592.88,85599.98,6.7673
1790913840000,85599.98,85616.0,85590.07,85590.08,17.9155
1790913900000,85590.08,85604.02,85523.69,85526.44,8.82314
1790913960000,85526.43,85562.01,85453.36,85453.36,18.67288
1790914020000,85453.37,85501.1,85453.36,85473.25,6.42748
1790914080000,85473.24,85489.23,85467.13,85474.87,2.78111
1790914140000,85474.87,85500.24,85474.87,85500.24,13.82845
1790914200000,85500.24,85542.9,85500.23,85510.33,9.571
1790914260000,85510.34,85510.34,85496.99,85501.65,6.22437
1790914320000,85501.49,85518.82,85484.22,85518.81,13.20278
1790914380000,85518.82,85518.82,85473.11,85484.74,5.00301
1790914440000,85484.74,85484.74,85454.31,85463.58,5.69487
1790914500000,85463.59,85537.41,85463.58,85537.41,3.89223
1790914560000,85537.41,85600.0,85537.4,85600.0,5.9877
1790914620000,85599.99,85609.34,85557.4,85566.74,8.32084
1790914680000,85566.73,85617.3,85564.25,85609.88,24.16838
1790914740000,85609.87,85990.41,85609.87,85903.65,241.39567
1790914800000,85903.65,86380.0,85885.99,86277.02,295.61825
1790914860000,86277.01,86490.01,86233.24,86333.74,167.8134
1790914920000,86333.73,86400.85,86199.96,86227.26,47.88715
1790914980000,86227.26,86371.76,86207.01,86362.34,33.1236
1790915040000,86362.33,86440.04,86289.4,86393.93,41.01953
1790915100000,86393.93,86620.96,86373.9,86572.79,200.93477
1790915160000,86572.78,86701.25,86525.54,86656.75,118.63525
1790915220000,86656.75,86694.93,86575.98,86672.52,44.24563
1790915280000,86672.52,86741.41,86650.88,86717.25,74.82423
1790915340000,86717.24,86804.78,86683.26,86788.12,75.82928
1790915400000,86788.12,86912.75,86756.73,86818.72,114.74584
1790915460000,86818.71,86882.74,86701.75,86706.78,44.84905
1790915520000,86706.79,86713.5,86607.55,86626.01,51.12489
1790915580000,86626.0,86638.98,86567.11,86567.11,36.76689
1790915640000,86566.57,86575.71,86514.73,86514.74,23.29386
1790915700000,86514.73,86514.74,86400.99,86400.99,27.44379
1790915760000,86401.0,86401.0,86379.87,86394.2,52.02353
1790915820000,86394.2,86498.03,86394.19,86452.19,19.57307
1790915880000,86452.2,86457.41,86411.39,86436.12,75.86623
1790915940000,86436.13,86528.51,86436.13,86527.96,20.03238
1790916000000,86527.97,86633.8,86519.85,86524.01,33.7028
1790916060000,86524.01,86613.63,86492.66,86534.18,252.70542
1790916120000,86534.19,86552.65,86510.72,86527.41,22.05178
1790916180000,86527.41,86546.21,86518.0,86546.21,16.47532
1790916240000,86546.2,86555.15,86520.0,86525.32,26.19191
1790916300000,86525.33,86526.73,86459.47,86459.47,10.61984
1790916360000,86459.48,86551.09,86459.47,86538.08,27.86996
1790916420000,86538.09,86598.3,86502.76,86598.3,23.81701
1790916480000,86598.3,86664.0,86598.3,86646.69,27.91696
1790916540000,86646.69,86712.59,86634.09,86636.55,32.17523
1790916600000,86636.56,86770.33,86636.56,86701.75,41.17772
1790916660000,86701.74,86749.47,86679.55,86693.21,15.18024
1790916720000,86693.2,86719.46,86672.21,86700.58,19.56328
1790916780000,86700.58,86710.03,86633.67,86633.68,10.37545
1790916840000,86633.68,86644.49,86591.01,86591.02,10.14599
1790916900000,86591.02,86678.48,86587.77,86651.0,15.91359
1790916960000,86650.99,86651.0,86612.83,86628.62,10.96417
1790917020000,86628.62,86645.88,86608.08,86642.33,18.71651
1790917080000,86642.33,86642.34,86592.71,86592.71,16.36491
1790917140000,86592.72,86675.37,86592.71,86652.12,18.51262
1790917200000,86652.12,86670.36,86606.22,86628.96,18.55501
1790917260000,86628.96,86660.61,86623.85,86651.77,20.22363
1790917320000,86651.76,86651.77,86588.61,86588.61,12.89201
1790917380000,86588.61,86625.96,86588.61,86625.96,11.06936
1790917440000,86625.95,86625.96,86552.22,86552.22,12.31776
1790917500000,86552.23,86552.23,86500.0,86521.91,15.90328
1790917560000,86521.91,86569.53,86518.84,86562.83,13.45841
1790917620000,86562.83,86593.02,86562.83,86582.09,15.27228
1790917680000,86582.09,86640.61,86582.09,86632.28,24.66917
1790917740000,86632.28,86634.62,86575.14,86575.14,14.24256
1790917800000,86575.14,86628.72,86526.69,86535.72,17.29717
1790917860000,86535.72,86600.0,86518.2,86599.99,17.61765
1790917920000,86599.99,86624.56,86585.8,86606.37,18.2252
1790917980000,86606.37,86606.38,86561.85,86582.73,13.21569
1790918040000,86582.74,86582.74,86565.01,86576.0,8.46347
1790918100000,86576.01,86592.01,86576.0,86579.56,17.69692
1790918160000,86579.55,86579.56,86483.4,86483.44,18.78952
1790918220000,86483.43,86490.71,86438.4,86483.42,16.47347
1790918280000,86483.42,86538.01,86482.78,86499.0,19.08505
1790918340000,86499.0,86508.02,86464.61,86493.18,6.55517
1790918400000,86493.18,86521.4,86471.44,86482.98,12.81752
1790918460000,86482.98,86482.98,86415.42,86427.46,11.34598
1790918520000,86427.46,86476.01,86427.46,86476.0,14.12959
1790918580000,86476.0,86482.98,86458.09,86458.1,5.17818
1790918640000,86458.09,86458.1,86383.03,86383.03,4.1346
1790918700000,86383.03,86391.43,86306.17,86306.17,20.6895
1790918760000,86306.18,86355.89,86288.59,86320.01,19.55935
1790918820000,86320.0,86368.31,86320.0,86354.44,33.25713
1790918880000,86354.45,86388.48,86323.04,86336.62,17.30825
1790918940000,86336.62,86346.53,86311.85,86346.52,12.31129
1790919000000,86346.52,86364.01,86309.95,86356.52,12.41784
1790919060000,86356.51,86396.01,86328.46,86396.01,9.79095
1790919120000,86396.0,86396.01,86372.38,86376.0,8.2209
1790919180000,86376.0,86376.01,86292.69,86306.0,14.54767
1790919240000,86306.0,86312.59,86288.59,86298.15,5.24749
1790919300000,86298.15,86298.16,86241.78,86252.0,11.38054
1790919360000,86252.0,86252.01,86180.1,86182.07,13.04587
1790919420000,86182.07,86182.08,86014.59,86072.07,50.23218
1790919480000,86072.06,86072.07,85946.0,85949.1,36.01529
1790919540000,85949.1,85990.0,85910.0,85920.37,22.57065
1790919600000,85920.36,85981.32,85893.27,85961.53,17.06738
1790919660000,85961.53,86080.68,85961.53,86079.75,30.99289
1790919720000,86079.76,86126.01,86072.02,86126.0,11.72768
1790919780000,86126.0,86135.55,86116.93,86135.55,19.37371
1790919840000,86135.54,86146.0,86131.91,86137.34,8.46373
1790919900000,86137.34,86169.78,86090.0,86090.0,12.17261
1790919960000,86090.01,86110.95,86090.0,86097.66,9.89349
1790920020000,86097.67,86097.67,86060.57,86060.58,5.46975
1790920080000,86060.58,86118.12,86060.57,86102.88,13.83447
1790920140000,86102.89,86102.89,86084.0,86084.01,6.97173
1790920200000,86084.01,86095.4,86084.0,86095.33,5.16919
1790920260000,86095.32,86116.01,86095.32,86116.0,4.8848
1790920320000,86116.01,86116.01,86059.1,86059.11,14.94858
1790920380000,86059.1,86059.11,86006.99,86019.98,11.16508
1790920440000,86019.98,86019.99,85966.01,85978.01,16.16539
1790920500000,85978.01,86012.91,85978.0,86002.01,14.18891
1790920560000,86002.0,86002.01,85982.0,86000.2,7.53363
1790920620000,86000.21,86000.21,85970.51,85982.93,4.92724
1790920680000,85982.92,86002.01,85969.39,86002.01,11.73649
1790920740000,86002.0,86011.25,86002.0,86002.01,7.13003
1790920800000,86002.01,86019.11,85957.51,85995.29,26.64388
1790920860000,85995.29,86098.62,85995.29,86098.62,20.20375
1790920920000,86098.62,86098.62,86050.01,86054.76,12.22015
1790920980000,86054.76,86070.01,86023.48,86039.97,14.68098
1790921040000,86039.96,86058.01,86032.52,86040.0,11.79593
1790921100000,86040.0,86066.11,86026.66,86026.67,7.69386
1790921160000,86026.66,86060.01,85992.13,85992.13,17.5953
1790921220000,85992.13,85992.14,85927.7,85945.2,10.43468
1790921280000,85945.2,85945.2,85875.32,85890.01,35.08126
1790921340000,85890.01,85910.0,85880.24,85896.03,20.23062
1790921400000,85896.03,86024.01,85876.18,86024.01,12.3444
1790921460000,86024.01,86072.01,85996.05,85999.81,17.82431
1790921520000,85999.82,86008.01,85961.08,85966.04,18.21848
1790921580000,85966.03,85988.0,85966.03,85980.01,15.34882
1790921640000,85980.01,85980.02,85902.72,85902.73,68.60108
1790921700000,85902.73,86026.01,85902.72,86004.39,20.76526
1790921760000,86004.39,86052.01,86004.39,86014.0,10.88669
1790921820000,86014.0,86030.51,85956.4,86011.39,14.85552
1790921880000,86011.38,86034.01,85992.35,85992.35,10.08682
1790921940000,85992.35,85998.01,85958.0,85981.99,17.5762
1790922000000,85982.0,86037.93,85981.99,86037.92,25.99798
1790922060000,86037.93,86052.01,86012.31,86032.35,14.14292
1790922120000,86032.36,86056.02,85980.03,85980.04,18.53221
1790922180000,85980.04,86007.35,85968.01,85996.6,14.67416
1790922240000,85996.61,86026.0,85985.19,86025.99,8.89194
1790922300000,86026.0,86030.89,86007.36,86007.37,5.53952
1790922360000,86007.37,86016.62,85984.19,86016.62,15.41314
1790922420000,86016.62,86040.01,86004.0,86040.01,14.51174
1790922480000,86040.0,86054.01,86039.39,86054.01,6.62184
1790922540000,86054.0,86054.01,86025.96,86025.96,22.75313
1790922600000,86025.97,86034.01,86000.0,86002.0,8.35369
1790922660000,86002.0,86004.14,85992.0,86004.14,28.1891
1790922720000,86004.14,86076.51,86004.13,86067.79,8.07253
1790922780000,86067.79,86080.0,86067.79,86079.99,4.88342
1790922840000,86079.99,86096.01,86058.0,86058.01,9.19667
1790922900000,86058.0,86070.01,85954.01,85954.7,16.27653
1790922960000,85954.69,85980.01,85930.36,85966.0,12.75651
1790923020000,85966.0,85970.47,85954.37,85968.55,3.33525
1790923080000,85968.54,85968.55,85934.71,85947.76,11.6279
1790923140000,85947.76,86026.01,85947.76,86026.01,16.03711
1790923200000,86026.0,86040.01,86002.47,86027.04,7.7335
1790923260000,86027.04,86027.05,86002.47,86005.15,9.93747
1790923320000,86005.15,86005.16,85972.36,85984.0,6.45968
1790923380000,85984.0,85990.01,85967.88,85990.01,4.9721
1790923440000,85990.0,86002.02,85990.0,86002.01,2.62116
1790923500000,86002.0,86002.01,85945.64,85950.0,10.36911
1790923560000,85950.01,85964.01,85950.0,85964.0,3.63432
1790923620000,85964.01,85972.01,85958.14,85958.15,11.03736
1790923680000,85958.14,85970.0,85958.14,85969.99,4.32066
1790923740000,85970.0,86010.0,85969.99,86010.0,7.92641
1790923800000,86010.0,86054.01,86009.99,86054.01,3.34444
1790923860000,86054.01,86095.98,86048.7,86048.71,13.59803
1790923920000,86048.71,86048.71,85998.0,85998.01,5.90844
1790923980000,85998.01,86002.21,85994.13,85994.14,3.52065
1790924040000,85994.13,86046.18,85994.13,86046.17,6.31531
1790924100000,86046.18,86083.99,86046.18,86083.98,6.29308
1790924160000,86083.99,86098.0,86031.39,86031.39,28.58966
1790924220000,86031.39,86031.4,85990.0,85994.29,11.47576
1790924280000,85994.3,86054.01,85994.13,86023.99,19.68767
1790924340000,86023.99,86023.99,85984.04,85992.95,10.51492
1790924400000,85992.96,85992.96,85932.29,85936.47,11.26617
1790924460000,85936.47,86028.0,85936.47,85989.32,24.13422
1790924520000,85989.32,85989.32,85900.0,85926.01,23.54171
1790924580000,85926.01,85996.01,85910.0,85974.93,9.21362
1790924640000,85974.94,85996.01,85918.0,85918.0,5.39701
1790924700000,85918.0,85962.39,85912.0,85961.49,9.69955
1790924760000,85961.49,86056.01,85961.49,86056.0,8.94072
1790924820000,86056.0,86077.79,86012.0,86012.01,11.65077
1790924880000,86012.01,86018.01,85980.0,85980.01,5.2467
1790924940000,85980.0,85989.89,85966.0,85989.89,8.91013
1790925000000,85989.88,86004.01,85989.88,85998.0,4.89958
1790925060000,85998.01,86018.77,85982.48,86018.76,8.03175
1790925120000,86018.76,86018.77,85966.0,85973.7,6.43568
1790925180000,85973.71,86004.01,85973.7,85996.14,2.97277
1790925240000,85996.15,85996.15,85948.27,85956.67,41.45423
1790925300000,85956.67,85956.67,85932.65,85944.06,7.5307
1790925360000,85944.05,85978.47,85900.01,85900.01,34.23537
1790925420000,85900.0,85918.01,85896.0,85916.01,8.38821
1790925480000,85916.0,85956.14,85916.0,85956.13,13.5121
1790925540000,85956.13,85965.2,85944.0,85944.0,5.69812
1790925600000,85944.01,85944.01,85917.14,85917.15,7.39698
1790925660000,85917.15,85920.01,85900.0,85920.01,9.0055
1790925720000,85920.01,85960.0,85920.0,85957.25,7.9969
1790925780000,85957.24,85957.25,85934.0,85934.01,8.06092
1790925840000,85934.0,85954.01,85922.17,85933.07,6.25528
1790925900000,85933.07,85961.14,85933.07,85956.18,5.91613
1790925960000,85956.19,85956.19,85934.03,85956.18,5.96289
1790926020000,85956.19,85979.21,85956.18,85967.61,5.01167
1790926080000,85967.62,85967.62,85949.23,85954.82,8.95169
1790926140000,85954.81,85965.68,85939.06,85956.01,5.04554
1790926200000,85956.01,85956.01,85894.91,85894.92,23.17723
1790926260000,85894.91,85938.01,85894.91,85913.13,26.64437
1790926320000,85913.12,85930.31,85898.24,85901.74,21.76541
1790926380000,85901.75,85914.01,85884.61,85884.61,26.5471
1790926440000,85884.61,85887.14,85858.57,85882.01,20.40607
1790926500000,85882.01,85882.01,85865.99,85865.99,34.17875
1790926560000,85865.99,85878.01,85865.0,85878.01,25.20124
1790926620000,85878.01,85900.0,85864.0,85864.0,42.37285
1790926680000,85864.0,85864.0,85810.51,85813.15,28.82158
1790926740000,85813.14,85826.93,85807.39,85807.4,35.71782
1790926800000,85807.39,85808.01,85786.0,85786.0,47.33879
1790926860000,85786.0,85808.0,85781.0,85781.0,48.26121
1790926920000,85781.0,85800.01,85781.0,85799.97,22.7743
1790926980000,85799.97,85816.01,85799.96,85811.62,24.27893
1790927040000,85811.61,85811.62,85767.45,85768.82,24.41404
1790927100000,85768.83,85900.0,85768.82,85899.99,23.06082
1790927160000,85900.0,85944.01,85861.04,85861.04,32.03165
1790927220000,85861.05,85861.05,85834.0,85836.7,25.82454
1790927280000,85836.7,85860.0,85836.7,85837.82,32.01795
1790927340000,85837.82,85878.01,85837.81,85878.01,45.32994
1790927400000,85878.01,85878.01,85834.0,85874.0,36.59471
1790927460000,85874.01,85916.01,85871.08,85915.97,16.79217
1790927520000,85915.97,85925.84,85900.09,85902.01,21.42929
1790927580000,85902.0,85911.5,85898.0,85904.01,29.35827
1790927640000,85904.01,86000.0,85904.0,86000.0,37.38712
1790927700000,86000.0,86055.41,85992.0,86026.01,24.97464
1790927760000,86026.01,86080.0,86026.0,86079.99,46.02698
1790927820000,86080.0,86144.01,86072.57,86112.01,36.21436
1790927880000,86112.01,86163.5,86044.01,86044.02,22.1873
1790927940000,86044.02,86090.0,86044.01,86089.65,18.84774
1790928000000,86089.64,86139.69,86062.28,86114.01,20.36961
1790928060000,86114.01,86184.01,86112.0,86164.16,30.70615
1790928120000,86164.16,86243.6,86164.15,86242.61,18.22682
1790928180000,86242.61,86313.91,86242.6,86313.9,32.49355
1790928240000,86313.91,86339.26,86270.0,86270.01,64.83494
1790928300000,86270.0,86270.01,86249.0,86255.93,5.33747
1790928360000,86255.94,86308.01,86255.94,86274.01,11.90697
1790928420000,86274.0,86306.14,86258.08,86276.01,10.8533
1790928480000,86276.0,86292.01,86263.42,86282.0,7.04883
1790928540000,86282.0,86297.21,86280.0,86297.21,3.95723
1790928600000,86297.22,86338.02,86297.22,86334.01,6.01384
1790928660000,86334.01,86342.81,86280.0,86342.81,12.00721
1790928720000,86342.81,86342.81,86284.2,86284.21,9.91533
1790928780000,86284.21,86321.49,86284.21,86321.49,7.3501
1790928840000,86321.48,86333.01,86320.0,86320.01,8.97037
1790928900000,86320.01,86349.5,86316.0,86349.49,9.02067
1790928960000,86349.5,86450.63,86349.49,86425.02,16.73042
1790929020000,86425.02,86629.18,86425.02,86564.37,49.90674
1790929080000,86564.36,86640.61,86474.0,86485.4,19.52628
1790929140000,86485.4,86501.68,86475.15,86501.66,29.30685
1790929200000,86501.66,86501.67,86456.0,86482.0,22.35064
1790929260000,86482.01,86586.01,86470.01,86470.01,28.14843
1790929320000,86470.02,86470.02,86433.24,86440.86,12.57806
1790929380000,86440.85,86440.86,86360.0,86360.0,11.16283
1790929440000,86360.0,86373.03,86360.0,86373.02,4.12388
1790929500000,86373.03,86388.01,86366.0,86388.01,6.78502
1790929560000,86388.01,86460.01,86388.0,86446.01,6.27403
1790929620000,86446.0,86446.01,86392.0,86392.01,10.43637
1790929680000,86392.0,86392.01,86388.0,86390.63,2.66682
1790929740000,86390.63,86400.0,86368.27,86400.0,4.48701
1790929800000,86400.0,86435.49,86388.0,86416.76,5.0913
1790929860000,86416.75,86416.76,86386.04,86392.0,3.63466
1790929920000,86392.01,86392.01,86314.17,86314.18,7.04517
1790929980000,86314.18,86322.01,86300.04,86300.04,3.74765
1790930040000,86300.04,86319.7,86258.1,86310.01,15.23759
1790930100000,86310.01,86315.21,86289.47,86315.2,5.49021
1790930160000,86315.2,86362.01,86315.2,86348.97,7.11316
1790930220000,86348.96,86461.53,86348.96,86461.52,8.5567
1790930280000,86461.52,86474.01,86418.06,86438.36,9.28749
1790930340000,86438.37,86445.89,86436.0,86436.01,2.80645
1790930400000,86436.0,86436.0,86410.0,86434.01,9.10104
1790930460000,86434.01,86440.01,86397.31,86397.31,17.29861
1790930520000,86397.31,86397.32,86370.68,86370.68,2.09434
1790930580000,86370.68,86370.69,86355.38,86355.38,6.80143
1790930640000,86355.39,86355.39,86323.83,86323.84,5.89496
1790930700000,86323.83,86323.84,86315.84,86315.84,0.85617
1790930760000,86315.85,86344.01,86315.84,86338.01,7.41679
1790930820000,86338.01,86340.0,86300.0,86339.99,13.21359
1790930880000,86339.99,86340.0,86305.1,86306.0,5.35639
1790930940000,86306.01,86306.01,86305.99,86306.0,1.21174
1790931000000,86305.99,86306.01,86296.95,86306.01,13.85189
1790931060000,86306.01,86334.96,86298.0,86298.0,16.82307
1790931120000,86298.01,86301.93,86283.31,86283.31,10.91416
1790931180000,86283.32,86283.32,86247.74,86279.34,13.42179
1790931240000,86279.34,86279.34,86248.11,86249.99,9.3926
1790931300000,86249.99,86322.01,86249.96,86322.01,12.30577
1790931360000,86322.0,86322.01,86308.0,86308.01,2.62814
1790931420000,86308.01,86308.01,86263.74,86263.74,13.76304
1790931480000,86263.75,86263.75,86254.0,86254.01,7.44329
1790931540000,86254.0,86254.0,86197.0,86236.0,15.66349
1790931600000,86236.01,86255.0,86236.0,86243.39,6.73805
1790931660000,86243.38,86243.39,86207.14,86211.99,2.94604
1790931720000,86211.99,86211.99,86185.91,86187.97,6.08671
1790931780000,86187.98,86187.98,86162.13,86162.14,3.39539
1790931840000,86162.13,86185.74,86138.0,86184.63,7.43995
1790931900000,86184.63,86251.52,86184.63,86230.26,6.16696
1790931960000,86230.25,86237.66,86200.0,86200.0,15.11137
1790932020000,86200.01,86222.01,86200.0,86220.48,3.21726
1790932080000,86220.48,86220.48,86149.4,86150.59,15.11593
1790932140000,86150.59,86179.82,86150.58,86179.82,62.213
1790932200000,86179.81,86215.07,86169.69,86183.83,55.11502
1790932260000,86183.83,86193.52,86165.6,86184.94,55.74964
1790932320000,86184.94,86200.0,86176.02,86192.21,54.91967
1790932380000,86192.21,86233.0,86185.53,86230.54,58.30937
1790932440000,86230.55,86248.4,86179.8,86194.03,83.62398
1790932500000,86194.02,86224.01,86179.32,86188.01,60.71178
1790932560000,86188.01,86233.52,86172.14,86197.39,68.26632
1790932620000,86197.38,86240.0,86170.02,86228.01,57.72991
1790932680000,86228.01,86228.01,86165.2,86186.01,64.58959
1790932740000,86186.01,86221.01,86169.6,86196.01,59.73284
1790932800000,86196.01,86226.01,86174.54,86185.85,63.54063
1790932860000,86185.85,86230.23,86170.12,86192.01,60.15325
1790932920000,86192.01,86194.77,86149.8,86168.51,63.00412
1790932980000,86168.51,86186.39,86124.14,86139.31,65.43442
1790933040000,86139.31,86164.01,86120.96,86146.95,73.42843
1790933100000,86146.94,86166.01,86132.51,86153.92,15.08878
1790933160000,86153.93,86153.93,86140.0,86140.01,4.64031
1790933220000,86140.01,86140.01,86108.0,86108.4,9.48635
1790933280000,86108.4,86134.0,86108.39,86123.0,7.69743
1790933340000,86123.0,86209.08,86123.0,86209.07,17.57881
1790933400000,86209.08,86234.01,86176.36,86234.01,11.23609
1790933460000,86234.0,86346.81,86216.17,86346.81,14.87527
1790933520000,86346.8,86374.01,86320.18,86358.0,12.07619
1790933580000,86358.0,86371.25,86358.0,86358.0,6.11028
1790933640000,86358.01,86378.75,86358.0,86366.93,26.71518
1790933700000,86366.92,86366.93,86309.21,86314.8,15.76544
1790933760000,86314.8,86320.16,86311.0,86312.01,3.83047
1790933820000,86312.01,86328.0,86303.62,86303.63,5.05156
1790933880000,86303.62,86369.64,86303.62,86369.63,5.04864
1790933940000,86369.63,86374.08,86369.63,86370.99,6.52556
1790934000000,86371.0,86396.91,86370.99,86396.58,26.78091
1790934060000,86396.58,86396.59,86368.0,86368.01,6.90232
1790934120000,86368.01,86408.01,86354.01,86384.01,11.73405
1790934180000,86384.01,86406.57,86366.0,86369.32,13.47956
1790934240000,86369.32,86369.32,86338.14,86338.14,8.39761
1790934300000,86338.14,86348.01,86332.31,86348.0,18.22138
1790934360000,86348.0,86350.01,86297.4,86328.01,17.5667
1790934420000,86328.01,86328.01,86284.66,86284.66,8.58468
1790934480000,86284.66,86340.0,86284.66,86340.0,4.57353
1790934540000,86339.99,86402.56,86339.99,86342.42,12.79522
1790934600000,86342.41,86388.0,86342.41,86385.71,8.78162
1790934660000,86385.71,86397.36,86385.7,86394.59,7.8244
1790934720000,86394.58,86406.84,86389.64,86400.01,7.82313
1790934780000,86400.01,86425.92,86400.01,86425.92,5.8339
1790934840000,86425.92,86430.52,86416.0,86416.01,10.37113
1790934900000,86416.01,86418.01,86416.0,86416.0,2.08776
1790934960000,86416.0,86432.01,86416.0,86426.0,6.26818
1790935020000,86426.0,86426.01,86389.64,86389.64,3.04709
1790935080000,86389.64,86391.62,86350.0,86350.02,18.65556
1790935140000,86350.02,86371.83,86350.01,86364.02,7.10682
1790935200000,86364.01,86408.8,86360.0,86408.79,7.14748
1790935260000,86408.79,86408.8,86376.72,86376.72,3.21524
1790935320000,86376.73,86386.87,86354.53,86354.53,2.95145
1790935380000,86354.54,86369.78,86350.01,86369.77,8.78466
1790935440000,86369.78,86426.0,86369.77,86422.0,9.99698
1790935500000,86422.0,86438.46,86418.0,86418.01,4.55369
1790935560000,86418.0,86418.01,86359.12,86359.12,4.40533
1790935620000,86359.12,86423.18,86359.12,86405.72,5.14021
1790935680000,86405.71,86416.01,86405.71,86416.01,1.15521
1790935740000,86416.01,86416.01,86378.38,86378.38,4.83304
1790935800000,86378.38,86378.39,86362.25,86362.26,3.54708
1790935860000,86362.26,86376.0,86362.01,86373.22,7.7388
1790935920000,86373.22,86373.23,86363.39,86371.04,2.02854
1790935980000,86371.04,86371.04,86346.0,86346.01,8.55811
1790936040000,86346.0,86346.01,86322.03,86336.01,6.30048
1790936100000,86336.01,86359.35,86336.01,86359.35,5.22821
1790936160000,86359.35,86387.04,86359.35,86383.6,5.02951
1790936220000,86383.59,86387.99,86304.87,86338.9,63.61885
1790936280000,86338.89,86376.01,86338.89,86359.51,2.52127
1790936340000,86359.5,86359.51,86347.21,86347.22,5.75202
1790936400000,86347.22,86366.01,86347.22,86361.1,5.39517
1790936460000,86361.1,86369.82,86330.25,86348.07,7.05301
1790936520000,86348.06,86348.07,86270.91,86270.92,17.09178
1790936580000,86270.91,86270.92,86242.91,86250.0,5.42027
1790936640000,86250.0,86250.0,86172.0,86186.97,10.87872
1790936700000,86186.98,86244.01,86177.99,86236.17,17.21225
1790936760000,86236.17,86281.97,86236.16,86281.97,7.09986
1790936820000,86281.96,86326.0,86268.0,86326.0,5.55665
1790936880000,86326.01,86395.85,86326.01,86395.85,4.72747
1790936940000,86395.84,86413.54,86395.84,86409.39,10.83572
1790937000000,86408.18,86408.18,86374.01,86378.65,3.00541
1790937060000,86378.66,86378.66,86359.59,86359.59,1.91358
1790937120000,86359.6,86388.01,86350.78,86388.01,7.5401
1790937180000,86388.0,86411.79,86388.0,86411.79,4.32299
1790937240000,86411.79,86466.01,86411.78,86435.79,14.19899
1790937300000,86435.8,86500.0,86428.58,86499.99,8.94141
1790937360000,86499.99,86499.99,86444.1,86444.1,8.47803
1790937420000,86444.1,86444.11,86372.35,86372.35,9.08099
1790937480000,86372.34,86391.49,86372.34,86391.49,6.27312
1790937540000,86391.5,86409.03,86388.76,86393.72,8.3297
1790937600000,86393.72,86404.24,86390.0,86404.24,2.09619
1790937660000,86404.24,86469.68,86404.24,86469.68,4.84296
1790937720000,86469.68,86482.0,86462.61,86475.9,9.12444
1790937780000,86475.9,86493.43,86452.12,86452.13,21.32689
1790937840000,86452.12,86452.13,86418.06,86428.01,5.93096
1790937900000,86428.0,86428.01,86407.8,86407.81,10.80557
1790937960000,86407.81,86407.81,86400.0,86400.0,1.00387
1790938020000,86400.0,86400.01,86364.0,86364.0,5.64806
1790938080000,86364.0,86364.01,86310.0,86324.0,11.41141
1790938140000,86324.01,86324.01,86305.77,86318.01,11.56086
1790938200000,86318.01,86318.01,86296.61,86296.62,3.1429
1790938260000,86296.62,86298.01,86294.01,86298.01,2.798
1790938320000,86298.01,86298.01,86298.0,86298.01,1.8576
1790938380000,86298.0,86298.01,86292.0,86292.0,2.79758
1790938440000,86292.01,86358.01,86292.0,86358.01,16.95932
1790938500000,86358.0,86395.89,86348.0,86348.0,5.85468
1790938560000,86348.0,86348.01,86322.91,86322.92,2.67319
1790938620000,86322.91,86322.92,86304.75,86304.76,3.52936
1790938680000,86304.75,86304.76,86299.28,86304.76,1.90625
1790938740000,86304.76,86304.76,86297.59,86297.6,1.39399
1790938800000,86297.6,86328.48,86278.83,86278.84,10.88065
1790938860000,86278.84,86320.01,86274.0,86317.94,10.43415
1790938920000,86317.93,86350.01,86317.93,86348.01,3.84166
1790938980000,86348.0,86348.01,86324.5,86341.06,2.83937
1790939040000,86341.05,86382.29,86341.05,86382.29,6.26715
1790939100000,86382.28,86395.46,86373.18,86373.18,2.71996
1790939160000,86373.18,86400.01,86373.18,86400.0,2.69132
1790939220000,86400.0,86422.01,86400.0,86422.01,4.6019
1790939280000,86422.0,86453.64,86405.87,86453.63,8.50382
1790939340000,86453.64,86491.59,86453.63,86491.59,2.51095
1790939400000,86491.58,86500.0,86471.29,86500.0,8.87567
1790939460000,86499.99,86500.0,86499.99,86499.99,1.6722
1790939520000,86500.0,86500.0,86467.91,86467.91,23.41252
1790939580000,86467.92,86467.92,86451.56,86456.01,8.15275
1790939640000,86456.01,86458.01,86432.21,86458.01,9.35874
1790939700000,86458.0,86492.79,86458.0,86492.79,2.62892
1790939760000,86492.78,86499.0,86444.1,86444.1,18.58081
1790939820000,86444.1,86478.01,86427.68,86478.0,8.54169
1790939880000,86478.0,86478.01,86451.86,86451.86,7.33582
1790939940000,86451.87,86483.23,86451.86,86483.23,5.83641
1790940000000,86483.23,86489.27,86483.22,86489.27,2.79204
1790940060000,86489.27,86500.0,86473.18,86473.18,11.55624
1790940120000,86473.19,86480.01,86473.18,86480.01,2.09197
1790940180000,86480.01,86480.01,86450.0,86450.01,6.73363
1790940240000,86450.0,86456.01,86426.0,86456.0,7.28302
1790940300000,86456.01,86465.11,86437.6,86452.15,5.31971
1790940360000,86452.16,86452.16,86452.15,86452.15,1.4066
1790940420000,86452.16,86452.16,86431.33,86431.7,6.12412
1790940480000,86431.7,86431.7,86431.33,86431.34,6.42466
1790940540000,86431.34,86431.34,86431.33,86431.33,3.33646
1790940600000,86431.34,86431.34,86431.33,86431.34,1.8908
1790940660000,86431.33,86529.29,86425.21,86529.29,19.64589
1790940720000,86529.28,86547.85,86493.33,86532.99,12.71075
1790940780000,86532.99,86533.0,86497.8,86497.81,15.79789
1790940840000,86497.81,86506.85,86490.83,86490.84,4.78275
1790940900000,86490.84,86506.85,86490.83,86495.4,7.41348
1790940960000,86495.39,86522.01,86495.39,86522.01,4.28888
1790941020000,86522.0,86527.1,86522.0,86527.1,3.29493
1790941080000,86527.1,86527.1,86501.55,86502.0,9.30494
1790941140000,86502.0,86503.43,86497.49,86497.49,7.46756
1790941200000,86497.5,86497.5,86462.58,86462.58,8.54547
1790941260000,86462.58,86490.63,86442.77,86474.01,10.59202
1790941320000,86474.01,86495.36,86474.0,86495.36,4.22699
1790941380000,86495.36,86509.85,86476.0,86476.01,6.4261
1790941440000,86476.0,86498.01,86450.12,86497.53,35.98601
1790941500000,86497.53,86514.85,86480.0,86514.85,9.15145
1790941560000,86514.85,86521.52,86511.57,86516.72,6.67398
1790941620000,86516.72,86516.73,86490.98,86490.98,10.54782
1790941680000,86490.98,86508.72,86490.98,86494.75,5.73348
1790941740000,86494.75,86496.01,86467.34,86496.0,11.37559
1790941800000,86496.0,86507.0,86496.0,86507.0,5.54947
1790941860000,86507.0,86530.01,86507.0,86530.01,1.46656
1790941920000,86530.01,86562.5,86530.0,86543.45,6.7303
1790941980000,86543.44,86543.45,86490.17,86490.17,9.64142
1790942040000,86490.17,86504.01,86490.17,86492.5,8.39918
1790942100000,86492.5,86492.5,86431.59,86431.59,12.14926
1790942160000,86431.01,86454.01,86431.0,86454.01,5.01446
1790942220000,86454.0,86467.29,86440.28,86449.99,10.8777
1790942280000,86450.0,86450.0,86444.06,86444.07,4.67743
1790942340000,86444.06,86445.04,86424.85,86424.85,6.59677
1790942400000,86424.85,86424.85,86380.0,86408.01,9.62781
1790942460000,86408.01,86408.01,86340.06,86344.01,11.14887
1790942520000,86344.0,86344.01,86308.0,86309.23,13.29316
1790942580000,86309.22,86358.01,86309.22,86323.54,7.49013
1790942640000,86323.55,86378.01,86323.55,86378.01,3.84485
1790942700000,86378.0,86426.08,86378.0,86378.0,12.37807
1790942760000,86378.01,86426.08,86378.0,86426.07,5.90524
1790942820000,86426.07,86456.01,86426.07,86456.01,3.94728
1790942880000,86456.0,86460.01,86436.01,86460.0,3.71052
1790942940000,86460.01,86472.01,86450.0,86450.0,4.66413
1790943000000,86450.0,86476.01,86444.6,86476.01,6.51329
1790943060000,86476.01,86483.2,86466.54,86466.55,3.65861
1790943120000,86466.55,86466.55,86410.41,86426.01,9.76917
1790943180000,86426.0,86426.0,86390.17,86410.16,7.14847
1790943240000,86410.15,86412.01,86391.47,86406.03,11.61176
1790943300000,86406.02,86470.01,86398.29,86462.6,7.99879
1790943360000,86462.61,86518.01,86462.6,86498.03,8.87429
1790943420000,86498.02,86538.01,86492.47,86533.21,11.17071
1790943480000,86533.21,86544.01,86525.94,86536.0,10.36632
1790943540000,86536.01,86583.86,86536.0,86561.34,16.13934
1790943600000,86561.34,86594.01,86560.4,86594.01,5.34284
1790943660000,86594.0,86608.01,86592.69,86599.8,9.42916
1790943720000,86599.81,86650.0,86599.8,86649.99,9.70481
1790943780000,86649.99,86650.0,86570.0,86572.01,21.40153
1790943840000,86572.0,86606.01,86524.56,86561.39,15.09546
1790943900000,86561.39,86662.01,86549.51,86652.06,26.52868
1790943960000,86652.06,86652.08,86598.0,86635.0,23.49736
1790944020000,86634.99,86649.46,86617.99,86640.0,12.36186
1790944080000,86640.01,86640.01,86574.0,86594.01,39.97127
1790944140000,86594.01,86646.01,86594.01,86616.35,17.82341
1790944200000,86616.35,87000.0,86536.0,86951.03,687.11929
1790944260000,86951.04,87220.0,86748.51,86773.61,255.39174
1790944320000,86773.6,86927.01,86762.34,86859.85,34.1703
1790944380000,86859.85,86862.45,86661.67,86762.52,59.83457
1790944440000,86762.51,86864.26,86655.29,86829.4,61.2432
1790944500000,86829.39,86875.11,86760.12,86817.86,36.25804
1790944560000,86817.86,86999.87,86760.12,86950.44,21.03379
1790944620000,86950.44,86975.4,86911.58,86920.42,25.46426
1790944680000,86920.41,86920.42,86824.56,86824.58,23.01766
1790944740000,86824.57,86860.61,86761.27,86787.06,18.05458
1790944800000,86787.07,86796.14,86691.96,86754.01,34.62745
1790944860000,86754.01,86761.02,86547.66,86572.01,29.92692
1790944920000,86572.01,86628.01,86512.0,86564.0,21.99411
1790944980000,86564.0,86564.0,86412.04,86444.01,56.08316
1790945040000,86444.01,86565.4,86441.37,86476.0,27.63023
1790945100000,86476.01,86574.01,86456.0,86570.0,14.02594
1790945160000,86570.01,86692.74,86570.0,86687.23,12.07538
1790945220000,86687.23,86748.86,86640.37,86748.86,12.57776
1790945280000,86748.85,86754.25,86729.14,86730.61,10.57779
1790945340000,86730.61,86769.36,86665.57,86671.14,12.33936
1790945400000,86671.14,86784.71,86631.28,86726.25,25.91646
1790945460000,86726.24,86726.25,86643.26,86680.01,8.99305
1790945520000,86680.0,86777.98,86680.0,86746.29,20.79435
1790945580000,86746.29,86766.79,86736.0,86742.01,5.21604
1790945640000,86742.01,86790.01,86742.01,86790.01,2.93207
1790945700000,86790.01,86876.28,86790.01,86872.0,14.43961
1790945760000,86872.0,86900.65,86860.0,86866.96,71.10546
1790945820000,86866.96,86866.96,86808.0,86843.86,13.301
1790945880000,86843.85,86850.01,86836.0,86846.0,5.83031
1790945940000,86846.0,86847.7,86806.0,86810.0,9.32966
1790946000000,86810.01,86811.4,86768.0,86809.75,11.49943
1790946060000,86809.75,86921.54,86809.74,86900.75,11.30914
1790946120000,86900.74,86936.25,86858.0,86870.51,18.1515
1790946180000,86870.5,86916.75,86858.66,86916.75,8.6392
1790946240000,86916.74,86949.61,86916.74,86917.4,16.04951
1790946300000,86917.4,86941.9,86838.0,86841.39,14.90511
1790946360000,86841.38,86852.01,86800.0,86800.01,9.9051
1790946420000,86800.01,86807.57,86756.79,86782.01,11.8844
1790946480000,86782.01,86805.01,86742.95,86742.96,14.032
1790946540000,86742.95,86775.15,86738.54,86750.49,8.24773
1790946600000,86750.5,86774.26,86750.49,86767.95,4.45672
1790946660000,86767.94,86767.95,86704.0,86706.93,33.75397
1790946720000,86706.93,86709.75,86672.0,86696.7,22.85635
1790946780000,86696.7,86696.71,86672.0,86687.36,19.35608
1790946840000,86687.35,86734.56,86687.35,86692.0,11.86402
1790946900000,86692.01,86692.01,86630.0,86676.01,11.51027
1790946960000,86676.01,86727.3,86676.0,86727.29,5.09691
1790947020000,86727.3,86757.42,86688.13,86691.35,11.12152
1790947080000,86691.36,86708.01,86666.01,86666.02,6.86014
1790947140000,86666.02,86712.01,86664.64,86697.09,5.6377
1790947200000,86697.08,86736.0,86678.96,86735.99,9.2688
1790947260000,86736.0,86752.0,86702.51,86702.51,6.06701
1790947320000,86702.52,86725.87,86682.0,86717.76,4.90402
1790947380000,86717.76,86717.76,86684.0,86707.1,6.79616
1790947440000,86707.09,86707.1,86685.11,86694.0,6.10133
1790947500000,86694.0,86720.0,86668.79,86692.01,15.40095
1790947560000,86692.0,86696.79,86604.0,86617.99,14.03995
1790947620000,86617.99,86638.01,86600.0,86629.6,12.51611
1790947680000,86629.6,86674.68,86629.6,86641.9,6.38276
1790947740000,86641.91,86641.91,86606.58,86606.58,6.40157
1790947800000,86606.58,86660.01,86574.0,86660.0,15.91238
1790947860000,86660.01,86786.01,86628.9,86784.0,18.62739
1790947920000,86784.01,86868.01,86784.0,86841.18,31.84524
1790947980000,86841.18,86872.01,86811.34,86846.01,13.8612
1790948040000,86846.01,86928.01,86811.06,86908.0,17.84115
1790948100000,86908.0,87036.22,86906.0,86968.0,28.09768
1790948160000,86968.0,87076.92,86968.0,87076.92,25.73795
1790948220000,87076.91,87150.0,87043.64,87053.18,27.74316
1790948280000,87053.17,87149.99,86941.92,86986.0,106.08514
1790948340000,86986.01,87120.18,86974.0,87090.0,30.48717
1790948400000,87090.01,87120.0,87055.77,87055.77,22.42906
1790948460000,87055.77,87057.18,86942.0,86966.0,51.35675
1790948520000,86966.0,86966.0,86837.77,86858.0,35.43096
1790948580000,86858.01,86970.01,86845.83,86877.44,21.94114
1790948640000,86877.44,86928.01,86850.36,86900.31,23.7485
1790948700000,86900.84,86974.01,86900.84,86974.01,14.85262
1790948760000,86974.0,86996.01,86890.0,86943.12,36.39041
1790948820000,86943.12,86971.63,86908.42,86942.01,17.09708
1790948880000,86942.0,86942.01,86720.77,86848.02,48.87333
1790948940000,86848.01,86943.92,86848.01,86864.99,36.13067
1790949000000,86864.99,86870.01,86703.9,86732.0,35.80786
1790949060000,86732.01,86742.01,86660.09,86660.1,33.68889
1790949120000,86660.1,86752.01,86660.09,86750.0,24.72631
1790949180000,86750.01,86804.01,86719.52,86802.0,14.03182
1790949240000,86802.01,86810.01,86672.0,86672.0,17.3667
1790949300000,86672.0,86700.01,86622.83,86696.01,26.85679
1790949360000,86696.0,86742.01,86620.0,86620.01,27.89454
1790949420000,86620.0,86638.01,86465.72,86578.12,64.24789
1790949480000,86578.13,86628.01,86530.92,86628.01,27.24609
1790949540000,86628.0,86640.01,86562.0,86565.05,12.71165
1790949600000,86565.06,86584.01,86501.0,86576.0,15.87036
1790949660000,86576.0,86630.72,86504.7,86630.71,14.54752
1790949720000,86630.72,86722.01,86624.0,86694.01,14.67561
1790949780000,86694.0,86736.01,86644.0,86696.66,19.14755
1790949840000,86696.66,86817.53,86696.66,86817.53,17.20287
1790949900000,86817.53,86838.01,86741.89,86741.89,116.22608
1790949960000,86741.89,86744.68,86640.0,86640.0,15.66183
1790950020000,86640.0,86640.01,86522.53,86526.7,41.346
1790950080000,86526.71,86560.0,86483.44,86560.0,40.26254
1790950140000,86560.0,86632.01,86538.59,86538.59,19.8825
1790950200000,86538.6,86558.01,86418.2,86443.89,25.03584
1790950260000,86443.88,86479.67,86291.75,86350.01,56.65003
1790950320000,86350.0,86460.94,86332.93,86393.42,41.19993
1790950380000,86393.43,86437.71,86388.95,86430.72,24.59135
1790950440000,86430.72,86430.72,86350.0,86356.0,38.78593
1790950500000,86356.0,86360.16,86283.85,86299.13,38.29432
1790950560000,86299.13,86348.47,86235.36,86324.67,43.89756
1790950620000,86324.67,86438.71,86324.67,86438.71,26.38093
1790950680000,86438.71,86556.94,86438.71,86453.57,24.11676
1790950740000,86453.57,86554.01,86453.57,86536.0,20.68699
1790950800000,86536.0,86556.0,86500.53,86554.05,27.04944
1790950860000,86554.04,86645.83,86538.0,86645.82,14.10234
1790950920000,86645.82,86645.82,86510.17,86578.0,29.3744
1790950980000,86577.99,86578.0,86532.0,86557.17,21.5113
1790951040000,86557.17,86594.53,86523.15,86523.15,18.46704
1790951100000,86523.15,86523.16,86397.92,86397.93,30.98309
1790951160000,86397.93,86397.93,86322.0,86322.0,34.74118
1790951220000,86322.0,86354.01,86158.18,86180.0,54.47558
1790951280000,86180.0,86245.3,86166.49,86219.88,23.43575
1790951340000,86219.88,86219.88,86077.31,86081.86,41.57768
1790951400000,86081.86,86100.0,86016.77,86085.27,31.56833
1790951460000,86085.26,86146.6,86062.82,86087.25,31.96266
1790951520000,86087.25,86171.59,86020.85,86124.02,34.15666
1790951580000,86124.01,86124.02,85978.13,86054.01,58.21043
1790951640000,86054.01,86058.28,85691.68,85811.65,153.26819
1790951700000,85811.65,85979.77,85793.85,85956.21,69.05309
1790951760000,85956.21,85979.77,85886.0,85975.88,29.06213
1790951820000,85975.89,85979.77,85780.0,85786.66,37.18741
1790951880000,85786.67,85954.01,85776.6,85919.26,35.67033
1790951940000,85919.25,85986.01,85919.25,85986.0,18.12732
1790952000000,85986.01,85989.06,85939.78,85986.63,26.66377
1790952060000,85986.62,86009.57,85931.01,86009.57,18.71237
1790952120000,86009.56,86050.73,86001.0,86002.01,123.11968
1790952180000,86002.01,86010.0,85978.21,86003.19,32.50541
1790952240000,86003.2,86003.2,85884.0,85954.0,41.64966
1790952300000,85954.0,85970.01,85883.3,85883.3,27.07305
1790952360000,85883.3,85975.23,85883.3,85967.7,17.39872
1790952420000,85967.7,86037.93,85952.18,86034.01,22.52547
1790952480000,86034.01,86055.47,86031.31,86055.46,8.54573
1790952540000,86055.46,86056.0,85992.0,85996.33,11.59683
1790952600000,85996.33,85996.34,85933.35,85942.0,15.01577
1790952660000,85942.01,85942.01,85850.0,85875.99,17.34563
1790952720000,85875.99,85876.0,85705.45,85818.0,44.76928
1790952780000,85818.01,85846.01,85744.78,85747.89,27.04373
1790952840000,85747.89,85747.9,85523.96,85530.33,82.32151
1790952900000,85530.34,85639.29,85394.44,85628.79,89.31834
1790952960000,85628.78,85693.99,85541.16,85693.98,40.42648
1790953020000,85693.98,85743.81,85675.92,85732.83,23.70809
1790953080000,85732.82,85742.16,85688.57,85691.32,24.68786
1790953140000,85691.32,85712.68,85647.71,85686.93,18.13362
1790953200000,85686.93,85758.81,85672.55,85680.01,28.92092
1790953260000,85680.0,85710.87,85654.5,85697.13,15.39224
1790953320000,85697.14,85714.01,85600.0,85610.86,15.22643
1790953380000,85610.1,85639.2,85564.0,85594.3,10.56107
1790953440000,85594.3,85626.78,85546.94,85575.05,10.11737
1790953500000,85575.06,85599.35,85432.3,85462.75,38.01484
1790953560000,85462.74,85494.01,85431.11,85493.88,50.05807
1790953620000,85493.87,85513.52,85366.0,85370.86,41.24955
1790953680000,85370.86,85518.0,85370.02,85516.01,38.89823
1790953740000,85516.02,85572.0,85456.0,85528.01,41.37895
1790953800000,85528.02,85610.0,85515.66,85599.99,33.47591
1790953860000,85600.0,85624.0,85549.39,85585.07,14.54229
1790953920000,85585.06,85609.55,85498.0,85509.71,16.23965
1790953980000,85509.72,85592.01,85487.43,85592.01,11.63679
1790954040000,85592.01,85639.2,85592.0,85639.2,8.52334
1790954100000,85639.19,85688.03,85566.0,85566.01,24.82717
1790954160000,85566.0,85566.0,85466.0,85466.0,27.41606
1790954220000,85466.0,85538.98,85464.82,85520.0,20.48275
1790954280000,85520.0,85605.94,85520.0,85605.94,5.85259
1790954340000,85605.93,85622.61,85542.46,85544.11,25.14902
1790954400000,85544.1,85573.77,85500.0,85500.01,26.95394
1790954460000,85500.01,85572.01,85500.01,85534.0,14.25907
1790954520000,85534.01,85571.64,85492.35,85492.35,19.18438
1790954580000,85492.35,85502.0,85473.0,85484.77,17.93831
1790954640000,85484.77,85486.01,85354.27,85376.53,43.67843
1790954700000,85376.52,85394.01,85315.86,85374.0,22.82944
1790954760000,85374.01,85492.5,85358.01,85492.49,20.87677
1790954820000,85492.49,85550.01,85488.0,85532.0,11.59377
1790954880000,85532.01,85550.01,85520.53,85520.53,12.77831
1790954940000,85520.54,85520.54,85446.0,85484.01,13.30602
1790955000000,85484.0,85554.46,85459.34,85480.01,49.45651
1790955060000,85480.0,85544.01,85474.54,85483.3,21.12579
1790955120000,85483.31,85496.01,85414.01,85460.01,17.81429
1790955180000,85460.01,85532.52,85440.04,85522.01,10.89049
1790955240000,85522.0,85530.0,85420.44,85424.01,16.60333
1790955300000,85424.01,85526.01,85420.44,85502.0,29.65564
1790955360000,85502.01,85505.18,85446.01,85474.57,16.20023
1790955420000,85474.58,85510.0,85404.01,85418.0,17.7841
1790955480000,85418.01,85454.01,85400.0,85454.0,8.54018
1790955540000,85454.0,85454.0,85405.26,85428.01,11.229
1790955600000,85428.0,85428.0,85372.0,85384.01,18.05258
1790955660000,85384.0,85384.01,85325.96,85375.17,10.55926
1790955720000,85375.17,85440.01,85349.87,85440.0,22.44611
1790955780000,85440.01,85456.01,85341.49,85341.49,9.96761
1790955840000,85341.49,85354.01,85328.66,85341.49,5.49936
1790955900000,85341.5,85368.01,85324.46,85324.52,8.58896
1790955960000,85324.52,85341.52,85300.0,85325.44,13.48227
1790956020000,85325.44,85368.0,85325.43,85363.99,7.52646
1790956080000,85364.0,85450.0,85363.99,85396.01,9.82837
1790956140000,85396.0,85396.0,85352.0,85393.81,6.44261
1790956200000,85394.0,85432.0,85344.5,85364.0,14.67911
1790956260000,85364.0,85442.0,85364.0,85420.01,11.73096
1790956320000,85420.01,85420.01,85300.51,85320.72,17.51266
1790956380000,85320.73,85356.01,85296.7,85296.7,31.40406
1790956440000,85296.71,85340.01,85237.35,85258.04,22.86641
1790956500000,85258.04,85258.04,85162.9,85212.01,48.10674
1790956560000,85212.01,85282.0,85212.0,85268.01,11.19291
1790956620000,85268.01,85293.34,85268.0,85274.0,12.54539
1790956680000,85274.01,85307.53,85270.87,85288.01,7.65246
1790956740000,85288.01,85326.01,85274.01,85326.0,10.03239
1790956800000,85326.0,85367.89,85318.0,85358.02,17.28456
1790956860000,85358.02,85476.01,85358.02,85476.01,25.40295
1790956920000,85476.01,85508.0,85448.0,85460.85,28.21995
1790956980000,85460.84,85466.01,85408.96,85418.0,12.64365
1790957040000,85418.01,85480.17,85386.72,85480.17,7.75199
1790957100000,85480.7,85496.01,85400.0,85400.01,9.59568
1790957160000,85400.0,85423.53,85330.0,85344.0,13.10527
1790957220000,85344.0,85372.01,85278.0,85278.0,14.60809
1790957280000,85278.0,85331.83,85239.05,85316.01,18.05472
1790957340000,85316.0,85316.01,85264.0,85296.01,10.71565
1790957400000,85296.0,85311.22,85200.0,85210.0,17.44383
1790957460000,85210.01,85230.0,85142.85,85142.85,20.62574
1790957520000,85142.86,85184.01,85142.85,85151.94,13.8844
1790957580000,85151.94,85252.01,85148.0,85198.0,15.59776
1790957640000,85198.01,85232.01,85181.75,85208.01,6.21414
1790957700000,85208.01,85256.01,85200.01,85250.01,12.01258
1790957760000,85250.01,85283.39,85242.01,85283.39,21.81976
1790957820000,85283.39,85304.01,85266.0,85292.0,10.54313
1790957880000,85292.01,85339.37,85286.0,85286.01,9.51431
1790957940000,85286.01,85328.82,85286.01,85308.01,7.82071
1790958000000,85308.0,85312.71,85270.04,85303.49,5.7818
1790958060000,85303.5,85310.01,85274.0,85302.67,8.26758
1790958120000,85302.66,85302.67,85210.0,85241.07,12.26331
1790958180000,85241.07,85241.08,85168.0,85172.0,9.7365
1790958240000,85172.01,85202.01,85122.0,85162.01,13.46001
1790958300000,85162.01,85212.01,85152.07,85152.08,10.00986
1790958360000,85152.07,85190.01,85152.07,85169.38,4.4992
1790958420000,85169.37,85238.01,85164.04,85232.0,8.02169
1790958480000,85232.01,85232.01,85208.0,85223.48,4.22364
1790958540000,85223.48,85223.49,85178.69,85178.7,10.07463
1790958600000,85178.69,85230.01,85178.69,85224.0,4.54318
1790958660000,85224.01,85230.63,85168.0,85168.01,6.88884
1790958720000,85168.01,85176.01,85150.0,85172.0,12.26795
1790958780000,85172.01,85202.01,85172.01,85198.01,5.91571
1790958840000,85198.0,85238.01,85194.0,85194.0,8.77771
1790958900000,85194.01,85228.65,85190.01,85196.01,5.49024
1790958960000,85196.0,85196.01,85166.0,85172.0,8.90939
1790959020000,85172.01,85182.01,85132.0,85132.01,11.95695
1790959080000,85132.0,85162.01,85124.7,85127.99,9.18349
1790959140000,85127.99,85143.31,85113.78,85113.78,22.17723
1790959200000,85113.79,85135.95,85112.0,85124.0,6.76943
1790959260000,85124.01,85124.01,85064.05,85064.05,15.88599
1790959320000,85064.05,85073.54,85018.0,85073.54,17.09148
1790959380000,85073.55,85145.83,85073.55,85134.01,25.76722
1790959440000,85134.0,85192.0,85134.0,85192.0,6.14309
1790959500000,85192.0,85262.0,85192.0,85262.0,13.53166
1790959560000,85262.01,85296.97,85260.0,85260.0,10.43652
1790959620000,85260.01,85268.01,85236.01,85248.01,7.49428
1790959680000,85248.01,85264.01,85228.68,85236.0,7.00471
1790959740000,85236.01,85284.01,85234.0,85268.34,5.12677
1790959800000,85268.34,85268.34,85232.01,85256.01,7.19187
1790959860000,85256.01,85296.97,85182.0,85200.01,11.99051
1790959920000,85200.01,85204.01,85176.0,85176.0,6.39003
1790959980000,85176.0,85196.01,85164.22,85164.23,6.63993
1790960040000,85164.23,85184.01,85164.23,85170.0,4.26621
1790960100000,85170.01,85194.01,85164.22,85164.23,5.37348
1790960160000,85164.22,85164.22,85094.0,85132.0,19.35399
1790960220000,85132.0,85196.01,85132.0,85176.0,10.115
1790960280000,85176.0,85196.01,85170.0,85188.0,6.88723
1790960340000,85188.0,85188.0,85138.0,85160.01,5.98195
1790960400000,85160.0,85182.0,85146.01,85182.0,4.65976
1790960460000,85182.0,85258.01,85181.99,85258.01,23.26966
1790960520000,85258.0,85258.0,85249.47,85251.33,4.2567
1790960580000,85251.34,85251.34,85226.36,85230.01,3.26983
1790960640000,85230.01,85230.01,85190.0,85197.81,5.3733
1790960700000,85197.81,85220.01,85189.29,85206.01,4.83501
1790960760000,85206.01,85226.01,85132.28,85132.29,9.79469
1790960820000,85132.28,85144.01,85103.7,85110.01,13.0521
1790960880000,85110.0,85156.01,85105.36,85105.36,21.09019
1790960940000,85105.36,85114.01,85102.68,85114.01,12.72054
1790961000000,85114.0,85114.01,85097.87,85097.87,15.62169
1790961060000,85097.87,85097.88,85034.0,85062.01,23.44702
1790961120000,85062.02,85098.01,85048.0,85090.0,14.13977
1790961180000,85090.0,85090.01,85030.99,85034.7,11.80683
1790961240000,85034.71,85046.01,84914.07,84919.91,72.27327
1790961300000,84919.91,84948.7,84723.7,84735.16,72.02857
1790961360000,84735.16,84874.43,84718.85,84874.42,36.21366
1790961420000,84874.42,84897.99,84811.3,84833.99,17.41569
1790961480000,84834.0,84903.21,84833.99,84889.5,10.71507
1790961540000,84889.5,84958.65,84889.5,84950.01,12.56231
1790961600000,84950.01,84962.01,84887.44,84929.83,7.28656
1790961660000,84929.84,84931.47,84862.06,84931.47,10.23436
1790961720000,84931.47,84982.01,84931.47,84948.19,13.34208
1790961780000,84948.18,84948.19,84860.88,84867.83,4.77115
1790961840000,84867.84,84867.84,84300.0,84729.12,676.42738
1790961900000,84729.12,84732.55,84300.0,84704.34,626.08082
1790961960000,84703.85,84726.42,84653.13,84690.51,25.72349
1790962020000,84690.51,84695.96,84644.56,84676.21,15.26518
1790962080000,84676.21,84709.01,84672.0,84672.01,45.02767
1790962140000,84672.01,84672.01,84386.78,84584.74,156.05751
1790962200000,84584.75,84700.07,84367.13,84684.0,386.88123
1790962260000,84682.7,84770.84,84681.02,84690.13,355.51237
1790962320000,84690.13,84775.81,84668.64,84771.19,124.59363
1790962380000,84771.19,84785.5,84747.96,84764.53,20.91219
1790962440000,84764.52,84767.18,84764.52,84767.18,19.50245
1790962500000,84767.17,84767.17,84520.88,84719.77,153.13345
1790962560000,84719.76,84719.77,84684.3,84684.3,12.07041
1790962620000,84684.31,84706.26,84684.3,84696.85,7.40609
1790962680000,84696.85,84696.85,84648.59,84675.66,8.58354
1790962740000,84675.66,84675.66,84419.06,84557.7,163.20105
1790962800000,84557.71,84617.1,84557.7,84615.78,182.5879
1790962860000,84615.78,84631.29,84594.52,84611.67,9.36721
1790962920000,84611.67,84611.67,84497.86,84539.71,19.04535
1790962980000,84539.72,84581.99,84432.68,84581.99,43.25825
1790963040000,84581.99,84630.88,84581.98,84604.22,9.17309
1790963100000,84604.21,84634.61,84584.0,84584.01,11.60155
1790963160000,84584.01,84625.33,84584.0,84625.33,3.96505
1790963220000,84625.33,84653.03,84624.0,84633.08,13.7861
1790963280000,84633.08,84676.96,84633.07,84675.37,4.23318
1790963340000,84675.38,84746.45,84675.37,84744.46,19.08595
1790963400000,84744.45,84797.2,84686.0,84749.5,29.71052
1790963460000,84749.49,84792.01,84725.51,84792.0,10.12252
1790963520000,84792.0,84819.5,84772.27,84782.01,10.68104
1790963580000,84782.01,84805.29,84764.22,84764.23,5.42895
1790963640000,84764.22,84774.87,84750.0,84774.87,6.79038
1790963700000,84774.86,84774.87,84756.0,84759.99,3.98084
1790963760000,84759.99,84770.01,84759.99,84765.34,3.0578
1790963820000,84765.34,84790.01,84762.88,84762.9,5.04074
1790963880000,84762.89,84770.01,84753.58,84770.0,2.91122
1790963940000,84770.01,84818.01,84770.0,84774.75,13.15053
1790964000000,84774.75,84872.01,84768.0,84853.91,14.00962
1790964060000,84853.92,84863.63,84810.26,84830.3,10.28767
1790964120000,84830.3,84854.01,84829.51,84854.01,7.70938
1790964180000,84854.01,84870.49,84834.71,84834.71,8.139
1790964240000,84834.71,84872.01,84817.04,84864.01,9.57716
1790964300000,84864.01,84864.01,84827.9,84827.91,9.2658
1790964360000,84827.91,84856.0,84808.52,84849.83,22.28882
1790964420000,84849.84,84870.17,84833.26,84854.38,13.53138
1790964480000,84854.66,84854.67,84833.27,84845.11,8.42681
1790964540000,84845.11,84845.12,84796.0,84796.01,24.00421
1790964600000,84796.0,84820.01,84796.0,84811.14,4.3239
1790964660000,84811.13,84836.01,84811.13,84836.01,5.59056
1790964720000,84836.0,84851.89,84828.26,84828.26,6.88928
1790964780000,84828.26,84868.01,84820.0,84868.01,13.47174
1790964840000,84868.01,84900.0,84868.0,84891.22,12.5794
1790964900000,84891.21,84891.21,84851.89,84851.89,9.10927
1790964960000,84851.9,84851.9,84688.0,84688.01,72.50672
1790965020000,84688.01,84699.22,84646.0,84689.96,18.5853
1790965080000,84689.97,84742.63,84663.88,84663.89,11.2911
1790965140000,84663.89,84675.71,84658.68,84668.49,9.24816
1790965200000,84668.5,84687.0,84626.0,84639.82,16.0842
1790965260000,84639.82,84654.01,84629.14,84639.28,5.61866
1790965320000,84639.28,84639.28,84605.2,84617.99,12.81451
1790965380000,84617.99,84617.99,84567.08,84577.51,10.03757
1790965440000,84577.51,84601.31,84556.75,84601.3,7.48324
1790965500000,84601.31,84622.01,84583.77,84596.01,10.81402
1790965560000,84596.0,84596.01,84587.46,84587.47,2.8474
1790965620000,84587.47,84587.47,84570.09,84570.1,9.93794
1790965680000,84570.1,84596.01,84570.09,84596.01,7.34496
1790965740000,84596.0,84621.24,84596.0,84621.24,4.17965
1790965800000,84621.25,84636.4,84550.0,84550.0,8.79234
1790965860000,84550.0,84558.25,84539.84,84549.04,20.23908
1790965920000,84549.04,84574.01,84530.71,84572.0,3.86019
1790965980000,84572.0,84572.01,84516.66,84520.01,6.3282
1790966040000,84520.01,84534.0,84520.0,84521.35,4.85989
1790966100000,84521.36,84521.36,84390.0,84457.99,50.0004
1790966160000,84458.0,84500.3,84432.0,84500.3,8.78122
1790966220000,84500.3,84528.83,84470.0,84470.0,22.65739
1790966280000,84470.01,84470.01,84376.44,84379.17,10.77609
1790966340000,84379.18,84379.18,84062.99,84072.35,115.17799
1790966400000,84072.34,84214.74,83944.81,84195.17,167.88232
1790966460000,84195.16,84196.46,83994.98,84046.26,28.49284
1790966520000,84046.27,84120.15,83904.59,84100.82,40.89168
1790966580000,84100.82,84187.48,83932.12,83932.13,18.54594
1790966640000,83932.13,84040.72,83900.0,84040.72,32.74668
1790966700000,84040.88,84063.03,84000.0,84037.41,10.36649
1790966760000,84037.4,84073.11,83969.41,84057.0,22.54204
1790966820000,84056.99,84060.24,83888.0,83906.09,67.19404
1790966880000,83906.08,83988.13,83906.08,83986.57,18.88685
1790966940000,83986.58,84041.86,83986.58,84009.65,9.72518
1790967000000,84009.65,84042.04,84009.64,84038.01,10.64002
1790967060000,84038.01,84171.45,84028.96,84168.75,15.73944
1790967120000,84168.75,84260.25,84167.38,84248.55,24.78724
1790967180000,84248.55,84249.5,84139.62,84182.19,23.6491
1790967240000,84182.19,84218.57,84176.13,84218.57,4.98299
1790967300000,84218.75,84223.6,84155.53,84185.14,7.50391
1790967360000,84185.13,84185.13,84158.0,84175.09,5.38116
1790967420000,84175.09,84285.65,84175.08,84244.02,18.04183
1790967480000,84244.02,84296.01,84244.01,84290.0,7.13356
1790967540000,84290.01,84290.01,84262.01,84262.01,3.95782
1790967600000,84262.01,84300.0,84256.48,84286.0,13.66046
1790967660000,84286.0,84314.66,84285.99,84312.0,6.19226
1790967720000,84312.0,84315.44,84238.77,84242.34,16.77153
1790967780000,84242.34,84250.02,84196.0,84238.26,9.72638
1790967840000,84238.27,84275.18,84238.26,84246.01,13.21848
1790967900000,84246.0,84274.01,84238.59,84244.0,15.52715
1790967960000,84244.01,84244.01,84192.01,84202.72,11.24739
1790968020000,84202.73,84202.73,84150.0,84178.01,14.9417
1790968080000,84178.0,84183.71,84158.2,84171.95,15.23007
1790968140000,84171.96,84171.96,84116.86,84122.78,16.66674
1790968200000,84122.79,84145.24,84101.74,84115.5,10.24225
1790968260000,84115.5,84145.33,84100.0,84122.88,10.04188
1790968320000,84122.89,84122.89,84088.0,84089.84,15.3182
1790968380000,84089.84,84171.58,84082.41,84171.58,16.64516
1790968440000,84171.57,84171.58,84114.39,84129.76,10.2862
1790968500000,84129.76,84167.28,84080.18,84101.01,12.37674
1790968560000,84101.01,84101.01,83975.58,84037.33,52.2303
1790968620000,84037.33,84084.01,83996.0,84009.64,16.7608
1790968680000,84009.65,84090.01,83990.0,84090.01,6.66506
1790968740000,84090.01,84102.29,84051.25,84051.26,14.05087
1790968800000,84051.26,84063.99,84004.65,84004.66,8.94086
1790968860000,84004.65,84045.0,84000.0,84025.52,14.89958
1790968920000,84025.51,84076.7,84025.51,84070.93,50.30979
1790968980000,84070.94,84076.01,84028.0,84034.48,14.85557
1790969040000,84034.49,84170.96,84034.48,84170.0,27.82793
1790969100000,84170.01,84188.01,84118.0,84122.01,13.79716
1790969160000,84122.0,84162.74,84122.0,84126.01,10.10863
1790969220000,84126.01,84161.35,84106.19,84161.35,13.43074
1790969280000,84161.34,84180.01,84153.84,84180.01,12.43151
1790969340000,84180.01,84180.01,84122.23,84141.01,19.51193
1790969400000,84141.01,84188.3,84140.01,84179.84,11.79082
1790969460000,84179.85,84186.55,84168.0,84176.0,6.78205
1790969520000,84176.0,84176.0,84120.0,84136.0,12.38711
1790969580000,84136.0,84136.01,84101.01,84118.08,12.64673
1790969640000,84118.09,84166.32,84100.0,84166.32,15.71696
1790969700000,84166.31,84192.91,84166.31,84186.0,12.79923
1790969760000,84186.0,84224.01,84186.0,84204.01,12.35908
1790969820000,84204.0,84224.01,84204.0,84224.0,11.95581
1790969880000,84224.0,84224.0,84217.0,84217.0,14.67683
1790969940000,84217.01,84217.05,84217.0,84217.04,8.77282
1790970000000,84217.04,84224.01,84217.04,84224.0,9.72056
1790970060000,84224.0,84236.5,84224.0,84235.01,12.48747
1790970120000,84235.01,84239.76,84137.71,84154.49,186.33777
1790970180000,84154.49,84187.32,84154.49,84170.0,12.68091
1790970240000,84170.01,84186.01,84170.0,84186.01,10.75914
1790970300000,84186.01,84228.01,84186.01,84192.0,13.78139
1790970360000,84192.0,84234.5,84192.0,84234.5,10.76525
1790970420000,84234.5,84250.0,84199.58,84204.13,32.88058
1790970480000,84204.13,84204.14,84161.06,84168.01,15.39388
1790970540000,84168.0,84212.94,84168.0,84206.37,26.75476
1790970600000,84206.38,84226.01,84206.37,84206.38,16.23923
1790970660000,84206.39,84238.37,84206.39,84230.01,13.83468
1790970720000,84230.0,84230.01,84212.28,84224.0,7.87508
1790970780000,84224.0,84224.01,84190.0,84190.0,7.95824
1790970840000,84190.0,84226.03,84190.0,84205.42,50.78273
1790970900000,84205.42,84256.46,84205.42,84248.01,11.30415
1790970960000,84248.01,84248.01,84221.75,84223.35,7.79007
1790971020000,84223.36,84260.01,84223.35,84260.01,9.72632
1790971080000,84260.01,84322.89,84260.01,84308.95,11.96542
1790971140000,84308.95,84354.57,84268.5,84315.28,42.52676
1790971200000,84315.27,84371.06,84315.27,84371.06,16.29783
1790971260000,84371.05,84400.63,84368.98,84400.0,12.3577
1790971320000,84400.0,84401.97,84378.0,84378.0,12.63156
1790971380000,84378.0,84378.01,84342.0,84366.01,12.87774
1790971440000,84366.01,84384.01,84358.76,84384.0,8.18323
1790971500000,84384.01,84438.32,84384.0,84438.32,10.59001
1790971560000,84438.32,84474.82,84410.89,84410.89,32.62358
1790971620000,84410.89,84410.9,84384.0,84398.01,11.96791
1790971680000,84398.0,84404.01,84363.67,84390.32,9.51904
1790971740000,84390.31,84390.32,84358.76,84361.47,13.48547
1790971800000,84361.47,84364.01,84350.0,84364.01,8.78708
1790971860000,84364.01,84408.0,84364.01,84408.0,9.79381
1790971920000,84408.0,84421.71,84394.76,84394.77,5.09936
1790971980000,84394.77,84397.98,84358.76,84366.0,8.03458
1790972040000,84366.01,84378.01,84366.0,84374.01,3.3684
1790972100000,84374.0,84386.01,84374.0,84386.0,2.86198
1790972160000,84386.01,84386.01,84375.38,84375.39,5.52912
1790972220000,84375.38,84375.39,84373.78,84375.38,5.91973
1790972280000,84375.39,84375.39,84359.94,84368.01,6.94023
1790972340000,84368.01,84393.15,84368.01,84389.39,4.60865
1790972400000,84389.38,84389.38,84373.24,84380.0,4.21774
1790972460000,84380.01,84380.01,84370.96,84370.97,4.47932
1790972520000,84370.96,84375.55,84357.26,84375.55,10.11471
1790972580000,84375.54,84491.18,84375.54,84491.17,18.82535
1790972640000,84491.17,84528.51,84462.0,84522.0,24.08503
1790972700000,84522.0,84531.99,84488.3,84521.74,14.01856
1790972760000,84521.74,84530.01,84521.74,84528.64,3.96861
1790972820000,84528.64,84528.64,84408.0,84424.01,19.33538
1790972880000,84424.0,84424.01,84347.08,84363.27,8.16354
1790972940000,84364.01,84364.01,84348.0,84348.0,4.41924
1790973000000,84348.0,84357.72,84342.0,84357.72,5.5185
1790973060000,84357.72,84402.76,84356.0,84402.74,11.82936
1790973120000,84402.75,84428.0,84402.74,84428.0,3.4565
1790973180000,84428.0,84452.62,84427.99,84452.62,4.53414
1790973240000,84452.62,84452.62,84452.61,84452.62,1.20777
1790973300000,84452.61,84452.62,84414.0,84414.01,5.26443
1790973360000,84414.0,84429.93,84414.0,84429.92,1.99093
1790973420000,84429.93,84429.93,84429.92,84429.92,2.49863
1790973480000,84429.92,84435.97,84429.92,84435.96,1.91915
1790973540000,84435.96,84435.97,84434.0,84434.01,2.66133
1790973600000,84434.0,84434.0,84422.0,84422.0,5.24028
1790973660000,84422.0,84422.01,84289.4,84295.98,31.42035
1790973720000,84295.98,84295.98,84280.0,84282.86,9.51084
1790973780000,84282.86,84282.86,84232.01,84238.01,28.50135
1790973840000,84238.01,84238.01,84233.51,84238.01,7.19382
1790973900000,84238.01,84247.22,84238.0,84246.23,7.0066
1790973960000,84246.23,84370.0,84238.0,84370.0,40.25416
1790974020000,84370.0,84396.0,84358.47,84396.0,21.90691
1790974080000,84396.0,84396.01,84364.0,84364.0,14.92021
1790974140000,84364.0,84364.01,84358.0,84358.01,8.39538
1790974200000,84358.01,84418.02,84358.0,84418.02,7.00591
1790974260000,84418.02,84456.02,84398.0,84456.02,14.99726
1790974320000,84456.02,84475.23,84456.02,84475.23,4.91147
1790974380000,84475.23,84475.25,84448.0,84454.01,8.22478
1790974440000,84454.01,84454.01,84431.67,84431.68,5.13491
1790974500000,84431.68,84434.01,84386.0,84386.0,6.07565
1790974560000,84386.0,84393.99,84386.0,84393.99,2.17803
1790974620000,84393.99,84393.99,84388.0,84388.0,3.9771
1790974680000,84388.01,84448.28,84388.01,84446.95,13.52886
1790974740000,84446.94,84500.47,84434.0,84459.04,8.22022
1790974800000,84459.04,84482.0,84442.0,84482.0,6.78508
1790974860000,84482.0,84518.01,84481.99,84518.0,3.92494
1790974920000,84518.01,84544.46,84518.0,84524.57,11.39549
1790974980000,84524.56,84524.56,84506.37,84510.78,4.86648
1790975040000,84510.77,84510.78,84510.77,84510.78,2.20366
1790975100000,84510.78,84510.97,84510.77,84510.97,2.97224
1790975160000,84510.97,84516.01,84510.96,84513.38,4.36582
1790975220000,84513.39,84513.39,84494.48,84494.48,3.91566
1790975280000,84494.48,84498.09,84494.48,84498.09,2.00679
1790975340000,84498.08,84512.01,84498.08,84512.0,13.18866
1790975400000,84512.01,84520.01,84512.0,84520.01,2.1269
1790975460000,84520.0,84523.71,84520.0,84523.71,2.84426
1790975520000,84523.71,84523.71,84523.7,84523.7,1.23381
1790975580000,84523.7,84523.71,84498.08,84498.09,12.67477
1790975640000,84498.08,84498.09,84496.0,84496.0,2.36265
1790975700000,84496.0,84500.84,84496.0,84500.84,1.78136
1790975760000,84500.84,84500.84,84500.83,84500.83,0.86254
1790975820000,84500.84,84501.78,84500.83,84501.77,1.5301
1790975880000,84501.78,84509.71,84501.77,84509.71,2.59256
1790975940000,84509.71,84509.71,84494.01,84494.01,11.10425
1790976000000,84494.01,84494.01,84494.0,84494.01,1.72777
1790976060000,84494.01,84494.01,84491.52,84491.53,4.30093
1790976120000,84491.53,84491.53,84479.99,84480.0,14.5859
1790976180000,84480.0,84487.99,84479.99,84487.36,3.927
1790976240000,84487.37,84487.37,84487.36,84487.36,0.91647
1790976300000,84487.37,84491.16,84487.36,84487.37,11.99915
1790976360000,84487.36,84487.37,84431.79,84434.01,11.58639
1790976420000,84434.01,84442.01,84434.0,84442.01,4.64024
1790976480000,84442.01,84442.02,84434.26,84438.4,8.60225
1790976540000,84438.4,84438.4,84434.0,84434.01,2.43455
1790976600000,84434.0,84434.01,84422.01,84422.01,6.09914
1790976660000,84422.01,84429.4,84422.01,84429.4,2.78378
1790976720000,84429.4,84442.01,84429.07,84429.07,6.03255
1790976780000,84429.07,84442.02,84426.0,84442.0,5.29008
1790976840000,84442.01,84456.02,84433.98,84433.99,17.43537
1790976900000,84433.99,84456.01,84433.98,84456.01,3.21881
1790976960000,84456.01,84485.47,84456.0,84485.47,2.29234
1790977020000,84485.46,84512.6,84485.46,84512.59,5.1134
1790977080000,84512.59,84512.59,84494.0,84510.01,5.15676
1790977140000,84510.01,84544.46,84510.0,84544.46,6.5227
1790977200000,84544.45,84544.46,84520.57,84529.36,7.95546
1790977260000,84529.36,84544.46,84519.01,84532.0,7.01851
1790977320000,84532.01,84532.01,84532.0,84532.01,2.29947
1790977380000,84532.0,84544.46,84511.16,84511.16,7.56893
1790977440000,84511.16,84520.0,84511.16,84520.0,4.12054
1790977500000,84519.99,84532.17,84519.99,84532.16,3.04544
1790977560000,84532.17,84539.59,84532.16,84538.0,1.51005
1790977620000,84538.0,84539.94,84535.26,84539.94,4.28987
1790977680000,84539.93,84539.94,84504.98,84504.99,13.28258
1790977740000,84504.98,84515.37,84504.98,84515.36,13.52374
1790977800000,84515.36,84515.37,84500.0,84505.64,7.18072
1790977860000,84505.64,84523.35,84505.63,84523.35,4.91828
1790977920000,84523.35,84534.01,84523.34,84534.01,1.13895
1790977980000,84534.0,84537.3,84530.92,84537.3,11.95777
1790978040000,84537.3,84538.72,84513.99,84513.99,15.01356
1790978100000,84514.0,84523.64,84513.99,84516.01,5.55603
1790978160000,84516.01,84516.01,84516.0,84516.01,0.34478
1790978220000,84516.0,84523.99,84516.0,84523.99,5.32755
1790978280000,84523.99,84523.99,84523.98,84523.99,1.33453
1790978340000,84523.99,84531.85,84523.98,84531.69,3.1363
1790978400000,84531.68,84550.0,84531.68,84534.29,6.94422
1790978460000,84534.28,84540.01,84534.28,84536.0,2.81195
1790978520000,84536.0,84536.01,84476.35,84488.05,24.24361
1790978580000,84488.05,84518.01,84488.05,84512.25,4.86203
1790978640000,84512.25,84512.25,84488.0,84488.01,2.92316
1790978700000,84488.0,84488.01,84474.56,84474.57,1.33669
1790978760000,84474.56,84474.57,84460.0,84460.01,8.1032
1790978820000,84460.01,84496.01,84460.0,84496.0,3.79056
1790978880000,84496.01,84496.01,84486.0,84486.0,3.44063
1790978940000,84486.0,84486.01,84486.0,84486.01,2.18772
1790979000000,84486.01,84486.01,84480.0,84481.36,6.1564
1790979060000,84481.37,84481.37,84481.36,84481.37,2.42218
1790979120000,84481.37,84523.27,84481.37,84506.43,65.71605
1790979180000,84506.42,84537.45,84494.01,84530.0,111.02389
1790979240000,84530.0,84545.91,84530.0,84545.91,4.26049
1790979300000,84546.0,84550.0,84543.01,84543.02,5.80565
1790979360000,84543.01,84543.02,84534.35,84537.06,2.61079
1790979420000,84537.07,84554.01,84537.06,84554.01,4.72816
1790979480000,84554.0,84554.0,84541.97,84547.98,3.08115
1790979540000,84547.98,84547.99,84533.99,84546.03,20.23385
1790979600000,84546.03,84546.11,84534.35,84543.56,7.00878
1790979660000,84543.56,84554.36,84543.55,84554.0,6.4184
1790979720000,84554.0,84554.01,84554.0,84554.01,1.43949
1790979780000,84554.01,84554.01,84552.64,84553.9,3.04586
1790979840000,84553.9,84564.0,84553.89,84563.31,2.99815
1790979900000,84563.32,84567.22,84540.0,84540.01,10.75928
1790979960000,84540.01,84540.01,84510.0,84510.0,8.67088
1790980020000,84510.0,84510.0,84484.86,84492.01,7.27165
1790980080000,84492.01,84512.01,84492.0,84512.01,4.35718
1790980140000,84512.01,84550.01,84512.0,84525.01,28.43717
1790980200000,84525.02,84525.02,84525.01,84525.01,1.99867
1790980260000,84525.02,84534.99,84525.01,84534.98,2.91128
1790980320000,84534.99,84540.0,84534.98,84540.0,1.04728
1790980380000,84540.0,84540.0,84539.99,84540.0,1.96483
1790980440000,84540.0,84546.01,84539.99,84546.01,3.75568
1790980500000,84546.0,84546.01,84546.0,84546.01,0.83792
1790980560000,84546.0,84552.01,84546.0,84552.0,1.20608
1790980620000,84552.01,84558.7,84552.0,84558.7,2.832
1790980680000,84558.69,84558.7,84558.69,84558.7,0.93882
1790980740000,84558.7,84558.7,84514.83,84522.78,20.62716
1790980800000,84522.78,84522.78,84500.0,84500.01,3.48011
1790980860000,84500.01,84508.31,84499.99,84508.3,13.52885
1790980920000,84508.31,84513.3,84508.3,84513.3,1.09804
1790980980000,84513.29,84515.0,84509.96,84509.97,36.12013
1790981040000,84509.97,84528.64,84509.96,84510.0,92.91315
1790981100000,84510.0,84520.01,84492.93,84515.44,64.35581
1790981160000,84515.44,84520.0,84515.43,84520.0,1.42818
1790981220000,84519.99,84530.0,84519.99,84530.0,1.98868
1790981280000,84529.99,84530.0,84529.99,84530.0,7.21141
1790981340000,84530.0,84548.01,84529.99,84548.0,4.86881
1790981400000,84548.0,84548.0,84527.13,84527.14,13.39779
1790981460000,84527.14,84527.14,84527.13,84527.13,0.98933
1790981520000,84527.14,84557.97,84527.14,84541.27,5.45002
1790981580000,84541.27,84541.27,84525.98,84526.0,5.1545
1790981640000,84526.01,84533.02,84526.0,84533.02,1.34311
1790981700000,84533.02,84552.01,84533.02,84552.01,2.34496
1790981760000,84552.01,84552.01,84552.0,84552.01,1.26235
1790981820000,84552.01,84552.01,84552.0,84552.01,1.15966
1790981880000,84552.01,84560.0,84552.0,84560.0,0.80597
1790981940000,84559.99,84560.0,84559.99,84560.0,0.55429
1790982000000,84559.99,84561.32,84559.99,84561.32,0.87896
1790982060000,84561.32,84562.01,84540.0,84540.01,8.96958
1790982120000,84540.0,84542.74,84539.97,84542.74,4.7711
1790982180000,84542.73,84545.45,84542.73,84545.44,6.70331
1790982240000,84545.45,84545.46,84545.44,84545.45,1.34769
1790982300000,84545.46,84545.46,84528.0,84528.01,2.51475
1790982360000,84528.0,84528.01,84528.0,84528.01,0.81806
1790982420000,84528.01,84528.01,84528.0,84528.01,1.48951
1790982480000,84528.0,84528.01,84514.0,84514.01,2.94591
1790982540000,84514.0,84514.01,84500.0,84500.0,2.16081
1790982600000,84500.01,84500.01,84500.0,84500.01,1.63573
1790982660000,84500.0,84500.01,84490.0,84490.01,2.6421
1790982720000,84490.0,84490.01,84488.0,84488.01,1.7446
1790982780000,84488.0,84490.72,84488.0,84490.71,4.20458
1790982840000,84490.72,84490.72,84490.71,84490.72,0.82196
1790982900000,84490.72,84490.72,84490.71,84490.72,0.63489
1790982960000,84490.72,84492.78,84490.71,84492.54,2.72761
1790983020000,84492.53,84500.01,84492.53,84500.01,1.79134
1790983080000,84500.0,84502.01,84500.0,84502.01,0.4922
1790983140000,84502.0,84502.02,84490.48,84490.49,21.49457
1790983200000,84490.48,84498.0,84490.48,84497.99,2.43567
1790983260000,84498.0,84498.0,84497.99,84497.99,0.61296
1790983320000,84498.0,84498.0,84497.99,84498.0,0.58399
1790983380000,84498.0,84498.0,84497.99,84497.99,0.36258
1790983440000,84498.0,84502.01,84497.99,84502.01,5.18401
1790983500000,84502.01,84508.01,84502.0,84508.0,1.41681
1790983560000,84508.0,84536.01,84508.0,84536.0,4.69106
1790983620000,84536.01,84536.01,84536.0,84536.01,2.9614
1790983680000,84536.01,84550.02,84536.0,84550.01,2.60285
1790983740000,84550.02,84566.01,84550.01,84566.0,1.72157
1790983800000,84566.01,84566.01,84562.6,84562.6,22.57483
1790983860000,84562.61,84562.61,84562.0,84562.0,5.58434
1790983920000,84562.0,84562.01,84545.76,84545.76,7.46053
1790983980000,84545.77,84545.77,84519.35,84519.78,5.57588
1790984040000,84519.78,84528.0,84519.77,84528.0,5.76201
1790984100000,84528.0,84545.86,84527.99,84545.86,3.2007
1790984160000,84545.86,84545.86,84526.0,84526.0,6.27426
1790984220000,84526.01,84526.01,84526.0,84526.01,1.47321
1790984280000,84526.0,84526.01,84526.0,84526.01,0.62839
1790984340000,84526.01,84527.36,84526.0,84526.01,1.80557
1790984400000,84526.02,84538.01,84526.02,84538.01,1.43059
1790984460000,84538.0,84540.0,84538.0,84539.99,1.46979
1790984520000,84539.99,84544.01,84539.99,84544.01,2.11268
1790984580000,84544.01,84557.74,84544.0,84554.01,4.53144
1790984640000,84554.01,84590.01,84554.0,84579.39,102.98733
1790984700000,84579.39,84579.39,84570.07,84570.07,3.46697
1790984760000,84570.08,84570.08,84568.0,84568.0,1.92484
1790984820000,84568.0,84568.01,84568.0,84568.01,2.65196
1790984880000,84568.01,84580.01,84568.0,84575.67,24.82758
1790984940000,84575.68,84588.64,84568.0,84580.11,35.68773
1790985000000,84580.11,84580.12,84580.1,84580.12,2.00659
1790985060000,84580.11,84580.11,84559.41,84562.01,14.14485
1790985120000,84562.0,84562.01,84562.0,84562.0,1.49926
1790985180000,84562.01,84562.01,84532.01,84538.0,23.04361
1790985240000,84538.0,84540.0,84533.92,84539.99,22.93243
1790985300000,84540.0,84540.0,84528.1,84528.1,7.23127
1790985360000,84528.11,84528.11,84528.1,84528.11,1.43967
1790985420000,84528.1,84528.11,84514.02,84515.74,9.97407
1790985480000,84515.73,84518.01,84515.73,84518.01,5.37789
1790985540000,84518.01,84518.01,84518.0,84518.01,3.026
1790985600000,84518.0,84521.09,84518.0,84521.09,5.97045
1790985660000,84521.08,84521.09,84500.02,84500.02,5.28761
1790985720000,84500.02,84500.03,84500.02,84500.03,1.66633
1790985780000,84500.03,84500.03,84500.0,84500.01,4.81981
1790985840000,84500.01,84500.01,84466.01,84475.78,7.98237
1790985900000,84475.78,84475.79,84462.0,84462.0,4.64465
1790985960000,84462.01,84472.01,84461.33,84471.68,5.20403
1790986020000,84471.68,84471.69,84460.1,84460.11,2.47177
1790986080000,84460.1,84460.11,84458.88,84458.89,4.33266
1790986140000,84458.89,84458.89,84456.67,84456.67,1.38058
1790986200000,84456.67,84507.22,84456.02,84507.22,11.80085
1790986260000,84507.22,84507.22,84488.0,84488.0,4.55275
1790986320000,84488.01,84534.27,84488.0,84534.26,4.74476
1790986380000,84534.26,84534.27,84534.26,84534.26,0.41928
1790986440000,84534.26,84534.26,84509.81,84519.32,28.21824
1790986500000,84519.31,84561.77,84519.31,84552.51,3.05075
1790986560000,84552.52,84556.02,84550.0,84550.01,13.92036
1790986620000,84550.01,84550.01,84531.67,84531.68,5.44958
1790986680000,84531.67,84547.52,84531.67,84547.52,1.17332
1790986740000,84547.52,84547.52,84536.0,84536.01,1.47494
1790986800000,84536.01,84545.99,84536.0,84545.99,5.32796
1790986860000,84545.99,84545.99,84540.26,84540.26,2.88498
1790986920000,84540.27,84540.27,84540.26,84540.27,2.88102
1790986980000,84540.27,84540.27,84540.26,84540.27,3.77247
1790987040000,84540.27,84540.27,84540.26,84540.26,0.3489
1790987100000,84540.27,84540.28,84540.26,84540.27,2.40564
1790987160000,84540.27,84540.27,84540.26,84540.27,1.3276
1790987220000,84540.27,84540.27,84532.32,84538.01,14.4313
1790987280000,84538.01,84561.96,84538.0,84561.15,7.34461
1790987340000,84561.15,84571.03,84552.04,84558.69,5.09331
1790987400000,84558.68,84585.16,84558.68,84585.16,3.2257
1790987460000,84585.16,84597.15,84585.15,84594.44,6.78977
1790987520000,84594.44,84610.0,84594.44,84610.0,7.11276
1790987580000,84610.0,84617.54,84609.99,84617.54,6.04442
1790987640000,84617.53,84640.0,84617.53,84629.8,19.66816
1790987700000,84629.79,84629.8,84629.79,84629.8,1.19061
1790987760000,84629.8,84650.0,84626.11,84649.99,7.83493
1790987820000,84649.99,84650.0,84643.61,84646.34,6.07742
1790987880000,84646.35,84646.35,84585.73,84605.32,19.6562
1790987940000,84605.32,84624.63,84605.31,84624.63,2.65925
1790988000000,84624.63,84624.63,84605.32,84605.33,3.01815
1790988060000,84605.32,84609.24,84605.32,84606.82,1.14713
1790988120000,84606.82,84614.34,84606.81,84614.33,2.14301
1790988180000,84614.33,84620.0,84614.33,84620.0,3.27883
1790988240000,84620.0,84631.16,84619.99,84630.9,1.88322
1790988300000,84630.9,84630.91,84630.9,84630.9,0.61801
1790988360000,84630.91,84630.91,84630.9,84630.91,0.78075
1790988420000,84630.9,84636.93,84630.9,84636.93,2.61504
1790988480000,84636.93,84636.93,84636.92,84636.92,2.56645
1790988540000,84636.93,84660.0,84636.92,84660.0,6.483
1790988600000,84659.99,84686.28,84659.99,84686.28,12.22231
1790988660000,84686.28,84686.28,84676.03,84676.04,4.17377
1790988720000,84676.04,84676.04,84676.03,84676.04,3.15083
1790988780000,84676.03,84676.04,84676.03,84676.04,2.09227
1790988840000,84676.04,84676.04,84676.03,84676.04,3.89712
1790988900000,84676.04,84676.04,84666.0,84666.01,2.60644
1790988960000,84666.0,84666.01,84656.79,84656.8,2.96705
1790989020000,84656.79,84656.8,84656.79,84656.8,1.46102
1790989080000,84656.8,84656.8,84656.79,84656.79,4.86763
1790989140000,84656.8,84660.11,84656.79,84660.11,6.23191
1790989200000,84660.11,84660.11,84646.0,84646.0,8.24452
1790989260000,84646.0,84646.01,84640.28,84640.28,1.26882
1790989320000,84640.29,84640.29,84640.28,84640.29,2.49331
1790989380000,84640.29,84640.29,84631.72,84631.72,1.81008
1790989440000,84631.73,84665.85,84631.72,84652.01,14.6576
1790989500000,84652.01,84652.01,84641.6,84650.32,6.64422
1790989560000,84650.32,84663.94,84650.32,84663.94,1.93893
1790989620000,84663.94,84663.94,84663.93,84663.94,1.35359
1790989680000,84663.93,84683.91,84663.93,84683.91,2.48776
1790989740000,84683.9,84683.91,84683.9,84683.9,0.39764
1790989800000,84683.9,84683.91,84683.9,84683.91,1.44132
1790989860000,84683.9,84688.91,84673.05,84673.05,7.61231
1790989920000,84673.06,84673.06,84673.05,84673.05,0.57524
1790989980000,84673.05,84676.37,84669.28,84669.29,3.39277
1790990040000,84669.28,84669.29,84639.99,84651.8,16.6581
1790990100000,84651.79,84678.74,84651.79,84678.74,2.76928
1790990160000,84678.74,84706.21,84678.74,84698.89,7.93666
1790990220000,84698.89,84720.58,84636.0,84636.41,31.87712
1790990280000,84636.4,84636.4,84635.0,84635.01,2.20343
1790990340000,84635.01,84635.01,84635.0,84635.0,0.77927
1790990400000,84635.01,84635.01,84625.23,84625.24,2.06503
1790990460000,84625.23,84625.24,84612.61,84612.61,1.20345
1790990520000,84612.62,84612.62,84608.19,84608.19,1.71377
1790990580000,84608.19,84612.73,84608.19,84612.73,4.05622
1790990640000,84612.73,84634.56,84612.73,84619.24,5.40845
1790990700000,84619.23,84619.24,84619.23,84619.23,0.53159
1790990760000,84619.24,84619.24,84619.23,84619.23,0.62436
1790990820000,84619.24,84619.24,84613.23,84613.24,3.75221
1790990880000,84613.24,84614.6,84613.23,84614.59,3.10352
1790990940000,84614.59,84614.6,84614.59,84614.59,1.19711
1790991000000,84614.6,84620.01,84614.6,84620.01,2.24964
1790991060000,84620.01,84649.12,84620.0,84649.12,3.03225
1790991120000,84649.11,84669.73,84649.11,84656.66,3.9995
1790991180000,84656.66,84656.66,84636.66,84636.67,1.02087
1790991240000,84636.67,84636.67,84636.66,84636.67,1.4011
1790991300000,84636.67,84647.13,84636.66,84647.13,3.29357
1790991360000,84647.13,84652.14,84647.12,84647.12,3.97028
1790991420000,84647.13,84649.49,84647.13,84649.49,5.47862
1790991480000,84649.49,84649.49,84629.99,84629.99,9.28127
1790991540000,84630.0,84649.33,84629.99,84649.32,20.61236
1790991600000,84649.33,84649.33,84644.0,84644.0,1.68783
1790991660000,84644.01,84644.01,84622.85,84622.85,1.91172
1790991720000,84622.86,84635.9,84622.85,84635.89,1.6467
1790991780000,84635.9,84635.9,84627.16,84627.17,3.45078
1790991840000,84627.17,84627.17,84627.16,84627.16,0.54383
1790991900000,84627.17,84627.17,84627.16,84627.16,0.64479
1790991960000,84627.17,84648.83,84627.16,84648.82,1.96836
1790992020000,84648.82,84648.83,84648.82,84648.82,2.74524
1790992080000,84648.83,84648.83,84648.82,84648.83,0.77244
1790992140000,84648.83,84648.83,84642.19,84642.19,0.61088
1790992200000,84642.19,84642.2,84642.19,84642.19,0.74029
1790992260000,84642.19,84642.2,84625.21,84625.22,2.74879
1790992320000,84625.21,84625.22,84617.11,84617.11,1.33042
1790992380000,84617.11,84617.12,84613.98,84613.98,0.57638
1790992440000,84613.99,84613.99,84613.98,84613.99,0.85433
1790992500000,84613.99,84613.99,84613.98,84613.99,0.54313
1790992560000,84613.98,84613.99,84613.98,84613.99,1.19992
1790992620000,84613.99,84613.99,84613.98,84613.98,1.94047
1790992680000,84613.99,84640.01,84613.98,84640.0,17.89694
1790992740000,84640.0,84640.01,84640.0,84640.0,0.40263
1790992800000,84640.01,84640.01,84640.0,84640.01,3.77728
1790992860000,84640.01,84640.01,84640.0,84640.01,0.82368
1790992920000,84640.01,84640.01,84640.0,84640.01,2.5247
1790992980000,84640.01,84640.01,84640.0,84640.0,0.7505
1790993040000,84640.0,84640.01,84640.0,84640.0,0.49613
1790993100000,84640.0,84640.01,84640.0,84640.01,0.63927
1790993160000,84640.01,84640.01,84614.0,84614.01,8.97548
1790993220000,84614.0,84614.01,84612.0,84612.0,3.50503
1790993280000,84612.01,84612.01,84605.32,84605.32,4.99696
1790993340000,84605.33,84605.33,84605.32,84605.32,1.62333
1790993400000,84605.32,84605.33,84605.32,84605.32,1.0606
1790993460000,84605.32,84605.33,84605.32,84605.32,3.48287
1790993520000,84605.32,84612.01,84605.32,84612.0,2.32226
1790993580000,84612.01,84612.01,84612.0,84612.01,0.76472
1790993640000,84612.01,84614.0,84612.0,84614.0,4.92101
1790993700000,84614.0,84627.17,84613.99,84627.16,5.81604
1790993760000,84627.17,84627.17,84627.16,84627.17,1.92923
1790993820000,84627.16,84646.56,84627.16,84646.56,2.62786
1790993880000,84646.56,84658.71,84646.55,84658.71,1.29478
1790993940000,84658.71,84668.0,84658.7,84668.0,1.9889
1790994000000,84667.99,84669.06,84667.99,84669.05,2.39092
1790994060000,84669.05,84680.51,84669.05,84680.51,1.63114
1790994120000,84680.5,84680.52,84680.5,84680.52,5.94742
1790994180000,84680.51,84680.52,84654.01,84654.01,5.76056
1790994240000,84654.01,84654.02,84641.59,84641.6,2.46802
1790994300000,84641.6,84641.6,84641.59,84641.59,1.67644
1790994360000,84641.59,84656.01,84641.59,84656.01,15.73392
1790994420000,84656.01,84656.01,84656.0,84656.01,0.73039
1790994480000,84656.0,84656.01,84656.0,84656.01,1.79963
1790994540000,84656.01,84656.01,84641.51,84641.51,10.80769
1790994600000,84641.52,84641.52,84641.51,84641.52,0.66338
1790994660000,84641.51,84641.52,84641.51,84641.52,0.8291
1790994720000,84641.52,84650.01,84641.51,84650.01,3.12473
1790994780000,84650.01,84659.25,84650.0,84659.24,1.21418
1790994840000,84659.25,84659.25,84659.24,84659.25,2.64755
1790994900000,84659.25,84659.26,84659.24,84659.25,9.35383
1790994960000,84659.26,84663.22,84659.25,84663.22,4.61176
1790995020000,84663.21,84663.22,84663.21,84663.21,13.02893
1790995080000,84663.22,84663.22,84663.21,84663.22,1.75957
1790995140000,84663.21,84663.22,84663.21,84663.21,1.19366
1790995200000,84663.21,84663.22,84663.21,84663.22,1.33748
1790995260000,84663.21,84665.78,84663.21,84665.78,1.82023
1790995320000,84665.78,84701.38,84665.77,84699.99,4.5643
1790995380000,84699.99,84700.0,84684.0,84684.0,6.21193
1790995440000,84684.01,84684.01,84679.03,84679.04,2.77414
1790995500000,84679.03,84679.04,84673.63,84673.65,1.88595
1790995560000,84673.66,84673.66,84650.0,84650.0,17.01016
1790995620000,84650.01,84650.01,84650.0,84650.01,0.8458
1790995680000,84650.0,84650.01,84650.0,84650.0,1.66792
1790995740000,84650.0,84650.01,84650.0,84650.0,1.20249
1790995800000,84650.01,84653.84,84650.0,84650.0,9.85548
1790995860000,84650.0,84650.01,84623.41,84644.85,11.67549
1790995920000,84644.86,84644.86,84633.23,84634.6,4.19065
1790995980000,84634.6,84634.6,84634.59,84634.59,0.73004
1790996040000,84634.59,84634.6,84634.59,84634.59,6.51858
1790996100000,84634.6,84634.6,84634.59,84634.6,0.6591
1790996160000,84634.6,84634.6,84613.99,84614.0,3.44584
1790996220000,84613.99,84614.0,84604.0,84604.01,3.79096
1790996280000,84604.0,84604.01,84600.0,84600.01,0.96905
1790996340000,84600.0,84600.01,84600.0,84600.0,0.38852
1790996400000,84600.01,84600.01,84600.0,84600.0,0.64445
1790996460000,84600.01,84600.01,84600.0,84600.01,3.43565
1790996520000,84600.01,84614.01,84600.0,84614.0,6.41603
1790996580000,84614.01,84614.01,84614.0,84614.01,0.73122
1790996640000,84614.01,84614.01,84599.95,84599.95,10.73163
1790996700000,84599.96,84599.96,84564.05,84584.81,11.46365
1790996760000,84584.82,84584.82,84584.81,84584.82,0.87108
1790996820000,84584.82,84584.82,84584.81,84584.81,1.13705
1790996880000,84584.82,84584.82,84569.37,84570.56,5.05032
1790996940000,84570.56,84570.56,84570.55,84570.56,3.12221
1790997000000,84570.55,84570.56,84558.0,84558.01,5.38257
1790997060000,84558.01,84558.01,84532.77,84532.78,7.78203
1790997120000,84532.78,84532.78,84522.63,84522.64,1.19357
1790997180000,84522.64,84532.64,84522.63,84532.64,4.33631
1790997240000,84532.64,84532.64,84532.63,84532.64,0.64942
1790997300000,84532.64,84580.81,84532.63,84580.81,6.97857
1790997360000,84580.81,84603.11,84580.81,84603.11,2.10955
1790997420000,84603.11,84603.11,84603.1,84603.11,0.76632
1790997480000,84603.11,84603.11,84603.1,84603.1,0.47859
1790997540000,84603.11,84603.11,84589.97,84589.97,6.78352
1790997600000,84589.97,84589.98,84588.7,84588.7,1.18228
1790997660000,84588.7,84588.71,84588.7,84588.71,0.51852
1790997720000,84588.7,84588.7,84570.81,84570.82,5.18578
1790997780000,84570.82,84570.82,84570.81,84570.81,0.74671
1790997840000,84570.82,84578.7,84570.81,84578.69,4.53388
1790997900000,84578.7,84578.7,84578.69,84578.69,2.5151
1790997960000,84578.7,84599.99,84578.69,84599.98,9.07568
1790998020000,84599.99,84599.99,84594.0,84594.01,2.9369
1790998080000,84594.0,84594.01,84594.0,84594.01,0.48375
1790998140000,84594.0,84594.01,84594.0,84594.01,0.81011
1790998200000,84594.01,84595.37,84594.0,84595.36,1.12332
1790998260000,84595.36,84599.44,84595.36,84599.43,3.91287
1790998320000,84599.44,84599.44,84599.43,84599.44,0.37635
1790998380000,84599.43,84609.28,84599.43,84609.28,1.83185
1790998440000,84609.27,84616.01,84609.27,84616.01,3.05724
1790998500000,84616.01,84616.01,84616.0,84616.01,1.00481
1790998560000,84616.01,84616.01,84616.0,84616.0,0.79823
1790998620000,84616.01,84616.01,84616.0,84616.01,0.80222
1790998680000,84616.01,84616.01,84616.0,84616.0,1.24923
1790998740000,84616.01,84625.79,84616.0,84625.78,5.74235
1790998800000,84625.78,84625.8,84625.78,84625.79,9.11558
1790998860000,84625.8,84625.8,84625.79,84625.79,1.32546
1790998920000,84625.8,84640.01,84625.79,84640.01,4.9468
1790998980000,84640.01,84655.11,84640.0,84655.1,7.49478
1790999040000,84655.1,84655.4,84655.1,84655.4,2.12943
1790999100000,84655.39,84655.4,84655.39,84655.4,0.36058
1790999160000,84655.39,84655.4,84655.39,84655.39,1.59521
1790999220000,84655.39,84663.56,84655.39,84663.55,2.68666
1790999280000,84663.56,84669.05,84663.55,84664.01,16.61711
1790999340000,84664.0,84664.01,84664.0,84664.01,6.78752
1790999400000,84664.01,84664.01,84664.0,84664.0,1.45141
1790999460000,84664.01,84664.01,84664.0,84664.0,2.83047
1790999520000,84664.0,84664.01,84664.0,84664.01,3.66987
1790999580000,84664.01,84664.02,84664.01,84664.02,3.59278
1790999640000,84664.02,84664.02,84664.01,84664.02,0.69641
1790999700000,84664.01,84669.05,84664.01,84669.04,2.81088
1790999760000,84669.05,84670.0,84669.04,84669.99,0.70024
1790999820000,84670.0,84698.73,84669.99,84698.72,8.3669
1790999880000,84698.72,84698.73,84698.72,84698.72,4.5313
1790999940000,84698.72,84699.56,84698.72,84699.56,1.17012
1791000000000,84699.56,84699.56,84699.55,84699.55,3.37294
1791000060000,84699.56,84699.56,84699.55,84699.56,1.22325
1791000120000,84699.56,84711.33,84699.55,84711.32,1.57196
1791000180000,84711.32,84722.01,84711.32,84722.01,1.66422
1791000240000,84722.01,84725.04,84722.0,84725.04,2.29341
1791000300000,84725.03,84725.04,84706.92,84706.92,7.66435
1791000360000,84706.92,84706.92,84700.92,84700.92,1.70397
1791000420000,84700.93,84700.93,84700.92,84700.93,0.70994
1791000480000,84700.92,84700.93,84672.01,84672.01,3.48045
1791000540000,84672.02,84672.02,84664.0,84664.0,1.17249
1791000600000,84664.01,84664.01,84664.0,84664.01,0.49133
1791000660000,84664.0,84664.01,84664.0,84664.01,0.71107
1791000720000,84664.01,84664.01,84664.0,84664.01,0.55833
1791000780000,84664.01,84664.01,84663.63,84663.64,1.1836
1791000840000,84663.63,84663.64,84663.63,84663.64,0.5229
1791000900000,84663.63,84663.64,84653.84,84653.85,1.49097
1791000960000,84653.85,84653.85,84609.22,84609.22,4.9078
1791001020000,84609.23,84609.23,84597.41,84609.07,8.01919
1791001080000,84609.07,84609.07,84609.06,84609.06,1.11503
1791001140000,84609.07,84609.07,84600.0,84600.01,4.03674
1791001200000,84600.0,84600.0,84591.44,84591.44,2.45061
1791001260000,84591.45,84591.45,84591.43,84591.44,1.52588
1791001320000,84591.43,84591.44,84578.76,84578.77,1.70992
1791001380000,84578.77,84578.77,84578.76,84578.76,0.49115
1791001440000,84578.77,84591.44,84578.76,84591.44,6.30859
1791001500000,84591.43,84591.44,84576.0,84576.0,2.17721
1791001560000,84576.01,84576.01,84576.0,84576.0,0.71146
1791001620000,84576.0,84576.01,84544.01,84544.02,4.39589
1791001680000,84544.01,84544.02,84544.01,84544.02,0.65723
1791001740000,84544.02,84544.02,84527.99,84528.0,6.48352
1791001800000,84528.0,84536.59,84527.99,84536.59,12.94117
1791001860000,84536.59,84544.02,84536.58,84544.02,2.19835
1791001920000,84544.02,84559.87,84544.01,84559.86,3.6563
1791001980000,84559.86,84559.87,84558.0,84558.0,4.83164
1791002040000,84558.01,84558.01,84538.38,84538.38,2.18517
1791002100000,84538.38,84538.39,84538.38,84538.39,0.72421
1791002160000,84538.39,84538.39,84536.0,84536.01,2.84007
1791002220000,84536.01,84536.01,84536.0,84536.01,0.42773
1791002280000,84536.01,84536.01,84536.0,84536.01,1.86291
1791002340000,84536.01,84554.01,84536.0,84554.01,3.74391
1791002400000,84554.01,84554.01,84554.0,84554.0,0.8677
1791002460000,84554.01,84554.01,84549.26,84549.27,2.48396
1791002520000,84549.27,84549.27,84525.0,84525.0,4.71123
1791002580000,84525.0,84534.01,84525.0,84534.0,2.49933
1791002640000,84534.01,84550.01,84534.0,84550.01,1.80691
1791002700000,84550.01,84562.01,84550.0,84562.01,2.66653
1791002760000,84562.01,84569.98,84562.0,84569.97,1.44487
1791002820000,84569.98,84587.31,84569.98,84587.31,1.70348
1791002880000,84587.3,84595.01,84587.3,84595.0,1.00805
1791002940000,84595.0,84606.33,84595.0,84606.33,1.60519
1791003000000,84606.33,84606.33,84586.02,84586.02,3.73604
1791003060000,84586.03,84586.03,84576.0,84576.01,2.0334
1791003120000,84576.0,84588.01,84576.0,84588.0,1.57646
1791003180000,84588.01,84588.01,84588.0,84588.01,0.51543
1791003240000,84588.0,84588.01,84587.3,84587.31,0.74329
1791003300000,84587.3,84587.3,84587.28,84587.29,4.01255
1791003360000,84587.28,84587.29,84587.28,84587.29,0.47355
1791003420000,84587.28,84587.29,84574.52,84574.53,4.60729
1791003480000,84574.52,84577.24,84574.52,84577.24,2.85667
1791003540000,84577.24,84577.24,84577.23,84577.23,0.60662
1791003600000,84577.23,84577.24,84574.55,84574.56,4.13036
1791003660000,84574.55,84574.56,84557.55,84557.56,2.82024
1791003720000,84557.55,84557.56,84557.55,84557.55,0.94297
1791003780000,84557.56,84557.56,84553.14,84553.14,1.50136
1791003840000,84553.15,84562.01,84553.14,84562.01,5.33155
1791003900000,84562.0,84572.53,84562.0,84572.53,1.86345
1791003960000,84572.52,84572.53,84568.87,84568.88,1.12938
1791004020000,84568.87,84568.88,84564.97,84564.97,0.70478
1791004080000,84564.98,84564.98,84564.97,84564.98,1.37928
1791004140000,84564.98,84576.41,84564.97,84576.41,3.03858
1791004200000,84576.41,84584.01,84572.01,84572.02,3.98188
1791004260000,84572.02,84572.02,84572.01,84572.01,0.74882
1791004320000,84572.02,84572.02,84570.19,84570.2,1.79451
1791004380000,84570.19,84570.2,84570.19,84570.19,1.0671
1791004440000,84570.19,84570.2,84570.19,84570.19,1.2692
1791004500000,84570.2,84570.2,84570.19,84570.2,2.35294
1791004560000,84570.2,84570.2,84570.19,84570.2,0.98278
1791004620000,84570.2,84579.59,84570.19,84578.02,4.50072
1791004680000,84578.02,84583.99,84578.01,84583.99,4.61042
1791004740000,84583.99,84587.3,84583.98,84587.3,2.31958
1791004800000,84587.3,84587.3,84587.29,84587.3,2.51018
1791004860000,84587.29,84587.3,84587.29,84587.3,1.82104
1791004920000,84587.3,84610.13,84587.29,84610.13,7.55445
1791004980000,84610.12,84610.13,84610.12,84610.13,0.90926
1791005040000,84610.12,84610.13,84610.12,84610.13,0.67145
1791005100000,84610.13,84610.13,84610.12,84610.12,1.10526
1791005160000,84610.12,84610.13,84610.12,84610.13,1.16548
1791005220000,84610.12,84619.64,84610.12,84619.64,2.19777
1791005280000,84619.64,84619.64,84619.63,84619.64,0.93672
1791005340000,84619.63,84619.64,84619.63,84619.63,1.60684
1791005400000,84619.64,84625.28,84619.63,84625.27,0.82095
1791005460000,84625.28,84634.4,84625.27,84634.4,1.70922
1791005520000,84634.4,84634.41,84634.39,84634.41,1.51004
1791005580000,84634.41,84637.51,84634.4,84637.51,1.06072
1791005640000,84637.51,84637.51,84637.5,84637.51,1.37213
1791005700000,84637.51,84637.51,84637.43,84637.44,3.78573
1791005760000,84637.44,84637.44,84637.43,84637.43,0.70066
1791005820000,84637.43,84637.44,84637.43,84637.44,0.64615
1791005880000,84637.44,84637.44,84637.43,84637.44,0.71668
1791005940000,84637.44,84637.44,84637.43,84637.44,0.48908
1791006000000,84637.44,84637.44,84637.43,84637.43,0.84182
1791006060000,84637.44,84637.44,84637.43,84637.43,1.27932
1791006120000,84637.44,84637.44,84637.43,84637.44,1.22165
1791006180000,84637.44,84637.44,84637.43,84637.43,0.34862
1791006240000,84637.44,84637.44,84637.43,84637.43,1.43864
1791006300000,84637.44,84637.44,84637.43,84637.44,0.73548
1791006360000,84637.43,84637.44,84637.43,84637.44,0.52654
1791006420000,84637.44,84648.01,84637.43,84648.01,2.6091
1791006480000,84648.01,84654.01,84648.0,84651.47,1.61797
1791006540000,84651.47,84651.47,84651.46,84651.47,0.60113
1791006600000,84651.46,84651.47,84650.0,84650.0,1.9365
1791006660000,84650.0,84650.0,84646.9,84646.91,1.1108
1791006720000,84646.9,84646.91,84638.38,84638.39,1.66238
1791006780000,84638.38,84638.39,84628.64,84628.65,2.55127
1791006840000,84628.65,84652.01,84627.02,84652.01,35.9535
1791006900000,84652.0,84652.01,84652.0,84652.0,0.85926
1791006960000,84652.01,84652.01,84652.0,84652.01,1.0052
1791007020000,84652.01,84652.01,84647.96,84647.96,2.13854
1791007080000,84647.97,84647.97,84640.84,84640.84,1.75649
1791007140000,84640.85,84652.1,84636.48,84652.09,7.98705
1791007200000,84652.09,84659.23,84652.09,84659.23,1.23959
1791007260000,84659.23,84674.01,84659.22,84674.0,2.09151
1791007320000,84674.01,84674.01,84673.78,84673.78,1.73604
1791007380000,84673.78,84673.78,84668.15,84670.07,1.70059
1791007440000,84670.06,84670.07,84649.17,84649.96,12.76635
1791007500000,84649.95,84649.96,84638.01,84638.02,1.66829
1791007560000,84638.02,84644.01,84638.01,84644.0,1.36553
1791007620000,84644.0,84644.01,84644.0,84644.0,0.71396
1791007680000,84644.01,84656.0,84644.01,84655.99,1.50837
1791007740000,84655.99,84672.37,84649.8,84649.8,8.95561
1791007800000,84649.81,84649.81,84649.8,84649.8,1.1324
1791007860000,84649.8,84655.52,84649.8,84655.52,1.55384
1791007920000,84655.52,84656.01,84633.69,84638.01,14.79037
1791007980000,84638.0,84644.01,84630.01,84630.01,6.67452
1791008040000,84630.01,84630.01,84628.37,84628.37,7.88457
1791008100000,84628.37,84634.77,84628.37,84634.77,2.21485
1791008160000,84634.77,84634.77,84634.76,84634.76,0.62866
1791008220000,84634.77,84641.43,84634.76,84641.42,3.2342
1791008280000,84641.43,84655.17,84641.42,84655.17,2.42596
1791008340000,84655.17,84655.17,84655.16,84655.17,1.60187
1791008400000,84655.16,84655.17,84655.16,84655.17,0.43639
1791008460000,84655.16,84655.17,84655.16,84655.16,0.8994
1791008520000,84655.17,84660.0,84645.55,84645.56,7.307
1791008580000,84645.56,84645.56,84645.55,84645.55,0.70722
1791008640000,84645.56,84645.56,84645.55,84645.55,0.72263
1791008700000,84645.55,84645.56,84645.55,84645.56,0.61744
1791008760000,84645.56,84664.61,84645.56,84664.6,4.123
1791008820000,84664.61,84666.01,84664.61,84666.01,1.48708
1791008880000,84666.01,84668.03,84649.54,84649.55,4.20932
1791008940000,84649.54,84649.55,84649.54,84649.55,1.22819
1791009000000,84649.55,84654.43,84649.54,84654.43,4.12796
1791009060000,84654.43,84658.01,84652.01,84652.01,3.69439
1791009120000,84652.02,84660.56,84652.01,84660.55,2.84156
1791009180000,84660.55,84662.78,84660.55,84661.36,2.59787
1791009240000,84661.35,84661.35,84652.01,84652.02,2.32617
1791009300000,84652.02,84656.27,84652.01,84656.26,3.43579
1791009360000,84656.26,84656.26,84628.0,84638.22,6.93697
1791009420000,84638.22,84656.58,84638.22,84656.57,6.35044
1791009480000,84656.58,84664.0,84652.0,84652.01,5.08467
1791009540000,84652.01,84658.01,84652.0,84658.01,4.1265
1791009600000,84658.01,84659.39,84658.01,84659.39,2.69098
1791009660000,84659.39,84659.39,84659.38,84659.39,1.14921
1791009720000,84659.39,84659.39,84648.21,84648.21,5.41076
1791009780000,84648.21,84648.22,84626.37,84626.38,9.08626
1791009840000,84626.37,84660.01,84626.37,84652.82,51.20624
1791009900000,84652.82,84652.83,84643.22,84644.0,2.84498
1791009960000,84644.01,84644.01,84628.36,84628.37,5.4271
1791010020000,84628.37,84632.01,84628.37,84632.01,1.32671
1791010080000,84632.01,84632.01,84632.0,84632.0,0.6199
1791010140000,84632.0,84632.01,84568.53,84568.54,11.98523
1791010200000,84568.53,84568.54,84550.0,84557.84,10.08965
1791010260000,84557.85,84558.69,84557.84,84558.69,1.61565
1791010320000,84558.69,84592.01,84558.68,84592.0,2.58534
1791010380000,84592.01,84601.53,84588.0,84591.99,3.90314
1791010440000,84592.0,84592.0,84585.97,84585.97,4.74311
1791010500000,84585.98,84585.98,84585.97,84585.98,0.79173
1791010560000,84585.98,84585.98,84573.47,84573.48,2.27707
1791010620000,84573.47,84573.48,84573.47,84573.48,1.06542
1791010680000,84573.48,84573.48,84573.47,84573.48,0.45036
1791010740000,84573.48,84586.0,84570.01,84586.0,13.89522
1791010800000,84586.01,84586.01,84586.0,84586.01,1.5747
1791010860000,84586.01,84586.01,84586.0,84586.0,1.34827
1791010920000,84586.0,84586.01,84586.0,84586.01,0.51932
1791010980000,84586.0,84586.01,84586.0,84586.01,0.6254
1791011040000,84586.0,84586.01,84572.0,84574.74,3.66096
1791011100000,84574.75,84589.27,84574.74,84589.27,3.83148
1791011160000,84589.27,84589.27,84589.26,84589.26,0.54203
1791011220000,84589.26,84589.27,84589.26,84589.27,0.90233
1791011280000,84589.27,84589.27,84589.26,84589.27,0.6813
1791011340000,84589.27,84589.27,84589.26,84589.27,0.58422
1791011400000,84589.26,84589.27,84589.26,84589.27,0.56334
1791011460000,84589.27,84589.27,84589.26,84589.27,0.87632
1791011520000,84589.27,84600.0,84589.26,84600.0,17.74966
1791011580000,84599.99,84610.0,84599.99,84609.99,16.87387
1791011640000,84610.0,84610.0,84587.98,84587.99,34.88869
1791011700000,84587.99,84602.01,84587.98,84602.0,2.08148
1791011760000,84602.0,84610.0,84596.0,84602.01,5.09071
1791011820000,84602.01,84602.01,84602.0,84602.0,0.58851
1791011880000,84602.01,84610.0,84599.52,84599.52,9.17678
1791011940000,84599.52,84603.45,84591.7,84603.45,13.86937
1791012000000,84603.45,84603.45,84587.42,84587.43,16.24427
1791012060000,84587.43,84603.45,84572.07,84578.01,39.75709
1791012120000,84578.0,84586.01,84578.0,84586.0,1.45173
1791012180000,84586.01,84588.0,84586.0,84588.0,1.34009
1791012240000,84588.0,84597.08,84587.99,84597.08,1.70315
1791012300000,84597.08,84610.0,84597.07,84610.0,2.62878
1791012360000,84609.99,84610.0,84609.99,84610.0,0.89027
1791012420000,84610.0,84612.01,84609.99,84612.01,4.68017
1791012480000,84612.0,84612.01,84612.0,84612.01,0.71953
1791012540000,84612.01,84629.66,84612.0,84629.65,6.30462
1791012600000,84629.66,84638.01,84629.65,84638.01,2.72522
1791012660000,84638.01,84640.0,84638.0,84640.0,2.51703
1791012720000,84639.99,84648.01,84639.99,84648.01,11.61021
1791012780000,84648.0,84648.01,84640.39,84640.39,10.26709
1791012840000,84640.39,84640.4,84637.58,84637.59,3.95587
1791012900000,84637.58,84648.01,84629.65,84648.01,10.36742
1791012960000,84648.0,84648.01,84637.2,84638.56,6.44516
1791013020000,84638.56,84638.57,84632.21,84632.21,8.43033
1791013080000,84632.22,84638.0,84632.21,84637.99,2.27923
1791013140000,84637.99,84638.0,84627.48,84627.48,9.26062
1791013200000,84627.48,84627.49,84618.07,84618.07,2.50221
1791013260000,84618.08,84618.08,84609.06,84609.07,2.87255
1791013320000,84609.07,84609.07,84582.02,84588.74,5.92693
1791013380000,84588.74,84588.74,84584.39,84584.4,2.77232
1791013440000,84584.39,84584.4,84570.0,84570.01,7.32496
1791013500000,84570.0,84570.92,84570.0,84570.91,2.94077
1791013560000,84570.92,84605.2,84570.91,84580.0,12.62882
1791013620000,84580.01,84600.01,84580.0,84600.01,2.40836
1791013680000,84600.01,84609.06,84600.0,84609.06,1.38724
1791013740000,84609.06,84609.06,84600.0,84600.0,4.63592
1791013800000,84600.01,84609.07,84600.0,84609.06,3.13836
1791013860000,84609.07,84609.07,84597.84,84598.01,6.08248
1791013920000,84598.01,84598.01,84598.0,84598.0,1.57405
1791013980000,84598.0,84598.01,84566.11,84566.11,8.22163
1791014040000,84566.12,84600.04,84566.11,84600.04,21.49907
1791014100000,84600.03,84600.04,84582.05,84582.06,5.74966
1791014160000,84582.05,84587.33,84582.05,84587.33,4.10829
1791014220000,84587.33,84589.25,84587.32,84589.25,1.78446
1791014280000,84589.25,84589.25,84577.8,84577.81,6.12891
1791014340000,84577.8,84581.44,84560.0,84560.0,12.72788
1791014400000,84560.0,84596.01,84557.36,84596.01,7.87487
1791014460000,84596.01,84609.07,84594.0,84594.0,4.01266
1791014520000,84594.0,84606.66,84592.63,84597.54,3.39122
1791014580000,84597.55,84597.55,84592.0,84592.02,7.04415
1791014640000,84592.01,84594.72,84592.01,84594.71,0.83961
1791014700000,84594.72,84597.95,84594.71,84597.95,1.65073
1791014760000,84598.01,84614.01,84598.01,84614.0,1.3686
1791014820000,84614.01,84630.01,84614.01,84630.01,1.10823
1791014880000,84630.01,84642.01,84630.0,84642.01,1.41227
1791014940000,84642.01,84644.01,84631.63,84631.63,7.63975
1791015000000,84631.64,84638.0,84631.63,84637.99,0.81379
1791015060000,84637.99,84638.0,84637.99,84638.0,0.63922
1791015120000,84638.0,84643.46,84638.0,84643.46,1.45947
1791015180000,84643.46,84643.46,84643.45,84643.46,2.13143
1791015240000,84643.46,84643.46,84643.45,84643.46,0.53364
1791015300000,84643.46,84643.46,84638.06,84638.06,3.92032
1791015360000,84638.07,84638.07,84622.28,84624.0,6.1696
1791015420000,84624.01,84624.02,84624.0,84624.01,4.98326
1791015480000,84624.02,84624.02,84624.01,84624.01,0.92009
1791015540000,84624.01,84624.02,84624.01,84624.02,0.45001
1791015600000,84624.02,84624.02,84590.0,84590.01,6.38968
1791015660000,84590.01,84590.01,84590.0,84590.01,0.77873
1791015720000,84590.0,84590.12,84583.46,84590.12,17.24039
1791015780000,84590.11,84590.12,84590.01,84590.01,10.65864
1791015840000,84590.01,84590.02,84590.01,84590.02,1.27626
1791015900000,84590.01,84590.02,84576.01,84576.02,7.12388
1791015960000,84576.01,84576.02,84576.01,84576.01,1.61397
1791016020000,84576.01,84589.48,84570.0,84589.48,5.0115
1791016080000,84589.47,84607.02,84589.47,84607.01,5.8036
1791016140000,84607.02,84607.02,84589.87,84589.87,19.95686
1791016200000,84589.86,84589.87,84584.0,84584.01,1.93981
1791016260000,84584.0,84584.0,84573.41,84579.19,3.9864
1791016320000,84579.2,84579.2,84579.19,84579.2,2.48895
1791016380000,84579.2,84579.21,84579.2,84579.2,1.34718
1791016440000,84579.21,84590.0,84579.2,84590.0,9.33625
1791016500000,84589.99,84590.0,84589.99,84589.99,0.48039
1791016560000,84589.99,84600.01,84589.99,84600.0,1.07748
1791016620000,84600.01,84608.68,84600.0,84608.67,0.86855
1791016680000,84608.68,84610.0,84608.67,84610.0,1.04084
1791016740000,84609.99,84610.0,84609.99,84610.0,0.41046
1791016800000,84610.0,84610.0,84609.99,84609.99,0.38068
1791016860000,84610.0,84620.01,84609.99,84620.0,4.48139
1791016920000,84620.0,84623.61,84620.0,84623.6,0.76769
1791016980000,84623.61,84624.01,84623.6,84624.01,0.61442
1791017040000,84624.01,84625.63,84624.0,84625.63,0.60013
1791017100000,84625.63,84641.89,84625.63,84641.88,6.09567
1791017160000,84641.88,84641.89,84641.88,84641.89,1.61537
1791017220000,84641.89,84644.01,84631.33,84631.34,5.52772
1791017280000,84631.34,84631.34,84631.33,84631.34,1.23678
1791017340000,84631.34,84634.47,84631.33,84634.46,3.24041
1791017400000,84634.47,84640.49,84634.46,84640.48,3.45191
1791017460000,84640.48,84640.49,84640.48,84640.49,1.4922
1791017520000,84640.48,84640.49,84640.48,84640.48,0.78358
1791017580000,84640.48,84640.51,84640.48,84640.5,1.19024
1791017640000,84640.49,84640.62,84640.49,84640.62,1.83279
1791017700000,84640.62,84644.47,84640.61,84644.47,1.71691
1791017760000,84644.47,84644.47,84644.46,84644.46,0.98245
1791017820000,84644.47,84644.47,84644.46,84644.47,0.54575
1791017880000,84644.46,84644.47,84619.93,84619.99,26.22235
1791017940000,84619.99,84620.0,84614.99,84616.01,24.1093
1791018000000,84616.02,84624.04,84616.01,84624.03,2.29705
1791018060000,84624.04,84624.69,84624.03,84624.68,1.15296
1791018120000,84624.68,84628.0,84624.68,84627.99,1.8312
1791018180000,84627.99,84641.15,84627.99,84641.14,3.91125
1791018240000,84641.14,84641.15,84641.14,84641.15,4.0304
1791018300000,84641.15,84642.01,84641.14,84642.0,2.01838
1791018360000,84642.01,84642.01,84642.0,84642.0,0.59051
1791018420000,84642.01,84642.01,84642.0,84642.01,1.2752
1791018480000,84642.0,84643.25,84642.0,84642.01,0.6417
1791018540000,84642.02,84660.83,84642.01,84660.83,1.85831
1791018600000,84660.82,84660.83,84660.82,84660.83,1.2328
1791018660000,84660.82,84664.01,84660.82,84664.01,1.66349
1791018720000,84664.01,84665.88,84664.0,84665.88,0.64536
1791018780000,84665.87,84665.88,84653.07,84653.07,4.73813
1791018840000,84653.07,84653.08,84640.0,84640.01,3.1708
1791018900000,84640.01,84640.01,84624.68,84624.68,2.69952
1791018960000,84624.68,84624.69,84615.57,84615.57,2.01505
1791019020000,84615.58,84615.58,84615.57,84615.57,1.33646
1791019080000,84615.58,84616.01,84615.57,84616.01,0.97279
1791019140000,84616.01,84643.81,84610.0,84610.0,15.25292
1791019200000,84610.0,84610.01,84610.0,84610.0,1.62066
1791019260000,84610.01,84610.01,84610.0,84610.01,1.3682
1791019320000,84610.01,84610.01,84610.0,84610.0,1.01245
1791019380000,84610.01,84610.01,84610.0,84610.0,1.02427
1791019440000,84610.01,84610.01,84610.0,84610.01,0.87734
1791019500000,84610.0,84610.01,84610.0,84610.01,0.78316
1791019560000,84610.0,84610.01,84610.0,84610.01,1.04015
1791019620000,84610.01,84610.01,84610.0,84610.0,8.62965
1791019680000,84610.0,84610.01,84610.0,84610.0,0.94861
1791019740000,84610.01,84610.01,84598.05,84598.06,5.84605
1791019800000,84598.06,84598.06,84591.42,84591.43,5.91534
1791019860000,84591.42,84591.43,84591.42,84591.42,1.57371
1791019920000,84591.42,84591.43,84591.42,84591.43,1.77518
1791019980000,84591.42,84591.43,84591.42,84591.43,1.07338
1791020040000,84591.43,84591.43,84591.42,84591.43,1.19521
1791020100000,84591.43,84591.43,84591.42,84591.43,0.80372
1791020160000,84591.42,84591.43,84590.0,84590.01,3.39485
1791020220000,84590.01,84590.01,84590.0,84590.0,3.60203
1791020280000,84590.01,84590.01,84590.0,84590.0,1.03034
1791020340000,84590.01,84590.01,84590.0,84590.0,0.94807
1791020400000,84590.01,84590.01,84588.0,84588.01,2.08725
1791020460000,84588.01,84588.01,84588.0,84588.0,0.72196
1791020520000,84588.0,84588.01,84588.0,84588.0,0.72308
1791020580000,84588.0,84588.01,84588.0,84588.01,1.26453
1791020640000,84588.0,84590.06,84588.0,84590.06,7.15626
1791020700000,84590.06,84590.06,84590.05,84590.06,0.56262
1791020760000,84590.05,84590.06,84590.05,84590.06,1.31762
1791020820000,84590.05,84590.06,84590.05,84590.06,4.0103
1791020880000,84590.06,84590.06,84590.05,84590.06,0.63443
1791020940000,84590.06,84590.06,84590.05,84590.06,0.95162
1791021000000,84590.05,84590.06,84590.04,84590.04,7.67971
1791021060000,84590.05,84590.05,84590.04,84590.05,0.96324
1791021120000,84590.05,84590.05,84590.04,84590.05,0.35484
1791021180000,84590.05,84590.05,84590.04,84590.05,2.72086
1791021240000,84590.04,84590.05,84590.04,84590.04,0.99665
1791021300000,84590.05,84590.05,84590.04,84590.04,0.59313
1791021360000,84590.04,84600.01,84590.04,84600.0,7.76087
1791021420000,84600.0,84600.01,84579.99,84579.99,21.12235
1791021480000,84579.99,84600.01,84579.99,84600.01,11.6767
1791021540000,84600.01,84600.01,84600.0,84600.01,0.61232
1791021600000,84600.0,84600.01,84592.56,84592.56,7.3424
1791021660000,84592.57,84592.57,84592.56,84592.57,1.57032
1791021720000,84592.57,84592.57,84592.56,84592.56,0.71482
1791021780000,84592.56,84592.57,84592.56,84592.57,1.24467
1791021840000,84592.56,84620.01,84592.56,84620.01,53.36472
1791021900000,84620.01,84620.01,84611.0,84611.01,35.50411
1791021960000,84611.0,84611.01,84611.0,84611.01,0.64173
1791022020000,84611.0,84611.01,84590.63,84590.64,5.47007
1791022080000,84590.63,84590.64,84590.63,84590.63,2.13406
1791022140000,84590.64,84590.64,84590.63,84590.64,1.11182
1791022200000,84590.63,84590.64,84590.63,84590.63,0.53689
1791022260000,84590.64,84590.64,84590.63,84590.64,1.29037
1791022320000,84590.63,84590.64,84590.63,84590.63,1.67011
1791022380000,84590.64,84590.64,84590.63,84590.63,1.32782
1791022440000,84590.64,84590.64,84580.75,84580.76,11.92793
1791022500000,84580.76,84580.76,84580.75,84580.75,1.09161
1791022560000,84580.76,84580.76,84580.75,84580.75,0.9352
1791022620000,84580.75,84580.76,84580.75,84580.75,0.68423
1791022680000,84580.76,84580.76,84580.75,84580.75,6.22592
1791022740000,84580.75,84580.76,84574.0,84574.0,3.70549
1791022800000,84574.0,84574.01,84570.67,84570.68,2.6507
1791022860000,84570.68,84570.68,84570.67,84570.67,1.35482
1791022920000,84570.67,84570.68,84570.67,84570.68,0.74713
1791022980000,84570.68,84570.68,84570.67,84570.67,0.47019
1791023040000,84570.68,84574.74,84570.67,84574.74,5.50863
1791023100000,84574.74,84590.01,84574.73,84590.01,13.54829
1791023160000,84590.01,84590.01,84580.35,84582.26,16.44365
1791023220000,84582.25,84591.34,84582.25,84591.34,0.66807
1791023280000,84591.33,84611.01,84591.33,84611.01,1.25685
1791023340000,84611.0,84611.01,84574.72,84586.23,58.12616
1791023400000,84586.24,84586.24,84586.23,84586.24,4.11896
1791023460000,84586.24,84615.44,84586.23,84615.44,3.15614
1791023520000,84615.43,84615.44,84615.43,84615.43,0.5448
1791023580000,84615.44,84615.44,84605.92,84606.0,5.09183
1791023640000,84606.0,84606.0,84605.99,84605.99,0.36805
1791023700000,84605.99,84606.0,84605.99,84606.0,0.50195
1791023760000,84605.99,84606.0,84605.99,84606.0,1.9874
1791023820000,84606.0,84606.0,84605.99,84606.0,0.45302
1791023880000,84606.0,84606.0,84600.99,84600.99,6.01575
1791023940000,84601.0,84601.0,84600.99,84601.0,1.55473
1791024000000,84601.0,84601.0,84600.99,84601.0,15.53878
1791024060000,84601.0,84601.0,84600.99,84600.99,21.5778
1791024120000,84601.0,84601.0,84600.99,84601.0,0.48147
1791024180000,84601.0,84601.0,84600.99,84601.0,0.72073
1791024240000,84600.99,84601.0,84600.99,84601.0,0.75793
1791024300000,84601.0,84608.01,84600.99,84608.01,1.80792
1791024360000,84608.0,84613.93,84608.0,84613.93,2.89153
1791024420000,84613.93,84629.55,84613.92,84629.55,5.31456
1791024480000,84629.54,84629.55,84623.04,84623.05,7.68391
1791024540000,84623.05,84623.05,84623.04,84623.05,0.67271
1791024600000,84623.05,84623.05,84623.04,84623.05,0.59792
1791024660000,84623.05,84623.05,84623.04,84623.05,1.566
1791024720000,84623.05,84623.05,84623.04,84623.05,2.02146
1791024780000,84623.05,84627.68,84623.04,84627.68,1.25798
1791024840000,84627.68,84635.96,84627.67,84635.96,1.07472
1791024900000,84635.96,84635.96,84635.95,84635.96,1.01248
1791024960000,84635.95,84649.25,84635.95,84644.46,6.5468
1791025020000,84644.46,84644.47,84644.46,84644.46,0.38259
1791025080000,84644.46,84644.47,84644.46,84644.47,0.84567
1791025140000,84644.46,84644.47,84636.13,84636.13,4.79107
1791025200000,84636.13,84636.14,84636.13,84636.14,2.13624
1791025260000,84636.13,84636.14,84633.27,84633.27,1.45809
1791025320000,84633.28,84633.28,84633.27,84633.27,0.92588
1791025380000,84633.27,84633.28,84633.27,84633.28,0.53905
1791025440000,84633.27,84644.5,84616.03,84644.49,31.94838
1791025500000,84644.5,84644.5,84644.49,84644.49,0.78375
1791025560000,84644.5,84644.5,84644.49,84644.5,1.61528
1791025620000,84644.49,84644.5,84644.49,84644.49,1.50559
1791025680000,84644.5,84644.5,84644.49,84644.5,1.42047
1791025740000,84644.5,84644.5,84644.49,84644.5,4.39449
1791025800000,84644.5,84644.5,84638.42,84638.42,6.42348
1791025860000,84638.43,84638.43,84630.72,84630.73,2.56447
1791025920000,84630.72,84638.01,84630.72,84638.01,3.12723
1791025980000,84638.01,84638.01,84629.99,84630.0,4.65843
1791026040000,84630.0,84645.01,84629.99,84645.0,18.36659
1791026100000,84645.0,84645.01,84639.84,84639.84,2.63276
1791026160000,84639.84,84639.85,84636.12,84636.12,0.70963
1791026220000,84636.12,84636.13,84636.12,84636.13,0.8079
1791026280000,84636.12,84645.01,84636.12,84645.0,5.90966
1791026340000,84645.01,84645.01,84645.0,84645.01,0.47058
1791026400000,84645.01,84645.01,84640.67,84640.67,8.24748
1791026460000,84640.67,84640.68,84640.67,84640.68,0.76943
1791026520000,84640.68,84640.68,84636.12,84636.13,1.15513
1791026580000,84636.12,84636.13,84636.12,84636.12,0.79852
1791026640000,84636.12,84636.13,84636.12,84636.13,0.79326
1791026700000,84636.12,84636.13,84636.12,84636.13,0.64356
1791026760000,84636.12,84636.13,84636.12,84636.13,0.25695
1791026820000,84636.12,84636.13,84636.12,84636.13,0.7167
1791026880000,84636.12,84636.13,84636.12,84636.12,0.33641
1791026940000,84636.12,84651.22,84636.12,84651.22,4.48202
1791027000000,84651.22,84651.22,84651.21,84651.22,1.05302
1791027060000,84651.22,84651.22,84651.21,84651.21,0.40854
1791027120000,84651.21,84651.22,84651.21,84651.22,0.7309
1791027180000,84651.22,84651.22,84649.6,84649.61,3.00051
1791027240000,84649.6,84651.22,84649.6,84651.22,5.20239
1791027300000,84651.22,84658.75,84651.21,84658.75,3.61296
1791027360000,84658.74,84658.75,84658.74,84658.75,0.84972
1791027420000,84658.74,84658.75,84658.74,84658.75,0.41366
1791027480000,84658.74,84658.75,84658.74,84658.74,3.72208
1791027540000,84658.74,84658.75,84658.74,84658.74,1.72888
1791027600000,84658.74,84659.46,84658.74,84659.46,2.90714
1791027660000,84659.45,84659.46,84659.45,84659.45,1.56835
1791027720000,84659.45,84659.46,84659.45,84659.45,1.03062
1791027780000,84659.46,84659.46,84659.45,84659.45,1.25835
1791027840000,84659.46,84659.46,84659.45,84659.46,2.7775
1791027900000,84659.46,84671.85,84659.45,84671.85,2.39576
1791027960000,84671.84,84671.85,84671.84,84671.84,0.58976
1791028020000,84671.85,84680.34,84671.84,84680.34,1.66796
1791028080000,84680.34,84696.01,84680.33,84696.01,1.88834
1791028140000,84696.01,84696.01,84659.43,84659.44,24.61128
1791028200000,84659.44,84686.0,84659.43,84686.0,2.99874
1791028260000,84686.0,84686.0,84685.99,84686.0,0.43374
1791028320000,84686.0,84686.0,84685.99,84685.99,0.69922
1791028380000,84686.0,84686.0,84685.99,84686.0,0.80256
1791028440000,84685.99,84686.0,84685.99,84686.0,0.52554
1791028500000,84685.99,84686.0,84685.99,84685.99,0.65923
1791028560000,84685.99,84686.0,84684.36,84684.37,5.1732
1791028620000,84684.37,84684.37,84683.0,84683.0,1.13106
1791028680000,84683.01,84683.01,84672.0,84672.0,2.91953
1791028740000,84672.01,84672.01,84672.0,84672.01,0.68032
1791028800000,84672.01,84681.84,84672.0,84680.76,3.36431
1791028860000,84680.77,84688.84,84680.76,84688.84,2.24052
1791028920000,84688.84,84688.85,84688.83,84688.85,1.40041
1791028980000,84688.85,84696.0,84688.84,84696.0,1.82415
1791029040000,84696.0,84696.0,84695.99,84696.0,0.71528
1791029100000,84696.0,84696.0,84695.99,84696.0,0.40674
1791029160000,84695.99,84696.0,84695.99,84696.0,1.39112
1791029220000,84695.99,84696.0,84678.05,84690.01,15.13086
1791029280000,84690.01,84690.01,84689.99,84689.99,3.40543
1791029340000,84690.0,84690.0,84687.28,84687.29,1.48436
1791029400000,84687.29,84687.29,84687.28,84687.28,0.62278
1791029460000,84687.29,84695.82,84687.28,84695.82,4.23015
1791029520000,84695.82,84696.0,84695.81,84696.0,1.29599
1791029580000,84696.0,84696.0,84695.99,84695.99,1.34991
1791029640000,84696.0,84696.0,84695.99,84695.99,0.52602
1791029700000,84696.0,84703.22,84695.99,84698.75,13.52918
1791029760000,84698.74,84714.49,84698.74,84714.49,5.31502
1791029820000,84714.48,84731.16,84714.48,84730.21,6.77086
1791029880000,84730.2,84791.53,84730.2,84790.0,16.11938
1791029940000,84789.99,84794.76,84780.34,84794.76,3.93914
1791030000000,84794.75,84840.01,84794.75,84840.01,23.57758
1791030060000,84840.0,84881.1,84840.0,84860.0,21.82647
1791030120000,84860.0,84863.97,84844.98,84854.0,15.38956
1791030180000,84854.0,84882.42,84850.8,84882.42,7.91701
1791030240000,84882.41,84882.42,84860.91,84860.92,6.37645
1791030300000,84860.91,84921.66,84860.91,84894.0,24.73149
1791030360000,84894.0,84916.0,84894.0,84904.02,3.88308
1791030420000,84904.01,84904.02,84862.97,84862.98,11.41366
1791030480000,84862.97,84869.56,84862.97,84869.56,3.61282
1791030540000,84870.01,84871.37,84852.0,84861.4,16.85264
1791030600000,84861.41,84861.41,84859.45,84859.45,1.83848
1791030660000,84859.46,84859.46,84852.01,84852.01,7.19067
1791030720000,84852.01,84852.02,84852.0,84852.01,5.39933
1791030780000,84852.0,84859.4,84852.0,84859.39,6.45356
1791030840000,84859.4,84859.4,84859.39,84859.39,9.0479
1791030900000,84859.4,84895.52,84859.39,84870.0,19.47202
1791030960000,84870.0,84872.01,84866.66,84872.0,3.86443
1791031020000,84872.01,84889.04,84872.0,84889.03,2.28992
1791031080000,84889.04,84897.72,84889.03,84897.72,5.8368
1791031140000,84897.71,84911.98,84883.66,84896.01,9.92477
1791031200000,84896.01,84896.02,84878.01,84878.02,6.29774
1791031260000,84878.01,84878.01,84825.02,84832.01,10.34632
1791031320000,84832.0,84840.84,84785.5,84793.37,15.41539
1791031380000,84793.37,84829.78,84793.37,84829.74,3.31223
1791031440000,84829.75,84829.75,84822.01,84822.01,4.48516
1791031500000,84822.02,84822.02,84822.01,84822.02,1.37354
1791031560000,84822.01,84824.01,84822.01,84824.0,4.42116
1791031620000,84824.0,84834.01,84824.0,84834.0,3.62757
1791031680000,84834.0,84847.46,84834.0,84847.46,1.53128
1791031740000,84847.46,84847.46,84838.0,84838.01,2.96321
1791031800000,84838.0,84838.01,84838.0,84838.01,0.85082
1791031860000,84838.01,84838.01,84838.0,84838.01,1.25567
1791031920000,84838.0,84842.88,84838.0,84842.88,1.80576
1791031980000,84842.88,84870.94,84842.87,84870.94,3.17382
1791032040000,84870.94,84889.55,84870.93,84889.55,4.67216
1791032100000,84889.55,84908.48,84889.54,84908.48,10.82743
1791032160000,84908.48,84914.01,84908.47,84914.0,2.01089
1791032220000,84914.0,84926.47,84914.0,84921.28,5.71469
1791032280000,84921.29,84921.29,84900.01,84900.02,6.9045
1791032340000,84900.02,84900.02,84888.01,84888.02,3.45386
1791032400000,84888.02,84896.22,84870.82,84870.83,4.53705
1791032460000,84870.83,84870.83,84864.0,84864.09,4.51223
1791032520000,84864.08,84864.09,84843.29,84843.29,1.80388
1791032580000,84843.29,84860.01,84843.29,84860.01,2.08501
1791032640000,84860.01,84864.01,84859.99,84860.0,2.99743
1791032700000,84859.99,84859.99,84846.0,84846.01,2.86746
1791032760000,84846.0,84846.01,84829.77,84837.76,4.7662
1791032820000,84837.76,84837.76,84831.12,84831.12,1.86132
1791032880000,84831.12,84831.13,84830.58,84830.59,2.21706
1791032940000,84830.59,84860.15,84828.0,84860.03,47.69266
1791033000000,84860.03,84872.61,84860.02,84872.61,2.58383
1791033060000,84872.61,84872.61,84872.0,84872.0,0.8015
1791033120000,84872.0,84872.01,84844.92,84844.92,7.72109
1791033180000,84844.93,84853.32,84842.0,84853.32,3.31984
1791033240000,84853.32,84853.32,84853.31,84853.32,0.51637
1791033300000,84853.32,84853.32,84840.66,84840.67,3.77355
1791033360000,84840.67,84840.67,84840.66,84840.67,0.89647
1791033420000,84840.66,84840.67,84836.0,84836.01,2.24948
1791033480000,84836.0,84836.01,84822.0,84822.0,3.09454
1791033540000,84822.01,84822.01,84812.12,84812.12,2.62808
1791033600000,84812.13,84812.13,84795.56,84795.57,5.03208
1791033660000,84795.56,84795.56,84770.35,84790.6,7.39822
1791033720000,84790.61,84790.61,84789.24,84789.24,2.00916
1791033780000,84789.24,84797.37,84782.42,84797.37,4.08535
1791033840000,84797.36,84797.37,84797.36,84797.36,0.70896
1791033900000,84797.36,84820.01,84797.36,84820.0,5.92734
1791033960000,84820.01,84820.01,84820.0,84820.0,0.65015
1791034020000,84820.01,84820.01,84812.03,84812.04,1.78785
1791034080000,84812.03,84812.04,84812.0,84812.0,0.98152
1791034140000,84812.0,84812.01,84812.0,84812.01,3.65165
1791034200000,84812.01,84812.01,84812.0,84812.01,0.37559
1791034260000,84812.01,84812.01,84812.0,84812.0,1.44694
1791034320000,84812.0,84812.01,84812.0,84812.0,0.44552
1791034380000,84812.0,84828.01,84812.0,84828.0,6.09025
1791034440000,84828.01,84912.01,84828.01,84912.01,13.78582
1791034500000,84912.01,84962.2,84912.0,84960.32,14.94622
1791034560000,84960.33,84962.2,84934.57,84934.57,6.67466
1791034620000,84934.58,84934.58,84905.37,84909.67,5.30149
1791034680000,84909.68,84920.01,84903.84,84908.0,4.21579
1791034740000,84908.0,84908.01,84908.0,84908.01,3.26187
1791034800000,84908.0,84918.75,84908.0,84911.2,5.38671
1791034860000,84911.2,84911.59,84911.19,84911.59,4.01548
1791034920000,84911.59,84911.59,84900.15,84900.15,5.52383
1791034980000,84900.16,84900.16,84882.89,84882.89,4.69355
1791035040000,84882.89,84882.89,84833.42,84833.43,4.95892
1791035100000,84833.43,84833.43,84833.42,84833.42,1.65375
1791035160000,84833.43,84848.87,84833.42,84848.86,3.1022
1791035220000,84848.86,84848.87,84848.86,84848.86,1.06186
1791035280000,84848.87,84871.84,84848.86,84871.83,3.78212
1791035340000,84871.84,84871.84,84871.83,84871.83,0.68131
1791035400000,84871.83,84871.84,84871.83,84871.83,0.5611
1791035460000,84871.83,84871.84,84871.83,84871.84,1.384
1791035520000,84871.84,84876.93,84871.83,84876.93,1.52564
1791035580000,84876.92,84876.93,84876.92,84876.92,1.2869
1791035640000,84876.93,84878.01,84876.92,84878.0,4.02062
1791035700000,84878.01,84878.01,84878.0,84878.01,0.89325
1791035760000,84878.01,84878.01,84878.0,84878.0,1.35692
1791035820000,84878.01,84878.01,84878.0,84878.01,3.56848
1791035880000,84878.0,84878.01,84872.82,84872.82,6.358
1791035940000,84872.82,84872.83,84870.03,84870.04,2.48297
1791036000000,84870.03,84870.04,84851.16,84851.17,5.10215
1791036060000,84851.16,84851.17,84842.24,84842.25,2.53037
1791036120000,84842.25,84842.25,84825.25,84825.25,5.08564
1791036180000,84825.26,84825.26,84810.0,84810.0,7.08435
1791036240000,84810.01,84810.01,84798.31,84798.32,4.80366
1791036300000,84798.32,84800.0,84798.31,84799.99,9.37838
1791036360000,84799.99,84800.0,84780.16,84780.16,4.6913
1791036420000,84780.17,84812.01,84774.0,84812.0,13.35829
1791036480000,84812.0,84812.01,84812.0,84812.0,0.98444
1791036540000,84812.01,84812.01,84812.0,84812.01,0.54413
1791036600000,84812.0,84812.01,84812.0,84812.0,1.13182
1791036660000,84812.0,84812.01,84798.72,84798.73,4.50627
1791036720000,84798.72,84798.72,84792.42,84792.43,1.27442
1791036780000,84792.43,84792.43,84792.42,84792.43,0.90417
1791036840000,84792.43,84792.43,84792.42,84792.42,0.80139
1791036900000,84792.42,84792.43,84792.42,84792.43,1.23973
1791036960000,84792.43,84802.01,84792.42,84802.01,4.0359
1791037020000,84802.0,84802.01,84802.0,84802.0,1.24124
1791037080000,84802.0,84808.01,84802.0,84808.01,2.53442
1791037140000,84808.01,84808.01,84808.0,84808.0,0.51836
1791037200000,84808.01,84808.01,84808.0,84808.0,0.4913
1791037260000,84808.01,84821.52,84808.0,84821.52,4.02809
1791037320000,84821.51,84821.52,84821.51,84821.51,0.70599
1791037380000,84821.52,84821.52,84821.51,84821.51,0.81296
1791037440000,84821.52,84821.52,84821.51,84821.52,1.16272
1791037500000,84821.52,84824.01,84821.51,84824.01,2.16624
1791037560000,84824.0,84836.07,84824.0,84836.07,1.92132
1791037620000,84836.07,84840.01,84822.6,84822.61,7.21719
1791037680000,84822.6,84828.01,84822.6,84828.01,1.57979
1791037740000,84828.01,84828.01,84826.0,84826.0,13.24306
1791037800000,84826.01,84826.01,84826.0,84826.01,1.45415
1791037860000,84826.01,84826.01,84816.0,84816.01,4.66486
1791037920000,84816.0,84816.01,84801.6,84801.6,2.49043
1791037980000,84801.61,84801.61,84793.36,84793.37,2.09151
1791038040000,84793.37,84793.37,84793.36,84793.37,2.66649
1791038100000,84793.37,84793.37,84768.53,84768.53,8.93999
1791038160000,84768.54,84768.54,84768.53,84768.53,0.7258
1791038220000,84768.53,84768.54,84768.53,84768.54,6.16983
1791038280000,84768.54,84768.54,84756.11,84756.12,15.14363
1791038340000,84756.11,84756.12,84756.11,84756.12,2.65086
1791038400000,84756.12,84756.12,84745.44,84745.45,3.04086
1791038460000,84745.45,84745.45,84745.44,84745.45,1.21167
1791038520000,84745.44,84745.45,84745.44,84745.44,0.66813
1791038580000,84745.44,84752.01,84745.44,84752.01,5.23884
1791038640000,84752.01,84752.01,84752.0,84752.0,1.62936
1791038700000,84752.0,84774.01,84752.0,84774.0,5.51064
1791038760000,84774.01,84793.36,84774.0,84793.36,6.7463
1791038820000,84793.36,84793.36,84793.35,84793.36,0.83198
1791038880000,84793.36,84838.7,84793.35,84838.7,5.60618
1791038940000,84838.7,84851.37,84838.7,84851.37,3.51547
1791039000000,84851.37,84851.37,84844.17,84844.87,4.37759
1791039060000,84844.86,84844.87,84844.86,84844.87,0.88199
1791039120000,84844.86,84844.87,84844.86,84844.87,1.05766
1791039180000,84844.86,84844.87,84844.86,84844.87,1.22953
1791039240000,84844.87,84844.88,84840.77,84840.77,9.17881
1791039300000,84840.77,84840.78,84840.77,84840.78,1.76952
1791039360000,84840.77,84840.78,84840.77,84840.78,1.30017
1791039420000,84840.78,84842.01,84840.77,84841.01,6.2126
1791039480000,84841.0,84841.01,84841.0,84841.01,1.48013
1791039540000,84841.0,84857.99,84841.0,84856.01,12.00461
1791039600000,84856.01,84856.02,84806.01,84806.01,14.77638
1791039660000,84806.0,84806.01,84780.0,84780.01,2.94046
1791039720000,84780.01,84799.9,84780.0,84799.89,7.33468
1791039780000,84799.9,84799.9,84799.89,84799.89,0.49717
1791039840000,84799.89,84799.9,84799.89,84799.89,4.22779
1791039900000,84799.9,84803.04,84799.89,84803.03,5.85425
1791039960000,84803.04,84803.04,84803.03,84803.04,8.20455
1791040020000,84803.03,84803.04,84800.73,84800.74,3.69961
1791040080000,84800.74,84825.47,84800.73,84824.11,6.96633
1791040140000,84824.11,84824.11,84821.99,84821.99,1.78544
1791040200000,84821.99,84838.86,84821.99,84838.86,6.95249
1791040260000,84838.85,84838.86,84838.85,84838.86,1.02013
1791040320000,84838.86,84849.38,84838.85,84849.38,2.10468
1791040380000,84849.37,84849.37,84844.01,84846.0,3.492
1791040440000,84846.0,84873.11,84843.27,84873.1,10.58336
1791040500000,84873.1,84879.05,84838.0,84838.01,7.94692
1791040560000,84838.01,84846.01,84838.0,84846.0,7.26247
1791040620000,84846.0,84848.48,84846.0,84848.48,4.44357
1791040680000,84848.47,84848.48,84838.65,84846.96,9.00339
1791040740000,84846.96,84858.26,84842.0,84842.01,7.00231
1791040800000,84842.01,84864.0,84842.0,84846.01,6.57572
1791040860000,84846.02,84858.01,84846.01,84858.01,2.65983
1791040920000,84858.0,84858.01,84858.0,84858.0,1.07075
1791040980000,84858.0,84858.01,84858.0,84858.01,1.82389
1791041040000,84858.01,84858.01,84841.55,84841.56,4.8619
1791041100000,84841.56,84844.28,84841.55,84844.28,1.87454
1791041160000,84844.28,84847.54,84844.27,84847.54,2.48074
1791041220000,84847.54,84847.54,84847.53,84847.54,2.23377
1791041280000,84847.53,84847.54,84847.53,84847.54,1.91187
1791041340000,84847.54,84847.54,84838.66,84838.66,5.86402
1791041400000,84838.66,84838.67,84818.0,84818.0,4.83204
1791041460000,84818.0,84818.01,84761.24,84766.6,21.6494
1791041520000,84766.6,84800.01,84766.59,84794.01,21.66281
1791041580000,84794.0,84796.43,84779.3,84792.63,32.15077
1791041640000,84792.62,84810.0,84774.68,84809.99,25.20813
1791041700000,84809.99,84810.0,84781.68,84794.74,7.63299
1791041760000,84794.74,84797.07,84794.73,84797.07,1.92589
1791041820000,84797.07,84797.07,84797.06,84797.07,0.72766
1791041880000,84797.06,84820.01,84797.06,84820.01,6.69022
1791041940000,84820.01,84820.27,84820.0,84820.27,2.03112
1791042000000,84820.26,84820.27,84820.26,84820.27,0.8859
1791042060000,84820.27,84822.01,84820.26,84822.01,2.8691
1791042120000,84822.0,84822.01,84822.0,84822.01,0.74045
1791042180000,84822.01,84838.28,84822.0,84838.27,4.20923
1791042240000,84838.28,84854.01,84820.24,84820.25,52.69432
1791042300000,84820.25,84834.01,84820.24,84834.01,1.7688
1791042360000,84834.01,84840.72,84834.0,84840.72,3.93299
1791042420000,84840.72,84845.3,84840.71,84845.3,3.36009
1791042480000,84845.3,84845.3,84845.29,84845.29,0.62983
1791042540000,84845.3,84854.01,84845.29,84854.0,1.44824
1791042600000,84854.01,84854.01,84854.0,84854.01,0.42957
1791042660000,84854.01,84860.01,84854.0,84860.0,1.47595
1791042720000,84860.0,84860.01,84860.0,84860.0,2.57372
1791042780000,84860.01,84860.01,84860.0,84860.01,0.64354
1791042840000,84860.01,84860.01,84860.0,84860.01,2.16867
1791042900000,84860.0,84860.01,84860.0,84860.01,4.72568
1791042960000,84860.0,84860.01,84860.0,84860.0,0.69467
1791043020000,84860.01,84860.53,84860.0,84860.52,2.93143
1791043080000,84860.52,84860.53,84860.52,84860.52,1.50486
1791043140000,84860.53,84867.28,84860.52,84867.28,4.55012
1791043200000,84867.27,84867.28,84867.27,84867.27,1.22797
1791043260000,84867.28,84867.28,84854.01,84854.01,6.00449
1791043320000,84854.01,84854.02,84848.0,84848.0,1.63831
1791043380000,84848.0,84849.37,84847.96,84849.36,3.98268
1791043440000,84849.36,84854.5,84849.36,84854.49,1.86984
1791043500000,84854.5,84856.0,84851.35,84853.02,5.27073
1791043560000,84853.01,84853.02,84836.47,84836.48,4.46927
1791043620000,84836.47,84836.48,84836.47,84836.48,1.72941
1791043680000,84836.47,84836.48,84836.47,84836.48,2.27476
1791043740000,84836.48,84843.23,84836.47,84843.23,3.17238
1791043800000,84843.23,84843.23,84843.22,84843.23,1.67275
1791043860000,84843.23,84846.74,84843.22,84846.73,2.04249
1791043920000,84846.73,84846.95,84846.73,84846.94,2.27564
1791043980000,84846.95,84846.95,84840.16,84840.17,7.65685
1791044040000,84840.17,84840.17,84840.16,84840.16,0.51117
1791044100000,84840.16,84840.17,84813.9,84814.2,12.84061
1791044160000,84814.19,84814.2,84814.19,84814.19,0.63442
1791044220000,84814.19,84814.2,84814.19,84814.2,0.62909
1791044280000,84814.19,84814.2,84814.19,84814.19,2.3702
1791044340000,84814.19,84814.2,84814.19,84814.2,0.82902
1791044400000,84814.19,84814.2,84782.01,84782.02,14.38966
1791044460000,84782.01,84787.45,84782.01,84787.45,2.70285
1791044520000,84787.44,84787.45,84787.44,84787.45,1.22524
1791044580000,84787.44,84787.45,84787.44,84787.45,0.40871
1791044640000,84787.44,84787.45,84787.44,84787.44,0.97328
1791044700000,84787.44,84787.45,84787.44,84787.45,0.75953
1791044760000,84787.45,84787.45,84787.44,84787.45,2.54757
1791044820000,84787.45,84795.93,84787.44,84795.92,2.91982
1791044880000,84795.93,84795.93,84795.92,84795.93,0.40829
1791044940000,84795.92,84813.23,84795.92,84813.22,3.47883
1791045000000,84813.23,84814.01,84813.22,84814.01,2.55834
1791045060000,84814.0,84814.01,84814.0,84814.01,1.01437
1791045120000,84814.0,84830.01,84814.0,84830.0,5.2899
1791045180000,84830.01,84830.01,84830.0,84830.01,0.42964
1791045240000,84830.01,84830.01,84822.53,84822.54,2.39897
1791045300000,84822.54,84822.54,84822.53,84822.53,0.81458
1791045360000,84822.54,84822.54,84822.53,84822.54,1.38412
1791045420000,84822.54,84822.54,84822.53,84822.53,1.04103
1791045480000,84822.53,84838.44,84822.53,84838.44,4.85049
1791045540000,84838.44,84844.01,84838.43,84844.01,1.66794
1791045600000,84844.01,84844.01,84844.0,84844.0,1.03659
1791045660000,84844.01,84844.01,84838.46,84838.47,6.0422
1791045720000,84838.47,84838.47,84834.2,84834.21,5.48433
1791045780000,84834.21,84834.21,84831.89,84831.89,4.4832
1791045840000,84831.9,84844.04,84831.89,84844.04,12.47206
1791045900000,84844.04,84844.04,84844.03,84844.03,2.01028
1791045960000,84844.03,84857.46,84840.01,84840.02,6.42942
1791046020000,84840.02,84851.49,84840.01,84851.49,3.85176
1791046080000,84851.49,84859.22,84851.48,84859.22,4.48181
1791046140000,84859.21,84859.22,84859.21,84859.22,5.73408
1791046200000,84859.22,84880.01,84859.21,84868.87,4.02696
1791046260000,84868.86,84868.87,84852.87,84852.88,9.50813
1791046320000,84852.88,84856.01,84852.87,84856.0,8.74651
1791046380000,84856.0,84856.01,84856.0,84856.01,0.39793
1791046440000,84856.01,84856.01,84856.0,84856.01,2.66316
1791046500000,84856.01,84859.14,84856.0,84859.14,3.92771
1791046560000,84859.13,84859.14,84859.13,84859.14,0.39752
1791046620000,84859.13,84860.66,84859.13,84860.65,1.75899
1791046680000,84860.65,84874.5,84860.65,84870.19,10.14723
1791046740000,84870.18,84870.19,84868.0,84868.03,7.17579
1791046800000,84868.02,84889.56,84868.02,84889.56,7.68379
1791046860000,84889.56,84889.56,84874.03,84874.03,5.46164
1791046920000,84874.04,84874.04,84874.03,84874.03,0.59028
1791046980000,84874.04,84874.04,84874.03,84874.04,0.73289
1791047040000,84874.04,84874.04,84874.03,84874.04,2.11944
1791047100000,84874.04,84880.0,84874.03,84879.01,6.68667
1791047160000,84879.01,84879.01,84879.0,84879.0,0.95152
1791047220000,84879.01,84879.01,84879.0,84879.01,4.2093
1791047280000,84879.01,84879.01,84879.0,84879.01,2.57039
1791047340000,84879.01,84884.99,84879.0,84884.98,12.39191
1791047400000,84884.99,84888.58,84869.37,84878.17,16.62987
1791047460000,84878.17,84887.35,84878.16,84878.86,6.14092
1791047520000,84878.86,84885.37,84878.85,84885.37,1.64458
1791047580000,84885.37,84885.37,84885.36,84885.36,1.01594
1791047640000,84885.37,84889.74,84885.36,84889.74,1.34045
1791047700000,84889.74,84911.13,84889.73,84911.13,6.06596
1791047760000,84911.13,84911.15,84911.12,84911.14,5.29105
1791047820000,84911.15,84911.15,84911.14,84911.14,2.02736
1791047880000,84911.15,84918.75,84911.14,84918.74,1.91084
1791047940000,84918.74,84923.38,84918.74,84923.38,1.12686
1791048000000,84923.38,84928.59,84923.37,84928.14,1.86344
1791048060000,84928.15,84941.5,84928.14,84941.49,3.03785
1791048120000,84941.5,84959.97,84941.49,84959.96,3.44255
1791048180000,84959.97,84959.99,84959.96,84959.99,2.91978
1791048240000,84959.99,84959.99,84955.74,84955.74,6.64953
1791048300000,84955.75,84955.75,84930.0,84930.01,7.71156
1791048360000,84930.01,84930.01,84918.75,84918.75,5.28423
1791048420000,84918.75,84918.75,84906.0,84906.0,6.51598
1791048480000,84906.01,84906.01,84906.0,84906.0,1.15629
1791048540000,84906.01,84906.01,84894.0,84894.01,4.56297
1791048600000,84894.01,84894.01,84858.0,84858.01,5.63475
1791048660000,84858.0,84858.01,84841.8,84841.8,5.92049
1791048720000,84841.81,84855.71,84840.0,84855.7,4.26502
1791048780000,84855.71,84855.71,84855.7,84855.71,0.66721
1791048840000,84855.71,84886.44,84855.7,84886.44,13.26449
1791048900000,84886.44,84899.32,84886.43,84899.32,13.17738
1791048960000,84899.31,84899.32,84899.31,84899.31,6.22582
1791049020000,84899.31,84914.81,84899.31,84914.8,3.44101
1791049080000,84914.81,84914.81,84906.0,84906.01,4.5048
1791049140000,84906.0,84908.01,84906.0,84908.01,3.492
1791049200000,84908.0,84948.01,84908.0,84948.0,5.10269
1791049260000,84948.0,84950.01,84940.0,84950.0,26.94455
1791049320000,84950.01,84950.01,84928.32,84928.33,3.46768
1791049380000,84928.32,84928.33,84928.32,84928.33,1.52429
1791049440000,84928.32,84988.49,84928.32,84988.48,10.59867
1791049500000,84988.49,84988.49,84936.0,84936.01,5.35406
1791049560000,84936.01,84962.45,84936.01,84962.45,4.2286
1791049620000,84962.44,84962.45,84940.0,84940.0,5.23364
1791049680000,84940.0,84940.01,84935.0,84935.01,2.25505
1791049740000,84935.0,84935.01,84935.0,84935.0,1.7346
1791049800000,84935.0,84981.84,84935.0,84981.64,15.73916
1791049860000,84981.64,84981.64,84968.0,84968.0,3.28263
1791049920000,84968.01,84986.01,84968.0,84986.01,4.807
1791049980000,84986.01,84986.01,84956.0,84961.16,10.81291
1791050040000,84961.16,84980.01,84961.16,84980.01,2.34446
1791050100000,84980.01,84980.01,84980.0,84980.0,8.8759
1791050160000,84980.01,84983.4,84980.0,84983.38,3.22671
1791050220000,84983.38,85000.0,84983.38,84999.99,5.50418
1791050280000,84999.99,85012.01,84999.99,85012.0,7.67456
1791050340000,85012.0,85012.01,85011.56,85012.0,12.8023
1791050400000,85012.01,85012.01,84994.0,84994.82,7.65678
1791050460000,84994.82,84996.01,84994.81,84996.01,2.55604
1791050520000,84996.01,85012.95,84996.01,85012.94,4.61659
1791050580000,85012.94,85012.95,85012.94,85012.95,4.6658
1791050640000,85012.95,85012.95,85000.0,85012.26,23.25837
1791050700000,85012.25,85020.01,85012.25,85020.0,2.59421
1791050760000,85020.0,85035.64,85020.0,85030.22,9.72619
1791050820000,85030.22,85037.63,85004.23,85004.24,6.44327
1791050880000,85004.23,85004.24,85004.23,85004.24,2.91969
1791050940000,85004.23,85029.85,85004.23,85029.83,5.55011
1791051000000,85029.83,85029.84,84992.0,84992.01,10.90219
1791051060000,84992.0,84992.01,84977.06,84980.0,2.80878
1791051120000,84980.01,84989.25,84980.0,84989.24,2.82565
1791051180000,84989.25,84989.25,84989.24,84989.24,1.19639
1791051240000,84989.25,84989.25,84989.24,84989.25,0.80706
1791051300000,84989.25,85014.01,84989.24,85014.01,4.8789
1791051360000,85014.01,85014.01,85006.8,85006.81,2.62579
1791051420000,85006.8,85006.8,84980.0,84980.0,6.23586
1791051480000,84980.0,84980.01,84972.09,84972.09,3.53149
1791051540000,84972.09,84972.1,84962.0,84962.01,2.68424
1791051600000,84962.01,84962.01,84954.0,84954.01,4.14927
1791051660000,84954.01,84962.8,84954.0,84962.8,3.43539
1791051720000,84962.79,84962.8,84962.79,84962.8,2.68292
1791051780000,84962.79,84962.8,84962.79,84962.8,1.92728
1791051840000,84962.79,84962.8,84962.79,84962.8,0.66119
1791051900000,84962.8,84962.8,84962.79,84962.8,1.26219
1791051960000,84962.8,84972.13,84962.8,84972.13,2.97231
1791052020000,84972.13,84976.01,84972.12,84976.0,2.14753
1791052080000,84976.0,84995.79,84976.0,84995.79,2.35437
1791052140000,84995.79,84995.79,84995.78,84995.78,3.65428
1791052200000,84995.78,84995.79,84969.89,84969.9,5.71745
1791052260000,84969.89,84969.9,84966.0,84966.0,2.10404
1791052320000,84966.0,84966.0,84959.58,84959.58,4.52902
1791052380000,84959.59,84959.59,84959.58,84959.59,3.55776
1791052440000,84959.58,84959.59,84959.58,84959.58,1.11817
1791052500000,84959.58,84959.59,84956.01,84956.02,1.61131
1791052560000,84956.01,84956.02,84950.15,84950.15,3.32167
1791052620000,84950.16,84950.16,84950.15,84950.15,0.3632
1791052680000,84950.15,84950.16,84944.0,84944.0,3.37606
1791052740000,84944.0,84944.01,84920.0,84920.0,5.20721
1791052800000,84920.01,84920.35,84920.0,84920.34,1.45673
1791052860000,84920.34,84924.73,84920.34,84924.73,0.66894
1791052920000,84924.73,84928.29,84924.72,84928.29,2.18679
1791052980000,84928.29,84939.7,84928.28,84939.69,5.18062
1791053040000,84939.7,84942.01,84939.69,84942.01,1.70034
1791053100000,84942.0,84942.49,84942.0,84942.01,2.12516
1791053160000,84942.02,84942.02,84942.01,84942.02,0.2226
1791053220000,84942.02,84944.0,84942.02,84944.0,0.59127
1791053280000,84944.0,84944.0,84943.99,84943.99,2.4494
1791053340000,84944.0,84944.0,84943.99,84943.99,0.3443
1791053400000,84944.0,84944.0,84943.99,84944.0,0.32056
1791053460000,84944.0,84944.0,84940.01,84940.02,2.72997
1791053520000,84940.01,84940.02,84934.18,84934.18,3.50335
1791053580000,84934.19,84934.19,84934.18,84934.18,1.45922
1791053640000,84934.19,84945.12,84934.18,84945.12,19.21857
1791053700000,84945.11,84945.12,84945.11,84945.12,1.96669
1791053760000,84945.11,84945.12,84945.11,84945.12,1.26828
1791053820000,84945.11,84950.0,84945.11,84950.0,0.8914
1791053880000,84949.99,84950.0,84949.99,84950.0,0.58253
1791053940000,84950.0,84950.0,84949.99,84949.99,1.27992
1791054000000,84950.0,84950.0,84936.0,84936.01,2.282
1791054060000,84936.01,84936.01,84930.2,84930.21,2.27152
1791054120000,84930.2,84930.21,84917.25,84917.25,4.07706
1791054180000,84917.26,84917.26,84853.57,84853.57,8.70532
1791054240000,84853.58,84858.01,84850.51,84858.0,2.89594
1791054300000,84858.0,84868.01,84856.0,84856.01,3.14117
1791054360000,84856.0,84872.01,84856.0,84872.01,1.46846
1791054420000,84872.01,84872.01,84872.0,84872.0,0.33929
1791054480000,84872.01,84872.01,84872.0,84872.01,0.44281
1791054540000,84872.01,84879.33,84872.0,84879.33,1.45375
1791054600000,84879.33,84879.33,84872.0,84872.0,2.89405
1791054660000,84872.01,84872.01,84872.0,84872.0,0.94751
1791054720000,84872.01,84872.01,84872.0,84872.01,1.6225
1791054780000,84872.01,84872.01,84871.99,84871.99,3.25565
1791054840000,84872.0,84872.0,84869.84,84869.85,8.20313
1791054900000,84869.85,84872.0,84869.84,84872.0,1.8973
1791054960000,84872.0,84890.01,84871.99,84873.08,9.82059
1791055020000,84873.07,84873.08,84855.2,84855.2,4.61666
1791055080000,84855.21,84855.21,84855.2,84855.2,0.35536
1791055140000,84855.21,84870.0,84844.0,84869.98,30.5073
1791055200000,84869.99,84869.99,84854.69,84854.69,5.91352
1791055260000,84854.69,84854.7,84849.81,84849.81,2.34191
1791055320000,84849.82,84849.82,84848.0,84848.0,0.77228
1791055380000,84848.0,84848.01,84848.0,84848.01,0.96166
1791055440000,84848.0,84848.01,84847.04,84847.04,0.63142
1791055500000,84847.05,84847.05,84847.04,84847.04,0.96037
1791055560000,84847.05,84847.05,84847.04,84847.04,0.32758
1791055620000,84847.05,84847.05,84847.04,84847.05,0.70717
1791055680000,84847.05,84847.05,84847.04,84847.04,0.27955
1791055740000,84847.05,84847.05,84828.1,84828.11,2.94917
1791055800000,84828.1,84828.11,84828.1,84828.1,1.67604
1791055860000,84828.1,84828.11,84828.1,84828.11,1.09746
1791055920000,84828.1,84828.11,84828.1,84828.11,0.48472
1791055980000,84828.11,84828.11,84805.72,84805.72,2.62883
1791056040000,84805.73,84805.73,84805.72,84805.72,1.8228
1791056100000,84805.73,84805.73,84804.44,84804.45,1.64403
1791056160000,84804.45,84804.45,84786.0,84786.0,4.8907
1791056220000,84786.01,84786.01,84786.0,84786.01,4.78441
1791056280000,84786.01,84787.0,84786.0,84787.0,1.42515
1791056340000,84786.99,84787.0,84786.98,84786.99,7.83365
1791056400000,84786.99,84786.99,84786.98,84786.99,1.38988
1791056460000,84786.98,84794.01,84785.66,84794.01,5.51977
1791056520000,84794.01,84796.01,84794.0,84796.01,4.82916
1791056580000,84796.0,84796.01,84796.0,84796.01,1.15833
1791056640000,84796.01,84800.0,84784.99,84784.99,26.2855
1791056700000,84784.99,84785.0,84782.69,84782.7,0.61146
1791056760000,84782.7,84782.7,84779.64,84779.64,1.80678
1791056820000,84779.64,84779.65,84700.0,84742.0,33.44092
1791056880000,84742.01,84761.14,84742.01,84761.14,1.9326
1791056940000,84761.14,84767.09,84761.13,84767.09,1.27216
1791057000000,84767.09,84779.4,84767.08,84779.39,2.48754
1791057060000,84779.39,84779.4,84779.39,84779.4,0.52376
1791057120000,84779.39,84788.01,84779.39,84788.01,0.87828
1791057180000,84788.01,84802.7,84788.0,84802.69,1.58663
1791057240000,84802.7,84849.38,84802.69,84849.38,7.01169
1791057300000,84849.37,84849.38,84844.0,84844.0,5.71859
1791057360000,84844.0,84844.0,84842.49,84842.49,1.47838
1791057420000,84842.49,84842.5,84842.49,84842.49,0.72633
1791057480000,84842.49,84842.5,84842.49,84842.49,0.61246
1791057540000,84842.49,84842.5,84842.49,84842.5,0.72266
1791057600000,84842.5,84852.0,84842.49,84851.16,1.19437
1791057660000,84851.16,84861.89,84851.15,84861.88,1.81839
1791057720000,84861.89,84872.05,84861.88,84872.05,1.93018
1791057780000,84872.05,84898.44,84872.05,84890.02,5.82074
1791057840000,84890.01,84890.02,84869.74,84869.74,7.13902
1791057900000,84869.74,84881.03,84866.88,84881.02,1.51773
1791057960000,84881.03,84881.03,84881.02,84881.02,0.52545
1791058020000,84881.03,84881.03,84881.02,84881.02,1.57674
1791058080000,84881.03,84881.03,84881.02,84881.02,1.05527
1791058140000,84881.02,84881.03,84881.02,84881.02,0.6199
1791058200000,84881.03,84881.03,84870.0,84870.01,3.17974
1791058260000,84870.01,84881.03,84870.0,84881.03,2.66237
1791058320000,84881.03,84881.03,84881.02,84881.02,2.2819
1791058380000,84881.02,84887.71,84881.02,84887.67,3.75368
1791058440000,84887.68,84887.68,84887.67,84887.68,1.08411
1791058500000,84887.68,84892.01,84887.67,84892.0,3.76494
1791058560000,84892.0,84892.01,84881.79,84881.79,4.33117
1791058620000,84881.8,84881.92,84881.79,84881.91,12.17634
1791058680000,84881.91,84881.92,84881.91,84881.91,5.2121
1791058740000,84881.92,84897.72,84881.91,84897.72,3.06998
1791058800000,84897.71,84897.72,84897.71,84897.71,1.83121
1791058860000,84897.72,84910.01,84897.71,84910.01,5.12064
1791058920000,84910.0,84915.65,84889.15,84889.16,9.9579
1791058980000,84889.15,84889.16,84889.15,84889.15,0.49907
1791059040000,84889.15,84889.16,84889.15,84889.15,1.14994
1791059100000,84889.16,84889.16,84889.15,84889.15,0.89673
1791059160000,84889.15,84889.16,84889.15,84889.15,0.69994
1791059220000,84889.15,84889.16,84889.15,84889.15,1.44827
1791059280000,84889.15,84889.16,84889.15,84889.15,1.54913
1791059340000,84889.16,84889.16,84889.15,84889.15,0.34001
1791059400000,84889.16,84889.16,84889.15,84889.16,0.38014
1791059460000,84889.15,84889.16,84889.15,84889.16,1.59936
1791059520000,84889.16,84889.16,84889.15,84889.15,0.43316
1791059580000,84889.15,84889.16,84889.15,84889.16,0.31284
1791059640000,84889.16,84889.16,84889.15,84889.16,0.53391
1791059700000,84889.16,84889.16,84886.0,84886.01,6.91731
1791059760000,84886.0,84886.0,84876.31,84876.32,2.24031
1791059820000,84876.31,84876.32,84867.79,84867.81,1.33803
1791059880000,84867.81,84867.81,84867.8,84867.81,2.02936
1791059940000,84867.81,84867.81,84867.8,84867.81,0.47449
1791060000000,84867.8,84867.81,84867.8,84867.81,0.36739
1791060060000,84867.8,84867.81,84867.8,84867.8,0.62227
1791060120000,84867.8,84867.81,84867.8,84867.8,1.64429
1791060180000,84867.8,84867.81,84858.46,84858.47,5.09079
1791060240000,84858.46,84858.47,84858.46,84858.46,0.25801
1791060300000,84858.46,84858.47,84858.46,84858.47,4.23059
1791060360000,84858.46,84858.47,84858.46,84858.47,0.96021
1791060420000,84858.47,84858.47,84858.46,84858.47,0.93705
1791060480000,84858.47,84858.47,84854.81,84854.81,2.71974
1791060540000,84854.82,84854.82,84729.96,84748.0,35.15455
1791060600000,84748.01,84758.01,84748.0,84751.99,8.17613
1791060660000,84752.0,84752.0,84714.0,84744.01,13.61326
1791060720000,84744.01,84754.01,84744.0,84754.01,1.32334
1791060780000,84754.01,84754.01,84744.0,84746.01,4.71377
1791060840000,84746.01,84752.48,84746.0,84752.47,0.87432
1791060900000,84752.48,84752.48,84746.0,84746.0,2.72823
1791060960000,84746.01,84746.01,84746.0,84746.0,1.4267
1791061020000,84746.01,84746.01,84746.0,84746.0,2.50619
1791061080000,84746.01,84746.01,84746.0,84746.0,0.43076
1791061140000,84746.01,84749.76,84746.0,84749.75,3.11149
1791061200000,84749.76,84754.01,84749.75,84754.01,1.30723
1791061260000,84754.01,84773.89,84754.01,84773.88,4.31736
1791061320000,84773.89,84773.89,84748.0,84748.0,8.21094
1791061380000,84748.0,84748.0,84730.0,84730.0,5.5028
1791061440000,84730.0,84730.01,84701.56,84705.64,8.6391
1791061500000,84705.64,84705.64,84604.0,84605.0,46.7331
1791061560000,84605.01,84607.72,84581.79,84588.18,15.08412
1791061620000,84588.18,84596.01,84588.17,84596.01,2.33909
1791061680000,84596.01,84611.04,84588.05,84588.06,12.73432
1791061740000,84588.06,84594.01,84558.0,84594.01,18.46936
1791061800000,84594.01,84624.01,84594.0,84624.01,4.15756
1791061860000,84624.01,84636.65,84624.01,84636.64,2.29408
1791061920000,84636.65,84691.07,84636.64,84691.07,7.61012
1791061980000,84691.06,84691.06,84673.43,84685.08,15.02726
1791062040000,84685.08,84685.09,84685.04,84685.04,3.38886
1791062100000,84685.04,84685.05,84685.04,84685.05,0.75674
1791062160000,84685.05,84705.64,84685.04,84705.64,2.15449
1791062220000,84705.64,84712.18,84705.63,84712.18,1.0792
1791062280000,84712.18,84722.01,84712.17,84722.01,1.97021
1791062340000,84722.0,84722.01,84709.26,84709.26,5.39747
1791062400000,84709.27,84709.27,84709.26,84709.27,0.66362
1791062460000,84709.27,84709.27,84703.78,84704.01,5.93577
1791062520000,84704.0,84716.01,84704.0,84716.0,4.1008
1791062580000,84716.01,84716.01,84716.0,84716.0,1.2942
1791062640000,84716.01,84716.01,84715.98,84715.98,2.21126
1791062700000,84715.99,84732.14,84715.99,84720.54,12.30736
1791062760000,84720.54,84720.55,84720.0,84720.0,2.53902
1791062820000,84720.01,84720.01,84696.0,84696.01,6.99054
1791062880000,84696.0,84696.01,84695.14,84695.15,1.03011
1791062940000,84695.14,84710.69,84695.14,84710.68,2.04033
1791063000000,84710.69,84710.69,84710.67,84710.68,4.93401
1791063060000,84710.67,84710.68,84710.67,84710.68,0.78319
1791063120000,84710.67,84710.67,84695.82,84695.83,3.89711
1791063180000,84695.83,84695.83,84695.82,84695.83,0.92534
1791063240000,84695.83,84724.47,84695.82,84724.46,6.38368
1791063300000,84724.47,84724.47,84708.0,84708.01,3.85741
1791063360000,84708.01,84708.01,84708.0,84708.0,0.81512
1791063420000,84708.0,84708.01,84708.0,84708.0,0.41118
1791063480000,84708.0,84708.0,84696.22,84701.58,9.12484
1791063540000,84701.59,84701.59,84701.58,84701.59,0.52788
1791063600000,84701.58,84701.58,84698.0,84698.0,2.76363
1791063660000,84698.01,84701.34,84698.0,84701.33,2.85164
1791063720000,84701.34,84717.72,84701.34,84717.71,1.20328
1791063780000,84717.71,84724.0,84694.0,84703.18,6.57774
1791063840000,84703.17,84703.17,84692.3,84701.45,3.95341
1791063900000,84701.71,84725.57,84701.71,84725.57,2.25926
1791063960000,84725.56,84730.93,84725.56,84730.93,0.51038
1791064020000,84730.93,84739.57,84730.93,84739.57,1.37964
1791064080000,84739.56,84741.95,84728.15,84728.15,4.79015
1791064140000,84728.16,84728.16,84728.15,84728.16,0.63066
1791064200000,84728.16,84729.24,84728.15,84729.23,0.48257
1791064260000,84729.23,84745.67,84729.23,84745.66,1.99325
1791064320000,84745.67,84745.67,84725.41,84727.51,3.47381
1791064380000,84727.51,84727.51,84727.5,84727.5,0.34796
1791064440000,84727.5,84730.0,84710.0,84710.0,5.10644
1791064500000,84710.01,84710.01,84710.0,84710.01,1.65908
1791064560000,84710.0,84713.36,84710.0,84713.35,2.03221
1791064620000,84713.35,84720.01,84701.66,84720.0,3.20222
1791064680000,84720.0,84725.42,84720.0,84725.41,0.79469
1791064740000,84725.42,84725.42,84702.49,84715.15,4.75562
1791064800000,84715.15,84716.01,84715.14,84715.84,1.64536
1791064860000,84715.85,84728.01,84715.14,84728.01,3.4827
1791064920000,84728.01,84744.01,84704.76,84707.28,8.24295
1791064980000,84707.29,84748.01,84693.73,84734.01,11.94214
1791065040000,84734.01,84760.01,84734.0,84750.0,6.70517
1791065100000,84750.0,84765.06,84742.0,84765.06,3.55377
1791065160000,84765.06,84774.62,84750.0,84752.07,12.64089
1791065220000,84752.07,84770.01,84752.06,84758.95,3.97804
1791065280000,84758.95,84762.01,84758.94,84762.01,1.29778
1791065340000,84762.01,84770.01,84762.0,84762.01,1.47111
1791065400000,84762.0,84764.01,84762.0,84764.01,1.09609
1791065460000,84764.0,84772.01,84764.0,84772.01,2.0016
1791065520000,84772.0,84787.86,84772.0,84787.86,1.29654
1791065580000,84787.86,84787.86,84787.56,84787.57,2.47762
1791065640000,84787.56,84787.57,84787.56,84787.56,3.95489
1791065700000,84787.57,84793.88,84742.35,84742.35,15.35902
1791065760000,84742.35,84758.01,84742.35,84758.0,1.25799
1791065820000,84758.0,84764.01,84756.0,84756.01,1.7865
1791065880000,84756.01,84772.01,84756.0,84772.01,1.79192
1791065940000,84772.0,84772.01,84772.0,84772.01,0.26343
1791066000000,84772.01,84772.01,84772.0,84772.01,0.42097
1791066060000,84772.0,84772.01,84772.0,84772.0,0.36253
1791066120000,84772.0,84772.01,84772.0,84772.0,1.02593
1791066180000,84772.01,84772.01,84772.0,84772.01,0.31049
1791066240000,84772.01,84772.01,84772.0,84772.01,0.26243
1791066300000,84772.01,84772.01,84772.0,84772.01,0.22627
1791066360000,84772.0,84772.01,84762.0,84762.0,2.2307
1791066420000,84762.01,84777.05,84762.0,84777.05,9.68503
1791066480000,84777.04,84798.53,84777.04,84798.04,63.61817
1791066540000,84798.04,84798.04,84783.48,84784.01,120.14686
1791066600000,84784.01,84784.01,84784.0,84784.01,1.60586
1791066660000,84784.01,84784.01,84784.0,84784.0,0.26022
1791066720000,84784.0,84784.01,84784.0,84784.01,0.34441
1791066780000,84784.0,84784.01,84783.98,84783.98,3.97312
1791066840000,84783.98,84783.99,84783.98,84783.98,1.81585
1791066900000,84783.98,84786.01,84783.98,84786.0,1.7033
1791066960000,84786.01,84786.01,84786.0,84786.0,0.54914
1791067020000,84786.0,84790.01,84786.0,84790.01,0.47135
1791067080000,84790.0,84790.01,84790.0,84790.01,0.48623
1791067140000,84790.0,84792.01,84790.0,84792.01,0.99499
1791067200000,84792.01,84792.01,84792.0,84792.01,0.8083
1791067260000,84792.0,84792.01,84792.0,84792.0,0.59929
1791067320000,84792.01,84792.01,84792.0,84792.0,1.28672
1791067380000,84792.0,84796.85,84792.0,84796.84,2.84966
1791067440000,84796.84,84802.01,84796.84,84802.0,5.94435
1791067500000,84802.0,84802.01,84802.0,84802.0,2.58902
1791067560000,84802.0,84802.01,84802.0,84802.0,1.05842
1791067620000,84802.01,84804.01,84802.0,84804.0,8.78024
1791067680000,84804.01,84804.01,84804.0,84804.01,0.99677
1791067740000,84804.0,84804.01,84803.98,84803.99,8.11261
1791067800000,84803.98,84803.99,84798.0,84798.01,4.53259
1791067860000,84798.0,84805.0,84798.0,84804.99,3.56506
1791067920000,84805.0,84805.0,84804.98,84804.99,2.17898
1791067980000,84804.99,84804.99,84802.0,84802.01,4.01126
1791068040000,84802.0,84802.01,84797.81,84797.81,1.41775
1791068100000,84797.81,84797.82,84777.04,84784.01,8.62561
1791068160000,84784.0,84784.01,84784.0,84784.01,1.2841
1791068220000,84784.01,84792.01,84784.01,84792.0,1.74179
1791068280000,84792.01,84799.74,84792.0,84799.74,1.30134
1791068340000,84799.73,84799.74,84776.01,84776.01,23.85558
1791068400000,84776.02,84781.65,84776.01,84781.65,1.70504
1791068460000,84781.65,84781.65,84781.64,84781.65,0.48442
1791068520000,84781.64,84782.01,84781.64,84782.01,0.37709
1791068580000,84782.0,84782.01,84782.0,84782.0,1.03905
1791068640000,84782.0,84782.01,84781.68,84781.68,0.79206
1791068700000,84781.68,84781.69,84776.01,84776.01,2.36585
1791068760000,84776.01,84776.02,84764.01,84764.02,3.40534
1791068820000,84764.01,84764.02,84760.0,84760.0,1.66142
1791068880000,84760.0,84760.01,84760.0,84760.01,1.27829
1791068940000,84760.01,84760.01,84760.0,84760.01,0.52805
1791069000000,84760.0,84760.01,84760.0,84760.01,0.43981
1791069060000,84760.01,84760.01,84760.0,84760.0,1.42747
1791069120000,84760.0,84760.01,84760.0,84760.0,3.43706
1791069180000,84760.01,84760.01,84760.0,84760.01,0.75722
1791069240000,84760.01,84760.01,84760.0,84760.01,1.18158
1791069300000,84760.01,84760.01,84760.0,84760.01,1.80051
1791069360000,84760.01,84760.01,84759.99,84760.0,1.08923
1791069420000,84760.0,84761.62,84759.99,84761.62,4.76418
1791069480000,84761.62,84761.62,84761.61,84761.61,1.72029
1791069540000,84761.62,84761.62,84761.61,84761.61,0.83778
1791069600000,84761.61,84761.62,84761.61,84761.62,1.29599
1791069660000,84761.62,84761.62,84761.61,84761.62,0.34367
1791069720000,84761.61,84802.01,84761.61,84802.01,5.47165
1791069780000,84802.01,84802.02,84802.0,84802.01,15.76259
1791069840000,84802.01,84818.39,84802.01,84815.29,11.92984
1791069900000,84815.29,84815.3,84815.29,84815.29,1.52769
1791069960000,84815.29,84815.3,84749.3,84772.0,152.90171
1791070020000,84772.01,84782.84,84749.92,84758.65,193.60858
1791070080000,84758.65,84779.66,84749.89,84749.89,23.51331
1791070140000,84749.9,84749.9,84738.0,84738.01,3.77182
1791070200000,84738.0,84741.44,84738.0,84741.44,0.97529
1791070260000,84741.43,84744.03,84741.43,84744.03,1.06645
1791070320000,84744.03,84745.69,84744.02,84745.68,1.22029
1791070380000,84745.68,84745.69,84745.68,84745.68,0.91631
1791070440000,84745.68,84768.01,84745.68,84768.01,1.5153
1791070500000,84768.01,84768.01,84768.0,84768.0,0.49909
1791070560000,84768.01,84772.01,84768.0,84772.01,0.42167
1791070620000,84772.0,84784.7,84772.0,84784.69,1.01355
1791070680000,84784.7,84784.7,84784.69,84784.7,0.35415
1791070740000,84784.69,84784.7,84784.69,84784.69,0.17791
1791070800000,84784.7,84791.69,84784.69,84791.68,1.77854
1791070860000,84791.68,84791.69,84791.68,84791.68,0.40954
1791070920000,84791.69,84791.69,84791.68,84791.69,0.53487
1791070980000,84791.69,84791.69,84774.07,84778.35,7.65901
1791071040000,84778.36,84778.36,84778.35,84778.35,1.37806
1791071100000,84778.35,84778.36,84778.35,84778.36,0.20898
1791071160000,84778.36,84788.81,84778.36,84788.8,3.01058
1791071220000,84788.8,84788.81,84782.33,84782.34,6.27235
1791071280000,84782.33,84782.34,84782.33,84782.34,0.80105
1791071340000,84782.33,84782.34,84772.8,84774.01,2.27698
1791071400000,84774.0,84774.01,84766.0,84766.01,0.73173
1791071460000,84766.0,84766.0,84750.0,84751.38,3.78173
1791071520000,84751.38,84751.38,84744.95,84750.01,3.98585
1791071580000,84750.01,84750.01,84750.0,84750.01,0.23648
1791071640000,84750.0,84750.01,84708.16,84722.0,4.86833
1791071700000,84722.01,84726.01,84722.0,84726.01,1.61902
1791071760000,84726.01,84794.01,84726.01,84760.28,193.38306
1791071820000,84760.28,84794.01,84743.71,84746.91,54.23365
1791071880000,84746.9,84810.01,84746.0,84778.0,134.20735
1791071940000,84778.0,84809.28,84743.2,84753.56,48.72258
1791072000000,84753.57,84754.01,84753.56,84754.0,0.84173
1791072060000,84754.01,84781.57,84754.0,84781.57,3.39386
1791072120000,84781.56,84838.0,84781.56,84838.0,15.1239
1791072180000,84837.99,84838.45,84820.0,84833.34,5.74032
1791072240000,84833.33,84833.34,84816.66,84819.38,4.66749
1791072300000,84819.38,84840.01,84819.38,84840.0,4.90678
1791072360000,84840.01,84840.01,84835.76,84835.77,2.01754
1791072420000,84835.77,84835.77,84814.06,84814.39,4.47557
1791072480000,84814.39,84822.56,84811.27,84811.27,2.22348
1791072540000,84811.27,84811.28,84811.26,84811.26,0.87495
1791072600000,84811.26,84811.27,84811.26,84811.27,0.20086
1791072660000,84811.27,84811.27,84811.26,84811.27,5.51544
1791072720000,84811.26,84825.59,84811.26,84825.59,5.29719
1791072780000,84825.58,84825.59,84820.02,84820.02,1.87175
1791072840000,84820.03,84820.03,84820.02,84820.03,0.26355
1791072900000,84820.03,84820.03,84820.02,84820.03,0.1717
1791072960000,84820.03,84834.01,84820.02,84834.0,2.14954
1791073020000,84834.01,84836.02,84834.0,84836.01,1.35573
1791073080000,84836.02,84844.01,84836.0,84844.0,4.02709
1791073140000,84844.01,84846.0,84844.0,84845.97,0.59843
1791073200000,84845.96,84869.46,84845.96,84853.04,5.67134
1791073260000,84853.04,84863.82,84853.04,84863.82,2.47127
1791073320000,84863.81,84864.0,84863.81,84863.99,0.84547
1791073380000,84864.0,84864.04,84863.99,84864.04,6.69023
1791073440000,84864.03,84864.04,84863.81,84863.81,5.53873
1791073500000,84863.82,84871.34,84863.82,84871.34,2.82118
1791073560000,84871.33,84871.34,84816.0,84816.0,5.82717
1791073620000,84816.01,84816.01,84808.94,84808.95,0.4026
1791073680000,84808.94,84808.95,84808.93,84808.93,5.37315
1791073740000,84808.93,84808.94,84808.93,84808.93,5.87971
1791073800000,84808.93,84808.94,84805.38,84805.39,3.67913
1791073860000,84805.38,84805.39,84805.38,84805.38,1.15632
1791073920000,84805.39,84805.39,84805.38,84805.39,2.69728
1791073980000,84805.39,84806.01,84805.38,84806.01,1.36226
1791074040000,84806.01,84830.0,84806.0,84830.0,4.0472
1791074100000,84830.0,84844.0,84829.99,84844.0,21.42612
1791074160000,84843.99,84844.0,84832.06,84832.06,3.13353
1791074220000,84832.06,84832.07,84822.84,84822.84,4.78378
1791074280000,84822.85,84822.85,84822.84,84822.84,0.51261
1791074340000,84822.84,84822.85,84822.84,84822.85,0.71322
1791074400000,84822.85,84822.85,84806.01,84806.01,5.70485
1791074460000,84806.01,84806.02,84804.05,84804.06,5.08809
1791074520000,84804.05,84804.06,84804.05,84804.06,0.53293
1791074580000,84804.06,84804.06,84804.05,84804.06,0.33132
1791074640000,84804.05,84804.06,84804.05,84804.06,0.61413
1791074700000,84804.05,84804.06,84804.05,84804.05,2.19452
1791074760000,84804.05,84810.29,84798.26,84798.27,7.47146
1791074820000,84798.27,84804.01,84798.26,84804.01,0.63427
1791074880000,84804.01,84804.01,84804.0,84804.0,1.01823
1791074940000,84804.01,84831.61,84804.0,84831.61,4.23507
1791075000000,84831.61,84831.61,84831.6,84831.6,5.01648
1791075060000,84831.61,84831.61,84831.6,84831.6,0.54209
1791075120000,84831.61,84831.61,84831.6,84831.61,0.34659
1791075180000,84831.6,84840.0,84831.6,84839.99,11.01157
1791075240000,84839.99,84840.0,84823.01,84823.06,8.96419
1791075300000,84823.05,84823.06,84789.79,84789.81,32.04388
1791075360000,84789.8,84789.81,84779.99,84779.99,12.12889
1791075420000,84780.0,84780.0,84779.99,84779.99,3.51038
1791075480000,84780.0,84790.0,84779.99,84779.99,58.99068
1791075540000,84780.0,84790.0,84762.0,84790.0,73.9041
1791075600000,84790.0,84815.09,84789.99,84815.09,15.4175
1791075660000,84815.09,84815.09,84789.36,84789.37,9.36847
1791075720000,84789.37,84789.37,84788.67,84789.32,3.39332
1791075780000,84789.31,84789.31,84782.65,84782.66,4.4559
1791075840000,84782.66,84782.66,84776.99,84777.0,1.78696
1791075900000,84776.99,84777.0,84776.99,84776.99,0.15309
1791075960000,84776.99,84793.19,84776.99,84789.18,4.08383
1791076020000,84789.18,84789.19,84782.74,84782.75,1.35918
1791076080000,84782.74,84782.75,84782.74,84782.75,0.34455
1791076140000,84782.75,84782.75,84782.74,84782.74,0.10465
1791076200000,84782.74,84809.21,84782.74,84809.2,5.50779
1791076260000,84809.2,84809.21,84794.01,84794.01,3.03687
1791076320000,84794.01,84794.02,84794.01,84794.02,0.95021
1791076380000,84794.02,84794.02,84769.99,84769.99,13.67581
1791076440000,84770.0,84770.0,84769.99,84770.0,0.32725
1791076500000,84770.0,84770.0,84750.0,84750.0,4.47135
1791076560000,84750.0,84750.01,84740.0,84740.01,3.13283
1791076620000,84740.01,84740.01,84740.0,84740.0,0.76257
1791076680000,84740.01,84740.01,84719.99,84719.99,13.19936
1791076740000,84719.99,84720.0,84719.99,84720.0,0.6671
1791076800000,84719.99,84728.09,84719.99,84726.94,3.52335
1791076860000,84726.93,84726.94,84726.93,84726.94,0.88427
1791076920000,84726.94,84726.94,84726.93,84726.93,0.39604
1791076980000,84726.94,84726.94,84726.93,84726.94,3.05665
1791077040000,84726.94,84726.94,84726.93,84726.94,0.33683
1791077100000,84726.94,84737.98,84726.93,84737.98,2.69968
1791077160000,84737.98,84747.51,84737.97,84747.51,1.48394
1791077220000,84747.51,84747.51,84747.5,84747.5,0.20222
1791077280000,84747.5,84747.51,84747.5,84747.51,0.19486
1791077340000,84747.51,84747.51,84747.5,84747.5,1.68348
1791077400000,84747.51,84747.51,84747.5,84747.51,0.32268
1791077460000,84747.5,84747.51,84747.5,84747.51,0.18953
1791077520000,84747.51,84747.51,84747.5,84747.51,0.95445
1791077580000,84747.5,84747.51,84747.5,84747.5,3.35185
1791077640000,84747.51,84775.05,84747.5,84775.05,10.729
1791077700000,84775.05,84783.76,84774.29,84780.0,8.76104
1791077760000,84780.0,84780.0,84779.99,84780.0,3.72309
1791077820000,84779.99,84797.63,84779.99,84782.81,9.71609
1791077880000,84782.81,84782.81,84782.8,84782.8,0.52681
1791077940000,84782.81,84782.81,84774.85,84774.85,8.83208
1791078000000,84774.86,84774.86,84774.85,84774.85,0.45592
1791078060000,84774.86,84774.86,84774.85,84774.85,0.36429
1791078120000,84774.86,84774.86,84774.85,84774.86,0.27834
1791078180000,84774.86,84774.86,84774.85,84774.86,0.61528
1791078240000,84774.86,84774.86,84774.85,84774.86,1.17777
1791078300000,84774.86,84774.86,84774.85,84774.86,0.2688
1791078360000,84774.86,84774.86,84774.85,84774.86,0.70463
1791078420000,84774.86,84774.86,84774.85,84774.86,0.19282
1791078480000,84774.85,84774.86,84774.85,84774.85,0.47315
1791078540000,84774.86,84774.86,84774.85,84774.85,0.58997
1791078600000,84774.86,84774.86,84774.85,84774.85,1.70022
1791078660000,84774.85,84782.46,84774.85,84782.45,4.06188
1791078720000,84782.46,84800.0,84782.45,84800.0,5.59841
1791078780000,84799.99,84807.98,84799.99,84807.97,8.82431
1791078840000,84807.97,84807.98,84807.97,84807.98,1.10576
1791078900000,84807.98,84807.98,84807.97,84807.98,1.14307
1791078960000,84807.98,84807.98,84807.97,84807.98,0.41475
1791079020000,84807.97,84807.97,84802.59,84802.59,10.7224
1791079080000,84802.6,84802.6,84802.59,84802.59,2.90688
1791079140000,84802.6,84802.6,84802.59,84802.59,2.04992
1791079200000,84802.6,84803.56,84802.59,84803.56,1.58821
1791079260000,84804.01,84820.0,84804.01,84819.99,2.29888
1791079320000,84820.0,84820.0,84819.99,84819.99,3.42579
1791079380000,84820.0,84831.89,84819.99,84831.88,7.62315
1791079440000,84831.89,84846.0,84831.88,84846.0,3.25466
1791079500000,84846.0,84877.09,84845.99,84869.85,7.67938
1791079560000,84869.85,84869.85,84840.0,84840.01,8.7048
1791079620000,84840.0,84840.01,84819.48,84819.49,7.14165
1791079680000,84819.48,84819.49,84819.48,84819.49,2.08252
1791079740000,84819.48,84819.49,84819.48,84819.48,1.03182
1791079800000,84819.49,84834.01,84805.29,84834.0,10.63332
1791079860000,84834.01,84834.01,84834.0,84834.0,0.82461
1791079920000,84834.0,84834.01,84834.0,84834.0,0.66308
1791079980000,84834.01,84834.01,84834.0,84834.01,1.94938
1791080040000,84834.0,84834.01,84828.0,84828.01,3.53879
1791080100000,84828.0,84828.01,84821.67,84821.67,3.26285
1791080160000,84821.68,84821.68,84810.0,84810.0,2.49851
1791080220000,84810.01,84818.01,84800.0,84818.01,5.00339
1791080280000,84818.01,84830.47,84818.0,84830.46,1.27037
1791080340000,84830.46,84830.47,84827.75,84827.75,10.5162
1791080400000,84827.76,84827.76,84827.75,84827.76,0.65945
1791080460000,84827.76,84827.76,84827.75,84827.75,0.35271
1791080520000,84827.75,84841.41,84827.75,84841.4,3.14264
1791080580000,84841.41,84850.0,84841.4,84844.12,3.89764
1791080640000,84844.13,84844.13,84842.0,84842.0,1.56002
1791080700000,84842.0,84842.01,84838.28,84838.29,0.99235
1791080760000,84838.28,84838.29,84838.28,84838.28,0.5112
1791080820000,84838.28,84838.29,84838.28,84838.28,0.29866
1791080880000,84838.29,84838.29,84809.99,84809.99,34.93433
1791080940000,84810.0,84836.01,84810.0,84836.01,26.73525
1791081000000,84836.0,84838.0,84836.0,84837.99,1.13973
1791081060000,84838.0,84842.97,84818.0,84818.84,8.65491
1791081120000,84818.85,84825.74,84818.85,84825.74,0.55503
1791081180000,84825.73,84855.48,84825.73,84855.47,10.5117
1791081240000,84855.48,84855.48,84828.0,84828.01,16.35501
1791081300000,84828.0,84828.01,84828.0,84828.01,0.69868
1791081360000,84828.01,84828.01,84828.0,84828.01,0.11975
1791081420000,84828.0,84828.01,84828.0,84828.01,4.36644
1791081480000,84828.01,84828.01,84809.66,84809.66,5.76895
1791081540000,84809.66,84809.67,84807.01,84808.0,8.98326
1791081600000,84808.0,84808.01,84808.0,84808.0,2.07598
1791081660000,84808.01,84808.01,84798.4,84798.41,6.34336
1791081720000,84798.4,84814.01,84796.49,84806.66,9.28629
1791081780000,84806.66,84806.66,84800.0,84800.0,1.17218
1791081840000,84800.0,84800.01,84800.0,84800.01,0.48403
1791081900000,84800.01,84800.01,84796.0,84796.0,1.29819
1791081960000,84796.01,84796.01,84789.56,84789.56,3.12315
1791082020000,84789.56,84789.57,84781.05,84781.05,1.81676
1791082080000,84781.06,84804.02,84781.05,84804.02,6.46593
1791082140000,84804.01,84804.02,84804.01,84804.01,0.54128
1791082200000,84804.02,84804.02,84799.6,84799.61,3.25
1791082260000,84799.61,84799.61,84794.0,84794.0,2.63287
1791082320000,84794.0,84794.01,84782.79,84782.8,5.21734
1791082380000,84782.8,84782.8,84782.79,84782.8,0.26822
1791082440000,84782.8,84804.05,84782.79,84804.05,14.57483
1791082500000,84804.05,84804.05,84804.02,84804.03,2.27093
1791082560000,84804.02,84804.03,84802.16,84802.17,0.87243
1791082620000,84802.16,84802.17,84802.16,84802.16,0.33892
1791082680000,84802.17,84802.17,84802.16,84802.16,0.57815
1791082740000,84802.16,84802.17,84802.16,84802.17,0.30035
1791082800000,84802.17,84802.17,84802.16,84802.17,0.52342
1791082860000,84802.16,84802.17,84802.16,84802.17,0.42826
1791082920000,84802.17,84802.17,84802.16,84802.17,0.25619
1791082980000,84802.16,84802.17,84802.16,84802.17,0.45787
1791083040000,84802.16,84802.17,84802.16,84802.17,0.31602
1791083100000,84802.16,84802.17,84802.16,84802.17,0.20725
1791083160000,84802.17,84802.17,84802.16,84802.17,0.36788
1791083220000,84802.16,84802.17,84802.16,84802.16,0.35865
1791083280000,84802.17,84802.17,84802.16,84802.17,0.36895
1791083340000,84802.16,84802.17,84802.16,84802.16,0.2661
1791083400000,84802.17,84802.17,84802.16,84802.17,0.15952
1791083460000,84802.16,84802.17,84802.16,84802.17,0.37625
1791083520000,84802.17,84802.17,84802.16,84802.17,0.21455
1791083580000,84802.17,84810.01,84802.16,84810.0,8.0066
1791083640000,84810.0,84812.36,84808.0,84812.36,23.0572
1791083700000,84812.35,84812.36,84812.34,84812.35,1.53985
1791083760000,84812.36,84812.36,84800.04,84800.05,5.85418
1791083820000,84800.05,84800.05,84800.04,84800.05,0.85983
1791083880000,84800.05,84800.05,84800.04,84800.05,3.09534
1791083940000,84800.04,84800.05,84800.04,84800.04,0.71828
1791084000000,84800.05,84800.05,84800.04,84800.05,0.50087
1791084060000,84800.05,84810.0,84800.04,84810.0,5.81957
1791084120000,84810.0,84820.91,84809.99,84820.91,18.19317
1791084180000,84820.91,84821.59,84820.9,84821.59,6.03301
1791084240000,84821.59,84821.59,84821.58,84821.59,1.00151
1791084300000,84821.59,84825.48,84821.58,84825.48,5.87546
1791084360000,84825.48,84825.48,84825.47,84825.47,0.90113
1791084420000,84825.48,84825.48,84819.18,84819.47,6.23384
1791084480000,84819.48,84819.48,84796.41,84796.42,37.07542
1791084540000,84796.42,84796.42,84796.41,84796.41,1.27197
1791084600000,84796.42,84815.04,84796.41,84815.04,4.59003
1791084660000,84815.04,84825.48,84815.03,84825.48,4.06058
1791084720000,84825.48,84825.48,84825.47,84825.48,0.96558
1791084780000,84825.48,84825.48,84825.47,84825.48,0.84961
1791084840000,84825.48,84852.66,84825.47,84852.65,4.54258
1791084900000,84852.66,84880.01,84835.0,84835.01,20.10494
1791084960000,84835.01,84835.01,84834.42,84834.43,1.27306
1791085020000,84834.43,84846.63,84834.43,84846.63,3.27211
1791085080000,84846.63,84848.0,84846.62,84847.99,1.34765
1791085140000,84847.99,84850.88,84847.99,84850.88,0.98717
1791085200000,84850.88,84880.78,84850.87,84880.77,2.45396
1791085260000,84880.78,84890.0,84876.0,84876.0,5.98488
1791085320000,84876.01,84884.97,84876.0,84884.97,2.50069
1791085380000,84884.96,84884.97,84884.96,84884.96,1.0667
1791085440000,84884.97,84884.97,84884.96,84884.97,0.31626
1791085500000,84884.97,84884.97,84884.96,84884.97,0.52843
1791085560000,84884.96,84884.97,84866.8,84866.81,2.34885
1791085620000,84866.81,84870.01,84866.8,84870.01,2.45087
1791085680000,84870.0,84870.01,84870.0,84870.01,0.31133
1791085740000,84870.01,84870.01,84866.22,84866.22,1.76555
1791085800000,84866.23,84866.23,84866.22,84866.23,8.03886
1791085860000,84866.23,84866.23,84866.22,84866.23,4.05972
1791085920000,84866.23,84866.23,84853.65,84853.66,7.89223
1791085980000,84853.65,84853.66,84853.65,84853.65,4.65216
1791086040000,84853.65,84853.66,84848.0,84848.01,3.43084
1791086100000,84848.01,84848.01,84848.0,84848.01,0.57356
1791086160000,84848.01,84848.01,84840.87,84840.88,3.49021
1791086220000,84840.87,84840.88,84840.87,84840.87,0.555
1791086280000,84840.88,84840.88,84840.87,84840.88,1.54567
1791086340000,84840.88,84840.88,84840.87,84840.87,0.48749
1791086400000,84840.88,84840.88,84840.87,84840.87,3.04125
1791086460000,84840.87,84840.88,84840.87,84840.88,1.61174
1791086520000,84840.87,84840.88,84840.87,84840.87,0.61842
1791086580000,84840.88,84844.01,84840.87,84844.0,4.34197
1791086640000,84844.01,84844.01,84844.0,84844.0,0.62445
1791086700000,84844.01,84844.01,84844.0,84844.0,0.64181
1791086760000,84844.01,84844.01,84844.0,84844.01,0.60565
1791086820000,84844.0,84844.01,84836.0,84836.01,2.38499
1791086880000,84836.0,84836.01,84826.0,84826.01,4.79171
1791086940000,84826.0,84826.01,84823.67,84823.68,1.53638
1791087000000,84823.68,84823.68,84823.67,84823.68,0.87046
1791087060000,84823.67,84823.68,84815.89,84815.9,1.78567
1791087120000,84815.9,84815.9,84815.89,84815.89,0.90884
1791087180000,84815.89,84815.9,84808.11,84808.12,3.74246
1791087240000,84808.11,84808.12,84808.11,84808.12,0.28658
1791087300000,84808.11,84808.12,84808.11,84808.12,0.89868
1791087360000,84808.11,84808.12,84808.11,84808.12,1.75262
1791087420000,84808.12,84808.12,84808.11,84808.12,0.44149
1791087480000,84808.12,84808.12,84808.11,84808.12,1.98831
1791087540000,84808.11,84808.12,84808.11,84808.12,0.52562
1791087600000,84808.12,84812.01,84808.11,84812.0,5.83292
1791087660000,84812.0,84812.01,84812.0,84812.01,0.83081
1791087720000,84812.01,84812.01,84812.0,84812.01,0.3954
1791087780000,84812.01,84812.01,84812.0,84812.01,0.4365
1791087840000,84812.01,84812.01,84812.0,84812.0,0.68638
1791087900000,84812.0,84812.01,84812.0,84812.01,0.91606
1791087960000,84812.01,84812.01,84812.0,84812.0,0.74437
1791088020000,84812.0,84812.01,84812.0,84812.0,0.61393
1791088080000,84812.01,84812.01,84812.0,84812.0,0.68488
1791088140000,84812.01,84812.01,84812.0,84812.01,0.19577
1791088200000,84812.0,84812.01,84812.0,84812.0,0.45987
1791088260000,84812.01,84812.01,84812.0,84812.01,1.33332
1791088320000,84812.01,84812.01,84812.0,84812.01,0.29275
1791088380000,84812.01,84812.01,84812.0,84812.01,0.63549
1791088440000,84812.01,84812.01,84812.0,84812.01,0.84864
1791088500000,84812.01,84812.01,84812.0,84812.0,3.98296
1791088560000,84812.01,84812.01,84812.0,84812.01,0.87185
1791088620000,84812.01,84812.01,84812.0,84812.01,0.50794
1791088680000,84812.01,84812.01,84812.0,84812.01,0.27266
1791088740000,84812.01,84812.01,84812.0,84812.01,0.84069
1791088800000,84812.0,84812.01,84812.0,84812.01,0.66363
1791088860000,84812.0,84812.01,84812.0,84812.01,0.55401
1791088920000,84812.0,84812.01,84812.0,84812.01,0.39074
1791088980000,84812.01,84812.01,84812.0,84812.01,0.28361
1791089040000,84812.01,84812.01,84812.0,84812.0,0.73355
1791089100000,84812.0,84812.01,84812.0,84812.01,0.49214
1791089160000,84812.01,84812.01,84812.0,84812.0,1.30436
1791089220000,84812.01,84812.01,84812.0,84812.01,0.54794
1791089280000,84812.01,84812.01,84812.0,84812.0,0.33012
1791089340000,84812.01,84812.01,84812.0,84812.01,1.36968
1791089400000,84812.0,84812.01,84812.0,84812.0,1.71063
1791089460000,84812.01,84812.01,84812.0,84812.01,1.24857
1791089520000,84812.0,84812.01,84812.0,84812.01,0.94872
1791089580000,84812.01,84812.01,84812.0,84812.01,0.87959
1791089640000,84812.0,84812.01,84812.0,84812.01,0.59737
1791089700000,84812.01,84812.01,84812.0,84812.0,1.47953
1791089760000,84812.01,84812.01,84812.0,84812.01,0.63221
1791089820000,84812.01,84812.01,84812.0,84812.01,0.55139
1791089880000,84812.01,84812.01,84811.93,84811.94,5.5533
1791089940000,84811.94,84811.94,84811.93,84811.94,0.86
1791090000000,84811.94,84811.94,84811.61,84811.62,5.3729
1791090060000,84811.62,84829.16,84811.61,84829.16,7.98812
1791090120000,84829.16,84829.16,84829.15,84829.16,0.83532
1791090180000,84829.15,84829.16,84828.95,84828.96,5.35458
1791090240000,84828.96,84828.96,84828.95,84828.95,0.5341
1791090300000,84828.95,84828.96,84828.95,84828.96,1.23291
1791090360000,84828.96,84828.96,84828.84,84828.84,4.90378
1791090420000,84828.85,84828.85,84828.84,84828.85,0.82631
1791090480000,84828.85,84828.85,84828.84,84828.84,3.47757
1791090540000,84828.85,84842.01,84828.84,84835.16,10.36433
1791090600000,84835.16,84835.16,84835.15,84835.15,1.93697
1791090660000,84835.16,84835.16,84834.0,84834.01,4.18716
1791090720000,84834.01,84834.01,84834.0,84834.01,1.12034
1791090780000,84834.0,84834.01,84834.0,84834.01,1.60838
1791090840000,84834.01,84834.01,84834.0,84834.01,0.53323
1791090900000,84834.01,84834.01,84831.38,84831.39,7.90041
1791090960000,84831.39,84831.39,84831.38,84831.38,0.34322
1791091020000,84831.39,84831.39,84831.38,84831.39,0.27015
1791091080000,84831.39,84831.39,84830.67,84831.39,10.7292
1791091140000,84831.39,84861.48,84831.38,84833.99,45.72399
1791091200000,84833.99,84833.99,84833.98,84833.99,1.79611
1791091260000,84833.99,84856.74,84833.98,84856.74,7.83359
1791091320000,84856.73,84856.74,84856.73,84856.74,0.97864
1791091380000,84856.74,84856.74,84856.73,84856.74,0.68812
1791091440000,84856.74,84866.33,84856.73,84866.33,2.79183
1791091500000,84866.33,84866.33,84866.32,84866.32,1.34598
1791091560000,84866.32,84872.6,84866.32,84871.02,11.59841
1791091620000,84871.03,84871.03,84871.02,84871.02,2.04847
1791091680000,84871.03,84871.03,84871.02,84871.03,0.99453
1791091740000,84871.02,84871.03,84861.33,84861.34,9.15929
1791091800000,84861.34,84861.34,84861.33,84861.33,0.63251
1791091860000,84861.34,84861.34,84861.33,84861.34,0.46197
1791091920000,84861.33,84861.34,84861.33,84861.34,3.17013
1791091980000,84861.34,84861.34,84861.33,84861.33,2.48788
1791092040000,84861.33,84871.22,84861.33,84871.22,4.3902
1791092100000,84871.22,84879.78,84871.21,84879.78,2.36893
1791092160000,84879.77,84886.01,84879.77,84886.0,1.4916
1791092220000,84886.01,84893.46,84886.0,84893.46,3.30555
1791092280000,84893.46,84911.69,84893.45,84909.58,3.39504
1791092340000,84909.57,84909.58,84901.2,84901.2,2.20504
1791092400000,84901.21,84901.21,84901.2,84901.21,2.73682
1791092460000,84901.2,84901.21,84901.2,84901.21,2.14345
1791092520000,84901.2,84901.21,84901.2,84901.21,1.65016
1791092580000,84901.2,84909.71,84901.2,84909.71,10.76891
1791092640000,84909.7,84923.68,84909.7,84923.67,1.82404
1791092700000,84923.68,84923.68,84923.67,84923.68,0.50623
1791092760000,84923.67,84923.68,84916.0,84916.0,2.18009
1791092820000,84916.01,84916.01,84916.0,84916.01,0.85518
1791092880000,84916.01,84916.01,84909.59,84909.6,1.41895
1791092940000,84909.6,84909.6,84909.59,84909.59,0.37565
1791093000000,84909.6,84909.6,84909.59,84909.59,0.40087
1791093060000,84909.6,84909.6,84909.59,84909.59,0.97682
1791093120000,84909.6,84909.6,84909.59,84909.6,0.43924
1791093180000,84909.6,84918.01,84909.59,84918.01,4.71633
1791093240000,84918.0,84924.53,84918.0,84924.53,3.2156
1791093300000,84924.53,84924.53,84908.43,84908.43,8.91589
1791093360000,84908.44,84922.49,84908.43,84912.01,3.61968
1791093420000,84912.0,84912.01,84912.0,84912.0,0.55174
1791093480000,84912.0,84912.01,84912.0,84912.01,0.55477
1791093540000,84912.01,84912.01,84912.0,84912.01,0.53659
1791093600000,84912.01,84916.01,84912.0,84916.0,2.73055
1791093660000,84916.01,84916.01,84916.0,84916.01,0.84456
1791093720000,84916.01,84916.01,84916.0,84916.0,0.81537
1791093780000,84916.01,84916.01,84916.0,84916.0,0.98327
1791093840000,84916.0,84916.01,84916.0,84916.0,0.41788
1791093900000,84916.0,84922.49,84916.0,84922.49,5.21127
1791093960000,84922.49,84922.49,84922.48,84922.48,0.74705
1791094020000,84922.49,84922.49,84922.48,84922.48,1.52973
1791094080000,84922.48,84922.49,84922.48,84922.48,1.90577
1791094140000,84922.48,84922.49,84922.48,84922.48,1.68618
1791094200000,84922.48,84922.49,84922.48,84922.49,1.33722
1791094260000,84922.48,84922.49,84922.48,84922.48,1.21522
1791094320000,84922.49,84922.49,84922.48,84922.49,3.77665
1791094380000,84922.48,84922.49,84922.48,84922.48,1.38701
1791094440000,84922.48,84922.6,84916.0,84922.6,14.86306
1791094500000,84922.6,84922.61,84922.59,84922.61,1.05982
1791094560000,84922.61,84925.58,84922.6,84925.57,3.65357
1791094620000,84925.58,84925.58,84925.57,84925.58,0.45064
1791094680000,84925.58,84925.58,84925.56,84925.57,13.48969
1791094740000,84925.56,84930.01,84925.56,84930.0,7.30666
1791094800000,84930.0,84942.5,84930.0,84942.49,4.75671
1791094860000,84942.5,84971.99,84942.5,84971.99,7.5136
1791094920000,84971.98,85058.01,84971.98,84974.03,50.65869
1791094980000,84974.03,84982.0,84964.0,84964.0,6.21743
1791095040000,84964.01,84964.01,84960.78,84962.0,3.84893
1791095100000,84961.99,84962.0,84935.98,84935.99,15.25937
1791095160000,84935.98,84935.98,84900.0,84900.01,7.89597
1791095220000,84900.0,84900.01,84900.0,84900.01,1.0009
1791095280000,84900.01,84900.01,84877.18,84877.18,6.60633
1791095340000,84877.18,84958.01,84877.18,84947.61,8.90591
1791095400000,84947.62,84947.62,84919.74,84939.22,5.47084
1791095460000,84939.23,84939.23,84929.63,84931.99,2.64495
1791095520000,84932.0,85017.13,84931.99,85017.13,13.44693
1791095580000,85017.13,85017.13,85010.13,85010.13,1.79885
1791095640000,85010.13,85022.01,85010.13,85012.64,3.94333
1791095700000,85012.63,85022.01,85010.35,85022.01,3.22863
1791095760000,85022.01,85029.2,85022.0,85029.2,2.94388
1791095820000,85029.19,85029.2,84989.04,84989.04,17.39941
1791095880000,84989.04,84989.05,84979.01,84987.48,3.37924
1791095940000,84987.48,84987.48,84980.0,84980.0,2.06629
1791096000000,84980.01,84980.01,84978.35,84978.36,1.43063
1791096060000,84978.35,84978.36,84978.35,84978.36,0.68705
1791096120000,84978.36,84978.36,84948.34,84959.58,22.50263
1791096180000,84959.57,84962.47,84957.58,84957.58,2.19884
1791096240000,84957.58,84957.89,84957.58,84957.89,1.17007
1791096300000,84957.89,84964.01,84957.88,84964.01,3.19719
1791096360000,84964.0,84987.47,84964.0,84987.46,1.45972
1791096420000,84987.46,84988.01,84987.46,84988.01,0.49865
1791096480000,84988.0,84993.99,84988.0,84993.99,1.10335
1791096540000,84993.98,84995.41,84993.98,84995.08,1.72625
1791096600000,84995.09,84995.41,84995.08,84995.41,0.34219
1791096660000,84995.41,85029.83,84995.4,85029.83,2.90351
1791096720000,85029.82,85042.0,85029.82,85042.0,1.21405
1791096780000,85041.99,85046.01,85041.99,85046.0,2.27632
1791096840000,85046.01,85072.54,85046.0,85072.53,4.23789
1791096900000,85072.53,85072.54,85055.11,85055.11,3.39343
1791096960000,85055.11,85055.12,85052.67,85052.67,2.72372
1791097020000,85052.68,85052.68,85038.27,85040.94,3.2886
1791097080000,85040.94,85040.95,85031.74,85031.74,2.92925
1791097140000,85031.75,85031.75,85031.73,85031.74,2.03905
1791097200000,85031.74,85031.74,85031.73,85031.74,0.89814
1791097260000,85031.73,85031.74,85026.01,85026.01,3.64664
1791097320000,85026.02,85026.02,85022.0,85022.01,1.64395
1791097380000,85022.0,85022.01,85022.0,85022.0,1.70558
1791097440000,85022.01,85022.01,85016.07,85016.07,2.16955
1791097500000,85016.08,85016.08,85016.07,85016.08,1.2259
1791097560000,85016.08,85016.08,85016.07,85016.07,0.96019
1791097620000,85016.08,85016.08,85016.07,85016.07,1.19525
1791097680000,85016.08,85016.08,85016.07,85016.07,0.45169
1791097740000,85016.08,85016.08,85014.0,85014.0,1.26756
1791097800000,85014.0,85014.01,85009.64,85009.65,6.47768
1791097860000,85009.64,85009.65,85009.64,85009.65,0.71545
1791097920000,85009.65,85009.65,85009.64,85009.64,1.41017
1791097980000,85009.65,85009.65,84992.97,84992.97,2.82576
1791098040000,84992.97,84992.98,84989.12,84989.13,2.88901
1791098100000,84989.13,84989.13,84970.03,84972.0,6.32427
1791098160000,84972.0,84972.01,84968.47,84968.48,2.56722
1791098220000,84968.47,84968.48,84948.77,84948.77,4.31462
1791098280000,84948.77,84948.78,84934.0,84934.0,4.2183
1791098340000,84934.01,84934.01,84934.0,84934.0,0.7631
1791098400000,84934.01,84959.35,84934.0,84959.35,2.45589
1791098460000,84959.35,84960.0,84959.34,84960.0,1.01988
1791098520000,84960.0,84980.01,84959.99,84980.01,3.17961
1791098580000,84980.01,84988.0,84980.0,84987.99,1.98245
1791098640000,84988.0,84988.74,84987.99,84988.74,2.26314
1791098700000,84988.73,85001.79,84988.73,84996.01,11.62195
1791098760000,84996.01,84996.01,84980.64,84980.65,2.34759
1791098820000,84980.64,84980.65,84980.64,84980.64,1.50286
1791098880000,84980.65,84980.65,84980.64,84980.64,2.98644
1791098940000,84980.65,84980.65,84972.73,84972.74,6.41235
1791099000000,84972.73,84972.74,84936.41,84936.41,8.53703
1791099060000,84936.41,84946.01,84936.41,84944.81,3.75933
1791099120000,84944.82,84944.82,84926.7,84926.7,6.8338
1791099180000,84926.7,84926.71,84926.7,84926.71,0.41247
1791099240000,84926.71,84926.71,84926.7,84926.71,0.77246
1791099300000,84926.71,84949.11,84924.51,84949.1,7.68552
1791099360000,84949.1,84953.98,84949.1,84953.98,0.80767
1791099420000,84953.97,84953.98,84953.97,84953.97,1.4353
1791099480000,84953.98,84953.98,84941.51,84941.53,5.12414
1791099540000,84941.53,84941.53,84935.38,84935.54,2.13891
1791099600000,84935.54,84957.5,84935.53,84957.49,2.33595
1791099660000,84957.5,84957.5,84957.49,84957.49,0.37434
1791099720000,84957.5,84970.57,84957.49,84970.57,3.46731
1791099780000,84970.57,84972.01,84970.56,84972.0,1.5694
1791099840000,84972.0,84972.01,84972.0,84972.0,0.38969
1791099900000,84972.01,85000.0,84972.0,84999.99,1.50667
1791099960000,85000.0,85000.0,84999.99,85000.0,1.09166
1791100020000,84999.99,85000.0,84999.99,84999.99,0.9929
1791100080000,85000.0,85016.08,84999.99,85016.07,3.29317
1791100140000,85016.08,85023.56,85016.07,85023.55,2.12185
1791100200000,85023.55,85023.56,85023.55,85023.55,0.21782
1791100260000,85023.55,85031.08,85023.55,85031.08,2.32151
1791100320000,85031.07,85031.08,85031.07,85031.07,3.31204
1791100380000,85031.07,85059.83,85031.07,85058.04,37.88332
1791100440000,85058.04,85058.05,85023.43,85023.43,24.14752
1791100500000,85023.44,85035.95,85023.43,85035.94,4.31546
1791100560000,85035.95,85035.95,85021.92,85025.05,4.93769
1791100620000,85025.05,85067.35,85025.04,85054.25,14.70498
1791100680000,85054.26,85100.0,85054.26,85099.99,8.39321
1791100740000,85099.99,85112.65,85096.0,85106.0,6.14835
1791100800000,85106.01,85121.97,85105.73,85121.97,13.51964
1791100860000,85121.96,85170.19,85121.96,85170.19,12.79099
1791100920000,85170.18,85180.12,85129.99,85132.0,16.72445
1791100980000,85132.0,85163.74,85115.99,85116.0,8.77495
1791101040000,85115.99,85124.15,85115.99,85124.15,3.95927
1791101100000,85124.15,85136.01,85124.14,85136.01,2.10515
1791101160000,85136.0,85153.65,85130.0,85130.0,7.27949
1791101220000,85130.0,85130.01,85112.49,85112.49,3.16863
1791101280000,85112.49,85112.49,85096.01,85096.02,4.8733
1791101340000,85096.02,85124.18,85096.01,85124.18,35.74716
1791101400000,85124.17,85150.0,85124.17,85149.99,3.20128
1791101460000,85149.99,85160.01,85149.99,85160.0,3.32947
1791101520000,85160.0,85166.01,85160.0,85166.01,1.93513
1791101580000,85166.0,85175.54,85166.0,85175.54,1.74969
1791101640000,85175.54,85175.54,85149.9,85149.9,6.9887
1791101700000,85149.9,85149.91,85149.9,85149.9,1.16403
1791101760000,85149.91,85149.91,85141.74,85141.74,2.67009
1791101820000,85141.74,85148.0,85134.3,85148.0,2.3436
1791101880000,85148.0,85148.0,85147.99,85148.0,1.52133
1791101940000,85148.0,85148.0,85130.0,85130.01,2.59751
1791102000000,85130.0,85130.01,85124.0,85124.0,2.54065
1791102060000,85124.01,85131.38,85124.0,85131.38,2.08823
1791102120000,85131.38,85142.01,85131.37,85142.01,1.04935
1791102180000,85142.0,85146.0,85142.0,85145.99,1.72913
1791102240000,85145.99,85149.96,85145.99,85149.95,0.75852
1791102300000,85149.95,85158.0,85149.95,85158.0,0.78335
1791102360000,85158.0,85183.99,85158.0,85183.99,6.04308
1791102420000,85183.99,85192.01,85183.99,85192.0,2.32489
1791102480000,85192.0,85195.84,85192.0,85195.84,0.83358
1791102540000,85195.83,85195.84,85136.04,85137.99,8.26451
1791102600000,85137.99,85148.64,85090.09,85090.09,7.79773
1791102660000,85090.1,85098.01,85064.0,85064.01,10.20962
1791102720000,85064.0,85085.77,85064.0,85085.77,2.9092
1791102780000,85085.76,85090.01,85060.65,85067.99,15.43537
1791102840000,85068.0,85085.02,85067.99,85085.02,2.78956
1791102900000,85085.01,85085.02,85059.02,85059.03,6.92379
1791102960000,85059.03,85065.07,85059.02,85065.06,1.34356
1791103020000,85065.06,85065.07,85053.01,85053.02,4.83506
1791103080000,85053.02,85053.02,85044.56,85044.56,5.44875
1791103140000,85044.56,85044.57,85032.99,85033.0,9.07168
1791103200000,85033.0,85068.0,85032.99,85068.0,25.91284
1791103260000,85068.0,85068.0,85067.99,85068.0,1.53919
1791103320000,85068.0,85070.0,85067.99,85069.99,1.86612
1791103380000,85070.0,85070.37,85069.99,85070.36,2.88449
1791103440000,85070.36,85077.05,85070.36,85077.04,3.01654
1791103500000,85077.05,85084.95,85077.04,85084.94,1.33321
1791103560000,85084.95,85108.0,85084.94,85108.0,18.32398
1791103620000,85107.99,85114.01,85107.99,85114.0,1.87695
1791103680000,85114.01,85114.01,85114.0,85114.0,1.68134
1791103740000,85114.01,85114.01,85114.0,85114.01,1.54669
1791103800000,85114.01,85118.01,85114.0,85118.0,5.91587
1791103860000,85118.01,85118.01,85095.92,85100.23,15.71605
1791103920000,85100.23,85100.23,85100.22,85100.23,0.88424
1791103980000,85100.23,85100.23,85100.22,85100.23,0.86709
1791104040000,85100.23,85100.23,85100.22,85100.22,0.62695
1791104100000,85100.22,85100.23,85100.22,85100.22,1.07735
1791104160000,85100.22,85100.23,85100.22,85100.23,1.36907
1791104220000,85100.23,85100.23,85100.22,85100.22,0.90725
1791104280000,85100.22,85100.23,85100.22,85100.22,1.53694
1791104340000,85100.23,85106.48,85100.22,85106.48,2.57023
1791104400000,85106.48,85106.48,85106.47,85106.48,0.69897
1791104460000,85106.48,85106.48,85106.47,85106.47,1.12347
1791104520000,85106.48,85106.48,85085.72,85085.73,5.42681
1791104580000,85085.73,85085.73,85067.41,85067.41,11.57879
1791104640000,85067.42,85067.42,85067.41,85067.41,1.26751
1791104700000,85067.42,85067.42,85059.9,85059.9,3.81491
1791104760000,85059.91,85072.01,85058.34,85072.0,5.21614
1791104820000,85072.01,85111.52,85072.01,85111.51,2.81956
1791104880000,85111.51,85122.01,85111.51,85122.01,3.08455
1791104940000,85122.0,85126.01,85122.0,85126.0,1.49278
1791105000000,85126.01,85128.01,85126.0,85128.01,3.67388
1791105060000,85128.01,85141.96,85128.0,85141.15,5.7862
1791105120000,85141.14,85141.15,85141.14,85141.15,3.89632
1791105180000,85141.15,85141.15,85141.14,85141.15,4.72982
1791105240000,85141.15,85141.15,85128.01,85128.01,17.65045
1791105300000,85128.02,85140.01,85128.01,85140.01,2.40098
1791105360000,85140.0,85154.01,85140.0,85154.01,3.3468
1791105420000,85154.01,85154.01,85154.0,85154.01,2.00776
1791105480000,85154.01,85165.98,85154.01,85162.0,2.8653
1791105540000,85162.01,85172.01,85162.0,85172.01,2.23414
1791105600000,85172.01,85172.01,85172.0,85172.01,1.41083
1791105660000,85172.0,85172.01,85172.0,85172.01,1.80344
1791105720000,85172.0,85178.01,85172.0,85178.01,3.02461
1791105780000,85178.01,85201.53,85178.0,85201.53,5.2317
1791105840000,85201.53,85219.56,85201.52,85202.37,9.18972
1791105900000,85202.37,85212.58,85202.37,85212.57,2.11798
1791105960000,85212.58,85212.58,85201.72,85212.58,4.57953
1791106020000,85212.58,85250.99,85212.58,85237.46,8.98363
1791106080000,85237.45,85264.07,85237.45,85264.06,9.00359
1791106140000,85264.06,85281.69,85264.06,85264.07,10.89126
1791106200000,85264.08,85289.63,85264.07,85278.3,11.00431
1791106260000,85278.3,85278.31,85257.66,85257.67,4.85047
1791106320000,85257.66,85269.79,85257.66,85269.78,2.58562
1791106380000,85269.79,85269.79,85234.0,85234.0,10.00751
1791106440000,85234.01,85238.01,85226.0,85226.0,14.13066
1791106500000,85226.01,85226.01,85187.22,85195.41,22.29413
1791106560000,85195.41,85219.87,85195.4,85219.86,3.32602
1791106620000,85219.87,85240.01,85219.86,85232.37,7.42991
1791106680000,85232.36,85232.37,85210.0,85210.0,4.56855
1791106740000,85210.0,85232.69,85210.0,85232.69,5.02404
1791106800000,85232.69,85257.66,85232.68,85257.66,1.77498
1791106860000,85257.65,85280.01,85257.65,85280.0,2.19016
1791106920000,85280.0,85294.01,85280.0,85294.01,8.31858
1791106980000,85294.0,85294.01,85260.25,85272.47,11.10484
1791107040000,85272.46,85280.01,85272.46,85276.0,6.16652
1791107100000,85276.01,85288.85,85276.0,85288.85,2.47843
1791107160000,85288.85,85288.9,85288.84,85288.9,4.72083
1791107220000,85288.9,85318.01,85288.89,85316.01,12.48383
1791107280000,85316.0,85317.01,85316.0,85317.01,2.59629
1791107340000,85317.01,85339.55,85280.67,85280.68,17.78831
1791107400000,85280.67,85280.68,85266.15,85266.19,2.7587
1791107460000,85266.18,85266.19,85248.01,85248.01,2.92849
1791107520000,85248.01,85249.23,85248.01,85249.22,2.08001
1791107580000,85249.23,85252.11,85249.22,85252.1,2.29191
1791107640000,85252.11,85252.11,85252.1,85252.11,1.09769
1791107700000,85252.11,85261.67,85252.1,85261.67,3.18215
1791107760000,85261.67,85261.67,85254.0,85254.0,3.27234
1791107820000,85254.01,85254.01,85228.39,85233.84,12.83902
1791107880000,85233.84,85249.96,85233.83,85249.95,6.78119
1791107940000,85249.96,85249.96,85233.83,85233.84,1.88613
1791108000000,85233.84,85244.0,85233.83,85244.0,1.80099
1791108060000,85244.0,85244.0,85234.03,85234.03,2.00675
1791108120000,85234.03,85250.0,85234.03,85249.99,1.88495
1791108180000,85250.0,85271.53,85250.0,85271.53,2.52866
1791108240000,85271.52,85271.53,85262.36,85263.83,2.69932
1791108300000,85263.83,85272.51,85263.83,85272.5,2.05266
1791108360000,85272.51,85282.36,85254.79,85254.79,3.50368
1791108420000,85254.8,85254.8,85254.79,85254.8,1.04799
1791108480000,85254.8,85254.8,85254.79,85254.8,1.67398
1791108540000,85254.8,85254.8,85251.18,85251.67,2.09394
1791108600000,85251.67,85251.68,85245.9,85245.91,1.9456
1791108660000,85245.9,85245.91,85245.9,85245.91,0.6679
1791108720000,85245.9,85245.91,85245.9,85245.91,2.74672
1791108780000,85245.91,85245.91,85223.49,85223.5,6.0877
1791108840000,85223.49,85265.04,85223.49,85265.04,6.79234
1791108900000,85265.03,85289.6,85265.03,85289.59,3.5314
1791108960000,85289.59,85308.01,85289.59,85302.05,3.09085
1791109020000,85302.05,85309.98,85302.04,85309.97,1.82809
1791109080000,85309.97,85390.0,85309.97,85383.24,12.9203
1791109140000,85383.25,85428.01,85380.01,85390.0,15.84202
1791109200000,85390.0,85391.89,85360.0,85360.01,5.76011
1791109260000,85360.0,85378.01,85360.0,85378.01,1.995
1791109320000,85378.0,85405.69,85378.0,85380.01,8.40348
1791109380000,85380.0,85396.01,85375.08,85375.08,8.26639
1791109440000,85375.09,85375.09,85375.08,85375.09,1.11403
1791109500000,85375.08,85396.0,85375.08,85396.0,3.11973
1791109560000,85395.99,85396.0,85385.62,85389.7,8.62174
1791109620000,85389.71,85408.01,85389.71,85408.01,11.36646
1791109680000,85408.0,85428.0,85408.0,85424.0,18.49539
1791109740000,85424.0,85424.0,85375.06,85375.06,33.74732
1791109800000,85375.07,85391.63,85375.07,85391.61,4.03706
1791109860000,85391.6,85404.84,85387.19,85404.76,11.32269
1791109920000,85404.75,85404.76,85356.0,85356.0,4.98938
1791109980000,85356.0,85384.0,85356.0,85384.0,8.39061
1791110040000,85384.0,85384.0,85339.99,85339.99,6.89487
1791110100000,85340.0,85340.0,85320.0,85320.0,7.49848
1791110160000,85320.0,85320.01,85293.43,85293.44,7.08344
1791110220000,85293.43,85293.44,85293.42,85293.43,5.5549
1791110280000,85293.43,85320.01,85293.42,85320.0,5.47355
1791110340000,85320.0,85320.01,85300.0,85310.79,7.53901
1791110400000,85310.79,85310.8,85306.0,85306.01,2.77379
1791110460000,85306.01,85346.43,85302.16,85346.43,11.47918
1791110520000,85346.43,85346.43,85343.03,85343.04,1.69473
1791110580000,85343.03,85343.04,85343.03,85343.04,1.10739
1791110640000,85343.03,85343.04,85332.35,85338.01,6.63925
1791110700000,85338.01,85342.76,85338.0,85342.76,1.70526
1791110760000,85342.76,85342.76,85342.75,85342.75,0.90887
1791110820000,85342.75,85342.76,85320.37,85320.37,8.25622
1791110880000,85320.38,85330.72,85320.37,85330.71,8.33377
1791110940000,85330.72,85330.72,85330.71,85330.72,2.97376
1791111000000,85330.72,85330.72,85330.71,85330.71,1.76298
1791111060000,85330.72,85344.81,85330.71,85334.69,6.03509
1791111120000,85334.69,85334.69,85334.68,85334.68,2.25609
1791111180000,85334.69,85334.69,85334.68,85334.69,1.06767
1791111240000,85334.69,85334.69,85334.68,85334.68,2.69088
1791111300000,85334.68,85334.69,85334.68,85334.68,3.07149
1791111360000,85334.68,85334.69,85334.68,85334.68,0.92274
1791111420000,85334.68,85334.69,85302.01,85302.02,9.00202
1791111480000,85302.01,85302.02,85277.18,85277.18,10.86399
1791111540000,85277.19,85277.19,85254.63,85264.01,6.05483
1791111600000,85264.01,85264.01,85254.57,85254.58,4.02706
1791111660000,85254.58,85254.58,85250.0,85250.0,2.94406
1791111720000,85250.01,85250.01,85224.0,85224.0,6.65035
1791111780000,85224.01,85224.01,85217.79,85217.8,8.85987
1791111840000,85217.8,85217.8,85203.65,85203.66,9.43577
1791111900000,85203.65,85262.01,85203.65,85262.01,4.04646
1791111960000,85262.0,85263.09,85262.0,85263.08,2.53478
1791112020000,85263.09,85263.09,85263.08,85263.08,1.79469
1791112080000,85263.09,85263.09,85263.08,85263.08,0.84417
1791112140000,85263.09,85263.09,85263.08,85263.08,0.74258
1791112200000,85263.09,85272.53,85263.08,85272.53,1.34716
1791112260000,85272.52,85272.53,85272.52,85272.53,1.09932
1791112320000,85272.53,85272.53,85272.0,85272.01,1.88858
1791112380000,85272.0,85272.01,85261.78,85261.79,4.34412
1791112440000,85261.78,85263.44,85255.98,85263.44,11.98887
1791112500000,85263.43,85272.55,85263.43,85272.55,2.27953
1791112560000,85272.55,85280.0,85272.54,85279.99,2.23574
1791112620000,85280.0,85280.0,85277.26,85277.26,2.59268
1791112680000,85277.26,85277.27,85277.26,85277.27,2.25389
1791112740000,85277.26,85277.27,85262.95,85262.96,12.41462
1791112800000,85262.96,85284.01,85262.95,85284.01,8.87521
1791112860000,85284.01,85293.35,85284.0,85288.01,3.22937
1791112920000,85288.0,85288.01,85288.0,85288.0,1.18878
1791112980000,85288.0,85288.01,85288.0,85288.01,0.62383
1791113040000,85288.01,85288.01,85288.0,85288.01,0.52773
1791113100000,85288.01,85288.01,85288.0,85288.01,1.23337
1791113160000,85288.0,85312.01,85288.0,85312.0,4.29554
1791113220000,85312.0,85320.16,85312.0,85320.16,0.99835
1791113280000,85320.16,85320.16,85310.0,85310.0,3.36875
1791113340000,85310.01,85312.01,85310.0,85312.01,1.24059
1791113400000,85312.0,85315.14,85312.0,85315.13,3.70439
1791113460000,85315.14,85315.14,85315.13,85315.13,1.17662
1791113520000,85315.14,85315.14,85304.75,85307.48,6.02585
1791113580000,85307.49,85315.12,85307.48,85315.12,5.08878
1791113640000,85315.12,85315.12,85315.11,85315.11,0.60617
1791113700000,85315.12,85315.12,85299.68,85299.69,4.26942
1791113760000,85299.68,85299.69,85299.25,85299.25,3.64273
1791113820000,85299.25,85299.26,85299.25,85299.26,1.55791
1791113880000,85299.26,85299.26,85273.6,85273.6,8.0157
1791113940000,85273.61,85273.61,85272.61,85272.62,3.1992
1791114000000,85272.61,85272.62,85271.71,85271.71,3.18329
1791114060000,85271.72,85275.82,85271.71,85275.82,2.67593
1791114120000,85275.82,85282.65,85275.81,85282.65,4.93363
1791114180000,85282.64,85285.49,85267.86,85267.87,14.75555
1791114240000,85267.87,85274.73,85267.86,85274.73,3.23844
1791114300000,85274.72,85280.94,85274.72,85280.94,4.78179
1791114360000,85280.93,85280.94,85280.93,85280.94,4.87971
1791114420000,85280.94,85280.94,85280.93,85280.93,0.78029
1791114480000,85280.93,85280.94,85268.37,85268.37,2.22813
1791114540000,85268.38,85275.19,85260.0,85275.19,8.10971
1791114600000,85275.18,85280.94,85275.18,85280.94,1.41784
1791114660000,85280.94,85280.94,85280.93,85280.94,0.85334
1791114720000,85280.94,85280.94,85280.93,85280.94,4.52639
1791114780000,85280.94,85302.01,85280.93,85302.0,6.95167
1791114840000,85302.01,85302.01,85302.0,85302.0,0.43767
1791114900000,85302.01,85302.01,85302.0,85302.0,0.36247
1791114960000,85302.0,85302.01,85302.0,85302.0,1.34732
1791115020000,85302.0,85302.01,85302.0,85302.0,1.35767
1791115080000,85302.01,85302.01,85297.9,85297.91,36.29544
1791115140000,85297.9,85309.47,85297.9,85309.46,1.49536
1791115200000,85309.47,85311.99,85309.46,85311.98,11.59168
1791115260000,85311.98,85340.0,85311.98,85340.0,5.38302
1791115320000,85339.99,85341.65,85339.99,85341.64,0.9641
1791115380000,85341.65,85341.65,85341.64,85341.64,0.84685
1791115440000,85341.64,85341.65,85341.64,85341.65,0.46943
1791115500000,85341.64,85345.07,85341.64,85345.06,2.88666
1791115560000,85345.07,85361.61,85345.06,85361.61,1.96224
1791115620000,85361.61,85370.38,85361.6,85370.37,3.7155
1791115680000,85370.38,85370.88,85370.37,85370.87,6.74857
1791115740000,85370.88,85370.88,85370.87,85370.87,0.81847
1791115800000,85370.87,85377.69,85370.87,85377.68,3.34396
1791115860000,85377.68,85389.0,85369.31,85369.38,11.68071
1791115920000,85369.39,85369.39,85310.0,85310.01,89.90542
1791115980000,85310.01,85310.01,85287.99,85288.0,6.02006
1791116040000,85288.01,85288.01,85236.42,85236.43,6.82967
1791116100000,85236.42,85236.43,85236.42,85236.42,3.88728
1791116160000,85236.42,85236.43,85184.72,85191.57,7.77256
1791116220000,85191.57,85213.28,85175.99,85206.02,12.17543
1791116280000,85206.02,85267.74,85206.02,85267.73,3.55555
1791116340000,85267.73,85267.74,85244.76,85246.0,3.05816
1791116400000,85246.01,85246.01,85246.0,85246.0,0.7572
1791116460000,85246.01,85286.98,85246.0,85286.97,2.84334
1791116520000,85286.97,85297.76,85286.97,85297.76,2.61337
1791116580000,85297.75,85298.01,85281.7,85281.7,6.2625
1791116640000,85281.71,85288.0,85272.17,85282.28,12.51931
1791116700000,85282.27,85296.01,85282.27,85294.67,1.68282
1791116760000,85294.67,85294.67,85290.0,85290.01,5.82919
1791116820000,85290.0,85290.01,85284.16,85284.17,2.68347
1791116880000,85284.17,85286.91,85284.13,85284.13,7.89636
1791116940000,85284.14,85284.14,85276.0,85276.0,8.86461
1791117000000,85276.01,85288.0,85276.0,85288.0,5.07227
1791117060000,85288.0,85300.71,85287.99,85300.71,1.48657
1791117120000,85300.7,85300.71,85263.91,85263.92,8.35095
1791117180000,85263.92,85280.01,85263.91,85280.0,1.89236
1791117240000,85280.0,85280.01,85278.0,85278.01,1.82795
1791117300000,85278.01,85278.01,85262.23,85262.23,1.81896
1791117360000,85262.24,85262.24,85251.5,85251.51,5.24246
1791117420000,85251.51,85251.51,85251.5,85251.5,0.78916
1791117480000,85251.5,85251.51,85251.5,85251.51,1.0648
1791117540000,85251.5,85251.51,85251.0,85251.0,1.45452
1791117600000,85251.0,85251.01,85250.73,85250.73,1.28145
1791117660000,85250.73,85250.74,85250.73,85250.74,0.63808
1791117720000,85250.73,85250.74,85240.97,85242.01,5.98108
1791117780000,85242.0,85242.01,85242.0,85242.0,0.52295
1791117840000,85242.01,85242.01,85197.26,85197.26,5.25471
1791117900000,85197.27,85215.61,85197.26,85202.64,8.84072
1791117960000,85202.65,85209.91,85148.0,85156.55,14.43253
1791118020000,85156.56,85178.0,85156.55,85162.01,8.56793
1791118080000,85162.0,85162.0,85160.0,85160.01,2.73345
1791118140000,85160.01,85160.01,85160.0,85160.01,1.18267
1791118200000,85160.01,85165.25,85160.0,85165.25,2.69712
1791118260000,85165.25,85165.25,85165.24,85165.25,0.78847
1791118320000,85165.24,85165.25,85156.28,85156.28,6.01877
1791118380000,85156.28,85156.29,85155.26,85155.26,3.18651
1791118440000,85155.27,85155.27,85112.88,85136.9,9.51257
1791118500000,85136.91,85144.0,85097.19,85104.15,5.7015
1791118560000,85104.14,85107.93,85098.0,85105.78,5.02119
1791118620000,85105.79,85112.51,85105.78,85112.51,2.8654
1791118680000,85112.51,85133.41,85112.5,85133.41,2.40578
1791118740000,85133.4,85134.01,85127.94,85127.94,7.08928
1791118800000,85127.94,85127.95,85122.64,85122.65,1.36552
1791118860000,85122.64,85132.01,85122.64,85132.0,1.035
1791118920000,85132.01,85135.07,85126.54,85126.54,5.27539
1791118980000,85126.54,85126.54,85126.39,85126.4,1.32564
1791119040000,85126.4,85126.4,85125.99,85126.39,1.86272
1791119100000,85126.39,85138.13,85126.38,85138.13,2.66236
1791119160000,85138.13,85146.01,85138.12,85146.0,1.72182
1791119220000,85146.01,85156.28,85146.0,85156.01,0.99849
1791119280000,85156.02,85156.02,85146.21,85146.21,2.79024
1791119340000,85146.22,85146.22,85126.02,85126.02,22.89668
1791119400000,85126.02,85126.03,85126.02,85126.02,2.01372
1791119460000,85126.03,85126.03,85126.02,85126.02,0.80105
1791119520000,85126.03,85146.01,85126.02,85146.0,2.09937
1791119580000,85146.0,85153.64,85146.0,85153.63,1.15065
1791119640000,85153.63,85161.83,85153.63,85161.82,1.03394
1791119700000,85161.83,85174.01,85161.82,85174.01,2.98471
1791119760000,85174.01,85200.0,85174.0,85200.0,4.13916
1791119820000,85199.99,85208.01,85187.09,85187.1,10.22349
1791119880000,85187.1,85187.1,85187.09,85187.09,1.43049
1791119940000,85187.1,85187.1,85161.8,85161.81,8.16871
1791120000000,85161.81,85179.46,85161.8,85179.46,2.55228
1791120060000,85179.46,85188.01,85179.45,85188.01,0.81561
1791120120000,85188.0,85192.01,85188.0,85192.0,1.6214
1791120180000,85192.0,85192.01,85192.0,85192.01,1.42828
1791120240000,85192.01,85204.01,85192.0,85204.01,2.58656
1791120300000,85204.01,85211.63,85204.0,85211.62,1.4444
1791120360000,85211.62,85220.0,85211.62,85214.58,2.33944
1791120420000,85214.57,85214.58,85211.37,85211.38,3.05328
1791120480000,85211.38,85226.01,85211.37,85226.01,3.67445
1791120540000,85226.01,85226.01,85226.0,85226.0,1.61623
1791120600000,85226.01,85248.17,85226.0,85248.17,1.55536
1791120660000,85248.16,85263.83,85248.16,85258.48,6.00474
1791120720000,85258.47,85258.48,85258.47,85258.48,3.22495
1791120780000,85258.48,85258.48,85258.47,85258.47,1.86172
1791120840000,85258.47,85258.48,85258.47,85258.48,4.24559
1791120900000,85258.47,85258.48,85232.9,85232.9,9.47526
1791120960000,85232.9,85249.36,85229.75,85249.35,2.54817
1791121020000,85249.35,85282.01,85249.35,85282.01,3.74967
1791121080000,85282.0,85321.41,85282.0,85288.36,13.56243
1791121140000,85288.36,85288.37,85258.47,85258.47,5.79888
1791121200000,85258.47,85258.48,85246.96,85246.97,7.21679
1791121260000,85246.97,85246.97,85216.0,85216.0,10.36486
1791121320000,85216.01,85216.01,85204.95,85213.48,5.70259
1791121380000,85213.47,85240.01,85213.47,85230.01,5.42195
1791121440000,85230.01,85234.0,85222.0,85228.02,4.59695
1791121500000,85228.02,85228.02,85214.81,85214.82,2.5328
1791121560000,85214.81,85257.26,85214.0,85257.26,13.0244
1791121620000,85257.26,85273.55,85257.26,85273.55,1.11494
1791121680000,85273.54,85281.04,85273.54,85281.04,0.8936
1791121740000,85281.03,85290.01,85281.03,85290.01,1.82643
1791121800000,85290.0,85290.01,85284.0,85284.0,3.41436
1791121860000,85284.01,85284.01,85273.54,85273.55,1.76788
1791121920000,85273.54,85273.55,85273.54,85273.54,1.02883
1791121980000,85273.55,85273.55,85264.75,85264.76,1.77884
1791122040000,85264.76,85264.76,85264.75,85264.76,0.87834
1791122100000,85264.76,85264.76,85252.28,85252.29,2.80671
1791122160000,85252.29,85252.29,85252.28,85252.29,0.70102
1791122220000,85252.28,85252.29,85248.5,85248.5,2.04548
1791122280000,85248.5,85248.51,85241.14,85241.14,1.56241
1791122340000,85241.15,85241.15,85241.14,85241.14,0.96389
1791122400000,85241.15,85241.15,85241.14,85241.15,0.83308
1791122460000,85241.14,85241.15,85240.0,85240.01,1.6724
1791122520000,85240.01,85240.01,85238.0,85239.38,1.76324
1791122580000,85239.38,85239.38,85218.01,85233.51,3.00096
1791122640000,85233.5,85245.17,85233.5,85245.16,4.17398
1791122700000,85245.16,85245.17,85245.16,85245.16,0.93561
1791122760000,85245.17,85245.17,85245.16,85245.16,1.8302
1791122820000,85245.17,85245.17,85212.97,85212.98,11.71692
1791122880000,85212.98,85212.98,85212.97,85212.97,4.61118
1791122940000,85212.97,85212.98,85212.97,85212.97,2.61478
1791123000000,85212.98,85212.98,85196.0,85196.01,7.45445
1791123060000,85196.0,85196.01,85161.42,85161.43,6.82064
1791123120000,85161.42,85196.0,85161.42,85196.0,5.24965
1791123180000,85196.0,85199.38,85196.0,85199.38,1.11048
1791123240000,85199.38,85210.0,85199.37,85209.99,1.61232
1791123300000,85209.99,85210.0,85209.99,85210.0,2.76763
1791123360000,85209.99,85210.0,85204.0,85204.01,3.06462
1791123420000,85204.0,85204.01,85203.55,85203.56,1.41732
1791123480000,85203.55,85203.56,85182.52,85182.52,8.30197
1791123540000,85182.52,85182.53,85164.25,85164.26,3.3438
1791123600000,85164.25,85164.26,85138.0,85138.13,4.12584
1791123660000,85138.13,85138.14,85138.13,85138.14,2.70304
1791123720000,85138.13,85154.41,85132.25,85154.41,6.57896
1791123780000,85154.4,85161.61,85154.4,85161.6,1.0092
1791123840000,85161.61,85161.61,85161.6,85161.6,0.7099
1791123900000,85161.61,85170.91,85161.6,85170.91,0.92982
1791123960000,85170.91,85178.18,85170.0,85170.01,2.61623
1791124020000,85170.0,85187.96,85170.0,85187.96,2.32162
1791124080000,85187.95,85194.22,85187.95,85188.01,3.61298
1791124140000,85188.0,85188.0,85187.77,85187.77,1.4036
1791124200000,85187.78,85187.78,85181.33,85181.33,2.58346
1791124260000,85181.33,85198.83,85181.33,85183.86,10.88473
1791124320000,85183.85,85183.86,85182.96,85182.97,7.79085
1791124380000,85182.96,85193.1,85182.9,85182.91,14.42557
1791124440000,85182.91,85182.92,85182.9,85182.91,4.97052
1791124500000,85182.91,85196.27,85170.92,85195.46,16.09676
1791124560000,85195.46,85195.46,85161.51,85161.51,11.24358
1791124620000,85161.52,85161.52,85151.17,85151.17,3.11701
1791124680000,85151.18,85151.18,85139.09,85139.09,1.46838
1791124740000,85139.09,85139.1,85139.09,85139.09,1.85989
1791124800000,85139.1,85139.1,85126.87,85126.88,14.17765
1791124860000,85126.87,85126.88,85126.87,85126.87,0.79096
1791124920000,85126.87,85126.88,85126.86,85126.87,3.10652
1791124980000,85126.87,85126.87,85126.85,85126.85,4.66851
1791125040000,85126.86,85126.86,85126.85,85126.85,0.84132
1791125100000,85126.85,85126.86,85126.85,85126.85,0.80327
1791125160000,85126.86,85126.86,85118.0,85118.0,2.38709
1791125220000,85118.01,85136.93,85094.0,85109.53,21.12909
1791125280000,85109.53,85118.17,85106.24,85106.25,3.72097
1791125340000,85106.25,85124.01,85106.24,85124.01,2.75015
1791125400000,85124.01,85139.1,85124.0,85139.1,1.13457
1791125460000,85139.09,85163.46,85139.09,85163.46,2.06836
1791125520000,85163.46,85210.0,85163.45,85210.0,2.85084
1791125580000,85210.0,85222.54,85209.99,85222.53,1.38613
1791125640000,85222.54,85234.01,85222.53,85234.0,1.90154
1791125700000,85234.0,85245.16,85234.0,85245.16,3.05701
1791125760000,85245.16,85245.16,85243.26,85243.26,5.62373
1791125820000,85243.26,85271.23,85243.26,85271.22,4.4659
1791125880000,85271.23,85280.0,85271.22,85271.23,5.68008
1791125940000,85271.23,85278.45,85271.22,85278.44,2.22034
1791126000000,85278.45,85278.45,85278.44,85278.45,1.88447
1791126060000,85278.44,85293.84,85278.44,85293.83,3.88284
1791126120000,85293.83,85298.04,85280.0,85298.04,5.79657
1791126180000,85298.03,85330.0,85298.03,85329.99,13.87413
1791126240000,85329.99,85366.66,85326.0,85326.01,10.41495
1791126300000,85326.01,85326.01,85320.34,85320.35,1.36776
1791126360000,85320.35,85320.35,85290.0,85290.0,5.85968
1791126420000,85290.0,85290.01,85268.0,85268.01,1.7015
1791126480000,85268.01,85268.01,85242.65,85242.66,2.32192
1791126540000,85242.65,85250.0,85242.65,85250.0,4.14285
1791126600000,85250.0,85269.65,85249.99,85269.65,4.77149
1791126660000,85269.65,85300.0,85269.65,85300.0,3.8718
1791126720000,85299.99,85300.0,85299.99,85300.0,0.77541
1791126780000,85300.0,85326.0,85299.99,85326.0,4.55721
1791126840000,85326.0,85348.01,85325.99,85347.6,11.11174
1791126900000,85347.6,85358.38,85347.6,85356.0,3.73479
1791126960000,85356.0,85356.0,85349.12,85349.13,2.08289
1791127020000,85349.13,85358.38,85349.12,85358.38,2.59114
1791127080000,85358.38,85366.92,85358.36,85358.37,7.00305
1791127140000,85358.37,85460.01,85358.36,85446.0,19.81547
1791127200000,85446.0,85461.53,85424.0,85454.0,11.5985
1791127260000,85454.01,85470.0,85399.42,85399.43,15.75094
1791127320000,85399.42,85402.01,85385.15,85402.01,10.68241
1791127380000,85402.01,85402.01,85382.0,85382.0,3.14917
1791127440000,85382.01,85382.01,85348.33,85348.34,6.54357
1791127500000,85348.33,85348.34,85304.0,85304.01,9.5108
1791127560000,85304.0,85304.0,85291.35,85291.35,4.8304
1791127620000,85291.35,85350.0,85284.47,85350.0,16.44282
1791127680000,85350.0,85354.01,85342.0,85342.0,3.13101
1791127740000,85342.0,85342.0,85320.0,85320.01,2.85514
1791127800000,85320.01,85320.01,85294.0,85294.0,2.58054
1791127860000,85294.0,85299.38,85288.01,85299.38,1.70451
1791127920000,85299.38,85304.8,85299.37,85304.8,1.10875
1791127980000,85304.8,85314.58,85299.38,85299.38,9.75179
1791128040000,85299.39,85299.39,85299.38,85299.39,0.2246
1791128100000,85299.38,85299.39,85289.71,85289.74,2.00377
1791128160000,85289.74,85289.74,85284.98,85289.74,2.30987
1791128220000,85289.74,85289.74,85286.55,85286.55,2.76615
1791128280000,85286.56,85296.57,85286.55,85296.57,1.78703
1791128340000,85296.56,85300.0,85296.56,85299.99,0.99298
1791128400000,85299.99,85320.01,85299.99,85320.01,1.60765
1791128460000,85320.0,85326.01,85320.0,85326.01,0.97411
1791128520000,85326.01,85349.19,85326.0,85349.18,4.43223
1791128580000,85349.19,85349.19,85342.77,85342.77,8.95085
1791128640000,85342.78,85342.78,85342.77,85342.78,1.01442
1791128700000,85342.77,85342.78,85342.77,85342.78,1.17833
1791128760000,85342.77,85342.78,85342.77,85342.78,2.37887
1791128820000,85342.77,85342.78,85342.77,85342.77,0.90983
1791128880000,85342.78,85398.33,85342.77,85360.33,11.38706
1791128940000,85360.33,85360.33,85342.61,85342.62,10.37812
1791129000000,85342.62,85342.62,85342.61,85342.61,0.85012
1791129060000,85342.62,85342.62,85342.61,85342.62,2.21562
1791129120000,85342.62,85342.62,85342.61,85342.62,3.79764
1791129180000,85342.62,85342.62,85340.58,85340.59,2.64495
1791129240000,85340.58,85340.59,85326.98,85326.98,3.20783
1791129300000,85326.99,85326.99,85323.09,85323.09,0.6353
1791129360000,85323.1,85323.1,85323.09,85323.09,1.67998
1791129420000,85323.09,85323.1,85320.0,85320.0,2.15715
1791129480000,85320.01,85320.01,85306.0,85306.0,1.06352
1791129540000,85306.0,85306.01,85256.0,85256.01,5.08383
1791129600000,85256.01,85256.01,85256.0,85256.01,2.83561
1791129660000,85256.01,85263.91,85256.0,85256.02,3.22522
1791129720000,85256.02,85256.02,85230.54,85230.54,2.73017
1791129780000,85230.54,85230.55,85200.0,85202.12,5.86099
1791129840000,85202.11,85202.12,85184.46,85190.01,8.94727
1791129900000,85190.0,85190.01,85178.49,85184.0,10.4939
1791129960000,85184.01,85184.01,85184.0,85184.01,0.50509
1791130020000,85184.01,85220.66,85184.01,85220.66,7.91566
1791130080000,85220.65,85233.52,85220.65,85233.52,4.71192
1791130140000,85233.52,85256.01,85233.51,85256.01,1.97611
1791130200000,85256.01,85295.3,85256.0,85280.01,4.85923
1791130260000,85280.01,85280.02,85256.01,85259.38,3.33252
1791130320000,85259.37,85259.38,85259.37,85259.37,0.56874
1791130380000,85259.38,85259.38,85259.37,85259.37,1.16887
1791130440000,85259.38,85291.1,85259.37,85291.1,7.0129
1791130500000,85291.09,85296.01,85291.09,85296.01,3.53112
1791130560000,85296.01,85309.9,85296.0,85309.9,1.39656
1791130620000,85309.89,85309.9,85267.19,85267.19,5.08716
1791130680000,85267.2,85270.01,85267.19,85270.01,1.57657
1791130740000,85270.0,85270.01,85270.0,85270.01,1.2556
1791130800000,85270.0,85270.01,85270.0,85270.01,1.49187
1791130860000,85270.0,85270.01,85234.85,85234.86,7.1121
1791130920000,85234.85,85234.86,85234.85,85234.85,2.33858
1791130980000,85234.86,85235.38,85208.0,85235.37,6.89785
1791131040000,85235.37,85235.38,85235.37,85235.37,1.69151
1791131100000,85235.37,85235.38,85219.51,85219.52,8.10417
1791131160000,85219.52,85219.52,85219.51,85219.51,1.50032
1791131220000,85219.51,85219.52,85219.51,85219.51,0.4131
1791131280000,85219.52,85243.71,85219.51,85243.7,2.83615
1791131340000,85243.71,85243.71,85243.7,85243.71,0.61973
1791131400000,85243.7,85270.0,85243.7,85270.0,1.68347
1791131460000,85269.99,85270.01,85269.99,85270.01,3.74025
1791131520000,85270.01,85276.01,85270.0,85276.01,1.17619
1791131580000,85276.01,85297.0,85276.0,85296.99,1.38411
1791131640000,85296.99,85301.68,85296.99,85301.68,0.63486
1791131700000,85301.67,85301.68,85301.67,85301.67,0.23584
1791131760000,85301.67,85301.68,85301.67,85301.68,0.68484
1791131820000,85301.67,85315.55,85301.67,85315.55,0.87745
1791131880000,85315.55,85315.55,85315.53,85315.54,1.48377
1791131940000,85315.53,85334.01,85315.04,85323.1,12.23411
1791132000000,85323.09,85330.43,85323.09,85330.42,2.32667
1791132060000,85330.42,85330.43,85330.42,85330.43,1.55374
1791132120000,85330.42,85337.78,85330.42,85337.78,2.95064
1791132180000,85337.77,85345.37,85337.77,85345.37,2.24423
1791132240000,85345.36,85345.37,85345.36,85345.37,0.51076
1791132300000,85345.37,85345.37,85331.59,85336.19,5.54752
1791132360000,85336.19,85336.19,85336.18,85336.18,0.75096
1791132420000,85336.19,85340.01,85336.18,85340.01,1.11152
1791132480000,85340.01,85350.0,85340.0,85349.99,1.83153
1791132540000,85349.99,85433.16,85349.99,85432.01,11.03742
1791132600000,85432.01,85432.01,85382.0,85382.01,5.60167
1791132660000,85382.0,85394.01,85382.0,85394.01,2.4244
1791132720000,85394.01,85394.01,85377.8,85377.8,3.22558
1791132780000,85377.8,85377.81,85372.0,85372.0,2.40804
1791132840000,85372.0,85372.01,85360.0,85360.0,2.78313
1791132900000,85360.0,85361.85,85348.51,85361.84,3.51911
1791132960000,85361.84,85377.8,85361.84,85377.79,3.82785
1791133020000,85377.8,85377.8,85377.79,85377.79,1.8343
1791133080000,85377.79,85377.8,85377.79,85377.79,0.81162
1791133140000,85377.8,85377.8,85374.0,85374.0,3.31735
1791133200000,85374.0,85374.01,85374.0,85374.01,0.7582
1791133260000,85374.01,85386.01,85374.0,85380.46,7.77591
1791133320000,85380.46,85380.47,85369.77,85369.77,3.10584
1791133380000,85369.78,85374.57,85368.0,85374.57,3.61654
1791133440000,85374.57,85386.01,85374.57,85386.0,1.31021
1791133500000,85386.0,85392.01,85386.0,85392.01,1.01558
1791133560000,85392.01,85392.01,85392.0,85392.01,2.58103
1791133620000,85392.01,85392.01,85368.0,85368.0,4.74933
1791133680000,85368.0,85368.01,85342.38,85357.14,3.48659
1791133740000,85357.14,85357.14,85340.0,85340.0,3.14714
1791133800000,85340.01,85340.01,85340.0,85340.01,1.50225
1791133860000,85340.0,85340.01,85332.66,85332.67,2.3261
1791133920000,85332.66,85332.67,85317.84,85317.85,4.69107
1791133980000,85317.85,85317.85,85317.84,85317.85,0.50942
1791134040000,85317.85,85317.85,85317.84,85317.84,0.61746
1791134100000,85317.85,85317.85,85317.84,85317.84,0.93733
1791134160000,85317.85,85317.85,85317.84,85317.85,0.84435
1791134220000,85317.85,85326.0,85317.84,85325.99,1.99614
1791134280000,85326.0,85326.0,85325.99,85326.0,0.56652
1791134340000,85326.0,85326.0,85325.99,85326.0,0.69013
1791134400000,85326.0,85331.83,85325.99,85331.82,1.88755
1791134460000,85331.82,85331.83,85331.82,85331.82,2.43274
1791134520000,85331.82,85331.83,85330.45,85330.46,3.37973
1791134580000,85330.46,85348.01,85330.45,85348.0,2.95254
1791134640000,85348.0,85348.01,85348.0,85348.0,0.80402
1791134700000,85348.01,85371.13,85348.0,85371.12,7.58843
1791134760000,85371.13,85391.46,85371.12,85391.45,1.69787
1791134820000,85391.46,85391.46,85391.45,85391.46,0.68078
1791134880000,85391.45,85391.46,85386.0,85386.01,3.27144
1791134940000,85386.01,85386.01,85386.0,85386.0,1.18525
1791135000000,85386.0,85386.01,85386.0,85386.01,0.50162
1791135060000,85386.01,85401.2,85386.0,85397.65,7.80782
1791135120000,85397.65,85402.28,85397.64,85402.28,0.67921
1791135180000,85402.27,85405.46,85398.0,85398.01,3.96622
1791135240000,85398.0,85398.01,85372.0,85372.0,3.87839
1791135300000,85372.0,85372.01,85372.0,85372.01,0.63337
1791135360000,85372.0,85372.01,85372.0,85372.0,0.52422
1791135420000,85372.01,85372.01,85367.06,85367.06,3.9732
1791135480000,85367.06,85367.07,85348.0,85348.0,2.7517
1791135540000,85348.0,85348.01,85341.16,85341.17,1.92914
1791135600000,85341.16,85341.17,85341.16,85341.16,0.46107
1791135660000,85341.17,85341.17,85341.16,85341.17,0.3087
1791135720000,85341.17,85341.17,85336.27,85336.28,3.25343
1791135780000,85336.27,85364.0,85336.27,85364.0,2.53764
1791135840000,85364.0,85420.0,85364.0,85420.0,3.0309
1791135900000,85420.0,85438.15,85409.5,85438.15,8.03876
1791135960000,85438.15,85454.01,85438.15,85438.61,3.91138
1791136020000,85438.61,85447.98,85438.61,85438.67,3.22652
1791136080000,85438.67,85438.67,85396.28,85396.29,4.45716
1791136140000,85396.29,85408.01,85391.46,85391.47,4.35816
1791136200000,85391.47,85391.47,85386.0,85386.01,0.94062
1791136260000,85386.0,85386.01,85386.0,85386.01,0.18333
1791136320000,85386.01,85386.01,85372.01,85372.01,1.87696
1791136380000,85372.02,85372.02,85338.87,85340.04,6.80422
1791136440000,85340.04,85340.04,85330.01,85334.01,4.48881
1791136500000,85334.0,85342.53,85334.0,85342.52,1.09661
1791136560000,85342.52,85342.53,85342.52,85342.52,0.41122
1791136620000,85342.53,85342.53,85319.52,85319.52,2.73341
1791136680000,85319.52,85330.01,85319.52,85319.53,3.99134
1791136740000,85319.54,85319.54,85319.53,85319.53,4.22483
1791136800000,85319.54,85327.96,85319.52,85327.96,3.35252
1791136860000,85327.95,85327.95,85319.52,85319.52,1.31358
1791136920000,85319.52,85332.9,85319.52,85332.9,2.03041
1791136980000,85332.9,85332.9,85332.89,85332.89,2.363
1791137040000,85332.89,85332.89,85330.15,85330.16,1.04024
1791137100000,85330.15,85340.04,85330.15,85340.03,1.54118
1791137160000,85340.03,85340.04,85320.01,85320.02,2.94032
1791137220000,85320.02,85321.39,85312.57,85312.57,5.06303
1791137280000,85312.57,85312.58,85312.57,85312.58,0.958
1791137340000,85312.57,85312.58,85312.57,85312.57,0.88941
1791137400000,85312.58,85319.34,85312.57,85319.34,1.62178
1791137460000,85319.33,85319.34,85319.33,85319.33,0.45557
1791137520000,85319.34,85319.34,85319.33,85319.33,0.19091
1791137580000,85319.34,85319.34,85319.33,85319.33,0.23436
1791137640000,85319.33,85319.34,85319.33,85319.34,0.76366
1791137700000,85319.34,85326.78,85319.33,85326.78,0.83477
1791137760000,85326.78,85338.01,85326.77,85338.01,1.38847
1791137820000,85338.01,85338.01,85328.0,85333.91,2.12712
1791137880000,85333.9,85333.91,85333.9,85333.9,0.24282
1791137940000,85333.91,85333.91,85319.28,85319.28,7.86558
1791138000000,85319.29,85319.29,85319.28,85319.28,0.86286
1791138060000,85319.29,85319.29,85319.28,85319.29,0.66792
1791138120000,85319.28,85319.29,85319.28,85319.28,0.80803
1791138180000,85319.29,85319.29,85319.28,85319.28,0.99767
1791138240000,85319.29,85319.29,85319.28,85319.28,0.55963
1791138300000,85319.29,85319.29,85313.14,85313.15,1.71697
1791138360000,85313.15,85313.39,85312.01,85313.39,2.30818
1791138420000,85313.38,85319.29,85313.38,85319.28,1.30366
1791138480000,85319.29,85319.29,85319.28,85319.28,0.33469
1791138540000,85319.29,85325.98,85319.28,85325.98,1.29511
1791138600000,85325.97,85329.54,85325.97,85329.54,0.71427
1791138660000,85329.54,85342.0,85329.54,85342.0,0.73355
1791138720000,85342.0,85349.15,85341.99,85349.15,2.80829
1791138780000,85349.14,85349.15,85322.13,85322.13,4.50043
1791138840000,85322.14,85322.14,85322.13,85322.13,0.38939
1791138900000,85322.13,85325.74,85322.13,85325.74,1.20994
1791138960000,85325.74,85325.74,85324.43,85324.43,7.08019
1791139020000,85324.44,85324.44,85318.0,85318.0,1.553
1791139080000,85318.01,85318.01,85318.0,85318.0,1.15625
1791139140000,85318.01,85318.01,85318.0,85318.0,3.75427
1791139200000,85318.01,85327.45,85318.0,85327.44,1.4816
1791139260000,85327.45,85327.45,85327.44,85327.44,2.34397
1791139320000,85327.45,85331.76,85327.44,85331.76,0.79786
1791139380000,85331.75,85333.72,85331.75,85333.72,1.05843
1791139440000,85333.71,85342.24,85333.71,85342.24,0.94799
1791139500000,85342.24,85342.24,85342.23,85342.23,0.31577
1791139560000,85342.24,85345.96,85342.23,85345.96,2.86466
1791139620000,85345.96,85345.96,85345.95,85345.96,0.62062
1791139680000,85345.95,85345.96,85342.26,85342.26,2.39842
1791139740000,85342.26,85342.36,85332.0,85342.36,17.08577
1791139800000,85342.37,85342.37,85342.36,85342.36,2.68776
1791139860000,85342.36,85342.37,85342.36,85342.36,1.57694
1791139920000,85342.37,85342.37,85342.36,85342.37,1.18937
1791139980000,85342.37,85342.37,85342.36,85342.36,0.50663
1791140040000,85342.36,85350.0,85342.36,85350.0,0.96719
1791140100000,85349.99,85353.76,85349.99,85353.76,0.94135
1791140160000,85353.76,85356.17,85353.75,85354.0,9.18456
1791140220000,85353.99,85354.0,85353.99,85354.0,6.50023
1791140280000,85354.0,85358.01,85353.99,85358.01,1.48496
1791140340000,85358.0,85361.99,85336.0,85338.84,7.25128
1791140400000,85338.84,85338.84,85338.82,85338.82,13.13778
1791140460000,85338.83,85362.01,85338.82,85362.0,6.44343
1791140520000,85362.01,85362.01,85360.0,85360.02,10.76342
1791140580000,85360.02,85360.54,85360.01,85360.53,1.77518
1791140640000,85360.54,85388.0,85360.54,85388.0,3.89691
1791140700000,85388.0,85388.01,85387.99,85388.01,1.88317
1791140760000,85388.01,85406.01,85388.0,85406.01,0.88531
1791140820000,85406.01,85408.01,85374.34,85376.07,12.71431
1791140880000,85376.07,85376.15,85376.07,85376.15,4.30816
1791140940000,85376.14,85382.71,85376.14,85382.7,1.35627
1791141000000,85382.71,85382.71,85382.7,85382.71,0.29991
1791141060000,85382.71,85382.71,85382.7,85382.71,1.47065
1791141120000,85382.71,85382.71,85382.7,85382.7,0.29047
1791141180000,85382.71,85382.71,85382.7,85382.71,0.36463
1791141240000,85382.71,85387.99,85382.7,85387.99,0.73407
1791141300000,85387.99,85391.21,85387.98,85391.21,1.83275
1791141360000,85391.21,85391.22,85391.2,85391.22,1.55599
1791141420000,85391.22,85391.22,85391.21,85391.21,2.01562
1791141480000,85391.22,85391.22,85391.21,85391.22,0.65396
1791141540000,85391.21,85391.22,85391.21,85391.21,0.1565
1791141600000,85391.22,85396.37,85391.21,85396.37,0.57549
1791141660000,85396.37,85396.37,85396.36,85396.37,0.55836
1791141720000,85396.36,85396.37,85387.99,85388.0,8.21965
1791141780000,85387.99,85389.4,85387.99,85389.39,0.33713
1791141840000,85389.4,85396.01,85389.39,85396.01,1.35101
1791141900000,85396.01,85414.3,85396.0,85414.3,1.96419
1791141960000,85414.3,85419.0,85404.22,85404.22,2.32822
1791142020000,85404.23,85468.01,85404.22,85468.0,7.99032
1791142080000,85468.0,85468.01,85466.0,85466.01,3.02232
1791142140000,85466.0,85466.01,85462.49,85462.5,0.819
1791142200000,85462.5,85462.5,85462.49,85462.5,0.67699
1791142260000,85462.5,85550.0,85462.49,85522.33,26.32938
1791142320000,85522.33,85522.34,85487.31,85487.32,8.5368
1791142380000,85487.32,85524.01,85487.32,85506.0,5.53141
1791142440000,85505.99,85574.01,85505.99,85533.58,26.59455
1791142500000,85533.57,85542.01,85522.01,85522.02,3.89233
1791142560000,85522.02,85522.02,85522.01,85522.01,0.33188
1791142620000,85522.01,85522.01,85505.58,85505.59,2.32198
1791142680000,85505.58,85505.59,85497.49,85497.49,1.21817
1791142740000,85497.5,85497.5,85478.0,85478.0,3.65642
1791142800000,85478.01,85478.01,85450.63,85450.64,8.26127
1791142860000,85450.63,85456.01,85399.63,85399.64,13.74802
1791142920000,85399.64,85411.07,85399.64,85400.4,7.31735
1791142980000,85400.4,85428.01,85400.4,85428.01,5.56595
1791143040000,85428.01,85438.86,85428.0,85438.86,2.31363
1791143100000,85438.86,85446.01,85429.67,85429.68,4.06618
1791143160000,85429.67,85433.59,85429.67,85433.59,1.6633
1791143220000,85433.59,85445.81,85433.59,85438.01,6.75763
1791143280000,85438.01,85438.57,85438.0,85438.57,2.48407
1791143340000,85438.57,85460.84,85438.56,85460.83,1.24641
1791143400000,85460.84,85460.84,85432.0,85432.05,10.36633
1791143460000,85432.05,85442.34,85432.05,85442.34,1.53503
1791143520000,85442.34,85442.34,85442.16,85442.17,4.11752
1791143580000,85442.16,85442.17,85440.0,85440.0,1.55107
1791143640000,85440.0,85440.01,85422.93,85422.94,5.50115
1791143700000,85422.93,85431.47,85422.93,85431.46,3.85907
1791143760000,85431.46,85431.46,85430.79,85430.8,4.33352
1791143820000,85430.79,85430.8,85427.99,85428.0,1.12308
1791143880000,85427.99,85428.0,85427.99,85428.0,0.15728
1791143940000,85428.0,85428.0,85427.99,85428.0,0.18933
1791144000000,85428.0,85428.0,85424.39,85424.39,1.15789
1791144060000,85424.39,85424.4,85407.03,85407.03,1.70856
1791144120000,85407.04,85441.19,85407.03,85441.19,14.50669
1791144180000,85441.19,85441.19,85430.0,85430.02,1.97839
1791144240000,85430.02,85430.03,85421.47,85421.48,1.45037
1791144300000,85421.47,85421.47,85408.64,85408.64,1.28791
1791144360000,85408.64,85408.65,85408.64,85408.64,0.54435
1791144420000,85408.65,85408.65,85402.0,85402.01,0.91266
1791144480000,85402.0,85402.01,85396.32,85396.33,3.74416
1791144540000,85396.33,85396.33,85396.32,85396.33,1.15032
1791144600000,85396.33,85402.01,85396.32,85402.01,2.54065
1791144660000,85402.01,85402.01,85402.0,85402.01,2.61392
1791144720000,85402.01,85408.01,85402.0,85408.0,1.51015
1791144780000,85408.0,85420.01,85408.0,85418.01,2.42757
1791144840000,85418.01,85435.4,85418.0,85435.39,1.7804
1791144900000,85435.39,85444.01,85435.39,85444.01,2.97247
1791144960000,85444.0,85451.73,85444.0,85451.73,2.27539
1791145020000,85451.73,85472.1,85451.72,85472.1,2.65346
1791145080000,85472.1,85483.9,85472.1,85483.9,2.88644
1791145140000,85483.9,85483.9,85472.08,85478.01,2.27913
1791145200000,85478.01,85492.23,85478.0,85492.23,1.01837
1791145260000,85492.22,85492.23,85492.22,85492.22,0.76585
1791145320000,85492.23,85492.23,85484.0,85484.0,1.90219
1791145380000,85484.0,85484.01,85478.01,85478.01,0.64708
1791145440000,85478.01,85478.02,85474.0,85474.0,1.86929
1791145500000,85474.01,85474.01,85474.0,85474.0,0.54609
1791145560000,85474.0,85474.0,85453.74,85453.74,8.09933
1791145620000,85453.74,85453.74,85453.73,85453.73,0.91467
1791145680000,85453.73,85465.37,85453.73,85465.36,6.16178
1791145740000,85465.36,85474.3,85465.36,85474.3,11.53857
1791145800000,85474.3,85474.31,85450.01,85450.01,13.06059
1791145860000,85450.02,85450.02,85445.46,85445.46,2.01827
1791145920000,85445.46,85446.34,85445.46,85446.34,2.0858
1791145980000,85446.34,85508.01,85446.34,85508.01,7.92099
1791146040000,85508.01,85562.01,85508.01,85562.01,6.45049
1791146100000,85562.0,85600.01,85562.0,85600.0,23.42876
1791146160000,85600.0,85615.4,85600.0,85607.38,5.56937
1791146220000,85607.37,85646.0,85607.37,85640.01,21.34878
1791146280000,85640.01,85666.01,85578.16,85578.17,33.84293
1791146340000,85578.16,85606.01,85574.13,85602.89,13.05376
1791146400000,85602.88,85613.5,85602.88,85613.5,4.84683
1791146460000,85613.49,85629.87,85608.97,85629.87,4.42615
1791146520000,85629.87,85666.56,85629.86,85666.55,14.31616
1791146580000,85666.55,85763.48,85653.18,85762.49,27.46073
1791146640000,85762.48,85766.48,85754.86,85758.98,11.16722
1791146700000,85758.98,85758.98,85711.22,85724.69,9.84923
1791146760000,85724.7,85760.0,85724.69,85759.99,1.0583
1791146820000,85760.0,85876.84,85759.99,85820.54,31.33703
1791146880000,85820.53,85871.46,85813.4,85839.44,7.19704
1791146940000,85839.45,85839.45,85807.02,85817.69,2.30952
1791147000000,85817.7,85844.95,85817.69,85844.95,3.85505
1791147060000,85844.94,85856.12,85824.99,85825.0,5.91795
1791147120000,85825.0,85860.3,85824.99,85828.22,4.93682
1791147180000,85828.22,85838.95,85769.67,85769.68,6.48092
1791147240000,85769.68,85808.81,85769.67,85808.8,2.15154
1791147300000,85808.81,85838.0,85808.8,85838.0,3.83718
1791147360000,85838.0,85858.77,85837.99,85850.56,2.90131
1791147420000,85850.57,85850.57,85812.49,85815.46,14.04937
1791147480000,85815.46,85826.01,85815.46,85826.01,4.50203
1791147540000,85826.0,85838.87,85824.44,85824.44,0.90162
1791147600000,85824.45,85864.58,85808.23,85808.23,5.87706
1791147660000,85808.23,85835.03,85790.4,85834.73,6.30195
1791147720000,85834.72,85895.97,85834.72,85889.56,10.38639
1791147780000,85889.56,85889.57,85850.59,85850.59,2.27928
1791147840000,85850.59,85862.18,85833.48,85836.26,7.39934
1791147900000,85836.26,85864.69,85836.26,85864.68,1.72689
1791147960000,85864.68,85864.69,85864.68,85864.68,0.73468
1791148020000,85864.69,85864.69,85845.39,85847.41,1.95615
1791148080000,85847.41,85888.0,85847.41,85888.0,2.3617
1791148140000,85887.99,85895.97,85876.68,85879.43,2.60845
1791148200000,85879.43,85940.0,85879.43,85939.99,17.36919
1791148260000,85939.99,86066.22,85939.99,86048.14,102.38469
1791148320000,86048.13,86048.13,86010.14,86015.54,12.20646
1791148380000,86015.54,86039.58,85969.44,86008.1,40.38411
1791148440000,86007.64,86050.85,85994.14,86028.03,12.95607
1791148500000,86028.02,86036.39,85981.03,85997.39,11.32407
1791148560000,85997.39,86061.89,85982.39,86052.43,21.2309
1791148620000,86052.42,86052.43,86022.79,86022.79,11.53091
1791148680000,86022.79,86032.12,86022.79,86032.12,6.6025
1791148740000,86032.12,86042.1,86005.09,86005.09,15.1621
1791148800000,86005.09,86005.09,85854.68,85854.68,17.19723
1791148860000,85854.69,85867.03,85778.78,85788.14,18.91494
1791148920000,85788.15,85846.51,85786.87,85846.5,5.60025
1791148980000,85846.51,85854.45,85797.71,85797.72,8.95354
1791149040000,85797.71,85869.83,85797.71,85869.83,6.37643
1791149100000,85869.83,85893.58,85864.56,85882.12,9.52942
1791149160000,85882.12,85893.58,85865.47,85865.47,4.02377
1791149220000,85865.48,85865.48,85841.14,85841.15,2.49322
1791149280000,85841.15,85841.15,85838.63,85838.63,3.67667
1791149340000,85838.63,85838.63,85818.41,85827.33,3.6483
1791149400000,85827.34,85899.58,85827.33,85894.08,6.56056
1791149460000,85894.07,85894.07,85863.02,85863.02,4.43879
1791149520000,85863.03,85863.03,85832.45,85832.45,1.54845
1791149580000,85832.46,85872.32,85829.29,85872.31,7.11246
1791149640000,85872.31,85894.56,85867.49,85892.57,10.20459
1791149700000,85892.56,85934.77,85892.31,85934.77,7.43711
1791149760000,85934.76,85962.01,85934.76,85950.65,5.48916
1791149820000,85950.65,85990.35,85950.64,85990.34,3.28134
1791149880000,85990.34,85990.34,85971.19,85984.01,13.61431
1791149940000,85984.0,85984.01,85968.48,85968.48,5.65281
1791150000000,85968.47,86000.0,85963.63,85972.76,8.31782
1791150060000,85972.76,85981.95,85972.7,85972.7,2.15001
1791150120000,85972.71,85972.71,85966.19,85967.78,2.04697
1791150180000,85967.79,85987.62,85967.78,85987.02,5.13249
1791150240000,85987.03,85998.43,85966.0,85984.98,12.3448
1791150300000,85984.99,86024.81,85984.99,86024.8,3.78608
1791150360000,86024.8,86058.0,86024.8,86055.68,7.86536
1791150420000,86055.68,86055.68,86025.29,86025.29,4.42699
1791150480000,86025.29,86025.29,85982.0,85982.0,2.83445
1791150540000,85982.0,85982.0,85934.23,85959.99,5.16736
1791150600000,85960.0,85969.18,85959.99,85967.28,7.09783
1791150660000,85967.28,85967.29,85962.84,85965.0,1.48986
1791150720000,85964.99,85965.0,85959.99,85960.01,1.13562
1791150780000,85960.0,85960.01,85954.0,85954.01,3.25644
1791150840000,85954.0,85954.01,85880.0,85880.01,4.94853
1791150900000,85880.0,85914.38,85880.0,85914.37,2.74934
1791150960000,85914.37,85929.77,85912.87,85929.77,1.56746
1791151020000,85929.76,85929.77,85858.0,85858.01,11.42839
1791151080000,85858.0,85858.0,85820.0,85836.01,7.7931
1791151140000,85836.0,85865.42,85836.0,85865.42,4.20179
1791151200000,85865.43,86023.44,85865.43,86015.8,31.64134
1791151260000,86015.81,86032.03,85998.0,86008.58,24.16151
1791151320000,86008.59,86272.34,86008.58,86183.07,149.75139
1791151380000,86183.06,86232.01,86034.0,86088.01,37.73486
1791151440000,86088.0,86204.01,86070.0,86200.0,18.54179
1791151500000,86200.01,86200.01,86056.0,86166.01,31.75294
1791151560000,86166.01,86308.14,86166.0,86247.95,43.64944
1791151620000,86247.95,86248.01,86188.0,86188.0,6.16957
1791151680000,86188.0,86213.91,86126.01,86213.91,17.20631
1791151740000,86213.9,86269.14,86213.9,86238.52,14.48961
1791151800000,86238.52,86246.01,86206.06,86210.01,19.74976
1791151860000,86210.0,86260.0,86185.69,86251.76,9.99713
1791151920000,86251.75,86258.01,86234.0,86248.01,5.2704
1791151980000,86248.0,86335.87,86248.0,86316.12,19.42324
1791152040000,86316.12,86335.87,86282.0,86324.71,15.76141
1791152100000,86324.71,86349.49,86300.05,86349.49,10.86558
1791152160000,86349.49,86649.0,86349.49,86579.58,133.7244
1791152220000,86579.58,86638.8,86515.3,86588.19,33.17141
1791152280000,86588.19,86656.0,86559.42,86610.87,22.68929
1791152340000,86610.87,86686.39,86598.32,86612.13,21.7498
1791152400000,86612.13,86672.01,86596.3,86608.0,21.13326
1791152460000,86608.0,86621.5,86494.0,86576.61,14.50331
1791152520000,86576.61,86576.62,86520.0,86560.01,9.71922
1791152580000,86560.0,86560.0,86470.0,86493.67,7.92134
1791152640000,86493.67,86524.01,86484.0,86484.0,13.11574
1791152700000,86484.0,86510.01,86460.01,86498.13,9.62251
1791152760000,86498.29,86506.76,86419.97,86466.01,40.12361
1791152820000,86466.0,86480.01,86386.0,86386.0,106.69637
1791152880000,86386.0,86386.0,86299.18,86316.39,30.95138
1791152940000,86316.38,86316.39,86239.03,86244.82,11.57413
1791153000000,86244.83,86288.61,86235.99,86288.61,14.06166
1791153060000,86288.61,86317.85,86260.73,86276.01,10.80975
1791153120000,86276.01,86382.0,86266.0,86350.82,11.29467
1791153180000,86350.81,86420.01,86328.0,86370.0,19.25478
1791153240000,86370.0,86420.01,86359.66,86394.88,12.31098
1791153300000,86394.87,86461.46,86390.51,86410.0,12.41506
1791153360000,86410.01,86473.49,86410.01,86466.53,17.03531
1791153420000,86466.54,86474.0,86420.0,86424.01,12.48652
1791153480000,86424.01,86468.01,86373.4,86373.4,15.45214
1791153540000,86373.4,86388.01,86322.28,86322.29,5.03296
1791153600000,86322.29,86372.0,86308.0,86350.0,8.66151
1791153660000,86350.01,86428.01,86350.01,86428.01,5.7545
1791153720000,86428.01,86475.0,86428.01,86471.37,9.07132
1791153780000,86471.37,86471.38,86408.61,86408.61,11.02446
1791153840000,86408.61,86408.62,86376.0,86376.0,12.04775
1791153900000,86376.0,86378.51,86354.01,86364.7,7.36223
1791153960000,86364.7,86370.0,86350.06,86350.06,4.87716
1791154020000,86350.06,86358.01,86319.37,86358.01,10.05287
1791154080000,86358.0,86358.01,86345.27,86345.28,11.17715
1791154140000,86345.27,86345.28,86317.51,86317.52,5.91461
1791154200000,86317.52,86317.52,86292.17,86292.17,7.24877
1791154260000,86292.18,86334.01,86290.06,86334.01,12.71154
1791154320000,86334.01,86379.46,86334.01,86379.46,12.10343
1791154380000,86379.45,86442.01,86378.06,86442.01,5.5857
1791154440000,86442.0,86442.01,86410.35,86424.12,6.02968
1791154500000,86424.12,86432.0,86420.0,86426.0,3.6337
1791154560000,86426.0,86451.07,86426.0,86440.01,10.67164
1791154620000,86440.0,86440.0,86402.0,86402.0,2.97786
1791154680000,86402.0,86408.77,86393.47,86406.99,5.3725
1791154740000,86406.99,86428.01,86406.99,86428.01,3.5825
1791154800000,86428.01,86480.0,86420.0,86450.01,10.27838
1791154860000,86450.01,86460.98,86424.15,86424.15,20.32188
1791154920000,86424.16,86447.99,86396.1,86396.1,19.23962
1791154980000,86396.1,86425.99,86396.0,86425.99,8.75348
1791155040000,86425.98,86478.01,86425.98,86478.01,10.30142
1791155100000,86478.0,86500.0,86454.53,86490.01,6.02151
1791155160000,86490.0,86500.0,86490.0,86496.01,6.1044
1791155220000,86496.01,86496.01,86454.0,86454.0,4.833
1791155280000,86454.0,86517.02,86454.0,86517.02,15.62157
1791155340000,86517.01,86517.02,86477.98,86477.98,22.57879
1791155400000,86477.99,86560.0,86477.99,86546.05,11.85539
1791155460000,86546.04,86555.81,86500.0,86555.81,8.96907
1791155520000,86555.81,86597.99,86550.19,86592.0,28.3541
1791155580000,86592.0,86630.0,86568.01,86612.71,9.51576
1791155640000,86612.71,86612.72,86558.0,86582.01,8.05124
1791155700000,86582.0,86601.94,86579.22,86586.01,10.71589
1791155760000,86586.0,86598.01,86572.0,86598.0,6.94927
1791155820000,86598.0,86668.0,86598.0,86624.01,21.53858
1791155880000,86624.0,86636.0,86522.01,86522.01,9.1985
1791155940000,86522.01,86596.01,86522.01,86596.01,9.01705
1791156000000,86596.01,86664.01,86591.24,86644.01,21.53073
1791156060000,86644.0,86668.0,86604.0,86629.94,16.12708
1791156120000,86629.94,86629.94,86591.29,86591.29,11.71059
1791156180000,86591.29,86630.49,86583.09,86610.18,27.23717
1791156240000,86610.18,86635.0,86592.0,86603.3,14.44914
1791156300000,86603.31,86626.01,86603.31,86626.01,9.49212
1791156360000,86626.01,86666.01,86622.0,86666.01,13.83047
1791156420000,86666.01,86800.0,86640.0,86734.0,83.54652
1791156480000,86734.01,86794.44,86718.0,86718.01,18.89576
1791156540000,86718.0,86720.11,86682.16,86688.01,11.4017
1791156600000,86688.0,86699.67,86649.18,86699.67,8.50261
1791156660000,86699.67,86714.01,86644.01,86644.01,7.44846
1791156720000,86644.0,86644.0,86594.99,86614.01,6.94842
1791156780000,86614.01,86657.51,86612.0,86612.01,7.00372
1791156840000,86612.0,86612.01,86556.02,86556.03,5.76044
1791156900000,86556.02,86556.02,86515.0,86521.33,6.07636
1791156960000,86521.32,86531.37,86445.38,86482.01,27.40246
1791157020000,86482.02,86511.73,86478.0,86506.01,7.69465
1791157080000,86506.0,86506.0,86432.0,86441.14,13.48062
1791157140000,86441.14,86465.59,86441.14,86462.0,9.07362
1791157200000,86462.01,86511.47,86462.01,86504.01,7.09885
1791157260000,86504.0,86504.0,86456.0,86456.0,19.3997
1791157320000,86456.01,86464.0,86428.0,86463.99,21.72983
1791157380000,86464.0,86482.01,86448.09,86482.0,8.69351
1791157440000,86482.0,86523.18,86482.0,86523.17,6.46435
1791157500000,86523.18,86523.18,86459.64,86480.0,12.24423
1791157560000,86479.99,86508.71,86479.99,86508.71,25.42309
1791157620000,86508.7,86530.4,86508.7,86530.0,8.83493
1791157680000,86530.0,86530.01,86516.0,86516.0,1.53295
1791157740000,86516.0,86528.01,86508.0,86528.01,2.10314
1791157800000,86528.01,86543.19,86516.0,86539.51,7.9509
1791157860000,86539.51,86558.84,86510.14,86510.14,5.89035
1791157920000,86510.14,86518.01,86482.0,86482.0,9.5475
1791157980000,86482.0,86482.01,86440.0,86440.0,9.70352
1791158040000,86440.0,86478.01,86420.0,86478.01,11.47572
1791158100000,86478.01,86498.18,86466.0,86468.01,9.0084
1791158160000,86468.01,86509.71,86468.01,86503.56,5.87533
1791158220000,86503.57,86503.57,86480.0,86484.35,2.25165
1791158280000,86484.35,86515.68,86468.0,86512.0,37.30211
1791158340000,86512.0,86538.01,86508.0,86530.0,27.62639
1791158400000,86530.0,86530.0,86434.0,86434.01,23.12715
1791158460000,86434.01,86438.01,86346.01,86373.75,70.54599
1791158520000,86373.75,86398.01,86343.34,86346.01,22.26917
1791158580000,86346.01,86388.4,86336.27,86380.01,9.58123
1791158640000,86380.01,86434.07,86380.0,86434.07,24.24665
1791158700000,86434.06,86450.01,86429.31,86450.0,23.76841
1791158760000,86450.0,86500.0,86449.99,86500.0,11.32588
1791158820000,86500.0,86508.61,86429.99,86430.0,5.47154
1791158880000,86430.0,86458.01,86430.0,86458.0,9.32513
1791158940000,86457.99,86458.0,86386.31,86386.31,18.32111
1791159000000,86386.32,86469.15,86386.32,86469.14,10.04438
1791159060000,86469.14,86498.72,86462.0,86462.0,5.24085
1791159120000,86462.0,86462.01,86361.0,86362.0,12.32317
1791159180000,86361.99,86385.95,86326.22,86385.95,6.89778
1791159240000,86385.95,86385.95,86354.22,86359.99,6.26281
1791159300000,86359.99,86434.01,86354.0,86432.01,6.81886
1791159360000,86432.0,86475.17,86432.0,86464.61,4.58731
1791159420000,86464.62,86476.01,86448.0,86453.99,6.90204
1791159480000,86454.0,86470.01,86430.0,86458.01,6.67634
1791159540000,86458.01,86482.0,86450.0,86481.99,9.32869
1791159600000,86481.99,86489.54,86460.0,86489.54,8.95891
1791159660000,86489.53,86489.54,86414.87,86414.87,6.58908
1791159720000,86414.87,86425.8,86396.01,86416.01,6.09149
1791159780000,86416.01,86426.01,86416.0,86420.58,2.68617
1791159840000,86420.58,86420.58,86352.01,86372.0,12.28711
1791159900000,86372.0,86372.01,86307.22,86309.99,14.0521
1791159960000,86309.99,86320.01,86307.06,86307.06,3.77358
1791160020000,86307.06,86316.45,86287.22,86305.56,11.2392
1791160080000,86305.57,86317.99,86285.71,86287.24,21.79732
1791160140000,86287.23,86287.23,86266.0,86274.0,8.92953
1791160200000,86274.01,86280.82,86259.73,86259.74,4.24545
1791160260000,86259.73,86259.74,86200.0,86218.01,11.46844
1791160320000,86218.01,86242.01,86217.99,86242.0,8.55203
1791160380000,86242.0,86255.0,86228.0,86255.0,3.35786
1791160440000,86254.99,86264.01,86254.01,86254.02,2.47916
1791160500000,86254.02,86285.29,86236.01,86285.28,4.28194
1791160560000,86285.28,86324.63,86285.28,86324.19,6.45698
1791160620000,86324.01,86324.01,86286.0,86286.01,2.83035
1791160680000,86286.0,86324.84,86286.0,86322.61,2.48191
1791160740000,86322.62,86391.63,86322.62,86391.62,6.74475
1791160800000,86391.63,86487.51,86391.63,86468.01,13.42708
1791160860000,86468.0,86524.82,86454.0,86524.81,11.45405
1791160920000,86524.81,86601.67,86517.94,86599.55,12.60423
1791160980000,86599.55,86608.67,86558.0,86580.0,8.63007
1791161040000,86580.0,86626.01,86575.09,86622.01,7.27963
1791161100000,86622.01,86622.01,86572.0,86572.0,7.23954
1791161160000,86572.0,86572.0,86526.0,86526.0,3.59929
1791161220000,86526.0,86552.01,86520.0,86552.0,6.23565
1791161280000,86552.01,86632.01,86552.01,86614.0,14.60301
1791161340000,86614.0,86627.53,86576.0,86624.01,11.29769
1791161400000,86624.0,86624.0,86586.0,86590.0,5.00748
1791161460000,86590.01,86685.02,86590.01,86622.0,20.58372
1791161520000,86622.01,86659.32,86608.0,86659.32,3.33378
1791161580000,86659.31,86681.67,86603.61,86603.62,56.25915
1791161640000,86603.62,86606.71,86578.05,86602.0,20.00961
1791161700000,86602.01,86636.8,86576.01,86636.8,5.04315
1791161760000,86636.8,86649.95,86634.0,86634.0,2.44509
1791161820000,86634.0,86641.67,86618.01,86641.67,2.07868
1791161880000,86641.67,86710.56,86638.02,86690.0,20.27404
1791161940000,86690.01,86696.01,86643.76,86652.46,12.28193
1791162000000,86652.45,86652.46,86566.0,86566.01,10.22448
1791162060000,86566.01,86566.01,86501.09,86531.99,14.29947
1791162120000,86531.99,86531.99,86467.93,86487.63,4.84945
1791162180000,86487.64,86502.01,86475.6,86488.37,4.38112
1791162240000,86488.37,86592.01,86488.37,86590.0,8.24099
1791162300000,86590.01,86604.01,86570.01,86602.62,2.62786
1791162360000,86602.62,86620.01,86556.46,86556.47,30.06392
1791162420000,86556.46,86556.47,86472.02,86486.01,110.72414
1791162480000,86486.01,86586.02,86476.0,86572.01,31.91324
1791162540000,86572.01,86572.02,86532.0,86532.01,4.52185
1791162600000,86532.0,86542.0,86524.0,86541.99,2.90461
1791162660000,86541.99,86606.0,86541.99,86594.0,5.06884
1791162720000,86594.0,86617.99,86587.9,86587.91,3.59496
1791162780000,86587.91,86630.0,86587.9,86630.0,5.58924
1791162840000,86629.99,86754.01,86626.0,86751.22,39.47657
1791162900000,86751.23,86751.23,86668.26,86712.0,32.82525
1791162960000,86712.01,86743.22,86686.74,86714.66,11.25636
1791163020000,86714.65,86800.0,86714.65,86800.0,16.50321
1791163080000,86800.0,86849.43,86728.67,86742.67,42.75138
1791163140000,86742.66,86788.01,86742.66,86765.45,9.27811
1791163200000,86765.46,86800.0,86712.89,86750.17,93.19677
1791163260000,86750.17,86764.84,86666.16,86730.42,92.30183
1791163320000,86730.43,86871.85,86730.43,86767.63,30.24376
1791163380000,86767.63,86813.17,86756.64,86813.15,12.88689
1791163440000,86813.16,86877.99,86813.15,86853.6,25.07396
1791163500000,86853.6,86917.72,86853.6,86902.36,123.76271
1791163560000,86902.35,86909.54,86873.59,86876.03,40.0326
1791163620000,86876.02,86910.75,86875.02,86897.38,8.28009
1791163680000,86897.38,86999.11,86897.38,86999.05,47.39183
1791163740000,86999.05,86999.06,86944.67,86944.67,41.05025
1791163800000,86944.68,86950.01,86786.0,86786.01,14.39399
1791163860000,86786.01,86786.01,86687.12,86698.0,21.9941
1791163920000,86698.01,86754.01,86682.0,86738.01,12.15336
1791163980000,86738.0,86760.95,86724.0,86726.0,14.83267
1791164040000,86726.01,86726.01,86675.82,86696.01,7.10999
1791164100000,86696.0,86712.0,86676.01,86676.02,7.66752
1791164160000,86676.01,86692.01,86653.5,86673.96,12.18913
1791164220000,86673.97,86709.82,86660.0,86695.8,9.55805
1791164280000,86695.81,86715.21,86693.62,86715.21,15.97085
1791164340000,86715.2,86754.01,86715.2,86752.0,10.67357
1791164400000,86752.01,86754.0,86742.12,86752.29,2.53911
1791164460000,86752.29,86789.14,86745.76,86774.42,9.4381
1791164520000,86774.41,86774.41,86732.0,86750.68,23.7721
1791164580000,86750.68,86750.68,86716.3,86716.3,1.28912
1791164640000,86716.3,86727.01,86716.3,86722.0,4.18495
1791164700000,86722.01,86737.28,86718.0,86722.0,12.70766
1791164760000,86722.01,86746.21,86722.0,86746.19,1.42298
1791164820000,86746.19,86756.01,86732.0,86736.01,5.93438
1791164880000,86736.01,86752.57,86732.0,86732.01,9.11801
1791164940000,86732.0,86732.0,86712.3,86712.91,21.69699
1791165000000,86712.91,86712.91,86644.0,86644.01,4.48044
1791165060000,86644.01,86644.01,86598.0,86631.21,8.59658
1791165120000,86631.2,86633.74,86619.01,86633.73,3.92761
1791165180000,86633.73,86633.73,86604.0,86604.0,3.44073
1791165240000,86604.01,86604.01,86576.56,86585.46,4.22611
1791165300000,86585.45,86599.99,86584.39,86599.98,2.45232
1791165360000,86599.98,86600.0,86599.98,86599.99,0.59698
1791165420000,86599.99,86626.56,86599.99,86626.55,2.79824
1791165480000,86626.56,86626.56,86612.66,86612.67,1.77182
1791165540000,86612.66,86615.31,86612.66,86615.31,1.02538
1791165600000,86615.31,86638.99,86599.99,86638.99,5.40278
1791165660000,86638.99,86658.45,86582.23,86593.56,14.92438
1791165720000,86593.56,86617.98,86569.75,86579.22,11.7482
1791165780000,86579.22,86638.98,86578.01,86638.98,7.51316
1791165840000,86638.98,86700.0,86638.97,86668.0,5.29758
1791165900000,86668.0,86704.01,86668.0,86689.66,6.19028
1791165960000,86689.65,86711.13,86684.61,86705.12,5.86928
1791166020000,86705.12,86705.12,86642.0,86670.01,9.88407
1791166080000,86670.01,86680.01,86651.69,86651.7,6.53097
1791166140000,86651.7,86722.01,86644.0,86722.0,69.05795
1791166200000,86722.01,86728.52,86707.81,86707.82,3.80663
1791166260000,86707.82,86721.59,86670.0,86670.0,11.07695
1791166320000,86670.01,86677.96,86642.01,86677.96,4.56775
1791166380000,86677.96,86709.69,86676.0,86709.68,4.47295
1791166440000,86709.69,86709.69,86665.54,86668.01,5.65285
1791166500000,86668.0,86686.01,86644.0,86686.01,5.15133
1791166560000,86686.0,86696.0,86658.81,86658.82,5.25109
1791166620000,86658.82,86658.82,86579.9,86579.91,8.83693
1791166680000,86579.91,86605.5,86568.0,86605.5,6.69697
1791166740000,86605.49,86605.5,86554.0,86592.01,10.22799
1791166800000,86592.0,86606.01,86582.0,86585.24,16.21048
1791166860000,86585.23,86585.23,86546.0,86554.0,7.52162
1791166920000,86554.0,86577.03,86534.03,86577.02,19.87883
1791166980000,86577.02,86577.03,86556.76,86556.77,25.86838
1791167040000,86556.77,86561.53,86550.03,86560.01,3.49051
1791167100000,86560.0,86575.99,86556.0,86556.01,11.22034
1791167160000,86556.0,86556.01,86521.19,86547.23,6.31576
1791167220000,86547.23,86579.42,86547.23,86566.96,16.67433
1791167280000,86566.96,86579.01,86538.1,86567.51,42.8574
1791167340000,86567.5,86579.41,86511.78,86511.78,116.01368
1791167400000,86511.79,86511.79,86500.21,86500.21,5.2206
1791167460000,86500.21,86500.22,86410.0,86413.09,38.185
1791167520000,86413.08,86438.04,86413.08,86438.03,35.24171
1791167580000,86438.02,86480.01,86438.02,86453.21,6.56111
1791167640000,86453.21,86479.41,86448.0,86448.0,31.26446
1791167700000,86448.0,86550.0,86448.0,86548.88,10.84533
1791167760000,86548.88,86555.41,86522.0,86522.0,6.75678
1791167820000,86522.01,86620.01,86504.33,86618.0,15.27853
1791167880000,86618.0,86666.56,86602.0,86622.14,13.36935
1791167940000,86622.14,86689.99,86622.14,86654.0,12.37798
1791168000000,86654.01,86692.0,86648.87,86692.0,9.60041
1791168060000,86692.01,86726.33,86692.01,86710.0,6.15672
1791168120000,86710.01,86725.73,86658.01,86666.0,4.11408
1791168180000,86666.01,86682.68,86630.0,86682.67,16.34382
1791168240000,86682.67,86700.0,86669.99,86681.99,5.50593
1791168300000,86681.99,86698.69,86658.01,86658.01,2.74759
1791168360000,86658.01,86667.61,86642.0,86666.0,3.58562
1791168420000,86666.0,86666.01,86654.63,86654.64,0.84007
1791168480000,86654.64,86654.64,86621.07,86621.07,3.12323
1791168540000,86621.08,86621.08,86570.14,86570.15,6.66111
1791168600000,86570.15,86589.89,86568.0,86589.88,3.7033
1791168660000,86589.89,86589.89,86583.56,86583.56,2.03627
1791168720000,86583.57,86583.57,86576.82,86583.56,2.43188
1791168780000,86583.56,86640.01,86583.56,86638.62,5.21792
1791168840000,86638.62,86650.01,86638.61,86642.9,1.47425
1791168900000,86642.9,86642.9,86598.0,86598.0,2.37093
1791168960000,86598.0,86622.01,86578.29,86622.01,5.13053
1791169020000,86622.0,86622.01,86574.12,86574.12,2.68549
1791169080000,86574.13,86580.0,86566.24,86566.25,1.39966
1791169140000,86566.25,86566.25,86500.0,86522.0,12.84572
1791169200000,86522.01,86524.0,86507.4,86517.62,3.48294
1791169260000,86517.61,86533.38,86517.61,86530.01,3.40561
1791169320000,86530.01,86530.01,86516.01,86516.01,3.29991
1791169380000,86516.0,86516.01,86504.61,86514.43,3.90924
1791169440000,86514.43,86514.44,86480.07,86486.01,5.24385
1791169500000,86486.01,86486.01,86467.42,86467.43,3.6097
1791169560000,86467.42,86467.43,86448.0,86457.82,4.25446
1791169620000,86457.82,86458.01,86448.0,86458.0,2.55555
1791169680000,86457.99,86458.0,86439.26,86439.27,2.70661
1791169740000,86439.26,86439.27,86396.0,86416.02,36.98939
1791169800000,86416.01,86451.83,86408.29,86451.82,6.85976
1791169860000,86451.82,86484.02,86450.0,86482.01,13.15039
1791169920000,86482.01,86500.0,86482.0,86486.0,5.42612
1791169980000,86486.0,86500.0,86458.01,86464.0,4.0698
1791170040000,86464.01,86518.06,86464.01,86499.99,24.19409
1791170100000,86499.99,86506.68,86437.79,86460.02,20.42259
1791170160000,86460.01,86468.01,86442.2,86468.01,10.58928
1791170220000,86468.01,86474.96,86418.56,86419.95,12.14853
1791170280000,86419.95,86440.01,86415.0,86415.0,6.77359
1791170340000,86415.01,86428.0,86415.0,86415.0,2.27037
1791170400000,86415.0,86415.0,86368.0,86368.0,8.38416
1791170460000,86368.0,86368.01,86349.5,86349.51,12.05025
1791170520000,86349.51,86355.36,86332.68,86340.53,26.96215
1791170580000,86340.53,86400.0,86318.48,86400.0,17.77166
1791170640000,86400.0,86420.01,86399.99,86420.01,3.79086
1791170700000,86420.01,86471.22,86420.01,86453.48,10.41796
1791170760000,86453.48,86474.0,86453.48,86473.99,4.00678
1791170820000,86473.99,86474.0,86472.0,86472.01,1.09286
1791170880000,86472.0,86472.01,86466.0,86466.0,1.07777
1791170940000,86466.0,86466.01,86454.0,86454.0,2.67389
1791171000000,86454.0,86454.01,86444.0,86444.01,2.36906
1791171060000,86444.01,86446.01,86422.3,86422.31,4.22992
1791171120000,86422.3,86434.01,86407.76,86407.76,1.93504
1791171180000,86407.77,86407.77,86374.0,86376.0,3.18273
1791171240000,86376.0,86376.01,86356.01,86356.02,2.82696
1791171300000,86356.01,86356.02,86344.0,86348.01,2.85155
1791171360000,86348.01,86348.01,86291.64,86291.64,5.71842
1791171420000,86291.64,86320.0,86255.18,86320.0,13.36674
1791171480000,86319.99,86330.01,86308.01,86330.01,4.60024
1791171540000,86330.01,86344.13,86330.01,86344.12,6.54745
1791171600000,86344.13,86348.01,86312.0,86314.01,8.86522
1791171660000,86314.0,86314.01,86274.52,86290.01,3.93942
1791171720000,86290.0,86290.01,86266.0,86268.01,6.03078
1791171780000,86268.0,86306.01,86268.0,86269.24,17.85446
1791171840000,86269.24,86269.32,86260.01,86260.01,2.65478
1791171900000,86260.02,86272.0,86260.01,86272.0,3.19014
1791171960000,86271.99,86300.0,86271.99,86299.99,8.14529
1791172020000,86300.0,86302.78,86298.0,86298.01,4.57329
1791172080000,86298.0,86302.1,86298.0,86302.09,0.53175
1791172140000,86302.09,86332.75,86302.09,86306.01,7.76388
1791172200000,86306.0,86306.01,86277.54,86277.55,8.99292
1791172260000,86277.54,86278.96,86267.05,86269.64,3.90818
1791172320000,86269.65,86274.01,86250.0,86274.0,3.98831
1791172380000,86274.0,86274.0,86240.0,86260.1,11.08542
1791172440000,86260.1,86260.1,86243.25,86258.17,6.34199
1791172500000,86258.18,86260.09,86256.82,86256.83,8.68951
1791172560000,86256.82,86256.83,86249.18,86250.0,1.76414
1791172620000,86249.99,86249.99,86074.89,86083.61,23.87322
1791172680000,86083.62,86154.0,86019.5,86029.18,38.89714
1791172740000,86029.17,86128.06,86024.26,86085.03,12.4496
1791172800000,86085.02,86128.06,86026.77,86033.9,16.6483
1791172860000,86033.89,86115.04,86021.01,86104.01,13.44155
1791172920000,86104.02,86142.56,86055.03,86070.61,7.86342
1791172980000,86070.6,86092.62,86047.39,86092.61,9.63698
1791173040000,86092.61,86100.0,86062.13,86083.54,5.5263
1791173100000,86083.55,86086.76,86051.35,86068.58,3.51675
1791173160000,86068.58,86122.02,86052.0,86122.02,9.13586
1791173220000,86122.01,86137.85,86081.2,86081.2,10.41574
1791173280000,86081.21,86081.21,85977.95,86033.56,33.34484
1791173340000,86033.56,86049.66,85998.04,86033.31,8.68185
1791173400000,86033.32,86033.32,85947.89,85954.3,16.07656
1791173460000,85954.29,85996.08,85944.32,85984.17,6.38304
1791173520000,85984.18,85989.02,85948.37,85985.98,11.64454
1791173580000,85985.98,85995.84,85969.56,85969.56,3.45071
1791173640000,85969.57,85987.55,85944.05,85966.48,5.41416
1791173700000,85966.47,85966.48,85926.3,85933.65,3.17063
1791173760000,85933.66,85953.81,85910.09,85953.8,6.07103
1791173820000,85953.81,85953.81,85889.51,85889.59,10.49266
1791173880000,85889.6,85889.6,85825.18,85825.19,11.45435
1791173940000,85825.18,85888.48,85825.18,85880.05,11.79849
1791174000000,85880.06,85880.06,85841.41,85841.41,3.40434
1791174060000,85841.42,85841.42,85790.7,85801.84,35.1288
1791174120000,85801.84,85801.84,85669.83,85749.12,200.76849
1791174180000,85749.12,85800.0,85746.86,85800.0,8.39027
1791174240000,85799.99,85883.49,85799.99,85873.22,71.7476
1791174300000,85873.22,85940.0,85873.21,85890.56,12.11821
1791174360000,85890.57,85890.57,85838.87,85876.5,7.20077
1791174420000,85876.51,85876.51,85824.12,85824.12,5.18069
1791174480000,85824.13,85833.02,85796.24,85796.24,7.04099
1791174540000,85796.23,85799.17,85766.99,85779.0,9.73451
1791174600000,85778.99,85782.0,85759.07,85759.07,10.91526
1791174660000,85759.08,85763.94,85707.88,85707.89,15.82549
1791174720000,85707.88,85707.89,85512.07,85540.77,42.80105
1791174780000,85540.78,85616.06,85485.0,85608.57,33.20445
1791174840000,85608.57,85615.56,85579.18,85582.22,9.2011
1791174900000,85582.22,85590.73,85537.17,85537.17,18.12768
1791174960000,85537.17,85611.66,85537.17,85594.87,13.02696
1791175020000,85594.87,85654.72,85594.86,85640.76,2.30785
1791175080000,85640.77,85644.89,85585.27,85585.28,6.90314
1791175140000,85585.28,85594.07,85561.65,85568.98,10.71831
1791175200000,85568.98,85594.07,85550.76,85587.57,9.72978
1791175260000,85587.57,85619.85,85525.2,85619.85,12.03982
1791175320000,85619.96,85628.5,85582.36,85591.54,8.25954
1791175380000,85591.53,85622.42,85588.8,85597.52,6.48731
1791175440000,85597.53,85625.0,85597.53,85619.68,15.46929
1791175500000,85619.68,85695.94,85594.4,85695.94,15.44694
1791175560000,85695.93,85695.93,85617.28,85627.58,6.32189
1791175620000,85627.58,85646.4,85627.57,85640.52,16.01352
1791175680000,85640.53,85668.24,85640.52,85668.24,3.70895
1791175740000,85668.24,85680.33,85642.02,85645.58,6.63399
1791175800000,85645.59,85645.59,85554.47,85554.48,7.91173
1791175860000,85554.48,85579.76,85546.7,85579.75,6.86445
1791175920000,85579.75,85587.66,85546.7,85554.65,7.54462
1791175980000,85554.64,85556.48,85546.7,85547.46,4.85276
1791176040000,85547.47,85557.02,85523.5,85549.84,5.75313
1791176100000,85549.83,85588.28,85522.37,85522.37,4.09288
1791176160000,85522.38,85553.95,85507.84,85553.06,6.22719
1791176220000,85553.06,85569.46,85545.57,85566.72,9.18323
1791176280000,85566.71,85566.72,85520.18,85520.18,2.60085
1791176340000,85520.18,85556.07,85520.18,85538.02,13.85998
1791176400000,85538.02,85560.86,85523.26,85544.73,11.29706
1791176460000,85544.72,85550.88,85504.89,85538.58,14.55449
1791176520000,85538.58,85540.75,85488.93,85488.94,4.93369
1791176580000,85488.93,85507.89,85485.0,85505.0,10.61842
1791176640000,85504.99,85523.38,85498.88,85505.0,4.2103
1791176700000,85505.0,85592.29,85496.44,85580.37,134.36011
1791176760000,85580.36,85591.71,85563.56,85591.7,3.00694
1791176820000,85591.71,85591.71,85570.06,85576.45,5.06568
1791176880000,85576.44,85576.45,85536.0,85556.19,8.16156
1791176940000,85556.19,85576.45,85556.19,85571.88,3.19936
1791177000000,85571.88,85571.89,85532.23,85533.61,3.09038
1791177060000,85533.6,85533.61,85515.65,85522.91,4.7694
1791177120000,85522.91,85561.38,85522.91,85552.89,8.34367
1791177180000,85552.9,85574.79,85550.0,85550.01,2.32708
1791177240000,85550.0,85550.01,85518.0,85518.01,3.37859
1791177300000,85518.01,85523.29,85489.69,85489.69,6.69893
1791177360000,85489.68,85506.59,85488.74,85506.59,1.07435
1791177420000,85506.59,85523.29,85486.01,85486.01,8.9171
1791177480000,85486.02,85486.02,85440.96,85464.34,12.54908
1791177540000,85464.34,85515.31,85464.33,85511.5,21.78002
1791177600000,85511.5,85533.22,85492.26,85498.0,15.47592
1791177660000,85498.01,85505.07,85492.17,85492.5,4.1589
1791177720000,85492.5,85492.5,85467.22,85471.33,4.19579
1791177780000,85471.33,85471.34,85460.62,85460.63,3.93567
1791177840000,85460.63,85471.33,85412.0,85471.33,13.21359
1791177900000,85471.33,85512.55,85471.32,85502.01,9.25702
1791177960000,85502.0,85537.8,85496.19,85524.96,5.35617
1791178020000,85524.97,85536.01,85524.96,85526.46,4.32445
1791178080000,85526.46,85533.48,85526.45,85533.48,2.12993
1791178140000,85533.48,85549.07,85533.47,85542.02,24.15374
1791178200000,85542.03,85542.03,85486.5,85486.5,64.15506
1791178260000,85486.51,85506.0,85470.0,85470.01,4.47725
1791178320000,85470.01,85527.93,85454.01,85491.08,13.26822
1791178380000,85491.09,85581.43,85491.08,85569.13,7.95742
1791178440000,85569.14,85614.01,85569.13,85608.0,10.80437
1791178500000,85608.01,85624.0,85595.0,85623.99,5.08145
1791178560000,85624.0,85679.82,85623.99,85679.81,9.3504
1791178620000,85679.82,85746.01,85679.81,85704.13,21.74773
1791178680000,85704.14,85740.55,85704.13,85740.55,9.21314
1791178740000,85740.54,85749.72,85739.97,85739.98,9.91102
1791178800000,85739.98,85746.05,85693.88,85693.89,54.95751
1791178860000,85693.88,85718.01,85690.49,85710.01,15.21811
1791178920000,85710.01,85710.74,85660.0,85667.0,5.69131
1791178980000,85667.01,85715.54,85667.01,85715.54,9.01247
1791179040000,85715.53,85784.01,85715.53,85784.0,12.53375
1791179100000,85784.0,85784.01,85759.5,85763.61,7.70012
1791179160000,85763.62,85763.62,85716.0,85722.82,7.60697
1791179220000,85722.83,85722.83,85710.65,85710.66,2.68057
1791179280000,85710.66,85726.01,85710.65,85716.99,5.14744
1791179340000,85717.0,85736.0,85716.99,85736.0,1.11174
1791179400000,85735.99,85758.01,85735.99,85755.77,2.89656
1791179460000,85755.78,85770.29,85755.77,85770.29,5.59396
1791179520000,85770.29,85770.29,85743.1,85743.1,10.76667
1791179580000,85743.1,85745.86,85743.1,85745.84,3.52364
1791179640000,85745.85,85745.85,85745.8,85745.81,0.84137
1791179700000,85745.8,85759.73,85745.8,85759.72,1.47498
1791179760000,85759.72,85778.01,85759.72,85778.01,3.88612
1791179820000,85778.0,85778.01,85758.51,85758.51,3.01324
1791179880000,85758.51,85767.58,85758.51,85767.57,2.46574
1791179940000,85767.58,85767.58,85767.57,85767.57,2.42507
1791180000000,85767.58,85831.49,85767.57,85831.49,6.5471
1791180060000,85831.48,85895.79,85826.0,85895.79,23.01027
1791180120000,85895.8,85897.01,85854.01,85854.02,15.47662
1791180180000,85854.02,85910.01,85854.02,85891.99,16.98274
1791180240000,85892.0,85912.2,85868.44,85875.51,9.55659
1791180300000,85875.52,85876.01,85826.01,85826.02,17.31189
1791180360000,85826.01,85876.01,85826.01,85855.12,5.83403
1791180420000,85855.12,85862.01,85848.01,85848.01,2.76028
1791180480000,85848.01,85848.02,85829.0,85842.0,4.62646
1791180540000,85842.01,85855.01,85820.49,85855.0,4.05366
1791180600000,85855.01,85855.01,85836.83,85853.19,3.71918
1791180660000,85853.19,85884.01,85853.19,85878.29,3.20058
1791180720000,85878.28,85896.53,85878.28,85887.23,4.29696
1791180780000,85887.23,85912.01,85876.36,85912.01,12.53654
1791180840000,85912.0,85916.88,85906.04,85916.88,4.06072
1791180900000,85916.87,85932.01,85916.87,85932.0,4.75658
1791180960000,85932.0,85963.89,85932.0,85963.89,6.34641
1791181020000,85963.88,85996.88,85963.88,85994.0,10.7833
1791181080000,85994.0,85997.74,85988.0,85988.01,9.89818
1791181140000,85988.01,86048.01,85988.0,86005.11,39.55046
1791181200000,86005.1,86010.89,85980.0,85980.0,17.05633
1791181260000,85980.0,85981.11,85930.8,85930.8,8.71149
1791181320000,85930.81,85930.81,85908.83,85922.0,6.42202
1791181380000,85922.0,85930.81,85911.51,85923.28,5.05505
1791181440000,85923.28,85984.01,85915.64,85980.97,5.15524
1791181500000,85980.96,85986.01,85914.0,85942.0,10.45592
1791181560000,85942.01,85944.01,85927.37,85931.76,3.05951
1791181620000,85931.76,85932.01,85930.84,85932.0,1.07643
1791181680000,85932.0,85938.01,85930.84,85930.85,3.14552
1791181740000,85930.85,85930.85,85877.26,85880.0,61.41378
1791181800000,85880.01,85901.98,85874.0,85897.23,6.28366
1791181860000,85897.22,85956.01,85897.22,85956.01,17.68275
1791181920000,85956.0,85962.01,85890.0,85904.02,9.55349
1791181980000,85904.02,85904.02,85843.83,85843.83,7.01871
1791182040000,85843.83,85878.01,85843.83,85860.01,6.91606
1791182100000,85860.02,85860.02,85843.83,85843.83,2.47535
1791182160000,85843.84,85862.01,85842.0,85862.0,2.97795
1791182220000,85862.01,85888.01,85862.0,85884.74,6.95429
1791182280000,85884.75,85884.75,85853.01,85870.0,7.41428
1791182340000,85870.0,85870.01,85864.0,85864.0,0.88851
1791182400000,85864.0,85864.0,85823.99,85824.0,6.77963
1791182460000,85823.99,85850.01,85823.99,85850.01,4.0581
1791182520000,85850.01,85855.91,85850.01,85855.91,0.34474
1791182580000,85855.91,85870.0,85836.0,85845.61,10.69055
1791182640000,85845.6,85847.45,85802.0,85814.01,6.26115
1791182700000,85814.01,85824.48,85814.01,85824.48,2.40221
1791182760000,85824.47,85924.01,85824.47,85913.31,11.93434
1791182820000,85913.31,86144.23,85913.3,86120.0,41.64108
1791182880000,86120.0,86182.86,86110.0,86136.0,13.83641
1791182940000,86136.0,86150.01,86118.0,86124.01,10.80545
1791183000000,86124.01,86184.66,86112.0,86112.01,10.1001
1791183060000,86112.01,86112.01,86058.0,86058.01,14.69628
1791183120000,86058.0,86112.01,86052.94,86112.0,4.74809
1791183180000,86112.01,86304.67,86112.0,86293.46,22.35974
1791183240000,86293.46,86365.46,86239.27,86241.25,29.04596
1791183300000,86241.26,86316.74,86232.28,86281.44,17.41924
1791183360000,86281.44,86291.2,86261.87,86261.87,4.65379
1791183420000,86261.88,86261.88,86225.61,86225.61,4.40745
1791183480000,86225.61,86244.01,86225.61,86234.73,3.64255
1791183540000,86234.73,86264.01,86232.0,86260.0,4.23291
1791183600000,86260.01,86260.01,86186.02,86186.02,11.03643
1791183660000,86186.02,86187.87,86150.0,86158.01,3.75092
1791183720000,86158.01,86234.01,86158.01,86234.0,12.29434
1791183780000,86234.01,86260.0,86231.47,86258.01,15.05547
1791183840000,86258.0,86286.0,86254.0,86276.62,5.74201
1791183900000,86276.61,86276.61,86220.32,86246.01,16.95463
1791183960000,86246.01,86265.61,86196.0,86236.0,13.28591
1791184020000,86236.0,86268.0,86236.0,86268.0,10.29741
1791184080000,86268.0,86332.01,86268.0,86332.01,13.17345
1791184140000,86332.0,86412.01,86332.0,86358.01,29.46966
1791184200000,86358.0,86360.78,86256.0,86256.0,19.52424
1791184260000,86256.01,86256.01,86228.0,86228.01,5.42142
1791184320000,86228.0,86302.01,86222.0,86302.01,5.08531
1791184380000,86302.0,86320.01,86258.0,86305.08,26.54583
1791184440000,86305.08,86348.52,86284.31,86332.0,49.08805
1791184500000,86332.01,86332.01,86286.0,86286.01,5.50058
1791184560000,86286.01,86456.0,86268.0,86456.0,29.7047
1791184620000,86455.99,86488.01,86438.04,86438.04,11.24673
1791184680000,86438.05,86438.05,86338.99,86338.99,12.20173
1791184740000,86338.99,86341.77,86312.01,86312.01,6.43884
1791184800000,86312.01,86312.01,86273.32,86273.33,2.42041
1791184860000,86273.33,86277.48,86264.43,86268.01,3.5047
1791184920000,86268.01,86268.01,86228.0,86228.01,4.23547
1791184980000,86228.0,86234.01,86194.0,86194.0,5.54569
1791185040000,86194.01,86198.01,86144.0,86146.0,5.75998
1791185100000,86146.01,86214.01,86146.01,86214.01,6.68408
1791185160000,86214.0,86229.47,86213.24,86213.24,4.4563
1791185220000,86213.25,86229.21,86210.1,86210.11,2.87094
1791185280000,86210.1,86228.01,86210.1,86218.01,4.2175
1791185340000,86218.01,86290.01,86218.0,86290.0,14.5515
1791185400000,86290.01,86312.01,86286.27,86286.28,7.9148
1791185460000,86286.27,86312.01,86272.0,86292.0,12.09607
1791185520000,86292.0,86317.27,86292.0,86296.01,5.28368
1791185580000,86296.0,86296.0,86264.45,86264.45,3.8433
1791185640000,86264.45,86264.46,86232.0,86232.0,9.31781
1791185700000,86232.0,86232.0,86202.0,86212.63,4.6011
1791185760000,86212.63,86225.83,86179.14,86225.83,8.3912
1791185820000,86225.82,86238.01,86225.82,86233.15,14.76223
1791185880000,86233.14,86243.69,86210.16,86212.02,10.77107
1791185940000,86212.01,86256.01,86204.0,86256.01,9.13462
1791186000000,86256.0,86270.4,86239.29,86250.0,10.68986
1791186060000,86250.01,86254.01,86242.28,86254.0,4.94772
1791186120000,86254.0,86340.05,86254.0,86340.04,9.96783
1791186180000,86340.04,86403.92,86340.04,86393.63,16.08118
1791186240000,86393.62,86403.85,86389.65,86389.65,8.19044
1791186300000,86389.65,86440.0,86372.91,86399.14,27.30668
1791186360000,86399.13,86399.14,86344.0,86368.36,24.11865
1791186420000,86368.36,86368.36,86342.19,86342.2,3.857
1791186480000,86342.19,86348.01,86318.01,86318.01,15.07779
1791186540000,86318.01,86318.01,86268.12,86268.12,16.98375
1791186600000,86268.12,86323.85,86261.59,86261.59,18.75882
1791186660000,86261.59,86322.01,86254.0,86322.0,13.75562
1791186720000,86322.01,86322.01,86260.01,86260.01,6.00382
1791186780000,86260.0,86327.67,86240.03,86318.0,23.00542
1791186840000,86318.0,86330.01,86294.0,86294.0,14.04319
1791186900000,86294.0,86294.0,86266.03,86266.03,3.21144
1791186960000,86266.02,86266.03,86228.0,86228.0,6.68521
1791187020000,86228.01,86239.1,86223.38,86228.0,10.25998
1791187080000,86228.0,86252.01,86209.39,86209.39,13.46648
1791187140000,86209.39,86252.76,86200.0,86252.76,12.33401
1791187200000,86252.76,86292.0,86249.86,86253.0,12.92605
1791187260000,86253.0,86259.97,86232.62,86240.01,5.02221
1791187320000,86240.01,86270.01,86240.0,86268.85,4.68316
1791187380000,86268.85,86370.01,86268.85,86370.01,8.49418
1791187440000,86370.01,86372.01,86366.0,86366.01,2.9438
1791187500000,86366.0,86380.01,86366.0,86380.01,2.48409
1791187560000,86380.01,86442.67,86380.0,86425.24,12.29799
1791187620000,86425.24,86434.01,86380.0,86380.0,3.9782
1791187680000,86380.01,86452.76,86380.0,86452.75,12.58363
1791187740000,86452.75,86498.5,86452.75,86498.49,13.18008
1791187800000,86498.5,86498.5,86433.64,86433.64,18.15383
1791187860000,86433.63,86433.63,86398.0,86428.01,6.1789
1791187920000,86428.01,86428.01,86408.0,86414.92,9.30408
1791187980000,86414.92,86419.73,86408.0,86408.0,2.54462
1791188040000,86408.0,86437.98,86408.0,86430.0,16.75346
1791188100000,86430.0,86430.0,86398.9,86398.91,4.25731
1791188160000,86398.91,86412.82,86398.9,86404.01,5.41945
1791188220000,86404.01,86404.01,86390.34,86390.35,2.74331
1791188280000,86390.35,86390.35,86325.56,86325.56,4.9424
1791188340000,86325.56,86334.01,86312.83,86334.0,5.36627
1791188400000,86334.0,86334.01,86318.83,86327.68,3.42172
1791188460000,86327.68,86358.89,86327.67,86358.89,5.81103
1791188520000,86358.89,86432.01,86358.89,86410.01,8.19257
1791188580000,86410.0,86410.0,86387.75,86408.01,5.49057
1791188640000,86408.0,86408.01,86386.7,86386.7,2.94567
1791188700000,86386.71,86386.71,86320.31,86373.32,11.48465
1791188760000,86373.31,86392.01,86372.0,86392.0,3.90135
1791188820000,86392.0,86406.01,86382.0,86406.01,3.82739
1791188880000,86406.0,86442.73,86406.0,86433.77,13.92285
1791188940000,86433.76,86433.77,86422.0,86431.63,12.56104
1791189000000,86431.63,86478.76,86431.63,86460.92,21.89613
1791189060000,86460.92,86473.39,86460.91,86473.39,5.3803
1791189120000,86473.39,86477.07,86446.0,86446.01,4.83155
1791189180000,86446.0,86446.01,86417.67,86417.67,7.09378
1791189240000,86417.67,86417.68,86320.0,86348.0,13.57102
1791189300000,86348.01,86382.01,86348.01,86372.0,4.52543
1791189360000,86372.01,86372.01,86306.08,86306.08,5.01898
1791189420000,86306.08,86334.01,86278.96,86332.0,8.31068
1791189480000,86332.01,86332.01,86282.0,86322.01,8.90094
1791189540000,86322.0,86334.04,86322.0,86324.0,8.6295
1791189600000,86324.0,86324.01,86276.0,86276.01,5.69062
1791189660000,86276.01,86311.57,86276.0,86296.0,5.45654
1791189720000,86296.01,86297.1,86238.77,86239.99,9.59481
