open_time_ms,open,high,low,close,volume
1789391700000,0.08348,0.08381,0.08348,0.08356,4057815.0
1789392600000,0.08357,0.08437,0.08346,0.0839,14189614.0
1789393500000,0.08389,0.08428,0.0836,0.08371,6884553.0
1789394400000,0.08371,0.08425,0.08369,0.08413,10863773.0
1789395300000,0.08414,0.08428,0.08362,0.08401,6319399.0
1789396200000,0.08401,0.08429,0.08376,0.08388,6342906.0
1789397100000,0.08387,0.08407,0.08373,0.08382,6840164.0
1789398000000,0.08382,0.08398,0.08357,0.08388,7042543.0
1789398900000,0.08388,0.08407,0.08383,0.08386,2830238.0
1789399800000,0.08386,0.08434,0.08385,0.08421,14557226.0
1789400700000,0.08422,0.08422,0.08388,0.08405,7983279.0
1789401600000,0.08405,0.08408,0.0839,0.08395,1482253.0
1789402500000,0.08395,0.08469,0.08395,0.08428,10102464.0
1789403400000,0.08428,0.08438,0.08416,0.08427,5232956.0
1789404300000,0.08426,0.08475,0.08424,0.08447,4053406.0
1789405200000,0.08447,0.08462,0.08437,0.08462,3143902.0
1789406100000,0.08461,0.08487,0.08453,0.0848,6267332.0
1789407000000,0.08479,0.0848,0.08451,0.08472,4481447.0
1789407900000,0.08473,0.08497,0.08468,0.08481,7980864.0
1789408800000,0.08482,0.08497,0.08469,0.0847,7489927.0
1789409700000,0.0847,0.08509,0.08466,0.08506,7139721.0
1789410600000,0.08507,0.08525,0.08496,0.08514,9260787.0
1789411500000,0.08514,0.08534,0.08493,0.08504,10227718.0
1789412400000,0.08504,0.08505,0.08472,0.08487,8425451.0
1789413300000,0.08487,0.08504,0.08487,0.08491,4763405.0
1789414200000,0.0849,0.08498,0.08459,0.08483,6604275.0
1789415100000,0.08483,0.08488,0.08465,0.08472,2797057.0
1789416000000,0.08472,0.08552,0.08471,0.08532,4661269.0
1789416900000,0.08531,0.08616,0.08531,0.08581,11170728.0
1789417800000,0.08581,0.08598,0.08553,0.08557,9062020.0
1789418700000,0.08557,0.08566,0.08516,0.08517,6718547.0
1789419600000,0.08517,0.08518,0.08452,0.08469,11485958.0
1789420500000,0.08469,0.08493,0.08462,0.08476,6011594.0
1789421400000,0.08476,0.08484,0.08446,0.08451,5699968.0
1789422300000,0.08452,0.08459,0.08436,0.08437,1506389.0
1789423200000,0.08438,0.08469,0.08416,0.08462,7309704.0
1789424100000,0.08463,0.08463,0.08416,0.08427,7156994.0
1789425000000,0.08428,0.08429,0.08406,0.08417,3770990.0
1789425900000,0.08417,0.08417,0.08398,0.08408,2930823.0
1789426800000,0.08408,0.08416,0.08376,0.08391,5941113.0
1789427700000,0.08392,0.08401,0.08383,0.08386,4132194.0
1789428600000,0.08385,0.08385,0.08367,0.08377,2275115.0
1789429500000,0.08376,0.08376,0.08359,0.08366,3885603.0
1789430400000,0.08365,0.08377,0.08355,0.08373,3621642.0
1789431300000,0.08372,0.08376,0.08358,0.08371,2525604.0
1789432200000,0.08371,0.0839,0.08365,0.08371,3857509.0
1789433100000,0.08371,0.08382,0.08367,0.08373,1933557.0
1789434000000,0.08373,0.08374,0.08352,0.08361,2143831.0
1789434900000,0.0836,0.08396,0.08356,0.08362,2983597.0
1789435800000,0.08362,0.08393,0.0836,0.08392,2447358.0
1789436700000,0.08392,0.08399,0.08377,0.08379,1894409.0
1789437600000,0.08378,0.08392,0.08372,0.08387,2453007.0
1789438500000,0.08387,0.08393,0.08382,0.08384,815871.0
1789439400000,0.08384,0.08391,0.08374,0.0838,1984502.0
1789440300000,0.08379,0.08389,0.08373,0.0838,3809649.0
1789441200000,0.0838,0.08381,0.08337,0.08342,13228409.0
1789442100000,0.08343,0.08353,0.08336,0.08345,3996972.0
1789443000000,0.08346,0.08366,0.08345,0.08349,4403862.0
1789443900000,0.08349,0.0835,0.08329,0.08331,4915128.0
1789444800000,0.08331,0.08343,0.08327,0.08329,3050925.0
1789445700000,0.08329,0.08341,0.08321,0.08326,4305765.0
1789446600000,0.08325,0.0833,0.08311,0.08322,5385602.0
1789447500000,0.08321,0.08329,0.08312,0.08318,4164363.0
1789448400000,0.08318,0.08325,0.08268,0.08286,8831103.0
1789449300000,0.08287,0.08306,0.08267,0.08286,14204856.0
1789450200000,0.08286,0.083,0.08279,0.08299,3183355.0
1789451100000,0.08299,0.08336,0.08299,0.08319,4629912.0
1789452000000,0.08318,0.0833,0.08312,0.08316,4171451.0
1789452900000,0.08315,0.08317,0.0829,0.08293,3068329.0
1789453800000,0.08293,0.08301,0.08287,0.08295,3795221.0
1789454700000,0.08295,0.08298,0.08247,0.08269,7029671.0
1789455600000,0.0827,0.08278,0.0826,0.08273,5234397.0
1789456500000,0.08274,0.08297,0.08267,0.08288,5582817.0
1789457400000,0.08287,0.08288,0.08256,0.08263,4768482.0
1789458300000,0.08263,0.08271,0.08243,0.08254,6922060.0
1789459200000,0.08254,0.08255,0.08231,0.08252,7777977.0
1789460100000,0.08253,0.08265,0.08241,0.08242,4662032.0
1789461000000,0.08242,0.08251,0.08239,0.08245,3441559.0
1789461900000,0.08245,0.08267,0.08244,0.08266,4884180.0
1789462800000,0.08265,0.08267,0.08257,0.08261,2851348.0
1789463700000,0.08261,0.08265,0.08254,0.08261,2711674.0
1789464600000,0.08262,0.08274,0.08259,0.0827,5411381.0
1789465500000,0.08271,0.08288,0.08261,0.08264,6622128.0
1789466400000,0.08264,0.0828,0.08261,0.0827,5148789.0
1789467300000,0.08269,0.08273,0.08261,0.08261,2283570.0
1789468200000,0.08261,0.08281,0.08253,0.08279,6812141.0
1789469100000,0.08279,0.08286,0.08272,0.08278,3317114.0
1789470000000,0.08279,0.08292,0.08271,0.08273,6267452.0
1789470900000,0.08274,0.08284,0.08252,0.08253,4337960.0
1789471800000,0.08253,0.08256,0.08228,0.08249,7053354.0
1789472700000,0.08248,0.08256,0.08237,0.08251,2468934.0
1789473600000,0.08251,0.08268,0.08247,0.08264,3463806.0
1789474500000,0.08264,0.08282,0.08257,0.08274,6188808.0
1789475400000,0.08273,0.08278,0.08258,0.08267,5469534.0
1789476300000,0.08266,0.08305,0.08263,0.08283,4829260.0
1789477200000,0.08283,0.08341,0.08281,0.08304,8637401.0
1789478100000,0.08304,0.08311,0.08292,0.08305,3463227.0
1789479000000,0.08305,0.08306,0.082,0.08256,14540032.0
1789479900000,0.08257,0.08284,0.08227,0.08283,5390394.0
1789480800000,0.08283,0.08296,0.08248,0.08264,3922866.0
1789481700000,0.08264,0.08282,0.08251,0.08252,3661530.0
1789482600000,0.08252,0.08252,0.08132,0.08147,61200116.0
1789483500000,0.08147,0.08152,0.08053,0.08129,43088373.0
1789484400000,0.08128,0.08183,0.08112,0.0817,9424798.0
1789485300000,0.08169,0.08217,0.08161,0.08197,7666139.0
1789486200000,0.08197,0.08198,0.08173,0.08182,11547984.0
1789487100000,0.08182,0.08188,0.08152,0.08169,10979551.0
1789488000000,0.08168,0.08171,0.0813,0.08133,9176632.0
1789488900000,0.08133,0.08179,0.08133,0.08176,3267622.0
1789489800000,0.08175,0.08177,0.08153,0.08161,2902998.0
1789490700000,0.08161,0.08184,0.08158,0.08162,4771814.0
1789491600000,0.08161,0.08164,0.08122,0.08134,4430878.0
1789492500000,0.08133,0.08159,0.08128,0.08158,1477273.0
1789493400000,0.08157,0.08256,0.08156,0.08198,14745048.0
1789494300000,0.08197,0.08241,0.08197,0.0821,3518446.0
1789495200000,0.0821,0.0822,0.08189,0.08204,6732600.0
1789496100000,0.08204,0.08246,0.08158,0.08209,26124353.0
1789497000000,0.08209,0.08211,0.08024,0.08036,50611838.0
1789497900000,0.08036,0.08087,0.07841,0.08082,112577338.0
1789498800000,0.08082,0.08123,0.08046,0.08074,19785158.0
1789499700000,0.08074,0.08124,0.0806,0.08069,13110407.0
1789500600000,0.08069,0.08097,0.08053,0.08063,18719047.0
1789501500000,0.08063,0.08104,0.08059,0.0809,4474175.0
1789502400000,0.08089,0.08103,0.08021,0.08055,8949360.0
1789503300000,0.08055,0.0806,0.07993,0.07994,7513151.0
1789504200000,0.07993,0.08036,0.07983,0.08025,10671788.0
1789505100000,0.08026,0.08072,0.08026,0.0805,3975847.0
1789506000000,0.0805,0.08051,0.08016,0.08031,6993802.0
1789506900000,0.08031,0.08047,0.07972,0.07985,9666916.0
1789507800000,0.07985,0.08013,0.07976,0.08009,5044549.0
1789508700000,0.0801,0.0801,0.07946,0.07958,4069222.0
1789509600000,0.07958,0.07999,0.07954,0.07961,8144886.0
1789510500000,0.07961,0.08009,0.07939,0.07988,8260605.0
1789511400000,0.07987,0.08013,0.07985,0.07996,8037883.0
1789512300000,0.07995,0.08033,0.07994,0.08022,6457332.0
1789513200000,0.08022,0.08063,0.08021,0.08062,7270565.0
1789514100000,0.08062,0.08066,0.08044,0.08047,4487539.0
1789515000000,0.08046,0.08046,0.08004,0.08029,5519068.0
1789515900000,0.08029,0.08034,0.08002,0.08008,7182370.0
1789516800000,0.08009,0.08029,0.08001,0.08006,3267449.0
1789517700000,0.08006,0.08022,0.08,0.0802,4436432.0
1789518600000,0.08021,0.08028,0.08011,0.08016,1439150.0
1789519500000,0.08016,0.08026,0.08003,0.08011,6645272.0
1789520400000,0.08011,0.08021,0.07991,0.08008,5281758.0
1789521300000,0.08007,0.08029,0.08001,0.08011,5171693.0
1789522200000,0.0801,0.08011,0.07967,0.07982,5988693.0
1789523100000,0.07981,0.07991,0.07948,0.07949,4340781.0
1789524000000,0.07949,0.07981,0.07946,0.07968,7703364.0
1789524900000,0.07968,0.08009,0.07967,0.08009,5843034.0
1789525800000,0.0801,0.08042,0.0801,0.08018,4083338.0
1789526700000,0.08018,0.08023,0.07998,0.08009,3138765.0
1789527600000,0.08009,0.08027,0.07995,0.08026,5786635.0
1789528500000,0.08026,0.08044,0.08003,0.08003,6853897.0
1789529400000,0.08004,0.08013,0.07991,0.08004,5329281.0
1789530300000,0.08004,0.08007,0.07991,0.08003,2676511.0
1789531200000,0.08004,0.08027,0.08002,0.08025,3506402.0
1789532100000,0.08024,0.08077,0.08017,0.08042,8480327.0
1789533000000,0.08041,0.08071,0.08022,0.08037,10300060.0
1789533900000,0.08038,0.08044,0.08018,0.08027,3811032.0
1789534800000,0.08027,0.08032,0.07998,0.08017,4068507.0
1789535700000,0.08016,0.08035,0.08013,0.08024,1832346.0
1789536600000,0.08024,0.08032,0.08013,0.08025,4083327.0
1789537500000,0.08026,0.08027,0.07992,0.08013,7486090.0
1789538400000,0.08014,0.08026,0.08006,0.08013,4849918.0
1789539300000,0.08012,0.08022,0.08007,0.08011,1296511.0
1789540200000,0.08012,0.08013,0.07992,0.08009,2088463.0
1789541100000,0.08008,0.08026,0.08004,0.08024,9963891.0
1789542000000,0.08023,0.08044,0.07995,0.08003,7549754.0
1789542900000,0.08003,0.08008,0.0798,0.07983,4840621.0
1789543800000,0.07984,0.07987,0.07971,0.07976,1936980.0
1789544700000,0.07976,0.07978,0.07962,0.07967,1983361.0
1789545600000,0.07967,0.07969,0.07922,0.0794,8479255.0
1789546500000,0.07939,0.07959,0.07916,0.07921,9946925.0
1789547400000,0.07921,0.07934,0.07919,0.07934,2578609.0
1789548300000,0.07933,0.07954,0.07927,0.07954,1776772.0
1789549200000,0.07953,0.07979,0.07953,0.07963,4554367.0
1789550100000,0.07963,0.07983,0.07961,0.07975,5367672.0
1789551000000,0.07975,0.0799,0.07971,0.07988,1345183.0
1789551900000,0.07987,0.07997,0.07984,0.07992,2381699.0
1789552800000,0.07991,0.07995,0.07972,0.07975,4657548.0
1789553700000,0.07974,0.07992,0.07973,0.07983,2830690.0
1789554600000,0.07983,0.07997,0.07981,0.07994,2821443.0
1789555500000,0.07995,0.08005,0.07988,0.08005,5011224.0
1789556400000,0.08005,0.08016,0.0799,0.07991,3049768.0
1789557300000,0.07991,0.08013,0.07988,0.08005,4289060.0
1789558200000,0.08005,0.08041,0.08002,0.08033,5888898.0
1789559100000,0.08033,0.08038,0.08017,0.08021,3628697.0
1789560000000,0.08022,0.08032,0.07982,0.07988,5197141.0
1789560900000,0.07988,0.08002,0.07954,0.0796,8289736.0
1789561800000,0.07961,0.07963,0.07927,0.07933,6129043.0
1789562700000,0.07933,0.07952,0.07927,0.07937,4353163.0
1789563600000,0.07936,0.07939,0.07887,0.07916,11053188.0
1789564500000,0.07915,0.07932,0.07906,0.07917,18445973.0
1789565400000,0.07916,0.07931,0.07903,0.07925,9614633.0
1789566300000,0.07924,0.07959,0.07917,0.07929,6207003.0
1789567200000,0.07929,0.07932,0.07877,0.07897,8177967.0
1789568100000,0.07897,0.07924,0.07891,0.07923,6277384.0
1789569000000,0.07923,0.07931,0.07893,0.07927,13873481.0
1789569900000,0.07927,0.07927,0.07881,0.07904,6135279.0
1789570800000,0.07904,0.07926,0.0789,0.07919,4443552.0
1789571700000,0.07918,0.07924,0.079,0.07902,2618673.0
1789572600000,0.07901,0.07919,0.07877,0.07904,3242985.0
1789573500000,0.07903,0.0794,0.07895,0.07904,9564257.0
1789574400000,0.07904,0.0793,0.07891,0.07927,7642045.0
1789575300000,0.07926,0.07934,0.07911,0.07925,3741160.0
1789576200000,0.07925,0.07932,0.07905,0.07908,2336164.0
1789577100000,0.07907,0.07939,0.07907,0.0793,1192942.0
1789578000000,0.07929,0.0793,0.07904,0.07922,5265514.0
1789578900000,0.07922,0.07929,0.07893,0.07907,5912986.0
1789579800000,0.07906,0.07909,0.07845,0.07854,11316705.0
1789580700000,0.07855,0.07919,0.07831,0.0789,22363522.0
1789581600000,0.07891,0.08062,0.07843,0.07962,58244487.0
1789582500000,0.07962,0.08012,0.07939,0.08004,13680506.0
1789583400000,0.08004,0.08053,0.07876,0.08016,24504561.0
1789584300000,0.08015,0.08027,0.07936,0.07958,10886104.0
1789585200000,0.07959,0.08045,0.07958,0.07992,16267624.0
1789586100000,0.07992,0.08003,0.07907,0.07948,16933742.0
1789587000000,0.07948,0.08033,0.07944,0.08031,12076059.0
1789587900000,0.0803,0.0806,0.08024,0.08042,7485295.0
1789588800000,0.08042,0.08083,0.08025,0.08047,7453693.0
1789589700000,0.08047,0.08084,0.08034,0.08059,9910988.0
1789590600000,0.0806,0.08079,0.0803,0.0805,6959228.0
1789591500000,0.0805,0.08072,0.08048,0.0807,6413120.0
1789592400000,0.08071,0.08074,0.08048,0.0805,1716602.0
1789593300000,0.08051,0.08061,0.08042,0.08051,2516108.0
1789594200000,0.0805,0.0806,0.08025,0.08033,5264821.0
1789595100000,0.08033,0.08064,0.08024,0.08052,5520106.0
1789596000000,0.08054,0.08059,0.0798,0.08041,13221356.0
1789596900000,0.08041,0.08053,0.07991,0.08001,6755563.0
1789597800000,0.08,0.08022,0.07991,0.08021,1083956.0
1789598700000,0.08022,0.08026,0.07993,0.07997,1286673.0
1789599600000,0.07997,0.08018,0.0799,0.08016,3747375.0
1789600500000,0.08017,0.08076,0.08017,0.08071,8215194.0
1789601400000,0.0807,0.08099,0.08055,0.0809,11100243.0
1789602300000,0.0809,0.08103,0.08082,0.08091,5925554.0
1789603200000,0.08091,0.08095,0.08069,0.08078,7652770.0
1789604100000,0.08078,0.08106,0.08076,0.08086,4781381.0
1789605000000,0.08087,0.08111,0.08083,0.08093,9261605.0
1789605900000,0.08093,0.08095,0.08066,0.08066,3450307.0
1789606800000,0.08067,0.08081,0.08045,0.0807,2432035.0
1789607700000,0.0807,0.0812,0.08062,0.08116,7807311.0
1789608600000,0.08116,0.08136,0.08094,0.08114,13312331.0
1789609500000,0.08113,0.08118,0.08095,0.08104,5445044.0
1789610400000,0.08105,0.08109,0.08063,0.08079,4910662.0
1789611300000,0.08078,0.08092,0.08056,0.08079,5015716.0
1789612200000,0.08078,0.08145,0.08069,0.08114,12175751.0
1789613100000,0.08114,0.08119,0.08091,0.08092,5811182.0
1789614000000,0.08091,0.08112,0.08091,0.08103,2488475.0
1789614900000,0.08104,0.08125,0.08103,0.08125,4155575.0
1789615800000,0.08124,0.08134,0.08115,0.08122,4436123.0
1789616700000,0.08123,0.08125,0.08107,0.08117,5974614.0
1789617600000,0.08117,0.08118,0.08093,0.08096,2669940.0
1789618500000,0.08097,0.08097,0.08075,0.08078,9032448.0
1789619400000,0.08077,0.08108,0.08068,0.08094,6111077.0
1789620300000,0.08095,0.08116,0.0809,0.08108,3954053.0
1789621200000,0.08108,0.08119,0.0809,0.08092,1926647.0
1789622100000,0.08091,0.08113,0.08083,0.08103,4927165.0
1789623000000,0.08103,0.08105,0.08081,0.08082,4142146.0
1789623900000,0.08082,0.08094,0.08077,0.08083,3643972.0
1789624800000,0.08083,0.08103,0.08078,0.08095,2408826.0
1789625700000,0.08094,0.08094,0.08082,0.08094,1196986.0
1789626600000,0.08094,0.08114,0.08093,0.0811,1570562.0
1789627500000,0.08111,0.08114,0.08094,0.08099,1493970.0
1789628400000,0.08099,0.08137,0.08094,0.08119,5771439.0
1789629300000,0.08119,0.08131,0.08112,0.08118,6251566.0
1789630200000,0.08118,0.0813,0.08114,0.08119,8049210.0
1789631100000,0.08118,0.08127,0.08112,0.08119,3455197.0
1789632000000,0.08119,0.08142,0.08115,0.08121,5647891.0
1789632900000,0.08121,0.08152,0.08117,0.08126,6649522.0
1789633800000,0.08127,0.08171,0.0812,0.0815,8800459.0
1789634700000,0.0815,0.0816,0.08146,0.08157,2095772.0
1789635600000,0.08158,0.08171,0.08149,0.0815,3554434.0
1789636500000,0.08151,0.08156,0.08133,0.08133,3645209.0
1789637400000,0.08133,0.0814,0.0812,0.0812,7071509.0
1789638300000,0.0812,0.08131,0.08099,0.08105,5761784.0
1789639200000,0.08104,0.08108,0.08079,0.0809,6504407.0
1789640100000,0.0809,0.08091,0.08076,0.0808,3814866.0
1789641000000,0.08079,0.08089,0.08073,0.08075,3327364.0
1789641900000,0.08074,0.08082,0.08063,0.08081,3450224.0
1789642800000,0.08081,0.08099,0.08078,0.08098,5197230.0
1789643700000,0.08098,0.08101,0.08081,0.08087,3415714.0
1789644600000,0.08088,0.08088,0.08059,0.0806,3594573.0
1789645500000,0.0806,0.08109,0.0806,0.081,5389529.0
1789646400000,0.081,0.08136,0.08091,0.08132,10262003.0
1789647300000,0.08132,0.08161,0.08131,0.08159,10033067.0
1789648200000,0.0816,0.08183,0.08144,0.08145,8849583.0
1789649100000,0.08145,0.0815,0.08123,0.08128,8088918.0
1789650000000,0.08129,0.08151,0.08104,0.08118,8961512.0
1789650900000,0.08117,0.08136,0.08113,0.0812,2724718.0
1789651800000,0.0812,0.08129,0.08064,0.08088,9163239.0
1789652700000,0.08088,0.08149,0.08075,0.08148,3189690.0
1789653600000,0.08148,0.08204,0.08113,0.08202,13358940.0
1789654500000,0.08202,0.08255,0.08167,0.08239,21712935.0
1789655400000,0.08239,0.08249,0.0818,0.08181,13206982.0
1789656300000,0.08182,0.08202,0.08165,0.08166,3535942.0
1789657200000,0.08167,0.0817,0.08119,0.08125,6722540.0
1789658100000,0.08125,0.08141,0.08113,0.08137,4910806.0
1789659000000,0.08137,0.08208,0.08136,0.08185,4811111.0
1789659900000,0.08184,0.08204,0.08174,0.082,3549102.0
1789660800000,0.08199,0.08211,0.08181,0.08202,4945290.0
1789661700000,0.08202,0.08208,0.08187,0.08191,2841455.0
1789662600000,0.08192,0.082,0.08151,0.08182,7486856.0
1789663500000,0.08183,0.08212,0.08164,0.08212,8157429.0
1789664400000,0.08212,0.0823,0.08201,0.08207,4962951.0
1789665300000,0.08208,0.08223,0.082,0.08211,3961161.0
1789666200000,0.08212,0.08212,0.08183,0.08183,4149157.0
1789667100000,0.08184,0.08184,0.08172,0.08177,4293120.0
1789668000000,0.08177,0.08179,0.08163,0.08172,2761259.0
1789668900000,0.08172,0.08181,0.08169,0.08173,2209046.0
1789669800000,0.08173,0.08181,0.08134,0.0816,3713007.0
1789670700000,0.08159,0.08172,0.08145,0.08145,5689115.0
1789671600000,0.08146,0.08159,0.0814,0.08148,1504827.0
1789672500000,0.08148,0.08168,0.08142,0.08163,3701483.0
1789673400000,0.08163,0.08174,0.08156,0.08165,2335653.0
1789674300000,0.08164,0.08188,0.08151,0.08169,2606937.0
1789675200000,0.0817,0.08189,0.08164,0.08187,1221740.0
1789676100000,0.08187,0.08198,0.08183,0.08192,1876673.0
1789677000000,0.08193,0.08194,0.08169,0.08173,2174128.0
1789677900000,0.08174,0.08186,0.08168,0.08179,2516624.0
1789678800000,0.0818,0.08191,0.08167,0.08169,3577558.0
1789679700000,0.0817,0.08172,0.08161,0.08169,1417581.0
1789680600000,0.08168,0.08171,0.08158,0.08159,2400673.0
1789681500000,0.08158,0.08159,0.08138,0.08142,1853722.0
1789682400000,0.08142,0.08157,0.08132,0.0814,9068243.0
1789683300000,0.08141,0.08144,0.08118,0.0812,3509276.0
1789684200000,0.0812,0.08152,0.08117,0.08145,2166633.0
1789685100000,0.08145,0.08154,0.08134,0.08153,5332577.0
1789686000000,0.08153,0.08171,0.08144,0.08164,6484217.0
1789686900000,0.08165,0.08181,0.08162,0.08181,1863051.0
1789687800000,0.0818,0.08182,0.08162,0.08177,3435530.0
1789688700000,0.08176,0.08185,0.0817,0.08172,5397093.0
1789689600000,0.08172,0.08175,0.08146,0.08164,7408212.0
1789690500000,0.08163,0.08163,0.08138,0.08144,1965120.0
1789691400000,0.08145,0.08158,0.08138,0.08151,3570727.0
1789692300000,0.08151,0.08184,0.08144,0.08182,3199828.0
1789693200000,0.08182,0.08202,0.08179,0.08195,3105047.0
1789694100000,0.08195,0.08217,0.08188,0.08209,3720460.0
1789695000000,0.08209,0.08235,0.08208,0.08229,4720545.0
1789695900000,0.08229,0.08251,0.08226,0.08243,4973409.0
1789696800000,0.08242,0.08269,0.08226,0.08251,8285072.0
1789697700000,0.08251,0.08282,0.08251,0.08269,10753788.0
1789698600000,0.08269,0.08306,0.08269,0.08287,10842250.0
1789699500000,0.08286,0.0829,0.08276,0.08287,6004102.0
1789700400000,0.08287,0.08352,0.08284,0.08348,10031139.0
1789701300000,0.08348,0.08398,0.08347,0.08381,25311451.0
1789702200000,0.08381,0.08395,0.08369,0.0839,15482790.0
1789703100000,0.08391,0.08454,0.08391,0.08451,30466061.0
1789704000000,0.08451,0.08464,0.08405,0.08422,16753547.0
1789704900000,0.08422,0.08457,0.08405,0.08406,17897978.0
1789705800000,0.08406,0.08432,0.08377,0.08432,11819166.0
1789706700000,0.08433,0.08457,0.08416,0.08457,9612387.0
1789707600000,0.08457,0.0847,0.08423,0.08446,10642838.0
1789708500000,0.08446,0.0846,0.08421,0.08439,17626851.0
1789709400000,0.08438,0.08451,0.0842,0.08424,6859836.0
1789710300000,0.08424,0.08427,0.08406,0.08417,5129245.0
1789711200000,0.08416,0.0845,0.08416,0.08433,7666651.0
1789712100000,0.08432,0.08442,0.08419,0.08422,10383726.0
1789713000000,0.08423,0.08443,0.08421,0.08429,8008700.0
1789713900000,0.08429,0.08431,0.08411,0.08423,4746092.0
1789714800000,0.08423,0.0845,0.08416,0.0843,11252633.0
1789715700000,0.08431,0.08455,0.08426,0.08439,18449662.0
1789716600000,0.0844,0.08455,0.08434,0.08444,7022653.0
1789717500000,0.08443,0.08459,0.08431,0.08446,8074636.0
1789718400000,0.08447,0.08489,0.0842,0.0843,11999258.0
1789719300000,0.0843,0.08476,0.08429,0.0846,14718455.0
1789720200000,0.08459,0.0847,0.08446,0.08463,6668543.0
1789721100000,0.08462,0.08493,0.08456,0.08489,10781553.0
1789722000000,0.08489,0.08548,0.08482,0.08518,26578805.0
1789722900000,0.08518,0.08546,0.08507,0.0852,11643746.0
1789723800000,0.0852,0.08574,0.08515,0.08566,16727489.0
1789724700000,0.08566,0.086,0.08564,0.08574,27092356.0
1789725600000,0.08574,0.08624,0.08572,0.08605,34791648.0
1789726500000,0.08605,0.08682,0.08604,0.08679,38467621.0
1789727400000,0.0868,0.087,0.0863,0.08641,13344962.0
1789728300000,0.0864,0.08644,0.08576,0.08581,14214884.0
1789729200000,0.0858,0.08585,0.08494,0.08515,24961209.0
1789730100000,0.08516,0.08532,0.08494,0.08499,15640894.0
1789731000000,0.08498,0.0855,0.08496,0.08515,10830565.0
1789731900000,0.08515,0.08548,0.08512,0.08535,7009064.0
1789732800000,0.08535,0.08547,0.08507,0.08516,4829124.0
1789733700000,0.08517,0.08539,0.08509,0.08528,6642296.0
1789734600000,0.08529,0.08569,0.08517,0.08551,10359685.0
1789735500000,0.08551,0.08565,0.08542,0.08546,10102945.0
1789736400000,0.08547,0.08549,0.08511,0.08517,6006263.0
1789737300000,0.08516,0.08551,0.08511,0.08546,8457131.0
1789738200000,0.08546,0.08664,0.08537,0.08658,25315499.0
1789739100000,0.08658,0.08778,0.08646,0.08729,55100483.0
1789740000000,0.0873,0.08757,0.08681,0.08707,24117399.0
1789740900000,0.08707,0.08819,0.08707,0.08765,29663919.0
1789741800000,0.08765,0.08796,0.08735,0.08782,22040994.0
1789742700000,0.08782,0.08819,0.08776,0.08802,18175328.0
1789743600000,0.08802,0.08815,0.08708,0.08763,27925289.0
1789744500000,0.08762,0.08804,0.08757,0.0878,12155348.0
1789745400000,0.0878,0.08783,0.08686,0.08697,20870260.0
1789746300000,0.08697,0.08764,0.08686,0.08751,16123744.0
1789747200000,0.08751,0.08774,0.08732,0.08751,13804742.0
1789748100000,0.08751,0.08793,0.08742,0.08784,23033237.0
1789749000000,0.08785,0.08826,0.08775,0.08791,16956572.0
1789749900000,0.08791,0.08792,0.0875,0.08774,11171781.0
1789750800000,0.08774,0.08775,0.08736,0.08757,13213555.0
1789751700000,0.08757,0.08769,0.0872,0.08754,14789669.0
1789752600000,0.08754,0.08761,0.08739,0.08759,10368839.0
1789753500000,0.0876,0.08767,0.08744,0.08766,19391081.0
1789754400000,0.08765,0.08765,0.08723,0.08743,13695599.0
1789755300000,0.08742,0.08753,0.08726,0.08741,7984850.0
1789756200000,0.08741,0.08761,0.08722,0.08747,14556999.0
1789757100000,0.08746,0.08762,0.08719,0.08738,12220030.0
1789758000000,0.08738,0.08782,0.08735,0.0878,8372791.0
1789758900000,0.0878,0.08819,0.08773,0.08798,21393381.0
1789759800000,0.08798,0.08805,0.08771,0.088,9955684.0
1789760700000,0.08799,0.08811,0.08779,0.088,12910903.0
1789761600000,0.088,0.088,0.0877,0.08786,5521723.0
1789762500000,0.08785,0.08814,0.0877,0.08775,12579827.0
1789763400000,0.08775,0.08828,0.08772,0.08827,9413928.0
1789764300000,0.08827,0.08847,0.08814,0.08829,14736574.0
1789765200000,0.08829,0.08852,0.08824,0.0884,9384095.0
1789766100000,0.0884,0.08844,0.08796,0.08823,10091347.0
1789767000000,0.08822,0.08835,0.08796,0.08797,11576424.0
1789767900000,0.08797,0.0884,0.08796,0.08822,7218085.0
1789768800000,0.08823,0.08852,0.08815,0.08849,9832051.0
1789769700000,0.0885,0.0887,0.08834,0.08834,10232087.0
1789770600000,0.08834,0.08839,0.088,0.08826,6158744.0
1789771500000,0.08826,0.08832,0.08808,0.08813,5379446.0
1789772400000,0.08814,0.08823,0.08774,0.08799,10837838.0
1789773300000,0.08799,0.08802,0.08771,0.08773,5554067.0
1789774200000,0.08774,0.08779,0.08755,0.08766,9951834.0
1789775100000,0.08765,0.08769,0.08739,0.08747,5558291.0
1789776000000,0.08747,0.08771,0.08731,0.0877,9779196.0
1789776900000,0.0877,0.08796,0.08764,0.08778,10973972.0
1789777800000,0.08778,0.08845,0.08778,0.08816,13172172.0
1789778700000,0.08817,0.08817,0.08781,0.08792,7979695.0
1789779600000,0.08793,0.08799,0.08755,0.08758,23374801.0
1789780500000,0.08758,0.08793,0.08722,0.08766,10421328.0
1789781400000,0.08766,0.0877,0.08705,0.08766,14274160.0
1789782300000,0.08766,0.08825,0.08766,0.08805,14595525.0
1789783200000,0.08805,0.08855,0.088,0.0885,6878017.0
1789784100000,0.08849,0.08866,0.08822,0.08825,11990412.0
1789785000000,0.08825,0.08892,0.08824,0.08846,18623885.0
1789785900000,0.08847,0.08847,0.08826,0.08832,3687470.0
1789786800000,0.08832,0.08845,0.08813,0.08829,6429354.0
1789787700000,0.08828,0.08828,0.08776,0.08785,7474027.0
1789788600000,0.08786,0.08802,0.0878,0.08802,3071248.0
1789789500000,0.08802,0.08815,0.08795,0.08804,4465171.0
1789790400000,0.08804,0.0884,0.08802,0.08834,5418907.0
1789791300000,0.08834,0.08834,0.08778,0.08779,4835406.0
1789792200000,0.08779,0.08779,0.08731,0.08737,10718328.0
1789793100000,0.08736,0.08749,0.08716,0.08745,7643206.0
1789794000000,0.08744,0.0878,0.08742,0.08774,2577296.0
1789794900000,0.08775,0.08796,0.08761,0.08774,3183489.0
1789795800000,0.08774,0.08791,0.08753,0.08757,2011794.0
1789796700000,0.08757,0.08767,0.0874,0.08748,4406184.0
1789797600000,0.08747,0.08752,0.08713,0.08725,7674516.0
1789798500000,0.08726,0.08736,0.08676,0.08703,8239490.0
1789799400000,0.08704,0.08738,0.08698,0.08732,4745750.0
1789800300000,0.08731,0.08731,0.08709,0.08711,3367050.0
1789801200000,0.08711,0.08729,0.08705,0.08721,3774800.0
1789802100000,0.0872,0.08735,0.08707,0.08714,2276894.0
1789803000000,0.08714,0.08718,0.08674,0.0868,5993723.0
1789803900000,0.0868,0.08686,0.08649,0.0867,10415219.0
1789804800000,0.0867,0.08719,0.08651,0.08717,9660192.0
1789805700000,0.08718,0.08763,0.08713,0.08726,8331498.0
1789806600000,0.08725,0.0875,0.08724,0.08739,4525185.0
1789807500000,0.0874,0.08743,0.08727,0.0873,2756570.0
1789808400000,0.08731,0.08745,0.08723,0.08726,3521008.0
1789809300000,0.08726,0.0875,0.08721,0.08731,3222454.0
1789810200000,0.08732,0.08734,0.08683,0.08709,8368667.0
1789811100000,0.0871,0.08735,0.0871,0.08727,2842706.0
1789812000000,0.08726,0.08738,0.08721,0.08737,2121724.0
1789812900000,0.08738,0.08777,0.08732,0.08776,4553847.0
1789813800000,0.08775,0.08807,0.08774,0.08783,12076094.0
1789814700000,0.08783,0.08799,0.08765,0.08765,7124777.0
1789815600000,0.08766,0.08834,0.08766,0.08808,10516957.0
1789816500000,0.08809,0.0884,0.08801,0.08812,9563982.0
1789817400000,0.08811,0.08826,0.08801,0.08826,8552861.0
1789818300000,0.08826,0.08847,0.08822,0.08841,5401274.0
1789819200000,0.08842,0.08868,0.08832,0.08839,10691605.0
1789820100000,0.08839,0.08855,0.08811,0.08817,5158207.0
1789821000000,0.08817,0.08832,0.08812,0.08824,4278688.0
1789821900000,0.08825,0.08905,0.088,0.089,19270250.0
1789822800000,0.08899,0.08929,0.08861,0.08899,28916308.0
1789823700000,0.08899,0.08989,0.08862,0.08866,28369872.0
1789824600000,0.08866,0.08904,0.08845,0.08869,9680026.0
1789825500000,0.08869,0.089,0.08862,0.08885,8799838.0
1789826400000,0.08884,0.08918,0.08877,0.08897,10019027.0
1789827300000,0.08898,0.08987,0.08897,0.08965,13731386.0
1789828200000,0.08965,0.08987,0.08904,0.08919,15368567.0
1789829100000,0.0892,0.08934,0.08885,0.08899,12133523.0
1789830000000,0.08899,0.0893,0.08885,0.08887,9100383.0
1789830900000,0.08887,0.08898,0.08845,0.08849,9785613.0
1789831800000,0.08849,0.08919,0.08848,0.08911,21084989.0
1789832700000,0.08911,0.08911,0.08879,0.08894,6387555.0
1789833600000,0.08894,0.08951,0.08857,0.08939,14571625.0
1789834500000,0.0894,0.08949,0.08918,0.08927,11653491.0
1789835400000,0.08926,0.08973,0.08922,0.0895,7339690.0
1789836300000,0.08949,0.08972,0.08939,0.08966,6962419.0
1789837200000,0.08966,0.09097,0.08951,0.09073,40414942.0
1789838100000,0.09074,0.09135,0.09008,0.09028,33630895.0
1789839000000,0.09028,0.09056,0.08975,0.08988,13095793.0
1789839900000,0.08989,0.09004,0.08983,0.08986,4162354.0
1789840800000,0.08986,0.09047,0.08964,0.08969,10860809.0
1789841700000,0.08969,0.08984,0.08945,0.08948,11036760.0
1789842600000,0.08948,0.0901,0.08909,0.08975,10584898.0
1789843500000,0.08976,0.08983,0.08933,0.08972,10189170.0
1789844400000,0.08973,0.09017,0.08954,0.08959,30002175.0
1789845300000,0.0896,0.09001,0.08944,0.0897,15943046.0
1789846200000,0.08971,0.0898,0.0893,0.08938,25710710.0
1789847100000,0.08939,0.0896,0.0891,0.08922,19482680.0
1789848000000,0.08923,0.08939,0.08867,0.08898,13376439.0
1789848900000,0.08898,0.08938,0.08865,0.08888,14448295.0
1789849800000,0.08888,0.08917,0.08888,0.08917,7890120.0
1789850700000,0.08917,0.08917,0.08875,0.08899,5928559.0
1789851600000,0.089,0.08911,0.08782,0.08796,22937693.0
1789852500000,0.08796,0.08812,0.08727,0.08781,16162928.0
1789853400000,0.08781,0.08781,0.08677,0.08717,18876633.0
1789854300000,0.08718,0.0875,0.08718,0.08738,3193150.0
1789855200000,0.08738,0.08738,0.0867,0.08703,9679440.0
1789856100000,0.08704,0.08719,0.08681,0.08708,10729530.0
1789857000000,0.08708,0.08768,0.08707,0.08766,14078919.0
1789857900000,0.08765,0.08788,0.08762,0.08782,5246462.0
1789858800000,0.08781,0.088,0.08778,0.08796,7249430.0
1789859700000,0.08797,0.08814,0.08771,0.0878,9176559.0
1789860600000,0.08781,0.08798,0.08772,0.08786,8778719.0
1789861500000,0.08787,0.08796,0.08769,0.08772,3836466.0
1789862400000,0.08773,0.08775,0.08752,0.08768,2507093.0
1789863300000,0.08769,0.08795,0.0875,0.08763,5231205.0
1789864200000,0.08762,0.08787,0.0875,0.08773,8208412.0
1789865100000,0.08772,0.08781,0.08743,0.08755,7114612.0
1789866000000,0.08756,0.08759,0.08711,0.08712,8282983.0
1789866900000,0.08713,0.08741,0.08697,0.087,7965522.0
1789867800000,0.087,0.08714,0.08675,0.08714,9644553.0
1789868700000,0.08714,0.08724,0.08695,0.08721,5318659.0
1789869600000,0.08722,0.08751,0.08715,0.08748,3551889.0
1789870500000,0.08748,0.08754,0.08691,0.08698,6496962.0
1789871400000,0.08698,0.08702,0.08602,0.08605,25463643.0
1789872300000,0.08606,0.0864,0.0852,0.08543,51864169.0
1789873200000,0.08542,0.08602,0.08502,0.08522,22465916.0
1789874100000,0.08522,0.0861,0.085,0.08564,11610423.0
1789875000000,0.08563,0.08574,0.0854,0.08559,7745891.0
1789875900000,0.08559,0.08586,0.0855,0.08579,14196828.0
1789876800000,0.08579,0.08581,0.08532,0.0855,11412810.0
1789877700000,0.08551,0.0857,0.08531,0.08547,4098646.0
1789878600000,0.08546,0.08573,0.0854,0.08549,3108888.0
1789879500000,0.08549,0.08563,0.08525,0.08547,7545006.0
1789880400000,0.08548,0.08565,0.08537,0.08556,3408199.0
1789881300000,0.08555,0.08555,0.08521,0.08533,8798269.0
1789882200000,0.08532,0.08555,0.0852,0.08525,6192125.0
1789883100000,0.08525,0.08551,0.08525,0.08541,2926959.0
1789884000000,0.0854,0.08549,0.08519,0.08539,5835473.0
1789884900000,0.08539,0.0856,0.08523,0.08533,8094693.0
1789885800000,0.08533,0.08535,0.08489,0.08505,9314503.0
1789886700000,0.08505,0.0852,0.08491,0.08506,8617245.0
1789887600000,0.08506,0.08534,0.08506,0.0853,3583285.0
1789888500000,0.08529,0.0853,0.08508,0.08522,3521006.0
1789889400000,0.08523,0.08527,0.08499,0.0851,1780974.0
1789890300000,0.0851,0.08516,0.08486,0.08489,5776502.0
1789891200000,0.08488,0.08517,0.0848,0.08511,13139694.0
1789892100000,0.0851,0.08518,0.08492,0.08497,3495463.0
1789893000000,0.08497,0.08506,0.08469,0.08475,6833508.0
1789893900000,0.08474,0.08481,0.08449,0.08477,7772783.0
1789894800000,0.08477,0.08498,0.08476,0.08483,2312043.0
1789895700000,0.08482,0.08507,0.08481,0.085,4112179.0
1789896600000,0.08499,0.08544,0.08498,0.08531,10567964.0
1789897500000,0.08532,0.08532,0.08494,0.08496,8904294.0
1789898400000,0.08496,0.08506,0.0845,0.08476,9888299.0
1789899300000,0.08475,0.08487,0.08456,0.08469,1950763.0
1789900200000,0.08468,0.08483,0.08434,0.08468,7951708.0
1789901100000,0.08469,0.08493,0.08463,0.08468,4848085.0
1789902000000,0.08468,0.08502,0.08465,0.08472,7292861.0
1789902900000,0.08472,0.08488,0.08463,0.08487,4166431.0
1789903800000,0.08488,0.08507,0.08476,0.08495,6750920.0
1789904700000,0.08495,0.08529,0.08491,0.08516,5611116.0
1789905600000,0.08516,0.08545,0.08493,0.08525,12214629.0
1789906500000,0.08526,0.08528,0.08491,0.08492,5864736.0
1789907400000,0.08492,0.08501,0.0848,0.08496,3243688.0
1789908300000,0.08497,0.08519,0.08496,0.08515,6347759.0
1789909200000,0.08514,0.08524,0.08502,0.08505,5194205.0
1789910100000,0.08506,0.08511,0.08497,0.08498,4015972.0
1789911000000,0.08499,0.08505,0.08475,0.08497,4329844.0
1789911900000,0.08497,0.08505,0.08484,0.08495,5270393.0
1789912800000,0.08494,0.0854,0.08494,0.08503,10350681.0
1789913700000,0.08503,0.08504,0.08478,0.08498,12357527.0
1789914600000,0.08499,0.08529,0.08492,0.08517,11219862.0
1789915500000,0.08517,0.08533,0.08508,0.08511,4212460.0
1789916400000,0.08511,0.08575,0.08511,0.08547,16871821.0
1789917300000,0.08547,0.08575,0.08535,0.08536,10614842.0
1789918200000,0.08536,0.08566,0.08536,0.08557,14199603.0
1789919100000,0.08558,0.08586,0.08553,0.08582,4008805.0
1789920000000,0.08583,0.08652,0.08561,0.08641,20540656.0
1789920900000,0.0864,0.08667,0.08628,0.08657,13025989.0
1789921800000,0.08656,0.08757,0.08655,0.08745,17277853.0
1789922700000,0.08745,0.08758,0.08716,0.08754,12324417.0
1789923600000,0.08754,0.08786,0.08686,0.08709,22416412.0
1789924500000,0.08708,0.08726,0.0867,0.08693,15555653.0
1789925400000,0.08693,0.08755,0.08693,0.08752,9001790.0
1789926300000,0.08752,0.08759,0.08681,0.08702,7376473.0
1789927200000,0.08701,0.08707,0.08655,0.08678,7764529.0
1789928100000,0.08679,0.08726,0.08676,0.08726,2254021.0
1789929000000,0.08725,0.0873,0.08671,0.08696,5675974.0
1789929900000,0.08695,0.08699,0.08648,0.08668,3949065.0
1789930800000,0.08668,0.08689,0.08665,0.0868,4213213.0
1789931700000,0.0868,0.08682,0.08658,0.08681,3375106.0
1789932600000,0.08681,0.08752,0.08676,0.08739,6007541.0
1789933500000,0.0874,0.08763,0.0873,0.08738,6903797.0
1789934400000,0.08737,0.08753,0.08729,0.08736,2771669.0
1789935300000,0.08736,0.08764,0.08723,0.08751,5403379.0
1789936200000,0.08751,0.08757,0.0873,0.08752,13581891.0
1789937100000,0.08751,0.08771,0.08728,0.08735,6548957.0
1789938000000,0.08735,0.08737,0.08615,0.08663,20119603.0
1789938900000,0.08663,0.08693,0.08654,0.0867,9132789.0
1789939800000,0.08669,0.08682,0.08646,0.08646,4139987.0
1789940700000,0.08647,0.08699,0.08647,0.08693,2865853.0
1789941600000,0.08693,0.08752,0.08668,0.08751,6276522.0
1789942500000,0.08752,0.08754,0.08708,0.08735,4238868.0
1789943400000,0.08735,0.08761,0.08732,0.08738,3976278.0
1789944300000,0.08739,0.08761,0.08735,0.08749,4452345.0
1789945200000,0.08748,0.08748,0.08718,0.08723,3467205.0
1789946100000,0.08723,0.08754,0.08709,0.08723,5019539.0
1789947000000,0.08724,0.08755,0.0872,0.08752,5504899.0
1789947900000,0.08751,0.08756,0.08722,0.0873,6261836.0
1789948800000,0.0873,0.08831,0.08727,0.0883,19594574.0
1789949700000,0.0883,0.08888,0.08808,0.08853,25657362.0
1789950600000,0.08853,0.08878,0.08817,0.08854,12354102.0
1789951500000,0.08854,0.08899,0.08852,0.08875,12199185.0
1789952400000,0.08874,0.0891,0.08825,0.08891,26596898.0
1789953300000,0.08892,0.0898,0.08871,0.08899,23361355.0
1789954200000,0.08898,0.08924,0.08848,0.08881,17442434.0
1789955100000,0.0888,0.08885,0.08728,0.08749,27986021.0
1789956000000,0.08749,0.08811,0.08722,0.08811,8609016.0
1789956900000,0.0881,0.08847,0.08803,0.08821,6630783.0
1789957800000,0.0882,0.0882,0.08746,0.08798,10002561.0
1789958700000,0.08797,0.08839,0.08782,0.08811,13419424.0
1789959600000,0.0881,0.08871,0.08808,0.08833,6515310.0
1789960500000,0.08833,0.0888,0.08833,0.08863,6683039.0
1789961400000,0.08863,0.0888,0.08848,0.08858,5371790.0
1789962300000,0.08859,0.08879,0.08836,0.08849,5930192.0
1789963200000,0.08849,0.08852,0.08797,0.08812,7025104.0
1789964100000,0.08813,0.08825,0.08788,0.08798,8423200.0
1789965000000,0.08797,0.08839,0.08782,0.08835,3402472.0
1789965900000,0.08834,0.08868,0.08827,0.08835,8795236.0
1789966800000,0.08834,0.08843,0.08806,0.08818,3471219.0
1789967700000,0.08818,0.08868,0.08816,0.08863,2832222.0
1789968600000,0.08862,0.08911,0.08857,0.08863,12395446.0
1789969500000,0.08863,0.08882,0.08833,0.08836,9932638.0
1789970400000,0.08836,0.08873,0.08834,0.08868,7942549.0
1789971300000,0.08867,0.08948,0.08866,0.08927,16814427.0
1789972200000,0.08928,0.08944,0.0885,0.08851,7768762.0
1789973100000,0.08851,0.08916,0.08849,0.08907,8467014.0
1789974000000,0.08907,0.08938,0.08881,0.08912,7399985.0
1789974900000,0.08912,0.08953,0.08903,0.08928,7937638.0
1789975800000,0.08928,0.08947,0.08889,0.08912,6196608.0
1789976700000,0.08911,0.08976,0.08902,0.08974,13313383.0
1789977600000,0.08973,0.09087,0.08967,0.09052,38078656.0
1789978500000,0.09052,0.0913,0.09017,0.09106,40606648.0
1789979400000,0.09106,0.09226,0.09096,0.09188,55813210.0
1789980300000,0.09188,0.09267,0.09168,0.09188,50188119.0
1789981200000,0.09187,0.09209,0.09146,0.09179,41899468.0
1789982100000,0.0918,0.09273,0.09176,0.09264,30521532.0
1789983000000,0.09264,0.09488,0.09256,0.09397,114781170.0
1789983900000,0.09396,0.09417,0.09124,0.09214,89544762.0
1789984800000,0.09214,0.09253,0.09174,0.09235,32920553.0
1789985700000,0.09236,0.09284,0.09236,0.09257,15437269.0
1789986600000,0.09257,0.09276,0.09249,0.09264,27424466.0
1789987500000,0.09264,0.09294,0.09247,0.09291,15416739.0
1789988400000,0.09292,0.09346,0.09277,0.09334,19068258.0
1789989300000,0.09334,0.09365,0.09309,0.09341,18828500.0
1789990200000,0.09341,0.09379,0.09328,0.09358,16704197.0
1789991100000,0.09358,0.09365,0.09313,0.09336,18596481.0
1789992000000,0.09337,0.09385,0.09297,0.09362,21728708.0
1789992900000,0.09362,0.09398,0.0931,0.09324,18572189.0
1789993800000,0.09322,0.09381,0.09318,0.09365,18632098.0
1789994700000,0.09366,0.09368,0.09333,0.09349,15024281.0
1789995600000,0.09349,0.09428,0.09336,0.09403,26732356.0
1789996500000,0.09402,0.09441,0.09339,0.09363,30927316.0
1789997400000,0.09364,0.0938,0.09246,0.09302,37157982.0
1789998300000,0.09301,0.09389,0.09299,0.09328,27826848.0
1789999200000,0.09329,0.09367,0.09225,0.09287,18185518.0
1790000100000,0.09286,0.09393,0.09271,0.0936,34150059.0
1790001000000,0.0936,0.09412,0.09325,0.09365,30897073.0
1790001900000,0.09366,0.09522,0.09349,0.09496,67891185.0
1790002800000,0.09495,0.09818,0.09486,0.09725,152736536.0
1790003700000,0.09725,0.09727,0.09543,0.09563,56615034.0
1790004600000,0.09564,0.09732,0.09541,0.09731,58930147.0
1790005500000,0.09732,0.0977,0.09692,0.09733,36171504.0
1790006400000,0.09732,0.09789,0.09655,0.09685,52480552.0
1790007300000,0.09686,0.09773,0.0962,0.09633,27306056.0
1790008200000,0.09632,0.0965,0.09521,0.09616,27005188.0
1790009100000,0.09616,0.09717,0.09605,0.09665,29678031.0
1790010000000,0.09665,0.09809,0.09649,0.09732,37460574.0
1790010900000,0.09732,0.09832,0.09675,0.09764,41464900.0
1790011800000,0.09765,0.09908,0.09763,0.09804,70616684.0
1790012700000,0.09803,0.0981,0.09702,0.09739,30106751.0
1790013600000,0.0974,0.09827,0.09696,0.09822,27106681.0
1790014500000,0.09823,0.09948,0.09817,0.09911,45496520.0
1790015400000,0.09911,0.09976,0.09841,0.0994,46553410.0
1790016300000,0.09939,0.09996,0.09916,0.0997,49798545.0
1790017200000,0.0997,0.1,0.09833,0.09873,38955924.0
1790018100000,0.09873,0.09925,0.09781,0.098,40239281.0
1790019000000,0.098,0.09842,0.09761,0.09773,34121233.0
1790019900000,0.09772,0.09856,0.09755,0.09854,22813209.0
1790020800000,0.09854,0.09937,0.09841,0.09927,29389826.0
1790021700000,0.09926,0.10114,0.09916,0.10003,71365356.0
1790022600000,0.10003,0.10007,0.09916,0.09971,32858815.0
1790023500000,0.09971,0.10053,0.09944,0.10018,24746130.0
1790024400000,0.10017,0.1002,0.09875,0.09882,23017361.0
1790025300000,0.09881,0.09926,0.09804,0.09852,20411028.0
1790026200000,0.09852,0.09996,0.09847,0.09929,28689858.0
1790027100000,0.09928,0.09975,0.09895,0.09927,18725679.0
1790028000000,0.09928,0.10109,0.09928,0.10077,35142349.0
1790028900000,0.10078,0.10191,0.09964,0.09998,59266504.0
1790029800000,0.09997,0.10091,0.09986,0.10082,21781881.0
1790030700000,0.10082,0.10085,0.10002,0.10032,16468540.0
1790031600000,0.10031,0.10211,0.10023,0.10163,41901657.0
1790032500000,0.10163,0.10178,0.09997,0.10005,20624392.0
1790033400000,0.10005,0.10009,0.09931,0.09936,19635206.0
1790034300000,0.09937,0.09996,0.09887,0.09986,19573380.0
1790035200000,0.09987,0.10043,0.09946,0.09998,35310339.0
1790036100000,0.09998,0.10127,0.09982,0.10097,35870507.0
1790037000000,0.10097,0.10153,0.10021,0.10147,29316278.0
1790037900000,0.10146,0.10169,0.09919,0.09942,32042623.0
1790038800000,0.09942,0.10003,0.09859,0.0994,37119312.0
1790039700000,0.09939,0.09962,0.09783,0.09944,35104145.0
1790040600000,0.09943,0.09997,0.09916,0.09941,20053003.0
1790041500000,0.09941,0.1005,0.0994,0.09977,52313053.0
1790042400000,0.09976,0.1008,0.09937,0.09982,58258415.0
1790043300000,0.09983,0.10023,0.09942,0.09979,19072990.0
1790044200000,0.09979,0.09997,0.09915,0.09965,22309677.0
1790045100000,0.09965,0.0997,0.09882,0.09892,20547029.0
1790046000000,0.09891,0.09937,0.0985,0.09887,30647741.0
1790046900000,0.09886,0.10069,0.09883,0.10042,30420030.0
1790047800000,0.10042,0.10056,0.09975,0.1003,31571114.0
1790048700000,0.10031,0.10227,0.1002,0.10193,62930213.0
1790049600000,0.10194,0.10589,0.10186,0.10478,177111771.0
1790050500000,0.10478,0.10559,0.10349,0.1038,66659781.0
1790051400000,0.1038,0.10403,0.10169,0.10177,57716578.0
1790052300000,0.10177,0.1018,0.09956,0.09993,53667045.0
1790053200000,0.09994,0.10025,0.09954,0.09981,33600761.0
1790054100000,0.09981,0.09983,0.09876,0.09887,36916268.0
1790055000000,0.09887,0.09935,0.0984,0.09917,21662059.0
1790055900000,0.09917,0.10035,0.09917,0.10008,18548391.0
1790056800000,0.10008,0.10058,0.09953,0.09984,22784799.0
1790057700000,0.09985,0.10003,0.09942,0.09995,9090029.0
1790058600000,0.09996,0.10035,0.09977,0.10009,10438287.0
1790059500000,0.10009,0.10034,0.0997,0.09976,11217080.0
1790060400000,0.09975,0.09999,0.09913,0.09978,11176642.0
1790061300000,0.09977,0.09985,0.09887,0.09921,17099306.0
1790062200000,0.09921,0.09923,0.09878,0.09906,10202170.0
1790063100000,0.09906,0.0993,0.09876,0.09884,9898069.0
1790064000000,0.09884,0.09928,0.09855,0.09903,15476100.0
1790064900000,0.09903,0.09907,0.09803,0.09817,16890265.0
1790065800000,0.09818,0.09943,0.09763,0.09937,33355590.0
1790066700000,0.09936,0.09979,0.09907,0.09958,18263717.0
1790067600000,0.09957,0.09961,0.09835,0.09851,20314359.0
1790068500000,0.09851,0.09886,0.09821,0.09846,13352876.0
1790069400000,0.09846,0.09877,0.09828,0.09842,17285033.0
1790070300000,0.09841,0.0989,0.09837,0.09878,16196708.0
1790071200000,0.09879,0.09879,0.09813,0.09816,11186759.0
1790072100000,0.09817,0.09848,0.09735,0.09772,21195295.0
1790073000000,0.09772,0.09798,0.09739,0.09783,10657754.0
1790073900000,0.09784,0.09795,0.09772,0.09777,4607646.0
1790074800000,0.09777,0.09794,0.09716,0.09777,12824214.0
1790075700000,0.09777,0.09827,0.09771,0.09777,7777348.0
1790076600000,0.09777,0.09829,0.09757,0.09813,8073498.0
1790077500000,0.09813,0.09825,0.09776,0.09792,12982006.0
1790078400000,0.09793,0.09821,0.09786,0.09789,14695510.0
1790079300000,0.09788,0.09828,0.09754,0.09828,14409196.0
1790080200000,0.09829,0.0989,0.09824,0.09877,21311425.0
1790081100000,0.09877,0.09996,0.09874,0.0999,25207605.0
1790082000000,0.0999,0.10055,0.09966,0.10026,34668524.0
1790082900000,0.10025,0.10047,0.09944,0.09983,27297892.0
1790083800000,0.09984,0.10094,0.09952,0.10016,40274604.0
1790084700000,0.10015,0.1011,0.1,0.10096,30122646.0
1790085600000,0.10096,0.10116,0.1,0.10105,42886257.0
1790086500000,0.10105,0.10112,0.09966,0.09989,21892400.0
1790087400000,0.09988,0.09995,0.09844,0.09921,45007508.0
1790088300000,0.09921,0.10003,0.09907,0.09999,22714397.0
1790089200000,0.1,0.10041,0.09955,0.10007,29191674.0
1790090100000,0.10007,0.10037,0.09931,0.09996,25048497.0
1790091000000,0.09996,0.10034,0.09976,0.10029,15421435.0
1790091900000,0.10029,0.10055,0.09992,0.10002,19921709.0
1790092800000,0.10001,0.10021,0.09901,0.09908,25100997.0
1790093700000,0.09908,0.09937,0.0987,0.09887,19125370.0
1790094600000,0.09886,0.09925,0.09867,0.09918,6900254.0
1790095500000,0.09918,0.09987,0.09891,0.09949,12650232.0
1790096400000,0.09949,0.09973,0.09927,0.09945,16215387.0
1790097300000,0.09946,0.09991,0.0993,0.09984,15200747.0
1790098200000,0.09984,0.10007,0.09951,0.09957,21324775.0
1790099100000,0.09957,0.0999,0.09944,0.09972,13058880.0
1790100000000,0.09972,0.09976,0.09922,0.09944,15240357.0
1790100900000,0.09944,0.09998,0.09932,0.0994,13919347.0
1790101800000,0.0994,0.10007,0.09938,0.09986,17352672.0
1790102700000,0.09986,0.10015,0.09978,0.09994,15761031.0
1790103600000,0.09994,0.10043,0.09994,0.10014,25561411.0
1790104500000,0.10014,0.1006,0.10012,0.10058,10594752.0
1790105400000,0.10057,0.10058,0.09965,0.09997,25271079.0
1790106300000,0.09997,0.10006,0.09957,0.10003,9277087.0
1790107200000,0.10003,0.10017,0.09947,0.09963,12458937.0
1790108100000,0.09963,0.10061,0.0996,0.10048,14446605.0
1790109000000,0.10048,0.10052,0.10009,0.10015,5841677.0
1790109900000,0.10015,0.10031,0.09988,0.10011,11568672.0
1790110800000,0.10012,0.10045,0.09982,0.09991,11392984.0
1790111700000,0.0999,0.10024,0.09976,0.10002,10152549.0
1790112600000,0.10003,0.10038,0.09992,0.09998,11233114.0
1790113500000,0.09998,0.10029,0.09998,0.09999,4766476.0
1790114400000,0.09999,0.10025,0.09927,0.09961,16796877.0
1790115300000,0.09961,0.10022,0.09948,0.10009,9303481.0
1790116200000,0.10009,0.10098,0.10009,0.10082,16456353.0
1790117100000,0.10082,0.1011,0.10034,0.10038,12054539.0
1790118000000,0.10038,0.10128,0.1003,0.10087,23184458.0
1790118900000,0.10087,0.10109,0.1004,0.10052,10444472.0
1790119800000,0.10053,0.10069,0.09996,0.10022,16155033.0
1790120700000,0.10023,0.1005,0.10005,0.10044,7776389.0
1790121600000,0.10044,0.10093,0.10022,0.10086,12334850.0
1790122500000,0.10086,0.10139,0.10062,0.10068,11880757.0
1790123400000,0.10069,0.10099,0.10051,0.10069,7269905.0
1790124300000,0.10069,0.10097,0.10061,0.10076,5075053.0
1790125200000,0.10076,0.10164,0.10067,0.1016,13838817.0
1790126100000,0.1016,0.10271,0.10129,0.10213,28736956.0
1790127000000,0.10214,0.10245,0.10131,0.10154,14457538.0
1790127900000,0.10153,0.1017,0.10073,0.10144,19575180.0
1790128800000,0.10143,0.10143,0.10044,0.1007,14565819.0
1790129700000,0.10071,0.10203,0.10071,0.10165,14018387.0
1790130600000,0.10166,0.10209,0.10155,0.10183,10274681.0
1790131500000,0.10184,0.10377,0.10182,0.10347,39356407.0
1790132400000,0.10346,0.10392,0.1025,0.10314,32052795.0
1790133300000,0.10315,0.10368,0.10307,0.10328,15952807.0
1790134200000,0.10327,0.104,0.10278,0.10392,36070557.0
1790135100000,0.10392,0.10438,0.10367,0.10394,19795028.0
1790136000000,0.10394,0.10432,0.10331,0.10394,22703381.0
1790136900000,0.10393,0.10432,0.10342,0.10394,23394904.0
1790137800000,0.10394,0.10418,0.10345,0.10358,14776592.0
1790138700000,0.10357,0.10391,0.10354,0.10357,14645586.0
1790139600000,0.10357,0.10359,0.10256,0.10263,20443635.0
1790140500000,0.10263,0.10279,0.10208,0.10216,13198226.0
1790141400000,0.10216,0.10266,0.1021,0.10249,7773958.0
1790142300000,0.10248,0.10261,0.10115,0.10142,33000978.0
1790143200000,0.10143,0.10173,0.10122,0.10161,11167576.0
1790144100000,0.10161,0.10208,0.10159,0.10174,11524797.0
1790145000000,0.10173,0.10277,0.10156,0.10271,11634908.0
1790145900000,0.1027,0.10288,0.10218,0.10224,8092453.0
1790146800000,0.10223,0.10223,0.10158,0.10181,12921013.0
1790147700000,0.10182,0.10229,0.10165,0.10184,11551738.0
1790148600000,0.10185,0.10205,0.10068,0.10087,18081763.0
1790149500000,0.10088,0.10123,0.10053,0.10088,33909408.0
1790150400000,0.10089,0.10121,0.1003,0.10096,19056027.0
1790151300000,0.10097,0.10168,0.10097,0.10106,10847591.0
1790152200000,0.10106,0.10125,0.10083,0.10087,11664683.0
1790153100000,0.10088,0.10088,0.09888,0.09972,65693940.0
1790154000000,0.09973,0.10002,0.09957,0.09989,14701154.0
1790154900000,0.09989,0.10034,0.09984,0.10003,15226082.0
1790155800000,0.10004,0.10028,0.09975,0.09984,10507457.0
1790156700000,0.09984,0.10014,0.09954,0.09988,23049737.0
1790157600000,0.09987,0.10018,0.09963,0.09973,20562954.0
1790158500000,0.09972,0.09979,0.09923,0.09974,22332327.0
1790159400000,0.09975,0.10005,0.09945,0.09992,10942282.0
1790160300000,0.09993,0.10017,0.09967,0.10013,8581283.0
1790161200000,0.10014,0.10024,0.09975,0.09978,15527970.0
1790162100000,0.09977,0.09986,0.09899,0.09931,22238164.0
1790163000000,0.0993,0.0994,0.09889,0.09912,14891764.0
1790163900000,0.09912,0.09958,0.09908,0.09936,6709250.0
1790164800000,0.09936,0.09966,0.09874,0.09932,13426444.0
1790165700000,0.09932,0.0998,0.09907,0.09944,12079919.0
1790166600000,0.09945,0.09975,0.09941,0.09952,13472139.0
1790167500000,0.09953,0.09972,0.09924,0.09949,5800618.0
1790168400000,0.09948,0.09952,0.09858,0.09876,24051636.0
1790169300000,0.09876,0.09945,0.09876,0.09933,10628223.0
1790170200000,0.09934,0.10007,0.09925,0.09978,17729612.0
1790171100000,0.09977,0.09978,0.0991,0.09941,10404847.0
1790172000000,0.09941,0.09995,0.09385,0.09636,174846036.0
1790172900000,0.09636,0.09646,0.093,0.09396,140744138.0
1790173800000,0.09396,0.09551,0.0935,0.09469,68365948.0
1790174700000,0.09468,0.09518,0.09418,0.09489,39517088.0
1790175600000,0.09489,0.09523,0.09466,0.09487,14044945.0
1790176500000,0.09486,0.09525,0.09386,0.09391,34298262.0
1790177400000,0.09392,0.09401,0.09331,0.09349,34507389.0
1790178300000,0.09349,0.09364,0.0925,0.09277,53768711.0
1790179200000,0.09277,0.09325,0.09113,0.09314,74184390.0
1790180100000,0.09313,0.09332,0.09233,0.09258,20617435.0
1790181000000,0.09259,0.09289,0.09215,0.09258,11535435.0
1790181900000,0.09258,0.09293,0.09192,0.09244,19244147.0
1790182800000,0.09244,0.09277,0.09155,0.09193,19687057.0
1790183700000,0.09192,0.09266,0.0919,0.09235,11284438.0
1790184600000,0.09235,0.0927,0.09217,0.09257,11022196.0
1790185500000,0.09256,0.09276,0.0923,0.09243,10034701.0
1790186400000,0.09243,0.09256,0.0918,0.09206,49781814.0
1790187300000,0.09206,0.0922,0.09168,0.09179,25354929.0
1790188200000,0.09178,0.09199,0.09169,0.09194,10424945.0
1790189100000,0.09195,0.09238,0.09189,0.09208,11250370.0
1790190000000,0.09208,0.09245,0.09199,0.09222,12621249.0
1790190900000,0.09223,0.09265,0.09201,0.09256,13582176.0
1790191800000,0.09257,0.09267,0.0923,0.09232,8655136.0
1790192700000,0.09232,0.09277,0.09224,0.09235,13438141.0
1790193600000,0.09235,0.09248,0.092,0.09208,9191376.0
1790194500000,0.09209,0.09244,0.09187,0.09199,6368305.0
1790195400000,0.092,0.09239,0.09198,0.09226,4537942.0
1790196300000,0.09227,0.0923,0.09182,0.09189,8213183.0
1790197200000,0.09188,0.09226,0.09164,0.09223,16235581.0
1790198100000,0.09223,0.09242,0.09204,0.09238,6629104.0
1790199000000,0.09238,0.09272,0.09231,0.09264,8008959.0
1790199900000,0.09265,0.09274,0.09246,0.09252,4255526.0
1790200800000,0.09252,0.09327,0.09242,0.093,13967597.0
1790201700000,0.093,0.09312,0.09261,0.09261,8313835.0
1790202600000,0.0926,0.0926,0.09234,0.0925,9041583.0
1790203500000,0.0925,0.09286,0.0925,0.09262,4521147.0
1790204400000,0.09263,0.09279,0.09244,0.0927,13384321.0
1790205300000,0.09271,0.09284,0.0925,0.09255,5898648.0
1790206200000,0.09256,0.09261,0.09235,0.09247,4449328.0
1790207100000,0.09248,0.09277,0.09248,0.09272,3322377.0
1790208000000,0.09273,0.09295,0.09251,0.0927,4174934.0
1790208900000,0.09271,0.09321,0.09271,0.09318,8068582.0
1790209800000,0.09319,0.09343,0.09285,0.09296,7565751.0
1790210700000,0.09296,0.09306,0.09256,0.09288,6369459.0
1790211600000,0.09289,0.0932,0.09271,0.09302,5690838.0
1790212500000,0.09302,0.09306,0.09265,0.09291,6801527.0
1790213400000,0.09291,0.09337,0.09249,0.09255,15552212.0
1790214300000,0.09255,0.09287,0.09249,0.09262,4407827.0
1790215200000,0.09262,0.09269,0.09202,0.09254,9493504.0
1790216100000,0.09254,0.09322,0.09254,0.09317,5651576.0
1790217000000,0.09316,0.09389,0.09306,0.09381,8222190.0
1790217900000,0.0938,0.0942,0.0937,0.09379,14552420.0
1790218800000,0.0938,0.0943,0.09352,0.0939,16379282.0
1790219700000,0.09389,0.09398,0.09328,0.09343,8389832.0
1790220600000,0.09343,0.09345,0.0931,0.09337,7006452.0
1790221500000,0.09338,0.09355,0.093,0.09318,4313187.0
1790222400000,0.09318,0.0935,0.09293,0.09318,9726124.0
1790223300000,0.09318,0.09358,0.09305,0.09358,4862757.0
1790224200000,0.09357,0.09361,0.09343,0.09352,4455838.0
1790225100000,0.09352,0.09422,0.09342,0.09412,5996862.0
1790226000000,0.09412,0.09519,0.0941,0.09471,15544154.0
1790226900000,0.09471,0.09482,0.09445,0.09451,6547609.0
1790227800000,0.09452,0.09481,0.09425,0.09454,6371179.0
1790228700000,0.09454,0.09472,0.094,0.0941,10361718.0
1790229600000,0.0941,0.09449,0.09393,0.09435,6706795.0
1790230500000,0.09435,0.09458,0.0942,0.09458,5900599.0
1790231400000,0.09457,0.09472,0.09449,0.09464,4931371.0
1790232300000,0.09463,0.09467,0.09441,0.09444,2841152.0
1790233200000,0.09444,0.09444,0.09381,0.09425,11223417.0
1790234100000,0.09425,0.0947,0.09411,0.09469,3698243.0
1790235000000,0.0947,0.09496,0.09453,0.09463,6385469.0
1790235900000,0.09462,0.09483,0.09445,0.09463,7949590.0
1790236800000,0.09462,0.09476,0.09427,0.09434,6158187.0
1790237700000,0.09434,0.09462,0.09359,0.09362,15145779.0
1790238600000,0.09362,0.09394,0.09324,0.09326,7517168.0
1790239500000,0.09326,0.09335,0.09262,0.09333,20765431.0
1790240400000,0.09333,0.09358,0.09268,0.09274,9372823.0
1790241300000,0.09275,0.09277,0.09232,0.09243,18460508.0
1790242200000,0.09243,0.09244,0.09141,0.0918,29104647.0
1790243100000,0.0918,0.09217,0.09169,0.09206,11208565.0
1790244000000,0.09206,0.09238,0.09192,0.0922,7655141.0
1790244900000,0.0922,0.09242,0.09192,0.09208,10653792.0
1790245800000,0.09208,0.09253,0.09183,0.09236,8046126.0
1790246700000,0.09237,0.09278,0.09232,0.09278,5932485.0
1790247600000,0.09277,0.09302,0.09268,0.09285,6017295.0
1790248500000,0.09284,0.09299,0.09274,0.09275,3143307.0
1790249400000,0.09276,0.09282,0.09251,0.09266,7193650.0
1790250300000,0.09266,0.09282,0.0925,0.0927,9608687.0
1790251200000,0.0927,0.09295,0.09237,0.09274,4708528.0
1790252100000,0.09273,0.09297,0.09264,0.09271,4933731.0
1790253000000,0.09272,0.09279,0.09218,0.09256,5134883.0
1790253900000,0.09257,0.09305,0.09243,0.09285,4113654.0
1790254800000,0.09284,0.09329,0.09283,0.09325,8289993.0
1790255700000,0.09325,0.09391,0.0932,0.09384,9480364.0
1790256600000,0.09383,0.09458,0.09367,0.09388,22985531.0
1790257500000,0.09389,0.09425,0.09371,0.09422,6428667.0
1790258400000,0.09422,0.09469,0.09408,0.09438,13683019.0
1790259300000,0.09438,0.09622,0.09426,0.09599,70014208.0
1790260200000,0.09599,0.09612,0.09549,0.09561,46344367.0
1790261100000,0.0956,0.09569,0.09327,0.09428,47871887.0
1790262000000,0.09427,0.09484,0.09399,0.09458,16360876.0
1790262900000,0.09457,0.09564,0.09452,0.09515,19815699.0
1790263800000,0.09515,0.09598,0.09509,0.09576,14924620.0
1790264700000,0.09576,0.09582,0.09534,0.09567,10283769.0
1790265600000,0.09568,0.09568,0.09504,0.09567,14316972.0
1790266500000,0.09567,0.09722,0.09567,0.09661,55551406.0
1790267400000,0.09661,0.09715,0.09633,0.09646,14777487.0
1790268300000,0.09647,0.0975,0.09611,0.09642,35039077.0
1790269200000,0.09641,0.09641,0.09553,0.0958,16378836.0
1790270100000,0.0958,0.09639,0.09564,0.09615,10309000.0
1790271000000,0.09616,0.09637,0.0954,0.09568,9002921.0
1790271900000,0.09569,0.09604,0.09553,0.09594,9489660.0
1790272800000,0.09593,0.09636,0.09527,0.09612,8812018.0
1790273700000,0.09612,0.09648,0.09596,0.09635,5853548.0
1790274600000,0.09635,0.09675,0.09611,0.09626,9943393.0
1790275500000,0.09625,0.09694,0.0962,0.0967,4591420.0
1790276400000,0.0967,0.09674,0.09604,0.09639,11281212.0
1790277300000,0.0964,0.09662,0.09625,0.09653,3860560.0
1790278200000,0.09653,0.09659,0.09605,0.09612,7147896.0
1790279100000,0.09612,0.09644,0.09603,0.09625,3086254.0
1790280000000,0.09624,0.09636,0.09585,0.09592,4364145.0
1790280900000,0.09592,0.09628,0.09574,0.09602,5551904.0
1790281800000,0.09602,0.09608,0.09567,0.09593,6709963.0
1790282700000,0.09592,0.09611,0.09569,0.09578,5125530.0
1790283600000,0.09579,0.09607,0.09564,0.09581,4826791.0
1790284500000,0.09581,0.09625,0.09577,0.09609,2999828.0
1790285400000,0.0961,0.09636,0.09605,0.09626,5192251.0
1790286300000,0.09626,0.0963,0.09587,0.0959,3811802.0
1790287200000,0.09591,0.09591,0.09526,0.09544,14416814.0
1790288100000,0.09545,0.09551,0.09492,0.09538,15681366.0
1790289000000,0.09538,0.09558,0.09513,0.09532,6032619.0
1790289900000,0.09532,0.09553,0.09529,0.09549,3510745.0
1790290800000,0.09549,0.09595,0.09549,0.09564,4761164.0
1790291700000,0.09564,0.096,0.09558,0.09597,1524149.0
1790292600000,0.09597,0.0961,0.09575,0.09575,2909443.0
1790293500000,0.09576,0.09588,0.0957,0.09579,3941208.0
1790294400000,0.09578,0.0964,0.09577,0.09636,6663701.0
1790295300000,0.09636,0.09648,0.09598,0.09606,6640702.0
1790296200000,0.09606,0.09658,0.09591,0.09629,10545610.0
1790297100000,0.09629,0.0966,0.09616,0.09655,3945754.0
1790298000000,0.09655,0.09697,0.09641,0.09667,7547658.0
1790298900000,0.09667,0.09685,0.09614,0.09621,6074663.0
1790299800000,0.09622,0.09622,0.09572,0.09606,4220385.0
1790300700000,0.09606,0.09621,0.09581,0.09597,4872477.0
1790301600000,0.09597,0.09666,0.09591,0.09634,4420489.0
1790302500000,0.09634,0.0965,0.09571,0.0959,7097000.0
1790303400000,0.09589,0.0959,0.09517,0.09559,14718846.0
1790304300000,0.0956,0.0956,0.09498,0.09511,8160090.0
1790305200000,0.09512,0.09541,0.09459,0.09499,13960755.0
1790306100000,0.095,0.09525,0.09479,0.09487,9347119.0
1790307000000,0.09487,0.09523,0.09473,0.09491,5750185.0
1790307900000,0.09491,0.0953,0.09479,0.09522,3006641.0
1790308800000,0.09522,0.09531,0.095,0.095,6052276.0
1790309700000,0.09501,0.0954,0.09488,0.09536,7349479.0
1790310600000,0.09537,0.09584,0.09531,0.09569,4656338.0
1790311500000,0.0957,0.09573,0.09514,0.09514,4469634.0
1790312400000,0.09513,0.09532,0.09489,0.09491,5140898.0
1790313300000,0.0949,0.09524,0.09481,0.0951,5411315.0
1790314200000,0.0951,0.09528,0.09486,0.09504,4951002.0
1790315100000,0.09504,0.09517,0.09503,0.09513,1530875.0
1790316000000,0.09513,0.09533,0.09478,0.09499,4841460.0
1790316900000,0.095,0.09547,0.09481,0.09505,5560242.0
1790317800000,0.09506,0.09516,0.09456,0.09489,6426595.0
1790318700000,0.09488,0.09504,0.09475,0.09495,4519856.0
1790319600000,0.09495,0.09516,0.09463,0.09478,5573245.0
1790320500000,0.09479,0.09539,0.09479,0.09534,3873980.0
1790321400000,0.09535,0.09545,0.09485,0.09507,7404127.0
1790322300000,0.09508,0.09555,0.09504,0.09551,4738995.0
1790323200000,0.09551,0.0957,0.09526,0.09554,3046769.0
1790324100000,0.09554,0.0964,0.09554,0.09626,14528050.0
1790325000000,0.09626,0.09645,0.09601,0.09603,7748353.0
1790325900000,0.09602,0.09635,0.09585,0.09622,4961877.0
1790326800000,0.09621,0.09671,0.09619,0.09639,7507009.0
1790327700000,0.0964,0.0969,0.09623,0.09688,7934396.0
1790328600000,0.09688,0.09719,0.09676,0.09693,14547622.0
1790329500000,0.09692,0.09696,0.09656,0.09673,10811561.0
1790330400000,0.09672,0.09676,0.09625,0.09631,6540789.0
1790331300000,0.09631,0.09684,0.09614,0.09681,7991268.0
1790332200000,0.09682,0.09686,0.09656,0.09675,5917632.0
1790333100000,0.09675,0.09716,0.09672,0.09691,9133840.0
1790334000000,0.09691,0.09852,0.09686,0.0985,24966929.0
1790334900000,0.09849,0.09889,0.09769,0.09822,34064006.0
1790335800000,0.09823,0.09863,0.09786,0.09796,13984502.0
1790336700000,0.09795,0.09824,0.09778,0.09805,9706594.0
1790337600000,0.09804,0.09862,0.09762,0.09803,19069386.0
1790338500000,0.09802,0.09804,0.09659,0.09794,29731816.0
1790339400000,0.09795,0.09894,0.09784,0.09848,29938638.0
1790340300000,0.09849,0.09891,0.09812,0.09871,15115701.0
1790341200000,0.09871,0.09912,0.09822,0.09835,20432637.0
1790342100000,0.09834,0.09876,0.09752,0.09773,26209887.0
1790343000000,0.09773,0.09866,0.09728,0.09776,28623588.0
1790343900000,0.09776,0.09821,0.0969,0.09793,23845610.0
1790344800000,0.09793,0.09807,0.09624,0.09715,35226783.0
1790345700000,0.09715,0.09746,0.09666,0.097,22137186.0
1790346600000,0.09701,0.09771,0.09685,0.09692,12875861.0
1790347500000,0.09691,0.09784,0.0966,0.09784,19923211.0
1790348400000,0.09783,0.09835,0.09749,0.09833,18722416.0
1790349300000,0.09834,0.09841,0.09727,0.09733,17491785.0
1790350200000,0.09733,0.09765,0.09664,0.09687,27623136.0
1790351100000,0.09686,0.09745,0.0964,0.09744,17259551.0
1790352000000,0.09745,0.09809,0.09741,0.09799,24463553.0
1790352900000,0.09799,0.09832,0.0976,0.09809,8751828.0
1790353800000,0.09809,0.09835,0.09768,0.09791,20035471.0
1790354700000,0.09791,0.09794,0.0971,0.09713,13223775.0
1790355600000,0.09714,0.09774,0.09711,0.09761,11219683.0
1790356500000,0.09762,0.0977,0.09689,0.09691,8880863.0
1790357400000,0.0969,0.09738,0.09666,0.09722,12412871.0
1790358300000,0.09722,0.09723,0.09689,0.09711,6695186.0
1790359200000,0.09711,0.09766,0.09692,0.09753,11690341.0
1790360100000,0.09754,0.09852,0.09739,0.09752,23447947.0
1790361000000,0.09752,0.09777,0.09738,0.0977,7059384.0
1790361900000,0.0977,0.0978,0.09754,0.0976,4692007.0
1790362800000,0.0976,0.0978,0.09744,0.09776,6862700.0
1790363700000,0.09775,0.0978,0.09755,0.09778,4102322.0
1790364600000,0.09779,0.09814,0.09773,0.09787,7297792.0
1790365500000,0.09788,0.09829,0.09788,0.09814,5052542.0
1790366400000,0.09814,0.0986,0.09802,0.09811,22471802.0
1790367300000,0.09812,0.09857,0.09809,0.09845,8004434.0
1790368200000,0.09844,0.09864,0.09827,0.09844,7540159.0
1790369100000,0.09844,0.09844,0.09774,0.09784,7363462.0
1790370000000,0.09785,0.09805,0.09743,0.09754,8033990.0
1790370900000,0.09753,0.0978,0.09725,0.09767,8248290.0
1790371800000,0.09767,0.09797,0.09743,0.09791,3395567.0
1790372700000,0.09792,0.09805,0.09765,0.09774,2415499.0
1790373600000,0.09774,0.09843,0.09764,0.09841,12633349.0
1790374500000,0.0984,0.09872,0.09836,0.09857,11143809.0
1790375400000,0.09857,0.09938,0.09857,0.09932,21426619.0
1790376300000,0.09932,0.09984,0.09921,0.09932,12403831.0
1790377200000,0.09932,0.09941,0.09901,0.09928,7061616.0
1790378100000,0.09928,0.09939,0.09898,0.09899,5676026.0
1790379000000,0.09899,0.09906,0.09875,0.09897,4262766.0
1790379900000,0.09896,0.09915,0.09892,0.09897,5284358.0
1790380800000,0.09896,0.09903,0.09865,0.09892,6455264.0
1790381700000,0.09892,0.09925,0.09878,0.09881,5689420.0
1790382600000,0.09881,0.09884,0.09805,0.09842,8580837.0
1790383500000,0.09842,0.09892,0.09841,0.09857,8864325.0
1790384400000,0.09856,0.09903,0.0985,0.09869,9193532.0
1790385300000,0.09868,0.09925,0.09861,0.09881,9224891.0
1790386200000,0.09881,0.09945,0.09879,0.09932,8060288.0
1790387100000,0.09933,0.09971,0.09898,0.09904,14048407.0
1790388000000,0.09904,0.09919,0.09879,0.09918,20560387.0
1790388900000,0.09917,0.09942,0.09879,0.09879,6388163.0
1790389800000,0.09878,0.09882,0.09847,0.09865,6901720.0
1790390700000,0.09864,0.09877,0.09839,0.09848,4091788.0
1790391600000,0.09847,0.0986,0.09794,0.09812,6161313.0
1790392500000,0.09812,0.09828,0.09808,0.09818,4663929.0
1790393400000,0.09818,0.09829,0.09796,0.09798,5052287.0
1790394300000,0.09797,0.09807,0.09786,0.09797,4755361.0
1790395200000,0.09796,0.09829,0.09794,0.09816,3937474.0
1790396100000,0.09816,0.09844,0.09772,0.09773,8470102.0
1790397000000,0.09772,0.09795,0.09762,0.09791,4781222.0
1790397900000,0.09792,0.09806,0.09787,0.09803,3190499.0
1790398800000,0.09803,0.0981,0.09761,0.09763,2841301.0
1790399700000,0.09763,0.0978,0.09742,0.09752,7446325.0
1790400600000,0.09752,0.09775,0.09732,0.09771,6569273.0
1790401500000,0.09772,0.09781,0.09741,0.09744,6041619.0
1790402400000,0.09744,0.0976,0.09726,0.09742,6331798.0
1790403300000,0.09743,0.09752,0.09729,0.09735,2888147.0
1790404200000,0.09736,0.09759,0.09728,0.09757,3134826.0
1790405100000,0.09756,0.09763,0.09736,0.09742,4055447.0
1790406000000,0.09741,0.09787,0.09741,0.09775,4997992.0
1790406900000,0.09775,0.09775,0.09761,0.09766,2752658.0
1790407800000,0.09765,0.09788,0.09765,0.09775,3342207.0
1790408700000,0.09774,0.09804,0.09773,0.09797,4466193.0
1790409600000,0.09796,0.09805,0.09751,0.09759,4332290.0
1790410500000,0.09759,0.09771,0.09735,0.0977,5062273.0
1790411400000,0.09771,0.09822,0.0977,0.09806,5804218.0
1790412300000,0.09806,0.09806,0.09778,0.09779,2307872.0
1790413200000,0.09778,0.09783,0.09682,0.09698,11269785.0
1790414100000,0.09699,0.09714,0.09683,0.09703,7007783.0
1790415000000,0.09703,0.09716,0.09687,0.09709,5133221.0
1790415900000,0.09709,0.09723,0.09706,0.09721,2176346.0
1790416800000,0.09721,0.09765,0.09721,0.09761,3815855.0
1790417700000,0.09761,0.09805,0.09759,0.09801,4928604.0
1790418600000,0.09801,0.09812,0.0978,0.09787,5289046.0
1790419500000,0.09788,0.09812,0.09786,0.09811,6604929.0
1790420400000,0.09812,0.09824,0.09771,0.09779,7533923.0
1790421300000,0.0978,0.09794,0.09778,0.09784,1647168.0
1790422200000,0.09785,0.09787,0.09764,0.09765,2695365.0
1790423100000,0.09766,0.0978,0.09762,0.09766,3728448.0
1790424000000,0.09766,0.09772,0.09742,0.09753,4697169.0
1790424900000,0.09754,0.09784,0.09729,0.0973,4417947.0
1790425800000,0.0973,0.0974,0.0971,0.09711,4636512.0
1790426700000,0.09712,0.09738,0.09711,0.09733,3081088.0
1790427600000,0.09734,0.09759,0.0971,0.09724,7255003.0
1790428500000,0.09724,0.09735,0.09676,0.09708,11176270.0
1790429400000,0.09708,0.09714,0.09691,0.09707,2358842.0
1790430300000,0.09706,0.0973,0.09705,0.0972,7090205.0
1790431200000,0.0972,0.09746,0.09704,0.09744,5282384.0
1790432100000,0.09743,0.09748,0.09729,0.09737,2668181.0
1790433000000,0.09737,0.0977,0.09736,0.09756,4177644.0
1790433900000,0.09757,0.09788,0.09752,0.09788,4955042.0
1790434800000,0.09788,0.09807,0.09774,0.09807,3849134.0
1790435700000,0.09807,0.09844,0.09807,0.09838,6885311.0
1790436600000,0.09837,0.09874,0.09837,0.09854,15100742.0
1790437500000,0.09854,0.09871,0.09823,0.09868,7890966.0
1790438400000,0.09868,0.0987,0.09839,0.09847,4866288.0
1790439300000,0.09847,0.09848,0.0981,0.0982,4079176.0
1790440200000,0.0982,0.09851,0.09819,0.09831,2021751.0
1790441100000,0.09832,0.0985,0.09828,0.09846,3891763.0
1790442000000,0.09846,0.09846,0.09794,0.09799,3016982.0
1790442900000,0.09799,0.09803,0.09775,0.09793,2636066.0
1790443800000,0.09793,0.09796,0.09764,0.09782,4083384.0
1790444700000,0.09783,0.09786,0.09767,0.09777,3499976.0
1790445600000,0.09776,0.09785,0.09753,0.09766,2610269.0
1790446500000,0.09765,0.09771,0.09752,0.09756,2382161.0
1790447400000,0.09757,0.09761,0.09713,0.09718,5242037.0
1790448300000,0.09717,0.09722,0.09701,0.09716,3415440.0
1790449200000,0.09716,0.09737,0.09715,0.09732,4511232.0
1790450100000,0.09733,0.09737,0.09718,0.09724,1181133.0
1790451000000,0.09724,0.09724,0.0969,0.09714,3945074.0
1790451900000,0.09714,0.09715,0.09699,0.097,1506196.0
1790452800000,0.097,0.09713,0.09649,0.09669,7003918.0
1790453700000,0.09668,0.09681,0.09641,0.09678,4186524.0
1790454600000,0.09678,0.09678,0.09545,0.09567,15949810.0
1790455500000,0.09567,0.09595,0.0953,0.09586,9508018.0
1790456400000,0.09585,0.09627,0.0958,0.09618,3236304.0
1790457300000,0.09617,0.09671,0.09616,0.0967,5804922.0
1790458200000,0.0967,0.09686,0.09638,0.0964,3911519.0
1790459100000,0.09639,0.09655,0.09615,0.09652,3842883.0
1790460000000,0.09651,0.09685,0.0964,0.0968,5122187.0
1790460900000,0.0968,0.09681,0.09638,0.09656,3969808.0
1790461800000,0.09657,0.09658,0.09626,0.09636,3012448.0
1790462700000,0.09637,0.09654,0.09635,0.0964,2477679.0
1790463600000,0.0964,0.09672,0.09638,0.09663,9671159.0
1790464500000,0.09664,0.09671,0.09651,0.09656,2554290.0
1790465400000,0.09657,0.09674,0.09656,0.09659,2512899.0
1790466300000,0.09659,0.09685,0.09659,0.09673,4826847.0
1790467200000,0.09674,0.09679,0.09643,0.09646,9650737.0
1790468100000,0.09647,0.09653,0.09637,0.0965,1818261.0
1790469000000,0.09651,0.09664,0.09641,0.09649,2245219.0
1790469900000,0.0965,0.09657,0.09624,0.09629,3403024.0
1790470800000,0.0963,0.09647,0.09606,0.09639,6040254.0
1790471700000,0.0964,0.09644,0.09599,0.0961,7147651.0
1790472600000,0.0961,0.0965,0.09608,0.09645,2328049.0
1790473500000,0.09644,0.09679,0.09641,0.0966,5270564.0
1790474400000,0.0966,0.09678,0.09645,0.09666,7739063.0
1790475300000,0.09665,0.0968,0.0966,0.09663,2874209.0
1790476200000,0.09662,0.09665,0.09645,0.09647,2558158.0
1790477100000,0.09648,0.09654,0.09628,0.09631,2369403.0
1790478000000,0.09631,0.09648,0.09626,0.09641,1945069.0
1790478900000,0.09641,0.09641,0.09608,0.09613,4935012.0
1790479800000,0.09614,0.09628,0.0961,0.09623,3716174.0
1790480700000,0.09622,0.09623,0.09609,0.09612,3370205.0
1790481600000,0.09612,0.09627,0.09583,0.09621,7370054.0
1790482500000,0.0962,0.09624,0.09583,0.09586,5214316.0
1790483400000,0.09586,0.09587,0.09556,0.09558,4210696.0
1790484300000,0.09558,0.09566,0.09526,0.09554,15191146.0
1790485200000,0.09554,0.09599,0.09554,0.09588,5610480.0
1790486100000,0.09588,0.09608,0.09585,0.09593,4885952.0
1790487000000,0.09593,0.0966,0.09588,0.09632,12228224.0
1790487900000,0.09633,0.09652,0.0963,0.09632,3162356.0
1790488800000,0.09632,0.097,0.09625,0.09698,11900263.0
1790489700000,0.09697,0.09704,0.09676,0.09692,11244333.0
1790490600000,0.09692,0.097,0.09666,0.09689,4343067.0
1790491500000,0.09689,0.0971,0.09688,0.09697,6162547.0
1790492400000,0.09696,0.09715,0.09686,0.09694,7857451.0
1790493300000,0.09694,0.0973,0.0969,0.09724,12124577.0
1790494200000,0.09724,0.09774,0.0972,0.0977,10166139.0
1790495100000,0.09771,0.09816,0.09762,0.09811,18124466.0
1790496000000,0.09811,0.09819,0.09782,0.09807,21696858.0
1790496900000,0.09807,0.09826,0.09766,0.09787,10803140.0
1790497800000,0.09787,0.09847,0.09775,0.09809,18585026.0
1790498700000,0.09809,0.0981,0.09784,0.09784,10727294.0
1790499600000,0.09784,0.09795,0.09723,0.09744,9832148.0
1790500500000,0.09744,0.09761,0.09725,0.09744,5580517.0
1790501400000,0.09743,0.09778,0.09743,0.0977,2755647.0
1790502300000,0.0977,0.09801,0.09769,0.09799,7495346.0
1790503200000,0.09798,0.09807,0.09782,0.09805,9280279.0
1790504100000,0.09806,0.0982,0.0979,0.09793,8228858.0
1790505000000,0.09793,0.09795,0.09764,0.09768,3677023.0
1790505900000,0.09767,0.09791,0.09764,0.09769,3788471.0
1790506800000,0.09769,0.09787,0.09746,0.09778,4970049.0
1790507700000,0.09777,0.0981,0.09756,0.09796,7463915.0
1790508600000,0.09797,0.098,0.09764,0.09778,6689736.0
1790509500000,0.09777,0.09804,0.09768,0.09789,7166664.0
1790510400000,0.09788,0.09835,0.09788,0.09832,12766977.0
1790511300000,0.09832,0.09835,0.0981,0.09822,7791982.0
1790512200000,0.09822,0.0989,0.09813,0.09866,11855274.0
1790513100000,0.09866,0.09893,0.09813,0.09819,17814275.0
1790514000000,0.09818,0.09818,0.09691,0.09702,28885385.0
1790514900000,0.09703,0.09764,0.09697,0.09763,5816167.0
1790515800000,0.09762,0.09815,0.09715,0.09724,10817331.0
1790516700000,0.09725,0.09787,0.09708,0.09784,5215326.0
1790517600000,0.09785,0.098,0.09749,0.09785,7857009.0
1790518500000,0.09784,0.0979,0.09678,0.09696,10791537.0
1790519400000,0.09697,0.09733,0.09672,0.09701,8554254.0
1790520300000,0.097,0.09708,0.09642,0.09669,14773156.0
1790521200000,0.0967,0.0968,0.09621,0.0966,12774156.0
1790522100000,0.0966,0.09697,0.09641,0.09683,7428524.0
1790523000000,0.09684,0.09699,0.09659,0.0966,6180667.0
1790523900000,0.09659,0.09701,0.09658,0.09692,2763917.0
1790524800000,0.09693,0.09736,0.09686,0.09728,6347387.0
1790525700000,0.09727,0.09752,0.09694,0.09697,5475043.0
1790526600000,0.09698,0.09712,0.09671,0.09674,8038434.0
1790527500000,0.09674,0.09688,0.09658,0.09665,5483436.0
1790528400000,0.09664,0.0969,0.09655,0.09686,4349908.0
1790529300000,0.09686,0.09697,0.09666,0.09668,1757030.0
1790530200000,0.09668,0.09692,0.09666,0.0968,4625930.0
1790531100000,0.09679,0.09706,0.09677,0.09701,2577379.0
1790532000000,0.09701,0.09726,0.09687,0.09725,3458842.0
1790532900000,0.09725,0.09772,0.09725,0.0976,11311495.0
1790533800000,0.0976,0.09761,0.09736,0.09745,3369642.0
1790534700000,0.09745,0.09782,0.09741,0.09776,6048600.0
1790535600000,0.09777,0.09782,0.0974,0.09744,2554893.0
1790536500000,0.09745,0.09766,0.09727,0.09732,5217887.0
1790537400000,0.09733,0.09742,0.09714,0.09726,4138898.0
1790538300000,0.09726,0.0974,0.09706,0.09714,2746551.0
1790539200000,0.09715,0.09758,0.09715,0.09755,2499948.0
1790540100000,0.09754,0.09758,0.09676,0.0969,5907259.0
1790541000000,0.0969,0.09719,0.09689,0.09719,2111782.0
1790541900000,0.09719,0.09727,0.09682,0.09697,6513480.0
1790542800000,0.09697,0.09734,0.09689,0.09734,5809663.0
1790543700000,0.09733,0.09753,0.09713,0.09714,7111431.0
1790544600000,0.09715,0.09723,0.09647,0.09688,6199455.0
1790545500000,0.09688,0.09744,0.09688,0.09732,5725520.0
1790546400000,0.09733,0.09752,0.09578,0.09589,21528782.0
1790547300000,0.09589,0.09665,0.0957,0.09657,7677675.0
1790548200000,0.09657,0.09657,0.09561,0.09574,9123733.0
1790549100000,0.09574,0.09606,0.09554,0.09584,5840621.0
1790550000000,0.09584,0.09628,0.09577,0.09585,6175015.0
1790550900000,0.09586,0.09647,0.09579,0.09632,6799840.0
1790551800000,0.09633,0.09647,0.09618,0.09624,4559102.0
1790552700000,0.09624,0.09719,0.09616,0.0969,9220952.0
1790553600000,0.09689,0.0971,0.09636,0.09669,6849642.0
1790554500000,0.09669,0.09784,0.09669,0.09778,15814879.0
1790555400000,0.09778,0.0978,0.09631,0.0966,17689034.0
1790556300000,0.09661,0.09778,0.09661,0.09661,11051416.0
1790557200000,0.09661,0.09713,0.09612,0.09615,22354002.0
1790558100000,0.09615,0.09714,0.096,0.0969,10490753.0
1790559000000,0.09689,0.0971,0.09614,0.09618,10662710.0
1790559900000,0.09618,0.09643,0.09531,0.09544,34387334.0
1790560800000,0.09543,0.09605,0.09475,0.09586,25487127.0
1790561700000,0.09587,0.09593,0.09534,0.09543,14200682.0
1790562600000,0.09543,0.09543,0.09488,0.09503,11264174.0
1790563500000,0.09502,0.09518,0.09466,0.09475,9461834.0
1790564400000,0.09476,0.09509,0.0946,0.09482,9754484.0
1790565300000,0.09482,0.09512,0.09367,0.09411,28429504.0
1790566200000,0.09411,0.09463,0.09358,0.09443,18224555.0
1790567100000,0.09443,0.09456,0.09404,0.09406,8838662.0
1790568000000,0.09406,0.09409,0.09332,0.09395,30168743.0
1790568900000,0.09394,0.09452,0.09364,0.09433,14517089.0
1790569800000,0.09433,0.09449,0.09411,0.09442,4531867.0
1790570700000,0.09441,0.0945,0.09416,0.09442,5723396.0
1790571600000,0.09442,0.0947,0.09373,0.09394,15316373.0
1790572500000,0.09394,0.09403,0.09344,0.09347,9056418.0
1790573400000,0.09347,0.09353,0.09257,0.09353,30760161.0
1790574300000,0.09354,0.09363,0.09305,0.09335,8797029.0
1790575200000,0.09334,0.09385,0.09326,0.09366,6598989.0
1790576100000,0.09365,0.09365,0.09289,0.09291,10432223.0
1790577000000,0.0929,0.09334,0.09288,0.09317,15882343.0
1790577900000,0.09317,0.09326,0.09287,0.09296,19175234.0
1790578800000,0.09297,0.09344,0.09279,0.09288,26958555.0
1790579700000,0.09289,0.09311,0.09253,0.09269,4865159.0
1790580600000,0.09269,0.09298,0.09235,0.09267,18332627.0
1790581500000,0.09267,0.09289,0.09247,0.09252,8301078.0
1790582400000,0.09252,0.09314,0.09243,0.09312,8078461.0
1790583300000,0.09312,0.09323,0.09282,0.09293,5486175.0
1790584200000,0.09293,0.09303,0.09266,0.09277,5771703.0
1790585100000,0.09277,0.09324,0.09271,0.09302,8971955.0
1790586000000,0.09301,0.09313,0.09216,0.09283,23971610.0
1790586900000,0.09282,0.09323,0.09266,0.09277,12666604.0
1790587800000,0.09277,0.09287,0.09225,0.09226,13322867.0
1790588700000,0.09227,0.09255,0.09221,0.09238,5422090.0
1790589600000,0.09238,0.09302,0.09238,0.09277,11121286.0
1790590500000,0.09278,0.09306,0.09271,0.09296,10928058.0
1790591400000,0.09296,0.09341,0.09285,0.09332,10477215.0
1790592300000,0.09331,0.09335,0.09302,0.09302,6233220.0
1790593200000,0.09303,0.09332,0.093,0.09308,6689214.0
1790594100000,0.09308,0.09335,0.09301,0.09322,9841132.0
1790595000000,0.09322,0.09341,0.09312,0.09328,2776705.0
1790595900000,0.09328,0.09328,0.09297,0.09323,4678696.0
1790596800000,0.09323,0.09451,0.09289,0.0941,38487372.0
1790597700000,0.0941,0.09457,0.09393,0.09422,19781808.0
1790598600000,0.09422,0.09448,0.09385,0.09415,12192233.0
1790599500000,0.09416,0.09478,0.09416,0.09453,9991009.0
1790600400000,0.09454,0.09454,0.09384,0.0941,12197900.0
1790601300000,0.09411,0.09422,0.09381,0.09411,9088709.0
1790602200000,0.09412,0.0946,0.09372,0.09444,17836762.0
1790603100000,0.09444,0.09456,0.09379,0.09398,9781073.0
1790604000000,0.09397,0.09397,0.09325,0.09331,19309558.0
1790604900000,0.0933,0.09354,0.092,0.09234,31762501.0
1790605800000,0.09234,0.09294,0.09177,0.09206,26358024.0
1790606700000,0.09207,0.09243,0.09153,0.09232,26725623.0
1790607600000,0.09233,0.093,0.09224,0.09234,12194680.0
1790608500000,0.09233,0.0929,0.09197,0.09276,12137324.0
1790609400000,0.09276,0.0933,0.09258,0.09308,16771898.0
1790610300000,0.09308,0.09348,0.09305,0.09335,6977165.0
1790611200000,0.09334,0.09363,0.09293,0.09354,7406056.0
1790612100000,0.09353,0.09513,0.0935,0.09488,21889546.0
1790613000000,0.09488,0.09502,0.0942,0.09423,7399274.0
1790613900000,0.09422,0.09439,0.09392,0.09439,7712612.0
1790614800000,0.09439,0.09531,0.09366,0.09531,16285750.0
1790615700000,0.09531,0.09545,0.09439,0.09454,11778538.0
1790616600000,0.09454,0.09493,0.09446,0.09479,5038629.0
1790617500000,0.0948,0.09488,0.0944,0.0946,2088869.0
1790618400000,0.09459,0.09498,0.09441,0.09496,3362079.0
1790619300000,0.09495,0.095,0.09473,0.09476,1716367.0
1790620200000,0.09476,0.09478,0.09438,0.09478,18692937.0
1790621100000,0.09477,0.09519,0.09467,0.09493,22492292.0
1790622000000,0.09493,0.09496,0.09398,0.09413,6646775.0
1790622900000,0.09412,0.09418,0.09383,0.09386,2365655.0
1790623800000,0.09386,0.09393,0.093,0.09332,8390208.0
1790624700000,0.09332,0.09357,0.09315,0.09334,5141157.0
1790625600000,0.09334,0.09396,0.09306,0.09387,5983284.0
1790626500000,0.09386,0.09416,0.09373,0.09406,2373255.0
1790627400000,0.09406,0.09416,0.0938,0.09385,3083684.0
1790628300000,0.09385,0.09403,0.09373,0.09398,1318239.0
1790629200000,0.09399,0.0943,0.09393,0.09394,4182089.0
1790630100000,0.09393,0.09397,0.09353,0.09363,2559406.0
1790631000000,0.09363,0.0938,0.0934,0.09352,3369742.0
1790631900000,0.09351,0.09357,0.09316,0.09323,6475405.0
1790632800000,0.09322,0.09323,0.09249,0.09269,9014212.0
1790633700000,0.09268,0.09296,0.09264,0.09281,1791639.0
1790634600000,0.0928,0.09349,0.09278,0.09345,2926750.0
1790635500000,0.09345,0.09357,0.0934,0.09354,1310284.0
1790636400000,0.09353,0.09391,0.09342,0.09344,3327377.0
1790637300000,0.09345,0.09385,0.09345,0.09383,6404702.0
1790638200000,0.09383,0.09392,0.09376,0.09389,2113515.0
1790639100000,0.09389,0.094,0.09377,0.09396,1664306.0
1790640000000,0.09395,0.09424,0.09384,0.09419,3836450.0
1790640900000,0.09419,0.09424,0.09386,0.09419,2282312.0
1790641800000,0.09418,0.09453,0.09404,0.09444,4982476.0
1790642700000,0.09443,0.09443,0.09356,0.09361,3625309.0
1790643600000,0.0936,0.09405,0.09313,0.09323,6434028.0
1790644500000,0.09323,0.09332,0.09241,0.09241,11209947.0
1790645400000,0.0924,0.09275,0.09201,0.09262,21056648.0
1790646300000,0.09262,0.09302,0.09237,0.09267,9549462.0
1790647200000,0.09268,0.09287,0.09202,0.09241,10926814.0
1790648100000,0.09242,0.0929,0.092,0.09208,8976471.0
1790649000000,0.09208,0.09242,0.09178,0.09239,15465814.0
1790649900000,0.09239,0.09263,0.09201,0.09228,10108603.0
1790650800000,0.09229,0.09268,0.09216,0.09228,9108285.0
1790651700000,0.09228,0.09337,0.09217,0.09328,9079680.0
1790652600000,0.09329,0.09341,0.09304,0.09315,4660269.0
1790653500000,0.09316,0.09331,0.09304,0.09312,3708702.0
1790654400000,0.09312,0.09319,0.09268,0.09299,5673381.0
1790655300000,0.09299,0.09347,0.09299,0.09326,3406131.0
1790656200000,0.09326,0.09328,0.09288,0.09303,5238268.0
1790657100000,0.09302,0.09314,0.09268,0.09309,3664656.0
1790658000000,0.09308,0.09339,0.09298,0.09334,5480498.0
1790658900000,0.09335,0.09369,0.09313,0.09359,6325319.0
1790659800000,0.09359,0.0936,0.09262,0.0934,7924057.0
1790660700000,0.09339,0.09389,0.09322,0.09386,5719806.0
1790661600000,0.09385,0.09467,0.09383,0.09467,11007027.0
1790662500000,0.09466,0.09466,0.09413,0.0943,5984248.0
1790663400000,0.0943,0.09456,0.09428,0.09439,4350956.0
1790664300000,0.09438,0.09488,0.09438,0.09476,6618613.0
1790665200000,0.09476,0.09499,0.09447,0.0949,8518182.0
1790666100000,0.0949,0.09506,0.09481,0.09487,8463075.0
1790667000000,0.09488,0.09527,0.09471,0.09506,7856233.0
1790667900000,0.09507,0.09517,0.09498,0.09506,6222279.0
1790668800000,0.09507,0.09517,0.09469,0.09489,11428411.0
1790669700000,0.09489,0.09554,0.09489,0.09511,13265962.0
1790670600000,0.09511,0.09512,0.09443,0.09473,8654053.0
1790671500000,0.09473,0.09505,0.09463,0.09501,7796675.0
1790672400000,0.09501,0.09512,0.09476,0.09491,6814881.0
1790673300000,0.09491,0.09518,0.09485,0.09504,5824490.0
1790674200000,0.09503,0.09544,0.09499,0.09536,5912098.0
1790675100000,0.09537,0.09589,0.09526,0.09556,22776902.0
1790676000000,0.09556,0.09563,0.0954,0.09546,5952547.0
1790676900000,0.09546,0.09552,0.09517,0.09522,5052179.0
1790677800000,0.09523,0.09523,0.09487,0.09495,4621527.0
1790678700000,0.09494,0.09512,0.09486,0.09502,2903117.0
1790679600000,0.09501,0.09525,0.09494,0.09501,4716930.0
1790680500000,0.095,0.0951,0.09486,0.09505,2570956.0
1790681400000,0.09506,0.09564,0.09503,0.09559,5302111.0
1790682300000,0.0956,0.09605,0.09559,0.09575,10081283.0
1790683200000,0.09575,0.09591,0.09563,0.09573,5480581.0
1790684100000,0.09573,0.0962,0.09556,0.09575,11679788.0
1790685000000,0.09575,0.09638,0.09575,0.09617,11979419.0
1790685900000,0.09618,0.09621,0.09586,0.09591,6673012.0
1790686800000,0.09592,0.09628,0.09574,0.09606,5641874.0
1790687700000,0.09605,0.09634,0.09588,0.09617,5599985.0
1790688600000,0.09617,0.09618,0.09554,0.09581,6975486.0
1790689500000,0.09582,0.09624,0.09559,0.09584,7767947.0
1790690400000,0.09584,0.09599,0.09516,0.09524,9980863.0
1790691300000,0.09525,0.09572,0.09513,0.0955,6650200.0
1790692200000,0.0955,0.09594,0.09534,0.09576,6277520.0
1790693100000,0.09577,0.0961,0.09554,0.09554,10181226.0
1790694000000,0.09554,0.09554,0.09451,0.0947,14889590.0
1790694900000,0.09469,0.09496,0.09326,0.09353,26232378.0
1790695800000,0.09353,0.09417,0.0935,0.09398,8442939.0
1790696700000,0.09399,0.09433,0.09342,0.09373,9709812.0
1790697600000,0.09373,0.0942,0.09367,0.094,8081375.0
1790698500000,0.094,0.09433,0.09391,0.0942,8247334.0
1790699400000,0.09421,0.09431,0.09347,0.09349,8155753.0
1790700300000,0.09348,0.0936,0.09285,0.09333,12543009.0
1790701200000,0.09333,0.09371,0.09308,0.0936,6516919.0
1790702100000,0.0936,0.09362,0.09297,0.09331,6541521.0
1790703000000,0.09332,0.09348,0.09316,0.09325,10425181.0
1790703900000,0.09325,0.09339,0.09277,0.09326,6578549.0
1790704800000,0.09325,0.0938,0.09325,0.0937,12311831.0
1790705700000,0.0937,0.09407,0.09369,0.09389,3142187.0
1790706600000,0.0939,0.09435,0.09382,0.09424,3824223.0
1790707500000,0.09425,0.0943,0.09403,0.09418,8085000.0
1790708400000,0.09417,0.09441,0.09413,0.09414,4149127.0
1790709300000,0.09414,0.09433,0.09405,0.09417,2640319.0
1790710200000,0.09417,0.09428,0.09368,0.09369,6323043.0
1790711100000,0.09368,0.09387,0.09353,0.09368,7292764.0
1790712000000,0.09368,0.09399,0.09344,0.09369,4134050.0
1790712900000,0.09369,0.0943,0.09369,0.09417,2038183.0
1790713800000,0.09417,0.09422,0.09401,0.09414,1026771.0
1790714700000,0.09414,0.09416,0.094,0.09406,3171387.0
1790715600000,0.09405,0.09424,0.09383,0.09421,5980429.0
1790716500000,0.0942,0.09421,0.0937,0.09389,4025024.0
1790717400000,0.0939,0.09405,0.09382,0.09396,3439129.0
1790718300000,0.09395,0.09421,0.09381,0.09413,1633214.0
1790719200000,0.09412,0.09449,0.09406,0.09437,5484698.0
1790720100000,0.09437,0.09437,0.09405,0.0941,4926989.0
1790721000000,0.0941,0.0942,0.09383,0.09415,2145468.0
1790721900000,0.09416,0.0942,0.094,0.09402,3533363.0
1790722800000,0.09402,0.09448,0.09399,0.09447,3283059.0
1790723700000,0.09446,0.09449,0.09412,0.09412,2123988.0
1790724600000,0.09412,0.09413,0.09363,0.09374,2819414.0
1790725500000,0.09373,0.09397,0.09373,0.09389,1380212.0
1790726400000,0.0939,0.09399,0.0935,0.09352,3989284.0
1790727300000,0.09353,0.09375,0.09329,0.09366,4548331.0
1790728200000,0.09366,0.09389,0.09349,0.09355,2631097.0
1790729100000,0.09355,0.09367,0.09338,0.09363,3304805.0
1790730000000,0.09364,0.09402,0.09355,0.09396,2316848.0
1790730900000,0.09397,0.09434,0.09394,0.09399,4232369.0
1790731800000,0.09399,0.09408,0.0937,0.09407,3352180.0
1790732700000,0.09406,0.09422,0.09391,0.09398,5713622.0
1790733600000,0.09398,0.09441,0.09398,0.09411,4903496.0
1790734500000,0.09412,0.09423,0.09372,0.09376,3442645.0
1790735400000,0.09376,0.0941,0.09367,0.09397,2548640.0
1790736300000,0.09396,0.09416,0.09382,0.0939,2660300.0
1790737200000,0.09391,0.09401,0.09351,0.09353,5369450.0
1790738100000,0.09353,0.09355,0.09308,0.09341,8650022.0
1790739000000,0.09341,0.09383,0.09325,0.09365,5002679.0
1790739900000,0.09364,0.09366,0.09332,0.09339,4108255.0
1790740800000,0.09338,0.09377,0.09337,0.09357,4532922.0
1790741700000,0.09358,0.09395,0.09356,0.09372,9236313.0
1790742600000,0.09371,0.09384,0.09354,0.09368,4970129.0
1790743500000,0.09367,0.09374,0.09334,0.09339,2413226.0
1790744400000,0.09339,0.09375,0.09336,0.09343,3797145.0
1790745300000,0.09343,0.0938,0.09332,0.09375,4273631.0
1790746200000,0.09375,0.09412,0.09372,0.09404,9621292.0
1790747100000,0.09404,0.09417,0.09378,0.09396,4675672.0
1790748000000,0.09396,0.09416,0.09356,0.0936,4021747.0
1790748900000,0.09361,0.0938,0.09331,0.09347,4650106.0
1790749800000,0.09346,0.0935,0.09302,0.09329,5943032.0
1790750700000,0.09329,0.09339,0.09287,0.09303,7647013.0
1790751600000,0.09302,0.09333,0.09292,0.0931,4486097.0
1790752500000,0.09309,0.09399,0.09308,0.09375,6942347.0
1790753400000,0.09375,0.09397,0.09362,0.09394,4916589.0
1790754300000,0.09394,0.09413,0.09373,0.09378,5665379.0
1790755200000,0.09377,0.09383,0.09335,0.09337,3608253.0
1790756100000,0.09336,0.0938,0.09331,0.09361,6111565.0
1790757000000,0.09361,0.09361,0.09335,0.09346,5321878.0
1790757900000,0.09347,0.09379,0.09343,0.09362,4180213.0
1790758800000,0.09361,0.09396,0.09356,0.09396,3215374.0
1790759700000,0.09395,0.09422,0.09392,0.09417,9641598.0
1790760600000,0.09418,0.09472,0.09407,0.0944,13263481.0
1790761500000,0.09439,0.09448,0.09425,0.09426,5639979.0
1790762400000,0.09427,0.09469,0.09423,0.09438,9931071.0
1790763300000,0.09437,0.09504,0.09433,0.09489,14853310.0
1790764200000,0.09488,0.09521,0.09484,0.0951,14456656.0
1790765100000,0.09511,0.09546,0.09503,0.0954,7722756.0
1790766000000,0.09539,0.09539,0.09499,0.09517,23111539.0
1790766900000,0.09518,0.09551,0.09507,0.09533,22634768.0
1790767800000,0.09534,0.09665,0.09522,0.09619,24920203.0
1790768700000,0.09618,0.09645,0.0957,0.09583,22810219.0
1790769600000,0.09583,0.09604,0.09572,0.09603,7189406.0
1790770500000,0.09603,0.09603,0.09554,0.09585,8369094.0
1790771400000,0.09585,0.09774,0.09563,0.09742,53947882.0
1790772300000,0.09742,0.09786,0.09705,0.09733,32440478.0
1790773200000,0.09733,0.09774,0.09707,0.09758,24396960.0
1790774100000,0.09758,0.09781,0.09727,0.09747,23613383.0
1790775000000,0.09748,0.09819,0.09562,0.09646,53284066.0
1790775900000,0.09647,0.09672,0.09591,0.09628,28423782.0
1790776800000,0.09628,0.09661,0.09566,0.09599,22142879.0
1790777700000,0.09599,0.09603,0.09454,0.09479,39012336.0
1790778600000,0.09479,0.09512,0.09426,0.0944,25691150.0
1790779500000,0.0944,0.09497,0.09428,0.09478,10980440.0
1790780400000,0.09477,0.09541,0.0947,0.09499,10490910.0
1790781300000,0.09498,0.09507,0.09419,0.09465,15830150.0
1790782200000,0.09466,0.09543,0.09466,0.09511,13278626.0
1790783100000,0.09511,0.09565,0.09507,0.09539,9951082.0
1790784000000,0.0954,0.09582,0.09527,0.09563,10149980.0
1790784900000,0.09563,0.09568,0.0952,0.09522,4800505.0
1790785800000,0.09522,0.09536,0.09487,0.09528,7446419.0
1790786700000,0.09529,0.09548,0.09517,0.09526,5327399.0
1790787600000,0.09526,0.09552,0.09503,0.09515,6508842.0
1790788500000,0.09515,0.09516,0.0945,0.09485,5115935.0
1790789400000,0.09484,0.09485,0.09424,0.09436,7676509.0
1790790300000,0.09437,0.09468,0.0943,0.09442,3494957.0
1790791200000,0.09442,0.09455,0.094,0.09428,8424123.0
1790792100000,0.09428,0.09437,0.094,0.09417,3495809.0
1790793000000,0.09416,0.09433,0.0938,0.09387,6899790.0
1790793900000,0.09387,0.09423,0.09371,0.09417,2627743.0
1790794800000,0.09418,0.09436,0.0938,0.0939,4107776.0
1790795700000,0.0939,0.09408,0.09358,0.09396,7033668.0
1790796600000,0.09395,0.09443,0.09393,0.09424,3699032.0
1790797500000,0.09424,0.0943,0.09373,0.09404,4504622.0
1790798400000,0.09405,0.09434,0.09399,0.0943,6207878.0
1790799300000,0.0943,0.09475,0.09428,0.09467,2003579.0
1790800200000,0.09466,0.09468,0.09444,0.09452,2458694.0
1790801100000,0.09451,0.09458,0.09431,0.09441,1708581.0
1790802000000,0.09442,0.09466,0.09434,0.09449,2856314.0
1790802900000,0.09448,0.09453,0.09424,0.09436,2929998.0
1790803800000,0.09436,0.09451,0.09427,0.09434,2863670.0
1790804700000,0.09433,0.09436,0.09417,0.09428,3780443.0
1790805600000,0.09429,0.09439,0.09397,0.09422,3229783.0
1790806500000,0.09422,0.09452,0.0942,0.09452,2150883.0
1790807400000,0.09452,0.09484,0.09451,0.09479,1853109.0
1790808300000,0.09479,0.09479,0.09451,0.09451,3651970.0
1790809200000,0.0945,0.09482,0.09437,0.09453,3795589.0
1790810100000,0.09452,0.09483,0.09447,0.09459,3607713.0
1790811000000,0.09458,0.09476,0.09439,0.09467,2333189.0
1790811900000,0.09466,0.09466,0.09447,0.09456,2550828.0
1790812800000,0.09456,0.0946,0.09437,0.09441,3001171.0
1790813700000,0.09442,0.0946,0.09424,0.09444,4093314.0
1790814600000,0.09443,0.09468,0.09424,0.09466,3915918.0
1790815500000,0.09465,0.09469,0.09447,0.09456,1773118.0
1790816400000,0.09455,0.09484,0.09452,0.09479,3587640.0
1790817300000,0.09478,0.09537,0.09471,0.09515,8125590.0
1790818200000,0.09514,0.09514,0.09473,0.09488,6980331.0
1790819100000,0.09489,0.09494,0.09464,0.09474,4545138.0
1790820000000,0.09473,0.0951,0.0946,0.09492,2086717.0
1790820900000,0.09492,0.09494,0.0946,0.09491,3450580.0
1790821800000,0.09491,0.09528,0.09483,0.09498,3467694.0
1790822700000,0.09498,0.0954,0.09483,0.09525,3357822.0
1790823600000,0.09525,0.09548,0.09484,0.09509,4326294.0
1790824500000,0.0951,0.0953,0.09496,0.09519,2164617.0
1790825400000,0.0952,0.09573,0.09504,0.09564,11348119.0
1790826300000,0.09565,0.09579,0.0955,0.09578,7297985.0
1790827200000,0.09579,0.09582,0.09559,0.09565,2969833.0
1790828100000,0.09565,0.09575,0.09541,0.09569,2784490.0
1790829000000,0.0957,0.09573,0.0955,0.09559,5888856.0
1790829900000,0.09558,0.09612,0.09557,0.09577,5668988.0
1790830800000,0.09577,0.09611,0.0957,0.09592,3740340.0
1790831700000,0.09592,0.09594,0.09575,0.0958,1810391.0
1790832600000,0.09579,0.09594,0.09577,0.09578,2253190.0
1790833500000,0.09578,0.09595,0.09572,0.09588,2589142.0
1790834400000,0.09587,0.09587,0.09558,0.09582,4162623.0
1790835300000,0.09583,0.09592,0.09573,0.09589,3351415.0
1790836200000,0.09589,0.09596,0.09547,0.09556,5314930.0
1790837100000,0.09556,0.09593,0.09556,0.0958,2421970.0
1790838000000,0.09579,0.09601,0.09561,0.09564,3496725.0
1790838900000,0.09564,0.09573,0.09411,0.09427,34635725.0
1790839800000,0.09427,0.09482,0.09412,0.09438,8898146.0
1790840700000,0.09437,0.09459,0.09418,0.0943,7079975.0
1790841600000,0.09431,0.09447,0.09383,0.09397,17020240.0
1790842500000,0.09397,0.09443,0.09392,0.09427,10012758.0
1790843400000,0.09427,0.09436,0.09383,0.09425,5818953.0
1790844300000,0.09424,0.09454,0.09412,0.09447,1923939.0
1790845200000,0.09446,0.09475,0.09431,0.09458,3016244.0
1790846100000,0.09459,0.09467,0.09449,0.09462,1980504.0
1790847000000,0.09462,0.0948,0.09454,0.09468,3175843.0
1790847900000,0.09467,0.09471,0.09429,0.09442,4786215.0
1790848800000,0.09441,0.09446,0.0935,0.09401,16626018.0
1790849700000,0.09401,0.09419,0.09383,0.09405,6987151.0
1790850600000,0.09406,0.09459,0.09405,0.09457,3185854.0
1790851500000,0.09457,0.095,0.09454,0.0948,8563540.0
1790852400000,0.09479,0.0948,0.09445,0.09463,7043770.0
1790853300000,0.09463,0.09468,0.09444,0.09456,2511648.0
1790854200000,0.09456,0.09487,0.09447,0.09487,1968890.0
1790855100000,0.09487,0.09512,0.09482,0.09497,6682309.0
1790856000000,0.09497,0.09511,0.09494,0.09502,3129504.0
1790856900000,0.09503,0.09509,0.09481,0.09487,5965489.0
1790857800000,0.09486,0.09503,0.09471,0.09477,5576191.0
1790858700000,0.09476,0.09484,0.09429,0.09453,4994202.0
1790859600000,0.09453,0.09458,0.09385,0.09397,10036386.0
1790860500000,0.09398,0.09418,0.09375,0.09402,4967107.0
1790861400000,0.09401,0.09487,0.09401,0.09478,11231228.0
1790862300000,0.09478,0.09493,0.09442,0.09471,4828026.0
1790863200000,0.0947,0.09473,0.09385,0.09414,12908229.0
1790864100000,0.09414,0.09478,0.09409,0.09453,9094628.0
1790865000000,0.09452,0.09492,0.09436,0.09445,5955396.0
1790865900000,0.09445,0.09461,0.09385,0.09417,13733606.0
1790866800000,0.09416,0.09447,0.09358,0.09428,12896098.0
1790867700000,0.09428,0.09487,0.09426,0.09444,12221444.0
1790868600000,0.09444,0.09444,0.09384,0.09397,8198711.0
1790869500000,0.09398,0.09458,0.09397,0.09432,10190683.0
1790870400000,0.09431,0.09452,0.09407,0.09428,4978204.0
1790871300000,0.09428,0.09443,0.09406,0.09426,4611544.0
1790872200000,0.09426,0.09466,0.09391,0.09405,6075297.0
1790873100000,0.09405,0.09423,0.09361,0.09379,7804875.0
1790874000000,0.09379,0.09444,0.09379,0.09441,5973788.0
1790874900000,0.09442,0.09509,0.09441,0.09509,16135383.0
1790875800000,0.09509,0.0953,0.09482,0.09523,7434206.0
1790876700000,0.09524,0.09524,0.09474,0.09494,5987131.0
1790877600000,0.09493,0.0952,0.0947,0.09506,7046195.0
1790878500000,0.09505,0.09524,0.09497,0.09498,5058322.0
1790879400000,0.09498,0.09548,0.09487,0.09511,3872708.0
1790880300000,0.09511,0.09514,0.09476,0.095,1840047.0
1790881200000,0.095,0.09522,0.09478,0.09498,1905043.0
1790882100000,0.09498,0.09502,0.09431,0.09437,4172709.0
1790883000000,0.09438,0.09477,0.09432,0.09458,3406029.0
1790883900000,0.09459,0.09495,0.09453,0.09485,4337799.0
1790884800000,0.09484,0.09504,0.09483,0.09489,3450803.0
1790885700000,0.09488,0.095,0.09479,0.09485,1678385.0
1790886600000,0.09485,0.0949,0.0945,0.09462,2677163.0
1790887500000,0.09462,0.09479,0.09452,0.09457,1648401.0
1790888400000,0.09458,0.09462,0.09443,0.09444,2307294.0
1790889300000,0.09444,0.09466,0.09418,0.09418,5278081.0
1790890200000,0.09419,0.09421,0.09377,0.09378,9491181.0
1790891100000,0.09377,0.09405,0.09377,0.09399,2712890.0
1790892000000,0.09399,0.09443,0.09396,0.09418,5114668.0
1790892900000,0.09417,0.09428,0.09411,0.0942,2307721.0
1790893800000,0.0942,0.09424,0.09395,0.09396,1833133.0
1790894700000,0.09396,0.09422,0.09383,0.09419,1468309.0
1790895600000,0.09418,0.09419,0.09404,0.0941,1199115.0
1790896500000,0.09411,0.09427,0.09408,0.09419,1127963.0
1790897400000,0.09418,0.09433,0.09412,0.09425,967000.0
1790898300000,0.09424,0.09442,0.09417,0.09437,1629372.0
1790899200000,0.09436,0.09436,0.0942,0.0943,2372451.0
1790900100000,0.0943,0.09452,0.09426,0.09433,2645493.0
1790901000000,0.09432,0.09432,0.09402,0.09418,2165354.0
1790901900000,0.09418,0.09434,0.09402,0.09407,2074584.0
1790902800000,0.09406,0.09407,0.09378,0.09379,5881893.0
1790903700000,0.09379,0.09394,0.09316,0.09346,16465232.0
1790904600000,0.09345,0.09362,0.09323,0.09326,10023094.0
1790905500000,0.09326,0.0941,0.09317,0.09386,17948754.0
1790906400000,0.09386,0.09429,0.09376,0.09415,3701747.0
1790907300000,0.09416,0.09427,0.09372,0.09383,8489083.0
1790908200000,0.09383,0.09401,0.09363,0.094,3525380.0
1790909100000,0.09401,0.09434,0.094,0.09431,4328082.0
1790910000000,0.09431,0.09471,0.09419,0.09429,7988395.0
1790910900000,0.09429,0.09438,0.09419,0.09422,3153061.0
1790911800000,0.09422,0.09475,0.09421,0.09462,9216957.0
1790912700000,0.09462,0.09488,0.09453,0.09481,6033213.0
1790913600000,0.09481,0.095,0.09471,0.09471,7217970.0
1790914500000,0.09471,0.09661,0.09469,0.09657,36678036.0
1790915400000,0.09657,0.09667,0.09596,0.09641,24599938.0
1790916300000,0.09642,0.09706,0.09626,0.09677,23785661.0
1790917200000,0.09677,0.09681,0.09625,0.09637,16875250.0
1790918100000,0.09637,0.0964,0.09607,0.09624,8563309.0
1790919000000,0.09623,0.0964,0.09552,0.09596,12857153.0
1790919900000,0.09596,0.09599,0.09565,0.09584,9419790.0
1790920800000,0.09584,0.09612,0.09574,0.09585,9653751.0
1790921700000,0.09586,0.09615,0.09576,0.09613,6257779.0
1790922600000,0.09613,0.09629,0.09593,0.09608,6048243.0
1790923500000,0.09607,0.09617,0.09584,0.0959,3791358.0
1790924400000,0.09589,0.09605,0.09574,0.09589,4899748.0
1790925300000,0.09588,0.09596,0.09563,0.09567,9551233.0
1790926200000,0.09566,0.096,0.09542,0.09594,6875682.0
1790927100000,0.09595,0.0966,0.09595,0.09647,9328466.0
1790928000000,0.09648,0.09671,0.09634,0.09641,9514384.0
1790928900000,0.0964,0.09796,0.09638,0.09746,39633394.0
1790929800000,0.09746,0.09778,0.0974,0.09749,10176391.0
1790930700000,0.09748,0.09748,0.09689,0.09713,13685846.0
1790931600000,0.09713,0.09747,0.09685,0.09734,9206303.0
1790932500000,0.09735,0.09749,0.09661,0.09675,12722187.0
1790933400000,0.09674,0.09711,0.0967,0.09688,8452329.0
1790934300000,0.09688,0.09716,0.09675,0.09697,11451095.0
1790935200000,0.09697,0.09706,0.09676,0.09677,3730420.0
1790936100000,0.09678,0.0969,0.09635,0.0968,14312224.0
1790937000000,0.0968,0.09704,0.09665,0.0969,5758894.0
1790937900000,0.09691,0.09692,0.09662,0.09663,4041864.0
1790938800000,0.09663,0.09688,0.09653,0.09679,2751358.0
1790939700000,0.0968,0.09691,0.09673,0.09681,4435400.0
1790940600000,0.09682,0.09697,0.09661,0.09679,3517686.0
1790941500000,0.09678,0.09681,0.09649,0.09652,4456848.0
1790942400000,0.09653,0.09658,0.09615,0.0964,7348087.0
1790943300000,0.09641,0.09706,0.09639,0.09696,7326708.0
1790944200000,0.09696,0.09761,0.09655,0.09677,35774373.0
1790945100000,0.09676,0.0973,0.09672,0.09716,20422061.0
1790946000000,0.09716,0.09741,0.097,0.09702,13039548.0
1790946900000,0.09703,0.09715,0.09689,0.09691,5101084.0
1790947800000,0.09692,0.09774,0.09685,0.09734,11707263.0
1790948700000,0.09734,0.09746,0.0965,0.09662,9975735.0
1790949600000,0.09662,0.09706,0.09615,0.09643,13365740.0
1790950500000,0.09643,0.0969,0.09598,0.09607,14959612.0
1790951400000,0.09607,0.0962,0.09562,0.09604,23411877.0
1790952300000,0.09605,0.09626,0.09481,0.09542,39493808.0
1790953200000,0.09543,0.09556,0.09483,0.09538,12141887.0
1790954100000,0.09538,0.09548,0.09476,0.09515,9591494.0
1790955000000,0.09514,0.09521,0.09483,0.09499,5389847.0
1790955900000,0.09499,0.09529,0.09486,0.09512,7060952.0
1790956800000,0.09513,0.09535,0.09493,0.09507,7052214.0
1790957700000,0.09508,0.09562,0.09502,0.09504,11627469.0
1790958600000,0.09504,0.09513,0.09471,0.09509,5034945.0
1790959500000,0.09509,0.09529,0.09484,0.095,4258474.0
1790960400000,0.09501,0.0952,0.09465,0.09469,3176686.0
1790961300000,0.09469,0.09495,0.0944,0.09466,8819787.0
1790962200000,0.09467,0.09484,0.09419,0.09434,9396522.0
1790963100000,0.09433,0.09467,0.09428,0.09451,2777137.0
1790964000000,0.09451,0.09466,0.09428,0.09449,5415944.0
1790964900000,0.09449,0.09449,0.09336,0.09341,22174509.0
1790965800000,0.09342,0.09344,0.09051,0.09097,139874260.0
1790966700000,0.09098,0.0913,0.09031,0.09109,28362409.0
1790967600000,0.09109,0.0914,0.09081,0.0909,28875499.0
1790968500000,0.09091,0.09133,0.09064,0.09121,15521891.0
1790969400000,0.09121,0.09167,0.09119,0.09157,10052136.0
1790970300000,0.09157,0.09168,0.09137,0.09149,6647976.0
1790971200000,0.09149,0.09164,0.09134,0.09159,13411865.0
1790972100000,0.09159,0.09181,0.09137,0.09165,17155732.0
1790973000000,0.09164,0.09183,0.09133,0.09135,9901282.0
1790973900000,0.09134,0.09161,0.09119,0.09129,11006872.0
1790974800000,0.09129,0.0918,0.09128,0.09165,5136649.0
1790975700000,0.09164,0.09178,0.0913,0.09134,10239541.0
1790976600000,0.09134,0.09191,0.09127,0.09184,4931122.0
1790977500000,0.09183,0.09216,0.09177,0.09214,3070074.0
1790978400000,0.09214,0.09226,0.09196,0.09202,13015412.0
1790979300000,0.09202,0.09224,0.09183,0.09223,5048374.0
1790980200000,0.09223,0.09233,0.09215,0.09229,4735396.0
1790981100000,0.0923,0.09253,0.0923,0.09244,3395763.0
1790982000000,0.09244,0.09249,0.09232,0.09245,5082071.0
1790982900000,0.09245,0.09274,0.09245,0.09269,4571384.0
1790983800000,0.09268,0.09301,0.09267,0.09297,5910178.0
1790984700000,0.09297,0.09306,0.09293,0.09293,4954811.0
1790985600000,0.09294,0.09306,0.09281,0.09304,7984648.0
1790986500000,0.09305,0.09352,0.09295,0.09343,8762484.0
1790987400000,0.09343,0.09356,0.0932,0.09336,12030684.0
1790988300000,0.09337,0.0934,0.09324,0.09331,2296084.0
1790989200000,0.0933,0.09348,0.09312,0.09336,4110736.0
1790990100000,0.09336,0.09364,0.09324,0.09337,3877791.0
1790991000000,0.09337,0.09344,0.09324,0.09329,3690053.0
1790991900000,0.09328,0.09328,0.09311,0.09316,2941717.0
1790992800000,0.09317,0.0933,0.09299,0.09326,2558939.0
1790993700000,0.09327,0.09339,0.09323,0.09325,2066722.0
1790994600000,0.09326,0.09332,0.09318,0.09324,2234628.0
1790995500000,0.09325,0.09325,0.09303,0.09304,2404255.0
1790996400000,0.09303,0.09317,0.09291,0.093,2411251.0
1790997300000,0.093,0.09324,0.09298,0.09306,1839105.0
1790998200000,0.09306,0.09321,0.09302,0.0932,3636876.0
1790999100000,0.0932,0.09335,0.09318,0.09331,1632594.0
1791000000000,0.09331,0.09332,0.09305,0.09322,2202033.0
1791000900000,0.09321,0.09322,0.09289,0.09294,3798091.0
1791001800000,0.09294,0.09304,0.09279,0.09297,6488886.0
1791002700000,0.09298,0.09313,0.09295,0.09295,2467260.0
1791003600000,0.09295,0.09316,0.09288,0.09306,2594797.0
1791004500000,0.09305,0.09317,0.09303,0.09312,3293233.0
1791005400000,0.09313,0.09324,0.09301,0.09302,1839444.0
1791006300000,0.09303,0.09311,0.09298,0.093,646395.0
1791007200000,0.093,0.09313,0.0929,0.09291,2167919.0
1791008100000,0.0929,0.09297,0.09288,0.0929,1917267.0
1791009000000,0.0929,0.09305,0.09284,0.09298,3627088.0
1791009900000,0.09297,0.09304,0.09292,0.09297,2271974.0
1791010800000,0.09296,0.09297,0.09287,0.0929,919150.0
1791011700000,0.09289,0.09293,0.09273,0.09281,1453090.0
1791012600000,0.0928,0.09284,0.09259,0.09259,2810182.0
1791013500000,0.09259,0.09285,0.09257,0.09267,2526026.0
1791014400000,0.09268,0.09277,0.09249,0.09276,3712029.0
1791015300000,0.09276,0.09276,0.09243,0.09253,9534505.0
1791016200000,0.09253,0.09261,0.09244,0.09259,3048181.0
1791017100000,0.09259,0.09264,0.09251,0.09252,4560787.0
1791018000000,0.09252,0.09288,0.09252,0.0928,3672073.0
1791018900000,0.09279,0.09287,0.09256,0.09261,4423321.0
1791019800000,0.09261,0.09272,0.0926,0.0927,2327791.0
1791020700000,0.0927,0.09284,0.09269,0.09276,2186987.0
1791021600000,0.09276,0.09289,0.09276,0.09287,1144586.0
1791022500000,0.09286,0.09289,0.09278,0.09283,1250098.0
1791023400000,0.09283,0.09294,0.09279,0.09292,4439224.0
1791024300000,0.09291,0.09296,0.09285,0.0929,4793255.0
1791025200000,0.09289,0.09292,0.09274,0.09274,2082187.0
1791026100000,0.09274,0.09282,0.09266,0.09274,2194543.0
1791027000000,0.09274,0.09293,0.09274,0.09279,1943502.0
1791027900000,0.09279,0.09288,0.09277,0.09278,1135240.0
1791028800000,0.09278,0.09295,0.09277,0.09291,3062065.0
1791029700000,0.0929,0.09302,0.09279,0.09281,4037036.0
1791030600000,0.09281,0.09288,0.09262,0.09264,3826355.0
1791031500000,0.09263,0.09278,0.09257,0.09274,2829610.0
1791032400000,0.09274,0.09284,0.09261,0.09266,2283914.0
1791033300000,0.09265,0.09267,0.09252,0.09266,2790346.0
1791034200000,0.09267,0.09284,0.09265,0.09273,2503409.0
1791035100000,0.09273,0.09292,0.09273,0.09292,1247449.0
1791036000000,0.09292,0.09293,0.09268,0.09272,12491739.0
1791036900000,0.09272,0.0931,0.09271,0.0931,2490012.0
1791037800000,0.09309,0.09319,0.09297,0.09318,5287138.0
1791038700000,0.09317,0.0935,0.09317,0.09335,6899218.0
1791039600000,0.09335,0.09335,0.09309,0.09325,4955196.0
1791040500000,0.09325,0.09332,0.09312,0.09325,2459090.0
1791041400000,0.09326,0.0933,0.09301,0.09311,3777469.0
1791042300000,0.09311,0.09322,0.09308,0.09312,3760041.0
1791043200000,0.09312,0.09315,0.09301,0.09307,2286194.0
1791044100000,0.09306,0.09308,0.09289,0.09302,2614564.0
1791045000000,0.09302,0.09328,0.09302,0.09318,2233146.0
1791045900000,0.09318,0.0932,0.09302,0.09309,2736395.0
1791046800000,0.09309,0.09342,0.09308,0.09333,4312949.0
1791047700000,0.09333,0.09343,0.09329,0.09331,1646848.0
1791048600000,0.09332,0.09332,0.09314,0.09325,3416969.0
1791049500000,0.09325,0.09332,0.09316,0.09326,3813451.0
1791050400000,0.09326,0.09334,0.0931,0.09319,3545064.0
1791051300000,0.09318,0.09322,0.09303,0.09316,1414271.0
1791052200000,0.09316,0.09331,0.09309,0.09329,2028057.0
1791053100000,0.09329,0.09329,0.09307,0.09319,883710.0
1791054000000,0.09318,0.09321,0.09303,0.09311,1204314.0
1791054900000,0.09312,0.09322,0.09307,0.09316,1286426.0
1791055800000,0.09315,0.0932,0.0931,0.09313,1662990.0
1791056700000,0.09313,0.09319,0.09304,0.09315,2096789.0
1791057600000,0.09314,0.09329,0.09314,0.09322,1976052.0
1791058500000,0.09323,0.09335,0.09321,0.09328,4163076.0
1791059400000,0.09327,0.0933,0.0932,0.09324,2488150.0
1791060300000,0.09323,0.09328,0.09311,0.09316,2983265.0
1791061200000,0.09317,0.0932,0.09289,0.09297,5185148.0
1791062100000,0.09298,0.09304,0.09283,0.09286,2634833.0
1791063000000,0.09285,0.09296,0.09283,0.09285,3113280.0
1791063900000,0.09285,0.09299,0.09285,0.09294,969502.0
1791064800000,0.09294,0.09307,0.09273,0.09305,3085477.0
1791065700000,0.09305,0.09306,0.09288,0.09297,2824009.0
1791066600000,0.09298,0.09306,0.09297,0.093,1538748.0
1791067500000,0.09299,0.09303,0.0929,0.09293,2513587.0
1791068400000,0.09294,0.09294,0.09279,0.09291,881567.0
1791069300000,0.0929,0.09295,0.09285,0.09286,2718724.0
1791070200000,0.09286,0.09291,0.09285,0.09288,664959.0
1791071100000,0.09289,0.09293,0.09275,0.09282,2528668.0
1791072000000,0.09282,0.09294,0.0928,0.09288,4244182.0
1791072900000,0.09287,0.093,0.09286,0.093,3938005.0
1791073800000,0.09299,0.09314,0.09296,0.09298,1304086.0
1791074700000,0.09298,0.09298,0.09285,0.09291,1824671.0
1791075600000,0.09291,0.09297,0.09286,0.09291,5061757.0
1791076500000,0.0929,0.0929,0.0927,0.09272,818699.0
1791077400000,0.09272,0.09284,0.09267,0.09276,2977844.0
1791078300000,0.09276,0.09283,0.09271,0.0928,1997060.0
1791079200000,0.0928,0.093,0.09276,0.09277,2751991.0
1791080100000,0.09277,0.09287,0.09271,0.09281,5131821.0
1791081000000,0.09282,0.09298,0.09276,0.09284,7370933.0
1791081900000,0.09285,0.09287,0.09268,0.09277,3749112.0
1791082800000,0.09276,0.09276,0.09261,0.09267,2385218.0
1791083700000,0.09267,0.09272,0.09252,0.09266,5147083.0
1791084600000,0.09266,0.09289,0.09265,0.09273,3911554.0
1791085500000,0.09273,0.09273,0.09263,0.09265,2535248.0
1791086400000,0.09266,0.09271,0.09263,0.09264,1626529.0
1791087300000,0.09265,0.09272,0.09264,0.0927,1812584.0
1791088200000,0.0927,0.09274,0.09263,0.09264,1289850.0
1791089100000,0.09265,0.09274,0.09265,0.09274,1795755.0
1791090000000,0.09274,0.09284,0.09271,0.09273,2086741.0
1791090900000,0.09272,0.0928,0.09271,0.09278,3030985.0
1791091800000,0.09278,0.09294,0.09276,0.09291,1232907.0
1791092700000,0.09292,0.09292,0.0928,0.09281,2169002.0
1791093600000,0.09282,0.09286,0.09276,0.0928,6295122.0
1791094500000,0.0928,0.09305,0.09275,0.0928,4002241.0
1791095400000,0.0928,0.09299,0.09277,0.09289,3034462.0
1791096300000,0.09289,0.09325,0.09287,0.09306,2604042.0
1791097200000,0.09305,0.09323,0.09305,0.0932,1785635.0
1791098100000,0.09321,0.09322,0.09303,0.09307,2256338.0
1791099000000,0.09308,0.09314,0.09298,0.09312,2353764.0
1791099900000,0.09312,0.09349,0.09311,0.09347,3744657.0
1791100800000,0.09349,0.09355,0.09328,0.09334,5187678.0
1791101700000,0.09333,0.09343,0.09329,0.09332,2841217.0
1791102600000,0.09333,0.09334,0.09308,0.09313,3881295.0
1791103500000,0.09314,0.09321,0.0931,0.09315,1030944.0
1791104400000,0.09316,0.09332,0.09304,0.09327,1819262.0
1791105300000,0.09328,0.09353,0.09326,0.09337,2270987.0
1791106200000,0.09336,0.09348,0.09325,0.0934,2044903.0
1791107100000,0.09341,0.09355,0.09333,0.09342,2937282.0
1791108000000,0.09342,0.09364,0.09333,0.09344,8472248.0
1791108900000,0.09345,0.09352,0.09333,0.09336,3052384.0
1791109800000,0.09336,0.0935,0.0933,0.09349,6271707.0
1791110700000,0.09348,0.0935,0.09337,0.09337,2318845.0
1791111600000,0.09338,0.09347,0.09333,0.09342,1983625.0
1791112500000,0.09342,0.09379,0.09339,0.09373,4986330.0
1791113400000,0.09372,0.09374,0.09342,0.09345,4845439.0
1791114300000,0.09345,0.09357,0.09344,0.09349,3090029.0
1791115200000,0.09348,0.09382,0.09346,0.09347,7416653.0
1791116100000,0.09347,0.09362,0.09337,0.09359,2730656.0
1791117000000,0.09359,0.09372,0.09348,0.09349,2308083.0
1791117900000,0.0935,0.09352,0.09338,0.0934,2595652.0
1791118800000,0.0934,0.09352,0.09339,0.09349,1478142.0
1791119700000,0.0935,0.09357,0.09347,0.09354,729097.0
1791120600000,0.09354,0.0938,0.09351,0.09352,5618813.0
1791121500000,0.09352,0.09367,0.09352,0.09359,2089660.0
1791122400000,0.09358,0.09363,0.09342,0.09348,2642701.0
1791123300000,0.09347,0.09364,0.09344,0.09359,3010179.0
1791124200000,0.09359,0.09384,0.09356,0.09378,8178371.0
1791125100000,0.09378,0.0941,0.09377,0.09398,6649512.0
1791126000000,0.09399,0.09458,0.09398,0.0943,7385068.0
1791126900000,0.0943,0.09454,0.09401,0.09411,10021587.0
1791127800000,0.09412,0.09439,0.09401,0.09433,6954206.0
1791128700000,0.09432,0.09445,0.09419,0.09419,6006475.0
1791129600000,0.09419,0.09443,0.09403,0.09439,5576786.0
1791130500000,0.0944,0.09443,0.09419,0.0943,3439204.0
1791131400000,0.0943,0.09455,0.09421,0.09443,5822871.0
1791132300000,0.09443,0.09478,0.09438,0.09455,10127984.0
1791133200000,0.09455,0.09538,0.09455,0.09507,24713321.0
1791134100000,0.09506,0.09547,0.09495,0.09525,13242935.0
1791135000000,0.09524,0.09611,0.09515,0.09605,27477300.0
1791135900000,0.09604,0.09624,0.09542,0.09545,19539182.0
1791136800000,0.09544,0.09567,0.0952,0.09523,8734073.0
1791137700000,0.09522,0.09552,0.0952,0.0955,4997046.0
1791138600000,0.0955,0.09571,0.09539,0.09551,4190980.0
1791139500000,0.09551,0.09551,0.09506,0.09511,8572389.0
1791140400000,0.09511,0.09551,0.09507,0.09539,7677351.0
1791141300000,0.09539,0.09571,0.09539,0.09546,3255914.0
1791142200000,0.09547,0.09578,0.09532,0.09551,9019136.0
1791143100000,0.09552,0.09557,0.09538,0.09543,7351163.0
1791144000000,0.09543,0.0955,0.09529,0.0954,4937060.0
1791144900000,0.0954,0.09562,0.09539,0.09553,3446668.0
1791145800000,0.09553,0.09575,0.09541,0.09546,10399788.0
1791146700000,0.09545,0.09588,0.09537,0.09586,11418725.0
1791147600000,0.09586,0.09668,0.09586,0.0965,18074897.0
1791148500000,0.09649,0.09703,0.09644,0.0968,30194963.0
1791149400000,0.09679,0.09732,0.09666,0.09699,15808120.0
1791150300000,0.09698,0.0976,0.0963,0.09636,17676774.0
1791151200000,0.09637,0.09712,0.09636,0.09672,11835809.0
1791152100000,0.09672,0.09708,0.09658,0.09661,13982425.0
1791153000000,0.09661,0.09689,0.0965,0.09668,7128356.0
1791153900000,0.09668,0.0967,0.0962,0.09636,10758888.0
1791154800000,0.09637,0.09648,0.09617,0.09645,11891861.0
1791155700000,0.09645,0.09654,0.09624,0.09627,7594437.0
1791156600000,0.09627,0.0963,0.09574,0.09588,20514655.0
1791157500000,0.09589,0.09593,0.09576,0.09591,3890129.0
1791158400000,0.09591,0.09591,0.09558,0.09585,5263004.0
1791159300000,0.09585,0.09602,0.09559,0.0956,7417845.0
1791160200000,0.09561,0.09619,0.09556,0.09614,3838736.0
1791161100000,0.09614,0.09643,0.0961,0.09638,8873028.0
1791162000000,0.09638,0.09672,0.09614,0.09672,8442906.0
1791162900000,0.09673,0.09696,0.09665,0.0967,8353456.0
1791163800000,0.09669,0.09669,0.09604,0.09616,4026952.0
1791164700000,0.09616,0.09635,0.09609,0.09616,5946280.0
1791165600000,0.09616,0.09669,0.09614,0.09666,3956782.0
1791166500000,0.09666,0.09684,0.09635,0.09635,7714665.0
1791167400000,0.09636,0.09661,0.09623,0.09651,6183255.0
1791168300000,0.09651,0.0966,0.0962,0.09622,3297416.0
1791169200000,0.09622,0.09627,0.0961,0.09626,6379449.0
1791170100000,0.09626,0.09631,0.09572,0.09631,16806667.0
1791171000000,0.0963,0.09649,0.09615,0.09626,9694207.0
1791171900000,0.09626,0.09628,0.09575,0.09589,10039465.0
1791172800000,0.0959,0.096,0.09566,0.0958,6713749.0
1791173700000,0.09581,0.09593,0.09539,0.09555,8668911.0
1791174600000,0.09555,0.09557,0.09475,0.09523,14387138.0
1791175500000,0.09523,0.09547,0.09501,0.09522,5997049.0
1791176400000,0.09521,0.09545,0.09515,0.09521,3793182.0
1791177300000,0.09521,0.09522,0.09497,0.09511,3007626.0
1791178200000,0.09511,0.09541,0.0949,0.09531,3575605.0
1791179100000,0.09531,0.09533,0.09519,0.0953,2183575.0
1791180000000,0.09531,0.09577,0.09531,0.09574,3513751.0
1791180900000,0.09574,0.09593,0.09572,0.09574,4842429.0
1791181800000,0.09574,0.09589,0.09552,0.09555,2936870.0
1791182700000,0.09554,0.09629,0.09552,0.09607,5417408.0
1791183600000,0.09607,0.09666,0.09599,0.09644,13283112.0
1791184500000,0.09644,0.09654,0.0963,0.09643,6029532.0
1791185400000,0.09643,0.09671,0.09636,0.09671,3247410.0
1791186300000,0.09671,0.09679,0.09649,0.09661,7369099.0
1791187200000,0.0966,0.09668,0.09644,0.09665,4037625.0
1791188100000,0.09665,0.09668,0.09628,0.09634,3102331.0
1791189000000,0.09634,0.09719,0.09632,0.09701,30681620.0
1791189900000,0.09701,0.09704,0.09666,0.09673,9047009.0
