open_time_ms,open,high,low,close,volume
1790889840000,2695.91,2695.92,2695.52,2695.74,66.6867
1790889900000,2695.74,2695.74,2695.19,2695.2,54.4869
1790889960000,2695.2,2695.74,2695.19,2695.74,105.6042
1790890020000,2695.73,2695.99,2695.13,2695.81,155.4717
1790890080000,2695.81,2695.81,2694.66,2694.67,89.5588
1790890140000,2694.67,2694.67,2693.49,2693.49,101.6176
1790890200000,2693.49,2693.5,2692.88,2692.98,161.4286
1790890260000,2692.98,2693.5,2692.93,2693.5,87.6866
1790890320000,2693.49,2695.39,2693.49,2695.27,119.8949
1790890380000,2695.27,2695.28,2693.86,2693.87,56.9781
1790890440000,2693.87,2693.87,2693.45,2693.45,44.6351
1790890500000,2693.46,2693.66,2693.45,2693.66,69.5764
1790890560000,2693.66,2693.66,2693.65,2693.66,39.2011
1790890620000,2693.66,2693.66,2692.28,2692.39,105.3353
1790890680000,2692.39,2692.39,2691.48,2691.88,114.4385
1790890740000,2691.88,2692.38,2690.72,2692.26,190.3409
1790890800000,2692.26,2692.26,2690.0,2690.73,135.3743
1790890860000,2690.73,2691.27,2690.45,2690.7,56.0116
1790890920000,2690.71,2690.71,2690.08,2690.09,52.0106
1790890980000,2690.09,2691.13,2689.47,2690.57,144.8157
1790891040000,2690.56,2690.57,2689.78,2690.0,65.4582
1790891100000,2690.01,2690.6,2690.0,2690.6,54.2197
1790891160000,2690.6,2692.07,2690.6,2692.07,44.1028
1790891220000,2692.08,2693.14,2692.08,2692.77,139.3594
1790891280000,2692.77,2692.99,2692.4,2692.41,80.1222
1790891340000,2692.41,2693.01,2691.88,2692.25,156.4153
1790891400000,2692.25,2692.66,2691.97,2692.66,116.043
1790891460000,2692.66,2692.66,2690.61,2690.66,66.6705
1790891520000,2690.67,2691.44,2690.65,2691.42,152.8799
1790891580000,2691.44,2692.27,2691.43,2692.27,77.8509
1790891640000,2692.28,2693.5,2692.28,2692.31,90.6194
1790891700000,2692.31,2692.73,2692.3,2692.73,79.0286
1790891760000,2692.72,2693.62,2692.72,2693.62,66.6247
1790891820000,2693.62,2693.62,2691.71,2692.64,137.6719
1790891880000,2692.64,2693.39,2692.63,2693.39,68.6132
1790891940000,2693.39,2694.33,2693.39,2693.45,109.0553
1790892000000,2693.44,2696.38,2692.88,2696.38,104.9821
1790892060000,2696.38,2698.49,2696.38,2698.49,160.2342
1790892120000,2698.49,2700.0,2698.48,2699.06,191.4385
1790892180000,2699.06,2700.0,2698.91,2698.97,79.3318
1790892240000,2698.97,2700.99,2697.42,2700.99,136.8003
1790892300000,2700.98,2701.77,2699.38,2699.39,96.4091
1790892360000,2699.38,2701.0,2699.14,2700.96,144.6443
1790892420000,2700.99,2701.99,2699.83,2699.83,100.9201
1790892480000,2699.82,2699.82,2698.24,2698.85,63.5482
1790892540000,2698.86,2699.24,2696.92,2697.24,106.0308
1790892600000,2697.24,2702.09,2697.24,2701.9,126.6572
1790892660000,2701.9,2701.9,2699.4,2699.4,134.8372
1790892720000,2699.4,2701.07,2699.22,2700.06,89.4029
1790892780000,2700.05,2700.32,2699.52,2700.22,54.9198
1790892840000,2700.22,2700.68,2699.8,2700.09,70.9331
1790892900000,2700.08,2700.08,2698.48,2698.96,63.1568
1790892960000,2698.96,2699.92,2698.91,2699.0,33.7152
1790893020000,2699.0,2701.18,2699.0,2700.96,80.9586
1790893080000,2700.96,2700.96,2699.52,2699.53,84.0436
1790893140000,2699.53,2700.41,2699.27,2699.86,75.6869
1790893200000,2699.85,2700.1,2698.84,2699.28,137.8288
1790893260000,2699.28,2701.54,2699.28,2701.54,88.1816
1790893320000,2701.54,2701.54,2701.17,2701.27,50.6885
1790893380000,2701.28,2701.28,2699.38,2700.19,84.6888
1790893440000,2700.19,2700.61,2700.18,2700.6,48.5167
1790893500000,2700.61,2700.92,2700.36,2700.78,90.0016
1790893560000,2700.78,2701.51,2700.77,2701.44,76.6125
1790893620000,2701.44,2701.44,2700.59,2700.95,63.8159
1790893680000,2700.94,2701.52,2700.94,2701.08,69.0479
1790893740000,2701.09,2701.09,2700.04,2700.04,69.6884
1790893800000,2700.04,2700.16,2699.21,2700.11,125.6402
1790893860000,2700.12,2700.75,2699.81,2700.75,48.5678
1790893920000,2700.74,2701.2,2700.59,2701.18,72.5133
1790893980000,2701.19,2701.19,2700.0,2700.19,87.0214
1790894040000,2700.19,2700.8,2700.19,2700.58,41.3277
1790894100000,2700.58,2702.67,2700.57,2702.67,106.4364
1790894160000,2702.66,2702.66,2701.59,2701.6,80.1491
1790894220000,2701.6,2702.76,2701.6,2702.76,52.4309
1790894280000,2702.75,2703.27,2702.59,2703.19,75.9776
1790894340000,2703.19,2703.19,2702.58,2702.59,64.6595
1790894400000,2702.59,2702.67,2702.35,2702.35,45.9994
1790894460000,2702.35,2702.76,2702.29,2702.76,54.943
1790894520000,2702.76,2702.96,2702.49,2702.77,68.9578
1790894580000,2702.76,2702.76,2701.72,2701.83,140.7852
1790894640000,2701.83,2701.95,2701.38,2701.38,102.9734
1790894700000,2701.38,2701.39,2700.28,2700.28,49.9834
1790894760000,2700.28,2700.6,2700.0,2700.0,91.4979
1790894820000,2700.01,2700.01,2699.65,2699.66,345.1841
1790894880000,2699.66,2699.99,2699.65,2699.79,65.447
1790894940000,2699.78,2699.78,2699.58,2699.59,51.0734
1790895000000,2699.59,2699.59,2698.78,2698.86,124.4271
1790895060000,2698.85,2698.86,2698.09,2698.24,32.7981
1790895120000,2698.24,2700.91,2698.24,2700.85,45.5738
1790895180000,2700.85,2702.52,2700.85,2702.51,49.1935
1790895240000,2702.51,2703.79,2702.51,2703.47,91.9202
1790895300000,2703.46,2703.81,2703.39,2703.39,33.079
1790895360000,2703.39,2704.08,2703.39,2703.4,82.271
1790895420000,2703.4,2703.4,2702.5,2702.88,15.1795
1790895480000,2702.88,2703.24,2702.87,2703.23,15.4092
1790895540000,2703.24,2703.47,2703.23,2703.23,17.6889
1790895600000,2703.23,2703.24,2701.47,2701.67,132.1533
1790895660000,2701.67,2702.26,2701.21,2702.26,56.224
1790895720000,2702.27,2702.74,2701.58,2702.74,44.6266
1790895780000,2702.74,2703.83,2702.73,2703.82,35.8008
1790895840000,2703.82,2704.08,2703.19,2703.19,75.0504
1790895900000,2703.19,2703.2,2701.3,2701.31,12.261
1790895960000,2701.3,2702.13,2701.3,2701.67,53.4237
1790896020000,2701.67,2702.07,2700.4,2700.4,29.5158
1790896080000,2700.4,2700.71,2699.93,2700.19,44.6035
1790896140000,2700.18,2700.34,2700.11,2700.34,4.9421
1790896200000,2700.35,2700.53,2700.04,2700.05,16.7602
1790896260000,2700.04,2700.05,2699.89,2700.04,9.8971
1790896320000,2700.04,2700.05,2699.88,2699.88,7.6943
1790896380000,2699.89,2699.89,2699.81,2699.81,1.3121
1790896440000,2699.82,2699.82,2699.71,2699.73,10.8603
1790896500000,2699.73,2699.74,2698.5,2698.5,18.9121
1790896560000,2698.5,2700.12,2698.5,2700.12,50.8785
1790896620000,2700.13,2701.31,2700.13,2701.07,36.1149
1790896680000,2701.07,2701.92,2701.07,2701.86,42.727
1790896740000,2701.86,2702.0,2701.74,2701.99,12.1825
1790896800000,2701.99,2702.0,2701.3,2701.74,52.1287
1790896860000,2701.74,2701.75,2701.48,2701.56,14.5703
1790896920000,2701.55,2702.0,2701.55,2702.0,12.8355
1790896980000,2702.0,2702.08,2702.0,2702.08,23.4258
1790897040000,2702.07,2702.4,2702.07,2702.07,39.5321
1790897100000,2702.07,2702.29,2702.07,2702.28,2.8343
1790897160000,2702.28,2702.29,2702.28,2702.29,3.0931
1790897220000,2702.29,2702.81,2702.28,2702.81,26.0363
1790897280000,2702.8,2703.7,2702.8,2703.5,33.6801
1790897340000,2703.5,2704.25,2703.5,2703.5,112.621
1790897400000,2703.5,2703.51,2702.26,2702.39,54.3619
1790897460000,2702.39,2704.27,2702.07,2704.27,93.319
1790897520000,2704.27,2705.0,2704.27,2704.55,92.7683
1790897580000,2704.55,2705.0,2704.54,2704.99,36.1338
1790897640000,2705.0,2706.3,2704.99,2706.02,136.6749
1790897700000,2706.02,2706.82,2706.02,2706.22,135.7228
1790897760000,2706.22,2706.56,2706.21,2706.56,21.2351
1790897820000,2706.56,2706.56,2705.24,2705.42,37.5995
1790897880000,2705.42,2707.22,2705.39,2707.04,56.1946
1790897940000,2707.03,2707.04,2707.03,2707.03,20.6471
1790898000000,2707.03,2707.03,2706.17,2706.34,56.5428
1790898060000,2706.35,2706.35,2705.01,2705.01,35.458
1790898120000,2705.02,2705.27,2705.01,2705.27,8.9616
1790898180000,2705.26,2705.98,2705.26,2705.98,12.9287
1790898240000,2705.98,2705.98,2705.27,2705.27,25.496
1790898300000,2705.26,2705.27,2704.18,2704.41,73.2649
1790898360000,2704.41,2704.41,2703.98,2704.22,17.5257
1790898420000,2704.22,2704.23,2703.99,2703.99,13.5795
1790898480000,2703.99,2704.0,2703.9,2703.9,7.5165
1790898540000,2703.9,2705.41,2703.78,2705.13,110.1099
1790898600000,2705.12,2705.83,2704.97,2705.49,30.2042
1790898660000,2705.48,2705.87,2704.32,2705.86,29.2661
1790898720000,2705.87,2705.87,2704.87,2704.87,40.8422
1790898780000,2704.88,2706.88,2704.88,2706.67,83.1196
1790898840000,2706.67,2706.67,2705.54,2705.71,54.4099
1790898900000,2705.72,2705.72,2705.7,2705.71,10.4572
1790898960000,2705.7,2705.72,2705.7,2705.71,51.0284
1790899020000,2705.71,2706.51,2705.71,2706.24,206.183
1790899080000,2706.25,2706.96,2706.25,2706.8,38.1487
1790899140000,2706.8,2707.0,2706.42,2706.42,42.2198
1790899200000,2706.43,2706.43,2704.64,2704.94,35.6835
1790899260000,2704.97,2705.39,2704.52,2704.65,62.6257
1790899320000,2704.66,2704.77,2703.95,2704.24,160.7684
1790899380000,2704.24,2704.24,2703.25,2703.45,41.2684
1790899440000,2703.46,2703.46,2703.0,2703.0,32.972
1790899500000,2703.01,2705.3,2703.01,2705.3,93.6256
1790899560000,2705.3,2705.3,2704.54,2704.55,20.6805
1790899620000,2704.54,2705.39,2704.54,2704.54,94.8566
1790899680000,2704.54,2704.66,2703.34,2703.44,98.2405
1790899740000,2703.44,2704.1,2703.44,2703.95,19.3172
1790899800000,2703.96,2705.49,2703.94,2705.31,40.29
1790899860000,2705.32,2705.38,2704.47,2704.47,32.748
1790899920000,2704.48,2705.1,2704.47,2705.1,31.2309
1790899980000,2705.1,2707.08,2705.09,2706.42,132.2736
1790900040000,2706.42,2707.1,2706.02,2706.02,68.8227
1790900100000,2706.01,2709.4,2705.07,2709.1,277.0516
1790900160000,2709.1,2709.11,2704.68,2705.41,86.1829
1790900220000,2705.41,2707.68,2705.41,2706.83,46.474
1790900280000,2706.83,2708.08,2706.59,2708.07,45.2636
1790900340000,2708.06,2708.07,2707.89,2707.89,18.27
1790900400000,2707.9,2708.66,2707.89,2708.56,76.7711
1790900460000,2708.56,2708.78,2707.0,2707.0,58.9123
1790900520000,2707.0,2707.22,2706.17,2706.61,55.2358
1790900580000,2706.62,2708.6,2706.61,2708.42,47.0257
1790900640000,2708.42,2708.83,2708.31,2708.44,49.7669
1790900700000,2708.43,2708.43,2707.28,2707.58,38.455
1790900760000,2707.57,2707.89,2706.53,2706.76,31.7739
1790900820000,2706.77,2707.05,2705.36,2705.86,34.9498
1790900880000,2705.86,2707.1,2705.86,2706.16,62.4777
1790900940000,2706.15,2706.15,2705.79,2705.98,29.9391
1790901000000,2705.97,2705.98,2702.99,2703.0,95.7656
1790901060000,2703.0,2704.38,2702.99,2703.18,66.999
1790901120000,2703.18,2703.92,2702.76,2703.8,167.8366
1790901180000,2703.8,2703.8,2702.83,2702.83,30.1337
1790901240000,2702.83,2703.41,2702.48,2702.86,50.8438
1790901300000,2702.85,2703.41,2702.85,2703.41,15.1148
1790901360000,2703.41,2704.91,2703.41,2704.03,162.9247
1790901420000,2704.02,2704.02,2702.63,2702.76,54.3796
1790901480000,2702.76,2702.77,2701.35,2701.36,29.6921
1790901540000,2701.36,2703.29,2701.36,2702.85,53.0031
1790901600000,2702.84,2705.49,2702.49,2704.96,98.3818
1790901660000,2704.95,2705.85,2704.54,2704.72,107.1491
1790901720000,2704.71,2705.26,2704.71,2704.95,35.455
1790901780000,2704.95,2706.49,2704.95,2706.49,27.2823
1790901840000,2706.48,2706.59,2705.61,2705.65,117.8373
1790901900000,2705.65,2705.97,2704.17,2704.17,85.1535
1790901960000,2704.17,2704.9,2703.65,2704.9,28.1349
1790902020000,2704.9,2705.63,2704.39,2705.26,35.0968
1790902080000,2705.27,2706.37,2705.27,2706.25,60.001
1790902140000,2706.24,2706.61,2705.81,2706.48,18.4948
1790902200000,2706.47,2706.5,2706.03,2706.04,76.4425
1790902260000,2706.05,2707.0,2706.04,2706.99,79.4541
1790902320000,2706.99,2707.0,2706.58,2707.0,71.9747
1790902380000,2706.99,2708.44,2706.99,2708.43,71.946
1790902440000,2708.43,2708.44,2707.84,2708.06,27.7485
1790902500000,2708.07,2708.74,2707.19,2707.2,35.8175
1790902560000,2707.19,2707.2,2705.81,2706.57,32.4519
1790902620000,2706.57,2708.96,2706.34,2708.96,112.2474
1790902680000,2708.95,2708.96,2707.73,2708.71,58.9554
1790902740000,2708.7,2708.7,2707.59,2708.38,38.0828
1790902800000,2708.37,2708.71,2707.06,2707.06,38.4255
1790902860000,2707.06,2707.3,2706.69,2706.84,140.1861
1790902920000,2706.85,2707.5,2706.58,2706.87,57.4742
1790902980000,2706.87,2706.87,2705.51,2705.51,72.0844
1790903040000,2705.51,2705.86,2705.41,2705.42,39.3267
1790903100000,2705.41,2706.41,2705.38,2706.32,51.764
1790903160000,2706.32,2706.32,2705.39,2705.57,72.7771
1790903220000,2705.56,2705.86,2705.56,2705.69,63.6246
1790903280000,2705.69,2707.61,2705.68,2706.85,108.2823
1790903340000,2706.84,2706.85,2705.25,2705.26,27.7921
1790903400000,2705.25,2705.26,2703.82,2704.1,33.4926
1790903460000,2704.1,2704.51,2703.98,2704.51,11.0286
1790903520000,2704.51,2704.98,2703.67,2703.67,18.4272
1790903580000,2703.66,2703.66,2703.12,2703.13,20.7309
1790903640000,2703.13,2703.77,2703.12,2703.51,19.5233
1790903700000,2703.51,2704.06,2703.33,2704.01,14.9351
1790903760000,2704.0,2705.46,2703.46,2705.45,15.0555
1790903820000,2705.46,2706.43,2704.89,2704.89,52.0692
1790903880000,2704.89,2704.89,2704.12,2704.3,30.3126
1790903940000,2704.29,2704.3,2703.09,2703.12,24.6518
1790904000000,2703.13,2703.13,2699.29,2700.05,151.0608
1790904060000,2700.05,2700.06,2697.93,2697.98,232.6279
1790904120000,2697.96,2699.35,2696.56,2699.34,154.3587
1790904180000,2699.34,2700.62,2699.34,2699.47,48.3035
1790904240000,2699.47,2701.73,2698.78,2701.41,29.2837
1790904300000,2701.42,2702.23,2700.28,2700.44,33.9212
1790904360000,2700.44,2700.66,2698.75,2700.53,354.7738
1790904420000,2700.54,2701.2,2699.56,2699.66,44.0488
1790904480000,2699.65,2700.29,2699.56,2699.79,27.854
1790904540000,2699.8,2701.5,2699.8,2701.34,42.4279
1790904600000,2701.34,2702.05,2700.82,2701.33,154.4584
1790904660000,2701.34,2701.96,2700.55,2701.94,27.289
1790904720000,2701.93,2702.23,2701.25,2701.26,12.1467
1790904780000,2701.26,2702.77,2701.26,2702.77,48.2387
1790904840000,2702.76,2703.46,2700.52,2700.82,33.8321
1790904900000,2700.81,2701.61,2700.45,2700.74,24.7152
1790904960000,2700.74,2701.57,2700.69,2700.69,18.6506
1790905020000,2700.69,2702.09,2700.69,2700.7,60.8411
1790905080000,2700.69,2701.2,2700.69,2701.2,9.032
1790905140000,2701.2,2701.2,2700.7,2701.0,23.6005
1790905200000,2701.0,2701.54,2700.93,2701.31,18.0715
1790905260000,2701.31,2701.31,2700.47,2700.76,28.4334
1790905320000,2700.75,2701.0,2700.27,2700.34,31.5116
1790905380000,2700.33,2700.58,2700.33,2700.57,10.9025
1790905440000,2700.57,2700.69,2700.24,2700.68,11.3911
1790905500000,2700.69,2701.24,2700.45,2700.71,16.9272
1790905560000,2700.71,2702.0,2700.71,2701.99,35.3124
1790905620000,2702.0,2702.89,2701.66,2702.89,91.57
1790905680000,2702.89,2704.01,2702.89,2703.42,90.9278
1790905740000,2703.42,2703.69,2703.31,2703.36,32.3264
1790905800000,2703.35,2706.0,2703.19,2706.0,114.9913
1790905860000,2706.0,2712.0,2706.0,2711.43,497.234
1790905920000,2711.43,2714.0,2711.0,2713.05,444.6344
1790905980000,2713.06,2719.09,2713.06,2718.22,1136.8899
1790906040000,2718.22,2718.22,2713.13,2713.62,282.7218
1790906100000,2713.63,2717.13,2712.94,2716.82,126.7557
1790906160000,2716.81,2718.51,2715.36,2715.36,168.1826
1790906220000,2715.35,2716.25,2714.97,2716.19,141.2874
1790906280000,2716.2,2717.0,2715.86,2716.92,87.7392
1790906340000,2716.92,2716.99,2715.35,2716.03,79.5231
1790906400000,2716.03,2716.75,2714.17,2715.5,73.2537
1790906460000,2715.5,2716.75,2715.0,2715.0,101.4356
1790906520000,2715.0,2716.26,2714.99,2715.72,51.9477
1790906580000,2715.71,2716.38,2713.88,2713.96,141.4984
1790906640000,2713.96,2716.68,2713.52,2716.68,165.7169
1790906700000,2716.68,2718.85,2715.44,2717.58,355.1222
1790906760000,2717.57,2717.95,2717.07,2717.15,66.6109
1790906820000,2717.14,2717.37,2716.13,2716.37,57.454
1790906880000,2716.37,2719.48,2716.37,2719.23,360.8901
1790906940000,2719.21,2720.6,2718.22,2720.04,675.1776
1790907000000,2720.05,2720.9,2719.52,2719.53,172.7831
1790907060000,2719.52,2719.53,2716.29,2716.46,218.3514
1790907120000,2716.45,2717.82,2716.2,2717.82,74.2928
1790907180000,2717.83,2719.75,2717.83,2719.75,105.9934
1790907240000,2719.75,2720.56,2719.4,2719.4,94.6104
1790907300000,2719.41,2720.0,2718.75,2720.0,99.5716
1790907360000,2720.0,2720.32,2719.39,2719.75,114.5383
1790907420000,2719.74,2719.75,2717.48,2717.48,139.5571
1790907480000,2717.49,2717.49,2715.18,2715.19,121.2192
1790907540000,2715.18,2717.6,2715.18,2716.15,274.7216
1790907600000,2716.15,2716.23,2715.14,2715.15,54.5387
1790907660000,2715.15,2715.79,2712.62,2712.75,496.9088
1790907720000,2712.74,2712.74,2711.4,2711.82,178.7568
1790907780000,2711.82,2714.57,2710.97,2714.35,280.6589
1790907840000,2714.35,2714.35,2710.54,2710.54,94.9457
1790907900000,2710.54,2711.83,2710.2,2711.17,107.7034
1790907960000,2711.17,2712.71,2711.11,2712.25,89.9058
1790908020000,2712.26,2712.92,2711.44,2711.78,64.874
1790908080000,2711.79,2712.67,2711.36,2711.81,44.4074
1790908140000,2711.8,2712.09,2710.91,2711.52,76.8369
1790908200000,2711.51,2712.4,2710.29,2710.29,174.5904
1790908260000,2710.29,2711.41,2709.4,2710.01,118.1701
1790908320000,2709.98,2709.99,2709.4,2709.99,105.4498
1790908380000,2710.0,2711.96,2710.0,2711.8,156.6672
1790908440000,2711.77,2712.28,2709.85,2709.85,80.0769
1790908500000,2709.84,2711.39,2709.6,2710.99,79.959
1790908560000,2710.98,2711.17,2710.27,2710.66,55.2597
1790908620000,2710.67,2711.41,2710.09,2710.54,86.3925
1790908680000,2710.53,2710.7,2709.88,2709.88,100.9258
1790908740000,2709.89,2709.89,2709.5,2709.5,70.3686
1790908800000,2709.5,2709.51,2708.95,2708.96,36.4645
1790908860000,2708.96,2709.89,2708.96,2709.89,96.6519
1790908920000,2709.89,2710.42,2709.88,2710.42,103.0441
1790908980000,2710.42,2712.22,2710.41,2712.21,87.1042
1790909040000,2712.21,2712.56,2712.21,2712.56,49.7127
1790909100000,2712.56,2713.5,2712.55,2713.22,99.2529
1790909160000,2713.22,2714.02,2713.11,2713.79,166.0887
1790909220000,2713.79,2715.76,2713.78,2715.66,110.4585
1790909280000,2715.66,2715.67,2715.04,2715.05,68.5184
1790909340000,2715.05,2720.0,2715.05,2719.88,430.5471
1790909400000,2719.89,2723.0,2719.58,2721.88,2071.2062
1790909460000,2721.87,2722.51,2717.97,2718.0,227.4661
1790909520000,2718.0,2719.81,2717.54,2718.84,143.7252
1790909580000,2718.84,2718.84,2717.53,2718.37,114.0132
1790909640000,2718.36,2719.74,2718.36,2719.74,111.3231
1790909700000,2719.75,2721.59,2719.75,2721.59,153.6721
1790909760000,2721.59,2722.21,2720.81,2721.34,140.9685
1790909820000,2721.34,2721.55,2720.55,2720.76,69.7908
1790909880000,2720.76,2721.3,2720.36,2720.37,129.9091
1790909940000,2720.37,2721.05,2720.37,2721.04,89.9272
1790910000000,2721.05,2722.83,2721.05,2722.61,185.192
1790910060000,2722.61,2725.0,2721.22,2724.96,4198.0209
1790910120000,2724.96,2728.0,2722.92,2724.75,2539.4215
1790910180000,2724.74,2726.28,2723.21,2723.41,316.7905
1790910240000,2723.42,2724.0,2720.14,2723.63,344.8023
1790910300000,2723.63,2725.0,2722.72,2722.72,416.0153
1790910360000,2722.71,2722.71,2719.21,2719.48,175.4689
1790910420000,2719.48,2719.78,2719.17,2719.32,68.2592
1790910480000,2719.31,2719.31,2717.55,2717.69,220.5866
1790910540000,2717.69,2718.81,2717.03,2717.03,136.6983
1790910600000,2717.02,2718.89,2716.55,2718.61,183.8849
1790910660000,2718.61,2719.42,2718.61,2718.77,101.8041
1790910720000,2718.78,2718.78,2717.24,2717.34,547.6205
1790910780000,2717.34,2721.85,2717.34,2721.44,375.0341
1790910840000,2721.44,2721.44,2718.22,2718.22,91.6187
1790910900000,2718.22,2719.19,2718.13,2718.71,114.0221
1790910960000,2718.71,2718.72,2716.77,2717.72,299.8718
1790911020000,2717.72,2717.72,2715.39,2716.09,333.7807
1790911080000,2716.08,2716.15,2715.15,2715.51,194.7694
1790911140000,2715.52,2715.52,2715.14,2715.16,79.0865
1790911200000,2715.17,2715.24,2714.67,2715.13,118.3728
1790911260000,2715.13,2716.82,2715.12,2716.32,172.9661
1790911320000,2716.32,2716.81,2715.71,2716.17,114.8297
1790911380000,2716.17,2716.18,2715.13,2715.13,92.053
1790911440000,2715.14,2715.44,2714.74,2715.3,261.1668
1790911500000,2715.3,2715.3,2714.6,2714.61,103.8051
1790911560000,2714.61,2715.65,2714.61,2714.78,154.6472
1790911620000,2714.77,2715.12,2714.69,2715.12,91.7242
1790911680000,2715.11,2715.31,2715.11,2715.19,61.3797
1790911740000,2715.19,2715.46,2715.18,2715.19,101.3666
1790911800000,2715.19,2716.35,2715.11,2716.35,224.4316
1790911860000,2716.35,2719.28,2716.35,2719.27,493.5946
1790911920000,2719.27,2720.63,2717.62,2719.75,194.821
1790911980000,2719.75,2721.04,2718.63,2719.4,148.1093
1790912040000,2719.4,2719.95,2718.61,2719.0,155.8324
1790912100000,2719.0,2721.04,2718.33,2720.65,161.6021
1790912160000,2720.64,2720.77,2716.99,2717.0,71.0556
1790912220000,2717.0,2717.0,2715.23,2716.58,138.7156
1790912280000,2716.59,2717.59,2716.54,2717.21,165.2374
1790912340000,2717.2,2718.49,2717.18,2718.45,164.6334
1790912400000,2718.44,2718.72,2718.06,2718.72,86.1309
1790912460000,2718.71,2718.72,2717.88,2717.96,60.5222
1790912520000,2717.97,2718.85,2717.96,2718.32,131.0639
1790912580000,2718.32,2719.0,2718.31,2718.83,83.1052
1790912640000,2718.83,2719.34,2718.57,2718.9,91.5414
1790912700000,2718.9,2719.8,2718.33,2718.33,163.4959
1790912760000,2718.33,2718.87,2717.56,2717.57,163.36
1790912820000,2717.56,2718.67,2717.38,2718.0,135.9251
1790912880000,2718.01,2718.25,2717.31,2717.32,86.454
1790912940000,2717.31,2717.32,2716.18,2716.46,121.2222
1790913000000,2716.46,2717.26,2716.45,2716.58,90.6092
1790913060000,2716.57,2716.58,2715.56,2715.56,127.4397
1790913120000,2715.55,2716.0,2715.55,2716.0,24.9602
1790913180000,2716.0,2718.85,2715.95,2718.85,109.3039
1790913240000,2718.85,2719.55,2718.36,2718.54,246.955
1790913300000,2718.54,2720.0,2718.54,2719.9,187.35
1790913360000,2719.89,2720.75,2718.09,2720.71,246.7014
1790913420000,2720.71,2720.71,2719.0,2720.18,204.3495
1790913480000,2720.17,2720.27,2719.83,2720.0,77.6066
1790913540000,2719.99,2720.22,2719.54,2719.65,82.6167
1790913600000,2719.65,2720.2,2718.5,2719.66,264.3097
1790913660000,2719.65,2721.04,2719.65,2721.04,158.3325
1790913720000,2721.04,2721.25,2718.76,2720.61,173.7121
1790913780000,2720.61,2720.61,2719.23,2719.23,166.1986
1790913840000,2719.24,2719.95,2719.0,2719.23,89.2069
1790913900000,2719.24,2719.29,2717.86,2717.93,150.8948
1790913960000,2717.92,2718.01,2715.14,2715.15,158.5126
1790914020000,2715.15,2716.72,2715.15,2715.95,68.7009
1790914080000,2715.94,2716.09,2715.75,2716.04,56.3136
1790914140000,2716.05,2716.63,2715.99,2716.63,99.1631
1790914200000,2716.62,2716.79,2716.0,2716.23,84.3027
1790914260000,2716.22,2716.23,2715.65,2715.68,93.2004
1790914320000,2715.67,2715.84,2715.14,2715.74,112.0857
1790914380000,2715.73,2715.74,2715.0,2715.08,69.3974
1790914440000,2715.08,2715.16,2714.39,2714.78,174.1319
1790914500000,2714.78,2716.67,2714.77,2716.67,97.0278
1790914560000,2716.67,2718.5,2716.67,2718.28,105.8816
1790914620000,2718.27,2718.65,2716.34,2716.47,222.9963
1790914680000,2716.46,2717.93,2716.37,2717.9,87.6967
1790914740000,2717.9,2725.56,2717.9,2722.83,587.0348
1790914800000,2722.76,2738.27,2722.29,2736.49,3074.2826
1790914860000,2736.37,2740.0,2734.92,2736.31,1645.0537
1790914920000,2736.31,2738.25,2730.0,2730.98,738.9503
1790914980000,2730.98,2736.17,2730.42,2735.6,724.7964
1790915040000,2735.61,2736.0,2733.12,2734.12,340.1533
1790915100000,2734.13,2739.95,2734.13,2738.77,584.1663
1790915160000,2738.77,2744.0,2736.83,2742.39,2140.381
1790915220000,2742.35,2743.03,2740.29,2742.89,863.9602
1790915280000,2742.9,2745.0,2741.97,2742.4,894.6266
1790915340000,2742.4,2745.5,2742.22,2745.1,924.0252
1790915400000,2745.11,2748.0,2743.04,2743.61,1346.5175
1790915460000,2743.61,2745.69,2741.04,2741.19,533.4785
1790915520000,2741.2,2741.41,2738.17,2738.4,433.0273
1790915580000,2738.4,2738.72,2736.43,2736.73,560.2235
1790915640000,2736.73,2738.26,2736.55,2737.74,373.4728
1790915700000,2737.75,2737.86,2736.96,2737.13,265.4463
1790915760000,2737.14,2737.14,2735.46,2736.27,247.9019
1790915820000,2736.26,2740.0,2736.14,2737.68,315.2786
1790915880000,2737.69,2738.58,2737.22,2738.1,184.835
1790915940000,2738.11,2740.0,2738.11,2740.0,251.6371
1790916000000,2740.0,2744.03,2739.15,2739.15,451.3652
1790916060000,2739.15,2741.16,2738.38,2739.51,290.6302
1790916120000,2739.5,2740.42,2739.39,2739.97,170.2778
1790916180000,2739.97,2741.22,2739.76,2740.57,331.1287
1790916240000,2740.58,2741.47,2740.11,2740.61,362.2906
1790916300000,2740.62,2740.62,2738.06,2738.07,225.0699
1790916360000,2738.07,2741.31,2738.06,2741.1,259.8732
1790916420000,2741.1,2743.06,2739.3,2743.06,372.4304
1790916480000,2743.05,2744.03,2742.27,2743.52,421.5157
1790916540000,2743.53,2746.58,2743.52,2743.82,809.0214
1790916600000,2743.81,2746.99,2743.63,2745.78,327.3199
1790916660000,2745.79,2747.32,2744.71,2745.42,524.785
1790916720000,2745.41,2746.06,2744.2,2744.89,144.7815
1790916780000,2744.89,2745.55,2741.58,2742.48,278.2328
1790916840000,2742.47,2742.72,2740.3,2740.64,184.8646
1790916900000,2740.64,2743.66,2740.55,2743.37,159.0367
1790916960000,2743.37,2743.62,2741.99,2742.01,171.8078
1790917020000,2742.01,2742.44,2741.17,2742.38,173.9515
1790917080000,2742.37,2743.0,2739.74,2740.58,2893.701
1790917140000,2740.59,2743.0,2740.59,2742.76,248.6933
1790917200000,2742.76,2742.76,2740.36,2740.81,433.2756
1790917260000,2740.82,2741.94,2740.82,2741.15,602.6585
1790917320000,2741.15,2741.15,2738.82,2739.03,239.482
1790917380000,2739.03,2739.81,2737.99,2739.59,513.3082
1790917440000,2739.59,2739.59,2737.15,2737.31,234.5996
1790917500000,2737.31,2737.32,2734.0,2734.01,661.1677
1790917560000,2734.0,2734.94,2733.54,2734.39,326.2846
1790917620000,2734.39,2735.21,2733.49,2733.68,442.5218
1790917680000,2733.68,2735.84,2733.68,2735.36,297.9586
1790917740000,2735.36,2735.36,2731.71,2731.74,372.5894
1790917800000,2731.75,2735.0,2731.21,2732.0,298.7795
1790917860000,2731.99,2735.44,2731.38,2734.92,324.0872
1790917920000,2734.93,2735.89,2733.88,2735.26,2036.9947
1790917980000,2735.26,2735.78,2733.91,2734.83,1836.5465
1790918040000,2734.82,2735.38,2734.81,2735.35,99.6392
1790918100000,2735.34,2735.86,2735.08,2735.37,81.1254
1790918160000,2735.37,2735.88,2732.41,2732.69,226.6155
1790918220000,2732.68,2733.47,2731.15,2732.99,148.3387
1790918280000,2733.0,2734.63,2732.99,2733.48,149.3815
1790918340000,2733.49,2733.92,2730.6,2732.23,216.506
1790918400000,2732.23,2733.19,2731.47,2731.48,277.2013
1790918460000,2731.47,2731.47,2729.52,2729.99,120.0313
1790918520000,2730.0,2731.36,2729.99,2731.1,210.5152
1790918580000,2731.09,2731.35,2730.16,2730.16,240.6354
1790918640000,2730.16,2730.16,2727.88,2727.88,152.0172
1790918700000,2727.88,2728.16,2726.24,2726.25,204.3801
1790918760000,2726.24,2727.38,2725.01,2726.63,207.8409
1790918820000,2726.64,2727.8,2726.64,2727.24,120.6509
1790918880000,2727.25,2728.86,2726.44,2727.26,399.8491
1790918940000,2727.26,2730.86,2726.77,2728.25,1242.1551
1790919000000,2728.24,2729.03,2726.19,2726.76,291.8557
1790919060000,2726.75,2729.17,2726.46,2729.16,454.1614
1790919120000,2729.16,2729.17,2728.22,2728.62,185.3423
1790919180000,2728.62,2728.63,2726.06,2726.56,179.6507
1790919240000,2726.56,2727.43,2726.19,2726.52,124.3799
1790919300000,2726.52,2726.52,2725.43,2725.97,156.9964
1790919360000,2725.98,2725.98,2723.6,2723.61,273.5127
1790919420000,2723.61,2723.62,2721.19,2722.39,459.0463
1790919480000,2722.39,2722.76,2717.53,2717.53,292.6795
1790919540000,2717.53,2719.0,2713.5,2713.62,498.5506
1790919600000,2713.62,2716.51,2712.57,2714.71,393.8949
1790919660000,2714.72,2717.72,2714.72,2716.98,279.3197
1790919720000,2716.98,2719.55,2716.79,2719.55,415.1092
1790919780000,2719.55,2720.8,2719.04,2719.78,240.6556
1790919840000,2719.78,2720.74,2719.78,2719.91,66.8722
1790919900000,2719.97,2720.72,2718.56,2718.63,115.767
1790919960000,2718.63,2719.43,2718.4,2719.43,47.2782
1790920020000,2719.43,2719.43,2717.33,2718.24,224.292
1790920080000,2718.25,2720.47,2718.24,2720.23,91.1145
1790920140000,2720.23,2720.23,2720.01,2720.01,106.0684
1790920200000,2720.01,2720.6,2720.0,2720.17,47.0386
1790920260000,2720.17,2721.19,2720.04,2721.18,161.4965
1790920320000,2721.19,2721.2,2718.87,2719.26,241.9542
1790920380000,2719.26,2719.26,2716.0,2718.21,1057.8571
1790920440000,2718.21,2718.21,2716.94,2717.49,262.2653
1790920500000,2717.49,2719.28,2717.48,2718.36,67.6348
1790920560000,2718.37,2718.69,2718.31,2718.38,71.3813
1790920620000,2718.39,2719.17,2717.97,2719.17,83.4811
1790920680000,2719.17,2720.23,2718.93,2720.23,27.0983
1790920740000,2720.22,2721.03,2720.22,2720.65,90.6741
1790920800000,2720.65,2721.89,2720.0,2721.27,139.1782
1790920860000,2721.27,2724.67,2721.27,2724.67,227.612
1790920920000,2724.67,2724.87,2723.9,2724.69,184.0285
1790920980000,2724.68,2726.3,2724.26,2724.99,173.3702
1790921040000,2724.99,2725.52,2724.29,2724.75,160.9057
1790921100000,2724.75,2725.84,2724.1,2724.18,297.0272
1790921160000,2724.18,2725.79,2723.54,2723.81,3288.5047
1790921220000,2723.81,2724.01,2722.9,2723.66,200.5345
1790921280000,2723.65,2723.66,2722.14,2722.2,240.2802
1790921340000,2722.19,2723.75,2722.19,2723.37,79.7174
1790921400000,2723.38,2726.51,2722.92,2726.5,106.7168
1790921460000,2726.5,2728.43,2726.5,2727.21,219.025
1790921520000,2727.21,2727.88,2725.84,2726.39,61.6458
1790921580000,2726.39,2726.77,2726.02,2726.76,68.7517
1790921640000,2726.77,2726.77,2724.61,2724.61,77.4667
1790921700000,2724.62,2727.0,2724.62,2727.0,53.0198
1790921760000,2726.99,2727.66,2725.63,2725.63,99.4538
1790921820000,2725.62,2726.38,2724.3,2726.12,98.0809
1790921880000,2726.13,2726.6,2725.61,2725.61,36.4286
1790921940000,2725.58,2725.59,2724.07,2724.85,162.0539
1790922000000,2724.86,2726.52,2724.86,2726.52,177.286
1790922060000,2726.52,2729.52,2726.52,2728.85,270.0541
1790922120000,2728.86,2730.41,2728.1,2728.47,123.2143
1790922180000,2728.47,2728.94,2728.1,2728.93,97.4651
1790922240000,2728.92,2728.94,2728.13,2728.83,53.8638
1790922300000,2728.83,2729.55,2728.83,2729.15,79.6623
1790922360000,2729.16,2729.49,2728.14,2729.49,129.9592
1790922420000,2729.5,2729.81,2728.78,2729.81,122.1704
1790922480000,2729.81,2730.89,2729.57,2730.3,169.6677
1790922540000,2730.29,2730.3,2729.54,2730.0,85.8625
1790922600000,2729.99,2730.31,2729.05,2729.36,160.0959
1790922660000,2729.36,2729.95,2728.6,2729.94,50.2821
1790922720000,2729.94,2733.0,2729.93,2732.51,202.9528
1790922780000,2732.51,2732.99,2732.44,2732.99,75.4819
1790922840000,2733.0,2733.42,2731.15,2731.6,141.8768
1790922900000,2731.59,2732.18,2728.23,2728.66,157.0036
1790922960000,2728.66,2729.79,2728.27,2729.42,78.6025
1790923020000,2729.42,2730.56,2729.41,2729.9,101.7071
1790923080000,2729.9,2731.09,2729.15,2729.85,143.3803
1790923140000,2729.84,2731.92,2729.84,2731.92,125.5308
1790923200000,2731.92,2732.99,2731.25,2731.26,143.0187
1790923260000,2731.25,2732.32,2729.71,2731.46,397.7098
1790923320000,2731.45,2731.71,2730.12,2730.41,134.3252
1790923380000,2730.4,2730.55,2729.74,2730.55,104.7441
1790923440000,2730.54,2731.11,2730.3,2730.95,49.4754
1790923500000,2730.95,2730.96,2729.23,2729.55,153.1186
1790923560000,2729.55,2730.36,2729.46,2730.35,107.2667
1790923620000,2730.36,2730.71,2729.97,2729.97,51.376
1790923680000,2729.97,2730.59,2729.78,2730.42,84.1457
1790923740000,2730.42,2732.06,2730.41,2731.53,187.7438
1790923800000,2731.54,2732.95,2731.45,2732.83,112.656
1790923860000,2732.84,2733.32,2731.56,2731.57,113.3691
1790923920000,2731.56,2731.56,2729.13,2730.27,142.6809
1790923980000,2730.27,2731.07,2729.88,2730.78,99.2751
1790924040000,2730.78,2732.43,2730.46,2732.42,109.1815
1790924100000,2732.43,2733.45,2732.43,2732.69,209.7107
1790924160000,2732.69,2732.95,2730.49,2730.49,124.1255
1790924220000,2730.49,2730.75,2729.48,2729.53,195.5938
1790924280000,2729.53,2730.19,2728.06,2729.97,434.819
1790924340000,2729.97,2729.97,2728.6,2729.42,93.4192
1790924400000,2729.42,2729.42,2726.57,2726.57,153.8711
1790924460000,2726.57,2729.94,2726.56,2729.3,337.3561
1790924520000,2729.29,2729.29,2725.42,2726.57,101.7516
1790924580000,2726.57,2728.97,2725.2,2728.59,133.9258
1790924640000,2728.59,2729.43,2726.39,2726.4,133.9739
1790924700000,2726.39,2728.91,2726.04,2728.79,120.5898
1790924760000,2728.79,2731.44,2728.12,2731.44,124.982
1790924820000,2731.44,2731.52,2729.05,2729.42,372.1448
1790924880000,2729.43,2729.93,2729.08,2729.51,90.2318
1790924940000,2729.52,2729.93,2728.88,2729.68,94.5711
1790925000000,2729.67,2730.44,2729.31,2730.44,57.0018
1790925060000,2730.43,2730.9,2729.63,2730.89,220.8013
1790925120000,2730.89,2731.11,2729.8,2729.96,145.2539
1790925180000,2729.96,2731.72,2729.96,2731.42,117.6006
1790925240000,2731.43,2731.71,2731.3,2731.31,42.2064
1790925300000,2731.3,2731.31,2729.65,2730.65,139.2643
1790925360000,2730.64,2730.65,2727.28,2727.28,88.3148
1790925420000,2727.28,2727.78,2726.63,2727.48,92.7654
1790925480000,2727.47,2728.94,2727.16,2728.62,455.8701
1790925540000,2728.62,2728.8,2727.97,2727.97,15.9418
1790925600000,2727.97,2727.97,2726.75,2726.75,44.2246
1790925660000,2726.74,2727.54,2726.21,2727.53,207.0652
1790925720000,2727.53,2729.11,2727.53,2728.74,92.3156
1790925780000,2728.73,2728.74,2727.03,2727.05,431.8236
1790925840000,2727.05,2728.04,2727.01,2727.13,58.8533
1790925900000,2727.13,2728.21,2727.13,2727.96,81.2578
1790925960000,2727.95,2727.96,2727.02,2727.92,88.2081
1790926020000,2727.91,2729.14,2726.9,2727.77,498.7503
1790926080000,2727.77,2727.99,2727.45,2727.45,69.7913
1790926140000,2727.46,2727.98,2727.27,2727.27,168.5782
1790926200000,2727.27,2727.27,2723.69,2723.69,452.9509
1790926260000,2723.7,2725.7,2723.69,2725.22,405.5154
1790926320000,2725.22,2726.53,2725.11,2725.33,319.5204
1790926380000,2725.34,2725.98,2724.82,2724.82,323.3934
1790926440000,2724.83,2725.73,2724.83,2725.04,345.6922
1790926500000,2725.05,2725.74,2724.57,2724.88,539.955
1790926560000,2724.89,2725.43,2724.5,2725.34,357.1673
1790926620000,2725.35,2726.21,2724.45,2724.46,462.5057
1790926680000,2724.46,2725.03,2724.2,2724.86,356.042
1790926740000,2724.86,2725.18,2724.56,2724.66,281.1157
1790926800000,2724.66,2725.71,2724.53,2724.94,397.0195
1790926860000,2724.94,2726.5,2724.93,2726.45,367.9553
1790926920000,2726.45,2727.0,2726.44,2727.0,302.4271
1790926980000,2727.0,2727.0,2726.26,2726.65,281.4444
1790927040000,2726.65,2727.41,2725.89,2726.08,367.1797
1790927100000,2726.09,2730.01,2726.08,2730.0,481.0889
1790927160000,2730.0,2730.86,2729.2,2729.2,380.8125
1790927220000,2729.2,2729.2,2727.53,2728.39,296.6082
1790927280000,2728.39,2729.15,2727.91,2727.92,310.4594
1790927340000,2727.92,2729.89,2727.91,2729.84,352.6894
1790927400000,2729.84,2730.0,2727.95,2729.74,557.7846
1790927460000,2729.74,2730.67,2729.69,2730.6,285.4002
1790927520000,2730.6,2730.67,2729.98,2729.99,315.654
1790927580000,2729.99,2732.04,2729.7,2732.02,375.7475
1790927640000,2732.03,2734.54,2732.02,2734.09,628.3044
1790927700000,2734.09,2735.5,2733.69,2734.91,422.9874
1790927760000,2734.91,2737.02,2734.91,2737.0,712.2296
1790927820000,2737.01,2738.79,2736.14,2738.79,511.9256
1790927880000,2738.79,2740.96,2736.33,2736.63,554.4224
1790927940000,2736.63,2737.34,2736.04,2737.29,285.8168
1790928000000,2737.29,2739.89,2737.16,2738.51,533.1017
1790928060000,2738.51,2739.43,2737.45,2739.08,212.3565
1790928120000,2739.08,2741.0,2738.44,2740.92,231.9044
1790928180000,2740.88,2743.06,2740.88,2743.06,354.365
1790928240000,2743.05,2743.06,2739.55,2740.02,301.0999
1790928300000,2740.02,2740.02,2739.14,2739.49,133.8042
1790928360000,2739.5,2742.01,2739.49,2742.01,210.4219
1790928420000,2742.01,2742.15,2739.99,2740.98,1205.2127
1790928480000,2740.98,2741.78,2739.59,2740.37,99.558
1790928540000,2740.37,2741.64,2740.37,2741.23,143.4989
1790928600000,2741.24,2743.34,2741.23,2743.2,106.9199
1790928660000,2743.2,2743.33,2740.2,2742.84,400.3374
1790928720000,2742.84,2742.86,2741.72,2741.95,150.6181
1790928780000,2741.96,2742.98,2741.96,2742.98,141.5054
1790928840000,2742.97,2742.98,2742.44,2742.74,81.3748
1790928900000,2742.74,2743.66,2741.98,2743.65,194.8598
1790928960000,2743.65,2745.91,2743.38,2745.37,892.6151
1790929020000,2745.37,2769.72,2745.37,2766.62,8839.2992
1790929080000,2766.62,2777.33,2765.64,2767.59,4942.3194
1790929140000,2767.59,2769.07,2763.65,2767.33,1488.2326
1790929200000,2767.33,2768.4,2762.12,2765.43,1418.1348
1790929260000,2765.28,2769.46,2762.99,2762.99,933.9869
1790929320000,2762.99,2763.64,2760.65,2761.92,407.7321
1790929380000,2761.92,2761.93,2758.9,2759.43,878.5109
1790929440000,2759.43,2760.92,2759.21,2760.66,452.1904
1790929500000,2760.66,2761.72,2758.9,2759.78,289.9611
1790929560000,2759.77,2762.5,2759.77,2761.95,462.1475
1790929620000,2761.95,2761.95,2759.78,2759.79,228.5933
1790929680000,2759.79,2760.66,2759.76,2759.85,186.8535
1790929740000,2759.85,2760.68,2759.85,2760.68,149.6061
1790929800000,2760.68,2765.31,2760.68,2764.29,768.554
1790929860000,2764.29,2765.26,2762.73,2764.53,326.5265
1790929920000,2764.53,2764.53,2759.69,2759.87,195.275
1790929980000,2759.88,2760.83,2756.51,2757.01,376.107
1790930040000,2757.02,2757.02,2753.44,2756.17,640.0769
1790930100000,2756.17,2757.09,2754.72,2756.25,285.4901
1790930160000,2756.24,2759.59,2756.24,2758.02,179.5625
1790930220000,2758.02,2763.79,2758.02,2763.78,276.8144
1790930280000,2763.79,2764.4,2761.18,2761.92,208.5686
1790930340000,2761.91,2762.4,2760.43,2761.24,279.8667
1790930400000,2761.23,2763.0,2760.25,2762.96,239.5664
1790930460000,2762.95,2763.52,2761.89,2763.52,207.1189
1790930520000,2763.52,2764.39,2761.45,2761.45,313.6458
1790930580000,2761.46,2761.46,2760.86,2760.87,264.7711
1790930640000,2760.86,2760.86,2759.66,2759.66,80.6206
1790930700000,2759.66,2759.66,2756.17,2756.46,247.6573
1790930760000,2756.46,2757.68,2756.31,2756.7,156.1413
1790930820000,2756.7,2757.83,2755.52,2757.82,356.3115
1790930880000,2757.83,2757.88,2756.37,2756.68,245.4276
1790930940000,2756.68,2756.69,2755.54,2755.54,103.8111
1790931000000,2755.53,2757.27,2755.0,2757.22,153.3416
1790931060000,2757.22,2757.82,2756.0,2756.01,175.4868
1790931120000,2756.0,2756.22,2755.1,2755.1,163.2655
1790931180000,2755.1,2755.4,2754.0,2755.39,255.7154
1790931240000,2755.39,2755.39,2752.31,2752.76,430.1065
1790931300000,2752.76,2756.23,2752.76,2756.23,359.5033
1790931360000,2756.22,2756.23,2755.8,2755.81,50.7374
1790931420000,2755.8,2755.8,2754.7,2755.02,230.9129
1790931480000,2755.02,2755.02,2754.4,2754.41,102.0434
1790931540000,2754.4,2754.41,2752.8,2753.74,276.4717
1790931600000,2753.73,2754.49,2753.29,2753.43,131.8473
1790931660000,2753.42,2753.43,2751.7,2751.7,259.5544
1790931720000,2751.7,2752.12,2750.8,2750.8,242.0929
1790931780000,2750.8,2751.02,2749.8,2749.81,176.3002
1790931840000,2749.81,2751.37,2748.9,2751.37,275.9292
1790931900000,2751.36,2753.98,2751.36,2753.26,177.2035
1790931960000,2753.26,2753.79,2752.0,2752.01,230.3326
1790932020000,2752.01,2753.28,2752.0,2752.2,153.4164
1790932080000,2752.19,2752.2,2749.49,2750.01,491.7714
1790932140000,2750.01,2751.61,2750.01,2751.6,629.2515
1790932200000,2751.61,2752.4,2751.12,2752.1,682.875
1790932260000,2752.1,2752.39,2750.96,2751.04,708.8403
1790932320000,2751.04,2752.29,2750.86,2751.81,633.7136
1790932380000,2751.82,2753.7,2751.78,2753.21,877.7059
1790932440000,2753.21,2753.72,2751.6,2752.16,763.9106
1790932500000,2752.16,2752.55,2751.2,2751.42,751.2645
1790932560000,2751.41,2753.36,2751.2,2751.87,831.3791
1790932620000,2751.88,2753.58,2751.42,2752.66,876.8067
1790932680000,2752.66,2752.91,2749.48,2751.03,1057.4868
1790932740000,2751.03,2751.88,2750.34,2751.38,800.5499
1790932800000,2751.38,2752.19,2750.15,2750.54,749.125
1790932860000,2750.54,2752.09,2749.88,2750.75,787.2868
1790932920000,2750.75,2751.38,2748.98,2749.56,802.3885
1790932980000,2749.56,2750.17,2747.97,2748.79,726.0325
1790933040000,2748.79,2749.08,2747.92,2748.77,806.6222
1790933100000,2748.77,2749.24,2748.16,2748.56,389.6337
1790933160000,2748.56,2748.56,2747.27,2747.54,209.5028
1790933220000,2747.53,2747.53,2745.54,2745.54,282.1315
1790933280000,2745.55,2746.26,2744.56,2744.56,294.5331
1790933340000,2744.56,2746.26,2744.56,2746.26,181.5868
1790933400000,2746.25,2746.26,2743.51,2744.43,299.7639
1790933460000,2744.43,2746.97,2743.58,2746.96,121.0476
1790933520000,2746.97,2747.45,2745.9,2745.9,268.6813
1790933580000,2745.9,2746.99,2745.0,2745.01,116.7283
1790933640000,2745.01,2747.54,2745.01,2747.09,195.3113
1790933700000,2747.09,2748.48,2746.14,2748.04,508.3134
1790933760000,2748.04,2748.2,2745.67,2745.67,100.7132
1790933820000,2745.67,2747.74,2745.66,2747.01,170.3924
1790933880000,2747.02,2749.49,2747.02,2749.36,107.7325
1790933940000,2749.35,2750.0,2748.96,2750.0,107.455
1790934000000,2750.0,2751.52,2749.99,2750.45,172.9802
1790934060000,2750.45,2751.01,2749.16,2749.16,170.5346
1790934120000,2749.16,2750.0,2748.88,2749.49,134.1105
1790934180000,2749.48,2750.58,2748.68,2748.97,110.9455
1790934240000,2748.96,2748.97,2747.55,2747.56,124.0613
1790934300000,2747.56,2747.67,2746.99,2747.57,96.3026
1790934360000,2747.57,2747.83,2745.0,2745.0,261.8948
1790934420000,2745.01,2746.11,2744.48,2744.57,169.0313
1790934480000,2744.57,2747.23,2744.57,2746.95,209.2909
1790934540000,2746.96,2749.07,2746.25,2746.25,146.4792
1790934600000,2746.26,2748.73,2746.26,2748.54,301.9747
1790934660000,2748.54,2749.18,2748.54,2748.85,71.9698
1790934720000,2748.86,2750.0,2748.62,2749.66,212.1772
1790934780000,2749.67,2750.59,2749.66,2750.58,189.2312
1790934840000,2750.58,2750.66,2750.19,2750.2,73.8221
1790934900000,2750.2,2750.55,2750.19,2750.49,48.4888
1790934960000,2750.48,2750.94,2750.12,2750.13,103.6071
1790935020000,2750.13,2750.13,2748.64,2748.69,127.9397
1790935080000,2748.69,2748.7,2746.81,2747.79,287.4396
1790935140000,2747.79,2747.79,2747.19,2747.19,56.1752
1790935200000,2747.19,2748.51,2747.19,2748.51,81.7874
1790935260000,2748.55,2748.55,2747.69,2748.18,101.701
1790935320000,2748.17,2749.49,2747.61,2747.62,156.5327
1790935380000,2747.62,2748.94,2747.62,2748.85,73.6975
1790935440000,2748.85,2750.58,2748.79,2750.25,102.2223
1790935500000,2750.24,2751.03,2750.05,2750.57,118.9398
1790935560000,2750.57,2750.57,2748.24,2748.25,60.7211
1790935620000,2748.25,2750.18,2748.25,2748.68,107.9819
1790935680000,2748.69,2749.47,2748.69,2749.47,43.0261
1790935740000,2749.48,2749.48,2746.63,2746.63,81.7993
1790935800000,2746.63,2746.63,2746.19,2746.42,59.063
1790935860000,2746.42,2746.79,2746.13,2746.13,227.4629
1790935920000,2746.13,2746.87,2745.81,2746.13,69.8657
1790935980000,2746.13,2746.13,2744.8,2744.87,108.6547
1790936040000,2744.87,2744.88,2743.02,2743.54,267.8739
1790936100000,2743.53,2744.23,2742.96,2744.2,67.1865
1790936160000,2744.2,2745.59,2743.69,2745.47,159.0979
1790936220000,2745.47,2745.56,2743.63,2744.69,58.5731
1790936280000,2744.7,2746.13,2744.62,2744.8,71.9894
1790936340000,2744.81,2744.81,2743.74,2743.86,101.1087
1790936400000,2743.86,2744.56,2742.96,2743.15,221.8805
1790936460000,2743.16,2743.86,2742.22,2742.88,283.7388
1790936520000,2742.89,2743.3,2738.93,2739.19,533.8539
1790936580000,2739.19,2739.19,2738.12,2738.12,137.3512
1790936640000,2738.12,2738.66,2736.25,2737.32,313.0627
1790936700000,2737.32,2739.29,2737.04,2738.69,229.7758
1790936760000,2738.69,2740.27,2737.93,2740.27,184.1008
1790936820000,2740.26,2743.01,2739.97,2743.01,183.8988
1790936880000,2743.01,2744.97,2743.01,2744.83,160.0365
1790936940000,2744.83,2745.74,2744.82,2745.2,197.2976
1790937000000,2745.19,2745.19,2744.0,2744.25,41.2157
1790937060000,2744.25,2744.26,2743.9,2743.9,134.3287
1790937120000,2743.9,2745.63,2743.8,2745.21,140.2622
1790937180000,2745.21,2746.07,2745.21,2745.79,60.1028
1790937240000,2745.78,2747.53,2745.63,2746.69,244.247
1790937300000,2746.69,2748.89,2746.68,2748.88,131.1689
1790937360000,2748.88,2748.89,2747.38,2747.9,68.7169
1790937420000,2747.9,2748.23,2747.41,2747.41,114.6298
1790937480000,2747.4,2747.98,2747.15,2747.97,83.5745
1790937540000,2747.98,2749.23,2747.98,2749.21,151.5542
1790937600000,2749.21,2750.37,2749.21,2750.36,159.0186
1790937660000,2750.36,2753.36,2750.25,2752.79,169.9151
1790937720000,2752.79,2753.36,2751.9,2751.91,95.5259
1790937780000,2751.9,2753.13,2750.43,2750.57,278.6564
1790937840000,2750.57,2750.57,2749.54,2749.54,129.0125
1790937900000,2749.55,2749.67,2749.0,2749.0,150.539
1790937960000,2749.0,2749.0,2747.82,2748.16,75.4131
1790938020000,2748.17,2748.17,2747.52,2747.52,22.5107
1790938080000,2747.53,2747.53,2746.1,2746.1,147.0966
1790938140000,2746.1,2746.6,2744.75,2745.28,102.6205
1790938200000,2745.29,2745.29,2743.19,2743.58,111.8721
1790938260000,2743.59,2744.57,2743.44,2743.76,65.003
1790938320000,2743.77,2744.28,2743.58,2744.23,121.5607
1790938380000,2744.24,2744.24,2744.15,2744.15,323.3639
1790938440000,2744.15,2746.5,2743.62,2745.37,729.7586
1790938500000,2745.37,2746.48,2743.95,2743.95,67.2137
1790938560000,2743.96,2744.83,2743.31,2744.27,113.883
1790938620000,2744.26,2744.27,2743.58,2743.58,37.4085
1790938680000,2743.58,2744.27,2743.58,2744.26,47.0186
1790938740000,2744.27,2744.27,2743.48,2743.48,26.3647
1790938800000,2743.49,2744.57,2742.16,2742.28,181.9241
1790938860000,2742.28,2743.66,2741.69,2742.67,76.1865
1790938920000,2742.67,2744.61,2742.67,2744.01,56.4196
1790938980000,2744.0,2744.7,2742.88,2744.2,60.8198
1790939040000,2744.21,2746.17,2744.2,2746.16,116.1052
1790939100000,2746.17,2746.52,2745.75,2746.05,50.8799
1790939160000,2746.04,2747.58,2746.04,2747.58,34.5875
1790939220000,2747.57,2748.45,2747.57,2748.4,83.6416
1790939280000,2748.4,2749.28,2747.75,2749.28,140.3411
1790939340000,2749.28,2750.0,2749.27,2749.58,149.7272
1790939400000,2749.57,2749.83,2748.79,2749.83,41.3368
1790939460000,2749.83,2750.0,2749.82,2750.0,44.4182
1790939520000,2750.0,2750.21,2749.07,2749.22,241.6177
1790939580000,2749.23,2749.34,2749.03,2749.03,57.0328
1790939640000,2749.03,2749.51,2748.37,2749.51,100.3334
1790939700000,2749.51,2750.24,2749.5,2750.24,32.0706
1790939760000,2750.24,2750.65,2747.52,2747.76,196.0779
1790939820000,2747.75,2749.85,2747.0,2749.47,100.7144
1790939880000,2749.47,2749.55,2748.03,2748.05,245.8659
1790939940000,2748.05,2749.5,2748.05,2749.49,33.36
1790940000000,2749.5,2749.59,2748.07,2749.59,139.3605
1790940060000,2749.59,2749.84,2749.04,2749.04,48.3484
1790940120000,2749.04,2749.05,2748.05,2748.05,54.2052
1790940180000,2748.06,2748.06,2747.44,2747.81,26.8081
1790940240000,2747.81,2747.82,2747.0,2747.81,90.7802
1790940300000,2747.82,2747.82,2746.72,2747.56,55.468
1790940360000,2747.55,2747.56,2747.37,2747.37,31.9983
1790940420000,2747.37,2747.37,2746.61,2746.61,20.6792
1790940480000,2746.62,2746.62,2746.61,2746.61,6.6372
1790940540000,2746.61,2746.62,2746.42,2746.42,13.4832
1790940600000,2746.42,2746.42,2746.17,2746.35,46.3439
1790940660000,2746.36,2750.68,2746.12,2750.5,304.0003
1790940720000,2750.5,2750.53,2748.48,2750.29,174.3295
1790940780000,2750.29,2750.94,2749.51,2750.21,153.0552
1790940840000,2750.22,2750.79,2750.0,2750.0,56.264
1790940900000,2750.0,2750.87,2750.0,2750.12,126.4761
1790940960000,2750.13,2751.45,2750.13,2751.45,67.8665
1790941020000,2751.44,2751.95,2751.31,2751.94,116.1251
1790941080000,2751.95,2752.0,2751.11,2751.12,219.5086
1790941140000,2751.12,2751.21,2751.1,2751.1,67.8343
1790941200000,2751.11,2751.11,2749.8,2749.8,213.0629
1790941260000,2749.8,2750.0,2749.2,2749.2,139.3863
1790941320000,2749.2,2749.21,2748.8,2749.18,97.0747
1790941380000,2749.18,2749.89,2748.33,2748.33,340.7101
1790941440000,2748.33,2748.34,2746.98,2748.33,189.9062
1790941500000,2748.32,2749.4,2747.43,2748.98,138.4435
1790941560000,2748.99,2749.46,2748.45,2748.45,44.7625
1790941620000,2748.46,2748.49,2747.79,2748.49,91.6418
1790941680000,2748.49,2749.15,2748.49,2748.53,51.771
1790941740000,2748.53,2748.72,2747.06,2748.71,134.9466
1790941800000,2748.71,2748.92,2748.71,2748.92,22.7123
1790941860000,2748.92,2750.19,2748.92,2750.19,55.3116
1790941920000,2750.19,2751.25,2750.19,2751.07,435.5875
1790941980000,2751.07,2751.07,2749.28,2749.29,64.2991
1790942040000,2749.29,2749.85,2749.28,2749.46,30.4915
1790942100000,2749.46,2749.47,2747.01,2747.01,159.0484
1790942160000,2747.0,2747.4,2747.0,2747.37,82.2594
1790942220000,2747.37,2747.62,2747.07,2747.62,61.1039
1790942280000,2747.63,2747.63,2747.05,2747.11,37.9534
1790942340000,2747.1,2747.4,2746.63,2746.63,38.9313
1790942400000,2746.63,2746.69,2745.0,2746.51,142.2205
1790942460000,2746.5,2746.5,2742.22,2743.98,689.4274
1790942520000,2743.98,2743.98,2741.13,2741.23,226.1271
1790942580000,2741.24,2744.43,2741.24,2743.29,83.0522
1790942640000,2743.3,2745.58,2743.3,2745.3,58.7909
1790942700000,2745.31,2747.1,2745.11,2745.55,111.1048
1790942760000,2745.54,2747.41,2745.54,2747.4,80.9121
1790942820000,2747.4,2748.01,2747.4,2748.01,91.2619
1790942880000,2748.01,2748.85,2746.84,2748.85,143.5812
1790942940000,2748.85,2749.16,2747.56,2747.56,69.6518
1790943000000,2747.56,2748.56,2746.95,2748.27,72.7173
1790943060000,2748.27,2748.42,2747.58,2748.11,40.4305
1790943120000,2748.11,2748.11,2746.34,2746.51,111.8822
1790943180000,2746.51,2746.51,2744.91,2745.67,129.1632
1790943240000,2745.67,2745.82,2745.08,2745.15,48.7943
1790943300000,2745.15,2746.39,2743.94,2746.18,67.2667
1790943360000,2746.17,2749.21,2746.17,2748.15,149.234
1790943420000,2748.15,2748.62,2747.88,2748.3,122.5304
1790943480000,2748.29,2749.54,2748.29,2749.14,266.0772
1790943540000,2749.13,2751.44,2748.65,2750.0,224.1245
1790943600000,2750.01,2750.44,2749.22,2750.01,213.8908
1790943660000,2750.01,2750.01,2748.65,2748.66,68.1568
1790943720000,2748.66,2750.47,2748.65,2749.59,83.6423
1790943780000,2749.6,2749.6,2746.31,2746.32,181.2947
1790943840000,2746.31,2747.08,2744.47,2745.41,99.7738
1790943900000,2745.41,2748.8,2744.44,2747.98,230.6698
1790943960000,2747.97,2747.98,2745.64,2747.75,69.4853
1790944020000,2747.75,2748.18,2747.36,2747.9,82.3904
1790944080000,2747.91,2748.4,2746.54,2748.14,124.921
1790944140000,2748.14,2751.88,2747.91,2749.71,366.135
1790944200000,2749.71,2766.66,2743.72,2760.79,8295.6749
1790944260000,2760.79,2766.0,2751.91,2753.6,1661.1108
1790944320000,2753.59,2758.15,2753.34,2755.34,471.9161
1790944380000,2755.35,2755.35,2748.51,2752.16,513.873
1790944440000,2752.07,2754.9,2749.88,2754.23,216.253
1790944500000,2754.23,2754.51,2751.06,2752.05,243.1284
1790944560000,2752.06,2758.93,2750.68,2758.14,352.3197
1790944620000,2758.13,2764.45,2756.38,2762.25,946.5936
1790944680000,2762.25,2762.25,2756.39,2756.39,364.6146
1790944740000,2756.39,2758.45,2755.27,2756.34,106.0848
1790944800000,2756.35,2756.36,2753.44,2754.37,230.0268
1790944860000,2754.36,2754.37,2745.0,2747.12,624.9184
1790944920000,2747.12,2748.95,2744.95,2746.79,218.4241
1790944980000,2746.78,2746.89,2738.03,2741.28,611.5754
1790945040000,2741.28,2744.07,2740.36,2741.65,368.7477
1790945100000,2741.65,2744.0,2740.23,2743.99,345.566
1790945160000,2743.99,2749.22,2743.88,2748.76,544.6626
1790945220000,2748.77,2749.66,2746.92,2749.65,148.8327
1790945280000,2749.65,2750.49,2749.09,2749.23,171.5095
1790945340000,2749.23,2750.54,2747.8,2747.83,112.6734
1790945400000,2747.83,2751.74,2746.58,2750.07,123.2368
1790945460000,2750.07,2750.07,2747.28,2749.17,172.6701
1790945520000,2749.18,2752.19,2749.18,2751.14,120.4598
1790945580000,2751.15,2752.0,2750.0,2751.04,104.3702
1790945640000,2751.04,2753.55,2750.46,2753.55,69.2504
1790945700000,2753.55,2757.29,2753.55,2756.87,261.2344
1790945760000,2756.88,2757.11,2755.63,2756.34,207.7716
1790945820000,2756.33,2756.34,2753.75,2754.81,142.7253
1790945880000,2754.81,2755.73,2754.1,2755.37,72.2997
1790945940000,2755.37,2755.59,2755.1,2755.18,81.3663
1790946000000,2755.19,2755.29,2753.04,2755.28,176.8702
1790946060000,2755.28,2757.66,2755.28,2757.48,344.3154
1790946120000,2757.48,2759.14,2755.8,2756.44,538.6549
1790946180000,2756.44,2759.14,2756.09,2759.13,200.3739
1790946240000,2759.14,2759.97,2758.85,2759.2,119.6743
1790946300000,2759.21,2759.97,2756.29,2756.31,197.5535
1790946360000,2756.31,2757.17,2754.29,2754.81,277.7772
1790946420000,2754.8,2755.38,2753.38,2754.43,183.8814
1790946480000,2754.43,2755.48,2752.47,2752.82,140.1271
1790946540000,2752.83,2754.35,2752.47,2753.22,136.0857
1790946600000,2753.23,2754.59,2753.21,2754.58,97.9751
1790946660000,2754.58,2754.58,2751.04,2751.36,214.6536
1790946720000,2751.37,2752.25,2750.48,2751.04,173.7111
1790946780000,2751.05,2751.05,2749.75,2750.4,62.4363
1790946840000,2750.41,2751.36,2749.75,2749.75,112.3293
1790946900000,2749.76,2750.43,2747.15,2750.42,190.6945
1790946960000,2750.43,2752.9,2750.43,2752.9,124.1887
1790947020000,2752.91,2752.91,2749.15,2750.53,98.2643
1790947080000,2750.53,2752.44,2750.53,2750.65,121.9699
1790947140000,2750.64,2752.03,2749.98,2750.97,171.0466
1790947200000,2750.97,2752.68,2750.19,2752.67,79.6397
1790947260000,2752.67,2753.46,2751.8,2751.8,73.9779
1790947320000,2751.8,2752.46,2750.41,2752.23,66.0791
1790947380000,2752.23,2752.23,2750.64,2751.66,67.8698
1790947440000,2751.66,2751.66,2750.5,2751.02,38.8975
1790947500000,2751.02,2752.45,2750.27,2751.71,183.3302
1790947560000,2751.71,2752.36,2750.16,2750.35,96.68
1790947620000,2750.35,2750.81,2750.0,2750.43,541.2391
1790947680000,2750.44,2751.58,2750.29,2750.65,95.2067
1790947740000,2750.65,2750.65,2750.0,2750.0,48.0206
1790947800000,2750.01,2753.69,2749.26,2753.69,456.8077
1790947860000,2753.68,2757.0,2751.7,2756.58,450.1019
1790947920000,2756.58,2759.17,2756.57,2758.12,193.3807
1790947980000,2758.13,2762.0,2758.13,2761.89,268.1887
1790948040000,2761.89,2764.01,2760.39,2763.46,447.8026
1790948100000,2763.46,2766.23,2763.36,2763.36,409.18
1790948160000,2763.36,2766.66,2763.36,2766.65,307.3064
1790948220000,2766.65,2769.68,2765.57,2765.58,429.2673
1790948280000,2765.57,2768.06,2759.73,2761.82,514.453
1790948340000,2761.81,2767.13,2761.81,2766.14,272.5089
1790948400000,2766.15,2767.26,2765.52,2765.53,319.8005
1790948460000,2765.53,2766.0,2762.49,2763.65,189.7469
1790948520000,2763.65,2764.25,2760.69,2760.72,264.6158
1790948580000,2760.72,2765.09,2760.3,2761.9,244.0628
1790948640000,2761.89,2763.41,2760.0,2762.03,352.2262
1790948700000,2762.03,2763.45,2761.12,2763.37,253.6848
1790948760000,2763.37,2764.48,2760.58,2761.27,212.2121
1790948820000,2761.26,2762.66,2758.9,2761.3,158.1408
1790948880000,2761.29,2761.3,2754.16,2757.53,459.8184
1790948940000,2757.53,2760.0,2756.88,2756.98,220.1541
1790949000000,2756.98,2757.28,2751.44,2752.52,444.4095
1790949060000,2752.53,2752.53,2747.79,2747.99,381.489
1790949120000,2748.0,2751.22,2747.79,2750.7,383.7763
1790949180000,2750.69,2752.77,2749.49,2752.45,152.2222
1790949240000,2752.46,2752.63,2747.79,2747.79,181.96
1790949300000,2747.8,2748.08,2744.69,2747.68,486.5698
1790949360000,2747.67,2749.31,2744.0,2744.18,280.7932
1790949420000,2744.18,2747.92,2742.0,2745.42,542.4982
1790949480000,2745.43,2747.6,2744.0,2747.57,164.5508
1790949540000,2747.57,2747.57,2743.91,2744.53,198.7643
1790949600000,2744.53,2745.34,2742.41,2744.83,224.6886
1790949660000,2744.83,2746.99,2742.28,2746.98,228.2851
1790949720000,2746.99,2749.3,2746.63,2748.64,266.0558
1790949780000,2748.63,2748.8,2746.14,2746.74,402.9553
1790949840000,2746.75,2750.19,2746.75,2750.19,151.1359
1790949900000,2750.19,2751.15,2746.71,2746.71,111.0434
1790949960000,2746.7,2746.93,2742.01,2742.01,274.6443
1790950020000,2742.0,2742.27,2736.96,2737.11,757.6417
1790950080000,2737.11,2739.94,2735.65,2739.94,602.264
1790950140000,2739.94,2742.63,2738.06,2738.06,170.3143
1790950200000,2738.06,2739.26,2734.01,2735.38,428.619
1790950260000,2735.38,2737.17,2733.33,2734.37,744.2003
1790950320000,2734.36,2738.29,2734.16,2737.55,191.9621
1790950380000,2737.55,2738.2,2736.86,2737.13,257.0921
1790950440000,2737.13,2737.13,2734.29,2734.78,241.0748
1790950500000,2734.78,2735.35,2731.84,2733.15,254.3904
1790950560000,2733.14,2737.03,2732.66,2736.94,283.7671
1790950620000,2736.95,2738.12,2736.79,2738.12,259.4798
1790950680000,2738.12,2741.37,2737.72,2737.73,379.8655
1790950740000,2737.73,2740.82,2737.73,2740.81,150.8851
1790950800000,2740.82,2743.86,2740.05,2742.33,300.8377
1790950860000,2742.32,2743.85,2740.72,2743.84,133.8697
1790950920000,2743.84,2743.84,2739.62,2741.36,100.8222
1790950980000,2741.36,2741.36,2739.54,2739.79,103.5399
1790951040000,2739.8,2740.76,2739.24,2739.24,96.4129
1790951100000,2739.24,2739.24,2735.51,2735.61,372.9093
1790951160000,2735.62,2736.74,2734.08,2734.9,171.8256
1790951220000,2734.9,2736.0,2730.58,2731.1,577.22
1790951280000,2731.1,2733.21,2730.75,2732.22,268.7687
1790951340000,2732.21,2732.48,2729.0,2729.18,402.2128
1790951400000,2729.18,2729.18,2725.1,2727.93,696.0636
1790951460000,2727.99,2730.0,2726.69,2727.21,267.2792
1790951520000,2727.2,2730.0,2725.09,2727.66,440.8726
1790951580000,2727.66,2727.88,2723.04,2725.16,677.2623
1790951640000,2725.19,2725.43,2720.05,2723.92,1545.8509
1790951700000,2723.93,2727.37,2722.66,2726.63,409.2988
1790951760000,2726.63,2727.46,2722.99,2724.12,414.7823
1790951820000,2724.15,2724.51,2720.06,2720.74,609.8488
1790951880000,2720.74,2726.12,2720.74,2725.4,203.1927
1790951940000,2725.4,2726.54,2724.66,2726.54,187.2049
1790952000000,2726.55,2726.67,2724.73,2725.8,306.7912
1790952060000,2725.79,2726.98,2723.54,2726.98,133.2819
1790952120000,2726.97,2729.58,2726.97,2727.01,401.0579
1790952180000,2727.02,2727.73,2725.82,2726.04,196.033
1790952240000,2726.04,2726.12,2723.48,2726.12,174.7088
1790952300000,2726.12,2726.53,2724.03,2724.64,312.6693
1790952360000,2724.65,2726.95,2724.64,2726.9,123.3322
1790952420000,2726.9,2730.54,2725.97,2729.6,198.6362
1790952480000,2729.6,2730.15,2728.73,2730.0,102.9742
1790952540000,2730.0,2730.0,2726.83,2726.96,261.8463
1790952600000,2726.96,2727.04,2724.47,2725.39,180.2209
1790952660000,2725.39,2725.71,2720.55,2721.79,674.9016
1790952720000,2721.8,2721.9,2718.0,2719.99,4897.519
1790952780000,2720.0,2721.23,2717.0,2717.34,2730.0293
1790952840000,2717.34,2717.77,2704.0,2704.12,21185.4456
1790952900000,2704.11,2708.91,2698.92,2708.69,6679.1089
1790952960000,2708.68,2710.0,2703.46,2710.0,1142.0546
1790953020000,2710.0,2712.4,2708.62,2710.85,933.3475
1790953080000,2710.86,2711.16,2710.04,2710.62,378.4806
1790953140000,2710.62,2710.89,2709.11,2709.77,484.7628
1790953200000,2709.77,2712.02,2708.24,2708.24,765.2498
1790953260000,2708.25,2712.43,2708.02,2712.13,592.8601
1790953320000,2712.14,2712.14,2707.67,2708.57,552.7377
1790953380000,2708.58,2709.89,2706.5,2708.11,350.1212
1790953440000,2708.12,2708.32,2705.01,2706.17,369.2873
1790953500000,2706.17,2706.47,2700.47,2701.28,978.443
1790953560000,2701.28,2703.63,2699.48,2703.63,638.6874
1790953620000,2703.62,2703.63,2699.0,2699.43,556.7729
1790953680000,2699.43,2705.41,2698.8,2704.5,474.8742
1790953740000,2704.51,2706.51,2703.25,2705.65,417.415
1790953800000,2705.65,2708.07,2704.86,2707.36,479.206
1790953860000,2707.36,2708.25,2705.6,2706.98,285.1966
1790953920000,2706.98,2708.23,2703.3,2703.92,697.2094
1790953980000,2703.92,2705.81,2702.78,2705.81,410.0453
1790954040000,2705.81,2707.1,2705.5,2706.72,441.1574
1790954100000,2706.72,2708.6,2704.1,2704.11,451.3794
1790954160000,2704.1,2704.11,2699.23,2699.28,1148.3982
1790954220000,2699.29,2704.2,2699.0,2702.85,3042.0618
1790954280000,2702.85,2705.93,2702.85,2705.92,568.4438
1790954340000,2705.92,2706.58,2702.47,2702.92,1741.7736
1790954400000,2702.93,2703.92,2702.0,2702.0,1355.5011
1790954460000,2702.0,2703.01,2701.01,2702.98,3250.6036
1790954520000,2702.98,2704.68,2702.01,2702.01,553.3467
1790954580000,2702.01,2702.98,2701.58,2702.29,658.8538
1790954640000,2702.29,2703.06,2697.37,2698.41,6986.9867
1790954700000,2698.4,2699.56,2695.27,2698.72,3837.4686
1790954760000,2698.73,2703.37,2697.82,2703.36,1289.9176
1790954820000,2703.37,2705.2,2702.96,2704.77,576.3827
1790954880000,2704.77,2705.51,2704.05,2704.05,335.1552
1790954940000,2704.05,2704.06,2700.27,2702.51,772.6044
1790955000000,2702.51,2703.33,2699.94,2700.35,1169.5667
1790955060000,2700.36,2702.29,2699.94,2700.06,457.0128
1790955120000,2700.06,2700.74,2696.46,2699.73,1012.3565
1790955180000,2699.73,2702.35,2698.63,2701.79,505.1763
1790955240000,2701.78,2702.11,2697.64,2697.85,399.6684
1790955300000,2697.85,2700.76,2696.97,2699.4,708.0134
1790955360000,2699.41,2699.59,2696.46,2697.62,694.715
1790955420000,2697.63,2699.83,2695.44,2696.09,752.2865
1790955480000,2696.1,2697.32,2695.45,2696.99,596.3992
1790955540000,2696.99,2696.99,2694.77,2695.45,590.8071
1790955600000,2695.45,2695.45,2693.0,2694.24,640.2396
1790955660000,2694.24,2695.36,2692.0,2695.36,506.7247
1790955720000,2695.35,2699.01,2694.81,2699.01,1475.1647
1790955780000,2699.01,2699.32,2695.93,2696.07,4101.8373
1790955840000,2696.07,2696.98,2696.06,2696.51,1366.7218
1790955900000,2696.51,2696.68,2694.6,2694.71,1582.7607
1790955960000,2694.72,2695.3,2693.33,2694.61,652.9427
1790956020000,2694.6,2696.45,2694.24,2695.73,784.0077
1790956080000,2695.73,2699.48,2695.73,2696.99,239.6941
1790956140000,2696.99,2697.89,2696.2,2697.89,294.4778
1790956200000,2697.89,2699.63,2696.55,2697.57,290.7445
1790956260000,2697.57,2700.27,2697.57,2698.38,440.1677
1790956320000,2698.38,2698.91,2695.02,2695.68,791.364
1790956380000,2695.71,2697.36,2695.29,2695.69,965.3507
1790956440000,2695.7,2698.65,2694.12,2694.84,735.1416
1790956500000,2694.84,2694.89,2692.0,2694.89,316.5119
1790956560000,2694.88,2696.56,2694.12,2695.7,235.9711
1790956620000,2695.69,2696.63,2695.28,2696.26,266.7581
1790956680000,2696.26,2697.0,2695.61,2696.38,421.36
1790956740000,2696.38,2697.37,2695.94,2697.36,184.5888
1790956800000,2697.36,2698.78,2696.33,2698.24,586.0166
1790956860000,2698.24,2702.05,2697.99,2702.05,500.9933
1790956920000,2702.05,2704.07,2700.9,2701.98,477.5502
1790956980000,2701.98,2702.59,2701.4,2701.61,190.6599
1790957040000,2701.6,2703.31,2700.5,2703.31,223.612
1790957100000,2703.31,2703.85,2700.0,2700.0,268.6773
1790957160000,2700.01,2701.1,2698.08,2698.68,239.9379
1790957220000,2698.68,2700.1,2696.91,2696.98,219.03
1790957280000,2696.97,2699.13,2696.01,2697.7,131.9569
1790957340000,2697.7,2698.0,2695.3,2696.98,147.9322
1790957400000,2696.98,2698.04,2694.21,2694.86,269.7954
1790957460000,2694.86,2695.3,2693.01,2693.01,361.0457
1790957520000,2693.01,2694.16,2691.67,2693.05,221.294
1790957580000,2693.05,2695.78,2692.71,2693.89,210.5648
1790957640000,2693.89,2695.57,2693.59,2694.8,101.913
1790957700000,2694.79,2697.07,2694.67,2696.44,253.4352
1790957760000,2696.43,2698.34,2695.89,2697.9,132.1064
1790957820000,2697.9,2698.39,2696.95,2697.38,112.8627
1790957880000,2697.38,2699.86,2697.37,2697.61,179.4707
1790957940000,2697.61,2699.49,2697.61,2699.28,156.6391
1790958000000,2699.28,2699.59,2697.31,2698.21,117.6976
1790958060000,2698.21,2699.4,2697.89,2699.38,224.2008
1790958120000,2699.39,2699.39,2695.83,2696.46,315.2266
1790958180000,2696.47,2696.47,2692.59,2693.2,529.9657
1790958240000,2693.21,2693.74,2689.44,2691.05,714.402
1790958300000,2691.05,2694.59,2691.05,2691.78,198.0403
1790958360000,2691.78,2692.86,2691.25,2691.71,116.232
1790958420000,2691.72,2693.68,2690.61,2693.54,127.0569
1790958480000,2693.54,2693.82,2693.02,2693.47,60.7019
1790958540000,2693.45,2693.45,2691.98,2692.63,170.5106
1790958600000,2692.63,2694.42,2692.63,2694.19,117.6465
1790958660000,2694.19,2694.56,2692.45,2692.45,34.6744
1790958720000,2692.46,2692.85,2691.71,2692.71,134.7083
1790958780000,2692.72,2694.15,2692.72,2693.24,90.7619
1790958840000,2693.23,2694.65,2693.23,2693.37,68.0169
1790958900000,2693.38,2694.98,2693.16,2693.68,61.1731
1790958960000,2693.68,2694.02,2693.38,2693.57,156.9701
1790959020000,2693.57,2694.0,2691.96,2691.96,197.0525
1790959080000,2691.96,2692.66,2691.0,2691.18,182.4207
1790959140000,2691.17,2691.81,2690.49,2690.72,128.8031
1790959200000,2690.71,2691.14,2690.27,2690.28,123.8187
1790959260000,2690.28,2691.27,2688.0,2688.2,1850.2013
1790959320000,2688.2,2688.61,2687.33,2688.61,555.3239
1790959380000,2688.62,2691.02,2688.62,2690.97,226.3917
1790959440000,2690.98,2692.81,2690.64,2692.81,125.8575
1790959500000,2692.81,2694.72,2692.81,2694.72,132.1126
1790959560000,2694.84,2695.96,2693.63,2693.63,213.3052
1790959620000,2693.62,2693.8,2692.09,2692.21,74.4668
1790959680000,2692.22,2692.91,2691.97,2691.97,41.6596
1790959740000,2691.97,2693.34,2691.97,2692.94,89.8492
1790959800000,2692.94,2693.45,2691.97,2693.05,138.8423
1790959860000,2693.06,2694.53,2690.75,2691.32,210.7767
1790959920000,2691.34,2691.67,2690.5,2690.5,89.5117
1790959980000,2690.51,2691.22,2690.1,2690.22,93.6668
1790960040000,2690.22,2691.39,2690.1,2690.1,69.5257
1790960100000,2690.1,2690.67,2689.33,2689.33,87.482
1790960160000,2689.32,2689.35,2687.85,2689.34,136.0961
1790960220000,2689.35,2690.48,2689.34,2689.45,112.0592
1790960280000,2689.45,2690.48,2689.44,2690.11,64.1699
1790960340000,2690.1,2690.25,2688.85,2690.08,138.8902
1790960400000,2690.08,2690.48,2688.91,2690.48,129.4997
1790960460000,2690.47,2693.05,2690.47,2692.25,285.2272
1790960520000,2692.24,2692.26,2691.75,2691.76,54.5689
1790960580000,2691.75,2691.76,2690.47,2690.9,116.5473
1790960640000,2690.9,2690.9,2689.54,2689.71,154.496
1790960700000,2689.7,2690.69,2689.62,2689.98,88.0876
1790960760000,2689.98,2690.33,2687.33,2687.86,235.2081
1790960820000,2687.85,2688.82,2687.85,2688.24,112.04
1790960880000,2688.24,2690.02,2688.24,2688.4,128.2062
1790960940000,2688.4,2688.55,2687.82,2687.83,91.3853
1790961000000,2687.83,2687.84,2687.83,2687.83,43.1363
1790961060000,2687.83,2687.84,2686.0,2686.0,318.8284
1790961120000,2686.0,2687.47,2686.0,2687.0,122.6207
1790961180000,2687.01,2687.02,2684.18,2684.73,506.5828
1790961240000,2684.74,2684.94,2679.85,2680.13,2437.6359
1790961300000,2680.14,2682.5,2678.0,2678.43,956.5848
1790961360000,2678.43,2681.84,2678.0,2681.83,762.9856
1790961420000,2681.83,2682.31,2680.99,2682.31,169.839
1790961480000,2682.32,2685.08,2682.32,2684.94,240.3389
1790961540000,2684.94,2687.09,2684.87,2685.58,198.784
1790961600000,2685.59,2685.74,2684.01,2685.28,184.4232
1790961660000,2685.29,2685.29,2682.79,2684.22,172.7447
1790961720000,2684.22,2686.57,2684.22,2684.46,331.1277
1790961780000,2684.46,2684.46,2682.7,2682.8,149.0709
1790961840000,2682.79,2683.11,2679.92,2680.71,624.7661
1790961900000,2680.72,2682.39,2679.92,2681.89,395.6663
1790961960000,2681.9,2683.23,2680.84,2681.29,343.0029
1790962020000,2681.3,2681.51,2680.05,2680.91,269.199
1790962080000,2680.91,2682.29,2680.9,2682.21,115.616
1790962140000,2682.21,2683.66,2682.08,2683.04,181.049
1790962200000,2683.04,2684.82,2682.15,2684.35,316.8487
1790962260000,2684.36,2685.95,2684.1,2684.11,356.1969
1790962320000,2684.11,2685.11,2682.3,2685.07,238.5028
1790962380000,2685.07,2686.5,2685.07,2686.5,118.1236
1790962440000,2686.5,2687.29,2686.5,2686.99,105.2235
1790962500000,2687.0,2687.0,2685.29,2685.6,219.1274
1790962560000,2685.61,2685.61,2684.08,2684.09,148.9088
1790962620000,2684.09,2684.88,2683.2,2683.21,182.2334
1790962680000,2683.2,2683.21,2682.0,2682.48,151.0648
1790962740000,2682.48,2682.48,2680.0,2680.21,306.0651
1790962800000,2680.21,2681.63,2679.9,2681.6,201.7949
1790962860000,2681.61,2682.25,2680.15,2680.39,195.9339
1790962920000,2680.39,2680.39,2677.56,2677.57,431.7129
1790962980000,2677.57,2680.0,2677.47,2680.0,257.956
1790963040000,2679.99,2681.48,2679.99,2681.47,109.0549
1790963100000,2681.48,2681.87,2680.64,2680.65,117.3172
1790963160000,2680.64,2681.25,2680.24,2681.25,90.9267
1790963220000,2681.32,2682.05,2681.08,2681.09,165.1506
1790963280000,2681.09,2682.21,2680.53,2682.01,103.8557
1790963340000,2682.01,2683.85,2682.0,2683.85,142.1273
1790963400000,2683.85,2685.0,2680.91,2683.41,252.5675
1790963460000,2683.42,2685.0,2682.81,2684.99,278.5357
1790963520000,2684.99,2685.85,2684.01,2685.39,214.766
1790963580000,2685.39,2685.85,2683.59,2684.02,159.3502
1790963640000,2684.02,2684.3,2683.21,2684.29,111.1721
1790963700000,2684.29,2684.29,2683.33,2683.4,124.315
1790963760000,2683.39,2683.4,2683.0,2683.11,33.4351
1790963820000,2683.11,2683.84,2682.74,2682.75,158.2945
1790963880000,2682.74,2683.21,2682.6,2683.21,81.7554
1790963940000,2683.21,2685.72,2683.21,2684.49,99.241
1790964000000,2684.48,2689.3,2684.05,2687.86,367.9871
1790964060000,2687.86,2688.32,2686.15,2686.65,176.0428
1790964120000,2686.65,2686.75,2686.0,2686.68,209.4558
1790964180000,2686.68,2686.68,2685.79,2685.79,350.1746
1790964240000,2685.8,2687.55,2685.27,2686.89,166.8014
1790964300000,2686.89,2686.89,2685.52,2685.52,123.7245
1790964360000,2685.52,2686.45,2685.0,2686.24,230.4571
1790964420000,2686.23,2686.51,2685.32,2685.85,206.4342
1790964480000,2685.86,2685.94,2685.0,2685.36,115.17
1790964540000,2685.36,2685.41,2683.88,2683.89,500.6842
1790964600000,2683.89,2684.67,2683.88,2684.66,52.544
1790964660000,2684.67,2685.27,2684.62,2684.93,125.8526
1790964720000,2684.92,2686.15,2684.62,2684.62,113.8598
1790964780000,2684.62,2686.46,2684.45,2686.13,202.658
1790964840000,2686.13,2687.28,2686.13,2687.27,102.6245
1790964900000,2687.27,2687.27,2686.34,2686.76,74.8411
1790964960000,2686.76,2686.76,2682.05,2682.12,262.3498
1790965020000,2682.12,2682.62,2680.0,2680.98,295.9798
1790965080000,2680.98,2681.53,2678.41,2678.42,366.1983
1790965140000,2678.41,2679.81,2678.41,2679.14,247.8806
1790965200000,2679.15,2681.01,2678.41,2678.97,406.5001
1790965260000,2678.97,2679.79,2678.41,2678.65,170.9045
1790965320000,2678.66,2678.66,2678.35,2678.36,119.244
1790965380000,2678.35,2679.02,2677.68,2677.96,833.0741
1790965440000,2677.96,2679.28,2677.7,2679.27,139.7638
1790965500000,2679.28,2679.37,2678.34,2678.54,125.4056
1790965560000,2678.54,2678.55,2678.17,2678.45,121.6315
1790965620000,2678.45,2678.45,2677.5,2677.74,98.2121
1790965680000,2677.75,2678.35,2677.74,2678.35,113.1059
1790965740000,2678.35,2679.76,2678.34,2679.75,137.6614
1790965800000,2679.76,2680.21,2678.55,2678.56,109.713
1790965860000,2678.55,2678.63,2678.04,2678.29,144.603
1790965920000,2678.3,2679.8,2678.25,2679.58,68.0794
1790965980000,2679.58,2679.59,2678.29,2678.37,157.137
1790966040000,2678.37,2678.38,2677.64,2677.83,292.8663
1790966100000,2677.84,2677.84,2673.96,2677.38,1255.7105
1790966160000,2677.37,2677.83,2675.58,2677.82,226.8305
1790966220000,2677.82,2679.12,2676.04,2676.38,196.984
1790966280000,2676.38,2676.39,2674.07,2674.37,452.3551
1790966340000,2674.37,2674.37,2650.88,2652.01,9571.0696
1790966400000,2652.02,2663.8,2651.11,2662.49,2312.653
1790966460000,2662.49,2663.65,2652.53,2655.74,933.8655
1790966520000,2655.74,2660.12,2651.0,2659.83,908.9394
1790966580000,2659.84,2662.27,2653.03,2653.4,772.8011
1790966640000,2653.39,2658.0,2652.56,2657.6,676.9549
1790966700000,2657.6,2659.17,2655.29,2657.33,455.1647
1790966760000,2657.32,2659.66,2656.0,2659.42,312.3896
1790966820000,2659.42,2659.63,2652.28,2652.77,819.5714
1790966880000,2652.76,2655.34,2652.31,2654.89,318.423
1790966940000,2654.95,2656.47,2654.7,2654.83,281.7721
1790967000000,2654.84,2655.51,2653.91,2654.38,297.4327
1790967060000,2654.38,2661.94,2654.37,2661.94,364.1162
1790967120000,2661.94,2665.31,2661.78,2663.44,735.17
1790967180000,2663.52,2663.73,2660.03,2660.95,471.6369
1790967240000,2660.96,2662.93,2660.37,2662.93,137.2892
1790967300000,2662.93,2663.33,2660.43,2661.85,341.4918
1790967360000,2661.84,2662.19,2660.06,2661.28,312.4143
1790967420000,2661.27,2665.01,2661.27,2664.1,180.9195
1790967480000,2664.09,2666.69,2663.56,2666.26,293.2387
1790967540000,2666.26,2666.82,2664.94,2664.98,214.783
1790967600000,2664.98,2667.71,2664.98,2667.7,316.5147
1790967660000,2667.71,2669.54,2667.7,2669.53,218.5245
1790967720000,2669.54,2669.54,2666.82,2667.81,344.3435
1790967780000,2667.81,2668.81,2666.52,2667.49,223.2426
1790967840000,2667.54,2670.1,2667.54,2669.55,343.8803
1790967900000,2669.55,2671.73,2669.54,2670.0,460.2988
1790967960000,2670.0,2670.32,2669.0,2669.5,204.734
1790968020000,2669.5,2670.2,2667.93,2668.77,231.2303
1790968080000,2668.78,2669.21,2668.0,2668.12,252.6843
1790968140000,2668.12,2668.12,2666.46,2667.33,250.2291
1790968200000,2667.34,2668.62,2666.97,2667.82,178.1614
1790968260000,2667.83,2669.02,2667.49,2667.55,375.8798
1790968320000,2667.55,2667.55,2664.64,2664.64,230.7841
1790968380000,2664.65,2666.95,2664.55,2666.95,107.4988
1790968440000,2666.94,2666.94,2663.16,2664.52,273.6176
1790968500000,2664.53,2665.85,2662.81,2662.81,273.7914
1790968560000,2662.81,2662.82,2657.38,2659.54,527.2401
1790968620000,2659.54,2661.69,2658.11,2659.67,276.1492
1790968680000,2659.67,2661.88,2657.2,2661.88,335.3947
1790968740000,2661.88,2661.89,2659.83,2659.84,216.1213
1790968800000,2659.84,2660.81,2659.32,2659.41,151.2788
1790968860000,2659.41,2661.87,2658.83,2661.42,146.5374
1790968920000,2661.42,2663.71,2660.93,2663.68,202.4868
1790968980000,2663.68,2664.68,2662.38,2663.62,248.1027
1790969040000,2663.62,2668.0,2663.62,2667.17,252.1926
1790969100000,2667.16,2668.0,2664.87,2665.45,234.4517
1790969160000,2665.46,2667.77,2665.46,2667.0,98.6918
1790969220000,2667.0,2669.02,2666.97,2668.81,118.6373
1790969280000,2668.81,2669.02,2667.37,2669.02,104.9592
1790969340000,2669.02,2669.02,2665.17,2665.59,144.513
1790969400000,2665.59,2668.52,2665.47,2667.7,175.813
1790969460000,2667.7,2668.2,2666.87,2667.87,126.9931
1790969520000,2667.87,2667.87,2665.92,2666.34,168.6956
1790969580000,2666.34,2666.34,2665.18,2665.97,75.9063
1790969640000,2665.97,2667.6,2665.0,2667.6,110.2564
1790969700000,2667.6,2668.04,2666.98,2667.57,107.2977
1790969760000,2667.58,2667.87,2666.3,2666.5,96.0126
1790969820000,2666.51,2667.61,2666.51,2667.48,151.417
1790969880000,2667.48,2667.59,2666.8,2667.01,160.2811
1790969940000,2667.0,2667.29,2667.0,2667.01,76.4886
1790970000000,2667.0,2667.08,2666.3,2666.57,95.9751
1790970060000,2666.56,2667.29,2666.44,2667.29,46.2071
1790970120000,2667.29,2667.36,2664.48,2664.75,126.7116
1790970180000,2664.75,2665.6,2664.75,2665.38,60.343
1790970240000,2665.38,2666.27,2665.28,2666.27,47.1555
1790970300000,2666.28,2667.7,2665.96,2666.28,111.3859
1790970360000,2666.27,2667.44,2665.66,2667.44,75.297
1790970420000,2667.44,2668.53,2665.0,2665.0,131.3297
1790970480000,2665.0,2665.0,2664.02,2664.76,171.7185
1790970540000,2664.77,2666.32,2664.77,2665.87,118.8957
1790970600000,2665.87,2666.46,2664.51,2665.26,200.2725
1790970660000,2665.26,2666.27,2665.08,2665.24,119.8948
1790970720000,2665.24,2665.43,2663.68,2664.56,176.5154
1790970780000,2664.57,2665.36,2664.41,2664.42,83.2561
1790970840000,2664.41,2665.63,2664.24,2665.51,99.3631
1790970900000,2665.51,2667.05,2665.45,2666.31,40.912
1790970960000,2666.31,2666.4,2665.96,2665.96,45.1711
1790971020000,2665.96,2666.85,2665.95,2666.85,48.506
1790971080000,2666.84,2668.55,2666.84,2667.58,98.8705
1790971140000,2667.57,2668.94,2666.4,2668.04,345.998
1790971200000,2668.04,2669.65,2668.04,2668.46,133.7085
1790971260000,2668.46,2668.97,2667.33,2668.65,87.2585
1790971320000,2668.65,2669.36,2667.21,2667.4,83.6304
1790971380000,2667.39,2667.47,2666.17,2667.2,89.7438
1790971440000,2667.19,2667.5,2666.5,2667.23,78.8334
1790971500000,2667.24,2669.35,2667.24,2669.35,98.6627
1790971560000,2669.35,2670.0,2668.0,2668.0,247.3253
1790971620000,2668.0,2668.0,2667.09,2667.89,105.7088
1790971680000,2667.89,2668.26,2667.58,2668.24,156.5553
1790971740000,2668.24,2668.24,2666.88,2667.42,122.7438
1790971800000,2667.41,2667.84,2666.78,2667.78,52.2473
1790971860000,2667.79,2669.58,2667.79,2669.57,52.4826
1790971920000,2669.58,2670.4,2668.49,2668.85,152.7853
1790971980000,2668.85,2669.34,2667.52,2668.05,83.1272
1790972040000,2668.06,2668.31,2668.05,2668.23,35.5488
1790972100000,2668.22,2668.4,2667.3,2667.38,58.6831
1790972160000,2667.38,2667.47,2667.15,2667.26,33.3014
1790972220000,2667.26,2667.9,2667.0,2667.0,58.3569
1790972280000,2667.01,2668.13,2667.0,2667.47,46.3656
1790972340000,2667.48,2669.26,2667.48,2668.23,84.7294
1790972400000,2668.22,2668.44,2667.83,2668.28,36.9256
1790972460000,2668.28,2668.28,2667.73,2667.95,53.1671
1790972520000,2667.96,2667.96,2666.84,2667.58,41.8743
1790972580000,2667.58,2669.31,2667.57,2669.04,90.1186
1790972640000,2669.14,2669.69,2668.23,2669.13,115.0801
1790972700000,2669.14,2670.09,2669.06,2669.67,117.1904
1790972760000,2669.66,2670.63,2669.66,2670.0,156.9562
1790972820000,2669.99,2669.99,2667.02,2668.0,113.7417
1790972880000,2668.01,2668.01,2666.42,2666.99,53.3492
1790972940000,2666.99,2667.09,2666.43,2666.71,39.8606
1790973000000,2666.71,2667.09,2666.18,2666.98,49.9466
1790973060000,2666.98,2668.01,2666.98,2668.01,29.0232
1790973120000,2668.0,2669.96,2668.0,2669.96,53.3931
1790973180000,2669.96,2670.95,2669.96,2670.92,89.4164
1790973240000,2670.93,2671.35,2670.76,2670.77,53.2974
1790973300000,2670.76,2670.77,2669.21,2669.21,83.7668
1790973360000,2669.21,2669.62,2669.2,2669.2,32.1582
1790973420000,2669.2,2669.2,2668.86,2668.87,45.9284
1790973480000,2668.87,2668.99,2668.58,2668.99,25.6237
1790973540000,2668.99,2669.12,2668.0,2668.01,77.8308
1790973600000,2668.01,2668.01,2667.87,2667.87,29.83
1790973660000,2667.88,2667.89,2665.0,2665.73,299.3109
1790973720000,2665.73,2665.73,2663.96,2663.96,113.9752
1790973780000,2663.96,2663.96,2662.69,2663.41,179.0001
1790973840000,2663.41,2663.42,2661.89,2661.89,137.6457
1790973900000,2661.89,2662.99,2660.53,2662.99,121.947
1790973960000,2663.0,2663.78,2660.85,2663.78,255.3512
1790974020000,2663.79,2663.79,2661.15,2662.54,256.5669
1790974080000,2662.53,2662.53,2660.0,2660.17,199.3212
1790974140000,2660.17,2660.22,2660.0,2660.0,27.8026
1790974200000,2660.0,2662.82,2659.02,2662.82,134.8584
1790974260000,2662.83,2663.95,2662.15,2663.95,118.3261
1790974320000,2663.94,2664.73,2663.0,2664.73,136.4001
1790974380000,2664.72,2664.72,2662.64,2663.7,151.3409
1790974440000,2663.71,2663.71,2662.55,2662.56,40.51
1790974500000,2662.56,2662.62,2661.01,2661.41,49.5565
1790974560000,2661.41,2661.41,2660.05,2660.14,35.5893
1790974620000,2660.14,2661.15,2660.13,2661.15,40.1459
1790974680000,2661.15,2662.34,2661.15,2662.32,83.7156
1790974740000,2662.32,2663.24,2661.62,2661.74,69.099
1790974800000,2661.73,2663.45,2660.72,2663.45,92.2284
1790974860000,2663.45,2665.82,2663.45,2665.64,172.9029
1790974920000,2665.64,2666.29,2665.22,2665.22,65.451
1790974980000,2665.22,2665.22,2664.4,2664.68,73.7383
1790975040000,2664.68,2664.75,2664.27,2664.45,45.4837
1790975100000,2664.45,2664.53,2664.33,2664.53,33.764
1790975160000,2664.53,2664.91,2664.34,2664.47,50.682
1790975220000,2664.46,2664.62,2663.52,2663.52,39.1468
1790975280000,2663.53,2663.77,2663.49,2663.5,23.5425
1790975340000,2663.49,2664.0,2663.49,2664.0,43.5344
1790975400000,2664.0,2665.04,2663.99,2665.04,36.9974
1790975460000,2665.04,2665.44,2664.17,2664.17,84.3484
1790975520000,2664.18,2664.18,2664.12,2664.13,11.0062
1790975580000,2664.13,2664.13,2663.12,2663.12,45.7363
1790975640000,2663.12,2663.12,2662.59,2663.06,41.0737
1790975700000,2663.06,2663.46,2663.05,2663.46,21.934
1790975760000,2663.46,2663.52,2663.45,2663.45,87.4692
1790975820000,2663.46,2663.46,2663.45,2663.45,9.2962
1790975880000,2663.46,2663.97,2663.45,2663.95,24.6873
1790975940000,2663.95,2663.96,2662.89,2662.9,68.59
1790976000000,2662.9,2662.9,2662.89,2662.89,51.9392
1790976060000,2662.9,2663.02,2662.89,2663.02,36.9153
1790976120000,2663.02,2663.28,2662.55,2662.56,103.0213
1790976180000,2662.56,2662.56,2662.0,2662.01,66.6132
1790976240000,2662.0,2662.01,2660.85,2661.5,574.3604
1790976300000,2661.5,2661.5,2660.98,2660.99,59.8399
1790976360000,2660.98,2660.99,2659.77,2659.87,186.7813
1790976420000,2659.86,2659.86,2659.2,2659.54,60.15
1790976480000,2659.55,2659.77,2659.22,2659.23,140.7795
1790976540000,2659.22,2659.28,2658.56,2659.28,109.5984
1790976600000,2659.27,2659.28,2658.76,2658.76,51.8925
1790976660000,2658.76,2659.75,2658.76,2659.63,101.0628
1790976720000,2659.63,2659.75,2658.26,2658.27,65.7017
1790976780000,2658.27,2658.88,2657.2,2658.88,253.6518
1790976840000,2658.89,2660.34,2658.89,2659.9,148.5558
1790976900000,2659.91,2660.51,2659.5,2660.4,247.7313
1790976960000,2660.4,2660.71,2660.39,2660.58,37.8408
1790977020000,2660.59,2660.93,2660.09,2660.53,138.0659
1790977080000,2660.52,2660.52,2659.5,2660.28,99.2936
1790977140000,2660.28,2661.52,2660.28,2661.52,58.9539
1790977200000,2661.51,2662.07,2660.32,2661.76,117.7718
1790977260000,2661.75,2662.33,2661.25,2662.33,58.1089
1790977320000,2662.33,2663.08,2661.94,2662.13,115.1211
1790977380000,2662.13,2663.42,2661.62,2661.63,135.8821
1790977440000,2661.62,2662.77,2661.41,2662.63,137.5886
1790977500000,2662.63,2662.66,2662.63,2662.65,28.8872
1790977560000,2662.66,2663.87,2662.64,2662.66,197.1602
1790977620000,2662.67,2662.67,2662.66,2662.66,52.4693
1790977680000,2662.67,2662.67,2662.14,2662.14,161.722
1790977740000,2662.14,2662.59,2662.14,2662.15,71.4966
1790977800000,2662.14,2663.27,2662.0,2662.1,107.2643
1790977860000,2662.1,2664.0,2662.1,2664.0,85.01
1790977920000,2663.99,2664.37,2663.46,2664.23,109.7387
1790977980000,2664.23,2665.42,2664.23,2665.28,240.8804
1790978040000,2665.28,2665.59,2665.0,2665.04,73.218
1790978100000,2665.05,2665.23,2665.04,2665.23,75.3956
1790978160000,2665.23,2665.29,2665.16,2665.17,58.6632
1790978220000,2665.17,2665.51,2665.07,2665.25,81.161
1790978280000,2665.26,2665.28,2665.26,2665.28,11.2322
1790978340000,2665.28,2665.74,2665.27,2665.45,92.0814
1790978400000,2665.45,2666.65,2665.45,2665.85,297.8593
1790978460000,2665.85,2666.53,2665.73,2665.73,105.8806
1790978520000,2665.73,2665.73,2662.52,2663.07,219.5198
1790978580000,2663.07,2665.69,2663.07,2665.37,116.6333
1790978640000,2665.36,2665.36,2663.82,2663.82,52.1398
1790978700000,2663.82,2663.82,2663.01,2663.02,48.2287
1790978760000,2663.02,2663.12,2662.18,2662.53,102.3228
1790978820000,2662.53,2664.48,2662.53,2664.28,75.6669
1790978880000,2664.27,2664.27,2663.42,2663.42,40.5632
1790978940000,2663.43,2663.79,2663.42,2663.79,42.075
1790979000000,2663.78,2664.32,2663.5,2663.51,62.8193
1790979060000,2663.51,2663.51,2662.44,2663.08,69.7365
1790979120000,2663.17,2663.5,2662.0,2662.56,77.6043
1790979180000,2662.55,2662.55,2661.25,2661.7,97.0839
1790979240000,2661.7,2662.27,2661.7,2662.27,48.6427
1790979300000,2662.26,2662.47,2661.87,2662.01,45.4771
1790979360000,2662.01,2662.25,2661.29,2662.24,99.466
1790979420000,2662.25,2662.25,2661.74,2662.12,100.9392
1790979480000,2662.13,2662.99,2661.44,2662.72,79.84
1790979540000,2662.73,2662.73,2661.68,2662.59,55.2089
1790979600000,2662.59,2663.19,2661.84,2662.22,140.5078
1790979660000,2662.21,2662.75,2661.59,2662.37,125.654
1790979720000,2662.36,2662.37,2662.36,2662.37,26.9199
1790979780000,2662.37,2662.37,2661.92,2662.36,66.657
1790979840000,2662.36,2664.76,2662.35,2664.75,103.8349
1790979900000,2664.76,2665.26,2664.0,2664.0,132.7993
1790979960000,2664.01,2664.71,2664.0,2664.0,27.9922
1790980020000,2664.0,2664.01,2663.62,2663.83,31.8161
1790980080000,2663.83,2665.08,2663.76,2665.08,55.7924
1790980140000,2665.07,2665.41,2665.07,2665.4,54.3633
1790980200000,2665.41,2665.68,2665.4,2665.41,22.594
1790980260000,2665.41,2665.85,2665.41,2665.85,54.2265
1790980320000,2665.85,2665.95,2665.84,2665.94,208.4581
1790980380000,2665.95,2666.11,2665.94,2666.11,18.945
1790980440000,2666.11,2666.56,2666.1,2666.56,37.85
1790980500000,2666.56,2666.8,2666.28,2666.29,74.3304
1790980560000,2666.29,2666.52,2666.28,2666.52,15.1083
1790980620000,2666.52,2667.28,2666.51,2667.28,36.948
1790980680000,2667.27,2667.28,2666.84,2666.84,52.365
1790980740000,2666.84,2666.85,2665.3,2665.31,66.5377
1790980800000,2665.3,2665.3,2665.0,2665.01,81.1697
1790980860000,2665.01,2665.54,2665.01,2665.54,68.0226
1790980920000,2665.54,2665.75,2665.53,2665.75,52.1174
1790980980000,2665.75,2665.93,2665.74,2665.93,24.359
1790981040000,2665.93,2666.35,2665.93,2666.17,60.2687
1790981100000,2666.17,2666.41,2665.94,2666.4,178.409
1790981160000,2666.41,2666.41,2666.27,2666.27,77.3846
1790981220000,2666.28,2667.01,2666.27,2667.01,71.4068
1790981280000,2667.01,2667.35,2667.0,2667.35,37.387
1790981340000,2667.35,2668.11,2667.34,2668.01,122.2307
1790981400000,2668.0,2668.0,2666.73,2666.74,144.4663
1790981460000,2666.73,2667.66,2666.73,2667.65,33.5012
1790981520000,2667.66,2668.6,2667.66,2668.04,129.9753
1790981580000,2668.05,2668.06,2667.47,2667.48,177.7497
1790981640000,2667.48,2668.13,2667.47,2668.13,61.6712
1790981700000,2668.13,2668.64,2667.78,2668.63,139.1155
1790981760000,2668.64,2668.64,2668.0,2668.0,52.6715
1790981820000,2668.0,2668.01,2668.0,2668.01,93.8606
1790981880000,2668.0,2668.6,2668.0,2668.6,59.1583
1790981940000,2668.59,2668.6,2668.0,2668.01,30.874
1790982000000,2668.0,2668.01,2668.0,2668.01,15.8444
1790982060000,2668.01,2668.01,2666.52,2666.99,314.6745
1790982120000,2666.99,2667.67,2666.98,2667.66,36.6366
1790982180000,2667.66,2667.96,2667.66,2667.96,53.5402
1790982240000,2667.95,2667.96,2667.84,2667.84,24.8102
1790982300000,2667.85,2667.85,2666.91,2666.92,98.2386
1790982360000,2666.91,2667.16,2666.91,2667.16,31.0595
1790982420000,2667.16,2667.16,2667.11,2667.12,141.8104
1790982480000,2667.12,2667.12,2666.27,2666.28,120.0242
1790982540000,2666.27,2666.28,2666.27,2666.28,6.6131
1790982600000,2666.27,2666.52,2665.81,2666.51,130.1813
1790982660000,2666.51,2666.51,2665.9,2665.9,36.222
1790982720000,2665.91,2666.16,2665.9,2666.16,49.5135
1790982780000,2666.16,2666.16,2665.92,2666.07,67.9397
1790982840000,2666.08,2666.08,2666.07,2666.08,20.306
1790982900000,2666.08,2666.23,2666.08,2666.23,28.5229
1790982960000,2666.23,2667.05,2666.23,2666.79,71.8813
1790983020000,2666.78,2667.0,2666.78,2667.0,19.4293
1790983080000,2667.0,2667.0,2666.92,2666.93,65.9347
1790983140000,2666.93,2666.93,2666.92,2666.93,31.8812
1790983200000,2666.92,2666.93,2666.79,2666.8,29.828
1790983260000,2666.79,2666.91,2666.23,2666.91,86.9018
1790983320000,2666.91,2666.91,2666.9,2666.91,14.1892
1790983380000,2666.91,2666.91,2666.9,2666.91,16.5254
1790983440000,2666.9,2666.91,2666.9,2666.91,67.266
1790983500000,2666.9,2666.91,2666.9,2666.91,24.3965
1790983560000,2666.91,2667.92,2666.9,2667.92,140.8403
1790983620000,2667.92,2667.92,2667.91,2667.92,76.334
1790983680000,2667.92,2668.37,2667.91,2668.35,112.3172
1790983740000,2668.34,2669.22,2667.64,2668.66,151.8611
1790983800000,2668.66,2668.66,2668.4,2668.41,59.634
1790983860000,2668.4,2668.52,2668.4,2668.52,33.3478
1790983920000,2668.51,2668.53,2668.07,2668.47,93.0761
1790983980000,2668.46,2668.47,2667.19,2667.66,104.7392
1790984040000,2667.66,2667.66,2667.57,2667.66,81.7829
1790984100000,2667.66,2668.66,2667.65,2668.65,80.8086
1790984160000,2668.65,2668.65,2667.9,2667.91,31.1951
1790984220000,2667.91,2668.27,2667.9,2668.26,39.7901
1790984280000,2668.27,2668.27,2668.26,2668.27,28.0722
1790984340000,2668.27,2668.4,2668.26,2668.39,27.9644
1790984400000,2668.4,2669.21,2668.39,2669.21,62.867
1790984460000,2669.21,2669.22,2669.21,2669.22,14.299
1790984520000,2669.22,2669.68,2669.21,2669.39,169.4452
1790984580000,2669.39,2669.75,2669.38,2669.75,68.7371
1790984640000,2669.74,2669.88,2669.26,2669.32,131.4612
1790984700000,2669.32,2669.32,2669.31,2669.32,8.6046
1790984760000,2669.32,2669.7,2669.31,2669.69,27.6086
1790984820000,2669.69,2669.7,2669.69,2669.69,17.5581
1790984880000,2669.7,2670.0,2669.69,2669.99,25.3639
1790984940000,2670.0,2670.0,2669.99,2670.0,48.2372
1790985000000,2669.99,2670.13,2669.99,2670.12,139.7998
1790985060000,2670.12,2670.12,2668.76,2669.29,181.7454
1790985120000,2669.29,2669.33,2669.28,2669.33,6.4194
1790985180000,2669.32,2669.41,2669.32,2669.4,13.9981
1790985240000,2669.4,2669.41,2669.4,2669.4,11.2821
1790985300000,2669.4,2669.71,2669.07,2669.48,90.9527
1790985360000,2669.49,2669.49,2668.7,2668.7,25.1059
1790985420000,2668.7,2668.7,2668.58,2668.58,22.0208
1790985480000,2668.58,2668.59,2668.58,2668.58,13.6739
1790985540000,2668.59,2668.59,2668.58,2668.59,62.1627
1790985600000,2668.59,2668.76,2667.06,2667.46,237.2676
1790985660000,2667.47,2667.6,2667.27,2667.5,51.0883
1790985720000,2667.49,2667.5,2667.42,2667.43,166.4024
1790985780000,2667.43,2667.43,2667.42,2667.42,72.3135
1790985840000,2667.43,2667.43,2666.04,2666.05,277.2659
1790985900000,2666.04,2666.37,2666.04,2666.36,26.1977
1790985960000,2666.37,2667.05,2666.31,2666.32,94.4831
1790986020000,2666.32,2666.56,2666.11,2666.12,54.0104
1790986080000,2666.11,2666.12,2665.96,2665.98,68.3093
1790986140000,2665.98,2665.98,2665.67,2665.68,72.6741
1790986200000,2665.67,2667.99,2665.67,2667.98,198.7069
1790986260000,2667.98,2667.98,2667.42,2667.84,60.9563
1790986320000,2667.84,2668.66,2667.84,2668.66,115.3247
1790986380000,2668.66,2669.04,2668.65,2668.71,44.3537
1790986440000,2668.7,2668.9,2668.35,2668.9,67.7999
1790986500000,2668.9,2670.99,2668.89,2670.08,281.23
1790986560000,2670.08,2671.0,2670.07,2670.43,114.9581
1790986620000,2670.43,2670.43,2669.15,2669.15,128.5326
1790986680000,2669.15,2669.96,2669.15,2669.16,141.1797
1790986740000,2669.17,2669.64,2668.48,2669.24,110.4312
1790986800000,2669.24,2669.82,2669.24,2669.57,24.7629
1790986860000,2669.57,2669.78,2669.23,2669.6,68.0
1790986920000,2669.6,2670.73,2669.6,2670.63,74.6768
1790986980000,2670.64,2670.74,2670.4,2670.74,35.6033
1790987040000,2670.73,2670.99,2670.73,2670.99,20.6946
1790987100000,2671.0,2671.0,2670.86,2670.87,78.8274
1790987160000,2670.86,2671.5,2670.86,2671.5,32.6565
1790987220000,2671.5,2672.5,2671.49,2672.5,179.3062
1790987280000,2672.5,2672.5,2672.24,2672.5,67.2333
1790987340000,2672.5,2673.28,2672.5,2673.01,128.6418
1790987400000,2673.01,2673.82,2673.01,2673.82,87.1002
1790987460000,2673.82,2674.03,2673.45,2674.02,64.0985
1790987520000,2674.03,2674.67,2674.02,2674.66,63.2157
1790987580000,2674.67,2675.06,2674.35,2674.71,95.3537
1790987640000,2674.71,2676.02,2674.71,2676.01,157.2958
1790987700000,2676.0,2676.23,2675.43,2675.43,100.166
1790987760000,2675.44,2676.83,2675.43,2676.83,160.0497
1790987820000,2676.82,2677.31,2675.79,2675.79,112.0178
1790987880000,2675.8,2676.17,2673.37,2673.76,298.0519
1790987940000,2673.75,2675.01,2673.75,2675.0,22.2274
1790988000000,2675.01,2675.01,2674.44,2674.53,92.2231
1790988060000,2674.53,2674.97,2674.5,2674.56,239.3921
1790988120000,2674.57,2675.14,2674.57,2675.13,26.1588
1790988180000,2675.14,2675.14,2674.85,2675.06,63.5522
1790988240000,2675.06,2675.24,2675.05,2675.11,35.2839
1790988300000,2675.11,2675.5,2674.73,2674.73,47.4886
1790988360000,2674.73,2675.2,2674.73,2675.18,28.6114
1790988420000,2675.19,2675.74,2675.18,2675.71,40.6307
1790988480000,2675.7,2675.7,2675.49,2675.59,14.5935
1790988540000,2675.6,2677.4,2675.6,2677.13,69.6995
1790988600000,2677.14,2677.95,2677.14,2677.59,83.3206
1790988660000,2677.59,2678.76,2677.47,2678.04,897.5441
1790988720000,2678.05,2678.5,2677.82,2678.4,158.3794
1790988780000,2678.39,2678.42,2678.0,2678.08,56.8026
1790988840000,2678.07,2678.08,2678.07,2678.07,52.7567
1790988900000,2678.07,2678.26,2676.7,2676.71,126.8493
1790988960000,2676.71,2676.91,2676.61,2676.9,19.3872
1790989020000,2676.9,2676.91,2676.44,2676.44,107.0311
1790989080000,2676.43,2676.52,2676.05,2676.31,72.8384
1790989140000,2676.31,2676.75,2676.29,2676.75,133.4474
1790989200000,2676.82,2677.06,2675.66,2675.7,85.7402
1790989260000,2675.71,2675.71,2675.5,2675.63,62.4382
1790989320000,2675.64,2675.64,2675.58,2675.58,64.4832
1790989380000,2675.58,2675.58,2674.65,2674.88,87.8068
1790989440000,2674.88,2678.84,2674.88,2677.9,313.7632
1790989500000,2677.89,2678.26,2677.5,2677.92,90.5746
1790989560000,2677.91,2678.39,2677.91,2678.38,73.9615
1790989620000,2678.38,2678.38,2678.13,2678.36,40.0169
1790989680000,2678.36,2679.5,2678.35,2679.5,151.305
1790989740000,2679.5,2679.5,2678.77,2678.78,93.321
1790989800000,2678.77,2679.13,2678.77,2679.12,57.2788
1790989860000,2679.13,2680.0,2678.77,2678.78,86.4439
1790989920000,2678.77,2679.04,2678.66,2679.0,86.5246
1790989980000,2679.01,2680.0,2679.01,2680.0,369.3711
1790990040000,2679.99,2680.0,2679.24,2680.0,140.5741
1790990100000,2680.0,2681.1,2679.99,2681.09,71.9969
1790990160000,2681.09,2684.1,2681.09,2684.1,448.9377
1790990220000,2684.09,2684.61,2680.0,2680.01,242.281
1790990280000,2680.01,2680.47,2679.31,2680.21,119.8219
1790990340000,2680.21,2680.21,2679.0,2679.01,53.7244
1790990400000,2679.0,2679.01,2678.48,2678.6,117.1205
1790990460000,2678.59,2678.91,2678.01,2678.01,71.0547
1790990520000,2678.01,2678.92,2677.7,2678.17,82.2884
1790990580000,2678.18,2678.52,2678.1,2678.52,35.4341
1790990640000,2678.52,2679.41,2678.4,2678.42,37.655
1790990700000,2678.42,2678.43,2678.0,2678.21,15.8464
1790990760000,2678.21,2678.21,2678.2,2678.21,12.0017
1790990820000,2678.2,2678.52,2678.2,2678.51,61.597
1790990880000,2678.52,2679.26,2678.51,2678.64,30.4947
1790990940000,2678.64,2679.18,2678.64,2679.18,17.2783
1790991000000,2679.18,2680.42,2679.18,2679.53,94.4763
1790991060000,2679.53,2681.07,2679.48,2681.07,52.8059
1790991120000,2681.06,2681.87,2680.9,2680.9,43.5029
1790991180000,2680.9,2680.9,2680.0,2680.54,28.7433
1790991240000,2680.54,2680.75,2679.49,2680.75,185.5203
1790991300000,2680.75,2681.55,2680.75,2681.54,52.5126
1790991360000,2681.55,2681.99,2680.87,2680.87,70.9569
1790991420000,2680.88,2681.66,2680.66,2680.67,86.9037
1790991480000,2680.66,2681.35,2680.66,2681.27,55.9991
1790991540000,2681.26,2682.65,2681.25,2682.65,67.4263
1790991600000,2682.65,2682.65,2681.46,2681.46,156.4756
1790991660000,2681.46,2681.46,2680.59,2680.59,19.1906
1790991720000,2680.58,2681.57,2680.58,2681.12,40.1802
1790991780000,2681.11,2681.12,2680.44,2680.45,34.7767
1790991840000,2680.45,2680.45,2680.44,2680.45,9.6063
1790991900000,2680.44,2680.56,2680.44,2680.56,16.1234
1790991960000,2680.56,2681.85,2680.56,2681.19,48.4619
1790992020000,2681.18,2681.19,2681.05,2681.05,19.2333
1790992080000,2681.06,2681.06,2681.05,2681.06,15.864
1790992140000,2681.05,2681.05,2680.59,2680.6,12.648
1790992200000,2680.6,2680.6,2680.1,2680.11,20.5348
1790992260000,2680.11,2680.11,2680.0,2680.01,24.9401
1790992320000,2680.01,2680.01,2679.03,2679.03,52.1258
1790992380000,2679.03,2679.04,2678.29,2678.3,21.9107
1790992440000,2678.3,2678.3,2678.21,2678.22,11.111
1790992500000,2678.22,2678.3,2678.22,2678.3,15.5683
1790992560000,2678.29,2679.06,2678.29,2679.06,27.4986
1790992620000,2679.05,2679.06,2678.73,2678.73,19.247
1790992680000,2678.73,2679.48,2678.73,2679.48,34.2736
1790992740000,2679.49,2679.76,2679.49,2679.76,28.5363
1790992800000,2679.76,2679.93,2679.76,2679.86,29.3155
1790992860000,2679.85,2680.02,2679.53,2680.01,74.3068
1790992920000,2680.01,2680.06,2679.54,2679.54,22.0634
1790992980000,2679.54,2679.54,2679.0,2679.11,32.4806
1790993040000,2679.11,2679.19,2679.06,2679.19,11.8344
1790993100000,2679.19,2679.19,2678.34,2678.34,22.065
1790993160000,2678.34,2678.34,2676.7,2677.26,94.8674
1790993220000,2677.26,2677.51,2677.25,2677.27,35.5473
1790993280000,2677.27,2677.6,2676.7,2677.6,65.6565
1790993340000,2677.6,2677.6,2676.82,2676.83,84.4454
1790993400000,2676.84,2676.84,2676.7,2676.7,30.2467
1790993460000,2676.71,2677.09,2676.2,2677.09,58.8085
1790993520000,2677.08,2677.96,2677.08,2677.95,37.7717
1790993580000,2677.96,2677.96,2677.49,2677.49,105.2318
1790993640000,2677.49,2678.31,2677.49,2678.3,17.5474
1790993700000,2678.31,2678.69,2678.3,2678.36,29.6264
1790993760000,2678.36,2678.37,2678.36,2678.37,5.8583
1790993820000,2678.37,2679.83,2678.37,2679.29,38.5996
1790993880000,2679.3,2680.59,2679.29,2680.59,85.1739
1790993940000,2680.6,2680.6,2680.59,2680.59,17.4337
1790994000000,2680.6,2680.6,2680.59,2680.59,5.931
1790994060000,2680.6,2681.09,2679.91,2679.91,25.7819
1790994120000,2679.91,2680.2,2679.91,2680.2,24.1793
1790994180000,2680.19,2680.2,2679.92,2679.93,19.7453
1790994240000,2679.92,2679.92,2679.5,2679.51,26.8418
1790994300000,2679.5,2679.54,2679.5,2679.54,43.794
1790994360000,2679.54,2680.16,2679.53,2680.16,16.1254
1790994420000,2680.16,2680.22,2680.15,2680.22,7.6248
1790994480000,2680.21,2680.49,2680.21,2680.49,37.1212
1790994540000,2680.48,2680.48,2679.52,2679.52,24.8237
1790994600000,2679.53,2679.53,2678.97,2678.98,96.083
1790994660000,2678.98,2678.98,2678.97,2678.97,1.7102
1790994720000,2678.97,2679.99,2678.97,2679.98,30.5515
1790994780000,2679.98,2680.19,2679.48,2679.49,23.9253
1790994840000,2679.5,2680.49,2679.49,2680.48,161.4443
1790994900000,2680.49,2680.53,2680.14,2680.15,172.1706
1790994960000,2680.14,2680.14,2680.03,2680.04,25.8018
1790995020000,2680.04,2680.04,2680.03,2680.04,4.077
1790995080000,2680.03,2680.03,2679.61,2679.61,11.8622
1790995140000,2679.61,2680.86,2679.61,2680.86,35.5687
1790995200000,2680.86,2680.86,2680.52,2680.52,21.6168
1790995260000,2680.53,2681.05,2680.52,2681.05,20.2327
1790995320000,2681.05,2683.2,2681.05,2682.72,176.1111
1790995380000,2682.71,2682.71,2681.36,2681.36,51.9816
1790995440000,2681.36,2683.11,2680.93,2683.02,127.8398
1790995500000,2683.03,2683.03,2681.38,2681.38,60.621
1790995560000,2681.39,2681.39,2680.9,2680.9,26.7134
1790995620000,2680.91,2680.91,2680.89,2680.89,23.4068
1790995680000,2680.89,2681.19,2680.89,2681.19,21.6868
1790995740000,2681.18,2681.18,2680.8,2680.8,20.6128
1790995800000,2680.81,2681.19,2680.67,2680.68,138.3917
1790995860000,2680.67,2680.67,2679.67,2680.19,111.6609
1790995920000,2680.18,2680.23,2679.91,2680.22,123.5944
1790995980000,2680.22,2680.22,2680.21,2680.21,28.4236
1790996040000,2680.21,2680.21,2679.97,2679.97,26.3005
1790996100000,2679.97,2679.98,2679.45,2679.45,29.202
1790996160000,2679.44,2679.45,2678.85,2678.85,23.738
1790996220000,2678.86,2678.86,2678.47,2678.47,30.7688
1790996280000,2678.46,2678.46,2677.44,2677.44,56.0783
1790996340000,2677.43,2677.44,2677.14,2677.14,9.5871
1790996400000,2677.15,2677.62,2677.06,2677.62,119.1546
1790996460000,2677.62,2678.75,2677.62,2678.59,52.4835
1790996520000,2678.59,2679.16,2678.24,2679.16,89.9557
1790996580000,2679.16,2679.16,2678.03,2678.03,41.98
1790996640000,2678.03,2678.03,2677.6,2677.6,12.7759
1790996700000,2677.6,2677.6,2676.53,2676.71,42.7384
1790996760000,2676.71,2676.72,2676.7,2676.72,22.2138
1790996820000,2676.72,2676.72,2676.71,2676.71,11.993
1790996880000,2676.72,2676.9,2676.71,2676.9,25.1965
1790996940000,2676.9,2678.12,2676.89,2678.1,103.3447
1790997000000,2678.1,2678.1,2677.16,2677.16,70.9806
1790997060000,2677.16,2677.16,2676.85,2676.85,90.1512
1790997120000,2676.85,2676.85,2676.12,2676.12,60.2684
1790997180000,2676.13,2677.31,2676.13,2677.29,73.067
1790997240000,2677.3,2677.3,2677.26,2677.26,6.5094
1790997300000,2677.26,2679.81,2677.25,2679.81,121.5992
1790997360000,2679.81,2680.35,2679.74,2680.12,49.0788
1790997420000,2680.12,2680.97,2679.83,2680.47,42.0159
1790997480000,2680.48,2680.48,2679.91,2679.91,33.8935
1790997540000,2679.92,2679.97,2679.22,2679.74,51.4643
1790997600000,2679.74,2679.75,2679.3,2679.31,31.5979
1790997660000,2679.31,2679.7,2679.31,2679.32,17.8971
1790997720000,2679.33,2679.33,2679.3,2679.3,5.3655
1790997780000,2679.31,2679.62,2679.3,2679.61,19.5747
1790997840000,2679.61,2680.43,2679.61,2680.43,30.8217
1790997900000,2680.42,2680.54,2680.42,2680.54,65.3325
1790997960000,2680.54,2681.65,2680.53,2681.65,37.2496
1790998020000,2681.64,2681.64,2680.85,2680.91,41.9764
1790998080000,2680.92,2681.09,2680.91,2681.04,44.6553
1790998140000,2681.04,2681.05,2681.04,2681.04,5.4179
1790998200000,2681.05,2681.05,2680.69,2680.72,76.1873
1790998260000,2680.73,2680.73,2679.79,2679.8,114.1108
1790998320000,2679.79,2679.8,2679.3,2679.3,35.5464
1790998380000,2679.3,2680.43,2679.3,2680.42,22.2161
1790998440000,2680.42,2680.43,2679.85,2680.43,24.2327
1790998500000,2680.42,2680.43,2679.85,2679.86,35.9585
1790998560000,2679.85,2680.04,2679.85,2680.04,9.1842
1790998620000,2680.04,2680.04,2680.03,2680.04,4.217
1790998680000,2680.04,2680.04,2679.85,2679.85,22.6737
1790998740000,2679.86,2680.04,2679.78,2680.03,48.1911
1790998800000,2680.04,2680.04,2680.03,2680.03,23.4637
1790998860000,2680.03,2680.12,2680.03,2680.12,10.6675
1790998920000,2680.12,2680.41,2680.11,2680.4,4.6398
1790998980000,2680.4,2680.97,2680.32,2680.83,67.1666
1790999040000,2680.83,2681.25,2680.83,2681.15,20.2088
1790999100000,2681.16,2681.16,2681.0,2681.0,20.159
1790999160000,2681.01,2681.33,2681.0,2681.32,11.4088
1790999220000,2681.33,2681.48,2681.32,2681.33,19.5901
1790999280000,2681.33,2681.53,2681.32,2681.32,23.7452
1790999340000,2681.33,2681.66,2681.32,2681.65,20.9694
1790999400000,2681.65,2681.81,2681.65,2681.8,51.3691
1790999460000,2681.8,2681.81,2681.55,2681.56,32.0177
1790999520000,2681.56,2681.56,2681.29,2681.3,6.1145
1790999580000,2681.3,2681.3,2681.29,2681.3,2.3886
1790999640000,2681.29,2681.3,2681.29,2681.3,4.1326
1790999700000,2681.3,2681.75,2681.29,2681.75,29.6467
1790999760000,2681.74,2681.78,2681.74,2681.77,15.6135
1790999820000,2681.77,2681.91,2681.77,2681.9,26.9508
1790999880000,2681.9,2681.91,2681.9,2681.9,17.309
1790999940000,2681.91,2682.04,2681.9,2682.04,42.5544
1791000000000,2682.04,2682.04,2682.03,2682.04,36.9277
1791000060000,2682.03,2682.04,2682.03,2682.03,10.3831
1791000120000,2682.03,2682.8,2681.7,2682.73,224.5476
1791000180000,2682.73,2682.73,2682.66,2682.66,17.572
1791000240000,2682.67,2682.81,2682.66,2682.81,65.2686
1791000300000,2682.8,2682.81,2682.66,2682.66,64.1939
1791000360000,2682.67,2682.67,2682.25,2682.26,22.1156
1791000420000,2682.25,2682.6,2682.25,2682.25,90.503
1791000480000,2682.25,2682.26,2681.11,2681.11,16.5766
1791000540000,2681.12,2681.12,2680.67,2681.06,71.1798
1791000600000,2681.06,2681.07,2681.06,2681.07,5.5053
1791000660000,2681.06,2681.71,2681.06,2681.71,18.264
1791000720000,2681.7,2681.96,2680.97,2680.98,23.4367
1791000780000,2680.98,2680.98,2680.65,2680.65,8.6555
1791000840000,2680.66,2680.76,2680.66,2680.76,11.6689
1791000900000,2680.76,2680.76,2679.29,2679.29,105.4674
1791000960000,2679.28,2679.28,2675.7,2675.7,392.9457
1791001020000,2675.69,2677.07,2675.0,2676.89,80.8247
1791001080000,2676.89,2676.92,2676.89,2676.89,11.6423
1791001140000,2676.89,2676.89,2674.88,2674.89,94.2259
1791001200000,2674.89,2675.43,2674.88,2674.92,58.6433
1791001260000,2674.92,2675.16,2674.92,2675.15,14.3722
1791001320000,2675.16,2675.53,2674.88,2674.89,39.8309
1791001380000,2674.89,2675.64,2674.89,2675.64,8.559
1791001440000,2675.64,2676.07,2675.48,2675.49,23.5959
1791001500000,2675.49,2675.49,2675.43,2675.43,34.098
1791001560000,2675.44,2675.44,2675.43,2675.44,13.407
1791001620000,2675.43,2675.44,2673.98,2674.29,293.9693
1791001680000,2674.29,2674.3,2674.28,2674.3,11.5239
1791001740000,2674.29,2674.3,2674.29,2674.3,10.9919
1791001800000,2674.29,2674.3,2674.28,2674.29,57.2282
1791001860000,2674.29,2675.31,2674.28,2675.31,28.5015
1791001920000,2675.3,2675.52,2675.3,2675.51,5.6612
1791001980000,2675.51,2675.52,2674.36,2674.36,28.6965
1791002040000,2674.35,2674.93,2674.35,2674.53,43.8919
1791002100000,2674.52,2674.52,2673.12,2673.44,65.0712
1791002160000,2673.45,2673.9,2672.88,2673.9,81.6115
1791002220000,2673.89,2673.9,2673.24,2673.26,33.707
1791002280000,2673.26,2673.26,2672.88,2673.06,11.7758
1791002340000,2673.06,2674.06,2673.05,2673.57,36.354
1791002400000,2673.57,2673.58,2673.33,2673.33,25.8587
1791002460000,2673.33,2673.34,2672.88,2672.88,46.7354
1791002520000,2672.89,2673.32,2672.34,2673.32,79.8412
1791002580000,2673.31,2674.21,2673.31,2674.21,19.0965
1791002640000,2674.2,2674.51,2674.2,2674.51,27.2696
1791002700000,2674.51,2674.92,2674.51,2674.92,14.6429
1791002760000,2674.92,2675.37,2674.91,2675.37,42.4369
1791002820000,2675.37,2676.37,2675.36,2676.36,44.6997
1791002880000,2676.37,2677.27,2676.18,2676.94,59.2271
1791002940000,2676.93,2677.38,2676.93,2676.93,25.2155
1791003000000,2676.94,2676.94,2675.56,2675.56,21.9949
1791003060000,2675.57,2675.57,2674.95,2674.96,16.4251
1791003120000,2674.95,2676.21,2674.95,2676.21,13.124
1791003180000,2676.22,2676.22,2675.44,2675.44,14.1342
1791003240000,2675.44,2675.82,2675.44,2675.82,19.1943
1791003300000,2675.82,2675.82,2675.55,2675.55,63.9203
1791003360000,2675.56,2676.0,2675.56,2675.99,13.6856
1791003420000,2676.0,2676.0,2675.54,2675.54,10.2514
1791003480000,2675.53,2676.31,2675.53,2676.02,130.3842
1791003540000,2676.02,2676.02,2675.67,2676.01,31.9451
1791003600000,2676.02,2676.02,2675.3,2675.3,29.6419
1791003660000,2675.31,2675.31,2674.19,2674.2,49.4527
1791003720000,2674.19,2674.2,2674.19,2674.2,14.7989
1791003780000,2674.21,2674.21,2674.19,2674.19,10.894
1791003840000,2674.18,2674.64,2674.01,2674.64,14.9092
1791003900000,2674.64,2675.27,2674.56,2674.56,13.4874
1791003960000,2674.56,2675.06,2674.56,2674.64,14.5717
1791004020000,2674.65,2674.96,2674.23,2674.23,21.8157
1791004080000,2674.24,2674.81,2674.1,2674.8,57.2686
1791004140000,2674.8,2675.75,2674.29,2675.74,169.7308
1791004200000,2675.75,2676.54,2675.41,2675.44,197.4851
1791004260000,2675.43,2676.2,2675.43,2675.65,71.0727
1791004320000,2675.65,2675.66,2675.27,2675.28,9.4641
1791004380000,2675.28,2675.28,2675.18,2675.19,2.8607
1791004440000,2675.19,2675.27,2675.18,2675.26,37.6488
1791004500000,2675.27,2675.92,2675.27,2675.72,47.1798
1791004560000,2675.71,2676.2,2675.71,2676.2,67.5973
1791004620000,2676.2,2677.79,2676.19,2677.57,204.6518
1791004680000,2677.56,2677.56,2677.15,2677.16,25.7983
1791004740000,2677.15,2677.28,2676.9,2676.91,16.1728
1791004800000,2676.91,2677.62,2676.91,2677.17,104.0576
1791004860000,2677.18,2677.18,2677.17,2677.18,20.065
1791004920000,2677.18,2678.1,2677.18,2678.08,156.4678
1791004980000,2678.08,2678.08,2676.23,2676.24,97.425
1791005040000,2676.24,2676.65,2676.24,2676.58,98.9924
1791005100000,2676.58,2676.59,2676.12,2676.45,116.964
1791005160000,2676.45,2676.59,2676.44,2676.58,246.9055
1791005220000,2676.58,2676.59,2676.58,2676.58,13.0978
1791005280000,2676.59,2676.59,2676.05,2676.18,106.8624
1791005340000,2676.19,2677.09,2676.18,2677.09,110.1401
1791005400000,2677.09,2678.1,2677.08,2678.1,56.2169
1791005460000,2678.1,2678.52,2677.71,2677.87,106.2853
1791005520000,2677.88,2678.33,2677.87,2678.25,170.4126
1791005580000,2678.26,2678.5,2677.92,2677.92,30.6081
1791005640000,2677.93,2677.93,2677.92,2677.92,23.0167
1791005700000,2677.92,2677.93,2677.08,2677.09,18.8023
1791005760000,2677.08,2677.09,2676.68,2676.7,24.8085
1791005820000,2676.69,2677.09,2676.69,2677.09,27.3865
1791005880000,2677.08,2677.62,2677.08,2677.5,35.3666
1791005940000,2677.5,2677.5,2677.49,2677.5,17.5385
1791006000000,2677.49,2677.49,2676.92,2676.93,28.2057
1791006060000,2676.92,2676.98,2676.68,2676.93,85.6889
1791006120000,2676.94,2676.94,2676.58,2676.59,26.3399
1791006180000,2676.59,2676.86,2676.58,2676.86,35.0964
1791006240000,2676.86,2676.86,2676.85,2676.85,14.1853
1791006300000,2676.85,2676.86,2676.85,2676.86,2.429
1791006360000,2676.86,2677.36,2676.85,2677.36,6.4687
1791006420000,2677.37,2677.88,2677.37,2677.43,21.7111
1791006480000,2677.43,2677.49,2676.95,2676.95,8.679
1791006540000,2676.95,2676.96,2676.95,2676.96,3.0163
1791006600000,2676.95,2677.29,2676.31,2676.32,45.8711
1791006660000,2676.32,2677.39,2676.31,2676.96,23.9354
1791006720000,2676.96,2677.36,2676.83,2676.84,6.4546
1791006780000,2676.84,2676.84,2676.6,2676.6,12.7587
1791006840000,2676.61,2677.2,2676.6,2677.19,10.6287
1791006900000,2677.2,2677.2,2677.16,2677.16,20.4885
1791006960000,2677.15,2677.16,2676.68,2677.12,31.7369
1791007020000,2677.13,2677.16,2676.75,2677.0,53.8123
1791007080000,2677.0,2677.3,2676.99,2677.17,25.3165
1791007140000,2677.17,2677.75,2677.16,2677.74,38.3608
1791007200000,2677.74,2677.75,2677.25,2677.26,201.328
1791007260000,2677.26,2679.5,2677.25,2679.17,98.5277
1791007320000,2679.17,2679.6,2678.76,2678.76,77.9856
1791007380000,2678.76,2678.76,2678.07,2678.34,12.967
1791007440000,2678.33,2678.34,2677.46,2677.46,62.5376
1791007500000,2677.45,2677.46,2676.98,2676.99,28.6509
1791007560000,2676.98,2677.28,2676.34,2676.35,31.2515
1791007620000,2676.35,2676.35,2676.34,2676.35,37.9938
1791007680000,2676.35,2676.81,2676.35,2676.44,18.4149
1791007740000,2676.44,2677.59,2676.17,2676.17,49.5855
1791007800000,2676.18,2676.18,2676.0,2676.01,7.7657
1791007860000,2676.0,2676.01,2675.99,2676.0,47.6412
1791007920000,2676.0,2676.45,2675.81,2676.45,67.2183
1791007980000,2676.44,2676.45,2675.88,2675.89,31.7267
1791008040000,2675.89,2676.51,2675.88,2675.98,52.9129
1791008100000,2675.98,2676.11,2675.8,2676.11,37.8155
1791008160000,2676.11,2676.44,2676.07,2676.44,23.4967
1791008220000,2676.44,2676.59,2676.38,2676.54,27.121
1791008280000,2676.53,2677.13,2676.53,2677.13,9.9891
1791008340000,2677.13,2677.13,2676.62,2676.93,34.0313
1791008400000,2676.93,2676.94,2676.55,2676.83,59.5377
1791008460000,2676.84,2677.3,2676.83,2677.3,11.9035
1791008520000,2677.3,2677.56,2676.62,2676.79,41.1041
1791008580000,2676.79,2677.32,2676.79,2677.32,12.7987
1791008640000,2677.31,2677.32,2676.85,2676.86,12.2058
1791008700000,2676.86,2677.07,2676.85,2677.06,9.0734
1791008760000,2677.06,2678.02,2677.06,2678.02,13.9505
1791008820000,2678.02,2678.17,2677.87,2677.87,57.1022
1791008880000,2677.88,2678.47,2677.1,2677.21,97.7964
1791008940000,2677.22,2677.61,2677.21,2677.61,14.8933
1791009000000,2677.6,2679.07,2677.6,2679.07,47.106
1791009060000,2679.06,2679.07,2678.03,2678.64,51.1137
1791009120000,2678.65,2679.47,2678.65,2679.47,47.3622
1791009180000,2679.46,2680.23,2679.31,2679.31,223.1475
1791009240000,2679.31,2679.31,2678.5,2678.8,56.5552
1791009300000,2678.8,2678.86,2678.8,2678.85,49.4688
1791009360000,2678.85,2678.85,2677.15,2678.09,51.561
1791009420000,2678.08,2679.11,2678.08,2679.11,16.2536
1791009480000,2679.12,2679.5,2678.82,2679.09,36.5256
1791009540000,2679.1,2679.68,2679.09,2679.47,82.8435
1791009600000,2679.47,2679.48,2679.47,2679.48,24.7312
1791009660000,2679.48,2679.48,2679.47,2679.48,47.1516
1791009720000,2679.48,2679.48,2678.84,2678.84,39.5388
1791009780000,2678.85,2678.85,2677.67,2677.68,97.7138
1791009840000,2677.68,2678.78,2677.68,2678.51,112.533
1791009900000,2678.5,2678.51,2677.96,2677.96,28.369
1791009960000,2677.95,2677.95,2677.48,2677.92,23.9279
1791010020000,2677.91,2678.69,2677.91,2678.69,15.3035
1791010080000,2678.68,2678.69,2678.68,2678.69,3.5629
1791010140000,2678.69,2678.69,2677.08,2677.64,75.6807
1791010200000,2677.63,2678.08,2677.53,2677.67,39.1726
1791010260000,2677.68,2677.68,2677.66,2677.68,6.3609
1791010320000,2677.67,2680.48,2677.67,2680.47,139.8624
1791010380000,2680.48,2682.63,2680.24,2681.76,244.8567
1791010440000,2681.76,2681.77,2680.02,2680.02,56.3691
1791010500000,2680.03,2680.37,2680.02,2680.16,29.8611
1791010560000,2680.15,2680.16,2679.23,2679.23,23.0219
1791010620000,2679.24,2679.71,2678.89,2679.7,18.7985
1791010680000,2679.71,2679.71,2679.7,2679.7,8.515
1791010740000,2679.71,2680.35,2679.71,2680.09,23.0763
1791010800000,2680.1,2680.1,2679.7,2679.71,20.162
1791010860000,2679.71,2680.36,2679.7,2680.36,39.5383
1791010920000,2680.35,2680.36,2679.74,2680.09,56.2859
1791010980000,2680.1,2680.28,2680.09,2680.28,7.4315
1791011040000,2680.27,2680.28,2679.03,2679.72,126.4131
1791011100000,2679.73,2679.9,2679.67,2679.9,14.1473
1791011160000,2679.89,2679.9,2679.89,2679.89,16.2464
1791011220000,2679.9,2679.9,2679.0,2679.0,20.0867
1791011280000,2679.01,2679.01,2678.82,2678.82,12.8273
1791011340000,2678.82,2678.83,2678.2,2678.21,57.1844
1791011400000,2678.2,2678.72,2677.94,2678.71,30.249
1791011460000,2678.71,2678.97,2678.71,2678.97,16.1379
1791011520000,2678.97,2680.12,2678.96,2680.12,34.9131
1791011580000,2680.11,2680.87,2680.09,2680.87,93.191
1791011640000,2680.87,2681.28,2680.75,2680.99,103.1762
1791011700000,2680.99,2681.54,2680.75,2681.53,25.2269
1791011760000,2681.53,2682.33,2681.13,2682.06,94.8632
1791011820000,2682.06,2682.06,2681.82,2681.82,22.8591
1791011880000,2681.82,2681.82,2681.28,2681.45,29.641
1791011940000,2681.44,2681.77,2681.14,2681.77,21.4798
1791012000000,2681.77,2681.77,2680.93,2680.93,17.8896
1791012060000,2680.94,2681.06,2680.19,2680.2,65.4519
1791012120000,2680.2,2680.26,2679.93,2679.94,29.5339
1791012180000,2679.93,2679.94,2679.93,2679.94,3.3511
1791012240000,2679.94,2679.94,2679.57,2679.57,139.5387
1791012300000,2679.57,2680.46,2679.57,2680.46,586.7217
1791012360000,2680.45,2680.46,2679.69,2680.05,29.6315
1791012420000,2680.05,2680.56,2680.04,2680.56,12.8591
1791012480000,2680.56,2680.56,2680.55,2680.55,5.2258
1791012540000,2680.56,2680.56,2680.55,2680.56,5.7017
1791012600000,2680.56,2681.12,2680.56,2681.12,58.0663
1791012660000,2681.12,2682.13,2681.12,2682.12,16.5211
1791012720000,2682.12,2682.14,2682.0,2682.01,55.9988
1791012780000,2682.01,2682.02,2681.96,2681.98,70.647
1791012840000,2681.99,2682.01,2681.24,2681.91,99.2756
1791012900000,2681.91,2682.69,2681.9,2682.69,80.7005
1791012960000,2682.68,2682.69,2682.53,2682.67,72.3357
1791013020000,2682.66,2682.69,2682.53,2682.69,63.7518
1791013080000,2682.69,2683.46,2682.68,2683.45,663.0645
1791013140000,2683.45,2683.45,2682.2,2682.2,76.9069
1791013200000,2682.21,2682.21,2681.1,2681.11,111.3698
1791013260000,2681.11,2681.77,2681.11,2681.58,69.8736
1791013320000,2681.57,2681.58,2680.55,2680.55,102.7906
1791013380000,2680.55,2681.23,2680.53,2681.23,78.1731
1791013440000,2681.23,2681.23,2680.21,2680.21,128.5155
1791013500000,2680.21,2680.6,2679.94,2680.6,99.2954
1791013560000,2680.6,2682.56,2680.59,2681.91,266.2467
1791013620000,2681.91,2682.29,2681.86,2681.97,72.9611
1791013680000,2681.97,2682.29,2681.96,2682.29,17.5239
1791013740000,2682.29,2682.35,2681.66,2682.35,59.9935
1791013800000,2682.35,2682.92,2682.34,2682.92,19.9195
1791013860000,2682.92,2683.36,2682.01,2682.18,115.339
1791013920000,2682.18,2682.54,2682.18,2682.43,84.964
1791013980000,2682.43,2682.43,2681.12,2681.13,103.5397
1791014040000,2681.13,2682.12,2680.77,2682.12,57.388
1791014100000,2682.13,2682.56,2681.72,2682.56,88.4112
1791014160000,2682.55,2682.99,2682.55,2682.99,68.8962
1791014220000,2682.99,2683.25,2682.68,2682.68,100.5623
1791014280000,2682.69,2682.69,2682.05,2682.06,63.8739
1791014340000,2682.06,2682.59,2681.51,2681.51,74.8709
1791014400000,2681.51,2681.69,2680.8,2681.69,122.8233
1791014460000,2681.69,2682.09,2681.21,2681.22,66.7273
1791014520000,2681.21,2681.49,2680.6,2680.61,67.7047
1791014580000,2680.6,2680.61,2680.29,2680.3,41.8524
1791014640000,2680.29,2681.27,2680.29,2681.27,15.7758
1791014700000,2681.27,2682.04,2681.26,2682.04,7.8721
1791014760000,2682.03,2682.04,2681.58,2681.64,43.5336
1791014820000,2681.63,2682.04,2681.63,2682.04,23.4239
1791014880000,2682.04,2683.33,2682.03,2683.33,33.7892
1791014940000,2683.33,2683.33,2682.52,2682.82,75.0701
1791015000000,2682.82,2683.33,2682.82,2683.33,20.9044
1791015060000,2683.33,2683.69,2683.32,2683.69,164.8438
1791015120000,2683.68,2683.69,2683.53,2683.55,127.3778
1791015180000,2683.56,2683.56,2683.33,2683.33,170.5114
1791015240000,2683.34,2683.36,2683.3,2683.31,53.9717
1791015300000,2683.3,2683.31,2682.08,2682.09,252.7367
1791015360000,2682.09,2682.1,2681.36,2681.48,121.4928
1791015420000,2681.48,2681.69,2681.12,2681.69,78.5706
1791015480000,2681.69,2682.1,2681.69,2682.09,93.9415
1791015540000,2682.1,2682.45,2682.09,2682.41,452.3755
1791015600000,2682.41,2682.41,2680.51,2680.56,165.7914
1791015660000,2680.56,2680.6,2680.43,2680.59,69.7316
1791015720000,2680.6,2680.73,2680.03,2680.04,135.4454
1791015780000,2680.03,2680.04,2679.15,2679.15,110.6068
1791015840000,2679.15,2679.21,2679.14,2679.16,32.2236
1791015900000,2679.15,2679.43,2678.1,2678.52,97.7292
1791015960000,2678.52,2679.04,2678.52,2678.68,33.6924
1791016020000,2678.67,2679.81,2678.25,2679.56,146.3799
1791016080000,2679.57,2680.01,2679.38,2680.01,36.8857
1791016140000,2680.02,2680.29,2679.97,2679.97,21.3104
1791016200000,2679.97,2679.97,2679.46,2679.46,16.1013
1791016260000,2679.46,2679.96,2679.07,2679.95,10.2923
1791016320000,2679.96,2680.7,2679.95,2680.42,9.7619
1791016380000,2680.42,2680.43,2679.81,2679.81,5.8887
1791016440000,2679.81,2680.31,2679.81,2680.31,38.4052
1791016500000,2680.31,2681.1,2680.31,2681.1,14.0322
1791016560000,2681.1,2681.78,2681.09,2681.55,97.5852
1791016620000,2681.55,2681.56,2681.45,2681.45,22.1154
1791016680000,2681.46,2681.46,2681.45,2681.45,8.6166
1791016740000,2681.45,2681.46,2681.45,2681.46,8.3069
1791016800000,2681.45,2681.46,2681.45,2681.46,4.3407
1791016860000,2681.45,2681.64,2681.45,2681.64,16.7405
1791016920000,2681.64,2681.94,2681.63,2681.94,13.9617
1791016980000,2681.93,2682.12,2681.93,2682.11,46.8316
1791017040000,2682.12,2682.42,2682.12,2682.41,63.4605
1791017100000,2682.41,2682.9,2682.41,2682.89,41.9608
1791017160000,2682.9,2682.9,2682.89,2682.89,5.4993
1791017220000,2682.9,2682.92,2682.43,2682.44,112.1914
1791017280000,2682.44,2682.56,2682.43,2682.55,23.5928
1791017340000,2682.56,2682.56,2682.55,2682.56,67.9752
1791017400000,2682.56,2683.48,2682.55,2683.47,174.8858
1791017460000,2683.48,2683.5,2683.47,2683.5,15.8841
1791017520000,2683.49,2683.5,2683.49,2683.5,3.2775
1791017580000,2683.49,2683.64,2683.49,2683.64,27.5459
1791017640000,2683.64,2684.04,2683.63,2684.04,125.5109
1791017700000,2684.03,2684.05,2683.99,2684.05,177.2916
1791017760000,2684.04,2684.05,2683.97,2683.97,44.8319
1791017820000,2683.97,2683.97,2683.78,2683.78,50.8589
1791017880000,2683.79,2683.79,2683.44,2683.44,38.9563
1791017940000,2683.44,2683.74,2683.0,2683.01,112.0432
1791018000000,2683.01,2683.85,2683.01,2683.31,64.0846
1791018060000,2683.31,2683.68,2683.3,2683.68,20.2699
1791018120000,2683.68,2683.94,2683.67,2683.93,50.247
1791018180000,2683.93,2686.19,2683.93,2685.33,202.0863
1791018240000,2685.33,2685.33,2684.72,2685.19,53.6768
1791018300000,2685.19,2686.19,2684.83,2685.35,144.8702
1791018360000,2685.34,2685.53,2685.11,2685.11,25.2748
1791018420000,2685.12,2685.49,2685.11,2685.13,21.7663
1791018480000,2685.12,2686.19,2685.12,2686.19,37.3114
1791018540000,2686.18,2686.71,2685.6,2686.41,158.5825
1791018600000,2686.41,2686.48,2686.12,2686.13,61.8727
1791018660000,2686.12,2686.45,2685.75,2686.45,114.3522
1791018720000,2686.45,2686.47,2685.86,2686.47,50.1553
1791018780000,2686.46,2686.47,2685.75,2685.76,18.0327
1791018840000,2685.75,2685.75,2685.19,2685.62,28.8982
1791018900000,2685.61,2685.62,2685.53,2685.53,7.4958
1791018960000,2685.53,2685.54,2685.32,2685.33,5.5299
1791019020000,2685.33,2685.5,2685.32,2685.49,13.4965
1791019080000,2685.5,2685.65,2685.49,2685.59,6.9067
1791019140000,2685.59,2686.88,2684.67,2684.67,230.4825
1791019200000,2684.67,2684.89,2684.67,2684.77,45.1153
1791019260000,2684.78,2684.78,2684.49,2684.49,10.6724
1791019320000,2684.5,2685.04,2684.49,2685.04,44.6987
1791019380000,2685.04,2685.04,2684.67,2684.68,29.2265
1791019440000,2684.67,2684.88,2684.67,2684.88,8.4984
1791019500000,2684.88,2685.08,2684.87,2685.08,16.0263
1791019560000,2685.07,2685.08,2685.07,2685.07,13.9933
1791019620000,2685.08,2685.57,2684.78,2685.04,144.3253
1791019680000,2685.04,2685.42,2685.04,2685.42,8.8532
1791019740000,2685.41,2685.42,2684.7,2684.7,17.7919
1791019800000,2684.71,2684.71,2684.7,2684.71,7.9072
1791019860000,2684.71,2685.02,2684.71,2685.02,14.6326
1791019920000,2685.02,2685.02,2685.01,2685.02,6.254
1791019980000,2685.01,2685.02,2685.01,2685.02,2.5986
1791020040000,2685.02,2685.02,2685.0,2685.0,13.5204
1791020100000,2685.01,2685.01,2684.57,2684.57,18.7651
1791020160000,2684.57,2684.58,2684.19,2684.19,149.8892
1791020220000,2684.18,2684.18,2683.09,2683.53,31.1132
1791020280000,2683.54,2683.54,2682.83,2683.32,88.6967
1791020340000,2683.33,2683.33,2683.03,2683.03,67.9343
1791020400000,2683.02,2683.03,2682.07,2682.94,57.8462
1791020460000,2682.93,2682.94,2682.69,2682.7,90.6773
1791020520000,2682.69,2682.89,2682.69,2682.8,14.342
1791020580000,2682.8,2682.8,2682.26,2682.29,40.0661
1791020640000,2682.29,2682.54,2682.13,2682.14,119.8409
1791020700000,2682.14,2682.14,2682.13,2682.13,21.1688
1791020760000,2682.13,2682.14,2682.13,2682.14,67.8635
1791020820000,2682.14,2682.16,2682.13,2682.16,49.0827
1791020880000,2682.16,2682.16,2682.15,2682.15,22.0571
1791020940000,2682.16,2682.16,2681.43,2681.43,48.5561
1791021000000,2681.44,2681.55,2681.43,2681.55,11.9666
1791021060000,2681.54,2681.77,2681.54,2681.76,81.5571
1791021120000,2681.77,2681.77,2681.76,2681.77,12.8331
1791021180000,2681.76,2681.77,2681.59,2681.6,40.5978
1791021240000,2681.6,2681.6,2680.28,2680.29,62.3807
1791021300000,2680.29,2680.67,2680.28,2680.65,114.5706
1791021360000,2680.65,2680.89,2680.64,2680.88,27.3471
1791021420000,2680.88,2681.39,2680.67,2680.67,246.3447
1791021480000,2680.67,2681.0,2680.67,2681.0,13.0207
1791021540000,2681.0,2681.0,2680.73,2680.73,56.7293
1791021600000,2680.72,2680.72,2680.39,2680.4,82.2555
1791021660000,2680.4,2680.4,2680.39,2680.4,10.19
1791021720000,2680.4,2680.4,2680.08,2680.08,20.0049
1791021780000,2680.09,2680.09,2680.08,2680.09,13.2191
1791021840000,2680.09,2681.38,2680.09,2680.93,197.677
1791021900000,2680.92,2680.92,2680.44,2680.45,22.9118
1791021960000,2680.45,2680.69,2680.44,2680.53,26.5101
1791022020000,2680.54,2680.54,2680.42,2680.42,49.1203
1791022080000,2680.41,2681.53,2679.83,2681.52,139.4544
1791022140000,2681.53,2682.89,2681.53,2682.25,173.6594
1791022200000,2682.25,2682.25,2682.17,2682.17,24.0128
1791022260000,2682.17,2682.18,2682.17,2682.18,42.7105
1791022320000,2682.18,2682.18,2682.17,2682.17,15.5213
1791022380000,2682.18,2682.46,2682.17,2682.46,79.3969
1791022440000,2682.45,2682.46,2682.35,2682.36,16.8317
1791022500000,2682.35,2682.35,2681.72,2681.73,31.171
1791022560000,2681.72,2681.77,2681.37,2681.38,26.3298
1791022620000,2681.38,2681.38,2680.83,2680.86,14.8933
1791022680000,2680.87,2680.89,2680.86,2680.88,21.7065
1791022740000,2680.88,2680.89,2680.47,2680.81,54.9044
1791022800000,2680.8,2680.81,2680.09,2680.09,30.5863
1791022860000,2680.09,2680.1,2680.09,2680.1,24.0471
1791022920000,2680.1,2680.1,2680.09,2680.09,8.2643
1791022980000,2680.1,2680.1,2680.09,2680.1,19.5509
1791023040000,2680.09,2680.47,2680.09,2680.47,37.9288
1791023100000,2680.47,2681.29,2680.46,2681.29,24.8401
1791023160000,2681.29,2681.29,2679.92,2680.32,191.4441
1791023220000,2680.32,2681.99,2680.31,2681.99,136.608
1791023280000,2681.99,2683.26,2681.99,2683.26,204.1374
1791023340000,2683.26,2683.28,2682.48,2682.48,198.1692
1791023400000,2682.47,2683.44,2682.47,2682.88,215.8538
1791023460000,2682.89,2684.15,2682.8,2684.02,196.6145
1791023520000,2684.02,2684.02,2683.15,2683.15,50.9115
1791023580000,2683.16,2683.46,2683.15,2683.27,10.252
1791023640000,2683.28,2683.81,2683.28,2683.8,31.3522
1791023700000,2683.8,2683.97,2682.8,2683.25,173.6981
1791023760000,2683.24,2683.47,2683.24,2683.47,17.4194
1791023820000,2683.47,2683.75,2683.46,2683.75,23.4184
1791023880000,2683.75,2684.32,2683.74,2683.85,59.9487
1791023940000,2683.85,2684.19,2683.84,2684.18,21.5935
1791024000000,2684.18,2684.37,2683.65,2683.65,82.9026
1791024060000,2683.65,2683.66,2683.3,2683.44,21.0563
1791024120000,2683.45,2683.45,2683.37,2683.38,2.1642
1791024180000,2683.38,2683.38,2683.37,2683.37,15.8853
1791024240000,2683.38,2683.65,2683.37,2683.65,43.7066
1791024300000,2683.65,2683.65,2683.64,2683.64,17.7242
1791024360000,2683.64,2683.64,2683.41,2683.42,16.4371
1791024420000,2683.41,2683.42,2682.85,2682.85,21.32
1791024480000,2682.86,2682.86,2682.85,2682.86,13.5765
1791024540000,2682.85,2682.86,2682.85,2682.86,6.6836
1791024600000,2682.86,2682.86,2682.2,2682.2,44.6599
1791024660000,2682.19,2682.24,2682.19,2682.24,16.6584
1791024720000,2682.24,2683.28,2682.24,2683.26,92.0871
1791024780000,2683.27,2684.04,2683.26,2684.01,50.9428
1791024840000,2684.0,2684.07,2683.76,2683.77,20.4014
1791024900000,2683.77,2684.78,2683.76,2684.59,77.6808
1791024960000,2684.59,2685.1,2684.59,2685.1,10.024
1791025020000,2685.09,2685.1,2684.88,2684.89,13.1382
1791025080000,2684.88,2685.28,2684.33,2684.34,77.1768
1791025140000,2684.34,2684.34,2683.46,2683.46,72.4993
1791025200000,2683.47,2683.63,2683.46,2683.46,27.0657
1791025260000,2683.46,2683.46,2683.33,2683.34,68.678
1791025320000,2683.34,2683.82,2683.33,2683.59,30.8969
1791025380000,2683.6,2683.72,2683.4,2683.41,23.2871
1791025440000,2683.41,2684.07,2682.55,2684.07,97.7985
1791025500000,2683.95,2683.95,2683.39,2683.39,26.4012
1791025560000,2683.4,2683.8,2683.39,2683.79,29.6907
1791025620000,2683.8,2684.34,2683.79,2684.12,45.8964
1791025680000,2684.13,2684.13,2683.51,2683.51,49.2375
1791025740000,2683.51,2683.87,2683.51,2683.84,43.3595
1791025800000,2683.85,2683.85,2682.54,2682.54,43.7604
1791025860000,2682.54,2682.55,2682.39,2682.4,19.8756
1791025920000,2682.4,2682.78,2682.39,2682.74,47.6702
1791025980000,2682.75,2682.75,2682.41,2682.42,38.0314
1791026040000,2682.41,2682.41,2681.78,2681.88,61.9795
1791026100000,2681.89,2681.89,2681.71,2681.72,10.8932
1791026160000,2681.72,2682.3,2681.71,2682.3,51.6963
1791026220000,2682.29,2682.42,2682.29,2682.41,10.9956
1791026280000,2682.41,2683.31,2681.96,2683.31,99.5811
1791026340000,2683.31,2683.31,2683.18,2683.18,12.6435
1791026400000,2683.19,2683.29,2682.79,2682.8,41.3549
1791026460000,2682.8,2682.8,2682.57,2682.57,10.9374
1791026520000,2682.57,2682.57,2682.03,2682.26,45.4449
1791026580000,2682.26,2682.27,2682.24,2682.24,18.2899
1791026640000,2682.24,2682.24,2682.09,2682.1,20.8893
1791026700000,2682.1,2682.53,2682.09,2682.42,19.0318
1791026760000,2682.43,2682.43,2682.42,2682.43,3.9222
1791026820000,2682.42,2682.5,2682.42,2682.5,8.7706
1791026880000,2682.49,2682.52,2682.49,2682.52,67.7331
1791026940000,2682.52,2683.79,2682.51,2683.79,80.0986
1791027000000,2683.79,2684.26,2683.79,2684.26,26.8804
1791027060000,2684.25,2684.26,2684.25,2684.26,12.4332
1791027120000,2684.26,2684.59,2684.25,2684.36,19.6842
1791027180000,2684.36,2684.67,2684.35,2684.63,43.6582
1791027240000,2684.64,2685.08,2684.63,2685.08,18.6352
1791027300000,2685.07,2685.55,2685.07,2685.36,66.8666
1791027360000,2685.35,2685.36,2685.26,2685.26,19.9858
1791027420000,2685.26,2685.26,2685.0,2685.13,23.7404
1791027480000,2685.14,2685.66,2685.14,2685.66,22.7889
1791027540000,2685.66,2686.0,2685.65,2686.0,70.3967
1791027600000,2685.99,2686.37,2685.99,2686.36,53.7858
1791027660000,2686.37,2686.38,2685.76,2685.78,127.1931
1791027720000,2685.78,2685.78,2685.4,2685.4,48.1332
1791027780000,2685.41,2685.41,2685.39,2685.39,65.8272
1791027840000,2685.39,2685.41,2685.39,2685.41,64.5167
1791027900000,2685.4,2685.78,2685.4,2685.78,79.0574
1791027960000,2685.78,2685.78,2685.77,2685.77,60.1155
1791028020000,2685.78,2685.97,2685.77,2685.96,88.409
1791028080000,2685.97,2686.43,2685.93,2686.42,138.5398
1791028140000,2686.42,2686.42,2685.22,2685.23,221.2282
1791028200000,2685.23,2685.84,2685.22,2685.83,52.7956
1791028260000,2685.84,2685.84,2685.51,2685.53,27.2771
1791028320000,2685.53,2685.62,2685.52,2685.61,6.9452
1791028380000,2685.62,2685.74,2685.61,2685.73,30.4428
1791028440000,2685.73,2685.74,2685.73,2685.74,10.5544
1791028500000,2685.74,2685.74,2685.73,2685.74,5.1942
1791028560000,2685.73,2685.74,2685.55,2685.55,48.9582
1791028620000,2685.55,2685.56,2684.65,2684.66,44.4652
1791028680000,2684.66,2684.66,2684.51,2684.51,11.2072
1791028740000,2684.52,2684.55,2684.51,2684.55,29.3448
1791028800000,2684.54,2684.81,2684.54,2684.8,10.766
1791028860000,2684.81,2684.81,2684.8,2684.8,25.3695
1791028920000,2684.81,2684.81,2684.64,2684.65,59.9913
1791028980000,2684.64,2684.88,2684.64,2684.88,59.9569
1791029040000,2684.88,2684.88,2684.72,2684.73,46.9296
1791029100000,2684.73,2684.73,2684.61,2684.62,15.0132
1791029160000,2684.62,2684.62,2684.61,2684.62,19.8385
1791029220000,2684.62,2684.62,2683.38,2684.19,128.8513
1791029280000,2684.18,2684.19,2684.18,2684.18,8.4526
1791029340000,2684.18,2684.19,2683.64,2683.64,78.3182
1791029400000,2683.64,2683.75,2683.59,2683.6,50.7026
1791029460000,2683.59,2683.99,2683.59,2683.98,28.083
1791029520000,2683.99,2683.99,2683.98,2683.99,7.7607
1791029580000,2683.98,2683.99,2683.71,2683.71,42.9162
1791029640000,2683.72,2683.72,2683.71,2683.72,10.3096
1791029700000,2683.72,2683.75,2683.55,2683.55,15.2904
1791029760000,2683.55,2683.71,2683.17,2683.71,37.4061
1791029820000,2683.71,2684.0,2683.7,2684.0,33.7582
1791029880000,2683.99,2685.81,2683.99,2685.34,98.1681
1791029940000,2685.35,2686.07,2685.35,2685.85,85.7189
1791030000000,2685.84,2686.73,2685.14,2685.86,171.4205
1791030060000,2685.85,2686.85,2685.85,2686.84,48.8611
1791030120000,2686.83,2686.83,2685.52,2685.53,65.4378
1791030180000,2685.53,2687.06,2685.52,2687.05,228.8012
1791030240000,2687.06,2687.06,2686.58,2686.58,27.5073
1791030300000,2686.59,2687.5,2685.47,2685.47,94.765
1791030360000,2685.47,2685.98,2685.47,2685.97,37.5571
1791030420000,2685.97,2685.97,2685.02,2685.03,22.4287
1791030480000,2685.02,2685.03,2685.02,2685.02,6.2361
1791030540000,2685.02,2685.03,2683.06,2683.06,67.7719
1791030600000,2683.07,2683.07,2683.06,2683.07,30.5844
1791030660000,2683.06,2683.07,2682.48,2682.49,7.4975
1791030720000,2682.48,2682.49,2682.31,2682.31,16.7395
1791030780000,2682.32,2682.32,2681.94,2682.14,37.6676
1791030840000,2682.14,2682.15,2682.12,2682.13,9.5945
1791030900000,2682.12,2682.57,2682.12,2682.17,124.7928
1791030960000,2682.16,2682.16,2681.65,2681.89,106.1516
1791031020000,2681.89,2682.33,2681.88,2682.32,14.4237
1791031080000,2682.32,2682.33,2682.32,2682.33,20.0654
1791031140000,2682.33,2683.77,2681.99,2683.25,415.9683
1791031200000,2683.24,2683.24,2683.04,2683.04,14.9876
1791031260000,2683.04,2683.05,2681.58,2681.59,59.6356
1791031320000,2681.59,2681.63,2680.49,2680.49,140.5974
1791031380000,2680.5,2681.38,2680.5,2681.27,45.7911
1791031440000,2681.27,2681.27,2681.13,2681.22,29.5343
1791031500000,2681.22,2681.53,2681.21,2681.53,50.9592
1791031560000,2681.53,2681.53,2681.52,2681.53,3.7909
1791031620000,2681.52,2681.63,2681.38,2681.63,25.415
1791031680000,2681.62,2681.8,2681.62,2681.79,49.411
1791031740000,2681.79,2681.79,2681.5,2681.51,21.6096
1791031800000,2681.51,2681.71,2681.5,2681.7,15.0183
1791031860000,2681.7,2681.85,2681.7,2681.84,14.2381
1791031920000,2681.85,2682.69,2681.85,2682.68,19.105
1791031980000,2682.69,2682.84,2682.53,2682.84,20.3476
1791032040000,2682.84,2683.27,2682.82,2683.27,21.8337
1791032100000,2683.27,2683.27,2683.26,2683.26,25.472
1791032160000,2683.26,2683.37,2683.08,2683.37,57.5277
1791032220000,2683.37,2683.54,2683.37,2683.48,20.5085
1791032280000,2683.49,2683.49,2683.2,2683.2,12.8519
1791032340000,2683.21,2683.21,2682.66,2682.67,18.0165
1791032400000,2682.67,2682.67,2682.08,2682.08,35.4376
1791032460000,2682.08,2682.09,2682.08,2682.09,12.0163
1791032520000,2682.09,2682.09,2681.21,2681.21,21.2795
1791032580000,2681.21,2682.78,2681.21,2682.59,163.1749
1791032640000,2682.6,2682.6,2681.52,2681.53,62.6385
1791032700000,2681.52,2681.53,2681.52,2681.52,17.5043
1791032760000,2681.52,2682.09,2681.52,2682.02,71.1144
1791032820000,2682.01,2682.01,2681.21,2681.22,37.2241
1791032880000,2681.21,2681.21,2680.62,2681.04,40.251
1791032940000,2681.03,2681.53,2680.97,2681.53,84.1633
1791033000000,2681.53,2681.53,2681.52,2681.52,32.4565
1791033060000,2681.53,2681.53,2680.98,2680.99,18.6735
1791033120000,2680.99,2680.99,2680.6,2680.6,37.576
1791033180000,2680.6,2681.28,2680.31,2681.26,55.9218
1791033240000,2681.27,2681.27,2681.26,2681.27,7.1097
1791033300000,2681.27,2681.27,2680.86,2680.87,18.4326
1791033360000,2680.86,2680.87,2680.86,2680.87,8.2348
1791033420000,2680.86,2680.87,2680.09,2680.09,84.5923
1791033480000,2680.09,2680.1,2679.55,2679.55,50.5805
1791033540000,2679.56,2679.61,2679.17,2679.6,82.6216
1791033600000,2679.6,2679.6,2679.0,2679.0,34.0566
1791033660000,2679.0,2679.0,2677.41,2678.08,155.3349
1791033720000,2678.08,2678.17,2677.74,2678.17,40.7399
1791033780000,2678.17,2678.94,2678.16,2678.94,35.3301
1791033840000,2678.94,2678.94,2678.55,2678.56,66.7415
1791033900000,2678.56,2679.23,2678.55,2679.22,59.0895
1791033960000,2679.22,2679.23,2679.22,2679.22,8.4113
1791034020000,2679.23,2679.23,2678.83,2678.83,37.2399
1791034080000,2678.84,2678.84,2678.83,2678.84,6.7285
1791034140000,2678.84,2678.84,2678.83,2678.84,27.4679
1791034200000,2678.83,2678.84,2678.83,2678.84,1.7988
1791034260000,2678.84,2678.84,2678.83,2678.83,6.804
1791034320000,2678.84,2678.84,2678.83,2678.84,33.01
1791034380000,2678.84,2679.57,2678.83,2679.57,60.5332
1791034440000,2679.57,2680.87,2679.57,2680.86,282.9349
1791034500000,2680.86,2681.53,2680.86,2681.38,98.9692
1791034560000,2681.38,2682.63,2681.19,2681.19,45.7584
1791034620000,2681.19,2681.2,2680.45,2681.19,61.8485
1791034680000,2681.18,2681.72,2681.06,2681.06,77.5146
1791034740000,2681.06,2681.07,2680.96,2680.96,24.6507
1791034800000,2680.97,2681.73,2680.96,2681.73,37.9363
1791034860000,2681.73,2682.27,2681.73,2682.27,15.3388
1791034920000,2682.27,2682.27,2682.26,2682.26,10.7384
1791034980000,2682.26,2682.27,2681.82,2681.83,59.7469
1791035040000,2681.82,2681.82,2680.7,2680.71,200.275
1791035100000,2680.7,2680.71,2680.7,2680.7,4.2605
1791035160000,2680.71,2681.37,2680.7,2681.36,21.2214
1791035220000,2681.37,2681.37,2681.09,2681.09,63.0261
1791035280000,2681.08,2681.64,2681.08,2681.64,36.9894
1791035340000,2681.64,2681.81,2681.64,2681.8,21.4834
1791035400000,2681.81,2682.01,2681.8,2681.8,38.7457
1791035460000,2681.81,2681.81,2681.8,2681.81,3.3345
1791035520000,2681.81,2681.94,2681.8,2681.94,5.9515
1791035580000,2681.93,2682.17,2681.93,2682.16,49.7098
1791035640000,2682.17,2682.17,2682.16,2682.17,1.7659
1791035700000,2682.16,2682.17,2682.16,2682.16,10.4046
1791035760000,2682.17,2682.17,2682.16,2682.17,6.5223
1791035820000,2682.17,2682.17,2682.16,2682.17,4.3218
1791035880000,2682.17,2682.17,2681.98,2681.98,39.0351
1791035940000,2681.98,2681.99,2681.98,2681.99,17.4069
1791036000000,2681.99,2681.99,2681.79,2681.8,36.5466
1791036060000,2681.79,2681.79,2681.29,2681.29,13.3005
1791036120000,2681.3,2681.3,2680.54,2680.55,6.4446
1791036180000,2680.54,2680.55,2680.21,2680.22,17.2194
1791036240000,2680.22,2680.22,2680.0,2680.0,9.6852
1791036300000,2680.0,2680.46,2680.0,2680.0,107.1031
1791036360000,2680.01,2680.01,2679.0,2679.0,53.3751
1791036420000,2679.0,2679.55,2678.91,2679.55,44.3895
1791036480000,2679.54,2679.56,2679.54,2679.56,63.455
1791036540000,2679.56,2679.56,2679.55,2679.55,18.4523
1791036600000,2679.55,2679.56,2679.55,2679.56,9.7077
1791036660000,2679.55,2679.56,2679.32,2679.32,200.7732
1791036720000,2679.31,2679.32,2679.31,2679.32,17.0656
1791036780000,2679.32,2679.32,2679.04,2679.04,22.0004
1791036840000,2679.05,2679.05,2678.83,2678.84,23.2601
1791036900000,2678.84,2679.26,2678.83,2679.15,58.4215
1791036960000,2679.15,2679.66,2679.15,2679.65,17.1701
1791037020000,2679.66,2679.69,2679.66,2679.69,27.5037
1791037080000,2679.69,2680.39,2679.68,2680.39,31.0364
1791037140000,2680.38,2680.39,2680.38,2680.39,18.514
1791037200000,2680.38,2680.39,2680.38,2680.38,10.2898
1791037260000,2680.38,2680.69,2680.38,2680.68,43.4288
1791037320000,2680.67,2681.15,2680.67,2681.15,22.5274
1791037380000,2681.15,2681.15,2681.14,2681.14,10.0172
1791037440000,2681.14,2681.15,2681.14,2681.15,18.8845
1791037500000,2681.14,2681.15,2681.14,2681.15,8.6916
1791037560000,2681.15,2681.56,2681.14,2681.56,36.4878
1791037620000,2681.56,2681.77,2681.56,2681.58,44.4512
1791037680000,2681.58,2681.58,2681.57,2681.58,13.5789
1791037740000,2681.57,2681.58,2681.21,2681.21,50.734
1791037800000,2681.22,2681.33,2681.21,2681.32,37.6621
1791037860000,2681.32,2682.5,2681.32,2682.43,67.4767
1791037920000,2682.44,2682.44,2682.03,2682.03,27.1867
1791037980000,2682.03,2682.04,2681.59,2681.59,19.1692
1791038040000,2681.59,2681.6,2681.56,2681.56,29.1115
1791038100000,2681.57,2681.57,2680.38,2680.39,25.0216
1791038160000,2680.38,2680.39,2680.38,2680.39,6.5082
1791038220000,2680.39,2680.39,2680.38,2680.38,16.8985
1791038280000,2680.39,2680.39,2679.47,2679.71,74.231
1791038340000,2679.71,2680.05,2679.71,2680.04,34.1029
1791038400000,2680.05,2680.05,2679.67,2679.67,44.4896
1791038460000,2679.68,2680.05,2679.67,2680.04,36.0664
1791038520000,2680.05,2680.05,2680.04,2680.05,7.7845
1791038580000,2680.04,2680.2,2680.04,2680.2,64.7345
1791038640000,2680.2,2681.24,2680.19,2681.23,32.0727
1791038700000,2681.24,2681.85,2681.23,2681.85,12.7663
1791038760000,2681.84,2682.81,2681.84,2682.36,69.1149
1791038820000,2682.35,2682.72,2682.35,2682.72,37.967
1791038880000,2682.71,2683.52,2682.71,2683.5,50.1091
1791038940000,2683.5,2684.66,2683.5,2684.39,151.8958
1791039000000,2684.4,2684.4,2683.54,2683.55,54.3584
1791039060000,2683.55,2683.55,2683.23,2683.24,17.928
1791039120000,2683.23,2683.24,2683.23,2683.24,7.4072
1791039180000,2683.23,2683.23,2682.64,2682.64,55.9642
1791039240000,2682.65,2682.65,2682.25,2682.25,26.1997
1791039300000,2682.26,2682.94,2682.25,2682.93,44.281
1791039360000,2682.94,2683.03,2682.93,2683.02,18.095
1791039420000,2683.03,2683.07,2682.53,2682.54,91.6447
1791039480000,2682.54,2682.98,2682.24,2682.46,181.5372
1791039540000,2682.53,2683.57,2682.53,2683.56,69.2367
1791039600000,2683.56,2683.56,2680.72,2680.72,176.5091
1791039660000,2680.72,2680.72,2679.99,2679.99,29.0312
1791039720000,2680.0,2680.6,2679.99,2680.5,79.5799
1791039780000,2680.51,2680.51,2680.36,2680.45,147.269
1791039840000,2680.45,2680.8,2680.45,2680.8,44.0538
1791039900000,2680.8,2681.02,2680.8,2680.9,65.5131
1791039960000,2680.9,2681.21,2680.88,2681.2,141.5552
1791040020000,2681.2,2681.21,2680.87,2680.87,67.6768
1791040080000,2680.87,2681.44,2680.84,2681.32,95.777
1791040140000,2681.33,2682.21,2680.78,2680.78,497.9384
1791040200000,2680.78,2680.98,2680.78,2680.97,50.3966
1791040260000,2680.98,2680.98,2680.97,2680.98,61.8001
1791040320000,2680.98,2681.39,2680.66,2680.66,172.4281
1791040380000,2680.66,2681.24,2680.64,2681.04,99.1614
1791040440000,2681.04,2682.42,2680.68,2682.41,202.3461
1791040500000,2682.41,2682.42,2681.07,2681.07,157.8048
1791040560000,2681.07,2681.15,2681.07,2681.14,22.6266
1791040620000,2681.14,2681.89,2681.11,2681.11,145.3056
1791040680000,2681.11,2681.12,2680.85,2680.88,25.2238
1791040740000,2680.88,2681.29,2680.88,2681.01,36.7655
1791040800000,2681.0,2681.78,2681.0,2681.37,42.9082
1791040860000,2681.36,2681.76,2681.36,2681.76,17.9961
1791040920000,2681.75,2681.76,2681.41,2681.42,42.3062
1791040980000,2681.41,2681.42,2681.41,2681.41,3.9858
1791041040000,2681.41,2681.42,2680.6,2680.6,54.072
1791041100000,2680.59,2681.12,2680.59,2681.12,90.8063
1791041160000,2681.12,2681.12,2681.11,2681.12,10.9132
1791041220000,2681.12,2681.34,2681.11,2681.34,26.867
1791041280000,2681.34,2681.34,2681.33,2681.34,15.7062
1791041340000,2681.33,2681.34,2680.82,2680.82,18.8304
1791041400000,2680.83,2680.83,2680.56,2680.57,13.6712
1791041460000,2680.57,2680.57,2679.49,2679.5,107.4067
1791041520000,2679.5,2680.42,2679.49,2680.21,118.7066
1791041580000,2680.2,2680.21,2679.28,2679.67,259.3755
1791041640000,2679.68,2680.26,2679.04,2680.25,91.9217
1791041700000,2680.26,2680.26,2679.29,2680.1,41.431
1791041760000,2680.09,2680.1,2679.65,2679.65,30.3525
1791041820000,2679.66,2679.73,2679.65,2679.73,28.8858
1791041880000,2679.73,2680.49,2679.73,2680.48,80.2634
1791041940000,2680.48,2680.49,2680.48,2680.49,15.5188
1791042000000,2680.48,2680.49,2680.48,2680.48,17.5207
1791042060000,2680.49,2680.49,2680.48,2680.49,59.5298
1791042120000,2680.49,2680.83,2680.18,2680.19,174.6304
1791042180000,2680.18,2680.67,2680.18,2680.66,66.3513
1791042240000,2680.66,2681.16,2680.66,2680.9,55.6528
1791042300000,2680.9,2681.61,2680.89,2681.61,17.014
1791042360000,2681.61,2681.61,2681.6,2681.61,6.1273
1791042420000,2681.61,2681.61,2681.6,2681.6,7.192
1791042480000,2681.6,2681.61,2681.6,2681.61,3.1522
1791042540000,2681.61,2682.0,2681.6,2682.0,105.8242
1791042600000,2682.0,2682.68,2681.99,2682.67,41.0789
1791042660000,2682.68,2682.68,2682.16,2682.16,31.3103
1791042720000,2682.16,2682.17,2681.52,2681.52,81.8037
1791042780000,2681.52,2681.53,2681.52,2681.53,9.2343
1791042840000,2681.53,2681.53,2681.52,2681.53,3.9282
1791042900000,2681.52,2681.53,2681.52,2681.53,13.3776
1791042960000,2681.53,2681.7,2681.52,2681.7,27.935
1791043020000,2681.7,2681.7,2681.68,2681.69,6.4774
1791043080000,2681.69,2681.69,2681.68,2681.69,5.7701
1791043140000,2681.68,2681.69,2681.68,2681.69,45.2892
1791043200000,2681.69,2681.69,2681.68,2681.69,3.4231
1791043260000,2681.68,2681.69,2680.54,2681.0,405.5692
1791043320000,2680.99,2680.99,2679.42,2679.43,101.6592
1791043380000,2679.43,2680.64,2679.42,2680.02,224.5227
1791043440000,2680.01,2680.47,2679.75,2680.35,93.5748
1791043500000,2680.34,2680.34,2680.04,2680.04,59.8445
1791043560000,2680.04,2680.05,2679.57,2679.57,98.6385
1791043620000,2679.57,2679.57,2679.56,2679.57,8.2618
1791043680000,2679.57,2679.85,2679.56,2679.84,38.4297
1791043740000,2679.85,2679.92,2679.84,2679.92,73.5938
1791043800000,2679.92,2679.92,2679.91,2679.91,51.4062
1791043860000,2679.91,2680.49,2679.91,2680.05,131.8816
1791043920000,2680.04,2680.05,2680.04,2680.05,60.4615
1791043980000,2680.04,2680.05,2679.95,2679.95,105.1932
1791044040000,2679.95,2679.96,2679.81,2679.81,34.3056
1791044100000,2679.82,2679.86,2679.59,2679.59,66.6722
1791044160000,2679.6,2679.6,2679.47,2679.48,20.1072
1791044220000,2679.48,2679.48,2678.87,2678.87,82.6821
1791044280000,2678.87,2678.88,2678.87,2678.88,12.666
1791044340000,2678.87,2678.88,2678.87,2678.88,22.8982
1791044400000,2678.87,2679.1,2678.79,2679.04,97.2702
1791044460000,2679.04,2679.35,2679.01,2679.01,18.6535
1791044520000,2679.01,2679.02,2679.01,2679.01,2.9313
1791044580000,2679.01,2679.02,2679.01,2679.02,9.2344
1791044640000,2679.01,2679.02,2679.01,2679.02,18.8265
1791044700000,2679.01,2679.45,2679.01,2679.45,80.7538
1791044760000,2679.44,2679.45,2679.44,2679.44,4.2211
1791044820000,2679.44,2679.45,2679.44,2679.45,5.7523
1791044880000,2679.45,2679.57,2679.44,2679.57,53.2813
1791044940000,2679.57,2680.3,2679.56,2680.29,68.2499
1791045000000,2680.3,2681.56,2680.29,2681.56,73.03
1791045060000,2681.56,2681.57,2681.56,2681.56,10.4589
1791045120000,2681.56,2682.33,2681.56,2681.93,203.2604
1791045180000,2681.92,2681.93,2681.8,2681.8,26.3375
1791045240000,2681.81,2681.81,2681.67,2681.68,14.939
1791045300000,2681.68,2681.68,2681.67,2681.67,12.795
1791045360000,2681.68,2681.79,2681.68,2681.78,14.9001
1791045420000,2681.79,2681.79,2681.55,2681.56,24.1666
1791045480000,2681.56,2682.41,2681.55,2682.4,257.2009
1791045540000,2682.41,2682.68,2682.4,2682.67,34.3499
1791045600000,2682.67,2682.68,2682.42,2682.42,45.3844
1791045660000,2682.43,2682.43,2682.42,2682.43,12.5827
1791045720000,2682.42,2682.43,2681.9,2681.91,27.0259
1791045780000,2681.9,2682.87,2681.9,2682.59,212.8126
1791045840000,2682.59,2682.6,2682.03,2682.03,22.3948
1791045900000,2682.03,2682.22,2682.02,2682.21,57.1705
1791045960000,2682.21,2682.22,2682.2,2682.21,18.2194
1791046020000,2682.21,2682.21,2681.62,2681.63,106.6014
1791046080000,2681.63,2682.41,2681.62,2682.03,199.8703
1791046140000,2682.03,2682.04,2681.5,2681.5,23.8271
1791046200000,2681.51,2681.51,2681.09,2681.09,19.3216
1791046260000,2681.09,2681.1,2680.94,2681.09,48.0955
1791046320000,2681.09,2681.48,2681.09,2681.48,39.2116
1791046380000,2681.47,2681.48,2681.47,2681.47,3.0572
1791046440000,2681.48,2681.48,2681.47,2681.47,12.3826
1791046500000,2681.48,2682.51,2681.47,2681.68,255.3746
1791046560000,2681.69,2681.69,2681.67,2681.67,23.7643
1791046620000,2681.68,2681.68,2681.67,2681.68,19.5127
1791046680000,2681.68,2681.68,2681.67,2681.67,22.9177
1791046740000,2681.68,2681.68,2681.67,2681.68,11.4471
1791046800000,2681.67,2681.68,2681.66,2681.67,89.4365
1791046860000,2681.67,2682.16,2681.62,2681.76,214.0834
1791046920000,2681.76,2682.09,2681.75,2682.09,24.9097
1791046980000,2682.08,2682.44,2682.08,2682.28,55.2178
1791047040000,2682.27,2682.28,2682.27,2682.28,33.6894
1791047100000,2682.28,2682.7,2682.28,2682.62,65.7493
1791047160000,2682.61,2682.62,2682.61,2682.61,7.111
1791047220000,2682.61,2682.98,2682.61,2682.98,52.0474
1791047280000,2682.98,2682.98,2682.97,2682.98,16.5059
1791047340000,2682.98,2683.9,2682.97,2683.9,183.6505
1791047400000,2683.9,2684.17,2683.9,2684.1,68.3109
1791047460000,2684.1,2684.51,2683.99,2684.5,254.1271
1791047520000,2684.51,2685.64,2684.5,2684.95,287.9824
1791047580000,2684.96,2685.2,2684.95,2685.2,41.1505
1791047640000,2685.2,2685.2,2684.93,2685.06,61.233
1791047700000,2685.07,2685.62,2684.95,2685.61,81.6328
1791047760000,2685.62,2685.62,2685.25,2685.26,37.6822
1791047820000,2685.26,2685.26,2684.5,2684.5,55.9809
1791047880000,2684.5,2685.41,2684.5,2685.35,277.869
1791047940000,2685.35,2685.36,2685.35,2685.35,10.9013
1791048000000,2685.35,2685.92,2685.35,2685.92,92.4675
1791048060000,2685.92,2686.0,2685.91,2685.91,49.1661
1791048120000,2685.91,2686.66,2685.91,2686.18,70.5816
1791048180000,2686.19,2686.41,2686.18,2686.41,89.6033
1791048240000,2686.4,2686.41,2685.93,2685.93,27.4403
1791048300000,2685.94,2685.94,2685.01,2685.02,42.8492
1791048360000,2685.02,2685.02,2684.25,2684.26,15.6689
1791048420000,2684.25,2684.25,2683.58,2683.98,41.5684
1791048480000,2683.98,2683.98,2683.94,2683.95,61.1996
1791048540000,2683.95,2683.95,2683.94,2683.94,19.683
1791048600000,2683.93,2683.94,2682.8,2682.8,231.491
1791048660000,2682.8,2682.81,2682.33,2682.33,31.0658
1791048720000,2682.33,2682.7,2681.87,2682.55,81.6679
1791048780000,2682.54,2682.55,2682.39,2682.4,24.92
1791048840000,2682.4,2683.38,2681.99,2683.37,169.3022
1791048900000,2683.38,2683.82,2683.28,2683.82,19.5552
1791048960000,2683.81,2683.82,2683.81,2683.81,15.9386
1791049020000,2683.82,2685.41,2683.81,2684.75,311.0197
1791049080000,2684.75,2684.75,2684.06,2684.07,13.3145
1791049140000,2684.07,2684.47,2684.06,2684.47,33.161
1791049200000,2684.46,2684.77,2684.46,2684.77,19.4384
1791049260000,2684.76,2685.14,2684.7,2685.13,15.6381
1791049320000,2685.14,2685.14,2685.12,2685.12,11.6363
1791049380000,2685.12,2685.12,2684.74,2684.75,41.1757
1791049440000,2684.74,2686.0,2684.74,2686.0,261.8071
1791049500000,2685.99,2686.0,2684.37,2684.38,39.678
1791049560000,2684.38,2685.54,2684.37,2685.54,56.371
1791049620000,2685.55,2685.55,2684.76,2684.76,36.1607
1791049680000,2684.77,2685.09,2684.54,2685.02,65.6687
1791049740000,2685.02,2685.03,2684.61,2684.77,35.9254
1791049800000,2684.77,2689.18,2684.76,2687.77,654.4017
1791049860000,2687.77,2687.78,2686.88,2687.7,99.5584
1791049920000,2687.69,2689.56,2687.69,2689.19,270.8304
1791049980000,2689.19,2689.19,2686.73,2686.74,277.5152
1791050040000,2686.74,2687.96,2686.73,2687.96,46.8163
1791050100000,2687.95,2687.95,2687.81,2687.81,21.3052
1791050160000,2687.81,2687.97,2687.81,2687.96,24.1924
1791050220000,2687.96,2689.02,2687.74,2688.77,149.1585
1791050280000,2688.77,2689.6,2688.6,2688.92,159.3945
1791050340000,2688.93,2689.89,2688.88,2689.01,149.2509
1791050400000,2689.01,2689.02,2688.03,2688.03,58.1441
1791050460000,2688.04,2688.58,2688.03,2688.57,41.7495
1791050520000,2688.58,2688.97,2688.58,2688.86,49.3118
1791050580000,2688.85,2688.86,2688.58,2688.59,8.3157
1791050640000,2688.59,2688.66,2688.41,2688.66,19.2037
1791050700000,2688.66,2688.93,2688.66,2688.81,6.637
1791050760000,2688.82,2690.0,2688.82,2689.78,64.766
1791050820000,2689.78,2690.0,2689.51,2689.52,26.4474
1791050880000,2689.51,2689.52,2688.98,2688.98,44.555
1791050940000,2688.99,2689.65,2688.8,2688.8,42.2787
1791051000000,2688.8,2688.81,2686.75,2686.75,141.6715
1791051060000,2686.75,2686.75,2686.32,2686.68,48.3753
1791051120000,2686.67,2686.67,2685.72,2686.53,144.0476
1791051180000,2686.54,2686.67,2686.53,2686.66,40.5349
1791051240000,2686.66,2687.05,2686.06,2687.03,66.0866
1791051300000,2687.03,2688.07,2687.03,2688.07,24.6509
1791051360000,2688.07,2688.07,2687.34,2687.35,20.8987
1791051420000,2687.35,2687.35,2685.98,2685.98,83.6581
1791051480000,2685.99,2686.1,2685.49,2685.88,297.0663
1791051540000,2685.89,2686.48,2685.88,2686.48,82.6187
1791051600000,2686.48,2686.48,2686.47,2686.48,5.8022
1791051660000,2686.48,2686.48,2686.47,2686.48,9.7779
1791051720000,2686.47,2686.48,2686.27,2686.28,23.5667
1791051780000,2686.27,2686.28,2686.27,2686.27,8.9024
1791051840000,2686.28,2686.28,2686.24,2686.24,38.3058
1791051900000,2686.25,2686.25,2686.24,2686.25,6.9793
1791051960000,2686.24,2686.25,2686.24,2686.24,5.7234
1791052020000,2686.24,2686.25,2686.23,2686.23,11.2491
1791052080000,2686.23,2686.25,2686.06,2686.24,26.508
1791052140000,2686.25,2686.62,2686.24,2686.61,23.5821
1791052200000,2686.61,2686.62,2685.78,2685.78,31.7548
1791052260000,2685.77,2685.78,2685.46,2685.46,59.4469
1791052320000,2685.45,2685.46,2685.39,2685.39,7.9946
1791052380000,2685.39,2685.4,2685.29,2685.3,40.6372
1791052440000,2685.29,2685.3,2684.99,2685.0,107.2171
1791052500000,2684.99,2685.0,2684.99,2685.0,51.1158
1791052560000,2685.0,2685.47,2684.99,2685.46,156.8276
1791052620000,2685.47,2685.69,2685.46,2685.69,13.503
1791052680000,2685.68,2685.9,2685.68,2685.69,58.1855
1791052740000,2685.69,2685.7,2684.65,2684.66,56.5507
1791052800000,2684.66,2684.66,2684.65,2684.66,7.1842
1791052860000,2684.65,2684.66,2684.43,2684.43,8.3225
1791052920000,2684.43,2684.88,2684.43,2684.87,29.1885
1791052980000,2684.87,2685.22,2684.87,2685.22,16.367
1791053040000,2685.23,2685.54,2685.23,2685.54,18.0469
1791053100000,2685.54,2685.54,2685.53,2685.53,8.3898
1791053160000,2685.54,2685.54,2685.53,2685.53,4.3727
1791053220000,2685.53,2685.53,2684.99,2685.0,236.3671
1791053280000,2685.0,2685.0,2684.99,2685.0,28.0042
1791053340000,2685.0,2685.0,2684.72,2684.73,12.9811
1791053400000,2684.73,2684.73,2684.63,2684.64,28.6011
1791053460000,2684.63,2684.63,2683.72,2683.73,71.6303
1791053520000,2683.72,2683.73,2683.72,2683.72,2.7201
1791053580000,2683.72,2683.73,2683.72,2683.72,5.0274
1791053640000,2683.72,2683.73,2683.72,2683.72,20.5343
1791053700000,2683.73,2684.06,2683.73,2684.05,29.1413
1791053760000,2684.05,2684.21,2684.05,2684.2,13.1878
1791053820000,2684.2,2684.9,2684.2,2684.89,17.3615
1791053880000,2684.9,2684.9,2684.89,2684.89,1.6806
1791053940000,2684.9,2685.22,2684.89,2685.14,23.5943
1791054000000,2685.15,2685.15,2683.99,2684.11,332.2204
1791054060000,2684.12,2684.49,2684.08,2684.09,27.24
1791054120000,2684.09,2684.09,2683.72,2683.73,5.5565
1791054180000,2683.73,2683.73,2682.49,2682.49,64.6629
1791054240000,2682.49,2682.73,2682.49,2682.73,26.825
1791054300000,2682.72,2682.73,2682.72,2682.73,25.5358
1791054360000,2682.73,2683.59,2682.72,2683.59,14.5066
1791054420000,2683.58,2683.59,2683.58,2683.59,1.6604
1791054480000,2683.59,2683.59,2683.58,2683.58,6.6037
1791054540000,2683.59,2683.81,2683.58,2683.8,16.9636
1791054600000,2683.8,2683.81,2683.8,2683.8,2.1287
1791054660000,2683.81,2683.81,2683.8,2683.81,13.3853
1791054720000,2683.81,2683.81,2683.8,2683.8,14.7762
1791054780000,2683.81,2683.81,2683.8,2683.81,33.3226
1791054840000,2683.81,2684.49,2683.8,2684.49,32.5733
1791054900000,2684.49,2685.07,2684.49,2685.07,15.5315
1791054960000,2685.07,2685.97,2685.07,2685.53,59.0039
1791055020000,2685.53,2685.53,2684.9,2684.9,11.7307
1791055080000,2684.91,2684.91,2684.75,2684.75,3.4339
1791055140000,2684.75,2684.75,2683.46,2683.94,131.3517
1791055200000,2683.93,2683.94,2682.99,2683.0,95.1549
1791055260000,2683.0,2683.0,2682.99,2683.0,20.9651
1791055320000,2683.0,2683.0,2682.99,2682.99,39.8264
1791055380000,2682.99,2683.0,2682.99,2682.99,18.2094
1791055440000,2683.0,2683.0,2682.99,2683.0,84.2506
1791055500000,2683.0,2683.0,2682.99,2682.99,15.8491
1791055560000,2682.99,2683.0,2682.99,2683.0,20.739
1791055620000,2683.0,2683.0,2682.99,2682.99,44.5811
1791055680000,2683.0,2683.0,2682.92,2682.92,30.2706
1791055740000,2682.92,2682.93,2681.72,2681.72,52.5328
1791055800000,2681.73,2682.06,2681.72,2682.05,21.3047
1791055860000,2682.05,2682.07,2682.05,2682.07,37.7743
1791055920000,2682.07,2682.07,2682.0,2682.0,9.8696
1791055980000,2682.0,2682.0,2681.79,2681.81,61.1922
1791056040000,2681.8,2681.8,2681.75,2681.75,52.9314
1791056100000,2681.76,2681.76,2681.75,2681.75,5.8493
1791056160000,2681.76,2682.08,2681.43,2681.85,281.742
1791056220000,2681.85,2682.48,2681.85,2682.48,91.2247
1791056280000,2682.47,2682.91,2682.47,2682.85,55.9744
1791056340000,2682.85,2683.26,2682.84,2683.26,29.3434
1791056400000,2683.26,2683.26,2683.25,2683.25,2.2252
1791056460000,2683.25,2683.91,2682.77,2683.91,362.9727
1791056520000,2683.91,2683.91,2683.6,2683.61,19.7048
1791056580000,2683.61,2683.61,2683.46,2683.46,23.5889
1791056640000,2683.47,2683.47,2682.73,2682.73,20.313
1791056700000,2682.73,2682.73,2682.72,2682.73,2.3414
1791056760000,2682.73,2682.73,2682.4,2682.4,25.2449
1791056820000,2682.4,2682.4,2680.9,2682.12,91.0072
1791056880000,2682.12,2682.65,2682.12,2682.64,24.9379
1791056940000,2682.65,2682.65,2682.47,2682.48,18.3824
1791057000000,2682.48,2683.14,2682.47,2683.14,34.2679
1791057060000,2683.14,2683.14,2683.13,2683.14,15.301
1791057120000,2683.14,2683.46,2683.13,2683.46,16.5638
1791057180000,2683.46,2683.75,2683.46,2683.74,5.9457
1791057240000,2683.75,2685.2,2683.74,2685.2,60.8465
1791057300000,2685.2,2685.43,2685.07,2685.07,28.5788
1791057360000,2685.06,2685.06,2685.0,2685.01,19.2719
1791057420000,2685.01,2685.3,2685.0,2685.29,25.9053
1791057480000,2685.29,2685.47,2685.29,2685.46,11.3478
1791057540000,2685.47,2685.47,2685.46,2685.47,8.3114
1791057600000,2685.47,2686.0,2685.46,2686.0,24.5536
1791057660000,2686.0,2686.54,2685.99,2686.53,11.9537
1791057720000,2686.53,2687.19,2686.53,2687.19,62.2418
1791057780000,2687.2,2688.73,2687.2,2688.13,97.3167
1791057840000,2688.13,2688.28,2687.91,2687.91,27.6001
1791057900000,2687.9,2688.99,2687.66,2688.59,70.0492
1791057960000,2688.58,2688.58,2687.05,2687.38,60.1014
1791058020000,2687.39,2687.39,2686.95,2686.99,16.4381
1791058080000,2686.99,2687.58,2686.99,2687.52,19.9158
1791058140000,2687.52,2687.52,2687.26,2687.27,6.6171
1791058200000,2687.26,2687.51,2686.99,2687.0,73.1692
1791058260000,2687.0,2688.05,2687.0,2688.04,47.4464
1791058320000,2688.04,2688.04,2687.46,2687.46,81.4567
1791058380000,2687.47,2687.78,2687.46,2687.77,24.8701
1791058440000,2687.77,2687.78,2687.74,2687.75,40.1476
1791058500000,2687.75,2687.96,2687.53,2687.75,114.2718
1791058560000,2687.75,2688.03,2687.45,2687.46,49.2537
1791058620000,2687.45,2687.8,2687.45,2687.79,13.3054
1791058680000,2687.8,2687.92,2687.51,2687.91,108.949
1791058740000,2687.92,2688.85,2687.91,2688.85,60.8132
1791058800000,2688.85,2688.85,2688.38,2688.83,55.7012
1791058860000,2688.84,2688.94,2688.83,2688.94,17.4922
1791058920000,2688.93,2689.06,2687.77,2687.77,175.9816
1791058980000,2687.77,2687.78,2687.56,2687.56,19.9621
1791059040000,2687.56,2687.57,2687.56,2687.57,4.6
1791059100000,2687.57,2687.97,2687.57,2687.96,21.9235
1791059160000,2687.97,2688.24,2687.96,2688.21,22.9518
1791059220000,2688.21,2688.21,2688.2,2688.21,5.2741
1791059280000,2688.2,2688.21,2688.2,2688.2,3.9717
1791059340000,2688.2,2688.21,2688.09,2688.1,8.6907
1791059400000,2688.09,2688.1,2687.66,2687.66,17.4716
1791059460000,2687.66,2687.69,2687.62,2687.69,4.2071
1791059520000,2687.71,2687.71,2687.7,2687.7,1.2295
1791059580000,2687.71,2687.71,2687.7,2687.71,7.7886
1791059640000,2687.71,2687.71,2687.7,2687.71,9.0149
1791059700000,2687.71,2687.71,2687.7,2687.7,4.8494
1791059760000,2687.71,2687.71,2687.7,2687.7,10.5077
1791059820000,2687.7,2687.7,2686.73,2686.73,39.5659
1791059880000,2686.74,2686.74,2686.73,2686.73,14.6243
1791059940000,2686.74,2687.06,2686.73,2687.06,26.9889
1791060000000,2687.06,2687.06,2687.05,2687.06,4.3221
1791060060000,2687.06,2687.06,2687.05,2687.05,2.4658
1791060120000,2687.05,2687.06,2687.05,2687.05,2.8502
1791060180000,2687.05,2687.06,2687.05,2687.05,42.0184
1791060240000,2687.06,2687.07,2687.05,2687.07,23.5808
1791060300000,2687.07,2688.23,2687.06,2688.23,111.0593
1791060360000,2688.23,2688.65,2688.22,2688.27,57.3228
1791060420000,2688.27,2688.5,2688.26,2688.37,14.2085
1791060480000,2688.36,2688.93,2688.21,2688.21,53.2269
1791060540000,2688.2,2688.2,2686.72,2687.21,117.9249
1791060600000,2687.21,2688.52,2687.21,2688.05,73.9194
1791060660000,2688.05,2688.65,2686.61,2686.62,320.0663
1791060720000,2686.62,2686.71,2686.62,2686.71,16.845
1791060780000,2686.7,2686.71,2686.7,2686.7,7.2848
1791060840000,2686.71,2686.87,2686.7,2686.87,17.0941
1791060900000,2686.87,2686.87,2686.86,2686.87,22.8062
1791060960000,2686.87,2687.18,2686.86,2687.18,17.1956
1791061020000,2687.17,2687.18,2686.52,2686.53,54.2892
1791061080000,2686.53,2686.53,2686.52,2686.52,7.4246
1791061140000,2686.53,2686.74,2686.52,2686.74,38.7036
1791061200000,2686.74,2687.02,2686.73,2687.02,21.4303
1791061260000,2687.02,2688.06,2687.02,2688.03,51.6053
1791061320000,2688.03,2688.04,2687.6,2687.6,47.7205
1791061380000,2687.6,2687.6,2686.58,2686.59,9.8417
1791061440000,2686.59,2686.59,2686.35,2686.35,3.8532
1791061500000,2686.35,2686.36,2684.42,2684.42,139.5311
1791061560000,2684.42,2685.02,2684.38,2684.39,29.2452
1791061620000,2684.38,2684.71,2684.38,2684.44,24.8113
1791061680000,2684.45,2684.45,2683.71,2683.72,35.8178
1791061740000,2683.72,2684.21,2683.14,2684.21,58.0906
1791061800000,2684.21,2685.07,2684.2,2685.02,95.4829
1791061860000,2685.02,2685.02,2684.89,2684.9,65.9487
1791061920000,2684.9,2686.35,2684.89,2686.34,110.3583
1791061980000,2686.33,2686.92,2686.16,2686.92,32.8585
1791062040000,2686.92,2686.92,2686.86,2686.86,33.6218
1791062100000,2686.87,2687.1,2686.87,2687.09,20.9258
1791062160000,2687.09,2687.75,2687.09,2687.74,18.0758
1791062220000,2687.75,2687.75,2687.74,2687.74,7.5576
1791062280000,2687.74,2687.75,2687.74,2687.75,5.6361
1791062340000,2687.74,2687.74,2686.99,2687.22,51.0678
1791062400000,2687.22,2687.23,2687.22,2687.22,3.0079
1791062460000,2687.23,2687.23,2687.22,2687.22,37.088
1791062520000,2687.23,2687.88,2687.22,2687.68,80.2748
1791062580000,2687.69,2687.69,2687.62,2687.62,3.2647
1791062640000,2687.63,2687.63,2687.61,2687.61,27.1759
1791062700000,2687.62,2688.0,2687.13,2687.14,107.089
1791062760000,2687.14,2687.14,2686.65,2686.65,7.6887
1791062820000,2686.66,2686.66,2685.63,2685.63,21.6038
1791062880000,2685.62,2685.63,2685.62,2685.62,1.0564
1791062940000,2685.62,2685.63,2685.62,2685.63,11.4965
1791063000000,2685.63,2686.0,2685.62,2685.81,71.6254
1791063060000,2685.8,2685.8,2685.36,2685.37,38.0535
1791063120000,2685.36,2685.36,2685.22,2685.22,10.9206
1791063180000,2685.23,2685.23,2685.21,2685.21,15.0609
1791063240000,2685.22,2686.54,2685.22,2686.03,136.2224
1791063300000,2686.02,2686.02,2685.58,2685.58,7.8196
1791063360000,2685.58,2685.58,2685.52,2685.52,5.4625
1791063420000,2685.52,2685.53,2685.52,2685.52,1.7176
1791063480000,2685.52,2685.52,2685.0,2685.0,14.8373
1791063540000,2685.01,2685.33,2685.0,2685.22,46.7599
1791063600000,2685.21,2685.21,2684.93,2685.03,25.5102
1791063660000,2685.02,2685.03,2685.02,2685.03,2.2924
1791063720000,2685.03,2685.22,2685.03,2685.22,28.0301
1791063780000,2685.22,2685.59,2685.06,2685.06,110.1743
1791063840000,2685.06,2685.9,2685.06,2685.9,25.6282
1791063900000,2685.91,2686.27,2685.91,2686.27,17.5766
1791063960000,2686.27,2686.27,2686.26,2686.27,1.9736
1791064020000,2686.27,2686.51,2686.19,2686.2,25.8911
1791064080000,2686.2,2686.2,2686.19,2686.2,0.8102
1791064140000,2686.2,2686.2,2685.94,2685.95,12.6632
1791064200000,2685.95,2686.2,2685.94,2686.19,46.9676
1791064260000,2686.2,2686.67,2686.2,2686.67,10.8617
1791064320000,2686.67,2686.67,2684.94,2685.96,57.0586
1791064380000,2685.97,2685.97,2685.96,2685.96,3.0802
1791064440000,2685.96,2685.96,2684.78,2685.27,44.9836
1791064500000,2685.26,2685.6,2685.14,2685.14,42.0232
1791064560000,2685.14,2685.15,2684.93,2684.93,41.4223
1791064620000,2684.93,2685.35,2684.63,2685.34,21.7698
1791064680000,2685.34,2685.35,2685.34,2685.35,2.6548
1791064740000,2685.35,2685.35,2684.67,2685.18,22.8934
1791064800000,2685.18,2685.18,2684.93,2684.93,9.2654
1791064860000,2684.93,2685.7,2684.79,2685.7,37.4392
1791064920000,2685.71,2686.53,2684.64,2684.69,140.691
1791064980000,2684.7,2685.9,2684.06,2685.18,58.9829
1791065040000,2685.15,2686.62,2685.15,2686.4,17.0374
1791065100000,2686.4,2687.2,2685.89,2687.14,27.1168
1791065160000,2687.14,2687.7,2685.81,2686.43,45.6824
1791065220000,2686.44,2687.07,2686.44,2686.72,18.417
1791065280000,2686.72,2686.73,2686.72,2686.72,6.2014
1791065340000,2686.73,2687.74,2686.72,2686.8,49.2226
1791065400000,2686.8,2688.44,2686.8,2688.44,25.1405
1791065460000,2688.44,2689.0,2688.44,2688.92,33.562
1791065520000,2688.91,2689.17,2688.91,2689.17,56.0441
1791065580000,2689.16,2689.17,2688.62,2688.85,24.4599
1791065640000,2688.84,2689.12,2688.84,2688.92,15.9586
1791065700000,2688.93,2689.52,2687.97,2688.52,152.5518
1791065760000,2688.52,2688.66,2688.12,2688.66,22.1566
1791065820000,2688.66,2689.18,2688.65,2688.77,9.6125
1791065880000,2688.76,2689.52,2688.76,2688.97,31.866
1791065940000,2688.98,2688.98,2688.43,2688.43,60.5792
1791066000000,2688.44,2688.79,2688.44,2688.51,66.9041
1791066060000,2688.5,2688.51,2687.7,2687.7,52.7391
1791066120000,2687.71,2687.97,2687.7,2687.86,17.3567
1791066180000,2687.87,2687.87,2687.86,2687.86,5.4879
1791066240000,2687.87,2688.15,2687.86,2688.14,18.5469
1791066300000,2688.15,2688.15,2688.14,2688.14,4.1147
1791066360000,2688.14,2688.14,2687.57,2687.65,23.1132
1791066420000,2687.65,2687.65,2687.58,2687.58,6.8393
1791066480000,2687.59,2688.19,2687.58,2688.19,19.9957
1791066540000,2688.18,2688.18,2687.91,2687.92,37.654
1791066600000,2687.92,2687.92,2687.45,2687.76,69.8442
1791066660000,2687.75,2687.76,2687.43,2687.43,32.258
1791066720000,2687.43,2687.44,2687.43,2687.43,8.1584
1791066780000,2687.44,2687.55,2687.29,2687.54,31.6209
1791066840000,2687.55,2687.87,2687.54,2687.87,1.3162
1791066900000,2687.88,2688.0,2687.88,2687.99,15.5964
1791066960000,2687.99,2688.0,2687.99,2687.99,32.4875
1791067020000,2688.0,2688.0,2687.99,2687.99,13.4635
1791067080000,2688.0,2688.0,2687.99,2688.0,32.0954
1791067140000,2688.0,2688.23,2687.99,2688.22,10.3351
1791067200000,2688.22,2688.23,2688.22,2688.22,11.7444
1791067260000,2688.22,2688.23,2688.06,2688.06,33.6309
1791067320000,2688.06,2688.07,2688.06,2688.06,17.7617
1791067380000,2688.06,2688.07,2688.0,2688.0,4.0867
1791067440000,2688.0,2688.11,2688.0,2688.03,58.4903
1791067500000,2688.02,2688.02,2687.8,2687.81,5.6681
1791067560000,2687.8,2687.81,2686.96,2686.96,25.2343
1791067620000,2686.95,2687.82,2686.95,2687.81,159.8231
1791067680000,2687.81,2687.81,2687.29,2687.29,14.4265
1791067740000,2687.28,2687.31,2687.17,2687.3,4.8356
1791067800000,2687.3,2687.36,2687.14,2687.36,20.8785
1791067860000,2687.36,2688.13,2687.35,2688.12,56.0332
1791067920000,2688.12,2688.13,2687.92,2687.92,12.1973
1791067980000,2687.93,2687.93,2687.92,2687.93,3.0139
1791068040000,2687.92,2687.93,2687.92,2687.92,2.1285
1791068100000,2687.93,2687.93,2686.92,2686.92,10.5362
1791068160000,2686.92,2686.93,2686.92,2686.92,8.0227
1791068220000,2686.93,2686.93,2686.92,2686.92,4.1231
1791068280000,2686.93,2686.93,2686.92,2686.93,1.3209
1791068340000,2686.92,2686.93,2686.58,2686.58,17.7991
1791068400000,2686.59,2686.59,2686.58,2686.58,7.311
1791068460000,2686.58,2686.59,2686.58,2686.59,20.1319
1791068520000,2686.59,2686.91,2686.58,2686.9,10.0577
1791068580000,2686.91,2686.91,2686.47,2686.47,12.1999
1791068640000,2686.47,2686.47,2686.05,2686.07,23.3193
1791068700000,2686.07,2686.08,2686.0,2686.01,10.535
1791068760000,2686.0,2686.01,2685.29,2685.3,33.2327
1791068820000,2685.29,2685.29,2685.09,2685.09,5.7029
1791068880000,2685.09,2685.45,2685.09,2685.45,8.5993
1791068940000,2685.44,2685.84,2685.44,2685.84,10.1168
1791069000000,2685.84,2686.19,2685.84,2686.18,5.1955
1791069060000,2686.19,2686.19,2686.18,2686.19,4.003
1791069120000,2686.19,2686.19,2686.18,2686.19,10.0842
1791069180000,2686.18,2686.28,2686.18,2686.28,44.2975
1791069240000,2686.28,2686.87,2686.28,2686.86,47.2198
1791069300000,2686.86,2686.86,2686.75,2686.76,2.2045
1791069360000,2686.76,2686.98,2686.76,2686.76,63.0752
1791069420000,2686.77,2687.36,2686.76,2686.95,45.8206
1791069480000,2686.94,2686.94,2686.89,2686.9,2.7437
1791069540000,2686.89,2686.9,2686.89,2686.9,0.769
1791069600000,2686.89,2686.89,2686.74,2686.75,52.3079
1791069660000,2686.75,2686.75,2686.74,2686.74,6.8673
1791069720000,2686.75,2687.67,2686.74,2687.67,41.1221
1791069780000,2687.66,2687.67,2687.58,2687.58,3.6708
1791069840000,2687.58,2687.94,2687.58,2687.93,22.3141
1791069900000,2687.93,2687.93,2687.58,2687.77,12.1286
1791069960000,2687.77,2687.8,2687.39,2687.57,126.3951
1791070020000,2687.57,2687.57,2687.23,2687.23,13.7006
1791070080000,2687.24,2687.66,2687.14,2687.14,38.9079
1791070140000,2687.15,2688.01,2687.14,2688.01,19.478
1791070200000,2688.01,2688.01,2688.0,2688.0,1.1825
1791070260000,2688.0,2688.01,2688.0,2688.01,2.8172
1791070320000,2688.0,2688.05,2687.69,2688.05,10.5266
1791070380000,2688.04,2688.05,2688.04,2688.05,4.2814
1791070440000,2688.04,2688.05,2688.04,2688.05,5.1645
1791070500000,2688.05,2688.05,2688.04,2688.05,3.9103
1791070560000,2688.04,2688.27,2688.04,2688.27,9.2328
1791070620000,2688.27,2688.27,2688.26,2688.27,1.8319
1791070680000,2688.26,2688.27,2688.26,2688.26,7.2059
1791070740000,2688.26,2688.27,2688.26,2688.27,1.5467
1791070800000,2688.27,2688.27,2688.26,2688.27,5.047
1791070860000,2688.27,2688.27,2688.01,2688.02,23.5371
1791070920000,2688.01,2688.02,2688.01,2688.01,10.2636
1791070980000,2688.02,2688.02,2688.01,2688.02,3.5102
1791071040000,2688.01,2688.02,2688.01,2688.02,3.7348
1791071100000,2688.01,2688.02,2688.01,2688.02,2.5832
1791071160000,2688.02,2688.02,2688.01,2688.02,4.1271
1791071220000,2688.01,2688.02,2688.01,2688.01,7.5576
1791071280000,2688.01,2688.01,2687.78,2687.8,109.3539
1791071340000,2687.81,2688.1,2687.8,2688.09,27.6214
1791071400000,2688.09,2688.1,2688.09,2688.09,1.0188
1791071460000,2688.09,2688.09,2687.41,2687.54,42.6308
1791071520000,2687.54,2687.54,2687.53,2687.54,17.699
1791071580000,2687.54,2687.54,2687.53,2687.53,3.9926
1791071640000,2687.53,2687.53,2686.93,2686.93,42.682
1791071700000,2686.93,2686.94,2686.92,2686.93,10.6516
1791071760000,2686.92,2687.85,2686.91,2687.72,118.8991
1791071820000,2687.72,2688.21,2687.3,2687.3,63.4718
1791071880000,2687.3,2687.77,2687.29,2687.72,34.7493
1791071940000,2687.72,2687.72,2687.23,2687.23,12.4377
1791072000000,2687.24,2687.37,2686.93,2687.08,107.682
1791072060000,2687.07,2687.08,2686.54,2686.55,45.2251
1791072120000,2686.55,2687.98,2686.54,2687.98,154.9381
1791072180000,2687.98,2687.98,2687.7,2687.7,15.017
1791072240000,2687.7,2687.73,2687.7,2687.7,57.0179
1791072300000,2687.7,2687.71,2687.7,2687.71,5.0087
1791072360000,2687.71,2687.71,2687.7,2687.7,1.9778
1791072420000,2687.71,2687.71,2687.19,2687.19,21.9384
1791072480000,2687.19,2687.19,2687.18,2687.19,13.417
1791072540000,2687.18,2687.19,2687.18,2687.18,24.5481
1791072600000,2687.19,2687.19,2686.91,2686.91,51.4813
1791072660000,2686.92,2686.92,2686.91,2686.92,2.1615
1791072720000,2686.91,2687.23,2686.91,2687.23,11.4273
1791072780000,2687.22,2687.62,2687.22,2687.62,32.8671
1791072840000,2687.62,2687.62,2687.61,2687.62,2.4566
1791072900000,2687.61,2687.62,2687.61,2687.62,5.7346
1791072960000,2687.62,2688.2,2687.61,2688.2,25.1896
1791073020000,2688.2,2688.52,2688.2,2688.51,31.6517
1791073080000,2688.52,2689.46,2688.52,2689.45,58.6766
1791073140000,2689.46,2689.75,2689.45,2689.75,27.4488
1791073200000,2689.75,2693.98,2689.75,2692.53,818.0914
1791073260000,2692.53,2693.68,2692.45,2692.69,180.3725
1791073320000,2692.69,2693.73,2692.69,2693.13,168.0738
1791073380000,2693.13,2693.33,2692.42,2692.42,163.1602
1791073440000,2692.42,2692.43,2692.29,2692.29,29.6314
1791073500000,2692.3,2693.83,2692.3,2693.41,68.7377
1791073560000,2693.4,2693.47,2691.9,2691.9,86.2593
1791073620000,2691.91,2691.91,2690.83,2691.09,37.6746
1791073680000,2691.09,2691.14,2690.56,2691.14,106.8419
1791073740000,2691.13,2691.26,2690.98,2690.99,12.9327
1791073800000,2690.98,2690.99,2690.43,2690.43,16.8897
1791073860000,2690.43,2690.92,2689.88,2690.91,46.0241
1791073920000,2690.91,2690.92,2690.84,2690.84,57.7481
1791073980000,2690.84,2690.98,2690.58,2690.59,27.5983
1791074040000,2690.59,2692.73,2690.58,2692.63,101.3114
1791074100000,2692.63,2693.51,2692.63,2693.28,34.5027
1791074160000,2693.28,2693.67,2693.11,2693.21,51.3797
1791074220000,2693.2,2693.2,2692.09,2692.09,32.4773
1791074280000,2692.09,2692.1,2692.09,2692.09,16.5357
1791074340000,2692.09,2692.1,2692.09,2692.09,6.889
1791074400000,2692.09,2692.1,2691.86,2691.86,11.0231
1791074460000,2691.87,2691.87,2691.86,2691.87,6.6441
1791074520000,2691.87,2691.87,2691.39,2691.39,37.1326
1791074580000,2691.4,2691.4,2691.23,2691.24,6.1839
1791074640000,2691.23,2691.24,2690.77,2690.77,7.7716
1791074700000,2690.77,2690.78,2690.26,2690.26,14.6008
1791074760000,2690.26,2690.26,2690.25,2690.25,3.8585
1791074820000,2690.25,2691.11,2690.25,2690.61,20.9701
1791074880000,2690.61,2691.44,2690.61,2691.44,45.2429
1791074940000,2691.44,2691.87,2691.15,2691.56,43.8924
1791075000000,2691.56,2691.56,2691.26,2691.26,41.8409
1791075060000,2691.26,2691.27,2691.26,2691.27,6.7535
1791075120000,2691.27,2691.87,2690.94,2691.87,40.2265
1791075180000,2691.87,2693.43,2691.86,2693.42,46.6517
1791075240000,2693.42,2694.0,2692.46,2692.46,53.8618
1791075300000,2692.46,2692.47,2691.58,2691.59,4.0527
1791075360000,2691.59,2691.59,2691.58,2691.59,9.8387
1791075420000,2691.59,2692.74,2691.58,2692.74,72.4351
1791075480000,2692.74,2693.54,2692.74,2693.4,70.1106
1791075540000,2693.4,2693.5,2692.92,2693.49,187.1293
1791075600000,2693.5,2694.9,2693.49,2694.59,171.2525
1791075660000,2694.59,2694.6,2691.95,2692.06,106.5591
1791075720000,2692.06,2692.17,2692.06,2692.16,10.0899
1791075780000,2692.16,2692.55,2692.11,2692.55,75.509
1791075840000,2692.54,2692.59,2692.16,2692.58,77.3407
1791075900000,2692.59,2692.76,2692.58,2692.72,90.8903
1791075960000,2692.72,2694.47,2692.72,2694.0,92.1401
1791076020000,2694.0,2694.01,2693.22,2693.22,41.2937
1791076080000,2693.23,2693.58,2692.98,2693.58,40.9266
1791076140000,2693.57,2693.58,2693.43,2693.44,69.3782
1791076200000,2693.43,2695.0,2693.43,2695.0,98.9123
1791076260000,2694.99,2695.0,2694.09,2694.09,49.1127
1791076320000,2694.1,2694.1,2694.09,2694.09,3.1745
1791076380000,2694.09,2694.1,2693.85,2693.86,29.3364
1791076440000,2693.86,2693.86,2693.85,2693.86,8.1399
1791076500000,2693.85,2693.86,2692.43,2692.43,89.2717
1791076560000,2692.43,2692.44,2692.13,2692.25,37.685
1791076620000,2692.24,2692.49,2692.24,2692.49,23.4182
1791076680000,2692.48,2692.49,2690.62,2690.62,45.3772
1791076740000,2690.61,2690.62,2690.38,2690.39,8.0758
1791076800000,2690.39,2691.01,2690.38,2691.0,37.1155
1791076860000,2691.01,2691.5,2691.0,2691.49,10.807
1791076920000,2691.5,2691.5,2691.16,2691.16,24.8767
1791076980000,2691.16,2691.16,2690.93,2690.94,8.3129
1791077040000,2690.93,2690.94,2690.93,2690.93,4.2252
1791077100000,2690.93,2690.94,2690.93,2690.94,5.3853
1791077160000,2690.94,2690.94,2690.93,2690.94,3.5379
1791077220000,2690.93,2690.93,2690.58,2690.58,10.4966
1791077280000,2690.59,2690.59,2690.58,2690.59,5.9825
1791077340000,2690.58,2690.59,2690.54,2690.55,7.7537
1791077400000,2690.55,2690.55,2690.54,2690.54,3.843
1791077460000,2690.54,2690.55,2690.22,2690.22,16.8153
1791077520000,2690.22,2690.22,2689.79,2689.79,72.8535
1791077580000,2689.8,2690.46,2689.79,2690.46,43.9641
1791077640000,2690.46,2691.78,2690.46,2691.78,50.1351
1791077700000,2691.78,2691.79,2691.04,2691.78,50.2406
1791077760000,2691.79,2692.95,2691.79,2692.73,29.9606
1791077820000,2692.73,2692.73,2691.68,2691.89,106.9021
1791077880000,2691.89,2691.89,2691.66,2691.8,27.0616
1791077940000,2691.79,2691.8,2691.79,2691.8,20.6349
1791078000000,2691.8,2692.55,2691.79,2692.55,25.3931
1791078060000,2692.54,2692.55,2692.54,2692.54,22.7514
1791078120000,2692.55,2692.55,2692.13,2692.28,38.2623
1791078180000,2692.29,2692.43,2692.28,2692.42,5.643
1791078240000,2692.43,2692.43,2692.42,2692.42,1.617
1791078300000,2692.43,2692.56,2692.42,2692.56,7.5615
1791078360000,2692.57,2692.57,2692.24,2692.24,16.6212
1791078420000,2692.24,2692.25,2692.24,2692.24,1.7576
1791078480000,2692.25,2692.26,2692.24,2692.26,5.3365
1791078540000,2692.26,2692.94,2692.26,2692.94,50.949
1791078600000,2692.94,2692.94,2692.93,2692.93,16.2165
1791078660000,2692.94,2693.97,2692.94,2693.97,16.798
1791078720000,2693.96,2694.08,2693.92,2693.92,19.4471
1791078780000,2693.92,2694.55,2693.29,2694.28,109.2066
1791078840000,2694.28,2694.5,2694.28,2694.5,31.1935
1791078900000,2694.5,2694.99,2694.5,2694.9,36.6924
1791078960000,2694.9,2694.9,2694.72,2694.73,15.9641
1791079020000,2694.72,2694.72,2694.28,2694.64,45.1621
1791079080000,2694.64,2694.95,2694.63,2694.94,59.7762
1791079140000,2694.94,2694.94,2694.76,2694.79,45.9399
1791079200000,2694.8,2694.8,2694.79,2694.8,3.3161
1791079260000,2694.8,2695.45,2694.77,2694.78,89.1206
1791079320000,2694.78,2694.78,2694.31,2694.76,120.5034
1791079380000,2694.75,2695.48,2694.75,2695.48,84.5292
1791079440000,2695.47,2695.65,2695.47,2695.65,28.6686
1791079500000,2695.64,2696.54,2695.64,2696.16,177.6954
1791079560000,2696.16,2696.16,2694.23,2694.23,76.8768
1791079620000,2694.24,2694.24,2693.08,2693.08,11.857
1791079680000,2693.08,2693.19,2692.6,2693.17,123.3747
1791079740000,2693.16,2693.26,2692.63,2692.64,100.2787
1791079800000,2692.63,2694.88,2692.5,2694.88,97.4989
1791079860000,2694.88,2694.88,2694.66,2694.66,6.2272
1791079920000,2694.67,2695.17,2694.15,2694.15,49.4278
1791079980000,2694.16,2694.16,2693.7,2693.96,29.7359
1791080040000,2693.97,2694.13,2693.76,2693.76,24.5182
1791080100000,2693.76,2693.77,2693.3,2693.3,15.7282
1791080160000,2693.3,2693.31,2692.78,2692.79,54.3844
1791080220000,2692.78,2693.89,2692.44,2693.88,44.1606
1791080280000,2693.89,2694.03,2693.88,2694.02,9.8529
1791080340000,2694.03,2694.67,2694.03,2694.14,32.4687
1791080400000,2694.14,2694.15,2694.14,2694.15,7.8375
1791080460000,2694.14,2694.15,2693.88,2693.88,10.3056
1791080520000,2693.88,2694.09,2693.65,2694.09,39.0856
1791080580000,2694.09,2695.61,2694.08,2694.42,71.2016
1791080640000,2694.43,2694.46,2694.0,2694.01,100.2784
1791080700000,2694.01,2694.01,2694.0,2694.0,2.5544
1791080760000,2694.0,2694.01,2694.0,2694.01,2.7259
1791080820000,2694.01,2694.01,2694.0,2694.01,7.1419
1791080880000,2694.01,2694.01,2693.35,2693.35,32.1059
1791080940000,2693.36,2693.93,2693.36,2693.92,41.3462
1791081000000,2693.92,2693.93,2693.92,2693.93,10.0414
1791081060000,2693.92,2694.42,2693.74,2693.92,48.2607
1791081120000,2693.92,2693.94,2693.91,2693.94,40.3953
1791081180000,2693.95,2695.35,2693.94,2695.35,76.9226
1791081240000,2695.35,2695.75,2694.36,2694.36,69.9709
1791081300000,2694.35,2694.36,2694.35,2694.36,13.3845
1791081360000,2694.36,2694.36,2694.12,2694.12,17.9304
1791081420000,2694.12,2694.26,2693.45,2693.45,85.5827
1791081480000,2693.45,2693.45,2693.0,2693.01,30.0084
1791081540000,2693.01,2693.22,2692.66,2693.22,60.9589
1791081600000,2693.22,2693.22,2693.03,2693.03,17.3114
1791081660000,2693.03,2693.04,2692.19,2692.19,15.0186
1791081720000,2692.19,2693.99,2692.19,2693.06,219.7004
1791081780000,2693.05,2693.05,2692.62,2692.63,18.0148
1791081840000,2692.63,2692.63,2692.43,2692.44,15.1698
1791081900000,2692.43,2692.82,2692.35,2692.72,92.0386
1791081960000,2692.72,2692.72,2692.71,2692.72,2.0115
1791082020000,2692.71,2692.71,2692.17,2692.17,20.5115
1791082080000,2692.18,2693.86,2692.01,2693.85,78.2939
1791082140000,2693.85,2693.86,2693.85,2693.86,10.7761
1791082200000,2693.86,2693.86,2693.85,2693.85,1.3691
1791082260000,2693.86,2693.86,2692.98,2692.98,15.1837
1791082320000,2692.99,2692.99,2692.57,2692.57,3.0054
1791082380000,2692.58,2692.58,2692.44,2692.44,18.2496
1791082440000,2692.44,2692.44,2692.37,2692.38,2.3332
1791082500000,2692.38,2692.38,2692.37,2692.37,5.1468
1791082560000,2692.37,2692.69,2692.37,2692.69,19.0408
1791082620000,2692.68,2692.69,2692.68,2692.69,3.7866
1791082680000,2692.69,2692.69,2692.68,2692.69,6.2121
1791082740000,2692.68,2692.68,2692.61,2692.62,12.191
1791082800000,2692.62,2692.62,2692.18,2692.19,14.1082
1791082860000,2692.18,2692.48,2692.18,2692.48,18.7692
1791082920000,2692.47,2692.48,2692.28,2692.28,3.333
1791082980000,2692.28,2692.28,2691.75,2692.17,21.9169
1791083040000,2692.18,2692.66,2692.17,2692.66,9.112
1791083100000,2692.66,2692.66,2692.33,2692.33,9.4312
1791083160000,2692.33,2692.34,2692.26,2692.26,4.4129
1791083220000,2692.26,2692.27,2692.26,2692.27,2.5357
1791083280000,2692.27,2692.33,2692.27,2692.33,6.7202
1791083340000,2692.32,2692.47,2692.32,2692.46,8.7678
1791083400000,2692.47,2692.47,2692.46,2692.46,0.8802
1791083460000,2692.46,2692.55,2692.46,2692.55,30.0289
1791083520000,2692.55,2692.85,2692.54,2692.84,13.5127
1791083580000,2692.85,2692.85,2692.84,2692.84,1.4747
1791083640000,2692.85,2692.98,2692.84,2692.97,29.8652
1791083700000,2692.97,2692.98,2692.97,2692.97,4.3839
1791083760000,2692.98,2692.98,2692.97,2692.98,4.8876
1791083820000,2692.98,2693.24,2692.81,2693.23,86.4984
1791083880000,2693.23,2693.72,2693.23,2693.33,46.7001
1791083940000,2693.32,2693.32,2692.52,2692.53,12.4347
1791084000000,2692.53,2692.53,2692.44,2692.45,60.1656
1791084060000,2692.45,2693.13,2692.34,2692.94,81.6209
1791084120000,2692.94,2693.67,2692.94,2693.67,25.4995
1791084180000,2693.67,2693.69,2693.38,2693.62,211.3224
1791084240000,2693.63,2693.64,2693.63,2693.63,3.864
1791084300000,2693.64,2693.68,2693.63,2693.67,11.6867
1791084360000,2693.68,2693.68,2693.67,2693.68,17.7553
1791084420000,2693.68,2693.68,2693.52,2693.53,35.2813
1791084480000,2693.53,2693.53,2693.21,2693.22,50.8911
1791084540000,2693.22,2693.44,2693.15,2693.15,11.9098
1791084600000,2693.15,2693.47,2693.0,2693.47,26.6806
1791084660000,2693.48,2693.8,2693.47,2693.8,26.4565
1791084720000,2693.79,2693.8,2693.79,2693.79,17.6486
1791084780000,2693.79,2694.1,2693.79,2694.1,30.0763
1791084840000,2694.11,2696.53,2694.11,2696.52,96.3023
1791084900000,2696.53,2697.0,2694.43,2694.43,256.0933
1791084960000,2694.43,2694.44,2693.84,2694.44,31.4377
1791085020000,2694.44,2694.57,2694.38,2694.38,3.3594
1791085080000,2694.39,2694.42,2694.38,2694.41,8.2565
1791085140000,2694.41,2694.53,2694.41,2694.53,4.9008
1791085200000,2694.53,2696.13,2694.52,2695.92,41.6133
1791085260000,2695.92,2696.75,2695.92,2696.46,131.9436
1791085320000,2696.46,2696.85,2696.46,2696.54,41.361
1791085380000,2696.53,2696.54,2696.11,2696.12,25.2514
1791085440000,2696.12,2696.12,2696.11,2696.12,13.5508
1791085500000,2696.11,2696.11,2696.0,2696.0,7.1359
1791085560000,2696.0,2696.01,2695.6,2695.6,19.6774
1791085620000,2695.61,2695.66,2695.37,2695.65,10.136
1791085680000,2695.66,2695.66,2695.57,2695.57,15.047
1791085740000,2695.57,2695.58,2695.32,2695.32,27.8037
1791085800000,2695.32,2695.33,2695.32,2695.33,1.7432
1791085860000,2695.33,2695.33,2695.32,2695.32,18.5092
1791085920000,2695.33,2695.33,2694.61,2694.62,26.3186
1791085980000,2694.62,2694.62,2694.41,2694.42,12.8772
1791086040000,2694.41,2694.56,2694.39,2694.55,59.7731
1791086100000,2694.55,2694.56,2694.55,2694.56,3.4517
1791086160000,2694.55,2694.56,2694.29,2694.29,15.306
1791086220000,2694.3,2694.3,2694.29,2694.3,13.3357
1791086280000,2694.29,2694.45,2694.29,2694.45,16.9534
1791086340000,2694.45,2694.45,2694.44,2694.44,5.6609
1791086400000,2694.45,2694.45,2694.44,2694.44,4.0703
1791086460000,2694.44,2695.08,2694.44,2695.08,6.9411
1791086520000,2695.07,2695.21,2695.07,2695.21,12.9258
1791086580000,2695.2,2695.94,2695.2,2695.94,18.7718
1791086640000,2695.94,2696.13,2695.41,2695.58,52.9488
1791086700000,2695.59,2695.59,2695.58,2695.59,21.8088
1791086760000,2695.59,2695.59,2695.33,2695.33,26.9636
1791086820000,2695.32,2695.32,2695.06,2695.06,24.3873
1791086880000,2695.07,2695.07,2694.83,2694.84,22.4807
1791086940000,2694.83,2694.84,2694.83,2694.83,10.4259
1791087000000,2694.84,2694.84,2694.83,2694.83,7.323
1791087060000,2694.84,2694.84,2694.83,2694.83,4.3574
1791087120000,2694.84,2694.84,2694.83,2694.83,21.4843
1791087180000,2694.83,2694.84,2694.83,2694.84,4.7374
1791087240000,2694.83,2694.84,2694.5,2694.51,36.1031
1791087300000,2694.5,2694.51,2694.5,2694.5,46.7861
1791087360000,2694.5,2694.51,2694.5,2694.51,7.5708
1791087420000,2694.51,2694.51,2694.5,2694.51,6.9912
1791087480000,2694.51,2694.51,2693.92,2693.93,16.2246
1791087540000,2693.93,2693.93,2693.92,2693.92,2.8865
1791087600000,2693.93,2694.0,2693.92,2693.99,14.1113
1791087660000,2693.99,2694.0,2693.94,2693.95,5.3421
1791087720000,2693.94,2693.95,2693.76,2693.77,2.9858
1791087780000,2693.77,2693.77,2693.76,2693.77,4.4687
1791087840000,2693.76,2693.77,2693.33,2693.34,19.222
1791087900000,2693.34,2693.34,2693.33,2693.33,11.9035
1791087960000,2693.34,2693.34,2693.33,2693.34,7.4256
1791088020000,2693.33,2693.34,2693.33,2693.34,17.8705
1791088080000,2693.33,2693.34,2693.33,2693.33,18.207
1791088140000,2693.33,2693.34,2693.31,2693.31,10.7553
1791088200000,2693.31,2693.31,2693.26,2693.27,5.1813
1791088260000,2693.27,2693.27,2693.26,2693.27,2.06
1791088320000,2693.26,2693.27,2693.26,2693.27,9.3649
1791088380000,2693.27,2693.27,2692.63,2692.63,18.0139
1791088440000,2692.62,2692.62,2692.33,2692.34,4.5133
1791088500000,2692.34,2692.34,2692.31,2692.31,4.9408
1791088560000,2692.31,2692.31,2692.23,2692.23,1.5798
1791088620000,2692.23,2692.24,2692.23,2692.24,16.9575
1791088680000,2692.23,2692.24,2692.23,2692.24,3.6951
1791088740000,2692.23,2692.24,2692.23,2692.24,1.1292
1791088800000,2692.23,2692.24,2692.23,2692.24,2.0252
1791088860000,2692.24,2692.24,2692.23,2692.23,3.0545
1791088920000,2692.24,2692.24,2692.01,2692.01,3.4125
1791088980000,2692.01,2692.02,2692.01,2692.02,2.0001
1791089040000,2692.02,2692.02,2692.01,2692.02,6.9339
1791089100000,2692.01,2692.02,2692.01,2692.01,22.1424
1791089160000,2692.02,2692.02,2692.01,2692.02,3.5768
1791089220000,2692.01,2692.02,2692.01,2692.01,2.2735
1791089280000,2692.02,2692.02,2691.98,2691.98,29.3501
1791089340000,2691.98,2691.99,2691.98,2691.98,4.3354
1791089400000,2691.98,2691.99,2691.98,2691.98,6.3552
1791089460000,2691.98,2692.0,2691.65,2692.0,43.653
1791089520000,2692.0,2692.0,2691.99,2691.99,16.7144
1791089580000,2691.99,2692.0,2691.46,2691.47,8.5471
1791089640000,2691.46,2691.47,2691.4,2691.4,32.7527
1791089700000,2691.41,2691.64,2691.4,2691.63,20.2689
1791089760000,2691.64,2691.64,2691.63,2691.63,0.9327
1791089820000,2691.64,2691.9,2691.63,2691.9,14.3072
1791089880000,2691.9,2692.5,2691.9,2692.5,11.8895
1791089940000,2692.49,2692.74,2692.4,2692.4,51.0358
1791090000000,2692.41,2692.41,2692.4,2692.41,22.5664
1791090060000,2692.41,2693.0,2692.4,2693.0,16.5316
1791090120000,2693.0,2693.08,2693.0,2693.08,5.0864
1791090180000,2693.08,2693.08,2693.07,2693.07,5.3519
1791090240000,2693.07,2693.08,2693.06,2693.07,44.1594
1791090300000,2693.07,2693.11,2693.06,2693.1,39.6545
1791090360000,2693.11,2693.11,2692.96,2692.96,10.2673
1791090420000,2692.96,2693.26,2692.96,2693.26,17.2478
1791090480000,2693.25,2693.85,2693.25,2693.85,11.5843
1791090540000,2693.85,2693.85,2693.78,2693.78,11.197
1791090600000,2693.79,2693.79,2693.78,2693.79,3.5831
1791090660000,2693.79,2693.79,2693.44,2693.44,22.8082
1791090720000,2693.45,2693.45,2693.44,2693.44,16.0744
1791090780000,2693.45,2693.59,2693.44,2693.58,13.7117
1791090840000,2693.59,2693.59,2693.58,2693.59,7.8321
1791090900000,2693.58,2693.91,2693.58,2693.74,30.3503
1791090960000,2693.73,2693.96,2693.72,2693.95,10.4148
1791091020000,2693.96,2693.96,2693.95,2693.95,4.4711
1791091080000,2693.95,2694.37,2693.95,2694.34,22.0419
1791091140000,2694.33,2695.35,2694.25,2694.7,116.9736
1791091200000,2694.7,2694.71,2694.68,2694.68,4.8701
1791091260000,2694.67,2695.12,2694.66,2695.12,27.4851
1791091320000,2695.11,2695.26,2694.79,2695.26,20.9833
1791091380000,2695.26,2695.27,2695.17,2695.18,12.3638
1791091440000,2695.18,2695.18,2695.08,2695.08,8.8723
1791091500000,2695.08,2695.08,2694.96,2694.97,15.4995
1791091560000,2694.97,2694.97,2694.96,2694.97,5.7803
1791091620000,2694.96,2694.97,2694.96,2694.97,6.6809
1791091680000,2694.96,2694.97,2694.96,2694.96,8.0928
1791091740000,2694.97,2694.97,2694.66,2694.77,41.897
1791091800000,2694.77,2694.78,2694.77,2694.77,3.9034
1791091860000,2694.77,2694.78,2694.77,2694.78,5.4716
1791091920000,2694.77,2694.78,2694.77,2694.78,20.4001
1791091980000,2694.78,2694.78,2694.66,2694.67,5.0363
1791092040000,2694.67,2694.67,2694.66,2694.66,3.9058
1791092100000,2694.67,2694.67,2694.66,2694.67,20.7929
1791092160000,2694.66,2694.67,2694.66,2694.66,6.1009
1791092220000,2694.66,2695.0,2694.66,2695.0,36.059
1791092280000,2694.99,2695.0,2694.99,2695.0,10.4537
1791092340000,2694.99,2695.0,2694.66,2694.66,11.7711
1791092400000,2694.67,2694.67,2694.66,2694.67,17.7655
1791092460000,2694.67,2695.25,2694.66,2695.24,30.1345
1791092520000,2695.24,2695.25,2695.24,2695.24,22.2939
1791092580000,2695.25,2696.23,2695.24,2696.22,32.6367
1791092640000,2696.23,2697.07,2696.22,2696.74,564.1716
1791092700000,2696.74,2697.9,2696.22,2697.13,209.9322
1791092760000,2697.12,2697.13,2695.98,2695.99,15.0016
1791092820000,2695.99,2695.99,2695.81,2695.81,60.9165
1791092880000,2695.82,2695.82,2695.32,2695.32,37.9285
1791092940000,2695.32,2695.53,2695.32,2695.53,35.4144
1791093000000,2695.53,2695.87,2695.53,2695.87,16.3755
1791093060000,2695.87,2695.87,2695.52,2695.53,25.7786
1791093120000,2695.53,2695.75,2695.52,2695.75,21.0849
1791093180000,2695.75,2695.75,2695.74,2695.75,12.2696
1791093240000,2695.75,2695.75,2695.23,2695.24,197.243
1791093300000,2695.24,2695.24,2695.01,2695.02,40.0248
1791093360000,2695.02,2695.02,2695.01,2695.01,3.1199
1791093420000,2695.02,2695.02,2694.73,2694.73,33.7745
1791093480000,2694.74,2694.74,2694.73,2694.74,10.896
1791093540000,2694.74,2694.74,2694.73,2694.74,53.3533
1791093600000,2694.74,2694.74,2694.73,2694.74,34.0483
1791093660000,2694.73,2694.74,2694.73,2694.74,9.9255
1791093720000,2694.74,2694.74,2694.73,2694.74,3.832
1791093780000,2694.74,2694.74,2694.72,2694.72,15.7876
1791093840000,2694.72,2694.72,2694.63,2694.66,32.7379
1791093900000,2694.66,2695.0,2694.65,2694.99,13.5197
1791093960000,2695.0,2695.0,2694.99,2695.0,4.2247
1791094020000,2694.99,2695.0,2694.99,2695.0,10.854
1791094080000,2695.0,2695.0,2694.99,2695.0,20.3758
1791094140000,2695.0,2695.0,2694.99,2694.99,13.3191
1791094200000,2694.99,2695.0,2694.99,2695.0,9.1788
1791094260000,2695.0,2695.0,2694.21,2694.21,23.0363
1791094320000,2694.22,2694.23,2694.21,2694.23,72.6366
1791094380000,2694.23,2694.23,2694.22,2694.22,93.6273
1791094440000,2694.23,2694.31,2694.05,2694.31,99.773
1791094500000,2694.31,2694.95,2694.31,2694.94,42.7716
1791094560000,2694.94,2695.03,2694.94,2695.03,164.3166
1791094620000,2695.04,2695.11,2695.03,2695.1,106.7257
1791094680000,2695.1,2695.13,2695.1,2695.12,55.7017
1791094740000,2695.13,2695.78,2695.12,2695.78,22.8628
1791094800000,2695.79,2696.41,2695.78,2695.85,61.8416
1791094860000,2695.85,2696.21,2695.84,2696.21,22.4969
1791094920000,2696.21,2697.42,2694.02,2694.03,321.7152
1791094980000,2694.03,2694.12,2693.28,2693.29,203.6032
1791095040000,2693.29,2693.29,2692.95,2692.95,140.4653
1791095100000,2692.95,2692.96,2692.32,2692.32,146.9573
1791095160000,2692.3,2692.35,2692.0,2692.01,100.1673
1791095220000,2692.0,2692.01,2691.95,2691.95,181.2849
1791095280000,2691.96,2691.96,2691.54,2691.54,76.2182
1791095340000,2691.54,2692.03,2691.28,2691.72,359.3899
1791095400000,2691.72,2691.97,2691.23,2691.96,83.8474
1791095460000,2691.97,2691.97,2691.96,2691.96,2.3309
1791095520000,2691.96,2694.52,2691.96,2694.38,171.3324
1791095580000,2694.37,2694.37,2693.76,2693.76,18.5023
1791095640000,2693.76,2693.77,2693.76,2693.77,2.9299
1791095700000,2693.77,2694.37,2693.76,2694.37,39.5774
1791095760000,2694.36,2694.36,2694.32,2694.33,8.2709
1791095820000,2694.32,2694.33,2693.2,2693.21,20.1037
1791095880000,2693.2,2693.2,2692.67,2692.68,16.79
1791095940000,2692.68,2692.68,2692.67,2692.68,8.4349
1791096000000,2692.67,2692.68,2692.67,2692.68,19.1479
1791096060000,2692.68,2692.68,2692.67,2692.67,1.5304
1791096120000,2692.67,2692.68,2692.67,2692.68,5.2534
1791096180000,2692.68,2692.68,2692.67,2692.67,5.923
1791096240000,2692.67,2692.68,2692.67,2692.68,10.1783
1791096300000,2692.68,2692.68,2692.67,2692.68,1.0477
1791096360000,2692.68,2693.14,2692.67,2693.14,19.3604
1791096420000,2693.14,2693.5,2693.14,2693.5,25.7631
1791096480000,2693.49,2693.5,2693.49,2693.49,6.6771
1791096540000,2693.5,2693.5,2693.49,2693.5,5.0272
1791096600000,2693.5,2693.5,2693.48,2693.49,21.369
1791096660000,2693.49,2693.65,2693.48,2693.64,21.3539
1791096720000,2693.65,2694.59,2693.64,2694.58,69.4923
1791096780000,2694.59,2695.51,2694.58,2695.5,35.722
1791096840000,2695.5,2695.99,2695.12,2695.73,48.6704
1791096900000,2695.72,2696.15,2695.72,2696.15,54.214
1791096960000,2696.15,2697.34,2696.14,2697.34,56.4961
1791097020000,2697.33,2697.33,2696.33,2696.79,72.339
1791097080000,2696.79,2696.79,2696.19,2696.2,85.0509
1791097140000,2696.19,2696.2,2696.19,2696.19,10.0931
1791097200000,2696.2,2696.2,2696.19,2696.19,4.7341
1791097260000,2696.19,2696.19,2696.0,2696.01,13.3985
1791097320000,2696.01,2696.01,2696.0,2696.01,10.8767
1791097380000,2696.0,2696.01,2695.87,2695.87,17.5195
1791097440000,2695.87,2695.88,2695.87,2695.88,6.0203
1791097500000,2695.87,2695.88,2695.87,2695.87,1.9693
1791097560000,2695.88,2695.91,2695.87,2695.9,10.1901
1791097620000,2695.91,2695.91,2695.88,2695.89,57.3546
1791097680000,2695.88,2695.89,2695.88,2695.89,4.11
1791097740000,2695.88,2696.35,2695.82,2695.83,206.6121
1791097800000,2695.82,2695.83,2695.78,2695.78,10.8902
1791097860000,2695.79,2695.79,2695.61,2695.61,4.1399
1791097920000,2695.61,2695.62,2695.61,2695.61,3.1823
1791097980000,2695.62,2695.62,2695.07,2695.44,27.7484
1791098040000,2695.45,2695.57,2695.44,2695.57,13.6626
1791098100000,2695.56,2695.57,2695.11,2695.11,7.2275
1791098160000,2695.11,2695.49,2694.75,2694.87,222.8777
1791098220000,2694.87,2694.88,2693.86,2693.87,9.34
1791098280000,2693.86,2693.86,2692.4,2692.4,22.0209
1791098340000,2692.41,2692.86,2692.4,2692.86,10.7602
1791098400000,2692.85,2693.27,2692.85,2693.26,29.5814
1791098460000,2693.27,2693.5,2693.26,2693.36,104.5977
1791098520000,2693.36,2694.23,2693.05,2694.16,143.4901
1791098580000,2694.16,2694.32,2693.5,2694.31,73.8452
1791098640000,2694.32,2694.32,2694.17,2694.18,48.1224
1791098700000,2694.18,2695.0,2694.17,2694.58,129.0414
1791098760000,2694.59,2694.59,2693.76,2693.76,19.6396
1791098820000,2693.77,2693.77,2693.56,2693.56,10.5103
1791098880000,2693.55,2693.56,2693.55,2693.55,40.5462
1791098940000,2693.55,2693.56,2693.04,2693.04,10.0359
1791099000000,2693.04,2693.2,2692.0,2692.17,54.1379
1791099060000,2692.18,2693.13,2692.18,2693.13,72.1897
1791099120000,2693.12,2693.13,2692.34,2692.57,43.9743
1791099180000,2692.56,2692.58,2692.56,2692.57,30.3808
1791099240000,2692.57,2692.58,2692.55,2692.56,93.4387
1791099300000,2692.56,2694.42,2692.55,2694.42,123.3218
1791099360000,2694.41,2694.41,2694.1,2694.11,47.6051
1791099420000,2694.1,2694.11,2693.78,2693.78,10.7062
1791099480000,2693.78,2693.79,2693.78,2693.78,8.0012
1791099540000,2693.79,2693.79,2693.78,2693.78,7.5443
1791099600000,2693.79,2694.65,2693.78,2694.65,45.8442
1791099660000,2694.64,2694.78,2694.64,2694.78,6.7435
1791099720000,2694.78,2695.0,2694.78,2695.0,31.3777
1791099780000,2695.0,2695.1,2694.99,2695.1,13.3904
1791099840000,2695.1,2695.11,2695.09,2695.11,34.8566
1791099900000,2695.11,2695.79,2695.1,2695.79,28.2966
1791099960000,2695.78,2695.95,2695.78,2695.95,44.5457
1791100020000,2695.99,2695.99,2695.98,2695.98,7.0825
1791100080000,2695.99,2696.13,2695.98,2696.12,18.2448
1791100140000,2696.13,2696.13,2696.12,2696.12,10.128
1791100200000,2696.12,2696.53,2696.12,2696.52,36.5082
1791100260000,2696.53,2696.79,2696.52,2696.79,28.0287
1791100320000,2696.78,2697.51,2696.78,2697.5,22.9172
1791100380000,2697.51,2698.06,2697.5,2697.7,266.2637
1791100440000,2697.7,2697.94,2697.68,2697.68,204.1366
1791100500000,2697.67,2699.28,2697.67,2699.13,500.6569
1791100560000,2699.12,2699.13,2698.6,2699.13,121.7867
1791100620000,2699.13,2704.29,2699.12,2702.51,1431.4758
1791100680000,2702.5,2704.29,2702.0,2704.29,107.2171
1791100740000,2704.29,2707.38,2704.29,2705.56,349.1288
1791100800000,2705.57,2707.99,2703.1,2703.17,362.976
1791100860000,2703.16,2706.56,2702.87,2706.11,167.9382
1791100920000,2706.11,2707.11,2703.89,2704.36,853.6702
1791100980000,2704.36,2705.27,2703.04,2703.04,138.0837
1791101040000,2703.05,2703.54,2702.52,2702.86,131.871
1791101100000,2702.86,2704.39,2702.85,2704.19,40.906
1791101160000,2704.19,2704.79,2703.62,2703.62,114.2346
1791101220000,2703.61,2703.62,2703.25,2703.26,55.357
1791101280000,2703.25,2703.32,2702.23,2702.23,89.5871
1791101340000,2702.23,2703.16,2702.23,2703.12,45.89
1791101400000,2703.12,2704.36,2703.11,2704.35,24.7301
1791101460000,2704.36,2704.36,2702.69,2702.74,67.6459
1791101520000,2702.75,2703.31,2702.75,2703.12,42.8535
1791101580000,2703.12,2703.4,2703.12,2703.4,14.7357
1791101640000,2703.39,2703.4,2702.63,2702.63,28.9007
1791101700000,2702.64,2702.64,2702.26,2702.26,18.0283
1791101760000,2702.27,2702.54,2702.26,2702.35,27.8134
1791101820000,2702.34,2702.35,2701.85,2701.98,33.319
1791101880000,2701.98,2702.13,2701.97,2702.06,42.0942
1791101940000,2702.07,2702.07,2700.83,2700.84,44.556
1791102000000,2700.83,2700.84,2699.33,2700.39,158.82
1791102060000,2700.4,2700.74,2699.47,2699.47,48.1849
1791102120000,2699.47,2700.18,2699.33,2699.77,35.2399
1791102180000,2699.78,2701.08,2699.77,2701.08,59.5061
1791102240000,2701.08,2701.55,2701.07,2701.24,66.4281
1791102300000,2701.23,2701.44,2701.23,2701.44,38.3021
1791102360000,2701.44,2703.35,2701.43,2703.22,171.3754
1791102420000,2703.22,2703.85,2702.96,2702.96,91.7622
1791102480000,2702.95,2702.95,2702.37,2702.37,42.7501
1791102540000,2702.37,2702.37,2701.34,2701.34,19.0093
1791102600000,2701.35,2701.71,2700.54,2700.66,87.7919
1791102660000,2700.65,2700.66,2698.26,2698.31,154.4989
1791102720000,2698.32,2700.22,2698.32,2700.21,59.1696
1791102780000,2700.21,2700.22,2699.07,2699.07,75.2963
1791102840000,2699.07,2700.36,2699.07,2700.18,44.4442
1791102900000,2700.19,2700.19,2699.61,2699.61,40.7762
1791102960000,2699.62,2699.97,2699.0,2699.0,63.962
1791103020000,2699.01,2699.01,2698.4,2698.73,45.797
1791103080000,2698.73,2699.05,2698.34,2698.34,110.5731
1791103140000,2698.34,2698.99,2698.17,2698.98,37.3843
1791103200000,2698.98,2699.65,2698.98,2699.64,44.4238
1791103260000,2699.65,2699.65,2699.64,2699.65,1.9849
1791103320000,2699.64,2699.65,2699.17,2699.43,127.4566
1791103380000,2699.44,2699.44,2699.43,2699.43,6.8003
1791103440000,2699.43,2699.44,2698.89,2698.89,20.5793
1791103500000,2698.89,2699.28,2698.89,2699.27,20.3438
1791103560000,2699.28,2699.65,2699.27,2699.65,23.0477
1791103620000,2699.64,2699.65,2699.64,2699.64,5.9469
1791103680000,2699.65,2699.65,2699.16,2699.65,51.0082
1791103740000,2699.64,2700.0,2699.64,2699.99,39.6848
1791103800000,2700.0,2700.64,2699.99,2700.56,118.9942
1791103860000,2700.55,2700.55,2699.52,2699.53,33.1952
1791103920000,2699.53,2699.53,2699.52,2699.52,17.6136
1791103980000,2699.52,2699.53,2699.52,2699.52,17.6806
1791104040000,2699.52,2699.58,2699.52,2699.57,47.897
1791104100000,2699.57,2699.98,2699.57,2699.98,24.9091
1791104160000,2699.97,2700.17,2699.97,2700.16,31.261
1791104220000,2700.17,2700.3,2700.16,2700.27,24.9124
1791104280000,2700.27,2700.28,2700.27,2700.28,13.1634
1791104340000,2700.27,2700.38,2700.27,2700.38,15.6346
1791104400000,2700.37,2700.56,2700.37,2700.48,18.6516
1791104460000,2700.47,2700.48,2699.3,2699.31,42.5782
1791104520000,2699.3,2699.31,2699.22,2699.22,8.5369
1791104580000,2699.23,2699.23,2698.62,2698.63,9.286
1791104640000,2698.62,2698.63,2698.36,2698.37,15.0673
1791104700000,2698.36,2698.37,2697.87,2698.12,53.0644
1791104760000,2698.13,2698.3,2698.12,2698.3,36.7423
1791104820000,2698.3,2699.15,2698.29,2699.15,21.0783
1791104880000,2699.15,2699.15,2699.14,2699.15,13.8848
1791104940000,2699.15,2699.15,2699.14,2699.15,8.8933
1791105000000,2699.15,2699.15,2698.75,2698.76,36.7478
1791105060000,2698.75,2699.15,2698.75,2699.14,19.9802
1791105120000,2699.15,2699.15,2699.14,2699.14,8.0718
1791105180000,2699.15,2699.35,2699.14,2699.34,17.0211
1791105240000,2699.35,2699.35,2699.24,2699.25,24.7278
1791105300000,2699.25,2699.37,2699.24,2699.36,20.9167
1791105360000,2699.37,2699.39,2699.36,2699.38,53.0741
1791105420000,2699.38,2699.39,2699.38,2699.39,11.2547
1791105480000,2699.38,2700.0,2699.38,2699.63,39.0256
1791105540000,2699.64,2699.99,2699.63,2699.99,19.6908
1791105600000,2699.99,2700.0,2699.87,2699.87,20.1475
1791105660000,2699.87,2700.0,2699.87,2699.99,19.5166
1791105720000,2700.0,2701.12,2699.99,2701.12,48.4433
1791105780000,2701.12,2702.38,2701.12,2702.34,150.406
1791105840000,2702.34,2702.82,2702.02,2702.3,154.6644
1791105900000,2702.31,2702.69,2702.31,2702.68,83.297
1791105960000,2702.69,2702.81,2702.62,2702.8,113.8427
1791106020000,2702.8,2703.7,2702.8,2702.83,166.3098
1791106080000,2702.82,2702.84,2702.82,2702.84,127.7882
1791106140000,2702.84,2703.32,2702.79,2702.81,115.4971
1791106200000,2702.81,2703.77,2702.81,2702.85,66.1699
1791106260000,2702.84,2702.85,2702.84,2702.85,6.7125
1791106320000,2702.84,2702.86,2702.6,2702.61,66.9552
1791106380000,2702.61,2702.61,2701.56,2701.57,264.9216
1791106440000,2701.57,2701.57,2701.56,2701.57,12.0439
1791106500000,2701.57,2701.57,2700.54,2700.55,126.2381
1791106560000,2700.54,2700.55,2700.54,2700.54,8.7126
1791106620000,2700.55,2700.55,2700.24,2700.54,89.1147
1791106680000,2700.54,2700.55,2700.54,2700.55,13.3949
1791106740000,2700.54,2701.38,2700.54,2701.27,21.885
1791106800000,2701.26,2702.98,2701.26,2702.97,57.1348
1791106860000,2702.98,2703.79,2702.97,2703.79,40.8193
1791106920000,2703.79,2704.3,2703.79,2704.14,60.15
1791106980000,2704.14,2704.14,2702.66,2703.26,59.3286
1791107040000,2703.25,2703.73,2703.25,2703.46,57.5657
1791107100000,2703.47,2704.51,2703.46,2704.5,36.3844
1791107160000,2704.51,2704.72,2704.45,2704.54,78.5571
1791107220000,2704.55,2706.2,2704.54,2704.61,206.2492
1791107280000,2704.6,2706.05,2704.6,2705.46,66.2721
1791107340000,2705.46,2706.2,2703.9,2704.38,212.9197
1791107400000,2704.38,2704.39,2703.3,2703.43,59.52
1791107460000,2703.42,2703.43,2702.53,2702.54,23.4641
1791107520000,2702.54,2703.18,2702.53,2702.7,43.6979
1791107580000,2702.7,2702.7,2702.68,2702.68,15.8403
1791107640000,2702.69,2702.69,2702.68,2702.68,9.951
1791107700000,2702.69,2702.85,2702.57,2702.85,13.4372
1791107760000,2702.85,2702.85,2702.84,2702.85,6.1903
1791107820000,2702.85,2702.85,2702.42,2702.42,37.3652
1791107880000,2702.43,2702.56,2702.17,2702.32,47.547
1791107940000,2702.32,2702.33,2701.3,2701.52,29.7645
1791108000000,2701.53,2702.19,2701.52,2702.18,15.4978
1791108060000,2702.19,2702.19,2701.76,2701.77,31.4412
1791108120000,2701.76,2702.22,2701.76,2702.21,16.4174
1791108180000,2702.22,2702.52,2702.21,2702.51,19.7802
1791108240000,2702.51,2702.52,2702.26,2702.52,19.9529
1791108300000,2702.52,2702.99,2702.51,2702.99,22.1738
1791108360000,2702.99,2703.47,2702.67,2702.68,61.2186
1791108420000,2702.68,2702.73,2702.4,2702.4,20.3939
1791108480000,2702.41,2702.41,2702.4,2702.41,7.4152
1791108540000,2702.41,2702.41,2702.4,2702.4,15.9608
1791108600000,2702.41,2702.41,2702.31,2702.31,10.3109
1791108660000,2702.31,2702.32,2702.31,2702.31,2.6488
1791108720000,2702.32,2702.32,2702.05,2702.06,12.6116
1791108780000,2702.05,2702.05,2701.51,2701.51,16.9483
1791108840000,2701.52,2703.27,2701.52,2703.27,46.2466
1791108900000,2703.26,2704.52,2703.26,2704.31,34.5038
1791108960000,2704.3,2704.93,2704.3,2704.49,34.5953
1791109020000,2704.49,2704.5,2704.0,2704.01,42.6666
1791109080000,2704.01,2707.0,2704.0,2706.3,169.4663
1791109140000,2706.31,2706.67,2704.81,2706.52,582.4581
1791109200000,2706.52,2706.67,2705.52,2705.53,101.6998
1791109260000,2705.53,2706.36,2705.52,2706.12,87.9387
1791109320000,2706.12,2707.47,2705.83,2705.83,291.4216
1791109380000,2705.83,2706.14,2705.28,2705.29,146.3056
1791109440000,2705.29,2705.29,2705.0,2705.26,137.7437
1791109500000,2705.26,2705.67,2705.26,2705.67,57.3345
1791109560000,2705.67,2705.7,2705.66,2705.69,18.5669
1791109620000,2705.7,2706.8,2705.7,2706.33,83.7102
1791109680000,2706.33,2706.33,2705.79,2705.8,76.6522
1791109740000,2705.8,2705.8,2705.0,2705.01,154.5957
1791109800000,2705.0,2705.49,2705.0,2705.34,143.2903
1791109860000,2705.33,2705.37,2704.79,2705.36,54.2585
1791109920000,2705.37,2705.37,2703.54,2703.54,96.265
1791109980000,2703.55,2705.1,2703.54,2704.92,87.3632
1791110040000,2704.92,2704.92,2703.4,2703.41,58.1761
1791110100000,2703.4,2703.68,2703.21,2703.23,68.6599
1791110160000,2703.24,2703.24,2702.5,2702.9,77.1328
1791110220000,2702.91,2702.91,2701.61,2702.07,122.982
1791110280000,2702.07,2702.34,2702.06,2702.33,118.9189
1791110340000,2702.34,2702.34,2701.66,2701.67,54.2183
1791110400000,2701.67,2701.67,2701.55,2701.55,15.3752
1791110460000,2701.54,2703.01,2701.47,2703.0,148.3435
1791110520000,2703.01,2703.01,2702.9,2702.9,18.2974
1791110580000,2702.91,2703.13,2702.9,2703.12,19.4898
1791110640000,2703.13,2703.13,2703.12,2703.12,10.0204
1791110700000,2703.13,2703.69,2703.12,2703.68,16.8783
1791110760000,2703.68,2703.69,2703.67,2703.67,28.3594
1791110820000,2703.68,2703.68,2702.51,2702.52,15.4095
1791110880000,2702.52,2703.21,2702.51,2703.21,14.4121
1791110940000,2703.21,2703.21,2703.19,2703.2,56.0519
1791111000000,2703.2,2703.2,2703.19,2703.2,27.4672
1791111060000,2703.2,2703.33,2703.19,2703.33,81.1057
1791111120000,2703.32,2703.33,2703.32,2703.33,24.8484
1791111180000,2703.33,2703.68,2703.32,2703.68,35.9453
1791111240000,2703.68,2703.68,2703.67,2703.67,15.2753
1791111300000,2703.68,2703.68,2703.67,2703.68,14.3037
1791111360000,2703.67,2703.68,2703.66,2703.67,37.5995
1791111420000,2703.66,2703.66,2702.72,2702.72,58.2962
1791111480000,2702.73,2702.73,2701.82,2701.82,11.9105
1791111540000,2701.82,2701.82,2701.48,2701.48,14.6815
1791111600000,2701.49,2701.49,2701.01,2701.02,29.4001
1791111660000,2701.02,2701.33,2700.97,2700.97,43.1641
1791111720000,2700.97,2700.97,2700.01,2700.58,80.282
1791111780000,2700.58,2700.75,2700.57,2700.58,89.1844
1791111840000,2700.57,2700.65,2700.42,2700.42,26.1329
1791111900000,2700.42,2701.96,2700.41,2701.95,99.8079
1791111960000,2701.96,2701.96,2701.95,2701.95,5.7417
1791112020000,2701.96,2701.96,2701.85,2701.85,28.6728
1791112080000,2701.85,2701.86,2701.84,2701.84,26.0017
1791112140000,2701.85,2701.85,2701.72,2701.73,50.4154
1791112200000,2701.72,2701.73,2701.72,2701.73,9.6683
1791112260000,2701.73,2702.3,2701.73,2702.3,51.454
1791112320000,2702.3,2702.3,2702.1,2702.1,22.981
1791112380000,2702.1,2702.1,2701.3,2701.31,36.9167
1791112440000,2701.3,2701.31,2701.3,2701.31,7.261
1791112500000,2701.31,2702.17,2701.3,2702.17,37.708
1791112560000,2702.19,2702.2,2702.19,2702.2,17.6397
1791112620000,2702.19,2702.2,2702.01,2702.02,42.9029
1791112680000,2702.01,2702.02,2702.01,2702.01,48.4851
1791112740000,2702.02,2702.04,2701.99,2702.04,52.9421
1791112800000,2702.03,2702.85,2702.03,2702.85,45.5524
1791112860000,2702.84,2703.0,2702.82,2702.82,36.0517
1791112920000,2702.82,2702.83,2702.69,2702.7,32.3626
1791112980000,2702.69,2703.08,2702.69,2703.07,28.374
1791113040000,2703.08,2703.08,2703.07,2703.07,25.6074
1791113100000,2703.08,2703.38,2703.07,2703.37,50.7239
1791113160000,2703.38,2703.38,2703.37,2703.38,25.979
1791113220000,2703.38,2704.0,2703.38,2704.0,62.2274
1791113280000,2704.0,2704.2,2703.9,2703.9,58.0021
1791113340000,2703.91,2703.91,2703.9,2703.9,9.6628
1791113400000,2703.91,2704.12,2703.88,2703.88,33.2396
1791113460000,2703.89,2704.06,2703.88,2703.91,34.458
1791113520000,2703.91,2704.38,2702.64,2702.65,84.1679
1791113580000,2702.65,2702.87,2702.1,2702.11,29.8303
1791113640000,2702.1,2702.11,2702.1,2702.1,6.511
1791113700000,2702.11,2702.11,2702.0,2702.01,12.5261
1791113760000,2702.01,2702.01,2702.0,2702.0,5.1616
1791113820000,2702.0,2702.01,2702.0,2702.01,5.5791
1791113880000,2702.01,2702.01,2701.18,2701.19,67.0896
1791113940000,2701.18,2701.19,2700.91,2700.92,14.6182
1791114000000,2700.92,2700.92,2700.89,2700.9,61.0045
1791114060000,2700.9,2700.9,2700.89,2700.9,11.1346
1791114120000,2700.89,2700.9,2700.89,2700.9,29.646
1791114180000,2700.9,2700.9,2700.62,2700.62,38.8561
1791114240000,2700.62,2700.62,2700.61,2700.61,5.654
1791114300000,2700.61,2700.62,2700.61,2700.61,12.7533
1791114360000,2700.62,2700.7,2700.61,2700.7,29.9016
1791114420000,2700.7,2700.7,2700.69,2700.7,14.4034
1791114480000,2700.7,2700.7,2700.69,2700.69,53.6273
1791114540000,2700.7,2700.7,2700.69,2700.7,5.8703
1791114600000,2700.69,2700.7,2700.69,2700.69,15.0795
1791114660000,2700.69,2700.7,2700.69,2700.69,32.1941
1791114720000,2700.7,2700.7,2700.69,2700.69,49.9243
1791114780000,2700.69,2701.07,2700.69,2700.93,64.6004
1791114840000,2700.93,2700.93,2700.61,2700.61,25.3459
1791114900000,2700.61,2700.62,2700.61,2700.61,5.4387
1791114960000,2700.62,2700.62,2700.18,2700.19,35.3122
1791115020000,2700.19,2700.19,2700.13,2700.14,52.1103
1791115080000,2700.14,2700.14,2699.63,2700.01,222.2947
1791115140000,2700.01,2700.01,2699.99,2699.99,57.0842
1791115200000,2700.0,2700.2,2699.99,2700.2,104.4409
1791115260000,2700.2,2701.52,2700.19,2701.51,122.5093
1791115320000,2701.5,2701.88,2701.27,2701.73,263.0982
1791115380000,2701.73,2701.73,2700.61,2700.61,33.5004
1791115440000,2700.62,2700.62,2700.61,2700.62,8.3199
1791115500000,2700.62,2700.62,2700.61,2700.62,3.3529
1791115560000,2700.61,2701.43,2700.61,2701.42,37.8236
1791115620000,2701.42,2702.3,2701.42,2701.78,217.6576
1791115680000,2701.78,2701.79,2701.78,2701.78,11.8457
1791115740000,2701.79,2701.79,2701.37,2701.37,20.0798
1791115800000,2701.38,2701.38,2701.37,2701.37,88.4416
1791115860000,2701.37,2701.95,2701.37,2701.38,53.2872
1791115920000,2701.38,2701.39,2700.54,2700.54,23.4314
1791115980000,2700.54,2700.54,2700.01,2700.01,19.5425
1791116040000,2700.02,2700.02,2699.17,2699.18,62.7027
1791116100000,2699.18,2699.18,2698.7,2698.7,78.0447
1791116160000,2698.7,2698.7,2697.67,2697.67,65.3291
1791116220000,2697.66,2698.85,2696.76,2698.52,108.5697
1791116280000,2698.52,2701.21,2698.52,2700.76,59.6971
1791116340000,2700.75,2700.88,2699.71,2700.78,38.1797
1791116400000,2700.79,2700.8,2700.78,2700.8,33.2589
1791116460000,2700.79,2701.69,2700.79,2701.69,34.3576
1791116520000,2701.69,2702.1,2701.69,2702.1,52.7026
1791116580000,2702.11,2702.2,2701.94,2701.98,139.4283
1791116640000,2701.97,2702.23,2701.43,2701.89,145.7227
1791116700000,2701.89,2702.81,2701.88,2702.8,51.1496
1791116760000,2702.81,2703.0,2702.72,2702.72,38.1672
1791116820000,2702.73,2703.17,2702.73,2703.17,89.0417
1791116880000,2703.16,2703.43,2702.74,2702.75,162.4739
1791116940000,2702.74,2702.76,2702.0,2702.0,163.3633
1791117000000,2702.01,2703.02,2702.0,2703.02,46.11
1791117060000,2703.02,2703.37,2703.02,2703.23,21.7294
1791117120000,2703.23,2703.23,2701.14,2701.36,182.6464
1791117180000,2701.36,2702.01,2701.35,2702.01,21.3706
1791117240000,2702.0,2702.23,2702.0,2702.23,49.3036
1791117300000,2702.23,2702.5,2702.22,2702.5,26.1112
1791117360000,2702.49,2702.5,2702.24,2702.24,18.6834
1791117420000,2702.24,2702.25,2701.82,2701.83,73.5441
1791117480000,2701.82,2701.83,2701.52,2701.53,37.6826
1791117540000,2701.53,2701.53,2701.2,2701.2,60.7957
1791117600000,2701.2,2701.21,2701.2,2701.2,10.521
1791117660000,2701.2,2701.33,2701.2,2701.32,64.8171
1791117720000,2701.32,2701.38,2701.32,2701.38,9.7093
1791117780000,2701.38,2701.38,2701.37,2701.38,6.0647
1791117840000,2701.37,2701.37,2700.0,2700.01,121.5007
1791117900000,2700.0,2700.35,2700.0,2700.35,32.3061
1791117960000,2700.34,2700.35,2699.61,2699.77,80.7656
1791118020000,2699.76,2699.89,2698.06,2698.1,168.8083
1791118080000,2698.09,2698.61,2698.09,2698.5,67.4412
1791118140000,2698.5,2698.56,2698.5,2698.56,23.7852
1791118200000,2698.56,2698.56,2698.55,2698.56,20.9803
1791118260000,2698.55,2698.56,2698.55,2698.56,22.1005
1791118320000,2698.55,2698.56,2698.55,2698.55,25.8903
1791118380000,2698.56,2698.56,2698.11,2698.35,81.7354
1791118440000,2698.35,2698.35,2695.42,2696.42,407.307
1791118500000,2696.42,2696.46,2694.68,2695.7,245.2045
1791118560000,2695.71,2696.37,2695.7,2696.36,67.6142
1791118620000,2696.37,2696.37,2695.1,2695.56,112.2965
1791118680000,2695.55,2695.96,2695.01,2695.02,46.6644
1791118740000,2695.01,2695.73,2695.01,2695.23,84.317
1791118800000,2695.23,2695.73,2695.22,2695.73,102.6759
1791118860000,2695.72,2695.95,2695.32,2695.34,47.9616
1791118920000,2695.34,2695.4,2694.74,2694.74,98.3307
1791118980000,2694.74,2695.0,2694.74,2695.0,79.4458
1791119040000,2695.0,2695.0,2694.87,2694.99,64.4036
1791119100000,2694.99,2695.0,2694.99,2694.99,85.5144
1791119160000,2695.0,2696.34,2695.0,2696.34,180.4693
1791119220000,2696.33,2696.34,2695.55,2695.55,82.8309
1791119280000,2695.55,2696.08,2695.44,2696.07,35.522
1791119340000,2696.08,2696.36,2696.07,2696.1,47.7828
1791119400000,2696.1,2696.25,2696.09,2696.24,23.6595
1791119460000,2696.25,2696.25,2696.24,2696.25,5.5159
1791119520000,2696.25,2697.18,2696.25,2697.18,41.9109
1791119580000,2697.17,2697.3,2697.17,2697.29,24.0102
1791119640000,2697.29,2697.3,2697.29,2697.29,12.6696
1791119700000,2697.29,2697.62,2697.29,2697.61,18.0519
1791119760000,2697.62,2698.36,2697.62,2698.36,20.8067
1791119820000,2698.36,2698.36,2697.73,2697.74,41.4414
1791119880000,2697.73,2697.74,2697.13,2697.14,341.2449
1791119940000,2697.14,2697.28,2697.13,2697.26,263.2205
1791120000000,2697.26,2697.7,2697.25,2697.69,29.9341
1791120060000,2697.69,2698.0,2697.69,2698.0,6.3406
1791120120000,2697.99,2698.0,2697.99,2697.99,5.6729
1791120180000,2697.99,2698.33,2697.99,2698.32,9.42
1791120240000,2698.33,2698.65,2698.32,2698.65,6.8726
1791120300000,2698.64,2700.0,2698.64,2699.58,49.7553
1791120360000,2699.59,2699.59,2698.65,2698.65,114.6094
1791120420000,2698.66,2698.66,2698.51,2698.51,11.9809
1791120480000,2698.51,2699.08,2698.51,2699.07,26.8008
1791120540000,2699.07,2699.08,2699.07,2699.07,4.0272
1791120600000,2699.07,2699.18,2699.07,2699.18,37.6621
1791120660000,2699.18,2700.43,2699.17,2700.04,117.7801
1791120720000,2700.03,2700.04,2700.03,2700.03,5.0123
1791120780000,2700.03,2700.04,2700.03,2700.04,18.0261
1791120840000,2700.03,2700.04,2700.03,2700.03,51.681
1791120900000,2700.03,2700.04,2697.72,2698.4,152.3986
1791120960000,2698.41,2699.53,2698.4,2699.52,16.6432
1791121020000,2699.53,2700.73,2699.53,2700.72,85.7423
1791121080000,2700.73,2701.53,2700.41,2700.42,417.6863
1791121140000,2700.41,2700.42,2699.26,2699.26,35.9963
1791121200000,2699.26,2699.27,2698.44,2698.45,27.2668
1791121260000,2698.45,2698.45,2697.93,2697.94,101.8789
1791121320000,2697.95,2697.95,2697.78,2697.78,78.5513
1791121380000,2697.78,2699.02,2697.78,2698.05,142.4598
1791121440000,2698.04,2698.19,2697.45,2697.45,96.084
1791121500000,2697.46,2697.66,2697.45,2697.54,114.2946
1791121560000,2697.55,2698.96,2697.53,2698.96,128.7797
1791121620000,2698.96,2699.09,2698.94,2698.95,27.8448
1791121680000,2698.95,2698.95,2698.94,2698.95,4.0388
1791121740000,2698.95,2699.59,2698.95,2699.58,16.9727
1791121800000,2699.59,2699.59,2699.02,2699.03,43.0179
1791121860000,2699.02,2699.02,2698.28,2698.28,24.6276
1791121920000,2698.29,2698.53,2698.28,2698.53,19.5147
1791121980000,2698.53,2698.97,2698.5,2698.97,66.0887
1791122040000,2698.97,2698.97,2698.96,2698.96,5.2039
1791122100000,2698.97,2699.13,2698.97,2698.99,68.9507
1791122160000,2698.98,2699.0,2698.98,2699.0,20.9976
1791122220000,2699.0,2699.35,2698.99,2699.34,25.2467
1791122280000,2699.35,2699.35,2699.04,2699.04,57.7141
1791122340000,2699.05,2699.05,2699.04,2699.05,14.356
1791122400000,2699.05,2699.31,2698.05,2698.06,55.568
1791122460000,2698.06,2698.06,2697.9,2697.9,23.6219
1791122520000,2697.91,2697.91,2696.73,2696.73,181.1787
1791122580000,2696.73,2696.73,2696.03,2696.53,55.7841
1791122640000,2696.53,2697.02,2696.53,2697.02,16.9991
1791122700000,2697.02,2697.43,2697.01,2697.43,24.8677
1791122760000,2697.42,2697.43,2696.48,2696.48,78.3101
1791122820000,2696.49,2696.49,2695.96,2695.96,59.6854
1791122880000,2695.96,2696.11,2695.95,2696.1,53.4832
1791122940000,2696.11,2696.11,2695.9,2695.9,88.8569
1791123000000,2695.9,2696.11,2695.9,2695.96,26.3563
1791123060000,2695.96,2695.96,2695.1,2695.1,96.4188
1791123120000,2695.1,2696.46,2695.09,2696.46,59.4582
1791123180000,2696.46,2696.47,2696.46,2696.47,15.5916
1791123240000,2696.47,2696.59,2696.47,2696.59,12.2415
1791123300000,2696.59,2696.59,2696.52,2696.52,55.5807
1791123360000,2696.51,2696.51,2695.95,2695.95,24.2382
1791123420000,2695.96,2695.96,2695.95,2695.95,10.4419
1791123480000,2695.96,2695.96,2695.53,2695.53,110.2124
1791123540000,2695.53,2695.54,2695.0,2695.0,32.9397
1791123600000,2695.01,2695.01,2694.01,2694.01,213.4579
1791123660000,2694.01,2694.29,2693.99,2694.19,193.3808
1791123720000,2694.19,2695.15,2693.8,2695.14,192.3508
1791123780000,2695.15,2695.45,2695.15,2695.18,87.0643
1791123840000,2695.17,2695.36,2695.17,2695.36,25.2296
1791123900000,2695.35,2695.36,2695.35,2695.36,4.3531
1791123960000,2695.35,2695.78,2695.35,2695.78,47.1872
1791124020000,2695.77,2695.89,2695.77,2695.89,58.0591
1791124080000,2695.89,2696.25,2695.89,2696.24,4.6772
1791124140000,2696.25,2696.25,2696.24,2696.25,7.7829
1791124200000,2696.25,2696.25,2696.05,2696.25,49.0779
1791124260000,2696.24,2696.55,2696.24,2696.54,58.3929
1791124320000,2696.54,2696.54,2696.13,2696.14,70.448
1791124380000,2696.14,2696.85,2696.13,2696.85,29.0894
1791124440000,2696.85,2697.15,2696.85,2697.15,19.4789
1791124500000,2697.16,2698.28,2697.15,2698.28,42.1003
1791124560000,2698.28,2698.85,2696.56,2696.56,160.5396
1791124620000,2696.56,2696.56,2695.68,2695.72,193.9862
1791124680000,2695.72,2695.72,2695.71,2695.71,9.7681
1791124740000,2695.72,2695.72,2695.36,2695.36,10.1148
1791124800000,2695.36,2695.37,2695.36,2695.37,3.3405
1791124860000,2695.37,2695.37,2695.36,2695.37,31.4273
1791124920000,2695.36,2695.37,2695.36,2695.37,8.1556
1791124980000,2695.37,2695.37,2694.81,2694.81,27.2844
1791125040000,2694.81,2694.82,2694.79,2694.8,105.5379
1791125100000,2694.79,2694.8,2694.77,2694.77,21.5933
1791125160000,2694.77,2694.78,2692.95,2692.95,100.74
1791125220000,2692.96,2694.51,2692.0,2692.2,449.6628
1791125280000,2692.25,2693.13,2692.25,2693.13,89.4431
1791125340000,2693.12,2694.13,2693.08,2694.12,30.9312
1791125400000,2694.13,2694.43,2694.12,2694.43,11.8113
1791125460000,2694.42,2694.97,2693.89,2694.97,93.0531
1791125520000,2694.96,2696.72,2694.96,2696.71,12.3893
1791125580000,2696.72,2696.72,2695.81,2696.33,223.6887
1791125640000,2696.34,2696.61,2696.33,2696.6,96.9252
1791125700000,2696.6,2697.05,2696.6,2697.05,26.7539
1791125760000,2697.04,2697.16,2697.04,2697.15,29.6643
1791125820000,2697.15,2697.89,2697.15,2697.89,16.8155
1791125880000,2697.89,2698.28,2697.46,2697.46,79.1384
1791125940000,2697.46,2697.47,2697.46,2697.47,11.9828
1791126000000,2697.46,2697.53,2697.46,2697.52,16.274
1791126060000,2697.53,2698.17,2697.52,2698.17,106.6763
1791126120000,2698.18,2698.38,2698.15,2698.21,44.8392
1791126180000,2698.22,2699.03,2698.21,2699.03,12.8452
1791126240000,2699.03,2701.39,2698.67,2698.67,234.2438
1791126300000,2698.68,2698.97,2698.28,2698.29,46.274
1791126360000,2698.29,2698.29,2696.65,2696.77,137.5827
1791126420000,2696.78,2697.5,2696.78,2697.06,51.148
1791126480000,2697.07,2697.07,2696.2,2696.2,63.3556
1791126540000,2696.2,2697.06,2696.2,2697.05,18.2669
1791126600000,2697.05,2697.5,2697.05,2697.49,45.9745
1791126660000,2697.5,2698.87,2697.5,2698.82,40.1088
1791126720000,2698.82,2698.83,2698.02,2698.02,79.6927
1791126780000,2698.02,2699.19,2698.02,2699.18,22.3158
1791126840000,2699.18,2699.2,2698.45,2699.2,50.4218
1791126900000,2699.22,2699.47,2699.11,2699.11,24.7613
1791126960000,2699.11,2699.12,2698.62,2698.72,68.3839
1791127020000,2698.72,2700.0,2698.71,2700.0,53.6834
1791127080000,2700.0,2700.75,2699.36,2699.66,116.2418
1791127140000,2699.67,2702.7,2699.66,2702.14,170.4568
1791127200000,2702.15,2703.99,2701.0,2703.98,203.4824
1791127260000,2703.99,2704.96,2701.96,2701.96,325.7552
1791127320000,2701.96,2702.45,2701.16,2701.83,214.9701
1791127380000,2701.83,2701.83,2701.21,2701.22,56.1075
1791127440000,2701.22,2701.22,2700.42,2700.43,111.3104
1791127500000,2700.44,2700.8,2698.95,2698.95,162.6351
1791127560000,2698.95,2699.14,2698.38,2698.6,141.52
1791127620000,2698.6,2700.83,2697.74,2700.83,261.6708
1791127680000,2700.83,2700.83,2700.18,2700.18,58.91
1791127740000,2700.19,2700.19,2699.21,2699.21,44.2003
1791127800000,2699.21,2699.69,2698.9,2698.91,44.5625
1791127860000,2698.91,2699.55,2698.47,2699.54,30.8499
1791127920000,2699.54,2699.73,2699.54,2699.72,8.2577
1791127980000,2699.72,2699.73,2698.99,2699.37,75.9171
1791128040000,2699.38,2699.71,2699.37,2699.71,39.5643
1791128100000,2699.7,2699.71,2699.45,2699.46,22.4254
1791128160000,2699.46,2699.46,2698.44,2698.44,25.3719
1791128220000,2698.45,2698.45,2697.74,2697.75,42.3882
1791128280000,2697.75,2698.41,2697.75,2698.03,51.3031
1791128340000,2698.03,2698.03,2697.74,2697.74,30.3756
1791128400000,2697.74,2698.4,2697.74,2698.39,24.7457
1791128460000,2698.4,2699.17,2698.4,2698.94,136.8114
1791128520000,2698.93,2698.94,2698.93,2698.93,16.9103
1791128580000,2698.94,2698.94,2698.66,2698.67,47.4782
1791128640000,2698.66,2698.67,2698.66,2698.66,11.1277
1791128700000,2698.67,2699.11,2698.66,2699.1,19.6614
1791128760000,2699.1,2699.21,2699.1,2699.21,8.9463
1791128820000,2699.21,2699.97,2699.19,2699.6,261.5635
1791128880000,2699.6,2700.88,2699.6,2699.84,82.3355
1791128940000,2699.84,2699.89,2699.54,2699.54,24.6109
1791129000000,2699.53,2699.67,2699.53,2699.67,142.8241
1791129060000,2699.67,2699.72,2699.67,2699.72,18.5445
1791129120000,2699.71,2699.72,2699.71,2699.72,20.0847
1791129180000,2699.71,2700.07,2699.71,2699.72,120.1513
1791129240000,2699.71,2699.79,2699.71,2699.79,37.0458
1791129300000,2699.78,2699.79,2699.78,2699.79,21.3661
1791129360000,2699.78,2699.79,2699.78,2699.78,53.2095
1791129420000,2699.79,2699.79,2699.54,2699.54,38.8735
1791129480000,2699.55,2699.72,2699.54,2699.72,25.2992
1791129540000,2699.71,2699.72,2698.99,2698.99,29.1641
1791129600000,2698.98,2699.11,2698.92,2699.11,32.3965
1791129660000,2699.11,2699.37,2698.11,2698.11,77.2783
1791129720000,2698.12,2698.12,2697.37,2697.38,8.9204
1791129780000,2697.38,2697.49,2696.91,2696.91,45.678
1791129840000,2696.91,2696.91,2696.28,2696.47,165.4607
1791129900000,2696.46,2696.46,2696.27,2696.28,44.6807
1791129960000,2696.28,2696.6,2696.27,2696.6,28.327
1791130020000,2696.6,2697.39,2696.59,2697.39,13.3361
1791130080000,2697.38,2697.44,2697.38,2697.43,25.5366
1791130140000,2697.43,2698.23,2697.43,2698.23,19.2995
1791130200000,2698.23,2700.46,2698.23,2699.5,238.495
1791130260000,2699.49,2699.97,2699.4,2699.72,41.9049
1791130320000,2699.71,2699.71,2699.63,2699.63,12.3938
1791130380000,2699.64,2699.64,2699.63,2699.64,16.7183
1791130440000,2699.64,2700.33,2699.42,2700.32,53.7736
1791130500000,2700.32,2701.07,2700.32,2700.46,28.2077
1791130560000,2700.45,2700.46,2700.09,2700.28,52.2399
1791130620000,2700.29,2700.29,2698.91,2698.91,25.6975
1791130680000,2698.91,2699.7,2698.91,2699.69,41.7576
1791130740000,2699.7,2699.7,2699.02,2699.02,30.1311
1791130800000,2699.01,2699.02,2699.01,2699.02,8.3555
1791130860000,2699.01,2699.02,2698.15,2698.15,23.0128
1791130920000,2698.15,2698.16,2697.65,2697.66,41.312
1791130980000,2697.65,2698.04,2696.67,2698.04,32.1051
1791131040000,2698.03,2698.04,2697.74,2697.82,15.5859
1791131100000,2697.81,2697.81,2697.23,2697.72,19.1525
1791131160000,2697.73,2697.73,2697.21,2697.39,15.2768
1791131220000,2697.38,2697.65,2697.38,2697.65,26.4563
1791131280000,2697.65,2698.59,2697.65,2698.58,15.2152
1791131340000,2698.59,2698.59,2698.58,2698.58,12.3448
1791131400000,2698.59,2700.0,2698.58,2699.99,28.1407
1791131460000,2699.99,2700.0,2699.99,2700.0,11.0232
1791131520000,2700.0,2700.65,2699.99,2700.65,12.569
1791131580000,2700.64,2701.64,2700.16,2701.63,48.6664
1791131640000,2701.62,2701.87,2701.62,2701.87,42.5981
1791131700000,2701.86,2702.04,2701.86,2702.03,51.4612
1791131760000,2702.04,2702.78,2702.03,2702.77,19.8897
1791131820000,2702.78,2703.67,2702.78,2703.45,70.1166
1791131880000,2703.45,2703.46,2703.05,2703.06,22.2079
1791131940000,2703.06,2703.7,2703.0,2703.17,40.5444
1791132000000,2703.16,2703.7,2702.91,2703.62,94.343
1791132060000,2703.61,2704.41,2703.61,2704.41,158.9023
1791132120000,2704.41,2704.41,2703.91,2703.91,32.4381
1791132180000,2703.92,2704.19,2703.91,2704.19,10.5981
1791132240000,2704.18,2704.54,2703.88,2703.88,28.0798
1791132300000,2703.88,2704.28,2703.84,2703.85,53.5917
1791132360000,2703.84,2704.06,2703.74,2703.74,17.5444
1791132420000,2703.74,2704.36,2703.74,2704.36,10.9268
1791132480000,2704.36,2705.12,2704.36,2705.12,134.8665
1791132540000,2705.12,2707.01,2705.11,2706.59,318.4441
1791132600000,2706.58,2706.59,2705.0,2705.01,66.4333
1791132660000,2705.02,2706.23,2704.6,2706.22,32.3894
1791132720000,2706.22,2706.22,2705.31,2705.32,76.7595
1791132780000,2705.31,2705.56,2704.74,2705.0,66.5278
1791132840000,2705.01,2705.2,2705.0,2705.19,12.1534
1791132900000,2705.2,2705.2,2704.93,2705.0,29.3454
1791132960000,2705.0,2705.32,2704.62,2704.72,61.9052
1791133020000,2704.71,2704.93,2704.71,2704.92,15.1113
1791133080000,2704.93,2704.93,2703.93,2703.93,34.1919
1791133140000,2703.94,2703.94,2703.12,2703.22,34.1095
1791133200000,2703.22,2703.41,2703.17,2703.18,27.6273
1791133260000,2703.17,2703.64,2703.14,2703.22,54.3622
1791133320000,2703.22,2703.23,2702.64,2702.64,15.7707
1791133380000,2702.65,2702.94,2702.64,2702.94,14.7923
1791133440000,2702.94,2703.48,2702.94,2703.47,19.9967
1791133500000,2703.47,2704.22,2703.47,2704.22,16.8228
1791133560000,2704.21,2704.39,2704.21,2704.39,14.6791
1791133620000,2704.38,2704.38,2703.13,2703.14,49.7537
1791133680000,2703.13,2703.48,2702.32,2703.48,36.1674
1791133740000,2703.48,2703.48,2702.34,2702.57,35.6494
1791133800000,2702.56,2702.94,2702.55,2702.55,29.3667
1791133860000,2702.56,2702.56,2702.53,2702.54,5.12
1791133920000,2702.53,2702.78,2702.0,2702.78,54.398
1791133980000,2702.77,2702.78,2702.58,2702.58,11.8518
1791134040000,2702.58,2702.59,2702.58,2702.59,5.1087
1791134100000,2702.58,2702.59,2702.58,2702.59,9.8243
1791134160000,2702.59,2702.59,2702.58,2702.58,8.2969
1791134220000,2702.58,2703.33,2702.58,2703.33,122.6019
1791134280000,2703.32,2703.32,2702.83,2702.84,38.2928
1791134340000,2702.83,2702.84,2702.65,2702.65,65.9771
1791134400000,2702.65,2703.66,2702.65,2703.66,52.559
1791134460000,2703.65,2703.66,2703.65,2703.66,4.6869
1791134520000,2703.65,2703.74,2703.53,2703.53,34.5828
1791134580000,2703.53,2704.4,2703.53,2704.36,34.8895
1791134640000,2704.35,2704.35,2703.61,2703.96,38.2869
1791134700000,2703.96,2703.97,2703.96,2703.96,3.3386
1791134760000,2703.97,2704.53,2703.96,2704.53,33.1619
1791134820000,2704.53,2704.53,2704.52,2704.53,18.3268
1791134880000,2704.52,2704.52,2703.34,2703.35,45.2703
1791134940000,2703.34,2703.35,2703.34,2703.34,8.542
1791135000000,2703.35,2703.35,2703.34,2703.34,11.3642
1791135060000,2703.35,2703.35,2703.34,2703.34,12.8494
1791135120000,2703.34,2703.39,2703.34,2703.39,32.4301
1791135180000,2703.38,2703.45,2703.34,2703.34,40.4778
1791135240000,2703.35,2703.35,2702.59,2702.59,35.8213
1791135300000,2702.59,2702.6,2702.59,2702.59,10.0713
1791135360000,2702.6,2702.63,2702.59,2702.62,34.126
1791135420000,2702.63,2702.63,2702.61,2702.62,21.2619
1791135480000,2702.61,2702.62,2702.06,2702.07,14.1197
1791135540000,2702.07,2702.07,2702.06,2702.07,8.8986
1791135600000,2702.07,2702.56,2702.06,2702.55,83.6497
1791135660000,2702.56,2702.56,2702.55,2702.55,8.7093
1791135720000,2702.55,2702.56,2702.38,2702.39,35.0456
1791135780000,2702.38,2702.62,2702.38,2702.62,23.6671
1791135840000,2702.61,2705.0,2702.61,2704.99,41.9288
1791135900000,2704.99,2705.3,2704.72,2704.9,150.5894
1791135960000,2704.9,2705.49,2704.9,2705.4,66.1695
1791136020000,2705.39,2705.74,2705.39,2705.53,32.0197
1791136080000,2705.54,2705.54,2704.55,2704.56,40.6617
1791136140000,2704.56,2704.88,2704.54,2704.55,79.455
1791136200000,2704.55,2704.67,2704.5,2704.5,61.8239
1791136260000,2704.51,2704.51,2704.5,2704.5,17.9119
1791136320000,2704.5,2704.51,2703.17,2703.17,14.4405
1791136380000,2703.18,2703.18,2702.63,2702.64,39.4273
1791136440000,2702.63,2702.63,2702.3,2702.48,44.71
1791136500000,2702.48,2702.96,2702.29,2702.29,38.117
1791136560000,2702.3,2702.54,2702.29,2702.53,39.61
1791136620000,2702.54,2702.59,2702.03,2702.03,36.8899
1791136680000,2702.03,2702.15,2701.75,2702.13,48.382
1791136740000,2702.13,2702.14,2702.13,2702.14,10.3489
1791136800000,2702.14,2702.14,2701.63,2701.64,39.2712
1791136860000,2701.64,2701.64,2701.63,2701.63,7.9883
1791136920000,2701.63,2701.76,2701.63,2701.67,39.9503
1791136980000,2701.66,2701.66,2701.35,2701.36,18.4108
1791137040000,2701.36,2701.69,2701.19,2701.66,80.3913
1791137100000,2701.67,2702.09,2701.66,2702.09,70.4203
1791137160000,2702.08,2702.08,2700.71,2700.79,59.7735
1791137220000,2700.78,2701.47,2700.78,2701.16,79.4969
1791137280000,2701.15,2701.15,2700.85,2700.85,17.3679
1791137340000,2700.86,2700.86,2700.85,2700.85,19.2441
1791137400000,2700.86,2701.18,2700.85,2701.17,35.7842
1791137460000,2701.18,2701.18,2701.17,2701.17,2.2189
1791137520000,2701.18,2701.18,2701.17,2701.17,6.47
1791137580000,2701.18,2701.18,2701.17,2701.18,20.6239
1791137640000,2701.17,2701.51,2701.17,2701.51,16.4734
1791137700000,2701.5,2701.51,2701.5,2701.51,3.3263
1791137760000,2701.51,2702.21,2701.5,2702.21,15.1781
1791137820000,2702.2,2702.21,2701.95,2701.95,25.2722
1791137880000,2701.96,2701.96,2701.95,2701.96,4.5621
1791137940000,2701.95,2701.96,2701.43,2701.43,13.4945
1791138000000,2701.43,2701.43,2701.42,2701.43,5.3818
1791138060000,2701.42,2701.42,2701.09,2701.09,6.5153
1791138120000,2701.09,2701.09,2700.71,2700.72,19.4263
1791138180000,2700.72,2700.72,2700.71,2700.72,3.7899
1791138240000,2700.72,2700.78,2700.71,2700.77,14.5849
1791138300000,2700.77,2700.93,2700.77,2700.93,24.5486
1791138360000,2700.92,2700.93,2700.92,2700.92,3.189
1791138420000,2700.92,2700.95,2700.88,2700.95,20.2967
1791138480000,2700.95,2700.95,2700.94,2700.95,15.8127
1791138540000,2700.94,2701.18,2700.94,2701.18,17.7706
1791138600000,2701.17,2701.6,2701.17,2701.59,19.208
1791138660000,2701.6,2701.95,2701.59,2701.94,11.604
1791138720000,2701.95,2701.96,2701.94,2701.96,23.2894
1791138780000,2701.96,2701.96,2700.81,2700.82,49.7136
1791138840000,2700.81,2701.52,2700.81,2701.3,65.782
1791138900000,2701.31,2701.31,2701.3,2701.31,7.6687
1791138960000,2701.3,2701.31,2701.3,2701.3,49.5615
1791139020000,2701.3,2701.31,2701.3,2701.3,11.9705
1791139080000,2701.31,2701.31,2701.3,2701.3,12.0785
1791139140000,2701.3,2701.31,2701.3,2701.31,5.5035
1791139200000,2701.3,2701.57,2701.3,2701.57,19.75
1791139260000,2701.56,2701.57,2701.56,2701.56,5.877
1791139320000,2701.57,2701.92,2701.56,2701.92,39.6538
1791139380000,2701.92,2701.92,2701.91,2701.92,9.9692
1791139440000,2701.92,2701.92,2701.91,2701.92,4.5156
1791139500000,2701.92,2701.92,2701.91,2701.92,9.839
1791139560000,2701.91,2701.92,2701.91,2701.91,6.612
1791139620000,2701.92,2701.92,2701.91,2701.92,5.1809
1791139680000,2701.92,2701.92,2700.93,2700.93,36.1629
1791139740000,2700.94,2700.97,2700.93,2700.97,29.0709
1791139800000,2700.97,2701.11,2700.96,2701.11,9.4667
1791139860000,2701.11,2701.11,2701.1,2701.11,3.3961
1791139920000,2701.11,2701.23,2701.1,2701.22,25.1599
1791139980000,2701.22,2701.23,2701.22,2701.22,10.8061
1791140040000,2701.22,2701.34,2701.22,2701.34,34.6032
1791140100000,2701.34,2701.38,2701.33,2701.38,12.0284
1791140160000,2701.39,2701.44,2701.38,2701.44,7.2804
1791140220000,2701.44,2701.44,2701.43,2701.44,16.5665
1791140280000,2701.44,2701.8,2701.43,2701.8,20.8001
1791140340000,2701.79,2701.79,2701.02,2701.03,104.5363
1791140400000,2701.02,2701.03,2700.99,2700.99,82.8843
1791140460000,2700.99,2702.21,2700.71,2701.99,135.4833
1791140520000,2702.0,2702.12,2701.63,2702.11,55.7845
1791140580000,2702.12,2702.15,2702.05,2702.05,109.6969
1791140640000,2702.06,2703.04,2702.06,2703.04,113.9503
1791140700000,2703.03,2703.03,2702.85,2703.03,145.3067
1791140760000,2703.03,2703.48,2703.03,2703.37,39.355
1791140820000,2703.38,2703.38,2701.34,2701.34,229.8969
1791140880000,2701.34,2701.35,2701.07,2701.08,68.6466
1791140940000,2701.07,2701.26,2701.07,2701.26,28.2255
1791141000000,2701.26,2702.07,2701.25,2702.07,21.4298
1791141060000,2702.07,2702.07,2701.77,2701.78,15.6098
1791141120000,2701.78,2701.78,2701.77,2701.77,2.8981
1791141180000,2701.78,2701.78,2701.77,2701.77,3.1239
1791141240000,2701.77,2701.78,2701.77,2701.77,4.1318
1791141300000,2701.78,2702.52,2701.77,2702.52,68.0294
1791141360000,2702.52,2702.52,2702.51,2702.52,5.0093
1791141420000,2702.51,2702.52,2702.51,2702.52,5.2909
1791141480000,2702.51,2702.52,2702.51,2702.51,13.7267
1791141540000,2702.51,2702.52,2702.51,2702.51,4.7793
1791141600000,2702.52,2703.01,2702.52,2703.01,16.9791
1791141660000,2703.01,2703.01,2703.0,2703.01,26.3085
1791141720000,2703.0,2703.01,2702.94,2702.94,9.9182
1791141780000,2702.95,2702.95,2702.87,2702.87,8.8731
1791141840000,2702.87,2702.88,2702.54,2702.54,8.92
1791141900000,2702.55,2702.87,2702.55,2702.86,13.6279
1791141960000,2702.86,2703.01,2702.36,2702.37,37.2192
1791142020000,2702.37,2703.34,2702.36,2703.34,23.2011
1791142080000,2703.34,2703.46,2703.33,2703.45,9.0597
1791142140000,2703.45,2703.46,2703.45,2703.45,3.859
1791142200000,2703.46,2703.46,2703.45,2703.46,5.0306
1791142260000,2703.46,2705.67,2703.45,2704.76,86.1881
1791142320000,2704.76,2704.76,2703.04,2703.05,67.7674
1791142380000,2703.05,2704.25,2703.04,2703.25,71.9869
1791142440000,2703.26,2704.96,2703.21,2703.86,104.1144
1791142500000,2703.85,2703.85,2703.24,2703.24,20.2846
1791142560000,2703.24,2703.74,2703.0,2703.74,72.9752
1791142620000,2703.74,2703.74,2703.66,2703.66,27.7432
1791142680000,2703.67,2703.75,2703.17,2703.75,94.5671
1791142740000,2703.75,2703.77,2703.11,2703.31,72.38
1791142800000,2703.31,2703.34,2702.43,2702.43,67.7454
1791142860000,2702.43,2702.54,2701.68,2701.69,77.6381
1791142920000,2701.69,2701.69,2701.5,2701.5,25.6032
1791142980000,2701.5,2702.62,2701.5,2702.62,75.3284
1791143040000,2702.62,2702.88,2702.61,2702.88,15.7172
1791143100000,2702.89,2703.42,2702.74,2702.75,21.5383
1791143160000,2702.75,2703.28,2702.74,2703.28,54.7594
1791143220000,2703.28,2703.83,2703.14,2703.43,47.068
1791143280000,2703.44,2703.89,2703.44,2703.53,52.3485
1791143340000,2703.54,2704.14,2703.54,2704.13,22.8091
1791143400000,2704.13,2704.14,2701.81,2702.94,124.9179
1791143460000,2702.93,2702.93,2702.64,2702.65,72.5472
1791143520000,2702.65,2702.66,2702.65,2702.66,4.7072
1791143580000,2702.65,2702.65,2702.52,2702.52,235.9294
1791143640000,2702.52,2702.52,2702.32,2702.32,52.9088
1791143700000,2702.32,2702.51,2702.26,2702.27,132.2164
1791143760000,2702.26,2702.27,2701.68,2701.69,27.312
1791143820000,2701.69,2701.69,2701.68,2701.69,2.7062
1791143880000,2701.68,2701.69,2701.66,2701.67,16.4526
1791143940000,2701.67,2701.67,2701.64,2701.64,23.5719
1791144000000,2701.64,2701.64,2701.0,2701.0,14.9784
1791144060000,2701.0,2701.0,2700.64,2700.64,71.3098
1791144120000,2700.65,2702.23,2700.12,2701.48,324.3716
1791144180000,2701.47,2701.48,2700.94,2701.24,32.7711
1791144240000,2701.23,2701.24,2701.07,2701.07,10.7747
1791144300000,2701.07,2701.07,2700.47,2700.47,32.1401
1791144360000,2700.46,2700.46,2700.0,2700.0,22.2415
1791144420000,2700.01,2700.01,2700.0,2700.0,9.0349
1791144480000,2700.0,2700.01,2700.0,2700.0,28.0561
1791144540000,2700.01,2700.01,2699.65,2699.65,46.1485
1791144600000,2699.65,2699.66,2699.65,2699.65,14.8801
1791144660000,2699.65,2699.66,2699.65,2699.66,11.7695
1791144720000,2699.65,2700.45,2699.65,2700.45,52.8051
1791144780000,2700.44,2700.45,2700.44,2700.45,3.5616
1791144840000,2700.45,2700.5,2700.44,2700.49,5.1304
1791144900000,2700.5,2700.84,2700.49,2700.84,19.7112
1791144960000,2700.84,2700.84,2700.83,2700.83,5.0264
1791145020000,2700.84,2701.41,2700.83,2701.41,13.961
1791145080000,2701.41,2701.92,2701.4,2701.91,10.7553
1791145140000,2701.91,2702.66,2701.08,2702.66,163.5644
1791145200000,2702.65,2703.03,2702.65,2703.02,11.7838
1791145260000,2703.02,2703.22,2703.0,2703.0,7.9311
1791145320000,2703.0,2703.0,2702.25,2702.57,26.0582
1791145380000,2702.57,2702.57,2702.25,2702.25,5.9646
1791145440000,2702.26,2702.26,2702.25,2702.25,5.905
1791145500000,2702.26,2702.26,2702.25,2702.26,44.0045
1791145560000,2702.26,2702.26,2701.18,2701.18,155.4941
1791145620000,2701.19,2701.19,2700.98,2700.99,63.3325
1791145680000,2700.98,2702.12,2700.98,2702.02,82.0318
1791145740000,2702.02,2702.02,2702.01,2702.01,23.9382
1791145800000,2702.02,2702.02,2700.52,2700.88,62.2421
1791145860000,2700.88,2700.88,2700.0,2700.0,24.1991
1791145920000,2700.01,2700.58,2700.0,2700.57,25.5568
1791145980000,2700.58,2702.75,2700.57,2702.52,209.6585
1791146040000,2702.51,2703.4,2702.5,2703.4,419.9604
1791146100000,2703.4,2704.99,2703.4,2704.99,118.0936
1791146160000,2705.0,2705.27,2704.44,2704.65,42.5226
1791146220000,2704.64,2705.8,2704.64,2705.39,33.7373
1791146280000,2705.38,2706.01,2702.4,2702.43,389.4878
1791146340000,2702.44,2702.5,2702.3,2702.3,74.1598
1791146400000,2702.3,2702.3,2702.29,2702.29,9.3115
1791146460000,2702.3,2702.3,2702.01,2702.02,4.08
1791146520000,2702.02,2702.02,2701.73,2701.87,25.6015
1791146580000,2701.87,2703.71,2701.66,2703.13,128.5971
1791146640000,2703.12,2703.13,2702.74,2702.74,13.5144
1791146700000,2702.74,2702.74,2701.79,2702.07,56.1384
1791146760000,2702.08,2702.43,2701.85,2702.43,21.0562
1791146820000,2702.43,2705.48,2702.31,2704.7,478.2674
1791146880000,2704.69,2705.66,2704.69,2705.24,51.3526
1791146940000,2705.24,2705.25,2704.67,2704.68,30.9818
1791147000000,2704.68,2704.88,2704.67,2704.88,18.1052
1791147060000,2704.88,2705.12,2704.87,2704.87,17.9532
1791147120000,2704.88,2706.01,2704.87,2706.01,59.0669
1791147180000,2706.0,2706.01,2705.16,2705.17,46.3862
1791147240000,2705.16,2705.31,2705.16,2705.3,31.5203
1791147300000,2705.31,2706.79,2705.3,2706.78,44.3969
1791147360000,2706.78,2706.79,2706.78,2706.79,4.9935
1791147420000,2706.79,2706.79,2706.25,2706.25,15.9817
1791147480000,2706.25,2706.26,2705.71,2705.76,112.3057
1791147540000,2705.75,2705.75,2705.74,2705.74,160.2246
1791147600000,2705.73,2705.91,2705.31,2705.31,39.5449
1791147660000,2705.31,2705.41,2704.74,2705.35,45.4784
1791147720000,2705.34,2706.6,2705.34,2706.6,26.7678
1791147780000,2706.6,2706.61,2705.91,2705.97,19.0656
1791147840000,2705.98,2706.48,2705.76,2705.93,53.5539
1791147900000,2705.92,2706.14,2705.65,2706.14,14.4957
1791147960000,2706.13,2706.14,2706.13,2706.14,2.6542
1791148020000,2706.14,2706.14,2706.02,2706.02,17.5588
1791148080000,2706.03,2706.91,2706.02,2706.91,31.0022
1791148140000,2706.9,2707.0,2706.79,2707.0,57.245
1791148200000,2706.99,2709.24,2706.99,2709.12,262.2379
1791148260000,2709.12,2710.23,2709.11,2709.74,518.6217
1791148320000,2709.74,2709.74,2708.53,2708.55,43.7661
1791148380000,2708.55,2708.81,2706.92,2707.13,251.1816
1791148440000,2707.12,2707.99,2707.02,2707.39,33.8076
1791148500000,2707.38,2707.67,2706.34,2706.65,78.5296
1791148560000,2706.65,2708.47,2706.42,2708.47,65.8282
1791148620000,2708.46,2708.57,2707.85,2708.18,39.1505
1791148680000,2708.17,2708.28,2708.17,2708.28,7.0244
1791148740000,2708.27,2708.28,2707.0,2707.01,79.9881
1791148800000,2707.0,2707.01,2704.24,2704.24,95.5806
1791148860000,2704.25,2705.04,2702.56,2703.04,139.8917
1791148920000,2703.05,2703.68,2702.81,2703.68,31.6917
1791148980000,2703.68,2704.12,2703.67,2703.67,28.082
1791149040000,2703.68,2704.11,2703.33,2704.11,44.0724
1791149100000,2704.11,2704.99,2704.11,2704.8,67.5265
1791149160000,2704.8,2705.21,2704.8,2704.8,8.3967
1791149220000,2704.8,2704.81,2704.17,2704.18,18.3668
1791149280000,2704.18,2704.21,2704.17,2704.2,9.624
1791149340000,2704.2,2704.21,2704.07,2704.21,20.1425
1791149400000,2704.21,2707.71,2704.2,2707.06,65.847
1791149460000,2707.07,2707.07,2706.35,2706.36,33.7429
1791149520000,2706.35,2706.35,2705.69,2705.69,36.9503
1791149580000,2705.7,2705.7,2704.97,2705.17,95.8282
1791149640000,2705.17,2705.45,2705.17,2705.44,12.576
1791149700000,2705.44,2705.66,2705.11,2705.65,21.2565
1791149760000,2705.66,2705.96,2705.65,2705.95,5.5086
1791149820000,2705.95,2706.11,2705.95,2706.11,32.8392
1791149880000,2706.11,2706.49,2705.81,2706.01,44.9401
1791149940000,2706.02,2706.03,2706.01,2706.03,3.7436
1791150000000,2706.02,2707.21,2704.21,2705.39,133.8079
1791150060000,2705.39,2705.5,2705.38,2705.49,17.8585
1791150120000,2705.5,2706.39,2705.49,2706.07,23.7982
1791150180000,2706.07,2707.33,2706.07,2707.33,102.1911
1791150240000,2707.33,2707.69,2705.61,2706.03,77.5906
1791150300000,2706.03,2706.65,2706.03,2706.65,12.989
1791150360000,2706.65,2708.19,2706.65,2707.95,28.8092
1791150420000,2707.95,2708.02,2707.17,2707.17,26.1174
1791150480000,2707.16,2707.51,2706.93,2707.3,25.1593
1791150540000,2707.3,2707.3,2705.18,2706.48,78.2739
1791150600000,2706.47,2707.32,2706.47,2707.2,29.8208
1791150660000,2707.19,2707.21,2707.19,2707.21,14.0289
1791150720000,2707.2,2707.2,2706.32,2706.4,18.7062
1791150780000,2706.4,2706.76,2705.53,2705.53,34.947
1791150840000,2705.53,2705.53,2704.16,2704.33,43.6026
1791150900000,2704.32,2704.45,2703.66,2703.66,32.6625
1791150960000,2703.66,2704.84,2703.2,2704.66,43.3366
1791151020000,2704.66,2704.67,2702.24,2702.24,90.0662
1791151080000,2702.24,2702.24,2701.32,2701.51,70.9285
1791151140000,2701.5,2702.47,2701.37,2702.47,50.1106
1791151200000,2702.47,2707.54,2702.47,2706.18,75.6102
1791151260000,2706.19,2707.54,2706.19,2707.53,68.5488
1791151320000,2707.54,2718.0,2707.54,2714.75,1524.0352
1791151380000,2714.74,2716.43,2711.13,2714.0,293.8053
1791151440000,2713.91,2716.73,2713.12,2715.9,161.6314
1791151500000,2715.9,2715.9,2711.96,2714.28,136.5514
1791151560000,2714.27,2718.0,2714.27,2715.49,226.8004
1791151620000,2715.5,2716.19,2712.93,2712.93,81.6567
1791151680000,2712.92,2713.37,2710.74,2713.19,98.2394
1791151740000,2713.2,2714.41,2713.2,2713.38,69.2676
1791151800000,2713.38,2713.49,2712.03,2712.03,63.1594
1791151860000,2712.03,2714.22,2711.27,2713.82,100.4066
1791151920000,2713.81,2713.82,2712.88,2713.33,164.8063
1791151980000,2713.33,2716.26,2713.33,2715.64,145.8193
1791152040000,2715.63,2719.69,2715.63,2719.24,677.35
1791152100000,2719.23,2719.48,2717.2,2718.67,230.6885
1791152160000,2718.67,2724.56,2717.3,2719.63,1915.7565
1791152220000,2719.63,2722.28,2718.67,2720.77,398.6601
1791152280000,2720.76,2722.43,2719.92,2721.5,239.116
1791152340000,2721.5,2724.16,2720.85,2722.01,346.0716
1791152400000,2722.01,2725.75,2722.0,2724.08,639.0021
1791152460000,2724.08,2725.75,2721.36,2725.34,343.5815
1791152520000,2725.34,2728.25,2724.27,2728.16,587.8383
1791152580000,2728.16,2729.25,2726.8,2729.11,318.6573
1791152640000,2729.11,2731.37,2728.71,2730.12,1358.9961
1791152700000,2730.13,2736.63,2730.04,2736.26,1491.8404
1791152760000,2736.26,2736.85,2730.37,2733.03,1731.8911
1791152820000,2733.03,2733.03,2727.5,2730.1,593.4137
1791152880000,2730.1,2730.83,2728.9,2729.8,375.8508
1791152940000,2729.81,2730.23,2725.58,2726.13,463.1237
1791153000000,2726.13,2728.67,2724.17,2727.0,476.3709
1791153060000,2727.0,2727.92,2724.84,2725.58,186.6126
1791153120000,2725.57,2728.09,2725.2,2727.45,142.0881
1791153180000,2727.44,2728.08,2725.58,2725.58,344.7325
1791153240000,2725.59,2727.62,2725.47,2726.33,122.9944
1791153300000,2726.34,2729.18,2725.99,2726.94,348.7403
1791153360000,2726.95,2730.0,2726.95,2729.93,211.0923
1791153420000,2729.93,2730.11,2727.43,2728.02,903.7082
1791153480000,2728.05,2728.97,2725.67,2726.21,108.2532
1791153540000,2726.22,2726.86,2724.81,2724.81,202.6917
1791153600000,2724.81,2726.13,2723.81,2725.54,191.2837
1791153660000,2725.55,2728.54,2725.55,2728.53,234.4202
1791153720000,2728.54,2729.64,2728.54,2729.63,71.2638
1791153780000,2729.64,2730.17,2728.71,2728.78,235.9919
1791153840000,2728.77,2729.58,2728.31,2728.31,82.1535
1791153900000,2728.3,2728.92,2727.74,2728.1,182.69
1791153960000,2728.1,2728.88,2728.1,2728.19,33.7251
1791154020000,2728.19,2728.78,2727.06,2728.76,133.9814
1791154080000,2728.75,2728.76,2727.62,2727.62,64.5282
1791154140000,2727.63,2727.69,2725.98,2725.99,77.0547
1791154200000,2725.98,2725.99,2725.05,2725.05,25.3457
1791154260000,2725.06,2727.58,2724.53,2727.58,141.2871
1791154320000,2727.57,2729.67,2727.48,2729.67,57.6388
1791154380000,2729.67,2731.29,2729.47,2731.27,448.7189
1791154440000,2731.27,2731.31,2729.73,2731.21,83.1315
1791154500000,2731.21,2731.21,2729.91,2730.73,88.7007
1791154560000,2730.73,2731.67,2730.18,2730.18,165.6906
1791154620000,2730.17,2730.17,2728.72,2728.82,62.4907
1791154680000,2728.82,2729.44,2728.72,2729.26,63.9655
1791154740000,2729.26,2731.21,2728.9,2730.9,90.7466
1791154800000,2730.9,2733.23,2730.35,2731.98,226.3969
1791154860000,2731.98,2732.29,2730.91,2731.39,73.0618
1791154920000,2731.4,2732.0,2728.87,2728.87,124.2418
1791154980000,2728.87,2731.0,2728.72,2730.99,81.8341
1791155040000,2730.99,2731.76,2730.88,2731.63,77.7145
1791155100000,2731.64,2732.0,2730.35,2731.16,131.7109
1791155160000,2731.16,2731.81,2731.15,2731.61,24.2654
1791155220000,2731.61,2731.61,2729.49,2729.89,68.2373
1791155280000,2729.9,2732.0,2729.76,2732.0,112.5191
1791155340000,2731.99,2732.0,2730.75,2730.75,49.6251
1791155400000,2730.76,2734.36,2730.76,2733.05,228.3313
1791155460000,2733.05,2733.05,2731.1,2731.92,53.4904
1791155520000,2731.93,2733.67,2731.92,2733.67,76.913
1791155580000,2733.67,2734.86,2733.25,2734.29,146.2822
1791155640000,2734.29,2735.09,2733.53,2733.53,223.3876
1791155700000,2733.53,2735.68,2733.11,2734.63,249.1829
1791155760000,2734.63,2736.14,2734.15,2735.71,232.8014
1791155820000,2735.71,2739.5,2735.71,2736.16,560.576
1791155880000,2736.17,2737.25,2732.25,2732.66,300.7162
1791155940000,2732.66,2734.57,2732.66,2733.99,176.4644
1791156000000,2734.0,2735.18,2733.5,2734.07,327.902
1791156060000,2734.07,2734.45,2732.29,2732.81,136.2901
1791156120000,2732.8,2732.8,2730.04,2730.04,249.9551
1791156180000,2730.03,2731.83,2729.9,2731.37,268.6269
1791156240000,2731.38,2732.76,2730.95,2730.95,91.0752
1791156300000,2730.96,2732.0,2730.96,2732.0,42.6555
1791156360000,2732.0,2734.04,2731.85,2734.03,70.6749
1791156420000,2734.03,2735.69,2731.97,2734.38,339.3568
1791156480000,2734.39,2735.37,2732.45,2732.45,157.552
1791156540000,2732.44,2733.55,2732.24,2732.52,52.3782
1791156600000,2732.52,2734.04,2732.52,2734.04,61.4802
1791156660000,2734.04,2734.9,2731.78,2731.78,84.0159
1791156720000,2731.77,2731.78,2730.31,2730.58,162.3421
1791156780000,2730.59,2731.78,2730.15,2730.31,74.5065
1791156840000,2730.3,2730.3,2728.31,2728.31,203.0024
1791156900000,2728.31,2728.31,2726.48,2727.08,138.9977
1791156960000,2727.07,2727.45,2725.29,2725.87,265.5433
1791157020000,2725.87,2726.68,2725.48,2726.04,142.2182
1791157080000,2726.03,2726.03,2724.67,2724.69,149.2398
1791157140000,2724.69,2725.44,2724.69,2724.92,229.8199
1791157200000,2724.92,2727.26,2724.92,2726.77,140.521
1791157260000,2726.77,2727.09,2725.85,2726.19,48.7036
1791157320000,2726.2,2727.11,2725.54,2727.1,81.4541
1791157380000,2727.1,2727.89,2726.22,2726.71,140.8054
1791157440000,2726.72,2727.76,2726.72,2727.76,43.5521
1791157500000,2727.75,2727.75,2725.96,2726.23,46.0211
1791157560000,2726.23,2726.6,2725.7,2725.95,76.0684
1791157620000,2725.95,2727.35,2725.39,2726.75,169.8409
1791157680000,2726.75,2727.0,2725.92,2726.3,135.0336
1791157740000,2726.3,2726.97,2726.23,2726.96,36.0326
1791157800000,2726.97,2728.0,2726.36,2727.71,90.02
1791157860000,2727.71,2729.37,2727.66,2727.66,63.6141
1791157920000,2727.66,2728.0,2726.25,2726.26,77.546
1791157980000,2726.25,2726.26,2725.4,2725.4,79.5282
1791158040000,2725.4,2726.58,2725.04,2726.58,55.3955
1791158100000,2726.58,2727.05,2726.12,2726.37,36.3815
1791158160000,2726.37,2727.46,2726.37,2727.26,39.0362
1791158220000,2727.27,2727.54,2726.65,2727.19,70.3624
1791158280000,2727.2,2727.2,2726.21,2727.09,54.5686
1791158340000,2727.08,2727.2,2726.94,2726.94,13.2984
1791158400000,2726.93,2726.93,2724.36,2724.97,339.3238
1791158460000,2724.97,2724.97,2722.89,2723.28,185.1979
1791158520000,2723.27,2723.85,2720.39,2721.18,269.3439
1791158580000,2721.18,2722.37,2720.51,2721.61,309.0474
1791158640000,2721.61,2724.77,2721.6,2724.77,330.2673
1791158700000,2724.77,2726.0,2724.34,2725.17,114.5795
1791158760000,2725.17,2726.21,2725.04,2725.92,63.566
1791158820000,2725.92,2725.92,2723.31,2723.32,54.1344
1791158880000,2723.32,2725.39,2723.32,2724.92,92.5704
1791158940000,2724.92,2724.92,2722.92,2722.92,81.0194
1791159000000,2722.93,2726.08,2722.84,2726.0,421.4195
1791159060000,2726.01,2727.69,2725.1,2725.1,131.6127
1791159120000,2725.1,2725.11,2722.04,2723.26,130.1396
1791159180000,2723.25,2724.86,2722.31,2724.67,127.9127
1791159240000,2724.7,2724.7,2724.11,2724.12,34.8276
1791159300000,2724.12,2727.14,2724.12,2726.43,137.2391
1791159360000,2726.44,2728.6,2726.44,2727.57,190.6327
1791159420000,2727.56,2728.59,2727.56,2728.45,83.4398
1791159480000,2728.44,2728.76,2727.54,2728.76,133.2379
1791159540000,2728.75,2729.84,2728.11,2729.84,115.2251
1791159600000,2729.83,2729.84,2728.55,2728.67,69.7255
1791159660000,2728.67,2729.09,2724.91,2725.36,278.511
1791159720000,2725.36,2725.36,2723.73,2724.97,1018.5597
1791159780000,2724.96,2725.67,2724.96,2725.03,70.6836
1791159840000,2725.03,2725.03,2723.0,2723.62,129.7146
1791159900000,2723.62,2723.62,2721.04,2721.27,293.1278
1791159960000,2721.27,2721.52,2720.17,2720.45,222.5243
1791160020000,2720.45,2720.93,2719.49,2720.42,262.484
1791160080000,2720.42,2721.08,2719.58,2719.59,84.9594
1791160140000,2719.58,2719.92,2718.9,2719.36,243.0454
1791160200000,2719.36,2720.06,2719.36,2719.43,152.4608
1791160260000,2719.43,2719.44,2717.68,2719.23,197.9392
1791160320000,2719.24,2721.06,2719.04,2720.76,143.2015
1791160380000,2720.77,2721.39,2720.0,2721.39,61.9559
1791160440000,2721.39,2721.48,2720.21,2720.22,74.4112
1791160500000,2720.21,2720.84,2719.49,2720.83,136.0071
1791160560000,2720.84,2721.42,2720.58,2720.75,100.5333
1791160620000,2720.74,2720.74,2718.57,2718.69,110.9937
1791160680000,2718.69,2720.0,2718.69,2719.88,56.1845
1791160740000,2719.89,2722.2,2719.89,2722.2,87.9307
1791160800000,2722.2,2724.35,2722.19,2724.05,232.2941
1791160860000,2724.04,2726.34,2723.91,2726.3,149.2344
1791160920000,2726.31,2728.28,2725.78,2728.06,159.1384
1791160980000,2728.06,2729.58,2727.02,2727.39,217.1504
1791161040000,2727.38,2727.83,2727.14,2727.76,43.5566
1791161100000,2727.76,2727.82,2727.17,2727.18,57.4324
1791161160000,2727.17,2727.17,2726.12,2726.34,58.3157
1791161220000,2726.33,2727.05,2726.01,2726.94,52.7006
1791161280000,2726.94,2730.84,2726.94,2729.61,303.7882
1791161340000,2729.6,2730.61,2728.85,2729.75,78.8471
1791161400000,2729.74,2729.74,2728.09,2728.27,34.1687
1791161460000,2728.28,2730.8,2728.28,2728.76,82.6453
1791161520000,2728.76,2729.29,2728.18,2729.29,78.8926
1791161580000,2729.29,2730.38,2728.64,2728.64,55.6825
1791161640000,2728.63,2728.63,2727.16,2728.28,73.9916
1791161700000,2728.27,2729.77,2727.92,2729.77,67.6167
1791161760000,2729.76,2729.97,2729.14,2729.14,45.8435
1791161820000,2729.15,2729.52,2728.72,2729.52,61.4607
1791161880000,2729.51,2731.51,2729.51,2730.47,140.728
1791161940000,2730.47,2730.53,2729.17,2729.29,54.5003
1791162000000,2729.28,2729.28,2726.61,2726.61,94.7192
1791162060000,2726.62,2726.73,2724.33,2725.04,209.5033
1791162120000,2725.03,2725.04,2723.07,2723.65,67.0399
1791162180000,2723.65,2724.25,2721.88,2723.54,1005.6944
1791162240000,2723.54,2726.07,2723.54,2725.82,396.5938
1791162300000,2725.81,2727.85,2725.31,2727.85,84.1411
1791162360000,2727.84,2728.42,2726.6,2726.82,115.8266
1791162420000,2726.81,2726.82,2725.62,2725.62,124.9189
1791162480000,2725.62,2727.51,2724.4,2726.95,99.3446
1791162540000,2726.94,2726.95,2725.51,2725.51,106.7359
1791162600000,2725.5,2726.09,2725.0,2726.09,63.6222
1791162660000,2726.09,2727.84,2725.55,2727.67,68.9655
1791162720000,2727.66,2728.7,2727.21,2727.22,44.182
1791162780000,2727.22,2728.37,2727.21,2728.29,60.5504
1791162840000,2728.29,2731.0,2728.07,2730.13,180.6843
1791162900000,2730.14,2730.81,2728.91,2728.91,192.1935
1791162960000,2728.92,2729.8,2726.24,2728.43,1134.0766
1791163020000,2728.43,2731.18,2728.32,2731.13,123.9131
1791163080000,2731.13,2732.43,2729.08,2729.69,409.2349
1791163140000,2729.69,2731.24,2729.69,2730.56,96.196
1791163200000,2730.57,2731.43,2729.78,2730.02,172.361
1791163260000,2730.02,2730.65,2728.31,2728.65,279.724
1791163320000,2728.64,2731.62,2728.64,2729.01,157.8962
1791163380000,2729.0,2729.79,2728.46,2729.52,72.8695
1791163440000,2729.52,2731.86,2729.52,2730.57,78.9098
1791163500000,2730.57,2732.25,2730.57,2732.25,170.3086
1791163560000,2732.25,2732.7,2731.0,2731.01,108.7316
1791163620000,2731.0,2731.96,2730.44,2731.43,328.4239
1791163680000,2731.41,2733.5,2731.08,2733.49,202.4605
1791163740000,2733.49,2733.49,2731.66,2731.66,78.3111
1791163800000,2731.67,2731.67,2728.15,2728.29,134.7406
1791163860000,2728.29,2728.29,2723.43,2723.6,329.6246
1791163920000,2723.61,2725.84,2722.95,2724.89,165.5616
1791163980000,2724.88,2725.23,2723.61,2724.27,129.2022
1791164040000,2724.27,2724.34,2722.98,2723.36,80.3732
1791164100000,2723.36,2724.29,2722.95,2723.53,69.9081
1791164160000,2723.54,2724.52,2723.24,2724.26,53.576
1791164220000,2724.26,2725.94,2723.94,2724.89,95.8999
1791164280000,2724.89,2725.65,2724.75,2725.65,55.193
1791164340000,2725.65,2726.0,2725.39,2725.99,72.5608
1791164400000,2726.0,2726.47,2726.0,2726.04,41.6977
1791164460000,2726.04,2727.14,2725.67,2726.5,50.8446
1791164520000,2726.5,2726.5,2725.22,2725.84,44.1219
1791164580000,2725.83,2725.83,2724.95,2724.96,24.2513
1791164640000,2724.95,2725.55,2724.95,2725.05,67.3138
1791164700000,2725.05,2725.9,2725.05,2725.9,42.9178
1791164760000,2725.9,2726.98,2725.89,2726.87,35.4235
1791164820000,2726.86,2727.53,2726.55,2726.97,37.5843
1791164880000,2726.98,2727.53,2726.97,2727.11,15.5448
1791164940000,2727.11,2727.11,2726.53,2726.53,39.3153
1791165000000,2726.53,2726.54,2724.03,2724.03,150.9202
1791165060000,2724.04,2724.66,2723.35,2723.77,90.2598
1791165120000,2723.78,2724.42,2723.45,2724.42,69.6753
1791165180000,2724.41,2724.83,2723.81,2723.81,31.6587
1791165240000,2723.81,2724.13,2722.96,2722.97,58.0935
1791165300000,2722.97,2723.84,2722.96,2723.82,44.0022
1791165360000,2723.82,2723.82,2723.67,2723.68,60.1898
1791165420000,2723.68,2724.02,2723.63,2723.99,135.2098
1791165480000,2723.99,2724.29,2723.53,2724.29,56.2261
1791165540000,2724.28,2724.94,2724.25,2724.7,57.4361
1791165600000,2724.7,2727.13,2724.69,2727.13,108.6802
1791165660000,2727.12,2727.53,2725.69,2725.81,60.5709
1791165720000,2725.82,2726.51,2725.36,2726.34,23.7263
1791165780000,2726.35,2727.32,2725.98,2727.32,28.0349
1791165840000,2727.31,2729.54,2727.31,2727.92,100.898
1791165900000,2727.93,2729.61,2727.92,2729.6,77.2268
1791165960000,2729.61,2730.42,2729.61,2730.27,146.0633
1791166020000,2730.26,2730.26,2728.54,2729.37,70.3725
1791166080000,2729.37,2730.41,2729.37,2729.98,73.3167
1791166140000,2729.98,2730.42,2729.63,2730.42,122.4145
1791166200000,2730.42,2731.3,2729.75,2729.75,142.3234
1791166260000,2729.76,2730.99,2729.51,2729.52,98.0899
1791166320000,2729.52,2729.52,2728.53,2729.33,34.1752
1791166380000,2729.32,2733.5,2729.32,2733.49,351.4277
1791166440000,2733.5,2734.21,2730.83,2732.23,290.8557
1791166500000,2732.22,2735.0,2731.81,2735.0,214.4549
1791166560000,2735.0,2735.47,2734.21,2734.58,209.857
1791166620000,2734.57,2734.57,2732.52,2732.96,249.0324
1791166680000,2732.95,2734.87,2732.09,2734.7,280.1209
1791166740000,2734.7,2734.7,2731.69,2733.56,321.7011
1791166800000,2733.55,2735.9,2733.55,2734.28,394.167
1791166860000,2734.28,2734.68,2730.13,2733.17,1396.7318
1791166920000,2733.16,2735.11,2732.71,2735.1,274.5767
1791166980000,2735.1,2735.1,2733.36,2733.84,91.1629
1791167040000,2733.85,2735.32,2733.82,2734.7,282.291
1791167100000,2734.7,2735.61,2734.69,2735.46,256.4902
1791167160000,2735.46,2735.46,2733.55,2734.47,114.2802
1791167220000,2734.47,2735.87,2734.47,2735.82,153.2877
1791167280000,2735.82,2735.82,2734.47,2735.23,334.5232
1791167340000,2735.23,2735.68,2733.54,2733.81,288.4957
1791167400000,2733.81,2733.81,2731.43,2731.43,122.4884
1791167460000,2731.44,2731.44,2728.82,2728.82,272.8041
1791167520000,2728.82,2730.45,2728.5,2729.22,243.3283
1791167580000,2729.22,2729.86,2728.58,2728.77,177.0966
1791167640000,2728.76,2729.3,2728.45,2728.7,219.4619
1791167700000,2728.71,2734.99,2728.46,2734.18,979.5426
1791167760000,2734.18,2734.53,2732.89,2733.04,279.0617
1791167820000,2733.03,2737.0,2731.61,2735.95,536.258
1791167880000,2735.95,2736.99,2734.62,2734.62,240.7751
1791167940000,2734.62,2736.96,2734.6,2736.0,171.3536
1791168000000,2735.99,2736.99,2735.99,2736.99,170.8952
1791168060000,2737.0,2737.7,2736.46,2736.87,260.3779
1791168120000,2736.87,2738.0,2736.07,2736.69,278.2773
1791168180000,2736.69,2736.69,2734.84,2736.05,291.3409
1791168240000,2736.05,2736.14,2735.22,2735.56,133.1466
1791168300000,2735.57,2736.8,2735.49,2735.49,227.2033
1791168360000,2735.48,2735.48,2734.37,2734.65,88.7218
1791168420000,2734.64,2734.65,2734.02,2734.03,70.1893
1791168480000,2734.02,2734.03,2733.2,2733.69,107.8565
1791168540000,2733.68,2734.0,2731.87,2731.87,115.4581
1791168600000,2731.88,2732.4,2731.87,2732.14,49.204
1791168660000,2732.14,2732.15,2731.87,2731.9,16.7166
1791168720000,2731.9,2732.78,2731.9,2732.77,23.7614
1791168780000,2732.77,2734.29,2732.77,2733.54,58.0192
1791168840000,2733.54,2733.91,2733.54,2733.76,28.2277
1791168900000,2733.75,2733.75,2732.53,2732.53,30.6827
1791168960000,2732.53,2733.36,2732.53,2733.15,145.5711
1791169020000,2733.15,2733.15,2731.7,2731.85,72.6182
1791169080000,2731.85,2732.26,2731.71,2731.71,61.9647
1791169140000,2731.7,2731.7,2730.42,2731.12,72.6439
1791169200000,2731.12,2731.12,2730.0,2730.56,61.7654
1791169260000,2730.56,2730.97,2730.1,2730.19,113.3824
1791169320000,2730.18,2730.46,2730.0,2730.0,73.2263
1791169380000,2730.0,2730.42,2729.91,2729.91,60.9166
1791169440000,2729.91,2730.15,2729.06,2729.33,396.3569
1791169500000,2729.33,2729.34,2729.06,2729.07,33.5342
1791169560000,2729.07,2729.07,2728.12,2728.39,112.0754
1791169620000,2728.39,2728.47,2728.23,2728.43,71.7534
1791169680000,2728.44,2728.44,2728.18,2728.18,24.3373
1791169740000,2728.19,2728.19,2727.4,2727.89,117.0755
1791169800000,2727.89,2729.03,2727.76,2728.76,244.159
1791169860000,2728.76,2729.67,2728.39,2729.25,300.1616
1791169920000,2729.24,2729.28,2728.6,2728.6,178.178
1791169980000,2728.61,2728.73,2727.19,2727.39,315.6965
1791170040000,2727.39,2729.78,2727.39,2729.28,521.091
1791170100000,2729.28,2729.82,2726.92,2727.4,400.1048
1791170160000,2727.34,2727.34,2726.02,2727.05,204.2261
1791170220000,2727.05,2727.68,2724.92,2725.15,243.5254
1791170280000,2725.15,2725.55,2725.15,2725.16,50.9349
1791170340000,2725.16,2725.81,2725.16,2725.16,241.6661
1791170400000,2725.16,2725.17,2723.6,2723.6,154.856
1791170460000,2723.6,2723.6,2721.71,2721.72,255.0859
1791170520000,2721.72,2721.86,2720.47,2720.61,564.3336
1791170580000,2720.6,2724.38,2719.39,2724.31,734.0358
1791170640000,2724.31,2725.32,2723.84,2725.32,67.2253
1791170700000,2725.33,2727.43,2725.33,2726.88,149.4063
1791170760000,2726.88,2727.6,2726.76,2727.55,80.7906
1791170820000,2727.55,2728.51,2726.93,2727.83,105.7477
1791170880000,2727.82,2728.45,2727.82,2728.05,81.1811
1791170940000,2728.04,2728.05,2728.03,2728.03,27.8547
1791171000000,2728.04,2728.04,2727.04,2727.77,529.081
1791171060000,2727.77,2728.04,2727.46,2728.03,36.7435
1791171120000,2728.04,2728.55,2727.67,2727.67,110.8213
1791171180000,2727.67,2727.88,2727.59,2727.71,94.4678
1791171240000,2727.71,2727.71,2726.0,2726.04,406.5135
1791171300000,2726.05,2726.11,2725.23,2725.23,53.0094
1791171360000,2725.23,2725.37,2723.38,2723.38,82.7231
1791171420000,2723.38,2724.42,2722.13,2724.02,151.6372
1791171480000,2724.01,2725.04,2723.41,2725.02,99.5765
1791171540000,2725.03,2725.99,2725.02,2725.96,313.2503
1791171600000,2725.95,2726.27,2724.31,2724.74,85.2554
1791171660000,2724.74,2724.74,2723.28,2723.82,254.9058
1791171720000,2723.81,2723.82,2722.94,2722.95,65.6507
1791171780000,2722.94,2724.31,2722.18,2722.18,177.1064
1791171840000,2722.19,2722.27,2721.87,2722.27,190.716
1791171900000,2722.26,2723.41,2722.26,2723.08,78.6975
1791171960000,2723.08,2723.23,2722.61,2722.66,43.2973
1791172020000,2722.66,2723.93,2722.66,2722.98,64.3734
1791172080000,2722.98,2723.84,2722.98,2723.76,42.4348
1791172140000,2723.76,2724.31,2723.14,2723.6,109.5726
1791172200000,2723.59,2723.6,2721.86,2721.86,89.5132
1791172260000,2721.86,2721.86,2720.37,2720.54,131.1216
1791172320000,2720.54,2720.55,2719.3,2720.45,134.0728
1791172380000,2720.44,2720.44,2719.92,2720.24,100.4386
1791172440000,2720.25,2720.71,2719.8,2720.53,120.2402
1791172500000,2720.54,2720.83,2720.34,2720.34,17.9996
1791172560000,2720.33,2720.33,2719.61,2719.61,14.9557
1791172620000,2719.62,2720.18,2714.79,2715.14,556.6587
1791172680000,2715.15,2718.21,2713.73,2714.34,358.1626
1791172740000,2714.35,2717.56,2713.95,2716.16,197.9292
1791172800000,2716.16,2717.14,2714.59,2714.98,125.2184
1791172860000,2714.99,2717.96,2714.59,2717.44,107.9879
1791172920000,2717.43,2718.07,2715.1,2715.27,86.8409
1791172980000,2715.27,2715.81,2714.23,2715.8,161.961
1791173040000,2715.8,2715.8,2714.36,2714.36,83.2566
1791173100000,2714.36,2715.14,2713.66,2714.33,83.8808
1791173160000,2714.33,2717.0,2713.26,2716.47,125.391
1791173220000,2716.47,2717.3,2715.06,2715.06,66.8975
1791173280000,2715.06,2715.23,2712.44,2714.44,269.317
1791173340000,2714.44,2714.97,2712.78,2714.53,209.3081
1791173400000,2714.53,2714.54,2712.46,2712.67,100.572
1791173460000,2712.66,2714.14,2712.23,2713.73,111.8389
1791173520000,2713.72,2714.06,2713.03,2713.88,46.1229
1791173580000,2713.88,2713.88,2713.02,2713.02,67.3559
1791173640000,2713.02,2713.88,2711.71,2713.09,413.2638
1791173700000,2713.09,2713.1,2712.19,2712.52,74.6993
1791173760000,2712.52,2712.59,2708.81,2711.21,417.9846
1791173820000,2711.21,2711.39,2707.38,2708.09,212.9084
1791173880000,2708.1,2709.0,2707.0,2708.05,191.102
1791173940000,2708.04,2708.86,2706.17,2708.38,257.4236
1791174000000,2708.38,2708.38,2707.59,2707.66,64.8023
1791174060000,2707.66,2707.66,2705.48,2707.23,174.5773
1791174120000,2707.23,2709.0,2705.01,2708.7,260.694
1791174180000,2708.7,2711.75,2708.7,2711.75,513.6809
1791174240000,2711.74,2713.11,2710.83,2712.93,175.2609
1791174300000,2712.94,2715.96,2712.93,2713.54,272.3964
1791174360000,2713.54,2713.83,2711.15,2711.91,100.8082
1791174420000,2711.91,2711.91,2710.47,2710.47,67.1549
1791174480000,2710.48,2711.05,2708.99,2708.99,163.0473
1791174540000,2708.99,2709.33,2708.47,2708.83,64.9307
1791174600000,2708.83,2709.19,2707.96,2707.96,126.6718
1791174660000,2707.96,2708.57,2707.46,2707.69,103.2738
1791174720000,2707.7,2707.7,2698.47,2700.61,1240.5853
1791174780000,2700.61,2703.85,2698.49,2703.85,415.3305
1791174840000,2703.84,2704.19,2701.92,2701.93,749.6574
1791174900000,2701.94,2703.0,2700.0,2700.0,313.8953
1791174960000,2700.01,2702.3,2700.01,2700.99,234.7559
1791175020000,2700.99,2703.12,2700.84,2702.46,107.3355
1791175080000,2702.47,2702.49,2701.28,2701.28,126.5373
1791175140000,2701.29,2701.48,2700.86,2701.46,124.343
1791175200000,2701.46,2702.0,2700.5,2701.78,208.8915
1791175260000,2701.79,2703.36,2700.57,2703.36,81.0742
1791175320000,2703.36,2703.5,2702.58,2702.97,57.607
1791175380000,2702.96,2703.73,2702.78,2703.22,546.5996
1791175440000,2703.22,2703.67,2702.78,2703.5,89.6623
1791175500000,2703.5,2706.25,2703.06,2706.24,172.1921
1791175560000,2706.25,2706.25,2704.38,2705.53,56.6257
1791175620000,2705.54,2706.45,2705.54,2706.44,106.1581
1791175680000,2706.44,2706.77,2706.44,2706.59,63.4003
1791175740000,2706.59,2707.8,2706.59,2706.82,194.2264
1791175800000,2706.82,2706.82,2703.95,2703.95,107.0378
1791175860000,2703.95,2704.67,2703.31,2704.66,83.3993
1791175920000,2704.66,2704.66,2703.01,2703.01,212.1127
1791175980000,2703.01,2703.11,2702.5,2702.5,30.9277
1791176040000,2702.5,2702.81,2701.9,2702.47,72.628
1791176100000,2702.47,2704.42,2702.47,2703.64,111.5441
1791176160000,2703.64,2704.43,2702.87,2703.81,124.9208
1791176220000,2703.82,2704.52,2703.82,2704.5,73.4004
1791176280000,2704.5,2704.5,2702.74,2702.74,36.2606
1791176340000,2702.74,2703.34,2702.74,2702.87,141.3733
1791176400000,2702.87,2703.05,2701.97,2702.23,383.3911
1791176460000,2702.31,2702.31,2701.19,2701.41,89.6134
1791176520000,2701.41,2701.76,2700.1,2700.1,178.8729
1791176580000,2700.11,2700.66,2698.14,2700.01,303.7577
1791176640000,2700.01,2700.75,2698.73,2700.3,367.2648
1791176700000,2700.3,2703.47,2700.21,2703.22,136.8494
1791176760000,2703.21,2703.4,2702.23,2703.4,76.1166
1791176820000,2703.39,2703.39,2701.81,2701.81,85.73
1791176880000,2701.82,2702.27,2700.8,2701.81,81.3483
1791176940000,2701.81,2702.8,2701.81,2702.38,75.8611
1791177000000,2702.37,2702.37,2701.06,2701.12,77.2764
1791177060000,2701.13,2701.7,2700.86,2700.86,59.5288
1791177120000,2700.87,2701.92,2700.87,2701.78,100.8032
1791177180000,2701.78,2702.37,2701.46,2701.46,29.7873
1791177240000,2701.47,2701.47,2700.61,2700.61,38.3014
1791177300000,2700.61,2700.67,2699.93,2699.93,115.0141
1791177360000,2699.93,2700.28,2699.27,2700.07,105.1235
1791177420000,2700.07,2700.23,2698.53,2698.53,93.823
1791177480000,2698.54,2698.58,2696.7,2697.91,324.7206
1791177540000,2697.9,2699.92,2697.76,2699.75,60.0763
1791177600000,2699.74,2700.36,2698.64,2699.01,94.2784
1791177660000,2699.02,2699.68,2698.95,2699.42,45.6539
1791177720000,2699.41,2699.41,2697.88,2697.88,59.1323
1791177780000,2697.88,2697.89,2696.73,2696.73,61.6003
1791177840000,2696.73,2696.73,2695.25,2696.48,528.7425
1791177900000,2696.48,2697.38,2695.79,2695.98,142.8405
1791177960000,2695.98,2697.69,2695.83,2697.35,99.1933
1791178020000,2697.35,2698.08,2697.2,2697.2,24.3817
1791178080000,2697.21,2697.49,2697.15,2697.15,86.9233
1791178140000,2697.16,2698.07,2697.16,2697.49,69.2559
1791178200000,2697.48,2697.48,2694.98,2695.73,222.6436
1791178260000,2695.73,2696.38,2694.98,2695.11,114.1436
1791178320000,2695.1,2697.38,2694.88,2696.86,133.3193
1791178380000,2696.86,2699.97,2696.86,2699.22,114.5051
1791178440000,2699.22,2700.75,2698.93,2700.59,141.1213
1791178500000,2700.59,2700.79,2699.6,2700.78,151.0152
1791178560000,2700.79,2702.44,2700.79,2702.44,127.5498
1791178620000,2702.44,2705.0,2702.44,2704.5,252.1622
1791178680000,2704.49,2705.0,2703.94,2704.99,35.2397
1791178740000,2705.0,2705.47,2704.41,2704.41,71.6568
1791178800000,2704.42,2704.42,2701.64,2702.19,192.4778
1791178860000,2702.2,2703.75,2702.2,2703.09,81.1481
1791178920000,2703.1,2703.29,2701.0,2701.32,116.8906
1791178980000,2701.32,2704.33,2701.23,2703.97,320.5153
1791179040000,2703.97,2707.6,2703.56,2706.35,864.9714
1791179100000,2706.35,2706.96,2706.0,2706.0,150.9551
1791179160000,2706.01,2706.01,2704.0,2704.28,432.3064
1791179220000,2704.27,2704.28,2703.82,2703.82,40.6243
1791179280000,2703.83,2704.01,2703.12,2703.12,106.6201
1791179340000,2703.13,2704.2,2703.13,2704.19,69.3117
1791179400000,2704.2,2705.66,2704.19,2705.05,64.0335
1791179460000,2705.05,2705.63,2705.04,2705.07,21.1241
1791179520000,2705.06,2705.06,2704.2,2704.21,18.5632
1791179580000,2704.21,2705.01,2704.21,2705.0,22.5433
1791179640000,2705.01,2705.36,2704.83,2705.27,39.1521
1791179700000,2705.26,2705.26,2704.85,2704.86,12.8207
1791179760000,2704.85,2705.95,2704.85,2705.81,133.9291
1791179820000,2705.82,2706.05,2705.81,2706.04,26.3166
1791179880000,2706.04,2706.5,2706.04,2706.14,51.8465
1791179940000,2706.15,2706.48,2706.14,2706.48,46.5268
1791180000000,2706.47,2709.41,2706.47,2709.41,153.5774
1791180060000,2709.4,2710.78,2708.85,2710.56,160.6679
1791180120000,2710.56,2710.78,2709.45,2709.45,71.6771
1791180180000,2709.46,2711.7,2709.46,2711.11,138.11
1791180240000,2711.1,2711.63,2710.19,2710.5,40.6353
1791180300000,2710.5,2710.58,2708.53,2708.54,48.8127
1791180360000,2708.53,2710.07,2708.53,2708.8,77.0264
1791180420000,2708.81,2709.67,2708.81,2709.12,33.4321
1791180480000,2709.12,2709.12,2708.05,2709.06,58.7437
1791180540000,2709.05,2709.57,2708.16,2709.26,135.0036
1791180600000,2709.25,2709.54,2708.53,2709.02,191.1279
1791180660000,2709.07,2710.93,2709.06,2710.57,158.7192
1791180720000,2710.57,2711.39,2710.56,2710.84,118.9593
1791180780000,2710.84,2712.04,2710.75,2711.75,79.3333
1791180840000,2711.75,2712.76,2711.59,2712.51,122.8555
1791180900000,2712.52,2713.28,2712.34,2712.77,83.5783
1791180960000,2712.77,2715.35,2712.77,2715.33,566.3487
1791181020000,2715.33,2716.86,2714.65,2716.02,671.5398
1791181080000,2716.03,2716.41,2715.23,2716.3,105.0758
1791181140000,2716.29,2718.0,2716.0,2716.0,262.6229
1791181200000,2716.0,2716.0,2714.11,2714.11,93.9262
1791181260000,2714.11,2714.76,2712.5,2712.5,104.4471
1791181320000,2712.5,2713.25,2711.46,2713.01,164.281
1791181380000,2713.0,2713.0,2711.93,2711.93,92.9084
1791181440000,2711.94,2714.27,2711.93,2713.92,96.8247
1791181500000,2713.92,2714.43,2712.69,2714.02,126.039
1791181560000,2714.01,2714.54,2713.63,2713.64,57.6808
1791181620000,2713.64,2713.9,2713.17,2713.63,62.2716
1791181680000,2713.63,2713.9,2713.5,2713.56,36.0966
1791181740000,2713.55,2713.55,2712.23,2712.23,25.367
1791181800000,2712.24,2713.18,2711.78,2712.48,176.4631
1791181860000,2712.48,2714.79,2712.47,2714.78,229.6889
1791181920000,2714.78,2714.8,2713.19,2713.81,77.8324
1791181980000,2713.8,2713.8,2711.87,2711.88,53.154
1791182040000,2711.88,2713.1,2711.88,2712.92,95.1493
1791182100000,2712.92,2712.92,2712.21,2712.21,51.4118
1791182160000,2712.2,2713.03,2712.2,2713.02,36.4473
1791182220000,2713.02,2714.31,2713.01,2713.85,148.575
1791182280000,2713.84,2714.0,2713.16,2713.65,103.2083
1791182340000,2713.64,2713.65,2713.15,2713.16,10.6445
1791182400000,2713.15,2713.15,2712.17,2712.27,18.6976
1791182460000,2712.27,2713.18,2712.27,2713.05,68.2226
1791182520000,2713.05,2713.06,2712.68,2712.78,13.996
1791182580000,2712.79,2713.26,2712.0,2712.43,46.9754
1791182640000,2712.43,2712.82,2711.15,2711.56,107.2852
1791182700000,2711.56,2711.69,2711.34,2711.35,108.9708
1791182760000,2711.35,2713.57,2711.23,2713.22,98.7566
1791182820000,2713.23,2720.0,2713.22,2719.93,442.3082
1791182880000,2719.93,2720.39,2718.95,2718.95,399.4707
1791182940000,2718.93,2719.2,2718.67,2718.79,77.4396
1791183000000,2718.8,2720.05,2717.67,2717.68,154.8744
1791183060000,2717.67,2717.67,2716.95,2717.05,38.6962
1791183120000,2717.04,2719.14,2716.76,2719.13,101.4431
1791183180000,2719.14,2727.38,2719.14,2726.92,1104.5449
1791183240000,2726.91,2728.88,2724.43,2724.43,459.1598
1791183300000,2724.43,2726.02,2724.43,2724.65,155.5015
1791183360000,2724.66,2724.66,2723.26,2723.26,74.2416
1791183420000,2723.27,2723.89,2723.07,2723.07,124.727
1791183480000,2723.07,2723.45,2723.0,2723.41,71.0579
1791183540000,2723.42,2725.97,2723.35,2725.9,89.9544
1791183600000,2725.9,2726.23,2723.95,2723.95,132.3524
1791183660000,2723.95,2724.83,2723.95,2724.37,75.7947
1791183720000,2724.38,2726.96,2724.38,2726.96,176.285
1791183780000,2726.95,2728.48,2726.95,2728.33,317.374
1791183840000,2728.33,2728.9,2728.33,2728.87,73.3948
1791183900000,2728.88,2729.43,2728.24,2729.42,347.5688
1791183960000,2729.42,2730.0,2726.74,2727.85,370.0584
1791184020000,2727.86,2728.54,2727.74,2728.34,285.3143
1791184080000,2728.35,2730.37,2728.35,2730.16,231.0489
1791184140000,2730.15,2731.48,2729.86,2730.61,320.63
1791184200000,2730.61,2730.61,2725.76,2726.23,289.5006
1791184260000,2726.23,2727.17,2725.57,2725.57,111.1859
1791184320000,2725.57,2728.76,2725.34,2728.1,178.1037
1791184380000,2728.1,2728.11,2727.22,2727.32,162.4273
1791184440000,2727.33,2728.49,2726.54,2728.01,314.887
1791184500000,2728.01,2728.44,2726.0,2726.0,109.2339
1791184560000,2726.01,2728.76,2725.07,2728.76,146.3573
1791184620000,2728.76,2729.61,2727.07,2727.07,464.7624
1791184680000,2727.08,2727.08,2723.82,2723.82,113.8275
1791184740000,2723.82,2723.83,2721.91,2722.41,141.9654
1791184800000,2722.4,2722.4,2722.06,2722.22,41.9976
1791184860000,2722.23,2723.32,2722.23,2723.2,84.6865
1791184920000,2723.2,2723.2,2721.84,2721.84,75.428
1791184980000,2721.84,2722.74,2720.64,2720.64,110.0599
1791185040000,2720.65,2721.32,2720.64,2720.64,84.7878
1791185100000,2720.65,2722.79,2720.65,2722.26,70.8693
1791185160000,2722.27,2723.01,2722.26,2722.63,94.4857
1791185220000,2722.63,2723.23,2722.52,2722.78,25.462
1791185280000,2722.78,2723.39,2722.77,2722.99,175.6992
1791185340000,2723.0,2724.14,2722.99,2724.14,29.2065
1791185400000,2724.14,2724.64,2723.52,2723.52,136.3943
1791185460000,2723.53,2724.63,2723.52,2723.93,138.2305
1791185520000,2723.94,2725.12,2723.93,2724.64,144.3666
1791185580000,2724.65,2724.91,2724.64,2724.88,110.1262
1791185640000,2724.89,2725.02,2723.88,2723.88,170.5755
1791185700000,2723.88,2723.88,2721.72,2723.28,321.3072
1791185760000,2723.28,2723.53,2722.86,2723.15,229.8801
1791185820000,2723.15,2723.19,2722.82,2723.02,105.8524
1791185880000,2723.03,2723.71,2722.24,2723.23,143.8217
1791185940000,2723.24,2724.75,2723.23,2724.75,103.4905
1791186000000,2724.76,2725.58,2724.75,2725.15,229.7995
1791186060000,2725.15,2725.99,2725.15,2725.99,114.8202
1791186120000,2725.99,2726.83,2725.94,2726.82,247.3107
1791186180000,2726.83,2728.09,2726.82,2727.59,302.6396
1791186240000,2727.6,2728.09,2727.59,2727.74,261.199
1791186300000,2727.75,2728.91,2727.19,2727.43,381.2584
1791186360000,2727.43,2727.66,2725.63,2726.26,250.9194
1791186420000,2726.27,2726.27,2725.89,2725.89,122.8214
1791186480000,2725.9,2725.9,2723.76,2723.76,230.0274
1791186540000,2723.76,2723.77,2721.87,2722.27,327.608
1791186600000,2722.27,2724.69,2722.27,2723.28,450.2806
1791186660000,2723.29,2727.2,2723.29,2726.4,378.8124
1791186720000,2726.4,2726.4,2724.57,2724.57,249.4339
1791186780000,2724.58,2728.67,2723.83,2727.94,695.0837
1791186840000,2727.95,2728.4,2726.7,2726.72,245.1734
1791186900000,2726.73,2726.73,2724.39,2724.47,577.9926
1791186960000,2724.47,2724.47,2723.6,2723.78,845.4364
1791187020000,2723.78,2724.85,2723.43,2724.05,783.4041
1791187080000,2724.05,2725.35,2722.38,2722.64,807.4285
1791187140000,2722.64,2727.9,2721.65,2726.49,4361.2901
1791187200000,2726.49,2726.66,2724.45,2724.74,709.8474
1791187260000,2724.72,2725.06,2723.6,2724.42,193.5689
1791187320000,2724.43,2725.08,2723.92,2724.64,241.6764
1791187380000,2724.64,2727.73,2724.23,2727.73,106.3928
1791187440000,2727.73,2728.0,2727.35,2727.99,80.0307
1791187500000,2727.99,2728.67,2727.59,2728.66,231.1782
1791187560000,2728.66,2730.89,2728.66,2730.88,213.5935
1791187620000,2730.88,2732.19,2729.4,2729.98,345.7659
1791187680000,2729.99,2732.14,2729.99,2731.28,239.2199
1791187740000,2731.27,2734.55,2731.27,2734.25,649.6782
1791187800000,2734.25,2734.51,2732.21,2732.21,198.1836
1791187860000,2732.2,2733.08,2731.94,2732.89,172.1001
1791187920000,2732.89,2732.9,2731.14,2731.34,82.1872
1791187980000,2731.34,2732.1,2731.34,2731.98,79.7079
1791188040000,2731.97,2732.0,2731.59,2732.0,58.4846
1791188100000,2731.99,2731.99,2729.39,2729.95,235.9583
1791188160000,2729.95,2730.91,2729.95,2730.81,134.503
1791188220000,2730.82,2730.82,2729.98,2729.99,27.0197
1791188280000,2729.98,2729.99,2725.29,2725.56,513.0381
1791188340000,2725.55,2725.94,2725.29,2725.93,29.078
1791188400000,2725.94,2725.94,2725.77,2725.94,20.6843
1791188460000,2725.94,2726.61,2725.64,2726.22,60.3744
1791188520000,2726.22,2730.87,2726.22,2729.27,141.0232
1791188580000,2729.28,2729.28,2728.3,2728.53,37.6491
1791188640000,2728.54,2728.54,2726.98,2726.98,95.9513
1791188700000,2726.97,2726.97,2725.08,2726.93,91.5369
1791188760000,2726.92,2727.33,2726.47,2727.33,52.4472
1791188820000,2727.32,2727.5,2726.8,2727.4,73.7693
1791188880000,2727.41,2728.41,2727.41,2727.66,192.2873
1791188940000,2727.66,2727.66,2727.08,2727.09,98.3203
1791189000000,2727.09,2728.65,2726.85,2727.13,124.8246
1791189060000,2727.12,2727.55,2727.12,2727.5,23.2193
1791189120000,2727.49,2727.49,2725.86,2726.67,48.0444
1791189180000,2726.67,2727.49,2726.4,2727.05,77.7651
1791189240000,2727.06,2727.06,2722.52,2724.26,318.1932
1791189300000,2724.26,2725.87,2724.26,2725.39,51.724
1791189360000,2725.38,2725.38,2722.74,2722.74,113.2609
1791189420000,2722.73,2723.28,2721.5,2722.53,154.1288
1791189480000,2722.52,2723.81,2721.5,2723.81,107.119
1791189540000,2723.8,2723.81,2723.04,2723.16,31.8014
1791189600000,2723.16,2724.05,2722.39,2722.39,47.8547
1791189660000,2722.4,2723.99,2722.4,2722.85,58.9514
1791189720000,2722.85,2723.07,2721.74,2721.74,168.9565
