open_time_ms,open,high,low,close,volume
1789391700000,101.16,101.46,101.05,101.21,21647.074
1789392600000,101.21,101.87,101.0,101.47,41095.891
1789393500000,101.47,101.91,101.23,101.37,33247.777
1789394400000,101.36,101.99,101.35,101.84,35447.625
1789395300000,101.84,102.0,101.19,101.54,27216.169
1789396200000,101.54,101.95,101.4,101.54,23611.261
1789397100000,101.55,101.82,101.5,101.63,24001.54
1789398000000,101.64,101.82,101.35,101.77,28352.702
1789398900000,101.77,101.94,101.69,101.79,17316.912
1789399800000,101.79,102.28,101.77,102.18,47629.702
1789400700000,102.19,102.27,101.84,101.97,35409.71
1789401600000,101.96,102.19,101.86,101.89,17974.008
1789402500000,101.89,102.87,101.89,102.43,70066.309
1789403400000,102.44,102.69,102.35,102.43,25633.74
1789404300000,102.43,102.85,102.4,102.6,19598.924
1789405200000,102.6,102.98,102.52,102.96,16965.057
1789406100000,102.96,103.11,102.76,102.96,31192.309
1789407000000,102.97,102.99,102.57,102.9,19520.72
1789407900000,102.91,103.3,102.9,103.06,30696.386
1789408800000,103.06,103.32,102.92,103.02,41674.11
1789409700000,103.02,103.54,102.98,103.44,37293.325
1789410600000,103.44,103.85,103.36,103.57,39398.588
1789411500000,103.57,103.85,103.57,103.62,29468.396
1789412400000,103.63,103.63,103.15,103.4,27801.89
1789413300000,103.41,103.62,103.39,103.39,14927.866
1789414200000,103.39,103.44,102.95,103.31,22872.049
1789415100000,103.31,103.35,103.03,103.25,19909.062
1789416000000,103.26,104.11,103.19,103.89,29123.28
1789416900000,103.9,104.65,103.89,104.56,67432.909
1789417800000,104.57,104.81,104.42,104.63,54512.982
1789418700000,104.64,104.82,103.96,103.98,28583.087
1789419600000,103.99,104.03,103.27,103.58,51111.706
1789420500000,103.59,103.87,103.48,103.61,26944.848
1789421400000,103.6,103.73,103.07,103.31,39258.637
1789422300000,103.31,103.34,103.19,103.21,8721.144
1789423200000,103.21,103.58,103.09,103.52,20076.668
1789424100000,103.51,103.52,103.05,103.23,21540.951
1789425000000,103.23,103.23,102.97,103.09,19499.499
1789425900000,103.1,103.1,102.79,102.88,22251.667
1789426800000,102.88,102.95,102.6,102.76,15944.552
1789427700000,102.77,103.01,102.76,102.89,9231.463
1789428600000,102.89,102.89,102.6,102.63,5029.906
1789429500000,102.63,102.63,102.43,102.53,12339.515
1789430400000,102.54,102.67,102.46,102.56,12716.405
1789431300000,102.56,102.69,102.41,102.64,15721.145
1789432200000,102.64,102.86,102.37,102.47,20422.312
1789433100000,102.48,102.68,102.44,102.46,15073.084
1789434000000,102.47,102.51,102.36,102.42,15592.865
1789434900000,102.41,102.6,102.18,102.2,26573.027
1789435800000,102.2,102.47,102.15,102.43,11835.739
1789436700000,102.42,102.52,102.26,102.27,12677.179
1789437600000,102.27,102.41,102.2,102.28,9239.122
1789438500000,102.27,102.37,102.22,102.31,4160.65
1789439400000,102.31,102.33,102.02,102.09,17177.918
1789440300000,102.09,102.15,101.98,101.98,15246.093
1789441200000,101.98,101.99,101.36,101.39,24004.873
1789442100000,101.4,101.55,101.19,101.52,26567.189
1789443000000,101.52,101.85,101.5,101.73,14251.436
1789443900000,101.72,101.75,101.5,101.55,15057.975
1789444800000,101.55,101.72,101.43,101.44,18784.182
1789445700000,101.45,101.65,101.34,101.41,11137.935
1789446600000,101.4,101.51,101.17,101.31,22403.169
1789447500000,101.31,101.37,101.25,101.28,15053.381
1789448400000,101.28,101.33,100.82,100.92,34285.548
1789449300000,100.92,100.95,100.57,100.91,28491.805
1789450200000,100.91,101.12,100.8,101.07,26259.635
1789451100000,101.07,101.4,100.97,101.33,23328.053
1789452000000,101.34,101.59,101.33,101.35,12979.683
1789452900000,101.35,101.38,101.01,101.06,9185.185
1789453800000,101.06,101.15,101.0,101.07,18215.587
1789454700000,101.08,101.1,100.74,100.9,22443.992
1789455600000,100.9,100.93,100.71,100.82,17876.604
1789456500000,100.82,101.05,100.79,100.84,19763.125
1789457400000,100.83,100.85,100.52,100.67,21411.668
1789458300000,100.67,100.7,100.35,100.44,19012.306
1789459200000,100.44,100.46,100.08,100.32,32467.527
1789460100000,100.33,100.45,100.19,100.31,17915.667
1789461000000,100.3,100.63,100.22,100.45,28819.118
1789461900000,100.44,100.73,100.4,100.65,33234.396
1789462800000,100.66,100.75,100.55,100.6,18655.36
1789463700000,100.6,100.66,100.52,100.63,8232.193
1789464600000,100.64,100.89,100.63,100.88,14706.469
1789465500000,100.88,101.1,100.8,100.82,17179.029
1789466400000,100.82,100.96,100.76,100.89,13879.183
1789467300000,100.89,100.95,100.71,100.71,11816.684
1789468200000,100.71,100.99,100.68,100.95,14626.861
1789469100000,100.95,101.11,100.95,100.98,28245.894
1789470000000,100.98,101.03,100.83,100.85,16449.512
1789470900000,100.85,100.93,100.66,100.68,15600.165
1789471800000,100.68,100.72,100.43,100.63,25027.854
1789472700000,100.62,100.88,100.6,100.86,14301.288
1789473600000,100.86,101.03,100.82,100.97,27012.328
1789474500000,100.97,101.15,100.91,101.08,26976.578
1789475400000,101.07,101.09,100.89,100.97,25261.849
1789476300000,100.98,101.21,100.92,101.0,42226.177
1789477200000,101.0,101.39,101.0,101.11,30615.607
1789478100000,101.11,101.14,100.95,100.95,20417.09
1789479000000,100.95,100.95,99.74,100.23,82313.727
1789479900000,100.24,100.58,99.91,100.58,42686.026
1789480800000,100.57,100.76,100.22,100.32,23172.13
1789481700000,100.31,100.39,99.93,99.95,19410.757
1789482600000,99.94,100.0,98.51,98.94,118047.961
1789483500000,98.95,98.98,98.02,98.87,81666.825
1789484400000,98.88,99.22,98.56,99.14,48630.068
1789485300000,99.13,99.77,98.96,99.52,40489.652
1789486200000,99.52,99.6,99.27,99.4,30864.327
1789487100000,99.4,99.6,99.26,99.36,24843.957
1789488000000,99.37,99.46,98.9,98.91,15480.058
1789488900000,98.91,99.38,98.91,99.29,10566.462
1789489800000,99.29,99.33,99.07,99.13,11662.516
1789490700000,99.12,99.37,99.07,99.11,11669.677
1789491600000,99.1,99.16,98.69,98.97,16259.006
1789492500000,98.97,99.44,98.89,99.42,14624.367
1789493400000,99.42,100.41,99.41,99.79,43570.626
1789494300000,99.8,100.71,99.8,100.21,36665.174
1789495200000,100.21,100.32,99.79,99.87,23079.328
1789496100000,99.86,100.34,99.38,99.95,33787.304
1789497000000,99.94,99.97,98.03,98.06,115348.829
1789497900000,98.06,98.41,95.82,98.2,296663.481
1789498800000,98.19,98.62,97.67,98.04,81481.82
1789499700000,98.05,98.67,97.62,97.65,53571.441
1789500600000,97.66,98.02,97.51,97.63,50814.403
1789501500000,97.62,98.08,97.57,97.9,26854.824
1789502400000,97.9,98.09,97.21,97.56,29395.69
1789503300000,97.57,97.6,96.88,96.88,29044.699
1789504200000,96.88,97.23,96.67,97.18,35427.458
1789505100000,97.18,97.67,97.16,97.45,21628.551
1789506000000,97.44,97.44,97.01,97.23,21907.539
1789506900000,97.22,97.32,96.7,96.8,22203.401
1789507800000,96.8,97.04,96.73,97.03,18542.325
1789508700000,97.03,97.05,96.54,96.55,15404.136
1789509600000,96.55,97.02,96.4,96.8,26523.439
1789510500000,96.8,97.05,96.31,96.83,56844.188
1789511400000,96.83,97.03,96.73,96.97,19776.473
1789512300000,96.96,97.31,96.95,97.16,17319.168
1789513200000,97.16,97.53,97.13,97.52,18498.401
1789514100000,97.53,97.68,97.49,97.52,22186.693
1789515000000,97.51,97.51,96.89,97.14,36906.522
1789515900000,97.15,97.17,96.87,96.88,17057.174
1789516800000,96.88,97.19,96.84,96.94,19849.297
1789517700000,96.93,97.23,96.88,97.21,20974.308
1789518600000,97.21,97.31,97.09,97.2,19374.054
1789519500000,97.21,97.32,96.96,97.08,25901.942
1789520400000,97.08,97.21,96.81,97.1,19952.838
1789521300000,97.09,97.31,97.01,97.1,12469.455
1789522200000,97.1,97.1,96.63,96.79,23091.67
1789523100000,96.8,96.89,96.38,96.49,22517.289
1789524000000,96.5,96.79,96.45,96.75,26257.26
1789524900000,96.75,97.25,96.74,97.25,21646.762
1789525800000,97.25,97.6,97.25,97.38,16190.413
1789526700000,97.38,97.43,97.1,97.25,16286.873
1789527600000,97.25,97.41,97.08,97.4,21207.126
1789528500000,97.4,97.59,97.2,97.22,19585.459
1789529400000,97.23,97.36,97.04,97.12,16429.814
1789530300000,97.13,97.28,97.09,97.25,7026.179
1789531200000,97.26,97.45,97.18,97.44,10294.5
1789532100000,97.43,97.73,97.32,97.44,34371.991
1789533000000,97.43,97.65,97.29,97.43,19481.996
1789533900000,97.42,97.5,97.16,97.27,13583.475
1789534800000,97.27,97.32,96.87,97.02,25480.642
1789535700000,97.02,97.3,96.97,97.18,11932.454
1789536600000,97.17,97.31,97.1,97.28,14108.322
1789537500000,97.27,97.31,97.0,97.23,24139.21
1789538400000,97.23,97.34,97.11,97.23,12789.573
1789539300000,97.22,97.33,97.13,97.15,6576.025
1789540200000,97.15,97.15,96.89,97.08,14430.55
1789541100000,97.08,97.43,97.07,97.41,8593.303
1789542000000,97.41,97.54,97.07,97.27,30753.967
1789542900000,97.26,97.37,97.06,97.1,19079.408
1789543800000,97.09,97.15,97.0,97.04,12482.197
1789544700000,97.04,97.1,96.93,96.98,7066.305
1789545600000,96.97,96.97,96.41,96.62,27442.8
1789546500000,96.62,96.94,96.59,96.62,39923.145
1789547400000,96.62,96.8,96.6,96.77,6950.297
1789548300000,96.77,97.03,96.74,97.02,9036.138
1789549200000,97.02,97.25,97.02,97.12,31464.313
1789550100000,97.13,97.3,97.08,97.15,25112.592
1789551000000,97.15,97.35,97.14,97.28,10669.798
1789551900000,97.29,97.34,97.17,97.32,3446.862
1789552800000,97.31,97.36,97.13,97.17,18906.249
1789553700000,97.16,97.38,97.16,97.33,11913.408
1789554600000,97.33,97.37,97.28,97.35,14506.11
1789555500000,97.34,97.38,97.14,97.31,11829.693
1789556400000,97.31,97.45,97.16,97.18,12247.723
1789557300000,97.17,97.43,97.04,97.35,22388.986
1789558200000,97.36,98.27,97.33,98.18,47853.191
1789559100000,98.18,98.32,97.96,98.02,18454.458
1789560000000,98.02,98.12,97.72,97.74,26280.317
1789560900000,97.73,97.94,97.51,97.55,21499.141
1789561800000,97.54,97.61,97.19,97.47,15564.763
1789562700000,97.46,97.67,97.4,97.59,12667.289
1789563600000,97.58,97.58,96.97,97.27,23477.799
1789564500000,97.27,97.45,97.15,97.29,29229.03
1789565400000,97.29,97.36,96.87,97.26,38053.597
1789566300000,97.26,97.65,97.1,97.18,26711.277
1789567200000,97.18,97.2,96.65,96.87,35846.04
1789568100000,96.86,97.28,96.86,97.27,32915.241
1789569000000,97.28,97.29,96.82,97.08,34144.491
1789569900000,97.07,97.09,96.66,97.04,24344.579
1789570800000,97.05,97.45,97.01,97.29,19581.673
1789571700000,97.28,97.28,96.96,96.99,17478.297
1789572600000,97.0,97.27,96.85,97.11,9916.848
1789573500000,97.11,97.6,97.0,97.1,22777.096
1789574400000,97.11,97.35,96.96,97.3,16628.189
1789575300000,97.31,97.52,97.17,97.29,9871.462
1789576200000,97.28,97.37,97.05,97.08,6889.535
1789577100000,97.07,97.34,97.07,97.24,11072.685
1789578000000,97.23,97.28,97.03,97.24,15680.21
1789578900000,97.23,97.32,96.92,97.02,15312.491
1789579800000,97.02,97.06,96.13,96.29,28901.304
1789580700000,96.29,97.38,96.09,97.03,53591.888
1789581600000,97.03,98.94,96.28,97.85,208426.717
1789582500000,97.85,98.43,97.64,98.38,64679.692
1789583400000,98.39,98.72,96.59,98.2,93501.141
1789584300000,98.19,98.4,97.56,97.84,62601.996
1789585200000,97.84,98.74,97.84,98.2,61577.793
1789586100000,98.21,98.35,96.91,97.45,60839.005
1789587000000,97.45,98.12,97.23,98.08,29738.967
1789587900000,98.07,98.42,98.05,98.08,21853.791
1789588800000,98.08,98.8,98.02,98.5,29143.741
1789589700000,98.51,98.9,98.33,98.57,28051.192
1789590600000,98.58,98.76,98.2,98.43,21326.709
1789591500000,98.43,98.75,98.36,98.71,22976.644
1789592400000,98.71,98.81,98.39,98.41,8397.561
1789593300000,98.42,98.56,98.32,98.39,9036.12
1789594200000,98.39,98.5,98.12,98.22,9727.046
1789595100000,98.23,98.5,98.2,98.39,11840.003
1789596000000,98.4,98.44,97.49,98.08,37308.113
1789596900000,98.08,98.26,97.73,97.8,11506.961
1789597800000,97.8,97.8,97.55,97.64,9833.883
1789598700000,97.65,97.71,97.38,97.49,12431.073
1789599600000,97.49,97.79,97.39,97.78,18284.544
1789600500000,97.79,98.51,97.79,98.42,23384.006
1789601400000,98.43,98.8,98.37,98.71,27677.812
1789602300000,98.72,98.85,98.59,98.66,23623.222
1789603200000,98.66,99.0,98.47,98.9,15074.831
1789604100000,98.89,99.1,98.79,98.81,19977.628
1789605000000,98.82,99.2,98.81,98.95,19404.85
1789605900000,98.95,99.0,98.7,98.71,12786.567
1789606800000,98.71,98.85,98.47,98.7,10703.943
1789607700000,98.7,99.49,98.61,99.4,29376.668
1789608600000,99.4,99.64,99.08,99.43,36431.639
1789609500000,99.44,99.5,99.14,99.25,14789.452
1789610400000,99.26,99.35,98.86,99.09,13211.787
1789611300000,99.08,99.28,98.83,99.12,13120.523
1789612200000,99.12,99.72,98.99,99.67,22401.401
1789613100000,99.67,99.74,99.35,99.37,16903.577
1789614000000,99.37,99.67,99.37,99.54,9293.87
1789614900000,99.53,99.79,99.5,99.7,17955.273
1789615800000,99.7,100.04,99.69,99.86,21173.717
1789616700000,99.86,100.04,99.78,99.95,34604.644
1789617600000,99.96,99.99,99.62,99.66,8438.82
1789618500000,99.67,99.67,99.18,99.23,20227.264
1789619400000,99.23,99.61,99.11,99.5,23281.809
1789620300000,99.5,100.0,99.45,99.92,21024.153
1789621200000,99.91,100.11,99.59,99.7,18449.492
1789622100000,99.7,99.9,99.56,99.71,14959.313
1789623000000,99.71,99.83,99.57,99.6,15433.288
1789623900000,99.6,99.72,99.5,99.56,27578.628
1789624800000,99.56,99.76,99.52,99.66,14586.972
1789625700000,99.66,99.66,99.48,99.62,10791.754
1789626600000,99.63,99.95,99.62,99.93,14071.958
1789627500000,99.93,99.99,99.69,99.74,12664.334
1789628400000,99.75,100.36,99.72,100.06,32882.676
1789629300000,100.07,100.33,100.03,100.11,17199.858
1789630200000,100.11,100.25,100.07,100.08,11263.19
1789631100000,100.08,100.17,99.89,100.03,22605.055
1789632000000,100.03,100.18,99.92,99.94,12490.973
1789632900000,99.94,100.25,99.88,100.06,19812.764
1789633800000,100.07,100.34,100.0,100.21,17972.276
1789634700000,100.21,100.34,100.19,100.33,8620.459
1789635600000,100.34,100.78,100.33,100.64,35803.971
1789636500000,100.64,100.86,100.54,100.64,18885.651
1789637400000,100.64,100.89,100.5,100.5,21935.282
1789638300000,100.5,100.68,100.17,100.24,22924.267
1789639200000,100.24,100.26,99.78,99.88,27174.541
1789640100000,99.87,99.89,99.57,99.72,28197.116
1789641000000,99.71,99.93,99.68,99.7,17610.008
1789641900000,99.69,99.87,99.64,99.85,14601.62
1789642800000,99.86,100.2,99.82,100.19,22166.132
1789643700000,100.19,100.25,100.01,100.03,15367.972
1789644600000,100.03,100.03,99.53,99.57,11702.915
1789645500000,99.57,100.2,99.57,100.13,18740.657
1789646400000,100.13,100.85,100.07,100.84,36023.377
1789647300000,100.84,101.21,100.78,101.18,62530.312
1789648200000,101.18,101.45,100.87,100.87,31605.909
1789649100000,100.88,100.96,100.65,100.74,22606.031
1789650000000,100.74,101.0,100.41,100.53,34874.661
1789650900000,100.53,100.65,100.3,100.35,25422.987
1789651800000,100.36,100.52,99.68,99.84,47757.903
1789652700000,99.84,100.79,99.66,100.75,33261.504
1789653600000,100.75,101.49,100.08,101.43,73916.467
1789654500000,101.43,101.69,100.98,101.57,47124.403
1789655400000,101.56,101.8,101.21,101.23,38411.986
1789656300000,101.24,101.51,101.07,101.07,20026.989
1789657200000,101.08,101.13,100.38,100.53,30766.964
1789658100000,100.53,100.72,100.25,100.46,16632.835
1789659000000,100.47,101.34,100.45,101.15,29213.37
1789659900000,101.14,101.33,100.94,101.29,30628.842
1789660800000,101.28,101.51,101.17,101.32,25071.238
1789661700000,101.31,101.34,101.01,101.2,15440.058
1789662600000,101.19,101.21,100.71,101.19,25655.639
1789663500000,101.19,101.46,100.85,101.39,33225.23
1789664400000,101.4,101.66,101.26,101.26,26532.965
1789665300000,101.27,101.88,101.2,101.88,51616.171
1789666200000,101.87,102.05,101.66,101.67,45188.1
1789667100000,101.66,101.67,101.4,101.52,26298.443
1789668000000,101.52,101.57,101.36,101.52,11104.7
1789668900000,101.51,101.63,101.31,101.33,10015.685
1789669800000,101.33,101.41,100.85,101.18,17037.223
1789670700000,101.18,101.27,100.84,100.85,15576.825
1789671600000,100.84,100.98,100.77,100.81,7842.064
1789672500000,100.82,101.08,100.74,101.02,14019.333
1789673400000,101.02,101.09,100.84,100.94,9222.414
1789674300000,100.93,101.1,100.69,100.96,18773.949
1789675200000,100.97,101.26,100.89,101.21,9218.957
1789676100000,101.22,101.38,101.13,101.29,11511.8
1789677000000,101.29,101.29,100.97,101.05,11125.111
1789677900000,101.05,101.31,101.03,101.29,15158.134
1789678800000,101.3,101.44,101.09,101.15,29249.859
1789679700000,101.16,101.37,101.16,101.27,10266.911
1789680600000,101.28,101.46,101.24,101.36,12797.004
1789681500000,101.36,101.39,101.12,101.14,13106.412
1789682400000,101.14,101.33,100.97,101.11,31149.166
1789683300000,101.11,101.13,100.77,100.93,17392.364
1789684200000,100.92,101.45,100.82,101.43,20897.294
1789685100000,101.44,101.53,101.16,101.44,29358.335
1789686000000,101.44,101.7,101.34,101.57,20823.446
1789686900000,101.58,101.67,101.49,101.52,13278.544
1789687800000,101.52,101.68,101.37,101.55,23925.543
1789688700000,101.55,101.76,101.52,101.64,29793.111
1789689600000,101.63,101.71,101.4,101.48,23572.413
1789690500000,101.48,101.48,100.9,101.01,34157.363
1789691400000,101.0,101.37,101.0,101.31,15449.681
1789692300000,101.31,101.54,101.2,101.42,19555.506
1789693200000,101.41,101.64,101.4,101.56,16293.265
1789694100000,101.56,101.9,101.49,101.82,23836.94
1789695000000,101.83,102.3,101.82,102.21,51597.612
1789695900000,102.21,102.88,102.2,102.48,47590.371
1789696800000,102.49,102.75,102.18,102.49,36159.146
1789697700000,102.49,102.7,102.32,102.58,29958.91
1789698600000,102.58,102.91,102.52,102.62,32666.828
1789699500000,102.62,102.82,102.54,102.76,10571.013
1789700400000,102.76,103.72,102.67,103.71,60276.544
1789701300000,103.71,104.3,103.58,104.01,89620.766
1789702200000,104.02,104.57,103.99,104.05,60578.074
1789703100000,104.05,105.09,104.04,104.59,102640.742
1789704000000,104.6,105.12,104.42,104.71,68548.133
1789704900000,104.72,105.54,104.66,104.77,69513.636
1789705800000,104.77,105.05,104.49,105.05,34929.015
1789706700000,105.05,105.92,105.03,105.82,63782.841
1789707600000,105.82,106.12,105.39,105.55,98076.068
1789708500000,105.55,105.87,105.33,105.6,64941.285
1789709400000,105.59,105.92,105.49,105.57,45646.702
1789710300000,105.57,105.58,105.34,105.37,28352.055
1789711200000,105.36,105.78,105.36,105.55,36069.064
1789712100000,105.55,105.84,105.47,105.59,44278.322
1789713000000,105.59,105.74,105.49,105.58,23968.976
1789713900000,105.58,105.63,105.32,105.57,31445.103
1789714800000,105.57,106.0,105.45,105.84,48785.166
1789715700000,105.84,106.02,105.75,105.83,32406.441
1789716600000,105.83,106.04,105.77,106.0,26762.733
1789717500000,106.0,106.1,105.66,105.78,41827.606
1789718400000,105.78,106.27,105.29,105.6,55130.737
1789719300000,105.6,106.38,105.57,105.93,47523.097
1789720200000,105.93,106.02,105.7,105.82,32185.665
1789721100000,105.81,106.31,105.78,106.31,25770.044
1789722000000,106.3,106.4,106.01,106.21,33923.35
1789722900000,106.21,106.43,106.03,106.06,37515.979
1789723800000,106.07,106.2,105.93,106.2,19767.108
1789724700000,106.19,106.6,106.15,106.42,36323.828
1789725600000,106.42,106.62,106.26,106.49,36780.41
1789726500000,106.49,106.66,106.4,106.63,21355.309
1789727400000,106.63,106.67,106.49,106.57,17732.994
1789728300000,106.56,106.63,106.26,106.28,19162.017
1789729200000,106.27,106.4,105.51,105.56,63105.73
1789730100000,105.56,105.74,105.36,105.45,44570.801
1789731000000,105.44,105.93,105.42,105.6,48619.127
1789731900000,105.61,105.91,105.59,105.74,20201.777
1789732800000,105.74,105.91,105.44,105.52,25148.779
1789733700000,105.52,105.74,105.36,105.69,25463.923
1789734600000,105.69,106.13,105.53,105.92,30883.189
1789735500000,105.92,106.07,105.64,105.79,32393.671
1789736400000,105.78,105.8,105.45,105.63,31187.88
1789737300000,105.63,106.06,105.62,105.99,21933.237
1789738200000,105.99,108.09,105.87,107.73,158865.22
1789739100000,107.73,109.39,107.5,108.54,208818.629
1789740000000,108.53,109.06,108.39,109.01,123236.169
1789740900000,109.01,109.97,108.79,109.35,136441.715
1789741800000,109.36,110.17,108.96,110.17,134596.862
1789742700000,110.17,110.99,110.13,110.76,153845.795
1789743600000,110.76,110.93,109.28,110.07,187045.151
1789744500000,110.07,110.96,110.06,110.56,65938.61
1789745400000,110.55,111.09,110.22,110.23,80074.876
1789746300000,110.23,111.59,110.06,111.15,79025.289
1789747200000,111.15,111.68,111.01,111.52,69428.88
1789748100000,111.53,111.93,111.37,111.76,71158.527
1789749000000,111.76,112.3,111.69,111.96,79950.803
1789749900000,111.95,111.96,111.29,111.7,46024.69
1789750800000,111.7,112.05,111.39,111.86,49535.817
1789751700000,111.86,112.5,111.63,112.47,52346.271
1789752600000,112.47,112.64,111.89,112.57,34760.505
1789753500000,112.57,112.74,112.26,112.62,42332.746
1789754400000,112.62,112.62,112.16,112.43,33212.441
1789755300000,112.43,112.8,112.36,112.78,21458.954
1789756200000,112.78,112.9,112.38,112.41,37229.983
1789757100000,112.41,112.61,112.04,112.18,35164.15
1789758000000,112.18,112.99,112.18,112.93,33219.281
1789758900000,112.92,114.17,112.91,113.9,91898.046
1789759800000,113.9,114.14,113.53,114.1,40722.854
1789760700000,114.1,114.32,113.74,114.23,55577.049
1789761600000,114.22,114.23,113.64,113.89,27150.583
1789762500000,113.88,113.98,113.43,113.49,32367.027
1789763400000,113.49,113.74,113.12,113.74,36216.526
1789764300000,113.73,113.79,113.29,113.5,48453.953
1789765200000,113.51,113.79,113.47,113.74,23017.433
1789766100000,113.75,113.75,113.17,113.53,23098.701
1789767000000,113.54,113.58,113.15,113.19,20330.04
1789767900000,113.19,113.4,113.06,113.19,19206.745
1789768800000,113.19,113.5,112.96,113.42,27299.21
1789769700000,113.41,113.6,113.17,113.23,31594.027
1789770600000,113.22,113.27,112.76,112.89,37737.402
1789771500000,112.9,113.3,112.87,113.19,18660.558
1789772400000,113.18,113.42,113.09,113.37,18831.355
1789773300000,113.37,113.48,113.05,113.12,18015.256
1789774200000,113.12,113.15,112.82,112.83,35357.849
1789775100000,112.83,112.93,112.51,112.72,31211.218
1789776000000,112.72,112.92,112.33,112.89,35764.508
1789776900000,112.88,113.29,112.87,113.15,33341.623
1789777800000,113.15,113.52,113.13,113.41,19791.777
1789778700000,113.42,113.78,113.2,113.66,29697.68
1789779600000,113.67,113.82,113.37,113.38,27279.902
1789780500000,113.37,113.55,112.96,113.39,19849.347
1789781400000,113.39,113.46,112.88,113.46,19626.025
1789782300000,113.46,114.09,113.4,113.43,38892.006
1789783200000,113.43,113.7,113.34,113.63,21200.51
1789784100000,113.62,113.82,113.36,113.36,17465.267
1789785000000,113.37,113.85,113.33,113.49,17717.401
1789785900000,113.49,113.76,113.4,113.62,15570.16
1789786800000,113.61,113.84,113.56,113.72,16231.459
1789787700000,113.71,113.72,113.25,113.3,13568.229
1789788600000,113.3,113.47,113.12,113.44,12392.597
1789789500000,113.44,113.47,113.24,113.25,7493.434
1789790400000,113.24,113.44,113.2,113.37,10218.799
1789791300000,113.37,113.42,113.03,113.04,16640.165
1789792200000,113.04,113.04,112.0,112.32,52865.291
1789793100000,112.32,112.43,112.09,112.37,29129.738
1789794000000,112.36,112.79,112.34,112.56,16656.663
1789794900000,112.57,112.98,112.49,112.75,13103.528
1789795800000,112.76,112.94,112.62,112.63,8409.718
1789796700000,112.63,112.68,111.83,111.92,30547.023
1789797600000,111.92,112.06,111.66,111.74,29330.25
1789798500000,111.74,111.93,111.18,111.56,39940.171
1789799400000,111.55,111.99,111.49,111.8,11067.227
1789800300000,111.79,111.92,111.62,111.86,16506.332
1789801200000,111.86,112.17,111.79,112.16,24937.929
1789802100000,112.16,112.24,111.8,111.9,14490.229
1789803000000,111.9,112.0,111.65,111.74,7402.514
1789803900000,111.75,111.8,111.59,111.61,14181.276
1789804800000,111.61,112.0,111.53,111.98,17060.732
1789805700000,111.98,112.38,111.95,112.16,26561.803
1789806600000,112.16,112.48,112.13,112.35,17921.237
1789807500000,112.34,112.43,112.21,112.26,12091.097
1789808400000,112.27,112.5,112.15,112.2,19354.355
1789809300000,112.21,112.27,111.86,111.89,10431.632
1789810200000,111.9,111.96,111.47,111.86,24254.659
1789811100000,111.86,112.05,111.81,111.84,10036.644
1789812000000,111.84,111.94,111.74,111.88,15476.244
1789812900000,111.88,112.08,111.8,112.07,10091.128
1789813800000,112.07,112.14,111.9,111.97,17119.89
1789814700000,111.97,112.0,111.63,111.63,19031.608
1789815600000,111.64,112.0,111.61,111.75,13638.725
1789816500000,111.75,112.09,111.69,111.93,19150.218
1789817400000,111.93,111.98,111.75,111.9,15324.632
1789818300000,111.89,112.02,111.84,111.9,10210.58
1789819200000,111.89,112.06,111.74,111.83,26246.105
1789820100000,111.83,111.92,111.63,111.76,20001.441
1789821000000,111.76,111.85,111.71,111.75,15821.125
1789821900000,111.76,111.93,111.64,111.79,20265.361
1789822800000,111.79,111.85,111.36,111.54,28261.18
1789823700000,111.53,111.85,111.36,111.39,18166.956
1789824600000,111.38,111.67,111.29,111.5,15239.526
1789825500000,111.49,111.71,111.38,111.62,28677.886
1789826400000,111.63,111.79,111.47,111.59,18742.839
1789827300000,111.59,112.14,111.59,112.11,26002.769
1789828200000,112.11,112.21,111.65,111.86,25688.777
1789829100000,111.85,112.0,111.7,111.79,24650.031
1789830000000,111.79,112.15,111.77,111.93,27268.717
1789830900000,111.93,111.99,111.52,111.52,17721.248
1789831800000,111.52,112.03,111.5,111.92,31538.891
1789832700000,111.91,111.92,111.53,111.64,21015.806
1789833600000,111.65,111.78,111.23,111.66,36317.52
1789834500000,111.66,111.78,111.58,111.67,20008.551
1789835400000,111.68,111.9,111.61,111.77,15957.669
1789836300000,111.78,112.02,111.73,112.0,14346.621
1789837200000,112.0,112.28,111.9,112.2,26317.545
1789838100000,112.2,112.46,111.41,111.55,35658.11
1789839000000,111.55,111.8,111.35,111.59,17403.207
1789839900000,111.58,111.67,111.39,111.4,9043.177
1789840800000,111.4,111.65,110.83,110.87,50053.375
1789841700000,110.87,111.14,110.7,110.97,28607.749
1789842600000,110.97,111.3,110.68,111.02,27789.681
1789843500000,111.03,111.15,110.85,111.15,23145.511
1789844400000,111.15,111.3,110.96,110.97,11952.147
1789845300000,110.97,111.61,110.76,111.42,67655.677
1789846200000,111.42,111.47,111.19,111.21,13406.388
1789847100000,111.21,111.41,111.0,111.18,11450.519
1789848000000,111.17,111.24,111.03,111.22,9288.64
1789848900000,111.22,111.37,111.0,111.02,17035.492
1789849800000,111.02,111.3,110.99,111.29,12825.016
1789850700000,111.3,111.31,110.97,111.12,19718.704
1789851600000,111.12,111.3,110.62,110.67,20039.475
1789852500000,110.67,110.89,110.36,110.82,35614.293
1789853400000,110.83,110.84,110.16,110.33,30890.82
1789854300000,110.33,110.85,110.32,110.54,18506.181
1789855200000,110.54,110.55,110.08,110.18,34589.243
1789856100000,110.19,110.37,110.08,110.21,16377.934
1789857000000,110.22,110.66,110.18,110.65,13354.331
1789857900000,110.66,110.78,110.62,110.67,12545.692
1789858800000,110.67,110.91,110.63,110.88,10172.214
1789859700000,110.88,111.04,110.69,110.92,14371.585
1789860600000,110.93,111.22,110.91,111.08,19819.906
1789861500000,111.09,111.16,111.0,111.06,10922.989
1789862400000,111.06,111.11,110.86,110.91,11045.071
1789863300000,110.91,110.99,110.62,110.87,14889.077
1789864200000,110.88,111.17,110.81,111.1,15218.806
1789865100000,111.11,111.11,110.83,110.95,9757.131
1789866000000,110.95,110.98,110.38,110.38,10710.525
1789866900000,110.38,110.61,110.25,110.26,15067.602
1789867800000,110.25,110.33,110.03,110.19,25563.3
1789868700000,110.19,110.25,109.72,110.16,37278.361
1789869600000,110.17,110.49,110.11,110.47,12157.46
1789870500000,110.47,110.52,109.74,109.74,17806.223
1789871400000,109.75,109.81,108.22,108.28,91909.423
1789872300000,108.28,108.75,107.4,107.67,101964.766
1789873200000,107.66,108.54,107.4,107.89,57654.099
1789874100000,107.89,108.87,107.62,108.46,41559.762
1789875000000,108.46,108.57,108.07,108.49,24280.63
1789875900000,108.5,109.11,108.44,108.89,15933.312
1789876800000,108.9,109.02,108.65,108.9,13116.573
1789877700000,108.9,109.08,108.69,109.01,7777.579
1789878600000,109.02,109.23,108.85,108.88,14268.478
1789879500000,108.87,109.19,108.68,109.03,23841.475
1789880400000,109.04,109.26,108.91,109.07,11808.762
1789881300000,109.07,109.08,108.7,108.94,24020.194
1789882200000,108.94,109.14,108.61,108.62,22868.234
1789883100000,108.63,108.87,108.61,108.77,13595.421
1789884000000,108.76,108.82,108.54,108.67,16144.318
1789884900000,108.68,108.91,108.52,108.54,26965.225
1789885800000,108.53,108.58,108.1,108.36,25240.356
1789886700000,108.37,108.53,108.23,108.46,16586.184
1789887600000,108.46,108.81,108.46,108.75,12841.164
1789888500000,108.74,108.8,108.55,108.76,15368.898
1789889400000,108.77,108.82,108.49,108.63,10285.386
1789890300000,108.63,108.64,108.46,108.47,13791.319
1789891200000,108.47,108.71,108.41,108.66,23900.664
1789892100000,108.65,108.68,108.23,108.29,14084.402
1789893000000,108.29,108.38,107.96,107.97,44619.772
1789893900000,107.96,108.12,107.71,108.08,18859.799
1789894800000,108.08,108.34,108.06,108.15,10063.461
1789895700000,108.14,108.43,108.12,108.36,12176.818
1789896600000,108.35,108.85,108.35,108.67,18996.6
1789897500000,108.68,108.68,108.29,108.31,9665.688
1789898400000,108.31,108.43,107.91,108.16,18198.854
1789899300000,108.16,108.27,107.97,108.14,9905.285
1789900200000,108.14,108.34,107.96,108.1,12656.051
1789901100000,108.1,108.26,108.03,108.04,10303.049
1789902000000,108.03,108.36,107.96,108.03,21428.781
1789902900000,108.04,108.22,107.93,108.18,13955.009
1789903800000,108.18,108.43,108.16,108.39,20435.915
1789904700000,108.39,108.68,108.35,108.48,17420.522
1789905600000,108.48,108.86,108.32,108.64,24008.252
1789906500000,108.65,108.65,108.2,108.23,13665.396
1789907400000,108.22,108.33,108.14,108.23,11111.019
1789908300000,108.23,108.49,108.22,108.41,16164.163
1789909200000,108.41,108.6,108.28,108.32,14832.288
1789910100000,108.32,108.36,108.15,108.2,17630.59
1789911000000,108.21,108.29,107.94,108.2,17756.54
1789911900000,108.19,108.27,108.05,108.23,11934.45
1789912800000,108.22,108.65,108.19,108.19,16581.293
1789913700000,108.19,108.31,107.95,108.18,20108.356
1789914600000,108.17,108.45,108.12,108.27,16650.338
1789915500000,108.27,108.42,108.06,108.14,19450.859
1789916400000,108.14,108.57,108.06,108.14,52522.465
1789917300000,108.14,108.5,108.07,108.08,35479.21
1789918200000,108.07,108.5,108.07,108.39,24295.186
1789919100000,108.4,108.85,108.35,108.82,40028.712
1789920000000,108.81,109.02,108.51,108.89,90364.949
1789920900000,108.89,109.5,108.86,109.37,48506.419
1789921800000,109.37,110.69,109.26,110.39,104195.107
1789922700000,110.39,110.48,109.93,110.33,43172.652
1789923600000,110.33,110.45,109.53,109.76,46277.838
1789924500000,109.76,110.02,109.5,109.62,38944.373
1789925400000,109.62,110.58,109.6,110.42,30297.213
1789926300000,110.43,110.53,109.7,109.92,23086.486
1789927200000,109.92,110.0,109.61,109.77,19384.318
1789928100000,109.77,110.34,109.75,110.28,18659.753
1789929000000,110.28,110.35,109.73,109.93,34934.541
1789929900000,109.92,109.95,109.14,109.4,35910.988
1789930800000,109.41,109.99,109.35,109.89,22351.386
1789931700000,109.9,110.02,109.77,110.0,12299.761
1789932600000,110.0,110.55,109.96,110.31,52315.687
1789933500000,110.31,110.85,110.29,110.45,30399.937
1789934400000,110.45,110.6,110.27,110.32,14693.203
1789935300000,110.33,110.54,110.19,110.4,21828.822
1789936200000,110.4,110.46,110.18,110.46,19239.094
1789937100000,110.45,110.65,110.09,110.13,14665.3
1789938000000,110.12,110.13,109.01,109.66,52270.864
1789938900000,109.67,110.1,109.57,109.93,30255.254
1789939800000,109.93,110.05,109.5,109.57,14782.357
1789940700000,109.57,110.0,109.56,109.88,13283.543
1789941600000,109.89,110.6,109.6,110.6,36363.755
1789942500000,110.59,110.59,110.17,110.53,15860.354
1789943400000,110.52,110.71,110.26,110.31,9527.407
1789944300000,110.32,111.06,110.28,111.03,20644.561
1789945200000,111.02,111.02,110.58,110.66,21963.278
1789946100000,110.66,111.1,110.58,110.73,11966.49
1789947000000,110.73,111.09,110.67,111.09,41367.574
1789947900000,111.09,111.46,110.87,111.17,35821.059
1789948800000,111.17,112.4,111.16,112.39,61341.016
1789949700000,112.39,112.82,111.98,112.38,57608.074
1789950600000,112.39,112.74,112.01,112.39,50204.215
1789951500000,112.39,112.92,112.23,112.32,41395.457
1789952400000,112.32,112.87,112.03,112.73,27267.164
1789953300000,112.74,113.42,112.15,112.34,52407.092
1789954200000,112.34,112.74,111.93,112.3,40266.217
1789955100000,112.3,112.46,110.74,110.96,64952.87
1789956000000,110.96,111.62,110.69,111.59,37201.73
1789956900000,111.58,112.0,111.47,111.74,21532.72
1789957800000,111.73,111.74,110.94,111.32,23375.292
1789958700000,111.32,111.53,111.06,111.22,29396.891
1789959600000,111.22,111.71,111.18,111.37,21177.677
1789960500000,111.37,111.86,111.35,111.72,17437.694
1789961400000,111.72,111.93,111.51,111.65,13758.06
1789962300000,111.65,111.82,111.48,111.58,18301.74
1789963200000,111.58,111.64,111.1,111.24,16585.672
1789964100000,111.24,111.42,111.09,111.2,24583.685
1789965000000,111.19,111.54,111.05,111.51,20870.198
1789965900000,111.51,111.83,111.41,111.48,24564.304
1789966800000,111.47,111.56,111.26,111.35,15761.508
1789967700000,111.35,112.02,111.34,111.88,31562.033
1789968600000,111.89,112.23,111.82,111.95,29691.811
1789969500000,111.95,112.12,111.66,111.76,24396.448
1789970400000,111.76,112.0,111.66,111.79,35703.995
1789971300000,111.79,112.57,111.79,112.41,45571.235
1789972200000,112.42,112.5,111.52,111.52,22819.112
1789973100000,111.53,112.2,111.52,112.19,24294.157
1789974000000,112.18,112.4,111.79,112.0,29356.09
1789974900000,112.0,112.03,111.7,111.75,17241.114
1789975800000,111.76,111.76,111.35,111.53,24532.983
1789976700000,111.52,112.12,111.45,112.11,26186.96
1789977600000,112.11,112.91,112.07,112.88,51527.929
1789978500000,112.87,113.59,112.69,113.51,53114.328
1789979400000,113.51,116.39,113.41,115.7,243211.483
1789980300000,115.71,116.0,115.14,115.32,108402.389
1789981200000,115.31,115.6,115.0,115.12,66427.455
1789982100000,115.13,116.14,114.95,115.94,86883.648
1789983000000,115.93,116.85,115.81,116.31,129602.944
1789983900000,116.32,116.51,115.36,115.93,77790.82
1789984800000,115.93,116.12,115.5,115.63,76887.354
1789985700000,115.63,115.99,115.6,115.75,45521.793
1789986600000,115.76,115.95,115.49,115.93,49036.509
1789987500000,115.92,116.05,115.66,116.01,30195.153
1789988400000,116.01,116.45,115.84,116.39,52818.526
1789989300000,116.39,116.55,116.17,116.34,35904.095
1789990200000,116.33,117.18,116.2,117.1,64657.562
1789991100000,117.09,117.1,116.51,116.8,38098.002
1789992000000,116.8,117.06,116.43,116.77,57965.623
1789992900000,116.76,117.13,116.2,116.35,66999.244
1789993800000,116.34,116.93,116.3,116.7,29796.333
1789994700000,116.7,116.95,116.52,116.82,33034.564
1789995600000,116.81,117.45,116.73,117.2,71544.923
1789996500000,117.21,118.18,117.04,117.39,130157.874
1789997400000,117.4,117.81,116.7,117.08,93154.013
1789998300000,117.07,118.41,117.01,118.06,90912.54
1789999200000,118.05,118.79,117.34,118.08,128294.662
1790000100000,118.07,118.9,117.9,118.52,91735.592
1790001000000,118.51,118.84,117.77,117.91,81824.723
1790001900000,117.92,118.82,117.75,118.05,64693.17
1790002800000,118.04,119.15,117.94,118.59,103910.25
1790003700000,118.59,118.59,117.36,117.48,123304.625
1790004600000,117.47,117.94,117.41,117.93,58731.257
1790005500000,117.92,118.5,117.8,117.94,61045.598
1790006400000,117.94,118.08,117.43,117.75,63088.177
1790007300000,117.75,118.33,117.52,117.65,42474.34
1790008200000,117.66,117.83,116.76,117.49,64280.302
1790009100000,117.5,117.87,117.46,117.51,42957.214
1790010000000,117.52,117.93,117.31,117.53,44188.788
1790010900000,117.53,117.69,117.19,117.52,29461.934
1790011800000,117.52,117.85,117.39,117.52,26502.912
1790012700000,117.51,117.53,116.68,117.2,39686.48
1790013600000,117.19,117.54,116.86,117.5,32469.221
1790014500000,117.51,117.65,117.31,117.42,20818.906
1790015400000,117.43,117.47,117.04,117.28,13783.692
1790016300000,117.29,117.86,117.26,117.73,21649.979
1790017200000,117.73,117.74,117.27,117.66,19574.865
1790018100000,117.66,118.05,117.58,117.94,30344.76
1790019000000,117.94,118.48,117.82,118.2,46437.381
1790019900000,118.19,118.42,117.88,118.36,28410.017
1790020800000,118.37,118.59,118.21,118.47,34655.22
1790021700000,118.48,119.5,118.44,119.07,83631.4
1790022600000,119.08,119.1,118.49,118.58,46044.973
1790023500000,118.58,119.34,118.41,119.19,35793.233
1790024400000,119.19,119.21,118.67,118.68,35831.173
1790025300000,118.68,119.24,118.67,119.06,26431.359
1790026200000,119.07,119.99,119.07,119.53,60749.971
1790027100000,119.53,119.59,119.07,119.12,31169.212
1790028000000,119.11,119.56,119.08,119.47,29624.414
1790028900000,119.47,119.84,119.08,119.29,37449.481
1790029800000,119.3,119.5,119.11,119.21,19423.594
1790030700000,119.22,119.52,118.79,119.45,26640.228
1790031600000,119.45,119.92,119.39,119.55,21860.091
1790032500000,119.54,119.68,118.87,118.9,18129.126
1790033400000,118.91,118.92,118.4,118.61,29103.661
1790034300000,118.62,119.01,118.47,118.9,21423.338
1790035200000,118.91,118.93,118.47,118.71,29481.656
1790036100000,118.7,119.09,118.63,118.97,30734.963
1790037000000,118.98,119.34,118.76,119.32,39561.628
1790037900000,119.33,119.48,118.04,118.33,44068.763
1790038800000,118.34,118.45,117.49,117.91,65569.534
1790039700000,117.91,118.09,117.0,117.94,47533.074
1790040600000,117.94,118.18,117.5,117.67,30656.33
1790041500000,117.67,117.74,117.34,117.59,19630.405
1790042400000,117.59,117.73,117.2,117.41,29151.077
1790043300000,117.42,117.83,117.12,117.64,26801.363
1790044200000,117.65,118.09,117.36,117.9,22321.35
1790045100000,117.91,118.02,116.51,116.9,53632.931
1790046000000,116.9,116.92,116.3,116.75,63796.464
1790046900000,116.75,117.07,116.3,116.98,37731.99
1790047800000,116.99,117.03,116.54,116.67,20285.819
1790048700000,116.68,117.03,116.62,116.8,24680.351
1790049600000,116.8,117.11,116.54,117.02,37836.452
1790050500000,117.01,117.1,116.71,116.81,33081.343
1790051400000,116.81,116.84,116.36,116.53,40254.324
1790052300000,116.53,116.6,116.24,116.4,37945.453
1790053200000,116.4,116.63,116.15,116.35,34249.827
1790054100000,116.36,116.39,115.68,115.85,35927.955
1790055000000,115.84,116.7,115.54,116.7,53140.132
1790055900000,116.7,117.18,116.7,116.86,52899.068
1790056800000,116.86,117.06,116.42,116.7,32735.746
1790057700000,116.7,116.76,116.39,116.6,18358.268
1790058600000,116.6,116.94,116.53,116.66,15970.029
1790059500000,116.67,116.84,116.52,116.53,10280.751
1790060400000,116.54,116.84,116.44,116.74,37092.11
1790061300000,116.74,116.81,116.19,116.38,36630.626
1790062200000,116.37,116.39,116.01,116.17,54061.943
1790063100000,116.18,116.39,116.18,116.32,29739.683
1790064000000,116.32,116.59,116.11,116.52,24544.417
1790064900000,116.52,116.52,115.9,115.99,33814.385
1790065800000,115.98,117.27,115.79,117.23,49401.557
1790066700000,117.24,118.03,117.17,117.52,52019.176
1790067600000,117.52,117.59,116.67,116.92,40322.467
1790068500000,116.93,117.2,116.88,117.12,27062.227
1790069400000,117.11,117.38,117.01,117.24,26505.098
1790070300000,117.23,117.55,117.2,117.46,33463.417
1790071200000,117.47,117.49,116.95,117.05,14171.802
1790072100000,117.06,117.24,116.4,116.64,24513.329
1790073000000,116.63,116.9,116.38,116.76,27341.887
1790073900000,116.76,116.97,116.61,116.85,20278.277
1790074800000,116.85,116.93,116.42,116.91,21688.649
1790075700000,116.9,117.32,116.72,116.85,24176.852
1790076600000,116.85,117.48,116.83,117.43,25050.076
1790077500000,117.43,117.5,117.2,117.34,26000.912
1790078400000,117.34,117.42,117.13,117.14,20712.629
1790079300000,117.13,117.46,116.87,117.45,30794.645
1790080200000,117.44,117.76,117.21,117.26,28440.336
1790081100000,117.26,117.58,117.24,117.47,36974.141
1790082000000,117.46,117.8,117.4,117.59,44097.625
1790082900000,117.59,117.63,116.89,117.06,35595.481
1790083800000,117.05,117.8,116.84,117.37,61393.903
1790084700000,117.36,118.0,117.14,117.98,59249.988
1790085600000,117.98,117.98,117.29,117.83,49007.733
1790086500000,117.84,117.84,117.1,117.1,32319.049
1790087400000,117.1,117.13,115.89,116.38,101464.24
1790088300000,116.38,116.92,116.37,116.89,44390.336
1790089200000,116.9,117.25,116.8,117.24,44714.612
1790090100000,117.23,117.6,116.95,117.38,38207.104
1790091000000,117.37,117.62,117.11,117.61,22333.943
1790091900000,117.61,117.93,117.33,117.38,24870.695
1790092800000,117.38,117.55,116.74,116.85,34590.729
1790093700000,116.85,117.14,116.7,116.88,30518.589
1790094600000,116.87,117.27,116.81,117.17,17883.672
1790095500000,117.17,117.82,117.05,117.48,28420.748
1790096400000,117.47,117.83,117.35,117.76,24452.2
1790097300000,117.76,118.0,117.49,118.0,30377.255
1790098200000,117.99,118.2,117.67,117.72,38246.37
1790099100000,117.73,118.08,117.66,117.97,19365.456
1790100000000,117.97,118.1,117.8,118.01,21680.007
1790100900000,118.0,118.46,117.62,117.74,27245.376
1790101800000,117.74,118.14,117.7,118.12,23773.938
1790102700000,118.12,118.29,118.02,118.13,23032.09
1790103600000,118.14,118.44,118.09,118.18,18661.935
1790104500000,118.18,118.7,118.17,118.69,21719.235
1790105400000,118.7,118.72,118.08,118.29,48750.107
1790106300000,118.28,118.39,117.8,118.26,25811.409
1790107200000,118.25,118.28,117.87,117.93,21193.61
1790108100000,117.93,118.35,117.87,118.26,23682.795
1790109000000,118.27,118.38,118.12,118.16,12541.373
1790109900000,118.16,118.18,117.81,117.98,20821.361
1790110800000,117.97,118.18,117.81,117.87,15241.526
1790111700000,117.86,118.04,117.7,117.94,31460.584
1790112600000,117.94,118.25,117.93,118.08,19047.728
1790113500000,118.07,118.28,118.06,118.08,10136.799
1790114400000,118.09,118.25,117.62,117.77,18471.615
1790115300000,117.78,118.16,117.69,118.15,15492.901
1790116200000,118.15,118.78,118.09,118.69,20223.386
1790117100000,118.7,118.78,118.46,118.48,23939.541
1790118000000,118.48,119.28,118.41,119.05,36241.814
1790118900000,119.05,119.16,118.43,118.62,17635.303
1790119800000,118.61,118.74,118.23,118.41,31709.98
1790120700000,118.41,118.6,118.28,118.57,18559.745
1790121600000,118.57,118.83,118.3,118.76,22599.627
1790122500000,118.76,119.15,118.7,118.96,23929.1
1790123400000,118.96,119.21,118.81,118.85,23127.697
1790124300000,118.85,118.98,118.76,118.82,12235.617
1790125200000,118.82,119.39,118.72,119.07,31866.355
1790126100000,119.08,119.15,118.86,118.93,17173.121
1790127000000,118.93,118.97,118.11,118.27,23130.318
1790127900000,118.27,118.36,117.85,118.35,27814.426
1790128800000,118.36,118.38,117.9,118.12,19765.171
1790129700000,118.11,118.53,118.04,118.45,10823.405
1790130600000,118.45,118.53,118.3,118.35,10406.941
1790131500000,118.35,118.51,118.19,118.49,10407.873
1790132400000,118.49,118.64,118.27,118.64,10854.406
1790133300000,118.63,119.35,118.59,119.03,32346.013
1790134200000,119.04,119.66,118.9,119.65,55993.193
1790135100000,119.66,119.66,119.1,119.12,15390.724
1790136000000,119.12,119.41,118.77,119.13,36094.344
1790136900000,119.12,119.77,118.98,119.5,65798.276
1790137800000,119.5,119.7,119.39,119.56,36016.041
1790138700000,119.56,119.72,119.46,119.53,28096.575
1790139600000,119.52,119.53,119.05,119.14,27089.829
1790140500000,119.14,119.28,118.95,119.01,23321.578
1790141400000,119.02,119.11,118.85,118.96,17049.216
1790142300000,118.96,119.1,118.27,118.42,32532.562
1790143200000,118.42,118.73,118.37,118.73,26036.39
1790144100000,118.72,118.93,118.71,118.73,30504.833
1790145000000,118.73,119.19,118.61,119.19,24193.633
1790145900000,119.18,119.29,118.87,118.96,35781.545
1790146800000,118.96,118.96,118.58,118.73,35038.722
1790147700000,118.72,119.1,118.7,118.83,22761.447
1790148600000,118.83,118.89,117.57,117.78,64249.837
1790149500000,117.79,118.17,117.56,117.9,102145.873
1790150400000,117.9,118.11,117.38,117.86,75332.372
1790151300000,117.86,118.34,117.86,117.94,42664.463
1790152200000,117.95,118.12,117.91,117.96,27951.764
1790153100000,117.95,117.96,117.0,117.39,92777.334
1790154000000,117.4,117.56,117.22,117.44,23500.564
1790154900000,117.43,117.74,117.4,117.5,37832.372
1790155800000,117.51,117.6,117.21,117.33,37677.728
1790156700000,117.33,117.55,117.08,117.39,64872.78
1790157600000,117.39,117.6,117.31,117.45,31949.847
1790158500000,117.45,117.47,116.82,117.25,43248.764
1790159400000,117.26,117.55,117.04,117.51,23799.913
1790160300000,117.5,117.63,117.33,117.63,27663.931
1790161200000,117.63,117.71,117.21,117.26,34287.424
1790162100000,117.25,117.32,116.53,116.69,31832.639
1790163000000,116.7,116.84,116.44,116.66,41544.824
1790163900000,116.65,117.22,116.65,117.1,16140.742
1790164800000,117.09,117.18,116.58,116.88,45028.151
1790165700000,116.88,117.15,116.58,116.95,25485.48
1790166600000,116.95,117.27,116.87,116.91,40595.702
1790167500000,116.91,117.03,116.69,116.92,26118.967
1790168400000,116.91,116.96,115.97,116.17,79047.156
1790169300000,116.17,116.85,116.16,116.71,24033.27
1790170200000,116.72,117.19,116.53,117.09,41501.944
1790171100000,117.08,117.1,116.42,116.8,25101.925
1790172000000,116.81,117.04,113.0,114.69,244525.158
1790172900000,114.68,114.74,113.23,113.43,210415.243
1790173800000,113.44,114.8,113.01,114.52,115742.924
1790174700000,114.52,115.25,114.17,115.15,86770.828
1790175600000,115.15,115.85,115.01,115.66,80667.709
1790176500000,115.66,115.93,115.07,115.07,60851.797
1790177400000,115.06,115.12,114.34,114.47,54918.335
1790178300000,114.47,114.59,113.8,113.86,52936.015
1790179200000,113.86,115.27,113.16,115.09,129168.355
1790180100000,115.08,115.09,114.61,114.73,28562.224
1790181000000,114.73,114.98,114.22,114.56,28292.579
1790181900000,114.55,114.77,113.86,114.4,35444.753
1790182800000,114.41,114.65,113.59,113.76,47342.823
1790183700000,113.77,114.53,113.73,114.21,28918.923
1790184600000,114.2,114.67,114.12,114.54,25608.141
1790185500000,114.54,114.82,114.45,114.56,22269.135
1790186400000,114.56,114.58,113.98,114.15,32981.025
1790187300000,114.14,114.3,113.98,114.13,17102.733
1790188200000,114.12,114.24,113.99,114.22,16411.398
1790189100000,114.22,114.6,114.14,114.29,19138.642
1790190000000,114.29,114.48,114.0,114.25,20820.906
1790190900000,114.25,114.6,114.2,114.49,20903.654
1790191800000,114.5,114.68,114.38,114.4,20161.886
1790192700000,114.41,114.9,114.39,114.52,23428.845
1790193600000,114.53,114.7,114.18,114.25,20669.02
1790194500000,114.25,114.52,114.04,114.11,13417.783
1790195400000,114.11,114.48,114.11,114.34,14015.118
1790196300000,114.34,114.4,114.0,114.04,17251.207
1790197200000,114.03,114.38,113.88,114.34,21444.577
1790198100000,114.33,114.41,114.09,114.34,22572.284
1790199000000,114.35,114.65,114.31,114.59,18011.867
1790199900000,114.6,114.74,114.48,114.71,13131.957
1790200800000,114.71,115.63,114.62,115.32,33723.932
1790201700000,115.32,115.39,114.87,114.88,17776.106
1790202600000,114.87,114.9,114.64,114.85,25212.683
1790203500000,114.86,115.27,114.84,115.15,17221.029
1790204400000,115.15,115.19,114.88,115.0,10888.6
1790205300000,115.0,115.1,114.86,114.94,10423.229
1790206200000,114.93,115.0,114.72,114.8,14336.94
1790207100000,114.8,115.04,114.8,114.99,10868.549
1790208000000,114.99,115.38,114.91,115.09,21827.344
1790208900000,115.1,115.5,115.1,115.33,16005.246
1790209800000,115.34,115.68,115.01,115.06,14967.078
1790210700000,115.06,115.26,114.87,115.13,16424.772
1790211600000,115.14,115.4,115.11,115.35,18159.541
1790212500000,115.34,115.4,114.9,115.03,15705.333
1790213400000,115.03,115.5,114.61,114.79,27136.666
1790214300000,114.78,114.96,114.56,114.7,14509.722
1790215200000,114.71,114.77,114.07,114.4,25909.699
1790216100000,114.4,115.12,114.4,114.92,14480.039
1790217000000,114.93,115.27,114.74,115.23,16687.097
1790217900000,115.22,115.44,115.15,115.29,18695.949
1790218800000,115.3,115.71,115.06,115.32,23912.395
1790219700000,115.32,115.41,114.69,114.8,19934.783
1790220600000,114.8,114.82,114.56,114.8,14587.761
1790221500000,114.8,114.86,114.54,114.7,15360.767
1790222400000,114.71,114.8,114.4,114.59,19978.502
1790223300000,114.59,114.94,114.45,114.9,17784.689
1790224200000,114.91,114.98,114.83,114.93,10751.895
1790225100000,114.94,115.49,114.81,115.4,18344.434
1790226000000,115.39,116.13,115.39,115.65,36651.585
1790226900000,115.64,115.75,115.45,115.47,11438.117
1790227800000,115.46,115.54,115.2,115.38,17869.886
1790228700000,115.37,115.49,114.86,114.87,22944.844
1790229600000,114.86,115.28,114.76,115.13,18992.403
1790230500000,115.13,115.23,114.94,115.12,11696.757
1790231400000,115.11,115.17,114.85,114.97,11843.266
1790232300000,114.97,115.0,114.74,114.85,9330.925
1790233200000,114.85,114.89,114.5,114.82,10462.258
1790234100000,114.83,115.21,114.72,115.21,13818.774
1790235000000,115.22,115.58,115.16,115.55,20695.218
1790235900000,115.55,115.67,115.38,115.52,13610.95
1790236800000,115.52,115.64,115.21,115.25,8868.629
1790237700000,115.25,115.31,114.3,114.35,17530.997
1790238600000,114.35,114.61,114.0,114.13,27200.142
1790239500000,114.12,114.21,113.34,114.14,83163.612
1790240400000,114.15,114.33,113.57,113.6,33899.053
1790241300000,113.59,113.64,113.24,113.43,33128.143
1790242200000,113.42,113.43,112.52,113.18,74936.333
1790243100000,113.17,113.47,113.1,113.15,31241.12
1790244000000,113.14,113.25,112.8,113.08,28127.974
1790244900000,113.07,113.29,112.93,113.06,34097.525
1790245800000,113.07,113.45,112.73,113.36,51845.372
1790246700000,113.37,113.58,113.22,113.37,19079.524
1790247600000,113.36,113.6,113.3,113.42,25593.337
1790248500000,113.41,113.54,113.33,113.34,14871.278
1790249400000,113.35,113.41,113.07,113.23,16708.307
1790250300000,113.23,113.44,113.06,113.35,23088.158
1790251200000,113.34,113.73,113.17,113.53,19114.307
1790252100000,113.52,113.75,113.43,113.49,16552.568
1790253000000,113.49,113.57,113.11,113.52,11761.548
1790253900000,113.51,113.92,113.38,113.84,29433.459
1790254800000,113.84,114.37,113.82,114.31,23612.444
1790255700000,114.3,114.84,114.25,114.51,32479.9
1790256600000,114.52,115.42,114.46,114.76,72430.87
1790257500000,114.76,115.04,114.48,114.97,37822.741
1790258400000,114.98,115.24,114.83,114.94,31998.958
1790259300000,114.95,116.44,114.85,116.33,65779.482
1790260200000,116.33,116.43,115.77,115.85,61663.734
1790261100000,115.85,115.85,114.07,114.6,84288.859
1790262000000,114.59,115.1,114.36,115.02,29305.068
1790262900000,115.01,115.93,114.96,115.67,30242.785
1790263800000,115.67,116.63,115.59,116.22,35675.738
1790264700000,116.23,116.42,115.91,116.33,24029.836
1790265600000,116.33,116.42,115.92,116.42,35428.992
1790266500000,116.42,117.52,116.42,117.3,119085.576
1790267400000,117.31,117.79,116.83,117.16,48414.292
1790268300000,117.16,117.5,116.83,117.09,40624.292
1790269200000,117.09,117.34,116.89,117.18,42641.789
1790270100000,117.18,117.34,116.76,117.14,24392.69
1790271000000,117.14,117.31,116.58,116.71,25400.331
1790271900000,116.7,116.86,116.48,116.77,37922.086
1790272800000,116.77,117.14,116.25,116.98,38367.743
1790273700000,116.98,117.46,116.88,117.27,18774.377
1790274600000,117.28,117.47,116.88,117.17,32923.059
1790275500000,117.17,117.56,117.11,117.38,16990.587
1790276400000,117.39,117.54,117.1,117.47,25381.628
1790277300000,117.48,117.69,117.41,117.67,18000.788
1790278200000,117.66,117.7,117.29,117.36,35387.53
1790279100000,117.37,117.56,117.12,117.3,25907.154
1790280000000,117.29,117.45,116.88,116.9,21638.708
1790280900000,116.91,117.01,116.66,116.87,31409.033
1790281800000,116.88,117.06,116.67,116.91,11824.041
1790282700000,116.91,117.04,116.7,116.83,11307.198
1790283600000,116.84,116.94,116.64,116.73,18447.266
1790284500000,116.73,116.99,116.69,116.89,14592.673
1790285400000,116.89,117.3,116.78,117.12,36901.936
1790286300000,117.12,117.14,116.83,116.86,8038.136
1790287200000,116.85,116.96,116.51,116.55,25004.945
1790288100000,116.55,116.61,116.12,116.35,29609.439
1790289000000,116.35,116.58,116.23,116.39,19236.155
1790289900000,116.4,116.61,116.38,116.6,12097.213
1790290800000,116.61,116.84,116.55,116.63,14193.082
1790291700000,116.64,117.0,116.55,116.98,14316.363
1790292600000,116.97,117.22,116.97,117.06,35014.131
1790293500000,117.05,117.16,117.0,117.04,12037.676
1790294400000,117.04,117.68,117.04,117.64,24391.28
1790295300000,117.63,117.64,117.31,117.43,16168.848
1790296200000,117.44,117.68,117.21,117.29,26124.631
1790297100000,117.29,117.51,117.28,117.43,11539.011
1790298000000,117.44,117.94,117.35,117.55,40680.024
1790298900000,117.56,117.82,117.36,117.49,17921.333
1790299800000,117.49,117.49,117.15,117.38,16257.519
1790300700000,117.38,117.58,117.32,117.47,10884.557
1790301600000,117.48,118.3,117.45,118.17,46259.064
1790302500000,118.18,118.44,117.83,117.97,29201.244
1790303400000,117.97,118.14,117.31,117.47,17417.287
1790304300000,117.47,117.5,116.84,116.91,25250.512
1790305200000,116.91,117.32,116.75,116.93,25382.158
1790306100000,116.93,117.16,116.7,116.71,18772.07
1790307000000,116.7,117.14,116.56,116.67,20314.445
1790307900000,116.68,116.92,116.5,116.9,12892.452
1790308800000,116.9,117.06,116.39,116.4,24235.058
1790309700000,116.39,116.66,116.27,116.6,21645.862
1790310600000,116.6,117.34,116.58,117.22,18588.291
1790311500000,117.23,117.26,116.39,116.4,37038.401
1790312400000,116.4,116.6,116.25,116.27,25160.23
1790313300000,116.27,116.64,116.27,116.48,17865.948
1790314200000,116.48,116.67,116.16,116.52,22870.104
1790315100000,116.52,116.57,116.36,116.44,13906.97
1790316000000,116.45,116.53,116.1,116.34,21309.009
1790316900000,116.34,116.74,116.17,116.44,20785.749
1790317800000,116.43,116.45,116.09,116.32,10549.881
1790318700000,116.32,116.34,116.17,116.28,12997.493
1790319600000,116.28,116.33,115.86,115.99,19014.637
1790320500000,116.0,116.58,116.0,116.57,15119.949
1790321400000,116.57,116.62,115.9,116.15,25014.522
1790322300000,116.15,116.45,116.1,116.38,11191.791
1790323200000,116.38,116.66,116.34,116.58,17109.617
1790324100000,116.58,117.56,116.58,117.38,30284.149
1790325000000,117.37,117.46,117.0,117.01,23002.995
1790325900000,117.0,117.38,116.96,117.32,16513.518
1790326800000,117.32,117.8,117.3,117.5,30475.861
1790327700000,117.5,118.08,117.41,118.06,30031.449
1790328600000,118.06,118.9,117.95,118.41,81962.759
1790329500000,118.41,118.51,118.08,118.37,81879.873
1790330400000,118.37,118.38,117.9,118.14,40346.023
1790331300000,118.14,119.0,117.99,118.97,76286.992
1790332200000,118.97,119.02,118.67,118.95,59049.212
1790333100000,118.95,119.57,118.86,119.18,57465.295
1790334000000,119.18,122.33,119.14,121.6,296695.258
1790334900000,121.6,121.93,120.33,121.07,136939.428
1790335800000,121.08,121.69,120.81,120.92,63747.027
1790336700000,120.93,121.25,120.51,120.82,57592.349
1790337600000,120.83,121.17,119.67,119.89,81899.657
1790338500000,119.89,120.25,118.62,120.17,130251.652
1790339400000,120.18,121.05,120.1,120.71,71552.893
1790340300000,120.72,120.92,120.26,120.74,51835.312
1790341200000,120.73,120.97,120.33,120.71,30753.733
1790342100000,120.71,121.1,119.54,119.77,83407.182
1790343000000,119.77,120.41,119.13,119.46,77295.867
1790343900000,119.46,119.89,118.5,119.5,138164.168
1790344800000,119.51,119.8,118.27,119.46,134337.215
1790345700000,119.47,120.4,119.08,119.71,98382.639
1790346600000,119.72,120.52,119.55,119.67,57013.269
1790347500000,119.67,120.47,119.33,120.44,58180.821
1790348400000,120.44,121.18,120.16,121.17,56332.208
1790349300000,121.18,121.48,120.13,120.15,64732.782
1790350200000,120.15,120.43,119.2,119.38,60127.099
1790351100000,119.38,120.14,119.03,120.13,49751.737
1790352000000,120.14,120.97,120.09,120.8,58483.445
1790352900000,120.79,121.6,120.79,121.3,74416.565
1790353800000,121.3,121.89,120.99,121.52,69715.474
1790354700000,121.53,121.63,120.69,120.89,60064.836
1790355600000,120.89,121.64,120.88,121.37,43137.195
1790356500000,121.38,121.57,120.35,120.39,33804.346
1790357400000,120.39,121.28,120.26,121.02,40260.963
1790358300000,121.02,121.05,120.62,121.0,21353.952
1790359200000,121.01,122.1,120.95,121.97,59981.927
1790360100000,121.98,122.78,121.68,121.82,77542.861
1790361000000,121.82,122.38,121.79,122.17,31448.439
1790361900000,122.16,122.37,121.8,121.95,26100.349
1790362800000,121.95,122.19,121.72,122.12,33141.265
1790363700000,122.12,122.16,121.68,121.85,19046.499
1790364600000,121.85,122.03,121.46,121.61,25258.57
1790365500000,121.61,122.08,121.61,121.91,22631.078
1790366400000,121.92,122.05,121.51,121.52,23001.991
1790367300000,121.52,122.34,121.48,122.3,31405.291
1790368200000,122.3,122.94,122.2,122.6,42046.266
1790369100000,122.61,122.61,121.58,121.59,29088.473
1790370000000,121.58,121.76,121.0,121.16,31380.865
1790370900000,121.16,121.26,120.82,121.1,22293.041
1790371800000,121.09,121.3,120.92,121.01,15221.806
1790372700000,121.0,121.15,120.92,121.0,10817.216
1790373600000,121.0,121.68,120.87,121.66,16779.01
1790374500000,121.65,122.05,121.65,121.78,19343.881
1790375400000,121.78,122.43,121.78,122.43,20077.842
1790376300000,122.42,122.44,122.18,122.19,9751.632
1790377200000,122.19,122.38,122.09,122.13,11069.413
1790378100000,122.13,122.21,121.89,122.0,11217.527
1790379000000,122.01,122.16,121.93,122.03,5754.761
1790379900000,122.04,122.17,122.0,122.15,7082.054
1790380800000,122.15,122.18,121.93,122.01,8884.326
1790381700000,122.01,122.44,121.91,121.92,14271.971
1790382600000,121.92,121.96,121.22,121.52,26466.806
1790383500000,121.53,121.87,121.45,121.55,12290.275
1790384400000,121.54,121.9,121.48,121.72,15927.503
1790385300000,121.71,122.04,121.57,121.61,20546.537
1790386200000,121.61,122.18,121.57,122.09,15834.906
1790387100000,122.1,122.28,121.86,122.05,15943.395
1790388000000,122.05,122.28,121.79,122.27,14688.566
1790388900000,122.26,122.3,121.67,121.68,11136.946
1790389800000,121.68,121.85,121.57,121.69,17301.739
1790390700000,121.68,121.85,121.57,121.59,10809.161
1790391600000,121.59,121.61,120.63,120.75,36959.414
1790392500000,120.75,121.02,120.57,120.97,13205.958
1790393400000,120.97,121.0,120.61,120.75,20307.405
1790394300000,120.75,120.82,120.53,120.64,32554.695
1790395200000,120.64,120.97,120.63,120.73,11713.213
1790396100000,120.74,120.92,120.39,120.39,17775.585
1790397000000,120.4,120.59,120.26,120.58,11519.233
1790397900000,120.58,120.7,120.55,120.68,6379.741
1790398800000,120.68,120.72,120.47,120.49,8512.012
1790399700000,120.48,120.6,120.21,120.41,13284.534
1790400600000,120.41,120.72,120.3,120.65,16395.572
1790401500000,120.66,120.76,120.51,120.52,9670.665
1790402400000,120.52,120.53,120.25,120.27,23728.932
1790403300000,120.27,120.44,120.22,120.31,14529.772
1790404200000,120.3,120.5,120.29,120.41,10471.104
1790405100000,120.41,120.51,120.14,120.21,18154.289
1790406000000,120.22,120.62,120.16,120.6,17484.468
1790406900000,120.6,120.66,120.52,120.55,11660.971
1790407800000,120.55,120.66,120.46,120.59,14827.235
1790408700000,120.6,120.82,120.59,120.76,23084.176
1790409600000,120.76,120.83,120.39,120.51,25861.736
1790410500000,120.51,120.57,120.26,120.57,14487.007
1790411400000,120.57,121.27,120.57,121.04,36455.107
1790412300000,121.03,121.03,120.69,120.69,11194.48
1790413200000,120.7,120.71,120.0,120.16,26373.378
1790414100000,120.17,120.17,119.82,120.02,27759.379
1790415000000,120.03,120.05,119.83,119.97,28232.091
1790415900000,119.96,120.04,119.87,119.99,56514.878
1790416800000,119.99,120.33,119.95,120.3,16855.838
1790417700000,120.3,120.68,120.28,120.41,16028.703
1790418600000,120.41,120.62,120.39,120.56,14263.953
1790419500000,120.56,120.74,120.46,120.63,15165.43
1790420400000,120.62,120.63,120.26,120.4,19502.672
1790421300000,120.41,120.67,120.4,120.66,10056.141
1790422200000,120.66,121.35,120.63,121.16,55155.035
1790423100000,121.17,121.45,121.17,121.28,21065.991
1790424000000,121.29,121.35,121.04,121.23,22132.067
1790424900000,121.23,121.58,121.04,121.11,16332.745
1790425800000,121.11,121.29,120.93,120.93,17854.034
1790426700000,120.93,121.13,120.93,121.08,12605.549
1790427600000,121.08,121.33,120.64,120.77,25317.352
1790428500000,120.78,120.9,120.22,120.44,93029.164
1790429400000,120.44,120.68,120.42,120.61,12016.572
1790430300000,120.61,120.88,120.58,120.78,21486.072
1790431200000,120.77,121.2,120.62,121.04,39587.899
1790432100000,121.04,121.13,120.94,120.98,12366.787
1790433000000,120.99,121.1,120.86,120.92,15025.958
1790433900000,120.93,121.01,120.83,120.95,10296.354
1790434800000,120.94,121.08,120.8,121.06,10591.623
1790435700000,121.05,121.58,121.04,121.53,17296.836
1790436600000,121.53,122.1,121.47,121.81,80884.484
1790437500000,121.8,121.99,121.61,121.88,18101.698
1790438400000,121.89,121.9,121.67,121.76,10004.57
1790439300000,121.76,121.77,121.38,121.48,23538.824
1790440200000,121.48,121.79,121.48,121.52,11081.544
1790441100000,121.52,121.64,121.44,121.64,11108.545
1790442000000,121.64,121.64,120.96,121.13,79460.378
1790442900000,121.13,121.33,120.99,121.27,16673.468
1790443800000,121.27,121.4,121.06,121.4,12518.654
1790444700000,121.4,121.58,121.33,121.5,8822.98
1790445600000,121.5,121.68,121.34,121.42,10604.158
1790446500000,121.41,121.45,121.25,121.34,9231.586
1790447400000,121.34,121.38,121.04,121.08,16199.836
1790448300000,121.08,121.12,120.81,121.06,25670.815
1790449200000,121.06,121.31,121.05,121.24,6931.021
1790450100000,121.24,121.3,121.15,121.23,5967.131
1790451000000,121.23,121.23,120.82,121.13,12194.617
1790451900000,121.13,121.16,121.02,121.14,6009.632
1790452800000,121.15,121.18,120.74,121.0,10707.015
1790453700000,121.0,121.56,120.91,121.41,18469.267
1790454600000,121.42,121.49,120.28,120.52,31568.483
1790455500000,120.53,120.73,120.07,120.35,25618.275
1790456400000,120.36,120.87,120.29,120.75,19280.682
1790457300000,120.75,121.57,120.75,121.55,19827.87
1790458200000,121.54,121.72,121.28,121.42,15538.708
1790459100000,121.42,121.42,121.13,121.32,6790.642
1790460000000,121.32,121.83,121.22,121.73,27028.899
1790460900000,121.74,121.77,121.45,121.49,7185.01
1790461800000,121.48,121.51,121.09,121.1,6275.696
1790462700000,121.1,121.33,121.09,121.14,9783.185
1790463600000,121.14,121.67,121.14,121.65,5947.88
1790464500000,121.65,121.83,121.49,121.51,9253.605
1790465400000,121.52,121.53,121.15,121.26,8216.476
1790466300000,121.26,121.49,121.22,121.41,5985.229
1790467200000,121.41,121.44,121.1,121.1,6555.684
1790468100000,121.1,121.11,120.77,120.89,9326.139
1790469000000,120.9,121.18,120.89,121.02,11932.79
1790469900000,121.02,121.08,120.72,120.83,13897.438
1790470800000,120.83,121.1,120.66,121.09,12714.381
1790471700000,121.09,121.15,120.77,120.85,7427.148
1790472600000,120.85,121.07,120.78,121.07,4582.937
1790473500000,121.07,121.59,121.06,121.43,12454.363
1790474400000,121.43,121.68,121.3,121.52,14961.336
1790475300000,121.52,121.68,121.44,121.62,9231.623
1790476200000,121.62,121.69,121.36,121.4,12786.688
1790477100000,121.39,121.46,121.09,121.15,11820.477
1790478000000,121.15,121.38,121.04,121.15,7672.935
1790478900000,121.15,121.15,120.57,120.63,36604.478
1790479800000,120.62,120.8,120.57,120.67,38246.284
1790480700000,120.67,120.68,120.56,120.61,8064.802
1790481600000,120.61,120.86,120.46,120.78,15225.948
1790482500000,120.77,120.81,120.43,120.43,9148.608
1790483400000,120.43,120.44,120.13,120.14,39200.011
1790484300000,120.14,120.37,120.1,120.15,17926.827
1790485200000,120.15,120.57,120.12,120.54,12916.819
1790486100000,120.55,120.72,120.53,120.71,6310.229
1790487000000,120.71,121.48,120.64,121.13,53797.875
1790487900000,121.14,121.33,121.08,121.1,8958.293
1790488800000,121.11,121.53,121.1,121.51,11269.648
1790489700000,121.51,121.58,121.31,121.48,14404.624
1790490600000,121.48,121.55,121.26,121.37,14591.36
1790491500000,121.36,121.47,121.29,121.33,12100.753
1790492400000,121.33,121.53,121.32,121.41,14340.427
1790493300000,121.4,121.65,121.35,121.64,10215.163
1790494200000,121.64,122.36,121.64,122.29,33921.767
1790495100000,122.29,124.4,122.13,124.12,130896.403
1790496000000,124.13,124.63,123.96,124.25,101547.48
1790496900000,124.24,124.95,124.22,124.42,115862.669
1790497800000,124.42,124.59,124.11,124.2,43189.996
1790498700000,124.19,124.45,124.0,124.12,76568.312
1790499600000,124.13,124.26,123.37,123.84,118261.803
1790500500000,123.85,124.11,123.57,123.97,27825.325
1790501400000,123.98,124.32,123.89,124.23,17677.601
1790502300000,124.24,124.57,124.16,124.47,38155.922
1790503200000,124.46,124.65,124.21,124.59,34225.159
1790504100000,124.59,124.82,124.1,124.14,27793.69
1790505000000,124.14,124.14,123.93,124.0,21891.276
1790505900000,124.01,124.21,123.89,124.04,26097.378
1790506800000,124.03,124.22,123.86,123.97,18866.698
1790507700000,123.98,124.21,123.75,123.98,20495.752
1790508600000,123.98,124.02,123.68,123.93,21334.249
1790509500000,123.93,124.16,123.64,123.94,20038.539
1790510400000,123.94,124.42,123.94,124.25,16966.941
1790511300000,124.24,124.27,123.92,123.98,8168.022
1790512200000,123.99,124.24,123.91,124.06,7102.526
1790513100000,124.05,124.11,123.36,123.37,12181.43
1790514000000,123.36,123.36,122.59,122.68,87647.069
1790514900000,122.69,123.08,122.34,123.06,128000.707
1790515800000,123.06,123.69,122.78,122.83,46007.839
1790516700000,122.84,123.18,122.69,123.16,45946.73
1790517600000,123.16,123.21,122.86,123.0,16316.625
1790518500000,123.0,123.1,121.79,121.98,56280.766
1790519400000,121.99,122.19,121.42,121.9,66422.045
1790520300000,121.89,121.98,121.4,121.7,38782.927
1790521200000,121.7,121.8,121.28,121.51,45696.641
1790522100000,121.51,121.86,121.46,121.81,25814.261
1790523000000,121.82,121.9,121.5,121.5,25091.633
1790523900000,121.51,121.88,121.51,121.75,41764.507
1790524800000,121.76,122.21,121.71,122.12,14830.65
1790525700000,122.11,122.35,121.93,121.94,16242.846
1790526600000,121.94,122.04,121.71,121.83,18965.479
1790527500000,121.82,122.01,121.69,121.83,14202.595
1790528400000,121.82,122.03,121.72,121.97,14818.65
1790529300000,121.98,122.12,121.88,121.89,9314.981
1790530200000,121.89,122.14,121.85,121.99,15455.464
1790531100000,121.99,122.19,121.98,122.07,9573.708
1790532000000,122.06,122.44,121.94,122.38,10646.941
1790532900000,122.38,122.95,122.38,122.95,23914.489
1790533800000,122.94,123.03,122.8,123.01,19012.621
1790534700000,123.0,123.3,122.99,123.28,26382.946
1790535600000,123.29,123.32,122.88,123.18,17121.707
1790536500000,123.19,123.43,122.96,123.07,15733.998
1790537400000,123.06,123.25,122.9,123.13,14894.665
1790538300000,123.12,123.35,123.03,123.03,13374.837
1790539200000,123.04,123.45,122.96,123.4,14828.677
1790540100000,123.4,123.44,122.71,122.8,18849.862
1790541000000,122.79,122.96,122.76,122.95,10411.607
1790541900000,122.95,123.05,122.55,122.71,16124.144
1790542800000,122.71,123.16,122.66,123.16,9988.466
1790543700000,123.15,123.29,122.84,122.86,12789.603
1790544600000,122.87,123.0,122.19,122.7,19112.521
1790545500000,122.7,123.0,122.7,122.85,14088.208
1790546400000,122.85,123.0,121.42,121.54,60932.871
1790547300000,121.54,122.16,121.31,122.05,32843.505
1790548200000,122.04,122.04,121.12,121.15,25242.974
1790549100000,121.15,121.5,120.96,121.41,18762.242
1790550000000,121.42,121.82,121.35,121.48,17378.732
1790550900000,121.48,122.08,121.44,121.91,14061.887
1790551800000,121.91,122.12,121.74,121.76,12397.94
1790552700000,121.77,122.2,121.75,121.99,25229.302
1790553600000,122.0,122.21,121.61,121.81,11752.325
1790554500000,121.81,122.93,121.79,122.71,28347.893
1790555400000,122.72,122.72,121.44,121.69,23589.569
1790556300000,121.7,122.73,121.66,121.66,20719.333
1790557200000,121.66,122.25,121.41,121.47,33500.48
1790558100000,121.46,122.21,121.29,122.01,29931.922
1790559000000,122.0,122.19,121.01,121.05,25385.481
1790559900000,121.06,121.31,120.33,120.72,46969.702
1790560800000,120.71,121.45,120.3,121.25,49018.362
1790561700000,121.25,121.26,120.61,120.77,30735.912
1790562600000,120.77,120.79,120.17,120.26,37511.786
1790563500000,120.25,120.37,119.88,120.05,47515.927
1790564400000,120.05,120.41,120.05,120.16,18080.974
1790565300000,120.16,120.43,119.72,119.85,25509.733
1790566200000,119.85,120.4,119.45,120.29,27634.664
1790567100000,120.28,120.29,119.83,119.85,12008.045
1790568000000,119.86,119.89,119.21,119.86,35828.826
1790568900000,119.85,120.2,119.58,120.02,15436.46
1790569800000,120.01,120.23,119.83,120.11,12326.446
1790570700000,120.1,120.14,119.84,119.96,8851.409
1790571600000,119.96,120.18,119.25,119.49,18621.531
1790572500000,119.5,119.63,119.09,119.12,23988.684
1790573400000,119.12,119.2,118.14,119.19,65802.658
1790574300000,119.2,119.3,118.81,119.16,22441.452
1790575200000,119.16,119.48,118.97,119.3,18535.649
1790576100000,119.29,119.3,118.35,118.37,22848.377
1790577000000,118.37,118.97,118.21,118.78,21044.45
1790577900000,118.77,118.93,118.6,118.75,12416.501
1790578800000,118.75,119.15,118.55,118.62,23696.451
1790579700000,118.63,118.72,118.2,118.27,32569.537
1790580600000,118.27,118.5,117.9,118.21,30255.878
1790581500000,118.2,118.41,118.02,118.06,26814.175
1790582400000,118.05,118.59,118.02,118.58,20741.59
1790583300000,118.59,118.61,118.16,118.33,21064.742
1790584200000,118.33,118.43,118.05,118.16,15432.169
1790585100000,118.17,118.51,118.12,118.36,18787.409
1790586000000,118.36,118.48,117.67,118.41,57079.054
1790586900000,118.42,118.71,118.09,118.2,19594.663
1790587800000,118.21,118.23,117.71,117.73,19132.718
1790588700000,117.74,117.9,117.58,117.76,21602.497
1790589600000,117.77,118.35,117.77,117.98,17979.512
1790590500000,117.99,118.39,117.95,118.19,16142.523
1790591400000,118.19,118.64,118.08,118.62,30249.727
1790592300000,118.62,118.78,118.46,118.46,22094.664
1790593200000,118.47,118.76,118.45,118.53,27915.988
1790594100000,118.52,118.84,118.38,118.65,30676.09
1790595000000,118.64,118.79,118.53,118.69,26031.224
1790595900000,118.69,118.73,118.39,118.73,14016.54
1790596800000,118.72,119.97,118.52,119.54,72923.587
1790597700000,119.53,119.8,119.31,119.45,27687.0
1790598600000,119.44,119.8,119.37,119.65,29280.138
1790599500000,119.64,120.25,119.64,120.03,35701.397
1790600400000,120.04,120.04,119.4,119.63,18766.514
1790601300000,119.63,119.94,119.47,119.93,15039.03
1790602200000,119.93,120.39,119.47,120.1,60112.233
1790603100000,120.09,120.3,119.57,119.84,30145.725
1790604000000,119.84,119.84,119.26,119.34,44041.072
1790604900000,119.34,119.53,118.24,118.59,49525.143
1790605800000,118.59,119.18,117.94,118.24,53361.464
1790606700000,118.25,118.41,117.36,118.07,84842.445
1790607600000,118.08,118.68,117.81,117.88,32046.652
1790608500000,117.87,118.42,117.47,118.28,35835.353
1790609400000,118.29,118.79,118.1,118.35,24233.975
1790610300000,118.35,118.84,118.34,118.71,21601.04
1790611200000,118.71,118.89,118.27,118.71,23498.325
1790612100000,118.7,120.37,118.58,119.98,66311.667
1790613000000,119.98,120.26,119.07,119.24,41401.091
1790613900000,119.24,119.37,118.92,119.28,27561.532
1790614800000,119.29,120.52,118.58,120.52,61710.689
1790615700000,120.53,120.73,119.57,119.66,33476.489
1790616600000,119.66,119.96,119.54,119.94,26054.387
1790617500000,119.95,120.01,119.55,119.74,12497.573
1790618400000,119.73,119.94,119.55,119.9,10731.485
1790619300000,119.89,119.98,119.71,119.76,11403.105
1790620200000,119.77,119.77,119.36,119.67,10863.653
1790621100000,119.66,120.14,119.49,119.99,10774.182
1790622000000,119.98,120.01,119.05,119.22,19809.617
1790622900000,119.23,119.27,118.87,118.88,16736.362
1790623800000,118.88,118.95,118.01,118.34,36355.416
1790624700000,118.34,118.6,118.23,118.37,14918.649
1790625600000,118.37,119.08,118.15,118.94,13366.84
1790626500000,118.93,119.01,118.71,118.83,10617.463
1790627400000,118.82,119.04,118.7,118.79,9250.732
1790628300000,118.79,118.95,118.59,118.84,13563.769
1790629200000,118.84,119.15,118.74,118.75,12174.873
1790630100000,118.74,118.78,118.24,118.29,29940.501
1790631000000,118.3,118.36,118.05,118.15,13426.127
1790631900000,118.16,118.21,117.69,117.73,27900.0
1790632800000,117.73,117.82,117.26,117.48,34064.743
1790633700000,117.48,117.78,117.43,117.71,12793.869
1790634600000,117.71,118.42,117.61,118.42,14504.959
1790635500000,118.41,118.63,118.37,118.61,8173.124
1790636400000,118.6,119.0,118.55,118.59,13419.431
1790637300000,118.59,118.97,118.59,118.97,9876.145
1790638200000,118.97,118.99,118.72,118.8,8930.255
1790639100000,118.81,118.94,118.64,118.89,11261.225
1790640000000,118.89,118.92,118.62,118.84,10980.995
1790640900000,118.83,118.85,118.41,118.79,12897.053
1790641800000,118.79,119.13,118.66,118.99,12357.281
1790642700000,118.99,118.99,118.06,118.1,14535.57
1790643600000,118.09,118.44,117.54,117.63,32099.095
1790644500000,117.62,117.66,116.72,116.73,63775.536
1790645400000,116.73,117.06,116.32,116.93,37766.459
1790646300000,116.93,117.35,116.78,117.14,24392.868
1790647200000,117.14,117.33,116.58,116.99,22549.18
1790648100000,116.99,117.29,116.52,116.67,15593.809
1790649000000,116.67,117.04,116.44,116.96,14279.935
1790649900000,116.97,117.15,116.68,116.95,8132.619
1790650800000,116.96,117.4,116.92,117.05,11606.457
1790651700000,117.06,117.94,116.95,117.87,16048.433
1790652600000,117.87,118.0,117.56,117.88,13649.681
1790653500000,117.88,118.06,117.7,117.86,15460.861
1790654400000,117.86,117.88,117.35,117.73,21484.216
1790655300000,117.73,118.1,117.71,117.83,8779.954
1790656200000,117.83,117.84,117.48,117.61,5507.604
1790657100000,117.61,117.74,117.27,117.7,7313.748
1790658000000,117.69,117.94,117.51,117.89,9269.274
1790658900000,117.89,118.21,117.7,118.05,14407.437
1790659800000,118.04,118.05,117.11,117.94,25358.224
1790660700000,117.93,118.27,117.67,118.27,14472.472
1790661600000,118.26,119.14,118.23,119.14,29195.823
1790662500000,119.13,119.18,118.62,119.04,18058.031
1790663400000,119.04,119.22,118.88,118.99,25948.691
1790664300000,118.99,119.29,118.89,119.26,26597.238
1790665200000,119.26,119.6,119.0,119.41,19593.435
1790666100000,119.41,119.54,119.23,119.38,29172.772
1790667000000,119.38,119.92,119.25,119.61,25219.686
1790667900000,119.62,119.69,119.51,119.54,15733.042
1790668800000,119.55,119.62,119.21,119.39,17200.439
1790669700000,119.39,120.0,119.39,119.6,27282.136
1790670600000,119.61,119.65,118.9,119.09,25365.765
1790671500000,119.1,119.23,118.94,119.18,9640.818
1790672400000,119.19,119.22,118.88,118.98,11042.02
1790673300000,118.98,119.43,118.9,119.31,13287.964
1790674200000,119.31,119.72,119.27,119.65,15513.941
1790675100000,119.65,120.1,119.58,119.92,37106.457
1790676000000,119.93,120.04,119.7,119.9,18472.378
1790676900000,119.91,119.93,119.55,119.66,15256.47
1790677800000,119.67,119.69,119.21,119.3,15015.511
1790678700000,119.3,119.52,119.3,119.44,18458.351
1790679600000,119.44,119.55,119.23,119.3,12374.826
1790680500000,119.31,119.43,119.22,119.32,8087.316
1790681400000,119.31,119.98,119.31,119.81,20479.19
1790682300000,119.81,120.4,119.81,120.14,40136.659
1790683200000,120.15,120.26,120.0,120.08,25725.719
1790684100000,120.07,120.59,119.95,120.17,70267.633
1790685000000,120.18,121.05,120.11,120.73,86636.668
1790685900000,120.73,120.92,120.45,120.87,77871.893
1790686800000,120.88,121.34,120.71,121.01,38373.846
1790687700000,121.01,121.42,120.81,121.2,35984.576
1790688600000,121.21,121.41,120.67,121.16,40785.47
1790689500000,121.16,121.69,120.94,121.02,61930.898
1790690400000,121.02,121.31,120.36,120.47,45419.534
1790691300000,120.46,121.06,120.28,120.55,56495.232
1790692200000,120.55,120.93,120.34,120.64,32585.043
1790693100000,120.64,120.92,120.16,120.21,59255.667
1790694000000,120.21,120.29,119.14,119.39,114944.626
1790694900000,119.39,119.59,117.95,118.29,120430.538
1790695800000,118.29,118.76,118.26,118.5,39596.42
1790696700000,118.51,118.86,117.95,118.22,53075.532
1790697600000,118.22,118.47,118.08,118.31,34677.637
1790698500000,118.31,118.7,118.24,118.54,24808.804
1790699400000,118.53,118.72,118.04,118.04,28879.083
1790700300000,118.05,118.13,117.53,118.06,48503.675
1790701200000,118.05,118.35,117.92,118.18,21960.702
1790702100000,118.19,118.22,117.75,118.01,19035.084
1790703000000,118.01,118.09,117.8,117.83,13080.658
1790703900000,117.83,117.93,117.36,117.71,26198.349
1790704800000,117.71,118.51,117.71,118.48,26338.196
1790705700000,118.47,118.85,118.47,118.65,18008.47
1790706600000,118.64,119.29,118.58,119.16,24036.671
1790707500000,119.16,119.29,119.01,119.17,10836.763
1790708400000,119.16,119.53,119.15,119.34,17040.922
1790709300000,119.33,119.45,119.19,119.25,10846.369
1790710200000,119.24,119.4,118.77,118.77,14967.687
1790711100000,118.76,118.93,118.58,118.8,14280.084
1790712000000,118.81,119.02,118.61,118.83,8654.507
1790712900000,118.83,119.25,118.83,119.1,9963.511
1790713800000,119.09,119.13,118.97,119.05,4259.337
1790714700000,119.06,119.2,118.95,119.05,8185.131
1790715600000,119.04,119.19,118.73,119.16,12502.545
1790716500000,119.15,119.16,118.52,118.72,18489.73
1790717400000,118.72,118.79,118.61,118.67,11512.719
1790718300000,118.66,118.95,118.55,118.94,6725.523
1790719200000,118.94,119.6,118.86,119.41,21516.558
1790720100000,119.41,119.42,119.01,119.15,29024.12
1790721000000,119.14,119.2,118.9,119.19,8389.97
1790721900000,119.18,119.26,119.07,119.12,6417.195
1790722800000,119.11,119.68,119.08,119.64,14660.913
1790723700000,119.64,119.67,119.29,119.37,7017.707
1790724600000,119.38,119.38,118.88,119.03,10551.711
1790725500000,119.03,119.17,119.0,119.15,5424.419
1790726400000,119.15,119.3,118.78,118.85,10831.158
1790727300000,118.86,118.95,118.51,118.93,10983.273
1790728200000,118.92,119.2,118.75,118.79,8710.819
1790729100000,118.79,118.97,118.6,118.95,9253.926
1790730000000,118.94,119.26,118.82,119.26,10978.25
1790730900000,119.26,119.65,119.19,119.21,24304.366
1790731800000,119.22,119.52,119.01,119.49,15426.908
1790732700000,119.48,119.67,119.37,119.46,13279.217
1790733600000,119.46,120.07,119.46,119.78,24724.213
1790734500000,119.79,119.84,119.33,119.38,15916.176
1790735400000,119.39,119.74,119.15,119.54,12729.397
1790736300000,119.54,119.83,119.47,119.7,9967.582
1790737200000,119.71,119.89,119.47,119.58,10285.886
1790738100000,119.59,119.61,118.94,119.45,16655.961
1790739000000,119.46,119.74,119.2,119.55,10892.599
1790739900000,119.56,119.57,119.06,119.14,15096.625
1790740800000,119.13,119.64,119.11,119.4,19584.814
1790741700000,119.41,119.69,119.31,119.35,16097.431
1790742600000,119.36,119.42,119.06,119.09,13090.608
1790743500000,119.08,119.16,118.75,118.78,12433.024
1790744400000,118.77,119.22,118.6,118.6,13279.228
1790745300000,118.6,119.2,118.5,119.15,15982.427
1790746200000,119.16,119.65,119.15,119.57,26550.231
1790747100000,119.57,119.65,119.01,119.09,26713.577
1790748000000,119.09,119.23,118.53,118.58,24566.641
1790748900000,118.59,118.79,118.3,118.61,20292.366
1790749800000,118.6,118.63,118.18,118.38,13317.172
1790750700000,118.38,118.56,118.07,118.12,18571.629
1790751600000,118.12,118.34,117.91,117.97,17738.878
1790752500000,117.98,118.89,117.98,118.53,58102.672
1790753400000,118.53,118.9,118.4,118.86,17686.979
1790754300000,118.86,118.93,118.44,118.48,14730.068
1790755200000,118.47,118.53,117.98,117.99,22076.137
1790756100000,118.0,118.37,117.92,118.13,17581.648
1790757000000,118.13,118.13,117.81,117.94,26002.868
1790757900000,117.95,118.36,117.94,118.22,13947.625
1790758800000,118.23,118.7,118.19,118.7,11877.182
1790759700000,118.7,119.08,118.59,119.04,19943.782
1790760600000,119.04,119.8,118.98,119.2,46255.534
1790761500000,119.2,119.48,119.13,119.34,22747.083
1790762400000,119.33,119.56,119.27,119.31,27750.378
1790763300000,119.31,119.82,119.26,119.6,33847.659
1790764200000,119.6,119.92,119.59,119.8,26922.852
1790765100000,119.79,119.9,119.65,119.88,22366.662
1790766000000,119.87,119.87,119.2,119.5,52735.519
1790766900000,119.49,119.7,119.24,119.56,26615.088
1790767800000,119.56,119.86,119.36,119.8,31319.411
1790768700000,119.8,119.84,119.32,119.5,63830.888
1790769600000,119.51,119.77,119.38,119.76,28539.339
1790770500000,119.76,119.96,119.49,119.8,34831.214
1790771400000,119.8,121.96,119.61,121.47,210165.103
1790772300000,121.47,122.54,121.21,121.9,113044.446
1790773200000,121.9,122.75,121.66,122.39,79449.13
1790774100000,122.39,122.58,122.04,122.22,45594.323
1790775000000,122.23,122.83,119.86,121.11,118105.325
1790775900000,121.11,121.35,120.69,121.04,56820.256
1790776800000,121.04,121.32,120.27,120.51,45500.556
1790777700000,120.5,120.51,118.63,118.91,130818.421
1790778600000,118.92,119.15,118.47,118.73,77418.802
1790779500000,118.74,119.16,118.64,118.82,50452.864
1790780400000,118.82,119.21,118.72,118.86,33447.339
1790781300000,118.86,118.97,118.02,118.63,39430.912
1790782200000,118.64,119.31,118.6,119.06,26131.005
1790783100000,119.06,119.55,118.97,119.32,20342.948
1790784000000,119.33,119.77,119.22,119.72,21528.991
1790784900000,119.73,119.97,119.61,119.66,25334.97
1790785800000,119.67,120.19,119.52,120.16,18227.922
1790786700000,120.16,120.45,120.01,120.34,30030.266
1790787600000,120.34,120.59,120.17,120.29,29627.354
1790788500000,120.28,120.28,119.4,119.8,37517.319
1790789400000,119.79,119.79,118.88,119.02,29355.634
1790790300000,119.02,119.53,118.97,119.18,13790.806
1790791200000,119.17,119.35,118.77,118.9,25324.299
1790792100000,118.9,119.0,118.63,118.79,18228.466
1790793000000,118.8,118.98,118.4,118.43,25148.42
1790793900000,118.44,118.81,118.26,118.72,18495.265
1790794800000,118.71,118.79,118.06,118.24,32830.806
1790795700000,118.24,118.24,117.4,117.85,72336.756
1790796600000,117.85,118.25,117.82,117.93,26281.879
1790797500000,117.92,117.93,117.06,117.24,64810.525
1790798400000,117.23,117.67,117.2,117.61,37025.505
1790799300000,117.62,118.15,117.59,118.04,17868.508
1790800200000,118.04,118.27,117.88,118.11,31766.449
1790801100000,118.11,118.18,117.81,118.05,15165.231
1790802000000,118.06,118.3,118.02,118.08,16749.535
1790802900000,118.08,118.19,117.87,118.05,14906.913
1790803800000,118.04,118.17,117.95,118.08,12943.33
1790804700000,118.08,118.09,117.83,118.04,19115.615
1790805600000,118.05,118.09,117.64,117.94,21529.497
1790806500000,117.94,118.33,117.94,118.33,11994.179
1790807400000,118.32,118.54,118.25,118.5,16077.904
1790808300000,118.5,118.5,118.15,118.15,22953.366
1790809200000,118.15,118.57,118.15,118.26,19862.679
1790810100000,118.27,118.52,118.16,118.19,17134.627
1790811000000,118.18,118.33,118.0,118.21,12588.418
1790811900000,118.21,118.22,118.04,118.12,11352.848
1790812800000,118.12,118.16,117.92,118.03,16079.11
1790813700000,118.02,118.25,117.9,118.11,16605.32
1790814600000,118.11,118.16,117.91,118.13,13553.079
1790815500000,118.14,118.18,117.96,118.0,10572.564
1790816400000,117.99,118.15,117.97,118.06,17540.503
1790817300000,118.05,118.49,117.97,118.41,20858.205
1790818200000,118.4,118.4,118.0,118.25,11891.494
1790819100000,118.26,118.37,118.11,118.12,9483.811
1790820000000,118.12,118.4,118.06,118.23,9240.208
1790820900000,118.24,118.26,117.77,118.12,13366.134
1790821800000,118.11,118.3,117.96,118.02,11879.404
1790822700000,118.01,118.27,117.92,118.2,10483.576
1790823600000,118.2,118.34,117.97,118.07,12601.863
1790824500000,118.07,118.2,117.96,118.09,10726.421
1790825400000,118.08,118.47,117.95,118.4,14337.848
1790826300000,118.4,118.73,118.23,118.7,22340.251
1790827200000,118.7,118.82,118.58,118.64,18872.18
1790828100000,118.65,118.67,118.36,118.55,13667.023
1790829000000,118.54,118.74,118.45,118.74,14868.38
1790829900000,118.73,119.42,118.69,119.12,31814.518
1790830800000,119.11,119.32,118.96,119.22,13935.516
1790831700000,119.22,119.34,119.12,119.23,8745.947
1790832600000,119.23,119.54,119.22,119.33,17203.632
1790833500000,119.33,119.57,119.28,119.42,15745.848
1790834400000,119.42,119.62,119.33,119.52,14587.002
1790835300000,119.51,119.62,119.37,119.59,11683.975
1790836200000,119.58,119.63,119.06,119.19,17095.642
1790837100000,119.19,119.38,119.12,119.24,11323.158
1790838000000,119.25,119.41,119.01,119.02,15553.822
1790838900000,119.02,119.1,117.3,117.59,56705.827
1790839800000,117.59,118.21,117.42,117.6,36898.991
1790840700000,117.6,117.84,117.42,117.49,29060.017
1790841600000,117.5,117.65,117.29,117.4,29624.45
1790842500000,117.4,117.78,117.34,117.66,18632.478
1790843400000,117.66,117.88,117.26,117.75,26385.102
1790844300000,117.75,117.97,117.6,117.91,15981.819
1790845200000,117.92,118.03,117.82,117.86,21806.241
1790846100000,117.86,118.07,117.76,117.96,14810.688
1790847000000,117.97,118.25,117.95,118.06,13514.171
1790847900000,118.06,118.07,117.58,117.7,16871.71
1790848800000,117.7,117.76,117.03,117.54,30612.326
1790849700000,117.53,117.57,117.14,117.32,27508.087
1790850600000,117.33,117.87,117.32,117.86,13494.282
1790851500000,117.87,118.23,117.83,118.01,21651.326
1790852400000,118.02,118.02,117.65,117.83,17840.29
1790853300000,117.82,117.82,117.62,117.77,10591.776
1790854200000,117.78,117.99,117.52,117.95,15928.107
1790855100000,117.95,118.16,117.91,117.96,17742.25
1790856000000,117.97,118.06,117.8,117.81,15866.166
1790856900000,117.82,117.87,117.64,117.71,29557.071
1790857800000,117.71,118.01,117.6,117.63,21833.477
1790858700000,117.62,117.73,117.19,117.36,27637.199
1790859600000,117.37,117.38,116.73,116.89,53673.579
1790860500000,116.9,117.22,116.73,117.01,26252.12
1790861400000,117.01,117.91,117.01,117.89,54529.56
1790862300000,117.89,118.12,117.65,117.97,39434.663
1790863200000,117.96,118.08,117.32,117.65,50716.835
1790864100000,117.64,118.09,117.55,117.88,35829.545
1790865000000,117.87,118.23,117.59,117.66,28866.869
1790865900000,117.67,117.78,116.91,117.38,44051.007
1790866800000,117.39,117.65,116.76,117.47,39626.05
1790867700000,117.48,117.91,117.4,117.45,24975.572
1790868600000,117.46,117.46,116.94,117.07,40672.781
1790869500000,117.06,117.6,117.06,117.38,24010.995
1790870400000,117.38,117.7,117.27,117.49,18310.241
1790871300000,117.5,117.65,117.26,117.48,23981.053
1790872200000,117.49,118.03,117.12,117.31,44492.505
1790873100000,117.32,117.54,116.91,117.14,29976.548
1790874000000,117.14,117.78,117.14,117.73,18552.113
1790874900000,117.74,118.7,117.74,118.69,52994.371
1790875800000,118.68,119.16,118.26,118.93,84205.154
1790876700000,118.94,119.02,118.14,118.36,43227.316
1790877600000,118.36,118.65,118.11,118.49,30407.157
1790878500000,118.48,118.64,118.35,118.36,13350.722
1790879400000,118.36,119.1,118.32,118.68,28971.708
1790880300000,118.69,118.71,118.14,118.39,11555.353
1790881200000,118.39,118.65,118.23,118.47,16685.396
1790882100000,118.48,118.56,117.58,117.63,28196.575
1790883000000,117.64,118.07,117.56,118.03,29449.845
1790883900000,118.03,118.37,117.94,118.31,27604.949
1790884800000,118.3,118.58,118.29,118.41,18762.376
1790885700000,118.41,118.5,118.23,118.25,14061.683
1790886600000,118.25,118.29,117.9,118.04,7986.755
1790887500000,118.03,118.27,117.9,118.14,8754.516
1790888400000,118.14,118.18,117.9,117.91,7574.005
1790889300000,117.91,118.18,117.8,117.81,13148.148
1790890200000,117.81,117.82,117.41,117.43,25989.772
1790891100000,117.43,117.73,117.42,117.66,22094.049
1790892000000,117.66,118.23,117.62,118.04,28771.177
1790892900000,118.03,118.2,117.97,118.16,14751.128
1790893800000,118.16,118.33,118.08,118.14,12723.408
1790894700000,118.15,118.34,117.87,118.32,10862.78
1790895600000,118.32,118.35,118.13,118.29,11297.395
1790896500000,118.29,118.44,118.19,118.39,10677.441
1790897400000,118.39,118.47,118.32,118.39,7245.484
1790898300000,118.39,118.49,118.28,118.41,8289.241
1790899200000,118.41,118.56,118.28,118.45,10039.256
1790900100000,118.45,118.84,118.42,118.73,10974.438
1790901000000,118.73,119.1,118.48,118.98,22199.502
1790901900000,118.98,119.14,118.77,118.9,19632.37
1790902800000,118.89,118.89,118.74,118.78,7578.118
1790903700000,118.78,118.96,118.37,118.78,14029.163
1790904600000,118.78,118.87,118.58,118.64,6725.009
1790905500000,118.63,119.79,118.63,119.51,38130.154
1790906400000,119.51,120.4,119.37,119.96,53066.899
1790907300000,119.97,119.97,119.55,119.73,19457.341
1790908200000,119.73,119.81,119.5,119.69,13261.601
1790909100000,119.69,120.25,119.69,120.07,27924.159
1790910000000,120.08,120.49,119.91,120.06,35180.856
1790910900000,120.06,120.15,119.93,120.01,29326.615
1790911800000,120.02,120.33,119.99,120.32,23749.354
1790912700000,120.33,121.29,120.23,121.24,81390.368
1790913600000,121.24,121.47,120.69,120.71,43896.574
1790914500000,120.71,122.36,120.7,122.3,149847.348
1790915400000,122.29,122.62,121.91,122.5,80896.198
1790916300000,122.5,123.7,122.3,123.49,178069.522
1790917200000,123.49,123.76,123.1,123.36,89679.87
1790918100000,123.37,123.43,122.55,122.66,52687.317
1790919000000,122.67,122.93,121.68,122.15,76602.911
1790919900000,122.15,122.21,121.85,121.9,24741.428
1790920800000,121.9,122.1,121.49,121.64,49220.632
1790921700000,121.65,122.0,121.54,121.93,40057.024
1790922600000,121.92,122.1,121.67,121.91,20104.067
1790923500000,121.9,122.11,121.68,121.76,18475.735
1790924400000,121.76,121.8,121.36,121.52,17779.635
1790925300000,121.52,121.53,121.14,121.25,24716.164
1790926200000,121.24,121.26,121.04,121.11,22410.689
1790927100000,121.11,121.88,121.11,121.72,21059.926
1790928000000,121.72,122.14,121.7,122.01,25811.48
1790928900000,122.02,122.99,122.01,122.33,53892.788
1790929800000,122.32,122.65,122.21,122.25,29006.291
1790930700000,122.24,122.24,122.0,122.05,18143.541
1790931600000,122.05,122.09,121.58,122.04,15434.892
1790932500000,122.04,122.16,121.66,121.83,20676.063
1790933400000,121.82,122.07,121.68,121.88,18398.338
1790934300000,121.88,121.97,121.68,121.77,17098.407
1790935200000,121.78,121.9,121.61,121.61,12716.251
1790936100000,121.61,121.84,121.35,121.79,15728.412
1790937000000,121.79,122.21,121.69,122.08,14476.271
1790937900000,122.09,122.1,121.7,121.92,19047.313
1790938800000,121.92,122.47,121.84,122.24,15599.059
1790939700000,122.24,122.32,122.04,122.06,11940.238
1790940600000,122.07,122.25,121.94,122.08,28480.851
1790941500000,122.09,122.15,121.81,121.82,21122.758
1790942400000,121.82,121.97,121.62,121.77,16625.961
1790943300000,121.77,122.25,121.75,122.12,27124.852
1790944200000,122.12,123.21,121.61,121.77,128973.833
1790945100000,121.77,122.63,121.74,122.56,28823.663
1790946000000,122.56,122.97,122.36,122.38,30085.652
1790946900000,122.39,122.62,122.28,122.3,16764.505
1790947800000,122.31,123.37,122.23,122.92,49300.44
1790948700000,122.92,123.07,121.9,122.06,53294.727
1790949600000,122.07,122.44,121.72,121.82,39210.105
1790950500000,121.82,122.33,121.63,121.69,35885.058
1790951400000,121.69,121.73,121.05,121.42,72977.116
1790952300000,121.42,121.6,120.09,120.64,48011.341
1790953200000,120.65,120.75,119.67,120.22,71860.579
1790954100000,120.21,120.34,119.69,120.09,34768.682
1790955000000,120.08,120.2,119.72,119.9,39370.631
1790955900000,119.91,120.26,119.73,119.98,23406.769
1790956800000,119.98,120.27,119.77,120.04,26651.111
1790957700000,120.04,120.44,119.91,119.95,30471.612
1790958600000,119.95,120.02,119.47,119.82,32546.127
1790959500000,119.81,120.15,119.77,119.96,30267.157
1790960400000,119.96,120.17,119.65,119.7,19893.862
1790961300000,119.71,120.0,119.45,119.67,39075.397
1790962200000,119.68,119.84,119.22,119.37,31952.345
1790963100000,119.37,119.8,119.25,119.69,15751.323
1790964000000,119.68,119.87,119.57,119.75,13605.953
1790964900000,119.75,119.75,118.82,118.99,28206.512
1790965800000,119.0,119.01,117.11,117.65,135869.354
1790966700000,117.65,118.19,117.24,118.14,64195.735
1790967600000,118.14,118.51,117.76,117.87,63159.51
1790968500000,117.87,118.0,117.45,117.91,33401.492
1790969400000,117.91,118.15,117.84,118.09,18964.368
1790970300000,118.09,118.17,117.84,118.0,27246.203
1790971200000,118.0,118.17,117.9,118.1,15326.19
1790972100000,118.09,118.29,117.95,118.04,13651.643
1790973000000,118.04,118.26,117.74,117.76,20207.021
1790973900000,117.75,118.06,117.7,117.77,18218.379
1790974800000,117.77,118.14,117.74,118.06,12198.998
1790975700000,118.06,118.11,117.7,117.73,16364.156
1790976600000,117.72,118.13,117.72,118.1,15172.858
1790977500000,118.11,118.25,118.04,118.22,11774.17
1790978400000,118.22,118.27,118.04,118.09,14487.139
1790979300000,118.1,118.29,118.01,118.29,14418.301
1790980200000,118.29,118.47,118.29,118.44,11618.847
1790981100000,118.45,118.59,118.45,118.52,14676.821
1790982000000,118.52,118.53,118.31,118.4,12803.467
1790982900000,118.41,118.61,118.4,118.51,6933.438
1790983800000,118.51,118.76,118.49,118.7,13532.283
1790984700000,118.7,118.74,118.58,118.65,13156.656
1790985600000,118.65,118.77,118.52,118.74,18036.758
1790986500000,118.74,119.05,118.67,119.01,12777.615
1790987400000,119.01,119.26,119.01,119.11,15053.77
1790988300000,119.12,119.16,118.96,119.03,8958.938
1790989200000,119.03,119.33,118.84,119.32,11493.057
1790990100000,119.32,119.71,119.16,119.34,25311.521
1790991000000,119.35,119.48,119.24,119.34,10843.766
1790991900000,119.34,119.36,119.09,119.1,11785.861
1790992800000,119.1,119.22,119.0,119.22,6260.952
1790993700000,119.22,119.29,119.1,119.11,4287.115
1790994600000,119.11,119.24,119.1,119.16,5871.239
1790995500000,119.15,119.15,118.86,118.9,13490.672
1790996400000,118.9,119.07,118.82,118.92,8016.43
1790997300000,118.93,119.18,118.92,119.08,5998.238
1790998200000,119.08,119.29,119.06,119.28,2774.272
1790999100000,119.27,119.4,119.25,119.4,7006.638
1791000000000,119.39,119.53,119.22,119.28,12252.408
1791000900000,119.29,119.29,119.0,119.0,5997.626
1791001800000,119.0,119.12,118.94,119.1,5493.556
1791002700000,119.1,119.33,119.1,119.18,2931.42
1791003600000,119.19,119.32,119.08,119.28,4638.179
1791004500000,119.27,119.59,119.27,119.56,9781.359
1791005400000,119.56,119.71,119.45,119.5,8857.608
1791006300000,119.51,119.67,119.47,119.63,9029.762
1791007200000,119.64,119.76,119.46,119.46,9225.438
1791008100000,119.46,119.73,119.46,119.67,6682.097
1791009000000,119.67,119.84,119.48,119.56,12494.438
1791009900000,119.55,119.62,119.4,119.45,9786.321
1791010800000,119.46,119.57,119.31,119.5,7748.157
1791011700000,119.49,119.55,119.3,119.32,4867.5
1791012600000,119.31,119.37,119.17,119.2,5944.285
1791013500000,119.19,119.48,119.18,119.34,8562.828
1791014400000,119.34,119.43,119.22,119.42,5451.394
1791015300000,119.42,119.44,119.16,119.21,7180.655
1791016200000,119.22,119.22,119.05,119.22,5174.875
1791017100000,119.22,119.34,119.21,119.24,7598.238
1791018000000,119.25,119.49,119.25,119.39,8350.422
1791018900000,119.38,119.43,119.22,119.23,10514.36
1791019800000,119.23,119.37,119.2,119.35,5616.457
1791020700000,119.34,119.37,119.28,119.34,5246.687
1791021600000,119.34,119.4,119.26,119.39,5632.34
1791022500000,119.39,119.54,119.34,119.51,4379.562
1791023400000,119.5,119.51,119.39,119.47,6249.389
1791024300000,119.47,119.65,119.43,119.5,7193.307
1791025200000,119.49,119.5,119.28,119.29,7896.095
1791026100000,119.28,119.4,119.24,119.33,7718.379
1791027000000,119.34,119.47,119.29,119.35,5098.737
1791027900000,119.36,119.47,119.31,119.31,5887.757
1791028800000,119.32,119.49,119.31,119.45,5856.783
1791029700000,119.45,119.75,119.34,119.46,18854.812
1791030600000,119.45,119.48,119.25,119.32,12777.998
1791031500000,119.32,119.58,119.31,119.48,4139.181
1791032400000,119.48,119.6,119.45,119.51,7728.093
1791033300000,119.51,119.52,119.33,119.45,7408.493
1791034200000,119.46,119.6,119.35,119.38,12024.875
1791035100000,119.37,119.48,119.37,119.43,5920.28
1791036000000,119.44,119.44,119.16,119.17,5692.255
1791036900000,119.16,119.5,119.16,119.48,8705.697
1791037800000,119.49,119.51,119.33,119.5,8532.093
1791038700000,119.5,119.86,119.5,119.78,22137.601
1791039600000,119.78,119.79,119.55,119.68,17303.852
1791040500000,119.68,119.68,119.51,119.53,11151.214
1791041400000,119.53,119.63,119.46,119.59,8708.967
1791042300000,119.59,119.78,119.59,119.71,9000.085
1791043200000,119.71,119.72,119.55,119.6,13503.828
1791044100000,119.59,119.65,119.54,119.61,8666.969
1791045000000,119.6,119.83,119.59,119.8,12333.719
1791045900000,119.8,119.84,119.63,119.71,10794.324
1791046800000,119.72,119.9,119.68,119.82,16764.972
1791047700000,119.82,119.97,119.73,119.74,10312.284
1791048600000,119.74,120.09,119.66,120.02,13162.379
1791049500000,120.02,120.04,119.88,119.98,12768.919
1791050400000,119.99,120.04,119.79,119.92,12901.447
1791051300000,119.92,119.99,119.77,119.87,12046.771
1791052200000,119.87,119.96,119.74,119.95,7623.51
1791053100000,119.96,119.98,119.82,119.97,6948.155
1791054000000,119.97,119.97,119.73,119.8,4050.173
1791054900000,119.79,119.93,119.77,119.77,6352.081
1791055800000,119.78,119.81,119.64,119.66,12984.398
1791056700000,119.67,119.8,119.62,119.78,7808.404
1791057600000,119.79,120.0,119.78,119.93,6228.932
1791058500000,119.92,120.07,119.9,120.05,14020.151
1791059400000,120.06,120.07,119.87,119.94,8057.905
1791060300000,119.93,119.98,119.71,119.81,10581.317
1791061200000,119.82,119.92,119.52,119.7,11352.385
1791062100000,119.71,119.77,119.59,119.62,5195.784
1791063000000,119.62,119.67,119.58,119.62,5934.849
1791063900000,119.62,119.73,119.57,119.63,16511.534
1791064800000,119.63,119.87,119.49,119.85,26352.657
1791065700000,119.84,119.87,119.7,119.83,5133.998
1791066600000,119.83,119.91,119.8,119.85,5676.363
1791067500000,119.85,119.9,119.71,119.72,9714.035
1791068400000,119.72,119.73,119.6,119.7,3041.356
1791069300000,119.7,119.8,119.69,119.74,6521.44
1791070200000,119.74,119.79,119.7,119.7,4059.358
1791071100000,119.7,119.72,119.59,119.62,9604.461
1791072000000,119.61,119.77,119.59,119.76,12015.935
1791072900000,119.76,120.09,119.76,119.98,17860.53
1791073800000,119.99,120.22,119.94,120.09,9643.202
1791074700000,120.08,120.21,120.05,120.19,8400.851
1791075600000,120.19,120.39,120.13,120.14,16718.176
1791076500000,120.14,120.15,120.06,120.09,5794.794
1791077400000,120.09,120.11,119.97,120.02,12921.863
1791078300000,120.01,120.18,119.95,120.15,8439.573
1791079200000,120.15,120.29,120.02,120.14,16354.253
1791080100000,120.15,120.16,120.04,120.12,6853.813
1791081000000,120.12,120.23,120.05,120.15,13397.968
1791081900000,120.15,120.41,120.09,120.4,8773.413
1791082800000,120.4,120.5,120.26,120.29,12812.656
1791083700000,120.28,120.39,120.19,120.35,8610.442
1791084600000,120.35,121.29,120.35,120.92,50863.054
1791085500000,120.92,120.93,120.74,120.77,6826.575
1791086400000,120.78,120.82,120.53,120.57,6368.175
1791087300000,120.58,120.74,120.53,120.73,4572.87
1791088200000,120.74,120.82,120.49,120.54,9614.39
1791089100000,120.55,120.65,120.53,120.64,3270.375
1791090000000,120.64,120.8,120.63,120.66,3979.921
1791090900000,120.67,120.85,120.66,120.76,11837.473
1791091800000,120.76,121.02,120.73,121.01,8196.095
1791092700000,121.01,121.04,120.8,120.81,4920.962
1791093600000,120.81,120.92,120.76,120.84,6445.857
1791094500000,120.84,121.1,120.67,120.73,13821.08
1791095400000,120.72,121.02,120.69,120.89,7493.066
1791096300000,120.88,121.1,120.81,120.96,9773.704
1791097200000,120.97,121.28,120.97,121.2,9220.203
1791098100000,121.2,121.32,121.02,121.11,17602.528
1791099000000,121.1,121.13,120.96,121.01,11627.588
1791099900000,121.01,121.14,120.92,121.14,11034.607
1791100800000,121.15,121.26,120.94,121.03,9094.497
1791101700000,121.02,121.2,120.97,121.1,15586.646
1791102600000,121.09,121.13,120.83,120.91,6674.937
1791103500000,120.91,120.96,120.85,120.95,14688.97
1791104400000,120.96,121.03,120.81,120.92,5028.357
1791105300000,120.93,121.41,120.9,121.22,16505.223
1791106200000,121.22,121.35,121.07,121.28,9494.446
1791107100000,121.29,121.54,121.28,121.3,14666.126
1791108000000,121.31,121.61,121.23,121.52,14215.065
1791108900000,121.52,121.61,121.25,121.25,14718.418
1791109800000,121.26,121.46,121.2,121.39,9907.83
1791110700000,121.4,121.46,121.27,121.27,5589.754
1791111600000,121.28,121.34,121.18,121.25,5932.539
1791112500000,121.26,121.48,121.23,121.47,4692.104
1791113400000,121.47,121.49,121.17,121.24,5709.192
1791114300000,121.24,121.29,121.19,121.23,4922.97
1791115200000,121.24,121.76,121.13,121.45,27247.937
1791116100000,121.45,121.61,121.26,121.49,17467.742
1791117000000,121.49,121.6,121.39,121.45,5124.209
1791117900000,121.46,121.48,121.22,121.31,12433.408
1791118800000,121.3,121.46,121.21,121.46,7338.573
1791119700000,121.46,121.58,121.36,121.57,7307.381
1791120600000,121.58,121.96,121.57,121.62,36432.365
1791121500000,121.61,121.88,121.59,121.71,10130.882
1791122400000,121.71,121.78,121.55,121.64,22931.065
1791123300000,121.65,121.65,121.19,121.48,29526.177
1791124200000,121.47,121.7,121.39,121.39,16473.773
1791125100000,121.4,121.86,121.3,121.85,14431.664
1791126000000,121.85,122.09,121.64,121.97,29467.046
1791126900000,121.96,122.09,121.6,121.72,30665.566
1791127800000,121.71,121.75,121.65,121.7,6048.669
1791128700000,121.69,121.73,121.55,121.56,7658.113
1791129600000,121.57,121.66,121.4,121.58,17523.166
1791130500000,121.57,121.67,121.42,121.49,5909.679
1791131400000,121.49,121.79,121.49,121.65,6949.93
1791132300000,121.65,121.9,121.61,121.75,9832.882
1791133200000,121.75,121.81,121.63,121.66,5173.966
1791134100000,121.65,121.82,121.64,121.75,4965.398
1791135000000,121.75,121.76,121.52,121.67,6339.2
1791135900000,121.68,121.73,121.39,121.5,14326.506
1791136800000,121.49,121.5,121.28,121.38,9646.919
1791137700000,121.39,121.47,121.19,121.46,15108.84
1791138600000,121.46,121.52,121.41,121.52,4272.695
1791139500000,121.53,121.61,121.46,121.47,6692.139
1791140400000,121.48,121.71,121.45,121.59,16378.654
1791141300000,121.59,121.65,121.37,121.43,7507.21
1791142200000,121.43,121.55,121.24,121.39,18638.111
1791143100000,121.39,121.42,121.02,121.1,19819.012
1791144000000,121.11,121.11,120.64,120.89,23016.582
1791144900000,120.88,121.01,120.82,120.88,6816.462
1791145800000,120.88,121.15,120.78,121.0,14902.908
1791146700000,120.99,121.4,120.96,121.28,16286.417
1791147600000,121.27,121.57,121.21,121.53,15654.707
1791148500000,121.52,121.61,121.28,121.41,10525.37
1791149400000,121.41,121.53,121.36,121.43,6855.9
1791150300000,121.42,121.55,121.05,121.21,15899.714
1791151200000,121.22,122.11,121.22,121.94,36670.179
1791152100000,121.93,122.29,121.74,121.76,36700.1
1791153000000,121.76,122.04,121.7,121.93,23087.896
1791153900000,121.92,121.95,121.61,121.73,12373.102
1791154800000,121.73,122.09,121.53,121.97,18540.922
1791155700000,121.97,122.09,121.77,121.85,22818.701
1791156600000,121.85,121.94,121.44,121.59,12418.478
1791157500000,121.59,121.6,121.46,121.6,9118.419
1791158400000,121.59,121.59,121.18,121.26,17545.713
1791159300000,121.27,121.49,120.95,120.97,18032.811
1791160200000,120.98,121.39,120.8,121.36,28946.857
1791161100000,121.36,121.41,121.17,121.32,9599.776
1791162000000,121.32,121.38,121.1,121.38,12080.738
1791162900000,121.38,121.62,121.26,121.55,27048.501
1791163800000,121.56,121.56,121.01,121.08,15355.912
1791164700000,121.07,121.22,121.01,121.16,8279.593
1791165600000,121.17,121.58,121.13,121.54,15468.705
1791166500000,121.54,121.68,121.27,121.36,13373.263
1791167400000,121.36,121.54,121.18,121.43,9981.577
1791168300000,121.44,121.52,121.14,121.18,10165.779
1791169200000,121.18,121.28,120.98,121.25,24478.438
1791170100000,121.25,121.27,120.53,121.07,38130.545
1791171000000,121.06,121.08,120.74,120.75,20042.168
1791171900000,120.75,120.87,120.33,120.44,24576.017
1791172800000,120.43,120.6,120.31,120.47,19641.787
1791173700000,120.47,120.73,120.03,120.56,36812.334
1791174600000,120.56,120.65,120.12,120.4,25872.609
1791175500000,120.4,120.79,120.35,120.51,18950.868
1791176400000,120.5,120.6,120.33,120.35,11351.446
1791177300000,120.35,120.37,120.0,120.2,22328.927
1791178200000,120.2,120.55,120.02,120.54,18193.76
1791179100000,120.53,120.55,120.33,120.45,5685.727
1791180000000,120.44,120.89,120.44,120.85,13161.884
1791180900000,120.86,121.17,120.84,120.87,11272.845
1791181800000,120.86,121.04,120.79,120.81,12394.975
1791182700000,120.82,121.82,120.8,121.6,49577.789
1791183600000,121.6,121.86,121.43,121.61,28227.986
1791184500000,121.6,121.69,121.4,121.64,14144.281
1791185400000,121.65,121.79,121.54,121.77,11412.911
1791186300000,121.77,121.87,121.57,121.69,25337.114
1791187200000,121.69,122.08,121.61,121.98,21458.245
1791188100000,121.98,121.99,121.56,121.69,12870.252
1791189000000,121.69,121.8,121.36,121.46,20038.822
1791189900000,121.45,121.45,120.86,121.08,21082.846
