open_time_ms,open,high,low,close,volume
1790889840000,117.97,117.97,117.94,117.95,444.655
1790889900000,117.95,117.95,117.91,117.92,489.617
1790889960000,117.91,117.96,117.91,117.95,756.249
1790890020000,117.95,117.97,117.92,117.96,1797.944
1790890080000,117.95,117.95,117.87,117.87,858.699
1790890140000,117.87,117.88,117.81,117.81,599.69
1790890200000,117.81,117.82,117.73,117.74,2467.474
1790890260000,117.75,117.82,117.72,117.82,2216.993
1790890320000,117.81,117.82,117.71,117.76,1790.166
1790890380000,117.76,117.76,117.73,117.74,376.591
1790890440000,117.74,117.74,117.68,117.68,1131.578
1790890500000,117.67,117.78,117.67,117.72,3164.376
1790890560000,117.71,117.73,117.7,117.73,990.55
1790890620000,117.73,117.74,117.61,117.66,1250.069
1790890680000,117.65,117.66,117.58,117.66,1004.169
1790890740000,117.65,117.66,117.55,117.61,2087.985
1790890800000,117.61,117.61,117.41,117.55,5279.501
1790890860000,117.55,117.6,117.52,117.56,1465.371
1790890920000,117.56,117.56,117.52,117.53,522.579
1790890980000,117.53,117.57,117.52,117.52,1085.497
1790891040000,117.51,117.52,117.42,117.43,1156.873
1790891100000,117.43,117.53,117.42,117.53,1236.622
1790891160000,117.53,117.65,117.53,117.62,1089.568
1790891220000,117.62,117.72,117.62,117.71,1663.495
1790891280000,117.7,117.71,117.66,117.67,830.768
1790891340000,117.66,117.67,117.65,117.67,1543.779
1790891400000,117.67,117.69,117.63,117.65,1747.698
1790891460000,117.65,117.67,117.57,117.57,2157.745
1790891520000,117.58,117.58,117.5,117.51,2425.02
1790891580000,117.51,117.59,117.5,117.59,999.581
1790891640000,117.59,117.67,117.58,117.63,1203.904
1790891700000,117.63,117.64,117.62,117.64,335.595
1790891760000,117.64,117.71,117.59,117.7,2147.869
1790891820000,117.7,117.7,117.55,117.64,2649.797
1790891880000,117.64,117.73,117.64,117.73,1039.369
1790891940000,117.72,117.73,117.66,117.66,1023.239
1790892000000,117.66,117.9,117.62,117.9,1592.263
1790892060000,117.9,118.06,117.9,118.03,5238.907
1790892120000,118.02,118.11,118.02,118.07,2487.283
1790892180000,118.07,118.09,118.03,118.03,1412.585
1790892240000,118.04,118.13,117.92,118.11,1559.853
1790892300000,118.11,118.21,118.1,118.14,1096.108
1790892360000,118.13,118.17,118.07,118.14,2054.398
1790892420000,118.15,118.23,118.1,118.1,1716.323
1790892480000,118.09,118.09,117.98,118.02,1143.167
1790892540000,118.03,118.06,117.9,117.95,2776.35
1790892600000,117.96,118.22,117.95,118.22,1991.791
1790892660000,118.21,118.21,118.03,118.03,1656.218
1790892720000,118.03,118.16,117.99,118.05,2414.206
1790892780000,118.04,118.08,118.02,118.07,846.421
1790892840000,118.07,118.1,118.04,118.04,785.304
1790892900000,118.03,118.05,117.97,118.05,1026.548
1790892960000,118.06,118.13,118.05,118.06,944.529
1790893020000,118.07,118.18,118.06,118.17,1602.511
1790893080000,118.16,118.16,118.04,118.05,888.724
1790893140000,118.05,118.1,118.02,118.06,883.086
1790893200000,118.06,118.1,118.01,118.04,1288.063
1790893260000,118.04,118.14,118.04,118.14,1147.421
1790893320000,118.13,118.14,118.07,118.12,786.989
1790893380000,118.11,118.11,118.01,118.04,1158.095
1790893440000,118.04,118.1,118.04,118.09,511.473
1790893500000,118.1,118.1,118.06,118.09,793.192
1790893560000,118.09,118.15,118.08,118.15,1028.813
1790893620000,118.14,118.17,118.1,118.13,678.134
1790893680000,118.12,118.17,118.12,118.14,723.072
1790893740000,118.14,118.2,118.13,118.16,1290.478
1790893800000,118.16,118.17,118.1,118.17,1495.558
1790893860000,118.18,118.21,118.16,118.2,887.163
1790893920000,118.2,118.25,118.19,118.21,762.686
1790893980000,118.21,118.22,118.09,118.09,945.941
1790894040000,118.1,118.12,118.08,118.08,555.976
1790894100000,118.09,118.27,118.09,118.26,1310.399
1790894160000,118.27,118.29,118.22,118.24,766.894
1790894220000,118.25,118.3,118.23,118.3,428.672
1790894280000,118.29,118.33,118.29,118.31,315.114
1790894340000,118.31,118.31,118.26,118.26,1286.584
1790894400000,118.27,118.27,118.23,118.24,1013.724
1790894460000,118.23,118.26,118.23,118.26,342.963
1790894520000,118.26,118.26,118.21,118.24,622.182
1790894580000,118.24,118.24,118.16,118.18,1489.033
1790894640000,118.17,118.19,118.14,118.14,500.519
1790894700000,118.15,118.15,118.02,118.02,1521.067
1790894760000,118.02,118.05,117.94,117.96,1349.442
1790894820000,117.95,117.96,117.91,117.92,838.163
1790894880000,117.91,117.94,117.9,117.92,730.39
1790894940000,117.91,117.92,117.9,117.91,296.449
1790895000000,117.91,117.91,117.9,117.91,300.162
1790895060000,117.91,117.91,117.87,117.9,633.3
1790895120000,117.9,118.09,117.89,118.08,1216.086
1790895180000,118.09,118.15,118.09,118.15,264.227
1790895240000,118.15,118.26,118.15,118.26,723.162
1790895300000,118.26,118.3,118.25,118.26,659.357
1790895360000,118.26,118.31,118.25,118.26,539.923
1790895420000,118.27,118.29,118.23,118.29,458.451
1790895480000,118.28,118.32,118.28,118.31,789.467
1790895540000,118.32,118.34,118.32,118.32,543.134
1790895600000,118.32,118.33,118.19,118.2,1102.805
1790895660000,118.2,118.24,118.16,118.23,579.278
1790895720000,118.23,118.25,118.19,118.25,740.55
1790895780000,118.25,118.34,118.25,118.33,293.789
1790895840000,118.33,118.35,118.26,118.26,829.341
1790895900000,118.26,118.3,118.2,118.21,1706.508
1790895960000,118.21,118.26,118.18,118.22,826.261
1790896020000,118.23,118.25,118.15,118.16,655.016
1790896080000,118.16,118.19,118.15,118.17,389.302
1790896140000,118.18,118.19,118.15,118.19,446.432
1790896200000,118.19,118.2,118.18,118.19,405.756
1790896260000,118.19,118.19,118.15,118.18,483.149
1790896320000,118.17,118.18,118.13,118.15,729.03
1790896380000,118.14,118.17,118.14,118.16,206.161
1790896440000,118.17,118.3,118.16,118.29,1904.017
1790896500000,118.29,118.29,118.19,118.2,614.548
1790896560000,118.2,118.33,118.19,118.33,614.379
1790896620000,118.34,118.38,118.33,118.37,872.798
1790896680000,118.38,118.38,118.33,118.34,820.557
1790896740000,118.33,118.36,118.32,118.32,1115.588
1790896800000,118.32,118.39,118.3,118.39,1014.813
1790896860000,118.39,118.39,118.32,118.36,483.687
1790896920000,118.36,118.4,118.34,118.39,664.592
1790896980000,118.39,118.39,118.35,118.36,491.15
1790897040000,118.35,118.4,118.35,118.38,616.926
1790897100000,118.38,118.39,118.37,118.38,289.892
1790897160000,118.39,118.43,118.38,118.41,696.613
1790897220000,118.41,118.42,118.4,118.42,406.848
1790897280000,118.42,118.44,118.4,118.4,1152.633
1790897340000,118.41,118.43,118.36,118.39,822.417
1790897400000,118.39,118.39,118.37,118.38,503.517
1790897460000,118.37,118.37,118.32,118.35,543.422
1790897520000,118.35,118.4,118.34,118.4,343.644
1790897580000,118.4,118.43,118.39,118.39,753.392
1790897640000,118.39,118.44,118.39,118.41,191.916
1790897700000,118.42,118.47,118.42,118.45,1025.415
1790897760000,118.45,118.45,118.41,118.43,379.141
1790897820000,118.42,118.42,118.33,118.35,948.973
1790897880000,118.35,118.44,118.34,118.44,431.214
1790897940000,118.43,118.44,118.42,118.42,73.325
1790898000000,118.42,118.42,118.37,118.42,253.538
1790898060000,118.42,118.45,118.38,118.39,816.343
1790898120000,118.38,118.41,118.37,118.4,277.824
1790898180000,118.4,118.44,118.4,118.44,369.339
1790898240000,118.43,118.47,118.39,118.39,334.481
1790898300000,118.39,118.39,118.31,118.31,990.238
1790898360000,118.31,118.32,118.28,118.31,637.09
1790898420000,118.3,118.32,118.29,118.29,291.701
1790898480000,118.28,118.3,118.28,118.29,121.341
1790898540000,118.29,118.43,118.29,118.42,446.387
1790898600000,118.42,118.44,118.36,118.44,771.077
1790898660000,118.43,118.47,118.36,118.44,919.923
1790898720000,118.44,118.45,118.37,118.38,405.255
1790898780000,118.37,118.47,118.37,118.47,105.334
1790898840000,118.47,118.47,118.39,118.42,315.696
1790898900000,118.41,118.45,118.41,118.41,453.233
1790898960000,118.4,118.44,118.4,118.43,152.759
1790899020000,118.43,118.46,118.43,118.46,206.281
1790899080000,118.47,118.49,118.44,118.48,578.244
1790899140000,118.48,118.49,118.4,118.41,1894.682
1790899200000,118.41,118.42,118.29,118.29,1023.48
1790899260000,118.3,118.42,118.28,118.39,835.761
1790899320000,118.38,118.41,118.36,118.39,634.258
1790899380000,118.4,118.4,118.36,118.37,444.425
1790899440000,118.37,118.39,118.33,118.34,381.857
1790899500000,118.35,118.53,118.35,118.53,558.169
1790899560000,118.53,118.55,118.45,118.48,825.066
1790899620000,118.48,118.55,118.41,118.42,1000.311
1790899680000,118.41,118.44,118.37,118.4,585.535
1790899740000,118.4,118.42,118.39,118.39,480.052
1790899800000,118.39,118.51,118.39,118.5,407.355
1790899860000,118.49,118.53,118.43,118.43,391.866
1790899920000,118.44,118.46,118.43,118.46,57.499
1790899980000,118.45,118.56,118.45,118.48,1712.552
1790900040000,118.48,118.53,118.45,118.45,701.07
1790900100000,118.45,118.61,118.42,118.6,745.391
1790900160000,118.6,118.65,118.48,118.52,1359.955
1790900220000,118.52,118.67,118.51,118.61,1003.916
1790900280000,118.62,118.68,118.6,118.67,385.62
1790900340000,118.67,118.73,118.67,118.72,649.933
1790900400000,118.71,118.83,118.71,118.82,1769.976
1790900460000,118.82,118.83,118.68,118.68,588.463
1790900520000,118.68,118.73,118.65,118.65,249.27
1790900580000,118.66,118.83,118.66,118.82,654.762
1790900640000,118.83,118.84,118.8,118.81,768.139
1790900700000,118.8,118.83,118.75,118.8,469.172
1790900760000,118.81,118.81,118.67,118.76,1182.086
1790900820000,118.76,118.76,118.65,118.72,526.15
1790900880000,118.71,118.76,118.71,118.73,484.226
1790900940000,118.73,118.74,118.7,118.73,137.379
1790901000000,118.73,118.73,118.58,118.58,902.285
1790901060000,118.58,118.66,118.57,118.6,353.25
1790901120000,118.6,118.65,118.58,118.63,776.512
1790901180000,118.63,118.65,118.58,118.58,263.159
1790901240000,118.58,118.62,118.53,118.58,189.446
1790901300000,118.58,118.59,118.55,118.57,123.277
1790901360000,118.58,118.65,118.58,118.62,87.545
1790901420000,118.61,118.61,118.52,118.53,327.744
1790901480000,118.52,118.53,118.48,118.5,295.518
1790901540000,118.51,118.61,118.51,118.58,818.457
1790901600000,118.59,118.75,118.58,118.71,1423.441
1790901660000,118.71,118.73,118.63,118.64,431.996
1790901720000,118.64,118.67,118.63,118.65,219.548
1790901780000,118.66,118.79,118.66,118.78,529.603
1790901840000,118.78,119.1,118.74,118.98,15457.721
1790901900000,118.98,119.08,118.93,118.94,2684.899
1790901960000,118.94,119.07,118.91,119.05,1577.592
1790902020000,119.05,119.13,118.98,119.06,2148.492
1790902080000,119.05,119.14,119.05,119.13,786.355
1790902140000,119.13,119.14,119.04,119.06,564.205
1790902200000,119.05,119.05,118.98,118.98,549.619
1790902260000,118.98,119.0,118.94,118.98,1858.042
1790902320000,118.97,118.98,118.89,118.89,673.212
1790902380000,118.9,118.93,118.88,118.93,405.333
1790902440000,118.93,119.01,118.91,119.0,1150.364
1790902500000,119.01,119.02,118.89,118.9,2747.378
1790902560000,118.89,118.89,118.77,118.87,1322.712
1790902620000,118.88,119.0,118.86,119.0,1327.278
1790902680000,119.0,119.0,118.89,118.92,495.769
1790902740000,118.93,118.94,118.84,118.9,1341.12
1790902800000,118.89,118.89,118.79,118.8,603.697
1790902860000,118.8,118.86,118.79,118.8,745.741
1790902920000,118.79,118.8,118.75,118.77,854.865
1790902980000,118.77,118.79,118.75,118.76,740.99
1790903040000,118.75,118.78,118.75,118.76,236.24
1790903100000,118.76,118.84,118.76,118.83,629.344
1790903160000,118.83,118.83,118.74,118.75,100.18
1790903220000,118.76,118.77,118.74,118.76,734.791
1790903280000,118.76,118.85,118.76,118.82,384.272
1790903340000,118.83,118.83,118.74,118.78,796.045
1790903400000,118.77,118.81,118.75,118.8,445.657
1790903460000,118.81,118.81,118.75,118.79,361.347
1790903520000,118.8,118.84,118.76,118.77,286.827
1790903580000,118.76,118.8,118.75,118.8,181.447
1790903640000,118.8,118.82,118.77,118.78,476.675
1790903700000,118.78,118.82,118.77,118.78,402.441
1790903760000,118.77,118.9,118.75,118.9,747.045
1790903820000,118.9,118.96,118.8,118.81,2198.185
1790903880000,118.81,118.82,118.74,118.77,392.65
1790903940000,118.76,118.77,118.68,118.7,548.437
1790904000000,118.69,118.69,118.45,118.45,2995.019
1790904060000,118.46,118.48,118.37,118.45,1967.058
1790904120000,118.44,118.47,118.37,118.47,507.128
1790904180000,118.47,118.65,118.47,118.61,514.021
1790904240000,118.61,118.87,118.59,118.87,1281.772
1790904300000,118.87,118.92,118.73,118.74,410.813
1790904360000,118.73,118.75,118.61,118.74,633.151
1790904420000,118.74,118.8,118.7,118.72,439.011
1790904480000,118.71,118.77,118.71,118.73,633.763
1790904540000,118.72,118.79,118.71,118.78,358.669
1790904600000,118.78,118.84,118.77,118.77,390.287
1790904660000,118.77,118.84,118.74,118.84,532.868
1790904720000,118.84,118.86,118.76,118.76,647.257
1790904780000,118.76,118.87,118.76,118.86,310.565
1790904840000,118.87,118.87,118.68,118.68,704.355
1790904900000,118.68,118.76,118.63,118.69,738.644
1790904960000,118.69,118.78,118.69,118.74,279.41
1790905020000,118.74,118.82,118.73,118.74,1093.785
1790905080000,118.74,118.78,118.72,118.78,74.437
1790905140000,118.78,118.79,118.71,118.72,204.45
1790905200000,118.72,118.73,118.67,118.7,219.491
1790905260000,118.7,118.7,118.61,118.63,316.399
1790905320000,118.64,118.66,118.58,118.59,486.222
1790905380000,118.6,118.7,118.59,118.69,562.578
1790905440000,118.68,118.68,118.62,118.64,164.261
1790905500000,118.63,118.72,118.63,118.67,870.151
1790905560000,118.67,118.74,118.65,118.74,1286.739
1790905620000,118.74,118.75,118.71,118.75,665.596
1790905680000,118.74,118.79,118.74,118.76,118.17
1790905740000,118.75,118.81,118.75,118.79,220.425
1790905800000,118.78,119.0,118.77,118.99,2521.889
1790905860000,118.99,119.36,118.99,119.29,8779.633
1790905920000,119.29,119.43,119.28,119.35,3068.02
1790905980000,119.35,119.69,119.35,119.58,9866.121
1790906040000,119.57,119.57,119.37,119.37,2138.016
1790906100000,119.37,119.65,119.33,119.64,2396.15
1790906160000,119.63,119.79,119.57,119.57,3717.149
1790906220000,119.57,119.64,119.57,119.59,1068.396
1790906280000,119.59,119.65,119.58,119.58,707.521
1790906340000,119.59,119.61,119.47,119.51,706.178
1790906400000,119.51,119.56,119.38,119.46,1236.206
1790906460000,119.46,119.56,119.44,119.47,1200.16
1790906520000,119.46,119.53,119.45,119.51,859.498
1790906580000,119.52,119.53,119.39,119.41,438.413
1790906640000,119.41,119.58,119.37,119.58,824.721
1790906700000,119.58,119.69,119.56,119.67,1764.066
1790906760000,119.66,119.78,119.66,119.78,1830.47
1790906820000,119.77,119.8,119.75,119.8,1504.952
1790906880000,119.79,119.96,119.79,119.95,4419.823
1790906940000,119.95,120.4,119.92,120.3,25919.83
1790907000000,120.3,120.31,120.05,120.05,5089.663
1790907060000,120.05,120.06,119.91,119.91,2147.238
1790907120000,119.91,119.94,119.86,119.9,2618.349
1790907180000,119.89,120.08,119.89,120.04,2201.168
1790907240000,120.04,120.06,119.96,119.96,1012.342
1790907300000,119.97,119.97,119.9,119.95,1028.634
1790907360000,119.95,119.95,119.84,119.85,851.607
1790907420000,119.85,119.85,119.78,119.79,682.698
1790907480000,119.78,119.79,119.7,119.73,1756.345
1790907540000,119.73,119.9,119.73,119.85,2308.4
1790907600000,119.84,119.85,119.76,119.76,1319.228
1790907660000,119.77,119.79,119.68,119.71,1589.154
1790907720000,119.71,119.71,119.59,119.63,1111.628
1790907780000,119.64,119.76,119.6,119.75,1812.621
1790907840000,119.74,119.74,119.58,119.59,1542.997
1790907900000,119.59,119.65,119.55,119.59,1668.05
1790907960000,119.59,119.72,119.59,119.71,1246.468
1790908020000,119.71,119.74,119.63,119.65,1815.181
1790908080000,119.65,119.7,119.62,119.64,164.322
1790908140000,119.64,119.74,119.63,119.73,560.008
1790908200000,119.73,119.81,119.71,119.72,1670.847
1790908260000,119.73,119.79,119.66,119.7,1164.516
1790908320000,119.7,119.7,119.58,119.67,1367.637
1790908380000,119.67,119.77,119.67,119.69,1554.41
1790908440000,119.69,119.7,119.55,119.55,1149.873
1790908500000,119.54,119.63,119.52,119.59,547.353
1790908560000,119.59,119.62,119.54,119.6,722.962
1790908620000,119.61,119.61,119.52,119.58,781.412
1790908680000,119.59,119.6,119.56,119.57,306.368
1790908740000,119.58,119.59,119.55,119.56,991.742
1790908800000,119.56,119.56,119.5,119.52,497.86
1790908860000,119.53,119.58,119.53,119.56,853.864
1790908920000,119.55,119.56,119.53,119.56,451.116
1790908980000,119.56,119.67,119.56,119.66,623.009
1790909040000,119.67,119.69,119.66,119.69,578.632
1790909100000,119.69,119.76,119.69,119.76,982.887
1790909160000,119.76,119.84,119.75,119.84,1465.245
1790909220000,119.84,119.92,119.83,119.91,731.468
1790909280000,119.92,119.93,119.88,119.92,649.746
1790909340000,119.93,120.21,119.92,120.19,2926.58
1790909400000,120.18,120.25,120.1,120.19,2812.795
1790909460000,120.19,120.19,119.98,120.02,2896.619
1790909520000,120.02,120.1,119.98,120.06,1266.719
1790909580000,120.06,120.06,119.94,120.01,1308.388
1790909640000,120.01,120.05,119.95,120.04,5812.238
1790909700000,120.05,120.16,120.04,120.16,1692.421
1790909760000,120.16,120.16,120.09,120.13,2891.063
1790909820000,120.13,120.14,120.12,120.13,635.271
1790909880000,120.12,120.14,120.06,120.06,1281.596
1790909940000,120.06,120.09,120.05,120.07,571.123
1790910000000,120.08,120.19,120.07,120.19,1719.997
1790910060000,120.19,120.37,120.18,120.36,2817.203
1790910120000,120.35,120.49,120.31,120.39,4230.699
1790910180000,120.38,120.49,120.26,120.26,2423.661
1790910240000,120.26,120.27,120.09,120.21,4486.458
1790910300000,120.2,120.3,120.12,120.13,2437.573
1790910360000,120.12,120.15,119.99,120.01,1913.169
1790910420000,120.0,120.08,120.0,120.08,754.448
1790910480000,120.07,120.07,119.91,120.0,2527.745
1790910540000,120.01,120.07,119.95,119.95,1666.727
1790910600000,119.96,120.05,119.95,120.03,1270.744
1790910660000,120.03,120.08,120.02,120.08,1637.088
1790910720000,120.07,120.07,119.94,119.98,771.571
1790910780000,119.98,120.28,119.97,120.23,4003.778
1790910840000,120.23,120.23,120.05,120.06,2519.995
1790910900000,120.06,120.13,120.05,120.08,1311.305
1790910960000,120.08,120.15,120.07,120.08,1094.118
1790911020000,120.08,120.09,119.95,119.97,2843.567
1790911080000,119.96,120.0,119.96,119.99,1604.481
1790911140000,119.99,120.03,119.98,120.02,2492.736
1790911200000,120.01,120.05,120.01,120.05,1150.707
1790911260000,120.05,120.13,120.04,120.09,1770.518
1790911320000,120.08,120.13,120.05,120.05,2193.024
1790911380000,120.05,120.05,119.98,119.98,730.29
1790911440000,119.99,120.03,119.96,120.02,1063.816
1790911500000,120.02,120.05,120.01,120.03,3817.94
1790911560000,120.03,120.07,120.0,120.01,6621.576
1790911620000,120.01,120.01,119.93,119.98,1061.491
1790911680000,119.97,120.01,119.97,120.01,774.952
1790911740000,120.01,120.05,120.0,120.01,796.094
1790911800000,120.02,120.09,119.99,120.09,1431.235
1790911860000,120.09,120.25,120.09,120.24,2127.48
1790911920000,120.23,120.29,120.09,120.24,1784.612
1790911980000,120.24,120.3,120.18,120.2,1709.476
1790912040000,120.2,120.23,120.13,120.17,1344.322
1790912100000,120.18,120.31,120.1,120.29,3293.291
1790912160000,120.29,120.31,120.09,120.1,2573.686
1790912220000,120.1,120.11,120.01,120.11,1304.65
1790912280000,120.1,120.19,120.09,120.17,1219.945
1790912340000,120.16,120.24,120.15,120.24,1700.089
1790912400000,120.24,120.29,120.2,120.28,1320.419
1790912460000,120.29,120.3,120.24,120.25,612.51
1790912520000,120.25,120.3,120.25,120.3,1498.08
1790912580000,120.29,120.32,120.29,120.32,831.83
1790912640000,120.31,120.33,120.3,120.32,997.729
1790912700000,120.33,120.4,120.28,120.32,2490.031
1790912760000,120.32,120.46,120.23,120.43,4321.362
1790912820000,120.42,120.49,120.42,120.46,2493.912
1790912880000,120.46,120.48,120.43,120.43,1123.614
1790912940000,120.43,120.44,120.32,120.32,6156.766
1790913000000,120.33,120.39,120.31,120.32,1124.899
1790913060000,120.32,120.32,120.26,120.27,847.594
1790913120000,120.27,120.35,120.27,120.35,2880.917
1790913180000,120.34,121.02,120.34,121.01,28557.17
1790913240000,121.01,121.1,120.87,120.94,7230.737
1790913300000,120.94,121.23,120.93,121.21,8843.242
1790913360000,121.2,121.29,121.05,121.26,4551.676
1790913420000,121.27,121.28,121.13,121.28,3999.968
1790913480000,121.28,121.28,121.15,121.18,4075.43
1790913540000,121.18,121.27,121.17,121.24,2693.05
1790913600000,121.24,121.37,121.24,121.36,6704.807
1790913660000,121.36,121.42,121.34,121.42,4022.199
1790913720000,121.41,121.45,121.25,121.44,4454.43
1790913780000,121.44,121.47,121.39,121.43,3911.269
1790913840000,121.42,121.44,121.32,121.38,2700.99
1790913900000,121.38,121.39,121.1,121.11,3849.118
1790913960000,121.12,121.12,120.93,120.93,3069.686
1790914020000,120.93,121.07,120.93,120.95,2925.463
1790914080000,120.96,120.97,120.9,120.92,1594.211
1790914140000,120.92,120.98,120.92,120.95,1068.798
1790914200000,120.95,121.0,120.92,120.97,1501.877
1790914260000,120.97,120.98,120.9,120.91,1964.505
1790914320000,120.9,120.93,120.86,120.9,2191.549
1790914380000,120.89,120.9,120.78,120.78,1429.293
1790914440000,120.78,120.79,120.69,120.71,2508.379
1790914500000,120.71,120.8,120.7,120.8,2137.552
1790914560000,120.79,121.01,120.79,120.98,4053.378
1790914620000,120.98,121.01,120.88,120.88,1755.724
1790914680000,120.88,121.02,120.88,121.01,1469.601
1790914740000,121.0,121.25,121.0,121.12,10529.409
1790914800000,121.12,121.71,121.1,121.61,21592.745
1790914860000,121.61,122.1,121.54,121.83,47401.564
1790914920000,121.83,121.95,121.48,121.49,8039.448
1790914980000,121.48,121.85,121.44,121.85,8207.509
1790915040000,121.85,121.9,121.73,121.8,5376.775
1790915100000,121.8,122.25,121.8,122.16,11107.038
1790915160000,122.15,122.34,122.08,122.28,9627.281
1790915220000,122.27,122.36,122.04,122.17,5914.011
1790915280000,122.17,122.34,122.15,122.28,5350.542
1790915340000,122.27,122.36,122.25,122.3,7284.771
1790915400000,122.29,122.61,122.29,122.52,16034.137
1790915460000,122.53,122.62,122.27,122.29,6796.649
1790915520000,122.3,122.33,122.11,122.14,4937.884
1790915580000,122.14,122.17,122.06,122.1,2561.476
1790915640000,122.1,122.1,122.01,122.01,1981.719
1790915700000,122.01,122.08,121.99,122.08,3368.677
1790915760000,122.08,122.09,121.91,121.96,3400.356
1790915820000,121.96,122.22,121.91,122.09,12966.577
1790915880000,122.1,122.22,122.07,122.12,5348.586
1790915940000,122.13,122.29,122.13,122.28,2952.245
1790916000000,122.29,122.52,122.25,122.26,5465.586
1790916060000,122.26,122.47,122.21,122.37,4971.938
1790916120000,122.37,122.53,122.32,122.43,3163.264
1790916180000,122.43,122.51,122.43,122.51,2206.829
1790916240000,122.5,122.62,122.37,122.5,4740.275
1790916300000,122.5,122.53,122.3,122.31,2909.711
1790916360000,122.3,122.57,122.3,122.53,5204.016
1790916420000,122.53,122.7,122.39,122.7,6507.178
1790916480000,122.69,122.95,122.69,122.94,12152.553
1790916540000,122.95,123.53,122.94,123.32,28834.791
1790916600000,123.31,123.49,123.27,123.48,12755.097
1790916660000,123.49,123.49,123.22,123.4,9617.593
1790916720000,123.39,123.49,123.31,123.38,8136.094
1790916780000,123.38,123.49,123.32,123.48,9269.932
1790916840000,123.48,123.7,123.21,123.25,35513.703
1790916900000,123.25,123.33,123.1,123.18,8764.656
1790916960000,123.18,123.33,123.15,123.16,9555.448
1790917020000,123.16,123.2,123.11,123.18,2663.999
1790917080000,123.18,123.22,122.97,123.08,18704.814
1790917140000,123.09,123.49,123.08,123.49,7479.937
1790917200000,123.49,123.76,123.41,123.57,11563.299
1790917260000,123.58,123.76,123.26,123.5,22937.804
1790917320000,123.5,123.51,123.27,123.29,5214.248
1790917380000,123.3,123.33,123.2,123.28,3061.447
1790917440000,123.27,123.39,123.19,123.19,4452.03
1790917500000,123.19,123.33,123.1,123.25,4706.425
1790917560000,123.24,123.43,123.21,123.43,3613.835
1790917620000,123.42,123.55,123.29,123.36,3512.19
1790917680000,123.36,123.54,123.36,123.53,5557.953
1790917740000,123.53,123.58,123.33,123.33,2825.729
1790917800000,123.33,123.45,123.25,123.3,4648.626
1790917860000,123.29,123.39,123.21,123.34,6163.268
1790917920000,123.34,123.45,123.31,123.43,4646.769
1790917980000,123.42,123.45,123.3,123.36,3771.364
1790918040000,123.36,123.4,123.3,123.36,3004.883
1790918100000,123.37,123.43,123.23,123.33,5144.577
1790918160000,123.33,123.34,123.04,123.06,4180.816
1790918220000,123.06,123.08,122.91,123.06,5677.817
1790918280000,123.06,123.13,122.97,122.97,2142.853
1790918340000,122.98,122.98,122.85,122.92,3059.302
1790918400000,122.92,123.02,122.91,122.91,2616.543
1790918460000,122.92,122.92,122.75,122.78,2311.055
1790918520000,122.78,123.0,122.77,123.0,3235.457
1790918580000,122.99,123.0,122.88,122.88,2071.959
1790918640000,122.87,122.88,122.69,122.69,2076.809
1790918700000,122.7,122.73,122.62,122.62,3775.383
1790918760000,122.62,122.72,122.59,122.64,5748.215
1790918820000,122.64,122.8,122.64,122.8,3173.955
1790918880000,122.8,122.8,122.55,122.66,5128.404
1790918940000,122.67,122.72,122.63,122.66,2344.172
1790919000000,122.67,122.74,122.56,122.72,3935.881
1790919060000,122.71,122.87,122.66,122.87,3648.126
1790919120000,122.86,122.93,122.81,122.9,2238.112
1790919180000,122.9,122.9,122.69,122.72,3904.862
1790919240000,122.72,122.81,122.66,122.71,2254.103
1790919300000,122.72,122.75,122.7,122.73,1423.913
1790919360000,122.72,122.73,122.56,122.58,6691.705
1790919420000,122.57,122.61,122.28,122.42,9713.863
1790919480000,122.43,122.44,122.07,122.09,5637.259
1790919540000,122.09,122.23,121.68,121.88,17920.752
1790919600000,121.89,122.04,121.83,121.89,6933.887
1790919660000,121.9,122.03,121.82,122.0,5599.689
1790919720000,121.99,122.1,121.96,122.08,2165.561
1790919780000,122.09,122.22,122.09,122.17,2960.059
1790919840000,122.17,122.24,122.15,122.15,1575.139
1790919900000,122.15,122.17,122.03,122.07,3134.513
1790919960000,122.06,122.15,122.01,122.08,2146.294
1790920020000,122.07,122.07,121.95,121.96,1470.558
1790920080000,121.97,122.1,121.96,122.07,2148.787
1790920140000,122.06,122.07,122.03,122.06,1721.36
1790920200000,122.07,122.12,122.06,122.12,1602.485
1790920260000,122.12,122.21,122.12,122.21,1102.085
1790920320000,122.2,122.21,122.01,122.02,1280.298
1790920380000,122.02,122.02,121.86,121.9,2615.892
1790920440000,121.9,121.95,121.85,121.87,2177.684
1790920500000,121.87,122.0,121.86,121.94,1358.493
1790920560000,121.95,121.95,121.9,121.93,806.696
1790920620000,121.93,121.93,121.86,121.87,1228.089
1790920680000,121.88,121.98,121.88,121.97,941.717
1790920740000,121.97,121.99,121.88,121.9,1006.477
1790920800000,121.9,121.95,121.72,121.85,4088.814
1790920860000,121.84,122.08,121.84,122.07,5559.907
1790920920000,122.07,122.1,121.96,122.03,2070.908
1790920980000,122.03,122.1,121.96,122.01,2505.446
1790921040000,122.01,122.04,121.96,121.99,2150.913
1790921100000,121.99,122.02,121.9,121.9,1803.593
1790921160000,121.9,122.03,121.85,121.89,4227.798
1790921220000,121.89,121.94,121.74,121.84,2506.791
1790921280000,121.83,121.84,121.49,121.55,5271.354
1790921340000,121.55,121.6,121.51,121.55,2144.505
1790921400000,121.55,121.61,121.51,121.61,1242.258
1790921460000,121.61,121.64,121.54,121.55,2325.112
1790921520000,121.56,121.6,121.53,121.57,4000.814
1790921580000,121.56,121.72,121.56,121.72,4454.38
1790921640000,121.72,121.72,121.61,121.64,4868.039
1790921700000,121.65,121.81,121.64,121.79,1651.123
1790921760000,121.78,121.84,121.72,121.72,2671.174
1790921820000,121.72,121.79,121.66,121.71,1285.365
1790921880000,121.71,121.73,121.63,121.64,777.397
1790921940000,121.64,121.65,121.54,121.59,1263.042
1790922000000,121.58,121.71,121.58,121.7,2026.411
1790922060000,121.71,121.8,121.71,121.77,1357.533
1790922120000,121.76,121.84,121.67,121.67,1229.667
1790922180000,121.68,121.77,121.64,121.74,1007.121
1790922240000,121.74,121.83,121.73,121.82,3718.163
1790922300000,121.83,122.0,121.81,121.94,17774.719
1790922360000,121.94,121.96,121.86,121.93,1966.876
1790922420000,121.93,121.97,121.87,121.94,1155.376
1790922480000,121.94,121.98,121.89,121.97,1228.691
1790922540000,121.98,121.99,121.93,121.93,944.366
1790922600000,121.92,121.95,121.84,121.88,1721.32
1790922660000,121.88,121.89,121.76,121.82,1975.96
1790922720000,121.81,121.99,121.81,121.98,867.041
1790922780000,121.97,122.02,121.97,122.01,2437.783
1790922840000,122.02,122.1,121.98,121.99,2100.995
1790922900000,121.99,122.06,121.74,121.76,3282.83
1790922960000,121.75,121.83,121.67,121.78,1184.033
1790923020000,121.78,121.85,121.74,121.82,712.111
1790923080000,121.82,121.88,121.76,121.82,950.728
1790923140000,121.81,121.92,121.81,121.91,619.521
1790923200000,121.92,121.97,121.88,121.89,840.494
1790923260000,121.89,121.92,121.84,121.89,1383.372
1790923320000,121.89,121.93,121.84,121.88,1161.996
1790923380000,121.87,121.94,121.82,121.94,519.305
1790923440000,121.94,121.94,121.89,121.91,346.578
1790923500000,121.9,121.9,121.79,121.86,897.424
1790923560000,121.87,121.94,121.87,121.94,462.791
1790923620000,121.94,121.97,121.87,121.89,763.521
1790923680000,121.88,121.89,121.86,121.89,530.417
1790923740000,121.89,121.98,121.88,121.95,632.619
1790923800000,121.95,122.08,121.95,122.08,939.596
1790923860000,122.08,122.11,122.04,122.04,1005.436
1790923920000,122.04,122.04,121.86,121.89,1404.231
1790923980000,121.89,121.9,121.82,121.83,1141.559
1790924040000,121.83,121.92,121.82,121.92,1595.228
1790924100000,121.92,121.98,121.92,121.96,823.695
1790924160000,121.96,121.98,121.86,121.86,1510.913
1790924220000,121.87,121.87,121.8,121.84,1029.9
1790924280000,121.84,121.88,121.77,121.81,2274.726
1790924340000,121.82,121.82,121.68,121.76,3463.679
1790924400000,121.76,121.77,121.6,121.6,1485.011
1790924460000,121.61,121.8,121.6,121.74,2250.252
1790924520000,121.73,121.73,121.47,121.51,1957.355
1790924580000,121.52,121.61,121.36,121.61,2756.405
1790924640000,121.6,121.67,121.5,121.5,1753.954
1790924700000,121.5,121.59,121.46,121.59,1439.478
1790924760000,121.59,121.69,121.53,121.69,1134.206
1790924820000,121.68,121.71,121.55,121.58,990.709
1790924880000,121.58,121.63,121.54,121.58,634.065
1790924940000,121.59,121.64,121.54,121.59,1058.466
1790925000000,121.58,121.64,121.56,121.64,401.978
1790925060000,121.64,121.66,121.61,121.64,402.407
1790925120000,121.65,121.65,121.54,121.57,406.942
1790925180000,121.57,121.67,121.57,121.6,383.939
1790925240000,121.6,121.61,121.51,121.52,724.468
1790925300000,121.52,121.53,121.37,121.43,1564.603
1790925360000,121.43,121.5,121.3,121.34,1363.703
1790925420000,121.33,121.39,121.29,121.34,3535.7
1790925480000,121.34,121.38,121.3,121.33,1102.542
1790925540000,121.33,121.37,121.3,121.3,858.495
1790925600000,121.3,121.3,121.18,121.19,1354.891
1790925660000,121.18,121.29,121.14,121.29,3355.636
1790925720000,121.28,121.39,121.26,121.29,3063.181
1790925780000,121.28,121.29,121.15,121.19,1478.745
1790925840000,121.19,121.26,121.17,121.21,985.042
1790925900000,121.2,121.31,121.2,121.27,898.545
1790925960000,121.27,121.27,121.23,121.26,576.365
1790926020000,121.26,121.31,121.25,121.26,736.073
1790926080000,121.27,121.31,121.26,121.29,1461.828
1790926140000,121.29,121.31,121.22,121.25,2380.815
1790926200000,121.24,121.24,121.06,121.07,2703.062
1790926260000,121.07,121.17,121.06,121.16,2187.534
1790926320000,121.17,121.26,121.14,121.21,1344.433
1790926380000,121.2,121.24,121.18,121.2,635.828
1790926440000,121.2,121.22,121.17,121.18,1317.159
1790926500000,121.18,121.2,121.15,121.16,832.943
1790926560000,121.15,121.2,121.13,121.16,1485.942
1790926620000,121.17,121.23,121.1,121.11,3220.29
1790926680000,121.12,121.14,121.06,121.07,1242.771
1790926740000,121.07,121.14,121.05,121.05,1270.146
1790926800000,121.05,121.1,121.04,121.06,2033.149
1790926860000,121.06,121.1,121.05,121.08,526.252
1790926920000,121.08,121.18,121.07,121.17,502.928
1790926980000,121.18,121.2,121.16,121.18,910.218
1790927040000,121.17,121.19,121.1,121.11,2198.034
1790927100000,121.11,121.28,121.11,121.26,3683.823
1790927160000,121.27,121.39,121.25,121.26,2570.249
1790927220000,121.26,121.26,121.14,121.18,1409.111
1790927280000,121.19,121.2,121.14,121.15,331.445
1790927340000,121.14,121.24,121.13,121.24,1162.1
1790927400000,121.24,121.27,121.17,121.26,1623.019
1790927460000,121.26,121.32,121.24,121.31,550.262
1790927520000,121.31,121.32,121.24,121.25,614.559
1790927580000,121.25,121.32,121.24,121.32,972.645
1790927640000,121.31,121.53,121.31,121.46,1598.567
1790927700000,121.45,121.6,121.43,121.57,1352.651
1790927760000,121.57,121.7,121.57,121.7,1548.184
1790927820000,121.7,121.83,121.67,121.82,1409.443
1790927880000,121.82,121.88,121.62,121.63,1625.02
1790927940000,121.63,121.72,121.62,121.72,608.848
1790928000000,121.72,121.89,121.7,121.84,3160.705
1790928060000,121.84,121.92,121.77,121.86,1990.606
1790928120000,121.86,122.0,121.81,121.99,1575.315
1790928180000,122.0,122.08,121.99,122.08,1408.542
1790928240000,122.07,122.14,121.93,121.94,3252.307
1790928300000,121.94,121.94,121.82,121.84,2095.311
1790928360000,121.84,121.97,121.83,121.97,1541.325
1790928420000,121.96,121.98,121.87,121.91,949.493
1790928480000,121.9,121.96,121.8,121.88,1210.85
1790928540000,121.88,121.91,121.87,121.91,893.63
1790928600000,121.9,122.04,121.9,122.04,1398.081
1790928660000,122.04,122.04,121.87,122.02,2025.926
1790928720000,122.02,122.05,121.95,121.97,1635.809
1790928780000,121.98,122.03,121.95,122.01,734.097
1790928840000,122.01,122.04,121.98,122.01,1939.483
1790928900000,122.02,122.13,122.01,122.12,1732.849
1790928960000,122.13,122.44,122.13,122.4,7145.693
1790929020000,122.4,122.82,122.39,122.72,6798.135
1790929080000,122.72,122.96,122.61,122.73,9902.128
1790929140000,122.73,122.79,122.61,122.73,4026.425
1790929200000,122.74,122.75,122.6,122.74,1544.536
1790929260000,122.74,122.99,122.68,122.69,4431.659
1790929320000,122.69,122.69,122.58,122.58,1407.371
1790929380000,122.59,122.59,122.43,122.46,1918.129
1790929440000,122.46,122.48,122.4,122.45,1117.527
1790929500000,122.46,122.47,122.4,122.43,1049.581
1790929560000,122.44,122.56,122.43,122.51,1488.946
1790929620000,122.5,122.52,122.43,122.43,905.802
1790929680000,122.43,122.43,122.26,122.34,8532.119
1790929740000,122.33,122.33,122.26,122.33,1891.888
1790929800000,122.32,122.5,122.28,122.45,5254.953
1790929860000,122.46,122.47,122.31,122.47,1549.275
1790929920000,122.46,122.47,122.3,122.31,1681.004
1790929980000,122.3,122.39,122.26,122.29,3453.66
1790930040000,122.28,122.34,122.21,122.29,1305.937
1790930100000,122.29,122.34,122.25,122.29,1069.009
1790930160000,122.29,122.44,122.28,122.38,5401.69
1790930220000,122.39,122.59,122.38,122.59,1767.305
1790930280000,122.59,122.65,122.55,122.55,2598.013
1790930340000,122.55,122.58,122.54,122.57,825.878
1790930400000,122.57,122.59,122.51,122.58,673.737
1790930460000,122.57,122.58,122.49,122.5,634.124
1790930520000,122.5,122.53,122.41,122.41,1306.167
1790930580000,122.4,122.4,122.35,122.35,812.497
1790930640000,122.35,122.36,122.24,122.25,673.042
1790930700000,122.24,122.24,122.09,122.16,1327.663
1790930760000,122.15,122.18,122.12,122.12,971.832
1790930820000,122.13,122.18,122.08,122.18,1200.635
1790930880000,122.17,122.19,122.11,122.13,2028.412
1790930940000,122.13,122.15,122.11,122.12,945.957
1790931000000,122.12,122.14,122.08,122.14,646.47
1790931060000,122.14,122.19,122.08,122.09,1194.243
1790931120000,122.09,122.13,122.07,122.07,1166.947
1790931180000,122.06,122.11,122.0,122.1,1137.666
1790931240000,122.1,122.1,122.0,122.01,1293.367
1790931300000,122.01,122.22,122.0,122.22,2347.37
1790931360000,122.22,122.22,122.17,122.18,1525.282
1790931420000,122.17,122.17,122.1,122.11,561.288
1790931480000,122.1,122.11,122.06,122.07,535.107
1790931540000,122.08,122.08,122.0,122.05,1261.302
1790931600000,122.05,122.05,121.99,121.99,500.159
1790931660000,121.99,121.99,121.85,121.87,1506.227
1790931720000,121.87,121.93,121.86,121.87,769.813
1790931780000,121.86,121.86,121.66,121.67,2013.659
1790931840000,121.67,121.67,121.58,121.66,1061.636
1790931900000,121.66,121.81,121.66,121.74,1609.307
1790931960000,121.74,121.81,121.71,121.73,918.152
1790932020000,121.74,121.84,121.73,121.82,625.926
1790932080000,121.82,121.86,121.76,121.77,1040.352
1790932140000,121.78,121.89,121.77,121.89,1337.043
1790932200000,121.9,121.97,121.89,121.95,1038.081
1790932260000,121.95,122.0,121.95,122.0,736.404
1790932320000,121.99,122.02,121.97,121.99,290.335
1790932380000,122.0,122.09,121.99,122.08,859.987
1790932440000,122.09,122.09,122.0,122.04,1127.811
1790932500000,122.04,122.09,122.02,122.05,2291.11
1790932560000,122.05,122.1,122.04,122.07,3551.61
1790932620000,122.07,122.16,122.06,122.12,1429.481
1790932680000,122.13,122.16,121.98,122.01,1914.73
1790932740000,122.01,122.05,121.98,122.05,883.656
1790932800000,122.05,122.05,121.98,121.99,342.016
1790932860000,121.99,122.07,121.9,121.95,1297.391
1790932920000,121.95,121.95,121.84,121.85,446.837
1790932980000,121.86,121.89,121.84,121.86,768.724
1790933040000,121.85,121.86,121.8,121.81,1737.664
1790933100000,121.81,121.81,121.76,121.79,2255.221
1790933160000,121.79,121.8,121.76,121.76,751.787
1790933220000,121.77,121.78,121.71,121.71,1260.647
1790933280000,121.72,121.73,121.68,121.68,734.354
1790933340000,121.67,121.83,121.66,121.83,1010.835
1790933400000,121.82,121.82,121.68,121.81,1476.446
1790933460000,121.81,121.96,121.77,121.95,755.329
1790933520000,121.96,122.03,121.95,122.0,1638.008
1790933580000,122.0,122.07,121.91,121.92,1460.332
1790933640000,121.93,121.98,121.91,121.93,505.781
1790933700000,121.92,121.93,121.83,121.83,643.42
1790933760000,121.84,121.87,121.78,121.78,1609.586
1790933820000,121.78,121.89,121.78,121.8,1827.97
1790933880000,121.8,121.92,121.8,121.92,1634.8
1790933940000,121.91,121.97,121.9,121.91,1503.022
1790934000000,121.9,121.91,121.86,121.87,843.198
1790934060000,121.87,121.88,121.78,121.79,399.576
1790934120000,121.78,121.87,121.75,121.85,1388.137
1790934180000,121.85,121.92,121.81,121.84,1436.979
1790934240000,121.85,121.88,121.77,121.88,1275.754
1790934300000,121.88,121.88,121.84,121.86,689.218
1790934360000,121.85,121.86,121.74,121.76,4428.158
1790934420000,121.76,121.77,121.7,121.72,803.837
1790934480000,121.72,121.82,121.68,121.82,1347.108
1790934540000,121.82,121.92,121.75,121.75,1954.875
1790934600000,121.75,121.86,121.74,121.81,1423.735
1790934660000,121.82,121.88,121.81,121.85,942.022
1790934720000,121.85,121.88,121.82,121.87,412.803
1790934780000,121.87,121.92,121.86,121.92,983.214
1790934840000,121.92,121.97,121.92,121.94,716.025
1790934900000,121.94,121.94,121.92,121.94,363.035
1790934960000,121.94,121.96,121.93,121.94,505.432
1790935020000,121.94,121.94,121.9,121.92,742.542
1790935080000,121.91,121.93,121.81,121.81,1421.491
1790935140000,121.81,121.84,121.77,121.77,364.912
1790935200000,121.78,121.82,121.76,121.82,671.887
1790935260000,121.83,121.83,121.77,121.79,688.995
1790935320000,121.79,121.8,121.66,121.67,1507.987
1790935380000,121.67,121.78,121.67,121.77,732.463
1790935440000,121.77,121.85,121.73,121.85,909.19
1790935500000,121.86,121.9,121.83,121.87,671.531
1790935560000,121.87,121.87,121.68,121.69,1456.935
1790935620000,121.69,121.85,121.69,121.79,416.288
1790935680000,121.79,121.82,121.78,121.82,230.687
1790935740000,121.82,121.83,121.7,121.7,999.248
1790935800000,121.71,121.71,121.66,121.67,829.535
1790935860000,121.67,121.7,121.65,121.66,456.473
1790935920000,121.65,121.72,121.65,121.69,1012.561
1790935980000,121.7,121.7,121.62,121.66,1047.906
1790936040000,121.67,121.68,121.61,121.61,1084.565
1790936100000,121.61,121.68,121.6,121.68,798.277
1790936160000,121.68,121.75,121.67,121.73,810.105
1790936220000,121.73,121.75,121.66,121.72,1659.258
1790936280000,121.72,121.79,121.7,121.71,578.157
1790936340000,121.71,121.73,121.68,121.71,542.79
1790936400000,121.71,121.78,121.71,121.72,284.766
1790936460000,121.72,121.74,121.66,121.7,519.685
1790936520000,121.71,121.73,121.56,121.57,1104.226
1790936580000,121.56,121.57,121.5,121.51,719.915
1790936640000,121.52,121.52,121.35,121.42,2126.939
1790936700000,121.42,121.53,121.4,121.51,1289.706
1790936760000,121.52,121.62,121.51,121.58,2033.398
1790936820000,121.58,121.68,121.55,121.68,592.73
1790936880000,121.69,121.8,121.66,121.8,1618.892
1790936940000,121.8,121.84,121.79,121.79,1049.568
1790937000000,121.79,121.82,121.78,121.81,521.196
1790937060000,121.8,121.81,121.69,121.7,725.43
1790937120000,121.7,121.87,121.7,121.81,904.979
1790937180000,121.81,121.92,121.81,121.89,1623.016
1790937240000,121.88,121.98,121.88,121.9,1214.585
1790937300000,121.91,122.02,121.88,122.02,1187.793
1790937360000,122.01,122.01,121.91,121.92,565.289
1790937420000,121.92,121.93,121.83,121.83,1024.327
1790937480000,121.84,121.87,121.83,121.87,381.994
1790937540000,121.86,121.95,121.86,121.95,888.237
1790937600000,121.96,121.98,121.95,121.98,363.471
1790937660000,121.98,122.1,121.97,122.1,629.331
1790937720000,122.1,122.13,122.05,122.1,1308.391
1790937780000,122.09,122.21,122.05,122.09,2541.353
1790937840000,122.08,122.11,122.07,122.08,596.879
1790937900000,122.09,122.1,122.07,122.07,880.699
1790937960000,122.07,122.08,122.02,122.05,1334.812
1790938020000,122.05,122.07,122.04,122.06,1210.672
1790938080000,122.06,122.06,122.0,122.01,793.646
1790938140000,122.01,122.06,121.98,122.02,1770.747
1790938200000,122.01,122.01,121.9,121.92,1201.179
1790938260000,121.91,121.92,121.78,121.78,1614.623
1790938320000,121.79,121.8,121.7,121.7,1794.648
1790938380000,121.7,121.75,121.7,121.71,614.247
1790938440000,121.72,121.98,121.72,121.98,4504.373
1790938500000,121.97,122.07,121.94,121.94,1152.822
1790938560000,121.94,122.02,121.93,121.96,745.585
1790938620000,121.96,121.97,121.92,121.94,293.245
1790938680000,121.94,121.97,121.9,121.97,552.033
1790938740000,121.96,121.97,121.92,121.92,583.982
1790938800000,121.92,122.0,121.87,121.87,1366.116
1790938860000,121.87,122.02,121.84,121.96,870.01
1790938920000,121.97,122.1,121.97,122.05,496.133
1790938980000,122.05,122.06,121.96,122.05,694.151
1790939040000,122.06,122.18,122.06,122.18,717.5
1790939100000,122.17,122.26,122.17,122.25,1615.84
1790939160000,122.24,122.33,122.24,122.32,1496.686
1790939220000,122.32,122.38,122.27,122.27,1723.461
1790939280000,122.28,122.31,122.21,122.31,653.511
1790939340000,122.31,122.47,122.3,122.42,1222.407
1790939400000,122.41,122.41,122.34,122.37,842.25
1790939460000,122.38,122.42,122.3,122.31,1715.574
1790939520000,122.3,122.3,122.25,122.26,1152.938
1790939580000,122.25,122.27,122.22,122.22,405.973
1790939640000,122.23,122.24,122.18,122.24,626.509
1790939700000,122.24,122.32,122.23,122.31,500.451
1790939760000,122.32,122.32,122.19,122.19,755.112
1790939820000,122.19,122.24,122.15,122.21,1209.694
1790939880000,122.21,122.22,122.11,122.12,849.859
1790939940000,122.11,122.23,122.11,122.19,770.954
1790940000000,122.2,122.22,122.16,122.2,1214.501
1790940060000,122.19,122.25,122.13,122.13,3236.594
1790940120000,122.13,122.19,122.13,122.14,380.458
1790940180000,122.13,122.15,122.09,122.14,303.578
1790940240000,122.13,122.13,122.06,122.1,620.727
1790940300000,122.09,122.13,122.05,122.1,498.622
1790940360000,122.11,122.11,122.06,122.07,654.145
1790940420000,122.06,122.07,122.04,122.05,487.624
1790940480000,122.06,122.06,122.05,122.05,282.004
1790940540000,122.06,122.07,122.05,122.06,175.915
1790940600000,122.07,122.07,121.99,121.99,1598.383
1790940660000,121.99,122.16,121.98,122.16,5155.11
1790940720000,122.15,122.15,122.03,122.14,888.851
1790940780000,122.14,122.15,122.1,122.11,949.257
1790940840000,122.11,122.14,122.1,122.12,765.919
1790940900000,122.11,122.16,122.11,122.16,1197.099
1790940960000,122.16,122.25,122.15,122.25,852.097
1790941020000,122.24,122.25,122.18,122.18,354.281
1790941080000,122.19,122.22,122.15,122.17,1354.666
1790941140000,122.16,122.17,122.1,122.1,1202.916
1790941200000,122.11,122.11,122.01,122.03,1273.561
1790941260000,122.03,122.11,122.02,122.02,3322.578
1790941320000,122.03,122.09,122.02,122.08,1348.119
1790941380000,122.08,122.09,122.0,122.02,7134.24
1790941440000,122.01,122.1,121.94,122.08,1083.774
1790941500000,122.09,122.09,121.98,122.06,1667.67
1790941560000,122.06,122.09,122.03,122.05,1128.522
1790941620000,122.04,122.04,121.95,121.96,1387.19
1790941680000,121.96,122.02,121.95,121.99,1200.712
1790941740000,121.98,122.01,121.89,122.01,2229.358
1790941800000,122.01,122.01,121.99,122.0,768.683
1790941860000,122.0,122.07,122.0,122.03,2230.636
1790941920000,122.04,122.15,122.04,122.14,2155.295
1790941980000,122.14,122.15,122.06,122.06,1152.175
1790942040000,122.06,122.13,122.06,122.12,1165.632
1790942100000,122.13,122.14,121.9,121.92,2110.671
1790942160000,121.91,121.96,121.91,121.95,905.341
1790942220000,121.95,121.95,121.9,121.93,1108.564
1790942280000,121.93,121.93,121.88,121.9,552.726
1790942340000,121.9,121.93,121.81,121.82,1359.583
1790942400000,121.82,121.95,121.76,121.91,1597.949
1790942460000,121.9,121.9,121.75,121.75,1006.293
1790942520000,121.75,121.75,121.62,121.63,1031.602
1790942580000,121.64,121.76,121.63,121.68,966.432
1790942640000,121.68,121.79,121.68,121.76,1907.709
1790942700000,121.77,121.86,121.75,121.75,1425.013
1790942760000,121.75,121.9,121.75,121.9,695.1
1790942820000,121.89,121.94,121.88,121.93,743.599
1790942880000,121.94,121.97,121.84,121.97,741.773
1790942940000,121.97,121.97,121.9,121.9,867.109
1790943000000,121.9,121.94,121.86,121.92,496.219
1790943060000,121.91,121.93,121.86,121.86,589.722
1790943120000,121.86,121.88,121.81,121.85,867.334
1790943180000,121.86,121.86,121.77,121.79,2366.403
1790943240000,121.79,121.82,121.77,121.77,1323.704
1790943300000,121.77,121.86,121.75,121.84,1508.215
1790943360000,121.85,121.98,121.84,121.9,1502.451
1790943420000,121.9,121.95,121.88,121.92,1359.898
1790943480000,121.92,121.98,121.91,121.93,834.69
1790943540000,121.93,122.04,121.92,121.98,1143.394
1790943600000,121.98,122.05,121.97,122.05,1251.585
1790943660000,122.04,122.08,122.04,122.07,1743.3
1790943720000,122.06,122.12,122.06,122.09,754.016
1790943780000,122.09,122.09,121.9,121.9,2705.578
1790943840000,121.91,121.95,121.77,121.85,2098.433
1790943900000,121.84,122.06,121.79,122.03,2145.277
1790943960000,122.02,122.02,121.89,121.98,1836.963
1790944020000,121.98,122.09,121.97,122.03,2147.636
1790944080000,122.03,122.13,121.98,122.13,2090.754
1790944140000,122.12,122.25,122.11,122.12,4002.662
1790944200000,122.12,122.81,121.96,122.57,46784.048
1790944260000,122.58,123.21,122.5,122.57,19883.32
1790944320000,122.57,122.88,122.55,122.88,6290.273
1790944380000,122.88,122.89,122.32,122.45,9528.684
1790944440000,122.45,122.45,122.05,122.35,9558.916
1790944500000,122.34,122.41,122.23,122.3,2667.852
1790944560000,122.31,122.57,122.2,122.52,2999.371
1790944620000,122.52,122.61,122.43,122.53,2754.337
1790944680000,122.53,122.53,122.37,122.4,2099.67
1790944740000,122.39,122.41,122.28,122.31,1570.895
1790944800000,122.31,122.33,122.06,122.23,2964.335
1790944860000,122.22,122.25,121.8,121.93,4705.255
1790944920000,121.93,122.08,121.8,121.88,7972.809
1790944980000,121.88,121.94,121.61,121.69,4072.064
1790945040000,121.69,121.92,121.63,121.77,5122.004
1790945100000,121.77,122.0,121.74,122.0,3333.208
1790945160000,121.99,122.25,121.99,122.23,4135.08
1790945220000,122.22,122.3,122.12,122.29,2424.054
1790945280000,122.29,122.32,122.24,122.26,981.866
1790945340000,122.26,122.38,122.19,122.19,1669.257
1790945400000,122.19,122.38,122.12,122.27,1739.961
1790945460000,122.28,122.29,122.12,122.16,1819.179
1790945520000,122.17,122.39,122.16,122.28,1175.786
1790945580000,122.29,122.34,122.25,122.29,862.375
1790945640000,122.28,122.4,122.27,122.4,781.409
1790945700000,122.4,122.5,122.4,122.47,1170.288
1790945760000,122.48,122.63,122.46,122.62,1658.879
1790945820000,122.62,122.63,122.49,122.57,4710.703
1790945880000,122.57,122.58,122.51,122.56,692.136
1790945940000,122.57,122.63,122.54,122.56,1669.482
1790946000000,122.56,122.56,122.38,122.54,1817.906
1790946060000,122.53,122.75,122.53,122.73,1886.141
1790946120000,122.72,122.77,122.57,122.66,3441.17
1790946180000,122.66,122.95,122.62,122.92,3085.526
1790946240000,122.92,122.97,122.76,122.77,2772.099
1790946300000,122.77,122.81,122.62,122.68,2316.564
1790946360000,122.68,122.74,122.56,122.57,1764.093
1790946420000,122.57,122.61,122.5,122.56,3049.144
1790946480000,122.56,122.63,122.51,122.52,1154.06
1790946540000,122.52,122.58,122.49,122.54,1056.772
1790946600000,122.54,122.61,122.53,122.59,434.483
1790946660000,122.59,122.6,122.41,122.42,2561.427
1790946720000,122.42,122.44,122.36,122.42,884.502
1790946780000,122.41,122.45,122.37,122.44,834.466
1790946840000,122.44,122.49,122.38,122.38,3027.299
1790946900000,122.39,122.46,122.32,122.46,859.39
1790946960000,122.47,122.57,122.44,122.52,2680.915
1790947020000,122.52,122.59,122.38,122.4,1105.307
1790947080000,122.41,122.49,122.38,122.39,822.734
1790947140000,122.39,122.55,122.38,122.49,1935.546
1790947200000,122.48,122.55,122.39,122.54,979.067
1790947260000,122.55,122.62,122.47,122.48,1974.739
1790947320000,122.48,122.53,122.42,122.52,429.846
1790947380000,122.52,122.52,122.41,122.5,678.945
1790947440000,122.49,122.49,122.37,122.42,1074.456
1790947500000,122.42,122.48,122.36,122.42,947.88
1790947560000,122.42,122.44,122.28,122.3,652.376
1790947620000,122.3,122.34,122.28,122.32,849.966
1790947680000,122.33,122.43,122.33,122.39,836.534
1790947740000,122.39,122.4,122.28,122.3,936.804
1790947800000,122.31,122.39,122.23,122.39,1778.472
1790947860000,122.39,122.71,122.39,122.71,3294.437
1790947920000,122.7,122.83,122.7,122.77,2604.862
1790947980000,122.76,122.89,122.71,122.86,2157.597
1790948040000,122.86,123.02,122.79,123.0,5812.146
1790948100000,123.01,123.21,123.01,123.08,5133.355
1790948160000,123.09,123.23,123.03,123.23,3210.286
1790948220000,123.22,123.37,123.17,123.19,4087.982
1790948280000,123.2,123.33,122.96,123.06,4825.976
1790948340000,123.05,123.24,123.01,123.17,4328.148
1790948400000,123.17,123.19,123.01,123.02,1562.776
1790948460000,123.02,123.05,122.89,122.97,2502.548
1790948520000,122.97,122.98,122.79,122.86,2906.503
1790948580000,122.85,123.03,122.82,122.91,2506.326
1790948640000,122.9,122.98,122.82,122.92,2589.026
1790948700000,122.92,123.03,122.9,123.01,1294.102
1790948760000,123.0,123.07,122.89,122.98,5747.74
1790948820000,122.98,123.04,122.91,122.98,1482.53
1790948880000,122.97,122.98,122.58,122.84,5301.499
1790948940000,122.83,122.96,122.77,122.79,4940.886
1790949000000,122.79,122.8,122.56,122.61,3122.962
1790949060000,122.6,122.6,122.3,122.3,5134.761
1790949120000,122.31,122.56,122.31,122.49,2568.638
1790949180000,122.49,122.59,122.42,122.57,1923.786
1790949240000,122.56,122.58,122.27,122.27,3584.968
1790949300000,122.27,122.34,122.16,122.3,3242.501
1790949360000,122.3,122.34,122.06,122.07,2983.62
1790949420000,122.06,122.26,121.9,122.12,6144.006
1790949480000,122.12,122.23,122.03,122.21,2541.207
1790949540000,122.21,122.21,122.04,122.06,3281.521
1790949600000,122.07,122.09,121.93,121.99,5835.358
1790949660000,122.0,122.1,121.86,122.1,3218.717
1790949720000,122.1,122.27,122.07,122.22,1825.288
1790949780000,122.21,122.21,122.07,122.16,4976.929
1790949840000,122.16,122.38,122.15,122.38,1303.925
1790949900000,122.38,122.44,122.26,122.26,2118.745
1790949960000,122.26,122.3,122.09,122.11,1043.067
1790950020000,122.1,122.1,121.81,121.82,3262.855
1790950080000,121.82,121.97,121.75,121.97,2673.644
1790950140000,121.97,122.13,121.97,121.98,1120.083
1790950200000,121.98,122.04,121.79,121.81,2579.975
1790950260000,121.82,121.91,121.72,121.78,4356.068
1790950320000,121.78,121.97,121.77,121.91,2080.873
1790950380000,121.91,122.01,121.9,121.95,1028.676
1790950440000,121.96,121.97,121.81,121.82,1785.902
1790950500000,121.82,121.85,121.68,121.69,1337.926
1790950560000,121.69,121.89,121.63,121.84,2390.886
1790950620000,121.85,121.92,121.85,121.9,2987.449
1790950680000,121.9,122.12,121.9,121.96,5820.305
1790950740000,121.96,122.1,121.96,122.08,2873.729
1790950800000,122.08,122.17,122.02,122.17,1469.572
1790950860000,122.16,122.33,122.09,122.31,1398.782
1790950920000,122.3,122.3,122.05,122.16,1091.834
1790950980000,122.15,122.16,122.06,122.11,2000.309
1790951040000,122.1,122.18,122.1,122.14,1143.488
1790951100000,122.14,122.16,122.0,122.0,1385.655
1790951160000,122.0,122.1,121.92,121.99,2618.875
1790951220000,121.99,122.1,121.86,121.86,2630.382
1790951280000,121.86,121.98,121.85,121.94,5523.649
1790951340000,121.93,121.93,121.68,121.69,1212.217
1790951400000,121.69,121.72,121.51,121.64,4137.32
1790951460000,121.64,121.73,121.47,121.47,9807.691
1790951520000,121.48,121.63,121.38,121.53,6253.51
1790951580000,121.53,121.54,121.3,121.41,9283.595
1790951640000,121.41,121.41,121.05,121.31,13989.044
1790951700000,121.32,121.53,121.24,121.48,3813.17
1790951760000,121.47,121.51,121.26,121.36,2258.255
1790951820000,121.36,121.37,121.15,121.16,3972.976
1790951880000,121.17,121.41,121.17,121.32,4680.027
1790951940000,121.32,121.43,121.32,121.4,1209.594
1790952000000,121.39,121.42,121.3,121.35,1201.44
1790952060000,121.35,121.44,121.25,121.44,3033.817
1790952120000,121.43,121.53,121.43,121.45,4626.779
1790952180000,121.45,121.47,121.39,121.4,2192.628
1790952240000,121.39,121.42,121.25,121.42,2517.27
1790952300000,121.42,121.47,121.33,121.34,1475.842
1790952360000,121.34,121.49,121.33,121.48,742.873
1790952420000,121.48,121.59,121.44,121.56,1180.319
1790952480000,121.56,121.6,121.51,121.59,345.637
1790952540000,121.58,121.58,121.47,121.47,839.641
1790952600000,121.47,121.48,121.33,121.33,1139.19
1790952660000,121.33,121.33,121.1,121.18,3192.661
1790952720000,121.19,121.21,120.97,121.1,6335.812
1790952780000,121.11,121.14,120.92,120.94,2054.958
1790952840000,120.94,120.95,120.41,120.43,12291.642
1790952900000,120.42,120.57,120.09,120.57,8641.099
1790952960000,120.57,120.63,120.37,120.61,2850.094
1790953020000,120.61,120.7,120.55,120.67,3270.342
1790953080000,120.67,120.73,120.63,120.66,1505.103
1790953140000,120.67,120.72,120.58,120.64,2146.128
1790953200000,120.65,120.75,120.54,120.59,6413.528
1790953260000,120.59,120.65,120.5,120.65,3934.121
1790953320000,120.65,120.68,120.43,120.43,2918.939
1790953380000,120.44,120.53,120.36,120.46,5306.031
1790953440000,120.45,120.47,120.29,120.33,2938.692
1790953500000,120.33,120.38,120.0,120.05,15670.074
1790953560000,120.05,120.05,119.83,120.0,10953.652
1790953620000,120.0,120.0,119.68,119.74,4909.344
1790953680000,119.73,120.0,119.67,119.98,4059.613
1790953740000,119.98,120.15,119.92,120.11,4341.877
1790953800000,120.12,120.3,120.1,120.24,2874.897
1790953860000,120.23,120.26,120.08,120.19,1982.861
1790953920000,120.2,120.26,120.04,120.06,2650.883
1790953980000,120.06,120.15,120.0,120.15,1894.766
1790954040000,120.15,120.27,120.15,120.22,1011.301
1790954100000,120.21,120.34,120.08,120.08,2358.614
1790954160000,120.08,120.08,119.86,119.87,1881.682
1790954220000,119.87,120.05,119.84,119.96,3510.538
1790954280000,119.96,120.12,119.96,120.09,2068.572
1790954340000,120.08,120.12,119.93,119.96,2182.397
1790954400000,119.96,120.04,119.91,119.91,1668.301
1790954460000,119.91,120.02,119.9,119.98,2394.652
1790954520000,119.98,120.07,119.91,119.91,1427.114
1790954580000,119.91,119.96,119.88,119.95,827.096
1790954640000,119.94,119.97,119.71,119.74,2735.553
1790954700000,119.74,119.86,119.69,119.86,2447.977
1790954760000,119.85,120.13,119.84,120.11,5079.254
1790954820000,120.11,120.21,120.01,120.14,2393.142
1790954880000,120.13,120.24,120.13,120.18,951.088
1790954940000,120.18,120.18,119.97,120.09,2842.702
1790955000000,120.08,120.17,119.97,120.02,3430.484
1790955060000,120.02,120.14,119.95,119.98,1689.485
1790955120000,119.97,120.01,119.85,119.97,1849.452
1790955180000,119.96,120.13,119.91,120.1,824.67
1790955240000,120.11,120.13,119.9,119.9,1183.599
1790955300000,119.91,120.01,119.81,119.96,1926.814
1790955360000,119.96,119.97,119.84,119.89,669.292
1790955420000,119.89,120.04,119.81,120.0,9528.231
1790955480000,120.01,120.07,119.95,120.06,2372.174
1790955540000,120.06,120.08,119.9,119.94,1295.298
1790955600000,119.94,119.94,119.79,119.79,2261.368
1790955660000,119.79,119.82,119.72,119.82,3982.742
1790955720000,119.82,120.2,119.79,120.2,5605.009
1790955780000,120.19,120.19,119.93,119.94,1719.38
1790955840000,119.95,119.98,119.88,119.9,1032.633
1790955900000,119.91,119.96,119.86,119.88,1096.282
1790955960000,119.89,119.9,119.8,119.85,1208.279
1790956020000,119.84,119.89,119.77,119.81,1979.241
1790956080000,119.82,120.02,119.81,119.91,1957.442
1790956140000,119.91,120.1,119.88,120.07,1864.477
1790956200000,120.07,120.14,119.95,120.01,1529.19
1790956260000,120.0,120.26,119.99,120.13,2983.342
1790956320000,120.13,120.13,119.96,120.01,1299.42
1790956380000,120.01,120.06,119.95,119.96,1499.273
1790956440000,119.96,120.08,119.83,119.87,1191.478
1790956500000,119.86,119.87,119.73,119.86,2522.105
1790956560000,119.86,119.99,119.86,119.9,767.724
1790956620000,119.9,119.94,119.87,119.92,713.791
1790956680000,119.92,119.97,119.87,119.89,1422.934
1790956740000,119.89,119.98,119.87,119.98,1371.791
1790956800000,119.98,120.04,119.88,119.97,3144.484
1790956860000,119.97,120.19,119.96,120.19,1871.323
1790956920000,120.19,120.27,120.12,120.18,1501.73
1790956980000,120.18,120.2,120.12,120.12,854.306
1790957040000,120.12,120.21,120.06,120.21,731.284
1790957100000,120.22,120.27,120.1,120.11,4949.763
1790957160000,120.11,120.14,119.98,120.01,1625.979
1790957220000,120.01,120.1,119.95,119.95,1038.514
1790957280000,119.95,120.02,119.87,120.0,1163.923
1790957340000,119.99,120.01,119.92,119.99,865.166
1790957400000,119.99,120.04,119.84,119.87,2217.95
1790957460000,119.87,119.9,119.77,119.78,1665.176
1790957520000,119.79,119.84,119.77,119.81,1286.872
1790957580000,119.81,120.01,119.79,119.96,2394.833
1790957640000,119.97,120.08,119.96,120.04,1339.808
1790957700000,120.04,120.2,120.01,120.12,1800.973
1790957760000,120.13,120.23,120.11,120.2,1634.28
1790957820000,120.21,120.31,120.2,120.29,1020.411
1790957880000,120.3,120.44,120.29,120.32,1570.738
1790957940000,120.31,120.39,120.31,120.35,796.8
1790958000000,120.36,120.37,120.21,120.22,4457.32
1790958060000,120.22,120.27,120.19,120.26,1802.593
1790958120000,120.26,120.26,120.09,120.14,2063.48
1790958180000,120.13,120.14,120.01,120.01,3407.074
1790958240000,120.02,120.08,119.91,119.99,7204.477
1790958300000,119.99,120.13,119.97,119.97,997.233
1790958360000,119.98,120.02,119.96,119.97,813.546
1790958420000,119.96,120.1,119.93,120.07,885.73
1790958480000,120.06,120.06,119.97,119.97,843.98
1790958540000,119.97,119.97,119.91,119.95,1172.977
1790958600000,119.95,119.99,119.92,119.97,563.413
1790958660000,119.98,120.02,119.88,119.9,5670.152
1790958720000,119.9,119.92,119.77,119.83,2183.27
1790958780000,119.84,119.93,119.76,119.82,2445.515
1790958840000,119.82,119.91,119.82,119.82,2941.78
1790958900000,119.83,119.92,119.82,119.83,1424.812
1790958960000,119.82,119.87,119.81,119.85,310.777
1790959020000,119.86,119.87,119.72,119.72,1461.708
1790959080000,119.72,119.79,119.69,119.74,1259.583
1790959140000,119.73,119.78,119.56,119.57,4015.545
1790959200000,119.58,119.61,119.56,119.58,1684.96
1790959260000,119.57,119.58,119.47,119.52,2218.713
1790959320000,119.52,119.56,119.47,119.56,1235.782
1790959380000,119.56,119.73,119.56,119.72,4486.154
1790959440000,119.72,119.82,119.72,119.82,643.963
1790959500000,119.81,120.0,119.81,120.0,3766.443
1790959560000,120.0,120.07,120.0,120.01,1183.852
1790959620000,120.01,120.05,119.97,120.0,3026.96
1790959680000,120.0,120.04,119.95,119.99,6632.395
1790959740000,119.98,120.07,119.96,120.04,2326.182
1790959800000,120.05,120.08,119.99,120.07,1000.582
1790959860000,120.07,120.15,120.01,120.05,3135.487
1790959920000,120.04,120.05,119.97,119.97,1214.009
1790959980000,119.97,120.02,119.94,119.94,947.075
1790960040000,119.95,120.01,119.91,119.91,1347.271
1790960100000,119.92,119.98,119.88,119.88,802.696
1790960160000,119.88,119.88,119.77,119.86,1837.0
1790960220000,119.86,119.96,119.86,119.92,1413.37
1790960280000,119.92,120.01,119.92,119.97,916.077
1790960340000,119.97,119.98,119.91,119.96,717.758
1790960400000,119.96,120.03,119.92,120.03,812.816
1790960460000,120.02,120.17,120.01,120.17,1035.967
1790960520000,120.16,120.17,120.14,120.14,562.226
1790960580000,120.15,120.16,120.11,120.11,429.713
1790960640000,120.11,120.11,120.01,120.01,879.25
1790960700000,120.02,120.09,119.99,120.04,798.12
1790960760000,120.04,120.06,119.9,119.91,1071.757
1790960820000,119.91,119.94,119.89,119.92,417.01
1790960880000,119.91,120.04,119.91,119.98,1081.39
1790960940000,119.98,120.01,119.96,120.0,1124.456
1790961000000,120.01,120.01,119.97,119.98,657.169
1790961060000,119.97,119.98,119.87,119.92,1156.33
1790961120000,119.93,120.0,119.87,119.95,1432.624
1790961180000,119.95,119.97,119.81,119.83,1166.535
1790961240000,119.84,119.85,119.65,119.7,7268.499
1790961300000,119.71,119.77,119.5,119.51,8558.671
1790961360000,119.52,119.69,119.45,119.69,4674.339
1790961420000,119.69,119.76,119.63,119.69,3175.799
1790961480000,119.7,119.87,119.69,119.86,4934.186
1790961540000,119.87,119.99,119.85,119.99,1468.289
1790961600000,120.0,120.0,119.85,119.95,2101.539
1790961660000,119.96,119.96,119.79,119.89,879.754
1790961720000,119.89,119.96,119.87,119.87,639.957
1790961780000,119.87,119.87,119.73,119.74,630.056
1790961840000,119.73,119.73,119.53,119.62,3654.629
1790961900000,119.63,119.69,119.57,119.68,4838.543
1790961960000,119.67,119.74,119.64,119.69,838.374
1790962020000,119.69,119.71,119.61,119.69,950.829
1790962080000,119.69,119.72,119.67,119.69,381.377
1790962140000,119.69,119.71,119.65,119.67,1349.055
1790962200000,119.68,119.77,119.64,119.72,2170.237
1790962260000,119.73,119.82,119.72,119.73,1002.714
1790962320000,119.73,119.74,119.58,119.71,1548.951
1790962380000,119.71,119.8,119.7,119.8,656.684
1790962440000,119.79,119.84,119.77,119.8,645.072
1790962500000,119.79,119.81,119.74,119.76,893.09
1790962560000,119.75,119.75,119.64,119.64,1335.89
1790962620000,119.65,119.69,119.55,119.55,424.918
1790962680000,119.54,119.55,119.48,119.5,1820.88
1790962740000,119.49,119.5,119.3,119.34,3976.542
1790962800000,119.34,119.49,119.31,119.45,2495.682
1790962860000,119.45,119.5,119.32,119.38,3932.513
1790962920000,119.38,119.38,119.28,119.29,4870.856
1790962980000,119.29,119.37,119.22,119.35,4840.269
1790963040000,119.35,119.41,119.32,119.37,1338.047
1790963100000,119.37,119.41,119.3,119.31,682.674
1790963160000,119.3,119.35,119.25,119.34,1131.961
1790963220000,119.35,119.43,119.33,119.43,744.937
1790963280000,119.43,119.53,119.41,119.52,1938.421
1790963340000,119.52,119.65,119.52,119.64,1152.717
1790963400000,119.65,119.77,119.55,119.63,1937.412
1790963460000,119.64,119.72,119.58,119.71,1578.64
1790963520000,119.71,119.8,119.69,119.7,2130.047
1790963580000,119.69,119.7,119.59,119.62,710.497
1790963640000,119.61,119.64,119.58,119.63,418.443
1790963700000,119.63,119.63,119.59,119.6,291.823
1790963760000,119.59,119.6,119.58,119.59,1328.835
1790963820000,119.58,119.64,119.58,119.58,574.579
1790963880000,119.58,119.65,119.57,119.63,527.203
1790963940000,119.64,119.74,119.63,119.69,603.134
1790964000000,119.68,119.87,119.66,119.83,482.497
1790964060000,119.83,119.83,119.73,119.75,403.916
1790964120000,119.75,119.76,119.72,119.74,845.703
1790964180000,119.73,119.73,119.65,119.66,605.786
1790964240000,119.66,119.76,119.63,119.75,1265.904
1790964300000,119.74,119.74,119.65,119.66,1034.872
1790964360000,119.65,119.71,119.64,119.71,1265.396
1790964420000,119.72,119.77,119.66,119.72,865.344
1790964480000,119.73,119.73,119.66,119.68,992.366
1790964540000,119.68,119.69,119.57,119.58,1680.687
1790964600000,119.58,119.6,119.57,119.59,159.06
1790964660000,119.6,119.68,119.6,119.66,1122.766
1790964720000,119.66,119.72,119.65,119.66,831.839
1790964780000,119.65,119.73,119.63,119.71,1534.988
1790964840000,119.72,119.76,119.69,119.75,514.829
1790964900000,119.75,119.75,119.7,119.71,337.119
1790964960000,119.71,119.71,119.41,119.41,1561.724
1790965020000,119.4,119.47,119.31,119.4,2028.966
1790965080000,119.39,119.43,119.25,119.25,1588.584
1790965140000,119.26,119.27,119.13,119.17,2268.48
1790965200000,119.17,119.21,119.1,119.12,1651.45
1790965260000,119.12,119.2,119.1,119.13,1351.609
1790965320000,119.13,119.15,119.08,119.1,2428.169
1790965380000,119.1,119.13,119.05,119.07,981.783
1790965440000,119.07,119.09,118.92,119.01,6712.952
1790965500000,119.01,119.01,118.87,118.9,2119.002
1790965560000,118.9,118.94,118.88,118.88,553.369
1790965620000,118.88,118.89,118.82,118.86,1356.891
1790965680000,118.86,118.95,118.86,118.94,2580.105
1790965740000,118.94,119.0,118.94,118.99,686.309
1790965800000,119.0,119.01,118.81,118.81,1192.645
1790965860000,118.82,118.82,118.77,118.8,2546.872
1790965920000,118.8,118.87,118.75,118.86,1302.115
1790965980000,118.85,118.85,118.68,118.7,1929.551
1790966040000,118.71,118.73,118.6,118.65,4986.098
1790966100000,118.66,118.71,118.5,118.66,8166.813
1790966160000,118.65,118.69,118.59,118.64,2331.055
1790966220000,118.65,118.7,118.53,118.56,5886.128
1790966280000,118.55,118.56,118.34,118.34,4642.433
1790966340000,118.35,118.35,117.4,117.41,52786.6
1790966400000,117.4,117.93,117.2,117.91,21499.865
1790966460000,117.91,117.99,117.32,117.59,6296.901
1790966520000,117.59,117.82,117.11,117.81,9046.452
1790966580000,117.81,118.0,117.47,117.48,4864.366
1790966640000,117.48,117.67,117.32,117.65,8391.46
1790966700000,117.65,117.71,117.55,117.61,2395.395
1790966760000,117.61,117.83,117.52,117.81,3675.67
1790966820000,117.81,117.81,117.24,117.31,20121.485
1790966880000,117.3,117.54,117.29,117.45,6899.169
1790966940000,117.46,117.54,117.41,117.48,3430.236
1790967000000,117.48,117.49,117.41,117.47,1471.459
1790967060000,117.47,117.85,117.46,117.83,3512.336
1790967120000,117.83,118.06,117.83,118.01,3570.282
1790967180000,118.0,118.0,117.81,117.88,3025.141
1790967240000,117.89,118.02,117.84,118.02,2241.2
1790967300000,118.02,118.03,117.84,117.93,5732.765
1790967360000,117.92,117.93,117.85,117.92,1216.36
1790967420000,117.92,118.14,117.9,118.07,3593.004
1790967480000,118.06,118.16,118.01,118.16,1921.0
1790967540000,118.15,118.19,118.12,118.14,1390.233
1790967600000,118.14,118.3,118.1,118.29,1862.529
1790967660000,118.29,118.51,118.29,118.49,5315.442
1790967720000,118.49,118.5,118.28,118.32,6553.97
1790967780000,118.32,118.41,118.21,118.34,2269.158
1790967840000,118.34,118.46,118.33,118.41,2982.883
1790967900000,118.41,118.51,118.4,118.46,5522.857
1790967960000,118.47,118.51,118.38,118.4,2354.092
1790968020000,118.4,118.44,118.27,118.3,2975.357
1790968080000,118.31,118.32,118.2,118.24,1079.215
1790968140000,118.23,118.23,118.05,118.11,1910.302
1790968200000,118.12,118.16,118.0,118.08,2844.143
1790968260000,118.08,118.14,118.02,118.04,11359.747
1790968320000,118.05,118.08,117.85,117.87,10582.68
1790968380000,117.86,117.94,117.82,117.93,3460.944
1790968440000,117.94,117.94,117.76,117.87,2086.191
1790968500000,117.87,117.96,117.79,117.8,2513.277
1790968560000,117.8,117.8,117.45,117.59,3450.24
1790968620000,117.58,117.73,117.5,117.57,3918.608
1790968680000,117.57,117.7,117.45,117.7,4064.894
1790968740000,117.7,117.75,117.6,117.63,4487.136
1790968800000,117.62,117.69,117.6,117.66,1843.024
1790968860000,117.65,117.77,117.59,117.67,2484.678
1790968920000,117.66,117.8,117.64,117.75,1635.554
1790968980000,117.75,117.8,117.62,117.73,3077.138
1790969040000,117.73,117.98,117.73,117.95,1388.764
1790969100000,117.95,118.0,117.79,117.82,1936.026
1790969160000,117.82,117.94,117.82,117.89,756.202
1790969220000,117.88,117.96,117.87,117.93,525.909
1790969280000,117.93,117.96,117.89,117.96,583.505
1790969340000,117.95,117.97,117.87,117.91,736.537
1790969400000,117.91,118.08,117.9,118.0,1346.126
1790969460000,118.01,118.02,117.95,117.99,578.603
1790969520000,117.99,118.02,117.88,117.97,2468.141
1790969580000,117.96,117.96,117.88,117.93,695.62
1790969640000,117.94,118.01,117.84,118.01,676.581
1790969700000,118.01,118.07,118.0,118.05,1186.211
1790969760000,118.06,118.08,118.04,118.06,737.576
1790969820000,118.05,118.15,118.05,118.06,2305.199
1790969880000,118.07,118.11,118.06,118.06,731.445
1790969940000,118.06,118.11,118.06,118.08,453.216
1790970000000,118.09,118.14,118.06,118.1,1862.482
1790970060000,118.09,118.12,118.08,118.12,2704.101
1790970120000,118.12,118.12,117.95,117.98,877.812
1790970180000,117.98,118.04,117.98,118.02,1765.114
1790970240000,118.02,118.09,118.0,118.09,576.141
1790970300000,118.09,118.17,118.03,118.03,659.355
1790970360000,118.04,118.11,118.01,118.11,1833.051
1790970420000,118.11,118.17,117.97,117.97,4456.577
1790970480000,117.98,117.98,117.84,117.92,1860.587
1790970540000,117.92,118.02,117.92,117.97,1468.472
1790970600000,117.98,118.03,117.87,117.91,1532.256
1790970660000,117.91,118.01,117.89,117.96,5546.69
1790970720000,117.96,117.96,117.88,117.92,1128.872
1790970780000,117.91,117.95,117.87,117.87,448.158
1790970840000,117.87,117.92,117.86,117.87,925.495
1790970900000,117.88,117.96,117.88,117.93,1050.672
1790970960000,117.92,117.92,117.84,117.86,650.467
1790971020000,117.85,117.92,117.84,117.92,496.114
1790971080000,117.93,118.05,117.93,117.97,2279.161
1790971140000,117.97,118.06,117.9,118.0,2910.276
1790971200000,118.0,118.1,117.99,118.02,861.189
1790971260000,118.02,118.08,117.97,118.07,1198.15
1790971320000,118.08,118.12,117.98,118.01,923.932
1790971380000,118.0,118.0,117.91,117.97,2237.059
1790971440000,117.97,117.98,117.9,117.97,822.284
1790971500000,117.97,118.12,117.96,118.12,686.528
1790971560000,118.13,118.16,118.02,118.08,2044.583
1790971620000,118.08,118.12,118.03,118.07,385.37
1790971680000,118.07,118.1,118.01,118.1,1340.775
1790971740000,118.09,118.09,118.01,118.05,978.941
1790971800000,118.05,118.07,118.01,118.07,1083.581
1790971860000,118.07,118.16,118.07,118.16,894.362
1790971920000,118.17,118.17,118.1,118.1,779.685
1790971980000,118.11,118.15,118.02,118.06,982.187
1790972040000,118.07,118.1,118.04,118.1,107.564
1790972100000,118.09,118.11,118.05,118.08,370.207
1790972160000,118.07,118.08,118.01,118.01,700.444
1790972220000,118.02,118.06,118.0,118.0,1211.89
1790972280000,117.99,118.07,117.96,117.99,590.093
1790972340000,117.99,118.12,117.99,118.03,868.187
1790972400000,118.02,118.05,118.0,118.04,1049.084
1790972460000,118.03,118.03,117.99,118.01,276.803
1790972520000,118.0,118.03,117.95,118.02,556.742
1790972580000,118.03,118.18,118.01,118.18,1206.277
1790972640000,118.17,118.23,118.13,118.22,1424.01
1790972700000,118.23,118.26,118.18,118.22,1088.161
1790972760000,118.22,118.29,118.21,118.23,1142.4
1790972820000,118.23,118.23,118.06,118.09,2028.513
1790972880000,118.09,118.09,117.96,118.02,806.161
1790972940000,118.03,118.05,118.01,118.04,332.671
1790973000000,118.04,118.1,118.01,118.1,920.079
1790973060000,118.1,118.16,118.08,118.14,418.789
1790973120000,118.15,118.22,118.15,118.22,302.892
1790973180000,118.22,118.26,118.21,118.26,850.777
1790973240000,118.25,118.26,118.21,118.22,385.212
1790973300000,118.21,118.22,118.14,118.14,967.767
1790973360000,118.15,118.17,118.01,118.01,1835.985
1790973420000,118.01,118.04,117.98,118.04,813.046
1790973480000,118.04,118.2,118.03,118.14,2938.637
1790973540000,118.14,118.14,118.06,118.07,499.925
1790973600000,118.06,118.06,117.98,117.99,970.259
1790973660000,117.99,118.01,117.82,117.88,3147.341
1790973720000,117.87,117.87,117.78,117.81,1403.145
1790973780000,117.8,117.82,117.76,117.8,4242.23
1790973840000,117.8,117.8,117.74,117.76,510.937
1790973900000,117.75,117.79,117.72,117.79,1556.588
1790973960000,117.78,117.91,117.7,117.91,2436.688
1790974020000,117.92,117.93,117.85,117.93,1644.049
1790974080000,117.93,117.93,117.79,117.8,540.683
1790974140000,117.79,117.8,117.75,117.76,1064.17
1790974200000,117.76,117.95,117.75,117.95,1011.602
1790974260000,117.96,118.03,117.9,118.03,1357.864
1790974320000,118.02,118.06,117.97,118.05,553.986
1790974380000,118.04,118.04,117.9,117.95,1366.525
1790974440000,117.95,117.95,117.91,117.91,86.698
1790974500000,117.91,117.91,117.8,117.8,1855.824
1790974560000,117.8,117.81,117.75,117.76,633.792
1790974620000,117.76,117.79,117.75,117.79,435.089
1790974680000,117.79,117.86,117.78,117.82,2022.382
1790974740000,117.81,117.87,117.75,117.77,1652.439
1790974800000,117.77,117.86,117.74,117.86,928.21
1790974860000,117.86,118.02,117.86,118.02,641.062
1790974920000,118.02,118.08,117.94,117.94,1049.8
1790974980000,117.94,117.98,117.9,117.96,547.8
1790975040000,117.96,118.01,117.94,118.01,667.797
1790975100000,118.0,118.02,117.97,118.01,1051.769
1790975160000,118.01,118.05,118.0,118.04,295.599
1790975220000,118.04,118.04,118.0,118.0,963.108
1790975280000,118.01,118.01,117.98,118.0,216.059
1790975340000,118.0,118.06,118.0,118.06,268.212
1790975400000,118.06,118.12,118.06,118.12,233.138
1790975460000,118.12,118.14,118.09,118.09,962.388
1790975520000,118.09,118.1,118.08,118.09,293.774
1790975580000,118.08,118.08,118.0,118.0,3627.069
1790975640000,117.99,118.06,117.99,118.06,453.213
1790975700000,118.06,118.11,118.06,118.09,1643.205
1790975760000,118.09,118.1,118.09,118.1,104.42
1790975820000,118.1,118.1,118.08,118.08,698.257
1790975880000,118.09,118.11,118.08,118.09,1342.134
1790975940000,118.1,118.1,118.03,118.04,814.099
1790976000000,118.04,118.04,118.03,118.04,63.294
1790976060000,118.03,118.04,118.01,118.02,480.225
1790976120000,118.02,118.03,118.01,118.02,761.352
1790976180000,118.03,118.04,118.0,118.0,1769.485
1790976240000,117.99,118.0,117.97,117.98,757.687
1790976300000,117.99,117.99,117.91,117.92,815.626
1790976360000,117.92,117.92,117.8,117.81,1977.191
1790976420000,117.81,117.81,117.77,117.77,663.634
1790976480000,117.78,117.8,117.72,117.73,3800.017
1790976540000,117.72,117.75,117.7,117.73,673.53
1790976600000,117.72,117.76,117.72,117.76,460.655
1790976660000,117.76,117.85,117.75,117.84,1108.312
1790976720000,117.84,117.9,117.84,117.9,1127.529
1790976780000,117.89,117.96,117.87,117.96,647.755
1790976840000,117.97,118.01,117.96,117.96,521.969
1790976900000,117.96,118.01,117.96,118.01,742.021
1790976960000,118.02,118.03,118.01,118.03,377.239
1790977020000,118.02,118.06,117.99,118.06,588.86
1790977080000,118.05,118.05,118.0,118.05,606.419
1790977140000,118.05,118.13,118.05,118.13,2273.614
1790977200000,118.13,118.13,117.98,118.08,1299.55
1790977260000,118.07,118.09,118.04,118.08,480.901
1790977320000,118.09,118.13,118.09,118.1,647.938
1790977380000,118.1,118.1,117.98,118.01,2396.651
1790977440000,118.01,118.11,118.01,118.1,1893.445
1790977500000,118.11,118.12,118.1,118.12,124.877
1790977560000,118.12,118.15,118.11,118.15,439.375
1790977620000,118.14,118.15,118.14,118.14,602.34
1790977680000,118.14,118.15,118.12,118.13,366.214
1790977740000,118.13,118.13,118.09,118.11,1044.046
1790977800000,118.11,118.11,118.05,118.05,824.881
1790977860000,118.04,118.1,118.04,118.1,385.594
1790977920000,118.1,118.12,118.1,118.12,104.553
1790977980000,118.12,118.17,118.11,118.17,188.105
1790978040000,118.17,118.17,118.16,118.17,458.389
1790978100000,118.17,118.25,118.16,118.21,5765.065
1790978160000,118.2,118.21,118.18,118.19,632.687
1790978220000,118.19,118.22,118.19,118.21,241.397
1790978280000,118.21,118.22,118.21,118.21,210.234
1790978340000,118.22,118.22,118.21,118.22,386.413
1790978400000,118.22,118.24,118.18,118.21,1136.421
1790978460000,118.22,118.27,118.22,118.24,490.042
1790978520000,118.24,118.24,118.04,118.05,3082.392
1790978580000,118.06,118.23,118.06,118.19,1451.7
1790978640000,118.19,118.2,118.1,118.15,1093.451
1790978700000,118.14,118.14,118.1,118.11,145.193
1790978760000,118.11,118.14,118.08,118.14,788.035
1790978820000,118.13,118.21,118.12,118.15,660.65
1790978880000,118.15,118.16,118.11,118.12,745.286
1790978940000,118.13,118.15,118.13,118.15,364.175
1790979000000,118.14,118.16,118.11,118.12,1045.499
1790979060000,118.12,118.13,118.06,118.1,743.651
1790979120000,118.11,118.13,118.05,118.08,1705.196
1790979180000,118.07,118.09,118.05,118.05,738.405
1790979240000,118.06,118.1,118.06,118.09,297.043
1790979300000,118.1,118.14,118.08,118.08,429.23
1790979360000,118.09,118.09,118.04,118.09,937.839
1790979420000,118.08,118.11,118.05,118.09,2047.823
1790979480000,118.08,118.08,118.01,118.05,2149.257
1790979540000,118.05,118.05,118.01,118.04,981.114
1790979600000,118.04,118.09,118.03,118.08,1076.887
1790979660000,118.08,118.15,118.08,118.15,551.063
1790979720000,118.14,118.15,118.11,118.12,1234.387
1790979780000,118.13,118.14,118.1,118.13,842.464
1790979840000,118.13,118.24,118.12,118.24,795.411
1790979900000,118.24,118.24,118.21,118.21,502.484
1790979960000,118.22,118.22,118.18,118.18,573.437
1790980020000,118.18,118.19,118.16,118.19,330.14
1790980080000,118.19,118.23,118.16,118.22,905.282
1790980140000,118.22,118.29,118.21,118.29,1061.483
1790980200000,118.29,118.34,118.29,118.33,754.757
1790980260000,118.34,118.37,118.33,118.36,235.592
1790980320000,118.35,118.39,118.35,118.39,619.397
1790980380000,118.39,118.4,118.39,118.4,179.868
1790980440000,118.39,118.43,118.39,118.43,476.55
1790980500000,118.42,118.46,118.38,118.45,975.844
1790980560000,118.45,118.45,118.43,118.45,184.681
1790980620000,118.45,118.47,118.44,118.47,437.093
1790980680000,118.46,118.46,118.36,118.36,1265.507
1790980740000,118.36,118.39,118.34,118.35,2077.933
1790980800000,118.35,118.39,118.34,118.38,1262.793
1790980860000,118.38,118.4,118.37,118.38,470.839
1790980920000,118.37,118.42,118.37,118.42,677.405
1790980980000,118.41,118.47,118.39,118.46,1017.842
1790981040000,118.45,118.46,118.43,118.44,982.746
1790981100000,118.45,118.49,118.45,118.49,412.207
1790981160000,118.49,118.51,118.48,118.5,618.739
1790981220000,118.5,118.58,118.5,118.51,1335.039
1790981280000,118.52,118.52,118.51,118.52,200.342
1790981340000,118.51,118.53,118.51,118.52,304.8
1790981400000,118.52,118.52,118.46,118.48,1397.798
1790981460000,118.47,118.5,118.46,118.5,254.404
1790981520000,118.5,118.57,118.5,118.52,1211.912
1790981580000,118.53,118.53,118.45,118.51,1468.827
1790981640000,118.5,118.56,118.5,118.56,284.965
1790981700000,118.56,118.59,118.54,118.55,4087.289
1790981760000,118.55,118.55,118.54,118.54,238.262
1790981820000,118.55,118.56,118.54,118.56,714.575
1790981880000,118.55,118.58,118.53,118.56,1237.647
1790981940000,118.55,118.55,118.52,118.52,910.015
1790982000000,118.52,118.53,118.49,118.52,2152.113
1790982060000,118.52,118.52,118.44,118.45,1969.682
1790982120000,118.45,118.49,118.44,118.48,463.01
1790982180000,118.48,118.51,118.47,118.51,1378.264
1790982240000,118.51,118.52,118.49,118.52,1071.77
1790982300000,118.51,118.52,118.45,118.49,655.108
1790982360000,118.49,118.5,118.48,118.48,519.606
1790982420000,118.48,118.48,118.43,118.44,710.494
1790982480000,118.44,118.44,118.38,118.38,721.523
1790982540000,118.38,118.38,118.35,118.38,1091.658
1790982600000,118.38,118.38,118.35,118.35,345.829
1790982660000,118.36,118.36,118.31,118.31,711.225
1790982720000,118.32,118.36,118.31,118.36,394.457
1790982780000,118.36,118.41,118.36,118.4,398.077
1790982840000,118.4,118.41,118.4,118.4,220.651
1790982900000,118.41,118.41,118.4,118.4,210.439
1790982960000,118.4,118.46,118.4,118.45,1083.103
1790983020000,118.44,118.45,118.44,118.45,110.304
1790983080000,118.45,118.53,118.45,118.53,357.559
1790983140000,118.52,118.56,118.52,118.55,199.692
1790983200000,118.56,118.56,118.55,118.56,264.553
1790983260000,118.55,118.56,118.53,118.53,269.351
1790983320000,118.54,118.54,118.53,118.54,146.523
1790983380000,118.54,118.55,118.52,118.52,356.837
1790983440000,118.52,118.52,118.5,118.52,677.873
1790983500000,118.51,118.53,118.51,118.53,61.442
1790983560000,118.53,118.61,118.52,118.57,1614.236
1790983620000,118.56,118.57,118.49,118.5,472.57
1790983680000,118.5,118.53,118.49,118.53,485.9
1790983740000,118.53,118.57,118.5,118.51,623.056
1790983800000,118.51,118.52,118.5,118.52,421.063
1790983860000,118.51,118.55,118.49,118.55,631.755
1790983920000,118.55,118.6,118.51,118.55,4747.738
1790983980000,118.56,118.56,118.51,118.52,185.901
1790984040000,118.52,118.52,118.49,118.52,810.479
1790984100000,118.52,118.59,118.51,118.59,729.519
1790984160000,118.59,118.59,118.53,118.53,626.221
1790984220000,118.54,118.54,118.53,118.53,117.833
1790984280000,118.54,118.54,118.51,118.52,335.487
1790984340000,118.52,118.58,118.51,118.58,496.604
1790984400000,118.57,118.64,118.56,118.63,615.744
1790984460000,118.63,118.67,118.63,118.66,288.263
1790984520000,118.66,118.69,118.66,118.68,328.835
1790984580000,118.69,118.76,118.68,118.69,2887.539
1790984640000,118.69,118.7,118.67,118.7,309.302
1790984700000,118.7,118.72,118.69,118.69,427.948
1790984760000,118.68,118.69,118.65,118.68,583.635
1790984820000,118.68,118.69,118.67,118.68,362.545
1790984880000,118.69,118.73,118.69,118.73,704.13
1790984940000,118.73,118.73,118.72,118.72,191.154
1790985000000,118.73,118.73,118.7,118.7,437.454
1790985060000,118.7,118.74,118.68,118.73,1728.71
1790985120000,118.73,118.73,118.7,118.71,753.911
1790985180000,118.72,118.73,118.68,118.68,1247.488
1790985240000,118.68,118.69,118.68,118.69,181.832
1790985300000,118.69,118.69,118.63,118.64,964.075
1790985360000,118.63,118.64,118.58,118.6,591.39
1790985420000,118.59,118.63,118.58,118.61,866.285
1790985480000,118.62,118.62,118.59,118.6,642.859
1790985540000,118.6,118.65,118.58,118.65,3473.24
1790985600000,118.65,118.7,118.57,118.59,3013.91
1790985660000,118.59,118.62,118.59,118.59,1102.03
1790985720000,118.6,118.65,118.58,118.64,795.07
1790985780000,118.65,118.69,118.63,118.68,1834.08
1790985840000,118.67,118.68,118.59,118.6,733.563
1790985900000,118.6,118.62,118.59,118.6,592.247
1790985960000,118.6,118.62,118.58,118.58,372.752
1790986020000,118.58,118.59,118.56,118.58,270.506
1790986080000,118.58,118.58,118.52,118.53,1083.26
1790986140000,118.53,118.61,118.52,118.52,2725.543
1790986200000,118.52,118.65,118.52,118.65,3769.69
1790986260000,118.64,118.65,118.62,118.64,427.09
1790986320000,118.63,118.72,118.63,118.72,196.811
1790986380000,118.72,118.72,118.71,118.72,106.847
1790986440000,118.71,118.77,118.69,118.74,1013.359
1790986500000,118.74,118.81,118.74,118.77,320.518
1790986560000,118.78,118.86,118.78,118.86,246.578
1790986620000,118.85,118.86,118.77,118.78,555.52
1790986680000,118.77,118.82,118.76,118.76,582.078
1790986740000,118.77,118.77,118.67,118.74,1495.045
1790986800000,118.74,118.78,118.74,118.74,682.615
1790986860000,118.74,118.74,118.69,118.71,996.842
1790986920000,118.72,118.84,118.72,118.83,570.931
1790986980000,118.84,118.85,118.83,118.84,579.715
1790987040000,118.85,118.88,118.84,118.88,534.551
1790987100000,118.88,118.98,118.88,118.96,2507.909
1790987160000,118.96,118.99,118.96,118.98,105.67
1790987220000,118.99,119.03,118.98,119.01,1051.093
1790987280000,119.01,119.05,118.96,119.0,2056.219
1790987340000,119.0,119.04,119.0,119.01,492.331
1790987400000,119.01,119.08,119.01,119.07,941.192
1790987460000,119.07,119.17,119.07,119.17,3459.827
1790987520000,119.17,119.23,119.16,119.22,1296.358
1790987580000,119.21,119.23,119.16,119.18,1287.786
1790987640000,119.17,119.24,119.17,119.21,1234.376
1790987700000,119.21,119.21,119.19,119.2,471.58
1790987760000,119.19,119.22,119.16,119.22,914.656
1790987820000,119.22,119.26,119.19,119.2,479.912
1790987880000,119.19,119.2,119.06,119.07,1989.135
1790987940000,119.07,119.08,119.04,119.08,392.396
1790988000000,119.08,119.09,119.06,119.07,494.098
1790988060000,119.07,119.09,119.05,119.05,475.095
1790988120000,119.05,119.1,119.04,119.08,805.075
1790988180000,119.07,119.08,119.05,119.08,279.919
1790988240000,119.08,119.14,119.07,119.11,532.365
1790988300000,119.12,119.12,119.09,119.09,181.859
1790988360000,119.09,119.11,119.08,119.09,189.271
1790988420000,119.08,119.1,119.06,119.09,260.764
1790988480000,119.09,119.1,119.09,119.09,50.558
1790988540000,119.1,119.15,119.1,119.14,810.199
1790988600000,119.15,119.16,119.11,119.13,836.179
1790988660000,119.13,119.13,119.09,119.11,429.265
1790988720000,119.12,119.13,119.1,119.11,533.552
1790988780000,119.11,119.11,119.06,119.06,455.882
1790988840000,119.07,119.07,119.06,119.06,350.2
1790988900000,119.06,119.07,119.0,119.01,1967.29
1790988960000,119.0,119.01,118.96,118.99,954.111
1790989020000,119.0,119.0,118.99,118.99,108.108
1790989080000,118.99,118.99,118.97,118.98,678.837
1790989140000,118.98,119.03,118.96,119.03,1152.863
1790989200000,119.03,119.03,118.91,118.92,915.702
1790989260000,118.92,118.92,118.87,118.89,613.066
1790989320000,118.9,118.9,118.86,118.87,616.897
1790989380000,118.86,118.87,118.85,118.86,506.197
1790989440000,118.85,119.02,118.84,118.96,3201.921
1790989500000,118.97,118.98,118.94,118.96,128.088
1790989560000,118.96,119.02,118.96,119.02,431.351
1790989620000,119.02,119.03,119.02,119.03,157.578
1790989680000,119.02,119.13,119.02,119.13,637.397
1790989740000,119.13,119.14,119.1,119.11,632.947
1790989800000,119.11,119.15,119.1,119.14,358.886
1790989860000,119.14,119.18,119.08,119.09,1102.006
1790989920000,119.09,119.2,119.08,119.2,772.892
1790989980000,119.2,119.25,119.18,119.19,499.65
1790990040000,119.18,119.33,119.15,119.32,918.479
1790990100000,119.32,119.51,119.32,119.49,3507.261
1790990160000,119.48,119.7,119.48,119.69,8981.874
1790990220000,119.69,119.71,119.43,119.43,3837.786
1790990280000,119.42,119.43,119.38,119.38,1009.563
1790990340000,119.38,119.39,119.3,119.3,1332.219
1790990400000,119.3,119.31,119.27,119.29,217.409
1790990460000,119.28,119.3,119.17,119.18,796.116
1790990520000,119.17,119.25,119.17,119.18,533.034
1790990580000,119.18,119.21,119.17,119.18,248.603
1790990640000,119.19,119.27,119.19,119.22,1389.512
1790990700000,119.22,119.22,119.19,119.21,335.731
1790990760000,119.21,119.21,119.2,119.2,168.522
1790990820000,119.2,119.21,119.16,119.16,637.024
1790990880000,119.17,119.26,119.17,119.21,968.027
1790990940000,119.22,119.34,119.19,119.34,1348.84
1790991000000,119.35,119.36,119.29,119.29,862.42
1790991060000,119.29,119.41,119.28,119.41,441.93
1790991120000,119.41,119.47,119.4,119.41,1125.805
1790991180000,119.41,119.41,119.31,119.34,689.938
1790991240000,119.33,119.33,119.24,119.25,703.797
1790991300000,119.24,119.35,119.24,119.35,671.309
1790991360000,119.35,119.38,119.32,119.33,345.164
1790991420000,119.33,119.38,119.31,119.33,916.285
1790991480000,119.33,119.35,119.3,119.34,747.456
1790991540000,119.34,119.48,119.34,119.48,1557.823
1790991600000,119.48,119.48,119.42,119.43,737.134
1790991660000,119.42,119.43,119.35,119.36,902.074
1790991720000,119.36,119.43,119.35,119.36,594.677
1790991780000,119.36,119.36,119.33,119.34,237.863
1790991840000,119.34,119.34,119.33,119.34,310.091
1790991900000,119.34,119.36,119.3,119.32,657.133
1790991960000,119.32,119.32,119.29,119.29,471.224
1790992020000,119.29,119.29,119.28,119.29,226.792
1790992080000,119.29,119.29,119.27,119.27,441.454
1790992140000,119.27,119.27,119.24,119.24,411.25
1790992200000,119.24,119.31,119.24,119.27,5783.438
1790992260000,119.26,119.26,119.17,119.18,849.209
1790992320000,119.17,119.18,119.15,119.15,208.067
1790992380000,119.15,119.16,119.13,119.13,96.748
1790992440000,119.14,119.15,119.11,119.12,510.579
1790992500000,119.13,119.13,119.11,119.12,91.154
1790992560000,119.12,119.12,119.09,119.12,455.622
1790992620000,119.12,119.12,119.1,119.1,722.243
1790992680000,119.1,119.11,119.09,119.11,597.216
1790992740000,119.11,119.11,119.1,119.1,263.732
1790992800000,119.1,119.11,119.1,119.11,68.634
1790992860000,119.11,119.12,119.1,119.12,171.253
1790992920000,119.12,119.19,119.12,119.17,1018.397
1790992980000,119.17,119.17,119.15,119.16,356.393
1790993040000,119.17,119.17,119.14,119.14,295.022
1790993100000,119.14,119.15,119.11,119.11,185.011
1790993160000,119.11,119.11,119.03,119.03,680.31
1790993220000,119.03,119.06,119.0,119.05,597.762
1790993280000,119.05,119.08,119.02,119.08,446.483
1790993340000,119.08,119.08,119.05,119.08,305.875
1790993400000,119.07,119.09,119.07,119.08,148.632
1790993460000,119.08,119.09,119.06,119.09,406.851
1790993520000,119.08,119.2,119.08,119.2,1187.321
1790993580000,119.2,119.2,119.18,119.18,46.306
1790993640000,119.19,119.22,119.18,119.22,346.702
1790993700000,119.22,119.23,119.19,119.2,251.46
1790993760000,119.19,119.2,119.19,119.2,47.644
1790993820000,119.2,119.26,119.2,119.24,310.887
1790993880000,119.23,119.29,119.23,119.29,184.784
1790993940000,119.29,119.29,119.28,119.28,28.72
1790994000000,119.29,119.29,119.24,119.25,340.284
1790994060000,119.25,119.26,119.23,119.23,316.882
1790994120000,119.23,119.23,119.2,119.21,110.487
1790994180000,119.21,119.21,119.16,119.16,335.294
1790994240000,119.17,119.18,119.16,119.18,447.263
1790994300000,119.17,119.18,119.11,119.12,454.629
1790994360000,119.11,119.16,119.1,119.14,591.506
1790994420000,119.14,119.15,119.13,119.13,95.102
1790994480000,119.14,119.17,119.12,119.17,149.456
1790994540000,119.16,119.17,119.11,119.11,622.717
1790994600000,119.11,119.12,119.1,119.12,80.334
1790994660000,119.11,119.14,119.11,119.13,104.988
1790994720000,119.14,119.19,119.13,119.19,170.112
1790994780000,119.18,119.19,119.15,119.16,213.559
1790994840000,119.16,119.19,119.15,119.19,414.541
1790994900000,119.18,119.19,119.14,119.16,275.855
1790994960000,119.16,119.16,119.14,119.14,84.345
1790995020000,119.15,119.15,119.12,119.12,215.253
1790995080000,119.12,119.12,119.1,119.1,351.025
1790995140000,119.1,119.18,119.1,119.17,557.089
1790995200000,119.17,119.18,119.16,119.17,132.598
1790995260000,119.17,119.19,119.16,119.19,268.702
1790995320000,119.19,119.24,119.18,119.21,1006.071
1790995380000,119.21,119.21,119.12,119.13,483.04
1790995440000,119.13,119.17,119.12,119.16,1513.727
1790995500000,119.15,119.15,119.08,119.08,684.806
1790995560000,119.09,119.09,119.02,119.05,782.353
1790995620000,119.06,119.06,119.05,119.05,79.921
1790995680000,119.05,119.06,119.03,119.04,178.415
1790995740000,119.03,119.06,119.02,119.05,472.3
1790995800000,119.06,119.11,119.05,119.1,1438.838
1790995860000,119.09,119.09,119.05,119.07,557.83
1790995920000,119.07,119.07,119.04,119.07,832.741
1790995980000,119.06,119.09,119.06,119.08,68.17
1790996040000,119.08,119.09,119.07,119.07,40.259
1790996100000,119.08,119.08,119.04,119.04,268.985
1790996160000,119.05,119.05,119.02,119.03,398.984
1790996220000,119.03,119.03,118.98,118.99,1354.438
1790996280000,118.98,118.99,118.86,118.89,6219.25
1790996340000,118.89,118.9,118.89,118.9,113.382
1790996400000,118.9,118.9,118.89,118.9,147.918
1790996460000,118.9,119.01,118.89,119.01,1122.796
1790996520000,119.0,119.07,118.99,119.05,1588.589
1790996580000,119.05,119.05,118.98,118.99,1035.303
1790996640000,118.99,118.99,118.95,118.95,311.924
1790996700000,118.94,118.94,118.88,118.91,406.692
1790996760000,118.91,118.95,118.91,118.95,878.923
1790996820000,118.95,118.95,118.92,118.92,224.03
1790996880000,118.93,118.95,118.9,118.91,320.133
1790996940000,118.9,118.93,118.9,118.93,93.346
1790997000000,118.92,118.92,118.88,118.89,257.25
1790997060000,118.9,118.9,118.87,118.87,196.872
1790997120000,118.88,118.88,118.82,118.84,557.189
1790997180000,118.84,118.86,118.84,118.86,131.864
1790997240000,118.86,118.93,118.85,118.92,743.601
1790997300000,118.93,119.08,118.92,119.08,1781.455
1790997360000,119.07,119.11,119.07,119.11,228.64
1790997420000,119.11,119.15,119.11,119.11,758.249
1790997480000,119.11,119.13,119.08,119.09,357.824
1790997540000,119.08,119.08,119.03,119.03,78.512
1790997600000,119.03,119.05,118.99,119.05,187.884
1790997660000,119.06,119.08,119.03,119.07,121.763
1790997720000,119.06,119.06,118.99,119.04,1096.956
1790997780000,119.05,119.05,119.02,119.04,313.344
1790997840000,119.04,119.1,119.04,119.1,212.784
1790997900000,119.11,119.12,119.11,119.12,28.1
1790997960000,119.11,119.18,119.11,119.16,266.419
1790998020000,119.16,119.16,119.11,119.12,151.866
1790998080000,119.12,119.14,119.11,119.12,185.698
1790998140000,119.11,119.12,119.08,119.08,228.744
1790998200000,119.08,119.11,119.06,119.1,186.765
1790998260000,119.11,119.15,119.1,119.15,83.792
1790998320000,119.14,119.15,119.14,119.15,130.554
1790998380000,119.14,119.2,119.14,119.19,158.143
1790998440000,119.2,119.23,119.19,119.23,138.315
1790998500000,119.22,119.23,119.19,119.19,517.534
1790998560000,119.19,119.22,119.18,119.22,100.02
1790998620000,119.22,119.22,119.2,119.21,378.408
1790998680000,119.21,119.22,119.17,119.18,164.719
1790998740000,119.18,119.22,119.17,119.21,139.446
1790998800000,119.21,119.21,119.2,119.21,150.229
1790998860000,119.21,119.21,119.2,119.21,37.045
1790998920000,119.21,119.24,119.2,119.24,231.6
1790998980000,119.24,119.29,119.24,119.28,284.318
1790999040000,119.27,119.28,119.27,119.28,73.384
1790999100000,119.27,119.27,119.25,119.26,263.307
1790999160000,119.26,119.3,119.25,119.3,592.097
1790999220000,119.29,119.3,119.29,119.3,46.029
1790999280000,119.29,119.34,119.29,119.34,183.712
1790999340000,119.33,119.34,119.33,119.33,88.894
1790999400000,119.33,119.34,119.33,119.34,73.159
1790999460000,119.33,119.35,119.33,119.35,76.478
1790999520000,119.35,119.37,119.35,119.36,145.66
1790999580000,119.36,119.37,119.36,119.37,144.838
1790999640000,119.37,119.37,119.35,119.36,1540.983
1790999700000,119.36,119.39,119.36,119.37,171.475
1790999760000,119.37,119.38,119.36,119.36,498.342
1790999820000,119.36,119.37,119.36,119.37,210.067
1790999880000,119.36,119.37,119.36,119.36,71.449
1790999940000,119.36,119.4,119.35,119.4,2900.148
1791000000000,119.39,119.4,119.39,119.4,425.578
1791000060000,119.39,119.4,119.39,119.4,110.316
1791000120000,119.4,119.42,119.39,119.42,350.794
1791000180000,119.41,119.41,119.36,119.36,695.832
1791000240000,119.36,119.4,119.36,119.39,482.844
1791000300000,119.4,119.44,119.35,119.44,1451.939
1791000360000,119.43,119.47,119.41,119.45,1400.926
1791000420000,119.44,119.53,119.43,119.46,3098.959
1791000480000,119.45,119.45,119.27,119.28,777.238
1791000540000,119.28,119.28,119.22,119.23,635.802
1791000600000,119.24,119.27,119.23,119.23,328.961
1791000660000,119.23,119.31,119.23,119.3,702.016
1791000720000,119.31,119.33,119.24,119.25,373.611
1791000780000,119.26,119.27,119.24,119.26,571.101
1791000840000,119.26,119.28,119.24,119.28,846.491
1791000900000,119.29,119.29,119.2,119.2,363.276
1791000960000,119.2,119.2,119.09,119.09,482.131
1791001020000,119.1,119.19,119.09,119.19,386.428
1791001080000,119.18,119.2,119.18,119.2,84.623
1791001140000,119.2,119.2,119.09,119.09,519.126
1791001200000,119.09,119.1,119.07,119.07,395.832
1791001260000,119.08,119.15,119.07,119.15,642.723
1791001320000,119.14,119.17,119.08,119.08,529.151
1791001380000,119.09,119.12,119.09,119.11,147.561
1791001440000,119.12,119.14,119.1,119.1,296.629
1791001500000,119.11,119.11,119.08,119.09,241.349
1791001560000,119.08,119.08,119.04,119.07,1108.853
1791001620000,119.08,119.08,119.01,119.01,394.552
1791001680000,119.01,119.02,119.01,119.02,306.083
1791001740000,119.01,119.02,119.0,119.0,99.309
1791001800000,119.0,119.01,118.99,119.01,617.939
1791001860000,119.0,119.08,119.0,119.05,325.253
1791001920000,119.06,119.11,119.06,119.11,1002.535
1791001980000,119.11,119.12,119.05,119.05,600.434
1791002040000,119.04,119.05,119.02,119.04,169.908
1791002100000,119.05,119.05,118.97,118.99,353.489
1791002160000,119.0,119.0,118.94,118.97,260.54
1791002220000,118.96,118.97,118.94,118.97,219.866
1791002280000,118.97,118.97,118.94,118.97,314.14
1791002340000,118.97,119.03,118.96,119.02,698.742
1791002400000,119.01,119.01,118.99,118.99,75.768
1791002460000,118.99,119.0,118.96,119.0,70.253
1791002520000,119.0,119.0,118.98,118.99,458.129
1791002580000,118.99,119.06,118.99,119.06,89.863
1791002640000,119.05,119.1,119.05,119.1,236.697
1791002700000,119.1,119.15,119.1,119.14,148.631
1791002760000,119.14,119.19,119.13,119.19,179.238
1791002820000,119.18,119.26,119.18,119.25,368.269
1791002880000,119.26,119.31,119.24,119.31,460.527
1791002940000,119.31,119.33,119.27,119.32,225.261
1791003000000,119.32,119.32,119.22,119.22,300.707
1791003060000,119.22,119.22,119.15,119.19,158.737
1791003120000,119.19,119.27,119.18,119.27,171.881
1791003180000,119.28,119.29,119.2,119.21,110.523
1791003240000,119.2,119.21,119.16,119.16,196.083
1791003300000,119.16,119.18,119.16,119.18,69.581
1791003360000,119.17,119.21,119.16,119.17,202.35
1791003420000,119.16,119.17,119.16,119.17,32.23
1791003480000,119.16,119.2,119.16,119.2,264.979
1791003540000,119.19,119.19,119.18,119.18,42.423
1791003600000,119.19,119.19,119.16,119.16,434.37
1791003660000,119.17,119.17,119.09,119.1,458.812
1791003720000,119.1,119.11,119.09,119.1,421.376
1791003780000,119.11,119.11,119.09,119.09,112.507
1791003840000,119.09,119.13,119.09,119.11,162.954
1791003900000,119.11,119.13,119.09,119.09,160.704
1791003960000,119.09,119.11,119.08,119.11,311.533
1791004020000,119.12,119.14,119.09,119.11,196.459
1791004080000,119.11,119.17,119.09,119.16,439.33
1791004140000,119.17,119.28,119.17,119.28,426.378
1791004200000,119.28,119.32,119.27,119.29,445.753
1791004260000,119.28,119.3,119.28,119.3,343.186
1791004320000,119.3,119.3,119.24,119.27,520.654
1791004380000,119.27,119.28,119.27,119.27,76.3
1791004440000,119.28,119.3,119.27,119.28,127.863
1791004500000,119.27,119.28,119.27,119.27,18.539
1791004560000,119.28,119.34,119.28,119.33,424.671
1791004620000,119.33,119.43,119.33,119.43,495.674
1791004680000,119.43,119.44,119.41,119.44,428.896
1791004740000,119.44,119.45,119.37,119.42,2717.167
1791004800000,119.43,119.47,119.43,119.45,365.726
1791004860000,119.45,119.46,119.45,119.46,226.819
1791004920000,119.46,119.49,119.46,119.48,77.531
1791004980000,119.49,119.49,119.46,119.47,869.308
1791005040000,119.46,119.48,119.46,119.48,337.645
1791005100000,119.47,119.48,119.47,119.48,371.476
1791005160000,119.48,119.5,119.48,119.49,145.353
1791005220000,119.5,119.58,119.49,119.58,1864.226
1791005280000,119.59,119.59,119.57,119.58,208.115
1791005340000,119.58,119.59,119.55,119.56,1230.213
1791005400000,119.56,119.61,119.55,119.61,453.65
1791005460000,119.61,119.62,119.6,119.61,245.682
1791005520000,119.6,119.65,119.6,119.64,1119.36
1791005580000,119.65,119.71,119.64,119.67,1417.974
1791005640000,119.68,119.68,119.62,119.67,802.025
1791005700000,119.66,119.67,119.57,119.57,541.096
1791005760000,119.57,119.61,119.52,119.57,1018.449
1791005820000,119.57,119.64,119.57,119.62,340.242
1791005880000,119.61,119.68,119.61,119.66,867.094
1791005940000,119.65,119.65,119.62,119.62,274.516
1791006000000,119.62,119.62,119.57,119.57,453.126
1791006060000,119.57,119.57,119.48,119.48,733.441
1791006120000,119.49,119.49,119.45,119.46,220.57
1791006180000,119.45,119.49,119.45,119.48,250.445
1791006240000,119.49,119.51,119.48,119.5,119.938
1791006300000,119.51,119.58,119.51,119.57,1088.4
1791006360000,119.57,119.6,119.56,119.59,1281.357
1791006420000,119.6,119.64,119.6,119.61,1097.823
1791006480000,119.62,119.64,119.55,119.55,288.52
1791006540000,119.55,119.56,119.55,119.56,71.187
1791006600000,119.56,119.56,119.47,119.48,585.454
1791006660000,119.48,119.6,119.48,119.55,704.588
1791006720000,119.56,119.57,119.53,119.53,121.999
1791006780000,119.53,119.54,119.51,119.52,256.282
1791006840000,119.51,119.57,119.51,119.56,324.036
1791006900000,119.56,119.57,119.56,119.57,129.77
1791006960000,119.56,119.64,119.55,119.63,952.44
1791007020000,119.63,119.67,119.63,119.64,864.371
1791007080000,119.64,119.64,119.6,119.6,304.742
1791007140000,119.6,119.63,119.58,119.63,958.793
1791007200000,119.64,119.66,119.62,119.63,459.379
1791007260000,119.63,119.76,119.63,119.74,1183.953
1791007320000,119.74,119.76,119.66,119.66,403.844
1791007380000,119.66,119.66,119.61,119.66,163.29
1791007440000,119.65,119.66,119.58,119.59,626.158
1791007500000,119.58,119.65,119.58,119.64,720.704
1791007560000,119.64,119.64,119.57,119.57,424.5
1791007620000,119.58,119.59,119.56,119.59,294.003
1791007680000,119.59,119.64,119.59,119.61,828.16
1791007740000,119.6,119.64,119.49,119.5,1530.9
1791007800000,119.5,119.5,119.47,119.48,235.689
1791007860000,119.48,119.5,119.47,119.5,145.379
1791007920000,119.49,119.54,119.48,119.51,921.7
1791007980000,119.52,119.52,119.46,119.47,1067.336
1791008040000,119.47,119.49,119.46,119.46,220.443
1791008100000,119.46,119.5,119.46,119.5,195.424
1791008160000,119.51,119.51,119.49,119.5,206.916
1791008220000,119.5,119.52,119.48,119.51,54.462
1791008280000,119.51,119.58,119.51,119.57,574.12
1791008340000,119.57,119.58,119.55,119.58,229.046
1791008400000,119.57,119.58,119.55,119.56,146.483
1791008460000,119.57,119.65,119.55,119.64,549.777
1791008520000,119.65,119.66,119.57,119.58,560.794
1791008580000,119.57,119.63,119.57,119.63,120.751
1791008640000,119.64,119.64,119.59,119.6,769.432
1791008700000,119.59,119.63,119.57,119.63,275.336
1791008760000,119.63,119.69,119.63,119.69,478.158
1791008820000,119.68,119.73,119.67,119.73,994.676
1791008880000,119.73,119.73,119.65,119.67,1328.648
1791008940000,119.67,119.68,119.66,119.67,198.074
1791009000000,119.67,119.74,119.66,119.74,775.393
1791009060000,119.75,119.75,119.72,119.74,287.582
1791009120000,119.75,119.81,119.75,119.8,1248.839
1791009180000,119.81,119.84,119.74,119.74,1895.96
1791009240000,119.75,119.75,119.68,119.72,606.082
1791009300000,119.72,119.72,119.66,119.68,839.243
1791009360000,119.67,119.67,119.48,119.55,2977.825
1791009420000,119.54,119.61,119.54,119.58,596.915
1791009480000,119.58,119.64,119.58,119.61,245.705
1791009540000,119.61,119.63,119.57,119.6,407.055
1791009600000,119.61,119.65,119.61,119.64,406.794
1791009660000,119.65,119.65,119.64,119.65,219.411
1791009720000,119.65,119.65,119.58,119.61,395.351
1791009780000,119.61,119.62,119.52,119.53,1020.917
1791009840000,119.54,119.59,119.54,119.56,571.366
1791009900000,119.55,119.56,119.52,119.52,95.452
1791009960000,119.52,119.53,119.48,119.51,330.32
1791010020000,119.52,119.57,119.51,119.57,182.66
1791010080000,119.57,119.57,119.54,119.54,156.681
1791010140000,119.55,119.55,119.45,119.48,1981.727
1791010200000,119.48,119.49,119.45,119.46,647.621
1791010260000,119.46,119.54,119.46,119.54,957.832
1791010320000,119.53,119.6,119.53,119.6,624.755
1791010380000,119.6,119.62,119.51,119.52,2169.458
1791010440000,119.52,119.52,119.47,119.47,239.376
1791010500000,119.48,119.53,119.48,119.49,128.633
1791010560000,119.49,119.5,119.4,119.43,1134.546
1791010620000,119.42,119.44,119.42,119.43,438.953
1791010680000,119.44,119.47,119.42,119.43,188.36
1791010740000,119.43,119.46,119.43,119.45,509.947
1791010800000,119.46,119.46,119.38,119.39,358.616
1791010860000,119.39,119.41,119.34,119.36,948.271
1791010920000,119.37,119.37,119.33,119.34,576.517
1791010980000,119.33,119.35,119.31,119.34,1122.9
1791011040000,119.35,119.37,119.34,119.36,687.453
1791011100000,119.35,119.37,119.31,119.37,1075.613
1791011160000,119.36,119.4,119.36,119.4,745.208
1791011220000,119.4,119.41,119.38,119.38,143.925
1791011280000,119.38,119.4,119.38,119.4,137.009
1791011340000,119.4,119.41,119.35,119.35,183.305
1791011400000,119.36,119.37,119.35,119.36,144.292
1791011460000,119.36,119.4,119.36,119.4,47.193
1791011520000,119.4,119.49,119.4,119.48,445.555
1791011580000,119.48,119.57,119.48,119.55,476.029
1791011640000,119.55,119.57,119.5,119.5,656.271
1791011700000,119.49,119.51,119.47,119.49,640.151
1791011760000,119.5,119.55,119.49,119.54,335.332
1791011820000,119.55,119.55,119.53,119.54,550.389
1791011880000,119.54,119.54,119.45,119.45,342.504
1791011940000,119.46,119.46,119.44,119.46,206.206
1791012000000,119.46,119.46,119.4,119.4,424.751
1791012060000,119.4,119.43,119.35,119.37,417.368
1791012120000,119.37,119.37,119.33,119.34,428.019
1791012180000,119.34,119.34,119.31,119.32,551.531
1791012240000,119.32,119.32,119.31,119.32,114.128
1791012300000,119.32,119.35,119.31,119.32,362.725
1791012360000,119.33,119.33,119.3,119.31,263.364
1791012420000,119.3,119.31,119.3,119.3,94.427
1791012480000,119.31,119.31,119.3,119.31,47.903
1791012540000,119.3,119.32,119.3,119.32,88.702
1791012600000,119.31,119.34,119.31,119.32,193.539
1791012660000,119.31,119.32,119.3,119.31,263.571
1791012720000,119.31,119.35,119.29,119.3,812.591
1791012780000,119.3,119.31,119.27,119.29,220.75
1791012840000,119.28,119.3,119.24,119.26,811.855
1791012900000,119.26,119.35,119.25,119.35,979.903
1791012960000,119.34,119.37,119.29,119.32,472.584
1791013020000,119.31,119.36,119.31,119.36,180.017
1791013080000,119.35,119.36,119.29,119.32,703.438
1791013140000,119.33,119.33,119.27,119.27,146.106
1791013200000,119.27,119.28,119.22,119.22,139.759
1791013260000,119.23,119.23,119.18,119.21,398.068
1791013320000,119.21,119.21,119.17,119.19,380.964
1791013380000,119.19,119.23,119.18,119.23,149.295
1791013440000,119.23,119.23,119.2,119.2,91.845
1791013500000,119.19,119.2,119.18,119.18,85.23
1791013560000,119.19,119.3,119.18,119.26,1234.392
1791013620000,119.27,119.34,119.27,119.32,1426.307
1791013680000,119.31,119.34,119.3,119.31,162.913
1791013740000,119.31,119.33,119.3,119.33,107.066
1791013800000,119.32,119.4,119.32,119.4,220.351
1791013860000,119.4,119.44,119.39,119.41,284.071
1791013920000,119.42,119.42,119.4,119.4,111.978
1791013980000,119.4,119.42,119.35,119.37,791.908
1791014040000,119.37,119.44,119.37,119.44,288.188
1791014100000,119.43,119.47,119.43,119.46,234.792
1791014160000,119.46,119.47,119.39,119.45,2220.507
1791014220000,119.45,119.48,119.41,119.41,566.137
1791014280000,119.41,119.42,119.37,119.37,281.747
1791014340000,119.38,119.41,119.34,119.34,547.241
1791014400000,119.34,119.37,119.26,119.36,748.559
1791014460000,119.37,119.38,119.3,119.3,426.362
1791014520000,119.3,119.32,119.27,119.27,576.065
1791014580000,119.27,119.27,119.22,119.27,454.973
1791014640000,119.27,119.34,119.27,119.33,474.339
1791014700000,119.34,119.39,119.34,119.38,592.42
1791014760000,119.39,119.39,119.38,119.39,157.88
1791014820000,119.39,119.4,119.37,119.37,188.387
1791014880000,119.37,119.42,119.37,119.41,347.8
1791014940000,119.42,119.42,119.34,119.38,772.607
1791015000000,119.39,119.41,119.39,119.41,49.367
1791015060000,119.41,119.41,119.4,119.41,55.208
1791015120000,119.41,119.43,119.41,119.41,270.181
1791015180000,119.42,119.42,119.41,119.42,61.124
1791015240000,119.41,119.43,119.41,119.42,276.122
1791015300000,119.42,119.42,119.37,119.39,917.322
1791015360000,119.39,119.41,119.34,119.4,399.113
1791015420000,119.4,119.4,119.38,119.38,41.847
1791015480000,119.38,119.44,119.38,119.44,138.46
1791015540000,119.44,119.44,119.43,119.43,121.768
1791015600000,119.43,119.44,119.34,119.34,686.316
1791015660000,119.33,119.34,119.28,119.28,234.209
1791015720000,119.29,119.29,119.26,119.26,297.685
1791015780000,119.27,119.27,119.22,119.23,218.678
1791015840000,119.23,119.23,119.2,119.21,467.302
1791015900000,119.22,119.22,119.18,119.18,517.069
1791015960000,119.19,119.2,119.16,119.17,406.769
1791016020000,119.16,119.27,119.16,119.26,1762.843
1791016080000,119.27,119.27,119.22,119.25,273.669
1791016140000,119.24,119.27,119.21,119.21,697.605
1791016200000,119.22,119.22,119.18,119.19,67.843
1791016260000,119.18,119.19,119.12,119.19,335.465
1791016320000,119.19,119.19,119.18,119.18,57.614
1791016380000,119.18,119.19,119.05,119.08,1810.725
1791016440000,119.08,119.09,119.05,119.06,287.336
1791016500000,119.07,119.15,119.07,119.12,619.245
1791016560000,119.13,119.16,119.12,119.15,198.664
1791016620000,119.14,119.16,119.13,119.16,406.715
1791016680000,119.16,119.17,119.15,119.16,463.411
1791016740000,119.17,119.19,119.16,119.19,462.144
1791016800000,119.18,119.18,119.16,119.18,67.181
1791016860000,119.18,119.2,119.18,119.2,164.318
1791016920000,119.2,119.2,119.19,119.2,73.38
1791016980000,119.2,119.2,119.19,119.2,56.371
1791017040000,119.2,119.22,119.2,119.22,104.463
1791017100000,119.22,119.26,119.21,119.25,555.835
1791017160000,119.26,119.27,119.25,119.27,126.437
1791017220000,119.27,119.27,119.21,119.23,1291.796
1791017280000,119.23,119.25,119.22,119.25,286.566
1791017340000,119.24,119.29,119.24,119.28,298.757
1791017400000,119.28,119.3,119.27,119.29,688.139
1791017460000,119.3,119.3,119.29,119.3,276.157
1791017520000,119.3,119.31,119.29,119.31,286.264
1791017580000,119.31,119.33,119.3,119.33,266.824
1791017640000,119.33,119.33,119.3,119.31,476.481
1791017700000,119.31,119.33,119.31,119.32,182.825
1791017760000,119.33,119.33,119.32,119.33,518.259
1791017820000,119.33,119.34,119.3,119.31,397.28
1791017880000,119.31,119.32,119.28,119.28,1097.409
1791017940000,119.28,119.29,119.22,119.24,849.209
1791018000000,119.25,119.3,119.25,119.27,757.253
1791018060000,119.26,119.29,119.26,119.29,328.307
1791018120000,119.28,119.29,119.27,119.27,109.037
1791018180000,119.27,119.36,119.27,119.33,1874.744
1791018240000,119.33,119.34,119.32,119.34,64.231
1791018300000,119.34,119.34,119.31,119.32,90.306
1791018360000,119.32,119.32,119.3,119.31,139.088
1791018420000,119.3,119.32,119.3,119.32,67.95
1791018480000,119.31,119.32,119.31,119.32,67.422
1791018540000,119.32,119.39,119.31,119.39,907.529
1791018600000,119.4,119.46,119.4,119.44,1018.532
1791018660000,119.44,119.45,119.43,119.44,362.975
1791018720000,119.45,119.48,119.45,119.48,728.805
1791018780000,119.48,119.49,119.44,119.44,358.096
1791018840000,119.43,119.44,119.38,119.39,1476.147
1791018900000,119.38,119.39,119.34,119.38,794.113
1791018960000,119.39,119.39,119.36,119.37,167.589
1791019020000,119.38,119.42,119.37,119.42,96.571
1791019080000,119.41,119.41,119.36,119.36,1299.692
1791019140000,119.36,119.43,119.26,119.27,4455.647
1791019200000,119.27,119.31,119.26,119.28,324.132
1791019260000,119.29,119.32,119.26,119.31,220.034
1791019320000,119.31,119.34,119.3,119.31,784.947
1791019380000,119.31,119.32,119.25,119.26,775.51
1791019440000,119.27,119.27,119.23,119.24,480.36
1791019500000,119.23,119.24,119.22,119.22,207.977
1791019560000,119.22,119.23,119.22,119.23,352.737
1791019620000,119.23,119.27,119.23,119.24,221.343
1791019680000,119.24,119.25,119.24,119.25,134.972
1791019740000,119.25,119.25,119.22,119.23,198.736
1791019800000,119.23,119.23,119.2,119.21,368.593
1791019860000,119.21,119.22,119.2,119.22,377.733
1791019920000,119.22,119.26,119.21,119.26,431.769
1791019980000,119.25,119.29,119.25,119.28,200.625
1791020040000,119.29,119.3,119.28,119.3,298.342
1791020100000,119.29,119.31,119.21,119.27,646.8
1791020160000,119.27,119.29,119.26,119.28,134.392
1791020220000,119.29,119.32,119.26,119.31,1625.623
1791020280000,119.32,119.32,119.28,119.31,163.986
1791020340000,119.31,119.33,119.31,119.32,209.06
1791020400000,119.32,119.35,119.31,119.35,268.275
1791020460000,119.35,119.36,119.35,119.36,205.499
1791020520000,119.37,119.37,119.34,119.34,201.718
1791020580000,119.35,119.35,119.32,119.33,216.274
1791020640000,119.33,119.35,119.32,119.35,267.768
1791020700000,119.34,119.35,119.33,119.33,103.159
1791020760000,119.34,119.34,119.33,119.33,66.11
1791020820000,119.34,119.35,119.33,119.33,617.812
1791020880000,119.33,119.33,119.3,119.3,569.734
1791020940000,119.3,119.31,119.3,119.31,36.765
1791021000000,119.3,119.33,119.3,119.33,399.883
1791021060000,119.32,119.37,119.32,119.37,1066.287
1791021120000,119.36,119.37,119.36,119.36,175.629
1791021180000,119.37,119.37,119.31,119.31,1065.852
1791021240000,119.31,119.32,119.28,119.28,517.451
1791021300000,119.29,119.34,119.29,119.34,58.495
1791021360000,119.34,119.37,119.33,119.37,133.77
1791021420000,119.37,119.37,119.34,119.35,185.962
1791021480000,119.35,119.36,119.34,119.35,172.346
1791021540000,119.36,119.36,119.33,119.34,77.432
1791021600000,119.34,119.34,119.33,119.34,47.674
1791021660000,119.34,119.35,119.3,119.3,1247.451
1791021720000,119.31,119.31,119.26,119.27,1905.328
1791021780000,119.26,119.27,119.26,119.26,172.024
1791021840000,119.27,119.37,119.26,119.36,383.868
1791021900000,119.36,119.38,119.33,119.38,567.071
1791021960000,119.37,119.38,119.37,119.37,185.925
1791022020000,119.38,119.38,119.34,119.34,460.71
1791022080000,119.35,119.38,119.34,119.38,62.305
1791022140000,119.38,119.4,119.37,119.39,159.743
1791022200000,119.4,119.4,119.39,119.4,83.721
1791022260000,119.4,119.4,119.39,119.4,93.352
1791022320000,119.4,119.4,119.39,119.39,62.888
1791022380000,119.4,119.4,119.39,119.4,97.28
1791022440000,119.4,119.4,119.39,119.39,103.0
1791022500000,119.39,119.39,119.37,119.38,262.108
1791022560000,119.38,119.39,119.38,119.39,194.794
1791022620000,119.39,119.39,119.38,119.39,83.319
1791022680000,119.38,119.41,119.38,119.41,273.306
1791022740000,119.41,119.41,119.37,119.38,638.605
1791022800000,119.38,119.38,119.35,119.35,125.774
1791022860000,119.36,119.36,119.35,119.36,27.357
1791022920000,119.35,119.36,119.34,119.35,81.08
1791022980000,119.35,119.39,119.34,119.38,382.229
1791023040000,119.39,119.39,119.38,119.39,26.728
1791023100000,119.39,119.4,119.38,119.39,261.368
1791023160000,119.39,119.4,119.38,119.38,129.848
1791023220000,119.39,119.42,119.39,119.42,459.734
1791023280000,119.42,119.54,119.42,119.54,720.004
1791023340000,119.54,119.54,119.51,119.51,713.308
1791023400000,119.5,119.5,119.47,119.48,646.413
1791023460000,119.48,119.5,119.47,119.5,949.914
1791023520000,119.5,119.51,119.48,119.48,322.02
1791023580000,119.48,119.48,119.43,119.47,614.36
1791023640000,119.47,119.48,119.46,119.46,708.278
1791023700000,119.47,119.47,119.43,119.44,241.441
1791023760000,119.43,119.46,119.43,119.45,39.529
1791023820000,119.45,119.48,119.39,119.48,1179.61
1791023880000,119.47,119.49,119.47,119.49,63.331
1791023940000,119.48,119.48,119.46,119.46,93.767
1791024000000,119.46,119.5,119.46,119.5,346.876
1791024060000,119.5,119.5,119.48,119.49,117.647
1791024120000,119.48,119.5,119.43,119.47,660.208
1791024180000,119.48,119.49,119.47,119.47,217.429
1791024240000,119.48,119.48,119.47,119.47,48.566
1791024300000,119.47,119.5,119.47,119.5,253.823
1791024360000,119.5,119.5,119.48,119.5,209.953
1791024420000,119.5,119.5,119.49,119.49,90.436
1791024480000,119.49,119.51,119.49,119.5,1511.195
1791024540000,119.51,119.51,119.46,119.47,416.197
1791024600000,119.46,119.46,119.43,119.43,150.632
1791024660000,119.43,119.46,119.43,119.46,309.251
1791024720000,119.46,119.52,119.45,119.52,454.409
1791024780000,119.52,119.54,119.51,119.53,203.877
1791024840000,119.54,119.59,119.53,119.56,868.669
1791024900000,119.56,119.59,119.55,119.59,168.63
1791024960000,119.59,119.65,119.58,119.62,759.349
1791025020000,119.62,119.62,119.6,119.62,180.778
1791025080000,119.62,119.63,119.59,119.59,1328.089
1791025140000,119.59,119.59,119.5,119.5,288.019
1791025200000,119.49,119.5,119.45,119.46,362.998
1791025260000,119.46,119.46,119.4,119.42,980.781
1791025320000,119.42,119.43,119.37,119.38,905.182
1791025380000,119.38,119.41,119.38,119.41,81.811
1791025440000,119.41,119.41,119.33,119.37,587.021
1791025500000,119.38,119.42,119.37,119.37,688.751
1791025560000,119.37,119.44,119.37,119.4,326.522
1791025620000,119.4,119.41,119.39,119.39,315.852
1791025680000,119.39,119.39,119.33,119.34,276.119
1791025740000,119.34,119.39,119.33,119.37,875.186
1791025800000,119.36,119.36,119.32,119.32,288.685
1791025860000,119.33,119.33,119.31,119.32,278.142
1791025920000,119.32,119.38,119.31,119.33,1348.752
1791025980000,119.33,119.33,119.28,119.28,476.134
1791026040000,119.28,119.29,119.28,119.29,104.159
1791026100000,119.28,119.29,119.26,119.26,493.479
1791026160000,119.27,119.32,119.26,119.29,919.932
1791026220000,119.29,119.33,119.28,119.31,405.364
1791026280000,119.31,119.4,119.3,119.39,2108.348
1791026340000,119.39,119.4,119.35,119.35,1279.914
1791026400000,119.35,119.36,119.33,119.34,105.846
1791026460000,119.34,119.34,119.31,119.31,301.841
1791026520000,119.32,119.32,119.28,119.28,248.635
1791026580000,119.29,119.29,119.28,119.28,102.813
1791026640000,119.27,119.27,119.26,119.27,78.647
1791026700000,119.27,119.28,119.26,119.28,316.799
1791026760000,119.28,119.28,119.26,119.26,152.357
1791026820000,119.26,119.27,119.24,119.26,926.962
1791026880000,119.27,119.28,119.26,119.28,124.665
1791026940000,119.28,119.34,119.28,119.33,152.777
1791027000000,119.34,119.35,119.34,119.34,133.143
1791027060000,119.34,119.35,119.34,119.34,66.339
1791027120000,119.34,119.35,119.34,119.35,143.665
1791027180000,119.35,119.35,119.29,119.29,752.173
1791027240000,119.3,119.36,119.29,119.36,180.059
1791027300000,119.35,119.43,119.35,119.43,254.129
1791027360000,119.43,119.43,119.41,119.41,157.103
1791027420000,119.42,119.42,119.38,119.38,216.92
1791027480000,119.39,119.39,119.36,119.39,584.613
1791027540000,119.38,119.44,119.38,119.44,245.375
1791027600000,119.44,119.47,119.44,119.47,437.642
1791027660000,119.46,119.47,119.41,119.41,1105.682
1791027720000,119.42,119.42,119.38,119.39,368.481
1791027780000,119.39,119.39,119.35,119.36,305.839
1791027840000,119.35,119.36,119.35,119.35,147.574
1791027900000,119.36,119.4,119.34,119.39,442.908
1791027960000,119.4,119.41,119.39,119.4,135.309
1791028020000,119.4,119.41,119.39,119.4,308.108
1791028080000,119.4,119.47,119.4,119.45,831.155
1791028140000,119.45,119.46,119.39,119.39,644.812
1791028200000,119.4,119.41,119.39,119.41,114.263
1791028260000,119.41,119.41,119.38,119.39,467.326
1791028320000,119.39,119.39,119.38,119.39,144.978
1791028380000,119.38,119.41,119.38,119.41,77.701
1791028440000,119.4,119.41,119.4,119.41,299.133
1791028500000,119.4,119.41,119.4,119.4,462.299
1791028560000,119.4,119.41,119.37,119.37,325.018
1791028620000,119.37,119.37,119.33,119.34,657.004
1791028680000,119.33,119.34,119.31,119.32,951.134
1791028740000,119.32,119.32,119.31,119.31,26.609
1791028800000,119.32,119.34,119.31,119.34,342.105
1791028860000,119.33,119.42,119.33,119.41,593.309
1791028920000,119.41,119.42,119.41,119.41,51.13
1791028980000,119.42,119.47,119.41,119.47,862.309
1791029040000,119.46,119.49,119.45,119.49,325.866
1791029100000,119.49,119.49,119.48,119.48,129.362
1791029160000,119.49,119.49,119.48,119.48,71.386
1791029220000,119.48,119.48,119.43,119.48,633.305
1791029280000,119.48,119.48,119.45,119.45,156.556
1791029340000,119.45,119.46,119.4,119.4,346.757
1791029400000,119.4,119.42,119.4,119.4,371.712
1791029460000,119.4,119.45,119.4,119.45,462.033
1791029520000,119.45,119.45,119.44,119.44,62.992
1791029580000,119.44,119.47,119.41,119.42,1398.971
1791029640000,119.43,119.45,119.43,119.45,48.99
1791029700000,119.45,119.45,119.4,119.4,587.667
1791029760000,119.4,119.44,119.34,119.43,613.042
1791029820000,119.44,119.45,119.42,119.45,302.293
1791029880000,119.44,119.56,119.44,119.54,909.179
1791029940000,119.55,119.58,119.54,119.57,225.503
1791030000000,119.57,119.65,119.57,119.65,2221.647
1791030060000,119.65,119.69,119.64,119.66,1087.762
1791030120000,119.66,119.66,119.62,119.64,499.939
1791030180000,119.64,119.72,119.62,119.71,1604.28
1791030240000,119.72,119.74,119.69,119.7,1828.229
1791030300000,119.7,119.75,119.58,119.59,1881.805
1791030360000,119.59,119.63,119.59,119.6,324.349
1791030420000,119.61,119.61,119.52,119.52,3741.023
1791030480000,119.53,119.55,119.53,119.54,939.003
1791030540000,119.55,119.56,119.45,119.46,2089.091
1791030600000,119.45,119.48,119.45,119.48,1517.682
1791030660000,119.47,119.48,119.39,119.4,1055.696
1791030720000,119.4,119.41,119.37,119.4,1122.578
1791030780000,119.4,119.4,119.37,119.38,733.33
1791030840000,119.37,119.38,119.37,119.38,74.666
1791030900000,119.37,119.38,119.35,119.35,1001.975
1791030960000,119.36,119.37,119.33,119.33,1286.944
1791031020000,119.33,119.34,119.33,119.34,200.045
1791031080000,119.33,119.34,119.33,119.34,55.409
1791031140000,119.34,119.43,119.27,119.42,2705.908
1791031200000,119.42,119.46,119.41,119.45,329.541
1791031260000,119.45,119.45,119.36,119.37,851.733
1791031320000,119.36,119.37,119.26,119.27,989.629
1791031380000,119.27,119.33,119.25,119.3,698.355
1791031440000,119.31,119.32,119.3,119.32,154.507
1791031500000,119.32,119.35,119.31,119.35,287.951
1791031560000,119.34,119.37,119.34,119.36,47.653
1791031620000,119.36,119.42,119.35,119.42,425.882
1791031680000,119.42,119.43,119.41,119.43,168.347
1791031740000,119.42,119.46,119.4,119.46,602.735
1791031800000,119.47,119.48,119.46,119.47,161.721
1791031860000,119.48,119.5,119.47,119.49,257.197
1791031920000,119.5,119.51,119.49,119.5,171.901
1791031980000,119.51,119.55,119.49,119.54,557.558
1791032040000,119.55,119.56,119.51,119.52,673.684
1791032100000,119.51,119.56,119.51,119.55,174.465
1791032160000,119.56,119.58,119.55,119.58,51.55
1791032220000,119.57,119.58,119.53,119.54,223.271
1791032280000,119.53,119.54,119.49,119.5,230.994
1791032340000,119.5,119.5,119.48,119.48,104.272
1791032400000,119.48,119.48,119.45,119.46,1247.844
1791032460000,119.47,119.52,119.46,119.52,304.549
1791032520000,119.51,119.52,119.47,119.51,341.071
1791032580000,119.5,119.6,119.5,119.6,499.27
1791032640000,119.6,119.6,119.52,119.52,202.214
1791032700000,119.53,119.58,119.52,119.56,899.1
1791032760000,119.56,119.6,119.56,119.59,817.473
1791032820000,119.59,119.6,119.57,119.57,430.723
1791032880000,119.57,119.58,119.52,119.55,920.807
1791032940000,119.56,119.58,119.53,119.57,802.86
1791033000000,119.57,119.58,119.55,119.56,121.546
1791033060000,119.57,119.57,119.52,119.52,381.461
1791033120000,119.53,119.53,119.46,119.46,349.538
1791033180000,119.46,119.52,119.46,119.52,358.974
1791033240000,119.52,119.52,119.51,119.51,50.663
1791033300000,119.51,119.51,119.47,119.49,142.66
1791033360000,119.5,119.52,119.49,119.51,511.124
1791033420000,119.51,119.51,119.46,119.47,298.897
1791033480000,119.47,119.48,119.4,119.46,868.015
1791033540000,119.45,119.45,119.38,119.4,1091.206
1791033600000,119.4,119.42,119.37,119.37,1162.065
1791033660000,119.38,119.38,119.34,119.34,489.554
1791033720000,119.34,119.35,119.33,119.34,537.385
1791033780000,119.34,119.37,119.33,119.36,230.795
1791033840000,119.36,119.37,119.36,119.37,72.57
1791033900000,119.37,119.42,119.37,119.42,404.989
1791033960000,119.41,119.44,119.41,119.44,83.377
1791034020000,119.44,119.44,119.43,119.43,37.248
1791034080000,119.43,119.46,119.43,119.46,119.045
1791034140000,119.46,119.46,119.43,119.45,1359.563
1791034200000,119.46,119.46,119.45,119.46,137.1
1791034260000,119.45,119.47,119.45,119.47,129.981
1791034320000,119.47,119.47,119.46,119.46,865.113
1791034380000,119.47,119.49,119.46,119.49,172.138
1791034440000,119.49,119.56,119.49,119.55,1278.368
1791034500000,119.54,119.58,119.51,119.54,2294.366
1791034560000,119.55,119.6,119.51,119.52,702.909
1791034620000,119.51,119.52,119.45,119.46,107.173
1791034680000,119.46,119.49,119.45,119.49,845.13
1791034740000,119.48,119.5,119.47,119.49,509.379
1791034800000,119.49,119.51,119.49,119.51,264.379
1791034860000,119.51,119.55,119.51,119.55,711.009
1791034920000,119.54,119.56,119.52,119.53,904.128
1791034980000,119.53,119.53,119.5,119.5,402.786
1791035040000,119.5,119.51,119.35,119.38,2700.916
1791035100000,119.37,119.38,119.37,119.37,91.344
1791035160000,119.37,119.44,119.37,119.44,383.466
1791035220000,119.44,119.45,119.4,119.43,1109.486
1791035280000,119.43,119.47,119.43,119.47,267.264
1791035340000,119.47,119.47,119.46,119.47,129.098
1791035400000,119.47,119.48,119.42,119.42,710.382
1791035460000,119.42,119.43,119.42,119.42,263.629
1791035520000,119.43,119.44,119.42,119.44,85.923
1791035580000,119.43,119.46,119.43,119.46,478.836
1791035640000,119.46,119.46,119.45,119.45,260.71
1791035700000,119.46,119.46,119.45,119.46,64.283
1791035760000,119.45,119.46,119.44,119.44,434.118
1791035820000,119.45,119.45,119.44,119.44,57.861
1791035880000,119.44,119.45,119.4,119.41,1304.843
1791035940000,119.4,119.44,119.4,119.43,279.037
1791036000000,119.44,119.44,119.42,119.43,91.176
1791036060000,119.43,119.43,119.38,119.4,239.975
1791036120000,119.4,119.4,119.33,119.33,141.01
1791036180000,119.33,119.34,119.32,119.33,242.263
1791036240000,119.33,119.33,119.28,119.29,267.708
1791036300000,119.28,119.29,119.28,119.28,142.579
1791036360000,119.29,119.29,119.18,119.18,1519.912
1791036420000,119.17,119.22,119.17,119.21,275.82
1791036480000,119.21,119.25,119.21,119.25,85.263
1791036540000,119.25,119.25,119.24,119.25,39.501
1791036600000,119.24,119.25,119.22,119.22,340.992
1791036660000,119.22,119.22,119.19,119.19,676.425
1791036720000,119.19,119.19,119.17,119.17,671.166
1791036780000,119.18,119.18,119.17,119.18,137.341
1791036840000,119.18,119.18,119.16,119.17,821.124
1791036900000,119.16,119.24,119.16,119.24,741.578
1791036960000,119.24,119.27,119.23,119.23,638.745
1791037020000,119.23,119.25,119.23,119.25,307.231
1791037080000,119.25,119.31,119.24,119.31,606.567
1791037140000,119.31,119.31,119.29,119.29,423.688
1791037200000,119.3,119.32,119.28,119.28,1786.983
1791037260000,119.29,119.33,119.28,119.32,304.084
1791037320000,119.33,119.35,119.32,119.34,525.316
1791037380000,119.34,119.37,119.34,119.36,276.268
1791037440000,119.37,119.37,119.36,119.37,56.34
1791037500000,119.37,119.37,119.36,119.36,440.683
1791037560000,119.36,119.41,119.36,119.4,281.77
1791037620000,119.41,119.45,119.41,119.44,864.236
1791037680000,119.44,119.5,119.43,119.49,400.76
1791037740000,119.49,119.49,119.46,119.48,1051.448
1791037800000,119.49,119.49,119.48,119.49,134.173
1791037860000,119.48,119.51,119.48,119.51,203.42
1791037920000,119.5,119.51,119.46,119.47,641.945
1791037980000,119.47,119.47,119.45,119.47,321.512
1791038040000,119.47,119.47,119.45,119.46,548.298
1791038100000,119.46,119.46,119.34,119.35,417.338
1791038160000,119.34,119.39,119.34,119.35,352.793
1791038220000,119.34,119.4,119.33,119.4,1776.039
1791038280000,119.39,119.4,119.35,119.37,687.083
1791038340000,119.38,119.46,119.37,119.4,1947.404
1791038400000,119.41,119.44,119.41,119.44,194.64
1791038460000,119.44,119.45,119.43,119.45,201.648
1791038520000,119.45,119.46,119.44,119.46,235.621
1791038580000,119.45,119.48,119.45,119.48,237.826
1791038640000,119.48,119.5,119.47,119.5,632.353
1791038700000,119.5,119.54,119.5,119.54,670.111
1791038760000,119.54,119.6,119.54,119.57,3009.331
1791038820000,119.58,119.61,119.57,119.61,733.705
1791038880000,119.61,119.65,119.61,119.64,977.992
1791038940000,119.64,119.77,119.64,119.75,2012.943
1791039000000,119.75,119.75,119.71,119.71,1155.446
1791039060000,119.71,119.72,119.71,119.72,394.919
1791039120000,119.71,119.71,119.59,119.65,3794.616
1791039180000,119.65,119.65,119.64,119.65,232.695
1791039240000,119.65,119.67,119.64,119.65,1509.325
1791039300000,119.64,119.79,119.64,119.78,2017.931
1791039360000,119.79,119.86,119.78,119.79,1673.407
1791039420000,119.79,119.79,119.7,119.71,2136.098
1791039480000,119.7,119.8,119.7,119.75,1229.298
1791039540000,119.75,119.79,119.75,119.78,589.784
1791039600000,119.78,119.79,119.63,119.63,1758.724
1791039660000,119.63,119.65,119.61,119.61,442.381
1791039720000,119.62,119.65,119.6,119.61,1130.576
1791039780000,119.6,119.61,119.56,119.59,1772.824
1791039840000,119.59,119.61,119.58,119.61,456.009
1791039900000,119.6,119.65,119.6,119.65,451.495
1791039960000,119.65,119.68,119.64,119.65,1107.732
1791040020000,119.65,119.66,119.62,119.62,543.345
1791040080000,119.63,119.71,119.62,119.65,2275.862
1791040140000,119.65,119.68,119.63,119.65,1715.552
1791040200000,119.64,119.65,119.61,119.62,1744.623
1791040260000,119.62,119.63,119.6,119.61,189.839
1791040320000,119.61,119.61,119.55,119.56,797.532
1791040380000,119.56,119.56,119.55,119.55,337.797
1791040440000,119.56,119.69,119.55,119.68,2579.561
1791040500000,119.68,119.68,119.55,119.56,2655.456
1791040560000,119.56,119.58,119.55,119.58,371.748
1791040620000,119.57,119.61,119.57,119.61,697.072
1791040680000,119.61,119.61,119.58,119.59,855.249
1791040740000,119.6,119.61,119.57,119.57,845.441
1791040800000,119.58,119.62,119.57,119.59,1013.045
1791040860000,119.59,119.62,119.57,119.62,527.057
1791040920000,119.62,119.62,119.57,119.58,436.222
1791040980000,119.58,119.59,119.56,119.57,1106.846
1791041040000,119.56,119.57,119.52,119.52,684.518
1791041100000,119.52,119.54,119.51,119.54,480.597
1791041160000,119.54,119.55,119.54,119.55,171.243
1791041220000,119.55,119.57,119.54,119.56,209.91
1791041280000,119.56,119.57,119.54,119.55,688.749
1791041340000,119.55,119.55,119.53,119.53,408.061
1791041400000,119.53,119.55,119.53,119.55,222.867
1791041460000,119.55,119.55,119.47,119.48,1082.593
1791041520000,119.47,119.52,119.47,119.52,574.035
1791041580000,119.52,119.52,119.49,119.49,353.663
1791041640000,119.5,119.53,119.46,119.53,694.517
1791041700000,119.53,119.53,119.46,119.52,819.104
1791041760000,119.52,119.52,119.51,119.51,283.239
1791041820000,119.51,119.52,119.49,119.51,539.626
1791041880000,119.51,119.58,119.51,119.58,464.079
1791041940000,119.58,119.58,119.57,119.57,214.961
1791042000000,119.57,119.63,119.57,119.62,1142.157
1791042060000,119.62,119.62,119.6,119.62,717.094
1791042120000,119.63,119.63,119.58,119.58,584.144
1791042180000,119.59,119.61,119.58,119.61,362.631
1791042240000,119.61,119.62,119.59,119.59,654.257
1791042300000,119.59,119.67,119.59,119.66,411.965
1791042360000,119.66,119.7,119.66,119.69,510.12
1791042420000,119.7,119.7,119.66,119.67,466.399
1791042480000,119.68,119.68,119.65,119.67,507.082
1791042540000,119.68,119.71,119.68,119.7,231.236
1791042600000,119.71,119.78,119.7,119.78,1571.714
1791042660000,119.77,119.78,119.71,119.72,923.682
1791042720000,119.72,119.73,119.65,119.65,541.053
1791042780000,119.65,119.67,119.65,119.67,193.137
1791042840000,119.66,119.68,119.66,119.68,413.76
1791042900000,119.68,119.68,119.67,119.67,100.515
1791042960000,119.68,119.68,119.67,119.68,85.424
1791043020000,119.67,119.68,119.62,119.67,2270.596
1791043080000,119.67,119.71,119.67,119.71,353.675
1791043140000,119.71,119.71,119.7,119.71,419.727
1791043200000,119.71,119.72,119.69,119.7,702.284
1791043260000,119.69,119.7,119.6,119.63,1046.251
1791043320000,119.63,119.63,119.56,119.57,3074.854
1791043380000,119.57,119.6,119.57,119.6,237.205
1791043440000,119.59,119.68,119.59,119.66,847.014
1791043500000,119.66,119.66,119.6,119.62,867.143
1791043560000,119.63,119.63,119.57,119.58,595.561
1791043620000,119.58,119.59,119.58,119.58,603.16
1791043680000,119.58,119.63,119.58,119.63,528.119
1791043740000,119.63,119.67,119.62,119.62,1333.348
1791043800000,119.62,119.63,119.58,119.58,449.267
1791043860000,119.59,119.61,119.58,119.61,350.348
1791043920000,119.6,119.63,119.6,119.63,303.135
1791043980000,119.62,119.63,119.57,119.57,569.781
1791044040000,119.57,119.6,119.55,119.6,1996.358
1791044100000,119.59,119.62,119.58,119.59,596.947
1791044160000,119.59,119.59,119.58,119.59,178.915
1791044220000,119.58,119.59,119.56,119.57,313.377
1791044280000,119.58,119.59,119.54,119.57,1695.371
1791044340000,119.58,119.62,119.57,119.61,1386.352
1791044400000,119.61,119.65,119.6,119.6,1287.362
1791044460000,119.61,119.63,119.59,119.59,357.511
1791044520000,119.59,119.6,119.59,119.59,65.705
1791044580000,119.59,119.6,119.57,119.57,680.682
1791044640000,119.58,119.58,119.57,119.57,85.488
1791044700000,119.58,119.6,119.55,119.55,1114.419
1791044760000,119.55,119.56,119.55,119.56,109.524
1791044820000,119.56,119.56,119.55,119.56,58.55
1791044880000,119.55,119.57,119.55,119.57,322.247
1791044940000,119.56,119.61,119.56,119.61,414.519
1791045000000,119.6,119.66,119.6,119.65,544.717
1791045060000,119.65,119.66,119.65,119.66,319.193
1791045120000,119.65,119.66,119.65,119.66,509.887
1791045180000,119.66,119.68,119.63,119.63,625.911
1791045240000,119.63,119.7,119.63,119.67,1281.415
1791045300000,119.66,119.67,119.59,119.6,714.571
1791045360000,119.6,119.62,119.6,119.62,143.283
1791045420000,119.62,119.65,119.6,119.64,1542.865
1791045480000,119.64,119.72,119.64,119.71,140.728
1791045540000,119.72,119.78,119.72,119.76,1702.804
1791045600000,119.76,119.81,119.76,119.81,1225.012
1791045660000,119.81,119.83,119.81,119.82,873.295
1791045720000,119.83,119.83,119.75,119.76,2052.356
1791045780000,119.76,119.8,119.76,119.79,505.481
1791045840000,119.79,119.8,119.79,119.8,152.201
1791045900000,119.8,119.84,119.8,119.81,1674.378
1791045960000,119.82,119.84,119.81,119.82,951.348
1791046020000,119.83,119.83,119.79,119.8,770.283
1791046080000,119.79,119.81,119.75,119.76,965.061
1791046140000,119.76,119.79,119.76,119.76,571.691
1791046200000,119.77,119.77,119.73,119.74,798.923
1791046260000,119.74,119.74,119.68,119.69,1212.365
1791046320000,119.69,119.7,119.69,119.69,448.903
1791046380000,119.69,119.7,119.63,119.65,1753.695
1791046440000,119.65,119.65,119.64,119.65,70.231
1791046500000,119.65,119.67,119.64,119.67,399.338
1791046560000,119.67,119.68,119.66,119.68,135.912
1791046620000,119.68,119.71,119.68,119.7,441.689
1791046680000,119.71,119.71,119.7,119.7,158.617
1791046740000,119.71,119.72,119.7,119.71,441.89
1791046800000,119.72,119.73,119.68,119.73,1161.716
1791046860000,119.72,119.73,119.7,119.7,263.665
1791046920000,119.71,119.71,119.7,119.71,129.566
1791046980000,119.71,119.73,119.7,119.73,470.113
1791047040000,119.72,119.75,119.72,119.75,359.759
1791047100000,119.75,119.8,119.75,119.76,651.854
1791047160000,119.77,119.77,119.76,119.76,71.634
1791047220000,119.76,119.86,119.76,119.8,1895.429
1791047280000,119.8,119.83,119.79,119.83,305.128
1791047340000,119.83,119.85,119.83,119.85,584.399
1791047400000,119.85,119.9,119.85,119.89,1483.759
1791047460000,119.88,119.89,119.82,119.85,5690.283
1791047520000,119.84,119.89,119.84,119.89,2211.468
1791047580000,119.89,119.89,119.84,119.85,872.365
1791047640000,119.84,119.86,119.81,119.82,613.834
1791047700000,119.82,119.89,119.81,119.89,492.458
1791047760000,119.89,119.92,119.88,119.9,1547.581
1791047820000,119.9,119.91,119.84,119.87,739.561
1791047880000,119.88,119.97,119.87,119.97,822.819
1791047940000,119.96,119.97,119.93,119.93,561.953
1791048000000,119.93,119.94,119.91,119.92,883.096
1791048060000,119.93,119.93,119.88,119.88,813.911
1791048120000,119.88,119.92,119.88,119.91,240.545
1791048180000,119.91,119.95,119.91,119.95,400.064
1791048240000,119.94,119.95,119.92,119.93,622.056
1791048300000,119.92,119.93,119.84,119.84,861.157
1791048360000,119.85,119.87,119.81,119.81,568.387
1791048420000,119.82,119.82,119.75,119.8,613.815
1791048480000,119.8,119.8,119.74,119.75,780.067
1791048540000,119.74,119.75,119.73,119.74,364.814
1791048600000,119.74,119.74,119.66,119.67,1326.531
1791048660000,119.66,119.7,119.66,119.69,1453.185
1791048720000,119.69,119.84,119.66,119.81,1588.377
1791048780000,119.8,119.81,119.76,119.77,164.55
1791048840000,119.77,119.83,119.72,119.83,362.258
1791048900000,119.83,119.84,119.79,119.82,177.913
1791048960000,119.82,119.83,119.8,119.83,67.823
1791049020000,119.82,119.89,119.82,119.88,846.497
1791049080000,119.89,119.89,119.81,119.82,347.68
1791049140000,119.81,119.92,119.81,119.9,537.792
1791049200000,119.91,119.97,119.9,119.95,656.664
1791049260000,119.94,120.0,119.89,120.0,1286.417
1791049320000,119.99,119.99,119.92,119.94,802.895
1791049380000,119.93,119.95,119.92,119.94,186.392
1791049440000,119.95,120.09,119.95,120.02,3357.405
1791049500000,120.02,120.03,119.9,119.92,506.874
1791049560000,119.92,120.0,119.92,120.0,322.171
1791049620000,119.99,120.01,119.88,119.9,1141.277
1791049680000,119.89,119.92,119.88,119.89,1094.745
1791049740000,119.88,119.91,119.88,119.91,137.874
1791049800000,119.91,120.04,119.91,120.03,1227.443
1791049860000,120.04,120.04,119.94,119.95,703.183
1791049920000,119.95,120.0,119.93,120.0,311.077
1791049980000,120.0,120.0,119.88,119.89,1097.217
1791050040000,119.88,120.01,119.88,120.0,781.158
1791050100000,119.99,119.99,119.95,119.98,1169.458
1791050160000,119.97,119.98,119.88,119.9,1578.863
1791050220000,119.9,119.99,119.89,119.98,1337.975
1791050280000,119.97,120.01,119.95,119.99,913.871
1791050340000,119.99,120.02,119.97,119.98,445.733
1791050400000,119.99,119.99,119.93,119.93,1365.825
1791050460000,119.93,119.98,119.93,119.97,164.454
1791050520000,119.98,120.02,119.97,120.01,2068.825
1791050580000,120.01,120.04,119.98,120.02,572.75
1791050640000,120.01,120.02,119.97,119.99,720.594
1791050700000,120.0,120.0,119.97,119.97,241.607
1791050760000,119.98,120.04,119.97,120.04,422.039
1791050820000,120.03,120.04,119.99,120.0,321.415
1791050880000,120.0,120.0,119.97,119.97,282.308
1791050940000,119.97,120.03,119.97,119.97,735.403
1791051000000,119.97,119.97,119.81,119.87,4669.54
1791051060000,119.87,119.87,119.83,119.84,277.765
1791051120000,119.84,119.9,119.79,119.9,466.256
1791051180000,119.89,119.91,119.88,119.9,339.514
1791051240000,119.9,119.93,119.9,119.92,253.152
1791051300000,119.92,119.98,119.91,119.98,786.677
1791051360000,119.99,119.99,119.94,119.94,276.568
1791051420000,119.95,119.95,119.84,119.84,525.961
1791051480000,119.85,119.85,119.81,119.82,3369.99
1791051540000,119.82,119.82,119.8,119.8,260.897
1791051600000,119.81,119.84,119.8,119.82,738.952
1791051660000,119.81,119.83,119.8,119.8,935.592
1791051720000,119.8,119.81,119.78,119.78,470.151
1791051780000,119.79,119.79,119.77,119.79,888.872
1791051840000,119.78,119.8,119.78,119.79,244.804
1791051900000,119.8,119.83,119.79,119.82,180.133
1791051960000,119.83,119.83,119.82,119.82,39.278
1791052020000,119.82,119.83,119.82,119.82,44.724
1791052080000,119.83,119.89,119.83,119.89,835.421
1791052140000,119.89,119.94,119.87,119.87,2448.751
1791052200000,119.87,119.88,119.8,119.8,607.821
1791052260000,119.8,119.8,119.74,119.74,1089.693
1791052320000,119.75,119.79,119.75,119.79,234.903
1791052380000,119.79,119.82,119.78,119.8,410.157
1791052440000,119.8,119.86,119.78,119.85,1303.87
1791052500000,119.85,119.85,119.84,119.84,65.088
1791052560000,119.85,119.88,119.84,119.88,280.398
1791052620000,119.89,119.91,119.87,119.89,550.646
1791052680000,119.9,119.95,119.9,119.92,1480.739
1791052740000,119.93,119.93,119.88,119.88,265.248
1791052800000,119.89,119.91,119.88,119.9,380.505
1791052860000,119.9,119.91,119.87,119.88,182.185
1791052920000,119.88,119.92,119.88,119.92,442.496
1791052980000,119.92,119.94,119.91,119.94,168.398
1791053040000,119.94,119.96,119.94,119.95,161.363
1791053100000,119.96,119.96,119.92,119.92,520.193
1791053160000,119.92,119.95,119.92,119.95,237.882
1791053220000,119.94,119.94,119.89,119.9,292.154
1791053280000,119.89,119.9,119.88,119.88,198.103
1791053340000,119.89,119.91,119.88,119.9,1042.318
1791053400000,119.89,119.92,119.86,119.91,2057.322
1791053460000,119.91,119.91,119.85,119.85,234.128
1791053520000,119.86,119.87,119.85,119.86,182.449
1791053580000,119.86,119.86,119.82,119.85,189.887
1791053640000,119.84,119.85,119.84,119.85,150.239
1791053700000,119.85,119.86,119.85,119.86,466.568
1791053760000,119.86,119.9,119.85,119.9,219.161
1791053820000,119.9,119.94,119.9,119.94,70.79
1791053880000,119.94,119.96,119.94,119.95,719.443
1791053940000,119.94,119.98,119.94,119.97,367.518
1791054000000,119.97,119.97,119.89,119.92,349.721
1791054060000,119.91,119.93,119.87,119.87,177.484
1791054120000,119.88,119.88,119.81,119.82,262.945
1791054180000,119.81,119.82,119.73,119.74,1251.452
1791054240000,119.73,119.75,119.73,119.75,251.404
1791054300000,119.74,119.76,119.73,119.74,283.225
1791054360000,119.74,119.79,119.73,119.79,207.113
1791054420000,119.79,119.79,119.78,119.78,37.81
1791054480000,119.79,119.79,119.77,119.78,134.675
1791054540000,119.78,119.79,119.77,119.79,110.883
1791054600000,119.78,119.78,119.75,119.76,130.522
1791054660000,119.75,119.79,119.75,119.78,140.342
1791054720000,119.79,119.8,119.78,119.8,523.774
1791054780000,119.8,119.8,119.79,119.79,151.882
1791054840000,119.79,119.8,119.79,119.8,36.941
1791054900000,119.79,119.87,119.79,119.86,811.404
1791054960000,119.87,119.93,119.86,119.87,888.152
1791055020000,119.86,119.87,119.83,119.85,232.058
1791055080000,119.85,119.85,119.84,119.85,135.586
1791055140000,119.85,119.85,119.78,119.83,719.987
1791055200000,119.83,119.85,119.83,119.83,108.761
1791055260000,119.83,119.84,119.8,119.81,248.066
1791055320000,119.81,119.81,119.8,119.8,157.661
1791055380000,119.8,119.81,119.79,119.79,286.182
1791055440000,119.79,119.85,119.79,119.84,199.072
1791055500000,119.84,119.85,119.82,119.83,221.49
1791055560000,119.83,119.84,119.8,119.82,835.577
1791055620000,119.83,119.84,119.82,119.83,256.783
1791055680000,119.84,119.84,119.82,119.83,932.659
1791055740000,119.83,119.83,119.77,119.77,318.643
1791055800000,119.78,119.81,119.77,119.81,1270.147
1791055860000,119.81,119.81,119.76,119.77,812.338
1791055920000,119.77,119.77,119.74,119.75,360.124
1791055980000,119.75,119.75,119.72,119.72,350.517
1791056040000,119.72,119.74,119.72,119.73,273.596
1791056100000,119.72,119.74,119.72,119.74,155.472
1791056160000,119.74,119.75,119.67,119.67,2446.662
1791056220000,119.67,119.73,119.67,119.73,1156.415
1791056280000,119.73,119.75,119.69,119.72,1339.474
1791056340000,119.73,119.73,119.68,119.7,304.041
1791056400000,119.7,119.71,119.65,119.66,744.884
1791056460000,119.66,119.73,119.64,119.73,2249.793
1791056520000,119.73,119.73,119.71,119.72,346.819
1791056580000,119.71,119.72,119.7,119.7,298.352
1791056640000,119.7,119.71,119.66,119.66,875.764
1791056700000,119.67,119.69,119.66,119.69,281.345
1791056760000,119.69,119.69,119.66,119.67,520.563
1791056820000,119.66,119.68,119.62,119.68,1516.072
1791056880000,119.69,119.72,119.69,119.72,377.063
1791056940000,119.71,119.72,119.7,119.71,94.561
1791057000000,119.71,119.75,119.7,119.74,807.753
1791057060000,119.73,119.74,119.73,119.73,240.683
1791057120000,119.74,119.74,119.71,119.71,958.318
1791057180000,119.71,119.72,119.71,119.72,282.454
1791057240000,119.72,119.8,119.68,119.8,1425.897
1791057300000,119.8,119.8,119.76,119.77,404.729
1791057360000,119.77,119.77,119.75,119.76,144.879
1791057420000,119.76,119.77,119.74,119.77,165.698
1791057480000,119.77,119.79,119.76,119.79,482.006
1791057540000,119.78,119.79,119.78,119.78,106.383
1791057600000,119.79,119.9,119.78,119.89,1001.305
1791057660000,119.9,119.93,119.89,119.92,376.426
1791057720000,119.93,119.96,119.92,119.96,161.464
1791057780000,119.96,120.0,119.96,120.0,523.509
1791057840000,120.0,120.0,119.95,119.95,372.107
1791057900000,119.94,119.99,119.94,119.97,149.74
1791057960000,119.96,119.97,119.93,119.94,232.845
1791058020000,119.94,119.97,119.93,119.95,249.769
1791058080000,119.96,119.98,119.96,119.97,219.027
1791058140000,119.97,119.98,119.97,119.98,99.502
1791058200000,119.97,119.98,119.93,119.93,771.73
1791058260000,119.93,119.96,119.92,119.95,164.132
1791058320000,119.96,119.96,119.92,119.94,936.719
1791058380000,119.94,119.96,119.93,119.95,223.654
1791058440000,119.95,119.96,119.91,119.93,747.003
1791058500000,119.92,119.93,119.9,119.92,839.692
1791058560000,119.92,119.96,119.92,119.92,1166.341
1791058620000,119.93,119.95,119.92,119.94,189.764
1791058680000,119.95,119.97,119.93,119.96,1881.43
1791058740000,119.97,120.04,119.97,120.04,790.569
1791058800000,120.03,120.07,119.99,120.02,2434.931
1791058860000,120.02,120.05,120.02,120.03,1009.86
1791058920000,120.03,120.03,119.93,119.93,3312.76
1791058980000,119.93,119.94,119.93,119.94,93.832
1791059040000,119.95,119.98,119.95,119.97,67.71
1791059100000,119.98,120.01,119.97,120.0,273.478
1791059160000,120.01,120.05,120.01,120.03,621.593
1791059220000,120.03,120.03,120.01,120.01,507.718
1791059280000,120.02,120.07,120.01,120.07,409.63
1791059340000,120.06,120.07,120.05,120.05,420.843
1791059400000,120.06,120.07,120.03,120.03,565.271
1791059460000,120.03,120.03,119.99,120.0,177.122
1791059520000,120.0,120.02,120.0,120.02,415.321
1791059580000,120.01,120.02,120.01,120.02,131.494
1791059640000,120.01,120.02,120.01,120.02,34.482
1791059700000,120.02,120.02,120.01,120.01,40.678
1791059760000,120.02,120.02,120.0,120.0,424.201
1791059820000,120.0,120.0,119.94,119.94,175.047
1791059880000,119.95,119.95,119.93,119.94,704.031
1791059940000,119.93,119.94,119.91,119.91,182.121
1791060000000,119.91,119.92,119.9,119.91,366.007
1791060060000,119.91,119.92,119.9,119.92,829.197
1791060120000,119.92,119.95,119.91,119.92,1283.303
1791060180000,119.93,119.96,119.87,119.9,2511.81
1791060240000,119.9,119.94,119.9,119.94,217.82
1791060300000,119.93,119.95,119.92,119.92,1028.542
1791060360000,119.93,119.97,119.92,119.97,595.227
1791060420000,119.96,119.98,119.94,119.95,709.906
1791060480000,119.94,119.95,119.92,119.92,416.334
1791060540000,119.93,119.93,119.82,119.84,2712.636
1791060600000,119.83,119.87,119.83,119.85,422.55
1791060660000,119.86,119.86,119.75,119.75,2709.825
1791060720000,119.76,119.76,119.74,119.74,251.776
1791060780000,119.73,119.74,119.71,119.72,372.621
1791060840000,119.72,119.72,119.71,119.71,102.926
1791060900000,119.71,119.72,119.71,119.72,46.792
1791060960000,119.71,119.73,119.71,119.73,363.275
1791061020000,119.74,119.78,119.74,119.78,234.204
1791061080000,119.78,119.8,119.78,119.8,90.755
1791061140000,119.8,119.82,119.8,119.81,523.948
1791061200000,119.82,119.85,119.81,119.85,68.961
1791061260000,119.85,119.92,119.85,119.91,296.49
1791061320000,119.91,119.91,119.84,119.84,1347.612
1791061380000,119.83,119.84,119.8,119.8,166.064
1791061440000,119.8,119.8,119.76,119.77,331.077
1791061500000,119.77,119.77,119.65,119.66,3838.317
1791061560000,119.65,119.68,119.62,119.62,840.485
1791061620000,119.62,119.64,119.59,119.59,611.375
1791061680000,119.6,119.61,119.59,119.59,390.997
1791061740000,119.6,119.6,119.52,119.57,1806.738
1791061800000,119.56,119.62,119.56,119.62,364.75
1791061860000,119.61,119.63,119.61,119.63,67.064
1791061920000,119.63,119.68,119.62,119.68,261.953
1791061980000,119.67,119.72,119.67,119.7,705.872
1791062040000,119.7,119.71,119.68,119.7,254.63
1791062100000,119.71,119.74,119.71,119.71,503.731
1791062160000,119.71,119.77,119.71,119.76,531.355
1791062220000,119.76,119.77,119.75,119.75,63.004
1791062280000,119.76,119.76,119.75,119.76,60.841
1791062340000,119.75,119.75,119.69,119.7,374.16
1791062400000,119.7,119.7,119.66,119.66,349.553
1791062460000,119.67,119.67,119.66,119.67,49.386
1791062520000,119.67,119.71,119.66,119.68,1550.266
1791062580000,119.68,119.69,119.68,119.69,189.893
1791062640000,119.69,119.69,119.68,119.68,210.421
1791062700000,119.69,119.69,119.68,119.69,199.034
1791062760000,119.68,119.69,119.68,119.69,97.971
1791062820000,119.68,119.68,119.59,119.59,628.805
1791062880000,119.6,119.62,119.59,119.62,369.273
1791062940000,119.62,119.62,119.61,119.62,18.091
1791063000000,119.62,119.62,119.6,119.61,108.67
1791063060000,119.61,119.61,119.6,119.6,91.122
1791063120000,119.6,119.6,119.59,119.59,131.892
1791063180000,119.59,119.6,119.58,119.58,137.063
1791063240000,119.59,119.66,119.58,119.61,1594.006
1791063300000,119.62,119.62,119.59,119.6,100.324
1791063360000,119.59,119.6,119.59,119.59,64.624
1791063420000,119.6,119.63,119.6,119.63,661.436
1791063480000,119.62,119.62,119.59,119.6,284.426
1791063540000,119.61,119.67,119.61,119.66,275.395
1791063600000,119.66,119.66,119.62,119.63,859.465
1791063660000,119.62,119.63,119.62,119.62,106.248
1791063720000,119.63,119.64,119.62,119.64,568.353
1791063780000,119.64,119.67,119.61,119.62,912.173
1791063840000,119.62,119.62,119.61,119.62,39.652
1791063900000,119.62,119.65,119.61,119.65,301.812
1791063960000,119.66,119.69,119.66,119.69,63.897
1791064020000,119.69,119.69,119.68,119.69,145.188
1791064080000,119.69,119.7,119.68,119.7,236.073
1791064140000,119.69,119.7,119.69,119.69,97.176
1791064200000,119.7,119.73,119.69,119.72,765.879
1791064260000,119.71,119.72,119.68,119.68,1136.712
1791064320000,119.68,119.69,119.6,119.69,2685.017
1791064380000,119.69,119.72,119.68,119.68,1215.033
1791064440000,119.67,119.7,119.6,119.63,1835.901
1791064500000,119.63,119.64,119.62,119.64,574.388
1791064560000,119.63,119.68,119.6,119.61,1889.675
1791064620000,119.61,119.67,119.6,119.65,2133.531
1791064680000,119.65,119.66,119.6,119.64,2667.291
1791064740000,119.64,119.64,119.57,119.63,763.961
1791064800000,119.63,119.63,119.61,119.62,404.308
1791064860000,119.61,119.65,119.61,119.65,745.518
1791064920000,119.64,119.68,119.5,119.52,5704.861
1791064980000,119.52,119.63,119.49,119.57,11195.47
1791065040000,119.57,119.68,119.56,119.65,1929.76
1791065100000,119.66,119.68,119.57,119.68,1830.531
1791065160000,119.68,119.72,119.63,119.65,1385.086
1791065220000,119.65,119.72,119.64,119.7,914.155
1791065280000,119.71,119.74,119.7,119.74,138.125
1791065340000,119.73,119.78,119.73,119.76,259.527
1791065400000,119.75,119.79,119.75,119.79,372.903
1791065460000,119.79,119.84,119.79,119.83,624.389
1791065520000,119.84,119.85,119.83,119.85,73.34
1791065580000,119.84,119.85,119.83,119.84,294.847
1791065640000,119.84,119.87,119.83,119.85,479.837
1791065700000,119.84,119.87,119.7,119.73,2301.369
1791065760000,119.72,119.74,119.72,119.73,166.593
1791065820000,119.73,119.79,119.73,119.76,196.292
1791065880000,119.76,119.83,119.76,119.82,205.788
1791065940000,119.83,119.84,119.81,119.82,203.1
1791066000000,119.82,119.83,119.81,119.81,131.861
1791066060000,119.82,119.82,119.78,119.78,170.566
1791066120000,119.77,119.8,119.77,119.8,80.672
1791066180000,119.79,119.8,119.79,119.8,54.843
1791066240000,119.79,119.82,119.79,119.81,190.484
1791066300000,119.81,119.82,119.8,119.8,236.215
1791066360000,119.8,119.8,119.77,119.79,416.052
1791066420000,119.79,119.81,119.79,119.81,219.094
1791066480000,119.81,119.83,119.8,119.83,471.862
1791066540000,119.83,119.84,119.83,119.83,89.207
1791066600000,119.83,119.86,119.82,119.86,320.222
1791066660000,119.85,119.85,119.8,119.81,279.002
1791066720000,119.8,119.82,119.8,119.82,544.107
1791066780000,119.81,119.84,119.81,119.83,78.917
1791066840000,119.83,119.84,119.81,119.84,719.826
1791066900000,119.85,119.87,119.85,119.87,426.864
1791066960000,119.86,119.88,119.86,119.88,116.249
1791067020000,119.87,119.91,119.87,119.9,335.572
1791067080000,119.9,119.91,119.9,119.9,66.922
1791067140000,119.9,119.91,119.89,119.9,326.515
1791067200000,119.9,119.9,119.89,119.89,38.668
1791067260000,119.9,119.9,119.86,119.86,542.243
1791067320000,119.86,119.87,119.86,119.86,146.109
1791067380000,119.86,119.87,119.86,119.87,421.087
1791067440000,119.86,119.89,119.85,119.85,1314.06
1791067500000,119.85,119.85,119.84,119.84,122.46
1791067560000,119.84,119.85,119.8,119.83,995.067
1791067620000,119.83,119.89,119.82,119.83,2339.173
1791067680000,119.84,119.85,119.83,119.83,348.879
1791067740000,119.83,119.86,119.83,119.86,920.526
1791067800000,119.85,119.85,119.82,119.82,744.574
1791067860000,119.82,119.9,119.82,119.9,1995.684
1791067920000,119.89,119.9,119.85,119.86,217.535
1791067980000,119.85,119.85,119.81,119.81,375.565
1791068040000,119.8,119.81,119.8,119.81,47.673
1791068100000,119.8,119.81,119.77,119.77,153.425
1791068160000,119.77,119.78,119.74,119.75,130.23
1791068220000,119.75,119.75,119.73,119.73,303.963
1791068280000,119.74,119.74,119.73,119.74,85.405
1791068340000,119.73,119.74,119.71,119.72,933.876
1791068400000,119.72,119.73,119.7,119.71,254.504
1791068460000,119.7,119.71,119.7,119.71,89.998
1791068520000,119.7,119.71,119.7,119.71,150.645
1791068580000,119.71,119.71,119.7,119.7,20.373
1791068640000,119.7,119.71,119.65,119.65,868.787
1791068700000,119.66,119.66,119.64,119.66,100.985
1791068760000,119.65,119.65,119.62,119.63,284.394
1791068820000,119.63,119.63,119.61,119.62,112.372
1791068880000,119.61,119.63,119.6,119.63,190.902
1791068940000,119.62,119.65,119.62,119.65,241.438
1791069000000,119.65,119.67,119.65,119.67,225.677
1791069060000,119.68,119.68,119.67,119.67,20.661
1791069120000,119.67,119.68,119.67,119.68,46.862
1791069180000,119.67,119.68,119.67,119.67,69.983
1791069240000,119.67,119.71,119.67,119.7,363.775
1791069300000,119.7,119.7,119.69,119.7,108.233
1791069360000,119.7,119.74,119.69,119.73,726.735
1791069420000,119.74,119.8,119.73,119.76,987.302
1791069480000,119.75,119.76,119.74,119.75,76.949
1791069540000,119.74,119.75,119.73,119.73,229.025
1791069600000,119.74,119.74,119.73,119.73,497.054
1791069660000,119.74,119.74,119.71,119.72,220.812
1791069720000,119.72,119.8,119.71,119.8,1569.874
1791069780000,119.79,119.8,119.77,119.77,89.776
1791069840000,119.77,119.78,119.77,119.77,31.429
1791069900000,119.77,119.78,119.77,119.78,157.015
1791069960000,119.77,119.78,119.73,119.75,986.893
1791070020000,119.74,119.75,119.71,119.72,289.435
1791070080000,119.72,119.73,119.7,119.7,288.975
1791070140000,119.71,119.74,119.7,119.74,261.933
1791070200000,119.74,119.77,119.73,119.77,68.315
1791070260000,119.77,119.79,119.77,119.78,68.714
1791070320000,119.78,119.79,119.76,119.77,326.51
1791070380000,119.77,119.77,119.76,119.77,75.71
1791070440000,119.76,119.77,119.76,119.76,416.641
1791070500000,119.77,119.77,119.72,119.72,510.719
1791070560000,119.72,119.73,119.72,119.72,29.354
1791070620000,119.72,119.76,119.72,119.76,1069.453
1791070680000,119.75,119.76,119.75,119.75,169.145
1791070740000,119.75,119.76,119.72,119.73,331.338
1791070800000,119.72,119.72,119.71,119.72,56.138
1791070860000,119.72,119.72,119.71,119.71,418.338
1791070920000,119.71,119.72,119.71,119.71,197.213
1791070980000,119.71,119.72,119.71,119.71,27.605
1791071040000,119.71,119.71,119.7,119.7,294.165
1791071100000,119.7,119.71,119.69,119.69,241.643
1791071160000,119.7,119.7,119.69,119.7,40.34
1791071220000,119.69,119.7,119.69,119.7,102.542
1791071280000,119.7,119.72,119.69,119.72,362.756
1791071340000,119.71,119.72,119.71,119.71,401.464
1791071400000,119.71,119.71,119.69,119.69,228.257
1791071460000,119.7,119.7,119.68,119.69,304.348
1791071520000,119.69,119.71,119.69,119.7,429.581
1791071580000,119.7,119.7,119.68,119.69,330.253
1791071640000,119.68,119.68,119.62,119.63,511.682
1791071700000,119.62,119.63,119.62,119.63,316.428
1791071760000,119.62,119.68,119.6,119.64,2599.229
1791071820000,119.64,119.68,119.61,119.61,1196.234
1791071880000,119.61,119.64,119.61,119.62,1113.067
1791071940000,119.61,119.62,119.59,119.62,1426.637
1791072000000,119.61,119.61,119.59,119.61,1238.205
1791072060000,119.61,119.65,119.61,119.65,224.451
1791072120000,119.65,119.74,119.63,119.74,3207.142
1791072180000,119.74,119.74,119.7,119.71,279.24
1791072240000,119.71,119.71,119.67,119.68,364.097
1791072300000,119.68,119.72,119.68,119.72,401.106
1791072360000,119.72,119.72,119.69,119.69,247.47
1791072420000,119.7,119.7,119.69,119.69,541.575
1791072480000,119.69,119.73,119.69,119.72,411.576
1791072540000,119.73,119.75,119.72,119.74,77.781
1791072600000,119.75,119.75,119.63,119.68,3934.097
1791072660000,119.69,119.74,119.69,119.73,693.805
1791072720000,119.74,119.76,119.74,119.76,145.731
1791072780000,119.75,119.77,119.75,119.77,222.729
1791072840000,119.77,119.77,119.76,119.76,26.93
1791072900000,119.76,119.77,119.76,119.76,82.465
1791072960000,119.77,119.79,119.76,119.79,186.887
1791073020000,119.79,119.8,119.78,119.8,268.152
1791073080000,119.8,119.87,119.79,119.87,1010.825
1791073140000,119.87,119.92,119.87,119.92,1052.987
1791073200000,119.92,119.98,119.9,119.94,3216.702
1791073260000,119.93,119.99,119.9,119.96,1874.57
1791073320000,119.96,120.02,119.96,120.01,819.928
1791073380000,120.01,120.04,120.01,120.03,1746.781
1791073440000,120.03,120.06,120.03,120.03,1466.919
1791073500000,120.03,120.09,120.03,120.06,1833.251
1791073560000,120.06,120.06,119.98,119.98,588.161
1791073620000,119.98,119.98,119.95,119.96,626.208
1791073680000,119.95,119.95,119.94,119.95,1351.03
1791073740000,119.96,119.98,119.96,119.98,1735.664
1791073800000,119.99,119.99,119.98,119.99,221.11
1791073860000,119.99,119.99,119.96,119.97,474.581
1791073920000,119.97,119.97,119.96,119.97,318.575
1791073980000,119.97,119.97,119.94,119.95,202.565
1791074040000,119.95,120.1,119.95,120.09,2106.203
1791074100000,120.1,120.22,120.07,120.08,3489.535
1791074160000,120.08,120.09,120.06,120.06,215.07
1791074220000,120.06,120.06,120.04,120.05,559.561
1791074280000,120.05,120.05,120.04,120.04,186.937
1791074340000,120.05,120.08,120.04,120.07,647.604
1791074400000,120.06,120.1,120.06,120.09,164.451
1791074460000,120.09,120.09,120.08,120.09,23.163
1791074520000,120.08,120.11,120.08,120.1,264.823
1791074580000,120.1,120.12,120.09,120.1,296.158
1791074640000,120.1,120.1,120.08,120.09,472.866
1791074700000,120.08,120.09,120.06,120.06,1167.426
1791074760000,120.07,120.07,120.06,120.07,264.132
1791074820000,120.06,120.07,120.06,120.07,57.285
1791074880000,120.07,120.07,120.06,120.06,121.448
1791074940000,120.07,120.08,120.06,120.08,152.823
1791075000000,120.07,120.08,120.05,120.07,539.928
1791075060000,120.07,120.08,120.06,120.07,703.769
1791075120000,120.08,120.08,120.06,120.07,548.932
1791075180000,120.08,120.17,120.08,120.15,792.648
1791075240000,120.15,120.17,120.11,120.11,400.412
1791075300000,120.12,120.14,120.1,120.11,328.21
1791075360000,120.11,120.19,120.11,120.18,833.244
1791075420000,120.18,120.21,120.18,120.21,243.837
1791075480000,120.21,120.21,120.17,120.19,1173.428
1791075540000,120.2,120.2,120.17,120.19,1073.329
1791075600000,120.19,120.29,120.16,120.29,1408.999
1791075660000,120.28,120.33,120.22,120.23,1644.531
1791075720000,120.22,120.25,120.22,120.24,632.629
1791075780000,120.25,120.25,120.22,120.22,325.0
1791075840000,120.22,120.26,120.22,120.26,928.348
1791075900000,120.25,120.27,120.25,120.26,78.62
1791075960000,120.27,120.39,120.27,120.27,3084.201
1791076020000,120.27,120.28,120.23,120.24,423.623
1791076080000,120.24,120.25,120.19,120.21,914.445
1791076140000,120.21,120.23,120.17,120.18,319.459
1791076200000,120.18,120.28,120.17,120.28,2084.984
1791076260000,120.27,120.32,120.25,120.26,2778.531
1791076320000,120.25,120.28,120.24,120.25,426.306
1791076380000,120.25,120.26,120.23,120.23,390.681
1791076440000,120.24,120.24,120.13,120.14,1277.819
1791076500000,120.14,120.15,120.09,120.09,1144.882
1791076560000,120.09,120.1,120.07,120.07,366.962
1791076620000,120.08,120.09,120.07,120.08,292.169
1791076680000,120.09,120.09,120.06,120.08,306.762
1791076740000,120.09,120.09,120.06,120.06,224.597
1791076800000,120.06,120.07,120.06,120.07,569.577
1791076860000,120.07,120.1,120.07,120.1,266.882
1791076920000,120.1,120.1,120.09,120.09,95.995
1791076980000,120.1,120.1,120.07,120.07,196.631
1791077040000,120.07,120.08,120.06,120.07,397.914
1791077100000,120.06,120.08,120.06,120.07,445.112
1791077160000,120.08,120.12,120.07,120.09,918.943
1791077220000,120.09,120.09,120.07,120.07,298.091
1791077280000,120.07,120.12,120.07,120.12,117.761
1791077340000,120.11,120.12,120.09,120.09,152.516
1791077400000,120.09,120.11,120.09,120.11,118.951
1791077460000,120.11,120.11,120.09,120.1,1159.902
1791077520000,120.09,120.1,120.08,120.09,394.207
1791077580000,120.09,120.09,120.08,120.09,548.941
1791077640000,120.09,120.1,120.09,120.1,324.105
1791077700000,120.09,120.1,120.0,120.05,3110.905
1791077760000,120.05,120.09,120.04,120.09,1514.828
1791077820000,120.09,120.09,120.01,120.02,3081.013
1791077880000,120.01,120.01,119.98,119.98,843.41
1791077940000,119.98,119.99,119.97,119.97,262.658
1791078000000,119.98,120.02,119.97,120.02,786.793
1791078060000,120.02,120.03,120.0,120.01,412.284
1791078120000,120.0,120.03,120.0,120.03,192.617
1791078180000,120.02,120.03,120.01,120.02,67.588
1791078240000,120.02,120.02,120.0,120.02,103.661
1791078300000,120.01,120.02,120.01,120.02,134.367
1791078360000,120.02,120.02,120.01,120.02,117.778
1791078420000,120.01,120.02,119.99,119.99,256.031
1791078480000,119.99,120.0,119.95,119.95,674.141
1791078540000,119.96,120.0,119.95,119.99,326.326
1791078600000,120.0,120.04,120.0,120.04,254.352
1791078660000,120.03,120.09,120.03,120.09,219.437
1791078720000,120.09,120.12,120.07,120.1,992.974
1791078780000,120.1,120.16,120.09,120.16,577.887
1791078840000,120.15,120.16,120.13,120.15,980.204
1791078900000,120.15,120.16,120.15,120.16,139.107
1791078960000,120.16,120.16,120.15,120.16,449.599
1791079020000,120.15,120.15,120.12,120.14,1004.812
1791079080000,120.14,120.18,120.13,120.14,1306.719
1791079140000,120.15,120.16,120.14,120.15,1005.839
1791079200000,120.15,120.2,120.14,120.19,1955.615
1791079260000,120.2,120.25,120.19,120.25,412.823
1791079320000,120.24,120.26,120.2,120.23,1682.154
1791079380000,120.22,120.28,120.22,120.24,1031.831
1791079440000,120.24,120.27,120.23,120.27,1198.874
1791079500000,120.27,120.29,120.24,120.27,2228.038
1791079560000,120.27,120.28,120.19,120.19,1419.775
1791079620000,120.19,120.19,120.09,120.09,394.578
1791079680000,120.09,120.09,120.05,120.09,544.59
1791079740000,120.09,120.09,120.05,120.06,343.448
1791079800000,120.06,120.11,120.02,120.1,3631.812
1791079860000,120.11,120.14,120.1,120.1,319.627
1791079920000,120.11,120.17,120.11,120.15,283.928
1791079980000,120.15,120.15,120.12,120.13,466.571
1791080040000,120.14,120.16,120.13,120.14,440.589
1791080100000,120.15,120.16,120.14,120.15,174.601
1791080160000,120.15,120.16,120.1,120.12,1000.608
1791080220000,120.12,120.12,120.04,120.1,1625.965
1791080280000,120.09,120.13,120.09,120.12,151.057
1791080340000,120.12,120.12,120.08,120.09,245.084
1791080400000,120.09,120.1,120.08,120.09,67.28
1791080460000,120.09,120.09,120.04,120.04,130.011
1791080520000,120.05,120.08,120.04,120.08,118.345
1791080580000,120.08,120.14,120.08,120.09,421.167
1791080640000,120.1,120.12,120.09,120.1,1012.883
1791080700000,120.09,120.12,120.08,120.11,185.242
1791080760000,120.11,120.12,120.11,120.11,26.574
1791080820000,120.11,120.12,120.11,120.12,348.473
1791080880000,120.12,120.12,120.07,120.07,930.747
1791080940000,120.08,120.12,120.08,120.12,415.776
1791081000000,120.12,120.16,120.12,120.15,1087.171
1791081060000,120.15,120.17,120.12,120.15,2189.609
1791081120000,120.15,120.16,120.15,120.16,320.575
1791081180000,120.16,120.22,120.15,120.22,799.721
1791081240000,120.22,120.23,120.18,120.18,1013.912
1791081300000,120.19,120.19,120.18,120.19,149.862
1791081360000,120.19,120.19,120.16,120.16,140.06
1791081420000,120.16,120.16,120.09,120.09,213.701
1791081480000,120.1,120.1,120.07,120.07,611.691
1791081540000,120.08,120.11,120.06,120.08,1105.878
1791081600000,120.08,120.14,120.05,120.11,2346.832
1791081660000,120.12,120.12,120.07,120.08,1501.581
1791081720000,120.08,120.16,120.08,120.15,1215.603
1791081780000,120.15,120.15,120.13,120.14,674.949
1791081840000,120.15,120.15,120.14,120.15,26.823
1791081900000,120.15,120.15,120.14,120.15,268.522
1791081960000,120.14,120.15,120.14,120.14,260.596
1791082020000,120.14,120.14,120.09,120.12,1172.612
1791082080000,120.11,120.23,120.1,120.22,2009.341
1791082140000,120.23,120.27,120.22,120.27,427.788
1791082200000,120.27,120.3,120.27,120.3,935.733
1791082260000,120.3,120.3,120.27,120.28,227.196
1791082320000,120.28,120.28,120.24,120.24,207.833
1791082380000,120.25,120.25,120.23,120.23,175.527
1791082440000,120.23,120.24,120.21,120.23,254.289
1791082500000,120.24,120.24,120.23,120.23,236.83
1791082560000,120.24,120.28,120.24,120.27,424.752
1791082620000,120.27,120.32,120.27,120.31,923.71
1791082680000,120.32,120.4,120.32,120.38,1087.99
1791082740000,120.37,120.41,120.37,120.4,160.694
1791082800000,120.4,120.49,120.37,120.45,2727.539
1791082860000,120.45,120.5,120.38,120.38,1287.845
1791082920000,120.38,120.39,120.33,120.33,166.522
1791082980000,120.33,120.34,120.33,120.33,258.912
1791083040000,120.34,120.44,120.33,120.44,1332.483
1791083100000,120.44,120.44,120.28,120.28,663.148
1791083160000,120.29,120.29,120.26,120.28,862.053
1791083220000,120.29,120.34,120.28,120.3,3108.463
1791083280000,120.31,120.34,120.3,120.33,238.546
1791083340000,120.34,120.36,120.33,120.33,571.486
1791083400000,120.34,120.4,120.34,120.38,403.791
1791083460000,120.37,120.38,120.34,120.36,228.996
1791083520000,120.36,120.37,120.33,120.34,168.23
1791083580000,120.34,120.34,120.33,120.34,51.361
1791083640000,120.33,120.33,120.28,120.29,743.281
1791083700000,120.28,120.29,120.27,120.28,151.643
1791083760000,120.27,120.28,120.26,120.26,244.479
1791083820000,120.26,120.27,120.24,120.25,125.731
1791083880000,120.24,120.28,120.24,120.24,1386.312
1791083940000,120.25,120.25,120.22,120.25,469.246
1791084000000,120.25,120.25,120.19,120.19,147.532
1791084060000,120.19,120.26,120.19,120.26,1073.852
1791084120000,120.26,120.37,120.26,120.37,1077.222
1791084180000,120.37,120.37,120.33,120.35,273.606
1791084240000,120.35,120.35,120.31,120.32,846.368
1791084300000,120.32,120.33,120.31,120.32,85.171
1791084360000,120.32,120.37,120.32,120.37,557.295
1791084420000,120.37,120.39,120.35,120.36,1258.447
1791084480000,120.37,120.38,120.35,120.36,418.059
1791084540000,120.36,120.37,120.35,120.35,495.479
1791084600000,120.35,120.41,120.35,120.41,444.241
1791084660000,120.42,120.51,120.41,120.51,1743.825
1791084720000,120.51,120.52,120.49,120.51,543.312
1791084780000,120.51,120.64,120.51,120.64,1766.552
1791084840000,120.63,120.8,120.62,120.79,3514.77
1791084900000,120.78,121.25,120.78,120.82,18339.864
1791084960000,120.81,120.93,120.73,120.88,3935.168
1791085020000,120.87,121.01,120.85,120.85,3232.93
1791085080000,120.86,120.97,120.79,120.92,3776.344
1791085140000,120.93,121.0,120.91,120.98,2534.058
1791085200000,120.97,121.29,120.97,121.12,4851.864
1791085260000,121.11,121.2,121.0,121.0,2096.57
1791085320000,121.0,121.07,120.95,120.96,1461.779
1791085380000,120.95,121.01,120.95,120.96,948.854
1791085440000,120.96,121.04,120.92,120.92,1672.923
1791085500000,120.92,120.93,120.84,120.85,343.828
1791085560000,120.85,120.85,120.79,120.79,304.7
1791085620000,120.79,120.85,120.79,120.84,476.393
1791085680000,120.84,120.91,120.84,120.86,986.482
1791085740000,120.85,120.86,120.81,120.81,443.356
1791085800000,120.81,120.82,120.8,120.81,193.824
1791085860000,120.81,120.85,120.8,120.8,376.977
1791085920000,120.81,120.83,120.79,120.8,808.268
1791085980000,120.8,120.82,120.78,120.81,751.627
1791086040000,120.8,120.81,120.75,120.75,592.073
1791086100000,120.76,120.76,120.75,120.76,216.226
1791086160000,120.76,120.76,120.75,120.75,57.685
1791086220000,120.76,120.8,120.74,120.74,671.333
1791086280000,120.75,120.79,120.75,120.77,560.861
1791086340000,120.78,120.78,120.77,120.77,42.942
1791086400000,120.78,120.78,120.67,120.68,462.098
1791086460000,120.68,120.72,120.67,120.72,296.52
1791086520000,120.72,120.75,120.71,120.74,201.828
1791086580000,120.74,120.81,120.73,120.81,88.653
1791086640000,120.81,120.82,120.72,120.72,1227.262
1791086700000,120.73,120.73,120.72,120.73,155.769
1791086760000,120.72,120.72,120.66,120.66,259.998
1791086820000,120.66,120.68,120.65,120.67,257.165
1791086880000,120.67,120.67,120.58,120.6,1737.807
1791086940000,120.61,120.62,120.59,120.59,218.06
1791087000000,120.59,120.6,120.54,120.6,557.724
1791087060000,120.6,120.6,120.53,120.54,381.167
1791087120000,120.53,120.59,120.53,120.59,308.623
1791087180000,120.59,120.59,120.57,120.57,72.764
1791087240000,120.57,120.58,120.57,120.57,142.737
1791087300000,120.58,120.63,120.58,120.62,317.918
1791087360000,120.63,120.63,120.58,120.58,319.29
1791087420000,120.59,120.59,120.58,120.58,44.964
1791087480000,120.59,120.61,120.58,120.59,468.528
1791087540000,120.58,120.61,120.58,120.58,248.058
1791087600000,120.59,120.59,120.56,120.56,914.55
1791087660000,120.56,120.56,120.53,120.53,914.866
1791087720000,120.54,120.57,120.53,120.56,317.005
1791087780000,120.56,120.6,120.56,120.59,73.684
1791087840000,120.59,120.6,120.59,120.59,94.13
1791087900000,120.6,120.63,120.59,120.63,261.975
1791087960000,120.63,120.63,120.62,120.62,46.013
1791088020000,120.63,120.71,120.63,120.71,267.824
1791088080000,120.71,120.73,120.7,120.73,151.826
1791088140000,120.72,120.74,120.72,120.73,132.239
1791088200000,120.74,120.8,120.73,120.8,200.874
1791088260000,120.8,120.81,120.79,120.8,164.257
1791088320000,120.81,120.82,120.77,120.78,950.984
1791088380000,120.78,120.79,120.78,120.79,41.877
1791088440000,120.8,120.8,120.74,120.74,550.397
1791088500000,120.75,120.75,120.73,120.74,428.264
1791088560000,120.75,120.75,120.69,120.69,717.871
1791088620000,120.69,120.69,120.65,120.66,225.528
1791088680000,120.65,120.66,120.63,120.64,301.48
1791088740000,120.64,120.65,120.63,120.64,662.168
1791088800000,120.64,120.64,120.6,120.6,395.874
1791088860000,120.61,120.61,120.6,120.6,113.269
1791088920000,120.61,120.61,120.49,120.55,4660.163
1791088980000,120.56,120.56,120.54,120.55,96.252
1791089040000,120.54,120.55,120.54,120.54,105.132
1791089100000,120.55,120.55,120.53,120.55,332.429
1791089160000,120.54,120.55,120.54,120.54,48.995
1791089220000,120.55,120.62,120.55,120.62,910.079
1791089280000,120.63,120.63,120.62,120.62,166.58
1791089340000,120.62,120.63,120.62,120.62,113.398
1791089400000,120.63,120.63,120.6,120.6,286.056
1791089460000,120.61,120.62,120.6,120.62,135.32
1791089520000,120.61,120.63,120.6,120.61,155.123
1791089580000,120.61,120.61,120.6,120.61,368.868
1791089640000,120.6,120.61,120.6,120.6,190.871
1791089700000,120.6,120.61,120.6,120.6,28.129
1791089760000,120.61,120.63,120.6,120.62,184.091
1791089820000,120.63,120.63,120.61,120.61,39.482
1791089880000,120.61,120.65,120.61,120.65,162.067
1791089940000,120.65,120.65,120.63,120.64,148.887
1791090000000,120.64,120.64,120.63,120.64,45.568
1791090060000,120.64,120.67,120.63,120.67,261.575
1791090120000,120.67,120.7,120.67,120.7,218.31
1791090180000,120.69,120.71,120.69,120.7,201.636
1791090240000,120.7,120.71,120.7,120.71,70.327
1791090300000,120.7,120.71,120.7,120.7,248.303
1791090360000,120.7,120.78,120.7,120.78,635.533
1791090420000,120.79,120.8,120.78,120.78,233.739
1791090480000,120.78,120.78,120.76,120.76,55.061
1791090540000,120.76,120.77,120.76,120.77,240.042
1791090600000,120.77,120.77,120.68,120.69,773.806
1791090660000,120.68,120.69,120.66,120.67,229.516
1791090720000,120.67,120.68,120.67,120.67,118.451
1791090780000,120.67,120.69,120.67,120.69,218.289
1791090840000,120.68,120.69,120.66,120.66,429.765
1791090900000,120.67,120.76,120.66,120.7,4568.893
1791090960000,120.7,120.76,120.7,120.73,868.212
1791091020000,120.73,120.79,120.73,120.78,128.747
1791091080000,120.78,120.85,120.78,120.83,1249.299
1791091140000,120.82,120.85,120.74,120.74,1749.332
1791091200000,120.75,120.75,120.72,120.73,473.98
1791091260000,120.73,120.76,120.72,120.76,193.152
1791091320000,120.76,120.77,120.72,120.72,509.856
1791091380000,120.73,120.74,120.72,120.74,132.887
1791091440000,120.74,120.75,120.73,120.74,97.083
1791091500000,120.75,120.75,120.69,120.73,771.888
1791091560000,120.72,120.75,120.72,120.75,349.943
1791091620000,120.75,120.75,120.74,120.75,156.463
1791091680000,120.74,120.79,120.74,120.76,404.735
1791091740000,120.77,120.77,120.75,120.76,183.003
1791091800000,120.76,120.76,120.74,120.75,248.575
1791091860000,120.75,120.77,120.74,120.76,579.443
1791091920000,120.76,120.77,120.76,120.76,179.073
1791091980000,120.76,120.77,120.73,120.74,1082.378
1791092040000,120.75,120.77,120.75,120.77,127.993
1791092100000,120.76,120.83,120.76,120.83,399.168
1791092160000,120.83,120.87,120.82,120.85,703.684
1791092220000,120.84,120.85,120.84,120.84,1173.971
1791092280000,120.85,120.93,120.85,120.93,683.981
1791092340000,120.93,120.98,120.89,120.89,471.133
1791092400000,120.89,120.9,120.89,120.89,180.631
1791092460000,120.9,120.94,120.89,120.93,931.203
1791092520000,120.92,120.93,120.92,120.93,170.244
1791092580000,120.93,121.01,120.93,120.98,544.102
1791092640000,120.97,121.02,120.97,121.01,720.516
1791092700000,121.01,121.04,121.0,121.0,933.31
1791092760000,121.0,121.01,120.93,120.93,388.521
1791092820000,120.93,120.94,120.93,120.93,87.919
1791092880000,120.94,120.94,120.92,120.92,968.998
1791092940000,120.92,120.92,120.91,120.92,116.219
1791093000000,120.91,120.92,120.9,120.9,300.938
1791093060000,120.9,120.9,120.89,120.89,244.119
1791093120000,120.9,120.9,120.89,120.9,82.89
1791093180000,120.89,120.9,120.89,120.9,85.051
1791093240000,120.9,120.9,120.89,120.9,136.689
1791093300000,120.89,120.9,120.85,120.85,244.835
1791093360000,120.85,120.89,120.85,120.85,404.394
1791093420000,120.86,120.86,120.84,120.85,491.593
1791093480000,120.86,120.86,120.82,120.82,225.031
1791093540000,120.83,120.83,120.8,120.81,210.455
1791093600000,120.81,120.82,120.8,120.81,296.52
1791093660000,120.8,120.81,120.8,120.8,120.044
1791093720000,120.81,120.81,120.8,120.81,77.738
1791093780000,120.8,120.8,120.77,120.78,226.644
1791093840000,120.77,120.78,120.76,120.77,151.592
1791093900000,120.77,120.88,120.76,120.87,1148.423
1791093960000,120.86,120.87,120.86,120.86,188.321
1791094020000,120.86,120.87,120.84,120.86,601.717
1791094080000,120.87,120.92,120.86,120.92,276.91
1791094140000,120.91,120.92,120.89,120.91,681.244
1791094200000,120.91,120.91,120.88,120.88,309.969
1791094260000,120.89,120.9,120.85,120.86,540.38
1791094320000,120.85,120.86,120.84,120.84,757.773
1791094380000,120.85,120.85,120.82,120.84,433.608
1791094440000,120.85,120.85,120.79,120.84,634.974
1791094500000,120.84,120.92,120.84,120.91,550.652
1791094560000,120.91,120.91,120.86,120.9,339.479
1791094620000,120.91,120.91,120.89,120.9,628.512
1791094680000,120.9,120.91,120.88,120.89,986.145
1791094740000,120.9,120.97,120.9,120.97,278.093
1791094800000,120.97,121.04,120.97,121.04,781.976
1791094860000,121.03,121.04,120.99,120.99,207.089
1791094920000,121.0,121.1,120.8,120.81,2776.583
1791094980000,120.81,120.82,120.76,120.76,1884.602
1791095040000,120.76,120.78,120.73,120.77,975.896
1791095100000,120.77,120.79,120.73,120.74,576.149
1791095160000,120.73,120.74,120.69,120.7,179.621
1791095220000,120.7,120.71,120.67,120.71,1229.537
1791095280000,120.7,120.71,120.7,120.7,119.689
1791095340000,120.7,120.75,120.68,120.73,2307.057
1791095400000,120.72,120.72,120.69,120.69,619.936
1791095460000,120.69,120.7,120.69,120.69,375.589
1791095520000,120.69,120.92,120.69,120.91,2794.988
1791095580000,120.91,120.94,120.9,120.94,677.411
1791095640000,120.94,120.96,120.93,120.93,715.636
1791095700000,120.93,120.94,120.92,120.94,79.632
1791095760000,120.94,121.02,120.93,121.02,350.64
1791095820000,121.02,121.02,120.91,120.92,283.134
1791095880000,120.91,120.92,120.88,120.91,607.929
1791095940000,120.9,120.9,120.88,120.9,249.84
1791096000000,120.89,120.9,120.89,120.89,144.882
1791096060000,120.89,120.9,120.89,120.89,92.297
1791096120000,120.89,120.9,120.88,120.89,57.762
1791096180000,120.88,120.89,120.85,120.85,88.627
1791096240000,120.85,120.89,120.85,120.89,354.763
1791096300000,120.88,120.89,120.81,120.82,1010.484
1791096360000,120.81,120.89,120.81,120.88,324.702
1791096420000,120.88,120.91,120.88,120.9,420.101
1791096480000,120.91,120.92,120.9,120.92,237.265
1791096540000,120.92,120.95,120.92,120.94,308.568
1791096600000,120.95,120.98,120.94,120.97,703.78
1791096660000,120.98,121.03,120.97,120.97,1258.602
1791096720000,120.97,120.99,120.97,120.97,464.549
1791096780000,120.97,121.02,120.96,120.97,963.298
1791096840000,120.97,121.1,120.97,121.08,1194.931
1791096900000,121.08,121.1,121.03,121.05,515.229
1791096960000,121.04,121.09,121.0,121.04,1209.984
1791097020000,121.03,121.03,120.99,121.03,891.951
1791097080000,121.02,121.02,120.99,121.0,61.098
1791097140000,120.99,121.0,120.95,120.96,209.162
1791097200000,120.97,121.0,120.97,121.0,467.31
1791097260000,121.0,121.04,121.0,121.03,369.165
1791097320000,121.03,121.03,121.02,121.02,267.437
1791097380000,121.02,121.06,121.02,121.03,697.657
1791097440000,121.02,121.02,121.01,121.02,387.537
1791097500000,121.02,121.03,121.02,121.03,214.594
1791097560000,121.03,121.03,121.02,121.03,48.076
1791097620000,121.02,121.05,121.02,121.04,149.357
1791097680000,121.05,121.06,121.05,121.05,242.148
1791097740000,121.06,121.13,121.05,121.11,1103.761
1791097800000,121.11,121.2,121.09,121.19,1350.125
1791097860000,121.19,121.2,121.12,121.13,329.107
1791097920000,121.14,121.18,121.12,121.17,1221.485
1791097980000,121.18,121.24,121.13,121.23,846.254
1791098040000,121.23,121.28,121.19,121.2,1526.19
1791098100000,121.2,121.23,121.15,121.19,1411.935
1791098160000,121.18,121.21,121.14,121.15,1803.429
1791098220000,121.15,121.16,121.07,121.07,598.972
1791098280000,121.07,121.08,121.07,121.07,156.742
1791098340000,121.08,121.08,121.03,121.04,665.892
1791098400000,121.05,121.19,121.05,121.18,1095.719
1791098460000,121.17,121.19,121.06,121.09,1219.17
1791098520000,121.08,121.12,121.02,121.07,1851.48
1791098580000,121.07,121.15,121.07,121.13,405.937
1791098640000,121.12,121.2,121.12,121.19,606.627
1791098700000,121.19,121.32,121.17,121.23,3175.348
1791098760000,121.23,121.24,121.17,121.17,1188.689
1791098820000,121.18,121.2,121.17,121.19,904.553
1791098880000,121.19,121.2,121.19,121.2,299.817
1791098940000,121.2,121.2,121.1,121.11,2218.218
1791099000000,121.1,121.12,121.04,121.05,1088.009
1791099060000,121.05,121.12,121.0,121.05,1556.287
1791099120000,121.05,121.05,120.98,120.99,638.472
1791099180000,120.99,120.99,120.97,120.97,250.706
1791099240000,120.97,121.0,120.96,121.0,759.272
1791099300000,120.99,121.13,120.99,121.1,2005.914
1791099360000,121.1,121.13,121.07,121.09,849.274
1791099420000,121.09,121.1,121.08,121.09,277.938
1791099480000,121.09,121.09,121.06,121.07,218.525
1791099540000,121.06,121.07,121.03,121.04,881.861
1791099600000,121.03,121.07,121.03,121.07,210.048
1791099660000,121.07,121.07,121.05,121.06,376.817
1791099720000,121.05,121.1,121.05,121.1,1018.508
1791099780000,121.1,121.1,120.97,121.0,1069.961
1791099840000,121.0,121.02,120.99,121.01,425.996
1791099900000,121.01,121.04,120.99,121.0,472.662
1791099960000,121.0,121.0,120.96,120.96,1026.616
1791100020000,120.97,120.97,120.92,120.96,583.943
1791100080000,120.95,120.99,120.95,120.98,102.643
1791100140000,120.99,120.99,120.98,120.99,321.269
1791100200000,121.0,121.03,121.0,121.02,327.101
1791100260000,121.03,121.03,121.02,121.02,83.936
1791100320000,121.03,121.03,121.02,121.03,261.257
1791100380000,121.03,121.04,120.95,121.0,2164.998
1791100440000,121.0,121.02,120.97,120.97,652.621
1791100500000,120.97,121.01,120.97,121.0,325.48
1791100560000,121.0,121.0,120.94,120.98,861.749
1791100620000,120.97,121.1,120.97,121.01,2315.529
1791100680000,121.02,121.06,120.98,121.05,754.717
1791100740000,121.05,121.14,121.05,121.14,780.086
1791100800000,121.15,121.19,121.1,121.1,627.683
1791100860000,121.1,121.22,121.08,121.22,646.699
1791100920000,121.21,121.24,121.14,121.19,2356.984
1791100980000,121.2,121.26,121.1,121.11,995.387
1791101040000,121.11,121.16,121.11,121.12,123.868
1791101100000,121.13,121.15,121.05,121.05,610.967
1791101160000,121.06,121.07,120.98,120.98,310.523
1791101220000,120.98,121.01,120.97,120.98,635.172
1791101280000,120.98,120.98,120.94,120.95,258.537
1791101340000,120.95,121.0,120.95,121.0,285.397
1791101400000,120.99,121.06,120.99,121.05,112.301
1791101460000,121.06,121.06,121.01,121.06,318.36
1791101520000,121.06,121.08,121.0,121.08,1036.916
1791101580000,121.07,121.08,121.05,121.05,281.185
1791101640000,121.05,121.05,121.02,121.03,494.518
1791101700000,121.02,121.03,121.01,121.01,456.474
1791101760000,121.02,121.02,120.97,121.0,774.589
1791101820000,121.0,121.02,120.99,121.01,1376.912
1791101880000,121.02,121.05,121.02,121.03,4846.465
1791101940000,121.02,121.05,120.98,120.98,428.186
1791102000000,120.99,121.01,120.98,121.0,174.283
1791102060000,121.0,121.01,120.98,120.99,371.85
1791102120000,120.99,120.99,120.98,120.99,409.494
1791102180000,120.99,120.99,120.98,120.98,188.249
1791102240000,120.99,121.03,120.98,121.03,575.716
1791102300000,121.03,121.04,120.99,121.04,1370.829
1791102360000,121.04,121.14,121.04,121.14,1919.483
1791102420000,121.13,121.2,121.13,121.16,1370.148
1791102480000,121.15,121.18,121.13,121.14,563.53
1791102540000,121.15,121.17,121.08,121.1,760.438
1791102600000,121.09,121.13,121.07,121.08,446.603
1791102660000,121.07,121.08,120.99,121.0,1462.014
1791102720000,121.0,121.05,121.0,121.05,242.402
1791102780000,121.05,121.05,120.98,120.99,348.48
1791102840000,120.99,121.07,120.99,121.06,211.199
1791102900000,121.07,121.07,120.99,120.99,382.831
1791102960000,121.0,121.03,120.99,121.0,207.918
1791103020000,120.99,121.0,120.96,120.98,295.707
1791103080000,120.97,120.98,120.88,120.89,1001.241
1791103140000,120.89,120.9,120.86,120.86,154.63
1791103200000,120.86,120.91,120.83,120.9,674.869
1791103260000,120.9,120.9,120.89,120.9,164.622
1791103320000,120.89,120.9,120.89,120.9,217.975
1791103380000,120.9,120.95,120.89,120.91,469.735
1791103440000,120.91,120.93,120.91,120.91,394.711
1791103500000,120.91,120.91,120.88,120.88,309.909
1791103560000,120.89,120.94,120.88,120.9,459.736
1791103620000,120.9,120.92,120.89,120.89,661.505
1791103680000,120.88,120.91,120.88,120.9,1524.712
1791103740000,120.91,120.93,120.91,120.92,1156.624
1791103800000,120.92,120.96,120.85,120.89,2627.255
1791103860000,120.89,120.89,120.85,120.86,1291.781
1791103920000,120.86,120.87,120.86,120.87,872.64
1791103980000,120.86,120.87,120.86,120.87,874.626
1791104040000,120.86,120.89,120.86,120.89,1392.243
1791104100000,120.88,120.89,120.87,120.88,619.482
1791104160000,120.88,120.93,120.87,120.91,1168.067
1791104220000,120.91,120.93,120.91,120.92,842.421
1791104280000,120.92,120.96,120.91,120.96,610.758
1791104340000,120.95,120.96,120.95,120.95,277.211
1791104400000,120.96,121.0,120.95,120.99,197.995
1791104460000,121.0,121.03,120.97,120.98,888.529
1791104520000,120.98,120.98,120.92,120.92,247.52
1791104580000,120.92,120.92,120.89,120.89,276.037
1791104640000,120.89,120.9,120.88,120.89,146.166
1791104700000,120.89,120.89,120.82,120.82,619.09
1791104760000,120.81,120.83,120.81,120.81,222.302
1791104820000,120.81,120.88,120.81,120.88,217.572
1791104880000,120.87,120.88,120.84,120.87,204.435
1791104940000,120.87,120.87,120.85,120.85,509.099
1791105000000,120.86,120.89,120.85,120.89,298.201
1791105060000,120.88,120.91,120.88,120.91,322.992
1791105120000,120.91,120.91,120.9,120.9,361.286
1791105180000,120.91,120.93,120.91,120.92,273.264
1791105240000,120.92,120.93,120.92,120.92,243.869
1791105300000,120.93,120.93,120.92,120.92,172.877
1791105360000,120.93,120.93,120.92,120.93,173.517
1791105420000,120.92,120.93,120.9,120.91,1421.555
1791105480000,120.9,120.95,120.9,120.93,503.57
1791105540000,120.93,120.94,120.93,120.94,262.698
1791105600000,120.94,120.95,120.94,120.94,244.308
1791105660000,120.94,120.97,120.94,120.97,356.932
1791105720000,120.96,121.01,120.96,121.01,505.475
1791105780000,121.01,121.1,121.0,121.1,357.334
1791105840000,121.1,121.25,121.1,121.21,2631.314
1791105900000,121.21,121.24,121.21,121.22,542.462
1791105960000,121.22,121.3,121.22,121.3,1461.062
1791106020000,121.29,121.41,121.28,121.29,3732.63
1791106080000,121.29,121.32,121.23,121.24,1879.81
1791106140000,121.24,121.31,121.21,121.22,2259.679
1791106200000,121.22,121.28,121.22,121.22,580.753
1791106260000,121.23,121.23,121.16,121.16,527.393
1791106320000,121.17,121.19,121.16,121.19,321.157
1791106380000,121.19,121.21,121.16,121.17,932.268
1791106440000,121.16,121.16,121.13,121.13,266.662
1791106500000,121.13,121.14,121.08,121.08,608.264
1791106560000,121.08,121.12,121.07,121.12,394.873
1791106620000,121.11,121.14,121.11,121.14,85.134
1791106680000,121.14,121.15,121.1,121.1,790.019
1791106740000,121.1,121.18,121.1,121.18,701.361
1791106800000,121.18,121.24,121.17,121.24,308.448
1791106860000,121.23,121.27,121.23,121.27,331.962
1791106920000,121.27,121.35,121.27,121.35,999.607
1791106980000,121.34,121.35,121.2,121.25,1696.13
1791107040000,121.26,121.31,121.25,121.28,950.415
1791107100000,121.29,121.34,121.28,121.34,390.447
1791107160000,121.33,121.39,121.33,121.39,504.946
1791107220000,121.38,121.5,121.38,121.45,1434.084
1791107280000,121.45,121.5,121.44,121.5,439.89
1791107340000,121.5,121.54,121.34,121.34,7988.468
1791107400000,121.35,121.35,121.3,121.32,478.038
1791107460000,121.33,121.35,121.33,121.34,128.344
1791107520000,121.35,121.44,121.34,121.37,1012.958
1791107580000,121.37,121.47,121.37,121.45,430.722
1791107640000,121.45,121.45,121.44,121.45,338.061
1791107700000,121.44,121.44,121.35,121.36,532.877
1791107760000,121.36,121.37,121.33,121.33,288.794
1791107820000,121.33,121.36,121.32,121.35,275.596
1791107880000,121.35,121.4,121.35,121.39,201.201
1791107940000,121.39,121.39,121.3,121.3,221.7
1791108000000,121.31,121.34,121.31,121.34,224.858
1791108060000,121.33,121.33,121.23,121.24,867.513
1791108120000,121.24,121.37,121.24,121.35,909.702
1791108180000,121.35,121.39,121.35,121.35,487.624
1791108240000,121.35,121.43,121.34,121.42,618.583
1791108300000,121.43,121.46,121.42,121.46,447.13
1791108360000,121.45,121.61,121.45,121.56,4734.326
1791108420000,121.55,121.61,121.48,121.49,1350.662
1791108480000,121.48,121.49,121.45,121.46,836.104
1791108540000,121.45,121.46,121.42,121.42,1502.604
1791108600000,121.42,121.46,121.4,121.41,610.168
1791108660000,121.41,121.42,121.4,121.42,263.966
1791108720000,121.41,121.42,121.41,121.41,58.233
1791108780000,121.42,121.42,121.37,121.37,374.609
1791108840000,121.38,121.53,121.38,121.52,928.983
1791108900000,121.52,121.54,121.48,121.48,1407.683
1791108960000,121.48,121.5,121.43,121.44,1594.769
1791109020000,121.43,121.45,121.42,121.43,409.427
1791109080000,121.43,121.53,121.39,121.51,546.153
1791109140000,121.52,121.54,121.49,121.52,2700.099
1791109200000,121.53,121.55,121.47,121.48,306.728
1791109260000,121.49,121.55,121.49,121.52,1474.866
1791109320000,121.53,121.61,121.52,121.53,450.597
1791109380000,121.52,121.58,121.47,121.47,1341.312
1791109440000,121.48,121.48,121.4,121.4,777.803
1791109500000,121.4,121.4,121.38,121.4,236.006
1791109560000,121.4,121.4,121.34,121.34,295.021
1791109620000,121.35,121.38,121.34,121.37,1120.853
1791109680000,121.36,121.36,121.31,121.33,736.014
1791109740000,121.32,121.32,121.25,121.25,1321.087
1791109800000,121.26,121.31,121.25,121.29,1806.814
1791109860000,121.3,121.35,121.29,121.35,413.901
1791109920000,121.36,121.36,121.25,121.25,430.476
1791109980000,121.26,121.35,121.25,121.33,899.295
1791110040000,121.32,121.32,121.22,121.23,650.984
1791110100000,121.22,121.25,121.2,121.24,485.491
1791110160000,121.24,121.26,121.23,121.25,264.836
1791110220000,121.25,121.25,121.23,121.24,356.469
1791110280000,121.25,121.35,121.25,121.34,558.018
1791110340000,121.34,121.34,121.26,121.27,487.314
1791110400000,121.27,121.3,121.26,121.27,113.203
1791110460000,121.26,121.41,121.26,121.41,2092.117
1791110520000,121.41,121.43,121.39,121.42,170.779
1791110580000,121.42,121.46,121.38,121.39,761.024
1791110640000,121.4,121.4,121.39,121.39,417.109
1791110700000,121.4,121.44,121.4,121.43,1120.03
1791110760000,121.43,121.44,121.42,121.43,323.12
1791110820000,121.44,121.46,121.37,121.39,578.199
1791110880000,121.39,121.42,121.37,121.41,476.113
1791110940000,121.41,121.42,121.41,121.42,277.75
1791111000000,121.41,121.42,121.4,121.42,633.702
1791111060000,121.42,121.45,121.41,121.44,533.809
1791111120000,121.45,121.45,121.39,121.39,196.823
1791111180000,121.4,121.4,121.37,121.38,227.64
1791111240000,121.38,121.38,121.36,121.36,94.001
1791111300000,121.37,121.39,121.35,121.37,193.431
1791111360000,121.36,121.38,121.36,121.37,111.52
1791111420000,121.38,121.38,121.32,121.33,404.464
1791111480000,121.33,121.33,121.3,121.31,180.732
1791111540000,121.3,121.3,121.27,121.27,238.42
1791111600000,121.28,121.28,121.27,121.28,202.134
1791111660000,121.28,121.28,121.23,121.23,781.887
1791111720000,121.23,121.24,121.19,121.2,561.17
1791111780000,121.2,121.2,121.18,121.19,205.763
1791111840000,121.18,121.2,121.18,121.19,315.89
1791111900000,121.2,121.27,121.19,121.26,280.58
1791111960000,121.27,121.29,121.27,121.27,348.58
1791112020000,121.28,121.28,121.25,121.26,178.091
1791112080000,121.26,121.3,121.25,121.3,174.54
1791112140000,121.3,121.33,121.3,121.32,296.528
1791112200000,121.31,121.33,121.31,121.33,173.585
1791112260000,121.32,121.33,121.31,121.33,393.155
1791112320000,121.33,121.34,121.29,121.29,429.34
1791112380000,121.28,121.29,121.24,121.29,1125.643
1791112440000,121.28,121.29,121.24,121.25,465.653
1791112500000,121.26,121.28,121.23,121.27,170.733
1791112560000,121.28,121.28,121.26,121.28,270.656
1791112620000,121.27,121.29,121.24,121.28,458.87
1791112680000,121.28,121.3,121.27,121.3,317.929
1791112740000,121.3,121.31,121.29,121.29,309.156
1791112800000,121.28,121.36,121.28,121.36,397.213
1791112860000,121.36,121.36,121.35,121.35,139.042
1791112920000,121.36,121.36,121.33,121.34,341.226
1791112980000,121.34,121.37,121.34,121.36,81.238
1791113040000,121.36,121.37,121.35,121.35,523.84
1791113100000,121.36,121.37,121.35,121.36,111.46
1791113160000,121.37,121.41,121.36,121.41,379.309
1791113220000,121.41,121.46,121.41,121.46,419.074
1791113280000,121.46,121.48,121.45,121.47,234.09
1791113340000,121.46,121.47,121.45,121.47,538.268
1791113400000,121.47,121.47,121.44,121.47,686.548
1791113460000,121.47,121.49,121.44,121.46,247.61
1791113520000,121.45,121.48,121.39,121.39,924.887
1791113580000,121.39,121.39,121.32,121.32,177.209
1791113640000,121.33,121.34,121.32,121.33,140.151
1791113700000,121.32,121.33,121.31,121.32,130.301
1791113760000,121.32,121.33,121.31,121.32,372.244
1791113820000,121.32,121.33,121.29,121.31,343.14
1791113880000,121.31,121.31,121.23,121.24,501.547
1791113940000,121.24,121.24,121.2,121.21,398.954
1791114000000,121.2,121.21,121.18,121.18,270.341
1791114060000,121.19,121.19,121.18,121.19,322.801
1791114120000,121.19,121.19,121.17,121.17,402.248
1791114180000,121.18,121.19,121.17,121.17,464.16
1791114240000,121.18,121.24,121.17,121.24,327.051
1791114300000,121.24,121.26,121.23,121.26,190.331
1791114360000,121.26,121.27,121.25,121.27,157.151
1791114420000,121.27,121.29,121.25,121.25,866.174
1791114480000,121.26,121.29,121.24,121.25,493.467
1791114540000,121.25,121.28,121.24,121.28,425.064
1791114600000,121.29,121.29,121.28,121.29,65.773
1791114660000,121.29,121.29,121.24,121.25,209.597
1791114720000,121.25,121.25,121.24,121.25,87.155
1791114780000,121.25,121.28,121.23,121.23,543.663
1791114840000,121.23,121.24,121.19,121.19,380.518
1791114900000,121.2,121.24,121.19,121.24,270.471
1791114960000,121.25,121.25,121.23,121.23,335.403
1791115020000,121.24,121.24,121.23,121.23,182.524
1791115080000,121.23,121.24,121.23,121.24,316.023
1791115140000,121.23,121.24,121.23,121.23,399.656
1791115200000,121.24,121.24,121.13,121.18,4000.536
1791115260000,121.19,121.25,121.16,121.25,1505.177
1791115320000,121.25,121.32,121.25,121.31,513.058
1791115380000,121.31,121.34,121.29,121.3,354.073
1791115440000,121.29,121.37,121.29,121.36,314.116
1791115500000,121.37,121.42,121.36,121.42,413.291
1791115560000,121.42,121.47,121.41,121.47,1023.806
1791115620000,121.48,121.53,121.47,121.53,1544.015
1791115680000,121.53,121.59,121.53,121.57,1273.154
1791115740000,121.57,121.69,121.57,121.63,4794.816
1791115800000,121.62,121.72,121.62,121.67,2346.538
1791115860000,121.67,121.74,121.65,121.68,2615.673
1791115920000,121.69,121.76,121.67,121.68,3478.89
1791115980000,121.68,121.7,121.56,121.56,1415.672
1791116040000,121.56,121.56,121.43,121.45,1655.122
1791116100000,121.45,121.52,121.42,121.43,2048.756
1791116160000,121.43,121.44,121.34,121.35,3168.47
1791116220000,121.35,121.41,121.26,121.39,1234.575
1791116280000,121.4,121.61,121.4,121.51,553.699
1791116340000,121.51,121.53,121.44,121.52,567.915
1791116400000,121.52,121.52,121.49,121.49,680.935
1791116460000,121.5,121.52,121.48,121.5,662.75
1791116520000,121.5,121.53,121.49,121.5,220.26
1791116580000,121.51,121.51,121.46,121.5,1017.755
1791116640000,121.5,121.51,121.42,121.49,2055.48
1791116700000,121.48,121.58,121.48,121.57,580.562
1791116760000,121.58,121.58,121.49,121.5,1526.299
1791116820000,121.49,121.53,121.48,121.53,882.031
1791116880000,121.53,121.56,121.46,121.5,1178.681
1791116940000,121.5,121.53,121.46,121.49,1089.574
1791117000000,121.49,121.53,121.48,121.53,216.079
1791117060000,121.53,121.6,121.52,121.59,242.481
1791117120000,121.6,121.6,121.39,121.43,1614.009
1791117180000,121.43,121.5,121.42,121.49,198.084
1791117240000,121.5,121.53,121.48,121.53,380.189
1791117300000,121.53,121.58,121.53,121.58,185.915
1791117360000,121.57,121.58,121.56,121.57,256.159
1791117420000,121.57,121.57,121.55,121.56,188.57
1791117480000,121.55,121.56,121.49,121.49,221.056
1791117540000,121.5,121.5,121.47,121.47,75.995
1791117600000,121.47,121.51,121.47,121.48,159.514
1791117660000,121.48,121.53,121.47,121.53,268.996
1791117720000,121.52,121.54,121.52,121.54,132.715
1791117780000,121.54,121.55,121.53,121.54,150.63
1791117840000,121.55,121.55,121.45,121.45,833.817
1791117900000,121.46,121.48,121.42,121.43,952.396
1791117960000,121.44,121.46,121.36,121.37,1029.648
1791118020000,121.37,121.4,121.35,121.35,817.284
1791118080000,121.36,121.39,121.35,121.38,1721.778
1791118140000,121.37,121.4,121.36,121.36,688.811
1791118200000,121.36,121.38,121.35,121.37,344.35
1791118260000,121.38,121.4,121.37,121.38,227.396
1791118320000,121.39,121.39,121.35,121.35,252.512
1791118380000,121.34,121.35,121.31,121.31,651.97
1791118440000,121.31,121.32,121.25,121.28,527.281
1791118500000,121.28,121.29,121.22,121.28,819.512
1791118560000,121.29,121.35,121.28,121.35,833.438
1791118620000,121.35,121.36,121.29,121.33,2664.568
1791118680000,121.33,121.37,121.33,121.37,596.696
1791118740000,121.37,121.37,121.31,121.31,305.768
1791118800000,121.3,121.33,121.29,121.33,430.817
1791118860000,121.33,121.34,121.28,121.3,676.28
1791118920000,121.29,121.3,121.21,121.23,705.426
1791118980000,121.24,121.28,121.24,121.28,250.022
1791119040000,121.27,121.3,121.27,121.3,111.228
1791119100000,121.29,121.3,121.29,121.3,166.772
1791119160000,121.29,121.38,121.29,121.38,664.486
1791119220000,121.37,121.38,121.34,121.34,676.963
1791119280000,121.34,121.34,121.32,121.34,298.274
1791119340000,121.34,121.37,121.34,121.35,519.522
1791119400000,121.34,121.38,121.34,121.38,244.598
1791119460000,121.38,121.38,121.36,121.37,237.881
1791119520000,121.37,121.41,121.36,121.4,1009.282
1791119580000,121.41,121.45,121.4,121.45,287.524
1791119640000,121.45,121.46,121.42,121.46,1059.498
1791119700000,121.46,121.5,121.45,121.49,172.281
1791119760000,121.49,121.5,121.44,121.48,753.664
1791119820000,121.47,121.49,121.4,121.41,1682.421
1791119880000,121.4,121.41,121.39,121.4,212.399
1791119940000,121.4,121.4,121.36,121.36,333.735
1791120000000,121.36,121.39,121.36,121.38,191.581
1791120060000,121.38,121.44,121.38,121.44,200.381
1791120120000,121.44,121.49,121.44,121.49,400.94
1791120180000,121.48,121.49,121.46,121.46,345.316
1791120240000,121.47,121.49,121.46,121.49,399.029
1791120300000,121.49,121.49,121.48,121.48,294.054
1791120360000,121.49,121.5,121.44,121.44,265.897
1791120420000,121.44,121.53,121.41,121.52,1068.974
1791120480000,121.52,121.58,121.52,121.58,497.426
1791120540000,121.57,121.58,121.53,121.57,489.283
1791120600000,121.58,121.74,121.57,121.71,2267.488
1791120660000,121.71,121.83,121.71,121.75,5535.94
1791120720000,121.74,121.8,121.73,121.79,1801.869
1791120780000,121.78,121.81,121.75,121.76,2866.452
1791120840000,121.76,121.78,121.72,121.75,4022.579
1791120900000,121.75,121.75,121.65,121.75,3733.276
1791120960000,121.74,121.8,121.71,121.76,2579.898
1791121020000,121.77,121.9,121.76,121.9,1472.713
1791121080000,121.89,121.96,121.81,121.81,4732.395
1791121140000,121.81,121.81,121.7,121.7,570.881
1791121200000,121.7,121.82,121.68,121.76,1400.582
1791121260000,121.77,121.77,121.69,121.69,2376.124
1791121320000,121.69,121.7,121.63,121.65,733.179
1791121380000,121.65,121.76,121.65,121.65,1771.659
1791121440000,121.65,121.66,121.61,121.62,567.33
1791121500000,121.61,121.62,121.59,121.59,731.557
1791121560000,121.6,121.73,121.59,121.69,2854.67
1791121620000,121.7,121.74,121.69,121.74,521.51
1791121680000,121.74,121.75,121.73,121.74,272.84
1791121740000,121.75,121.87,121.74,121.87,565.659
1791121800000,121.86,121.88,121.83,121.83,1144.508
1791121860000,121.83,121.84,121.74,121.75,696.984
1791121920000,121.75,121.76,121.73,121.74,1097.441
1791121980000,121.74,121.75,121.73,121.74,901.304
1791122040000,121.73,121.74,121.71,121.72,183.969
1791122100000,121.71,121.72,121.69,121.7,123.893
1791122160000,121.7,121.71,121.69,121.71,255.727
1791122220000,121.71,121.71,121.67,121.67,378.051
1791122280000,121.68,121.68,121.67,121.67,213.417
1791122340000,121.67,121.71,121.67,121.71,189.352
1791122400000,121.71,121.72,121.69,121.69,635.416
1791122460000,121.69,121.7,121.69,121.69,104.943
1791122520000,121.7,121.7,121.63,121.63,676.833
1791122580000,121.63,121.67,121.62,121.66,315.73
1791122640000,121.67,121.7,121.66,121.69,831.74
1791122700000,121.69,121.78,121.69,121.77,650.762
1791122760000,121.77,121.78,121.55,121.63,11559.087
1791122820000,121.62,121.64,121.62,121.64,986.586
1791122880000,121.63,121.71,121.63,121.65,1543.607
1791122940000,121.64,121.65,121.58,121.62,1616.764
1791123000000,121.62,121.65,121.61,121.61,791.113
1791123060000,121.61,121.62,121.56,121.59,912.859
1791123120000,121.59,121.67,121.59,121.66,1450.541
1791123180000,121.66,121.68,121.62,121.64,622.505
1791123240000,121.65,121.67,121.64,121.64,232.579
1791123300000,121.65,121.65,121.62,121.62,803.032
1791123360000,121.62,121.62,121.46,121.47,3311.737
1791123420000,121.46,121.49,121.46,121.49,852.301
1791123480000,121.49,121.51,121.42,121.44,3969.157
1791123540000,121.44,121.45,121.37,121.37,2049.063
1791123600000,121.37,121.37,121.26,121.29,5574.617
1791123660000,121.3,121.3,121.23,121.23,3327.73
1791123720000,121.23,121.37,121.19,121.35,3715.7
1791123780000,121.34,121.35,121.32,121.33,389.372
1791123840000,121.33,121.33,121.31,121.32,302.327
1791123900000,121.32,121.39,121.3,121.39,2150.374
1791123960000,121.39,121.43,121.38,121.43,868.417
1791124020000,121.42,121.49,121.42,121.43,812.903
1791124080000,121.43,121.47,121.42,121.43,991.358
1791124140000,121.44,121.48,121.43,121.48,408.089
1791124200000,121.47,121.57,121.47,121.57,729.661
1791124260000,121.56,121.64,121.56,121.61,2191.835
1791124320000,121.61,121.64,121.56,121.6,2344.9
1791124380000,121.59,121.6,121.54,121.58,1053.035
1791124440000,121.58,121.62,121.58,121.59,1757.375
1791124500000,121.59,121.68,121.58,121.68,876.707
1791124560000,121.67,121.7,121.54,121.54,2213.112
1791124620000,121.54,121.55,121.48,121.49,642.547
1791124680000,121.49,121.49,121.46,121.46,602.562
1791124740000,121.47,121.47,121.46,121.47,52.281
1791124800000,121.46,121.47,121.46,121.46,72.254
1791124860000,121.46,121.47,121.41,121.42,523.014
1791124920000,121.42,121.45,121.4,121.42,1761.806
1791124980000,121.42,121.42,121.4,121.41,237.189
1791125040000,121.41,121.43,121.39,121.39,1415.495
1791125100000,121.4,121.4,121.34,121.36,1085.287
1791125160000,121.36,121.37,121.31,121.32,1315.371
1791125220000,121.32,121.48,121.3,121.44,2995.126
1791125280000,121.44,121.5,121.44,121.45,1100.222
1791125340000,121.45,121.5,121.43,121.49,537.322
1791125400000,121.5,121.54,121.49,121.54,913.835
1791125460000,121.54,121.55,121.49,121.53,725.701
1791125520000,121.53,121.6,121.53,121.59,635.023
1791125580000,121.59,121.6,121.57,121.6,120.689
1791125640000,121.59,121.62,121.59,121.62,124.965
1791125700000,121.61,121.68,121.61,121.66,659.545
1791125760000,121.66,121.71,121.64,121.71,775.619
1791125820000,121.71,121.75,121.7,121.75,1253.643
1791125880000,121.75,121.8,121.74,121.78,979.726
1791125940000,121.79,121.86,121.79,121.85,1209.59
1791126000000,121.85,121.88,121.84,121.87,608.325
1791126060000,121.88,121.92,121.81,121.9,2533.222
1791126120000,121.9,121.97,121.89,121.94,2915.175
1791126180000,121.94,121.96,121.9,121.91,5419.442
1791126240000,121.92,122.09,121.8,121.83,12302.164
1791126300000,121.84,121.88,121.8,121.8,519.371
1791126360000,121.8,121.81,121.72,121.73,508.846
1791126420000,121.72,121.75,121.71,121.73,990.345
1791126480000,121.72,121.73,121.64,121.65,721.809
1791126540000,121.66,121.73,121.65,121.73,328.81
1791126600000,121.72,121.78,121.7,121.78,368.624
1791126660000,121.78,121.86,121.77,121.84,561.543
1791126720000,121.83,121.84,121.82,121.83,298.737
1791126780000,121.83,121.93,121.82,121.92,873.779
1791126840000,121.93,121.97,121.92,121.97,516.854
1791126900000,121.96,121.97,121.92,121.92,762.817
1791126960000,121.91,121.93,121.84,121.84,2010.353
1791127020000,121.85,121.9,121.84,121.89,754.137
1791127080000,121.89,121.92,121.86,121.9,2172.727
1791127140000,121.9,122.07,121.89,122.03,4385.462
1791127200000,122.03,122.08,121.99,122.04,2425.03
1791127260000,122.04,122.09,121.83,121.84,6374.705
1791127320000,121.83,121.86,121.79,121.79,3008.458
1791127380000,121.79,121.79,121.72,121.74,1748.265
1791127440000,121.74,121.75,121.7,121.72,1210.717
1791127500000,121.72,121.74,121.68,121.68,1557.294
1791127560000,121.68,121.68,121.63,121.64,420.053
1791127620000,121.63,121.78,121.6,121.78,3104.342
1791127680000,121.77,121.77,121.74,121.75,562.778
1791127740000,121.76,121.76,121.71,121.72,168.428
1791127800000,121.71,121.75,121.69,121.71,253.173
1791127860000,121.7,121.73,121.68,121.73,374.658
1791127920000,121.72,121.75,121.68,121.69,913.763
1791127980000,121.69,121.7,121.66,121.69,400.225
1791128040000,121.69,121.74,121.69,121.72,206.842
1791128100000,121.72,121.74,121.71,121.72,112.145
1791128160000,121.73,121.73,121.69,121.7,374.195
1791128220000,121.7,121.7,121.65,121.69,128.557
1791128280000,121.68,121.72,121.68,121.69,524.434
1791128340000,121.69,121.7,121.68,121.7,163.252
1791128400000,121.7,121.7,121.66,121.7,1231.274
1791128460000,121.7,121.73,121.7,121.73,198.213
1791128520000,121.73,121.75,121.72,121.75,66.682
1791128580000,121.74,121.75,121.69,121.7,435.025
1791128640000,121.7,121.72,121.66,121.7,666.231
1791128700000,121.69,121.69,121.66,121.67,264.875
1791128760000,121.66,121.69,121.66,121.68,67.988
1791128820000,121.68,121.69,121.62,121.67,572.13
1791128880000,121.67,121.73,121.67,121.68,919.325
1791128940000,121.68,121.68,121.65,121.66,668.769
1791129000000,121.66,121.68,121.65,121.68,1007.48
1791129060000,121.68,121.7,121.65,121.66,473.84
1791129120000,121.66,121.67,121.65,121.66,135.178
1791129180000,121.66,121.67,121.65,121.66,125.842
1791129240000,121.67,121.67,121.65,121.66,215.508
1791129300000,121.66,121.66,121.62,121.62,195.826
1791129360000,121.62,121.63,121.62,121.62,91.278
1791129420000,121.62,121.63,121.6,121.61,400.149
1791129480000,121.6,121.61,121.55,121.59,1940.32
1791129540000,121.58,121.59,121.56,121.56,579.605
1791129600000,121.57,121.62,121.56,121.61,661.349
1791129660000,121.61,121.63,121.58,121.59,498.84
1791129720000,121.59,121.59,121.54,121.54,1126.99
1791129780000,121.55,121.55,121.43,121.44,2859.869
1791129840000,121.44,121.5,121.42,121.45,2166.6
1791129900000,121.45,121.46,121.4,121.42,1118.476
1791129960000,121.41,121.42,121.4,121.4,408.09
1791130020000,121.4,121.48,121.4,121.46,2615.546
1791130080000,121.45,121.5,121.45,121.48,998.228
1791130140000,121.47,121.57,121.47,121.56,2061.078
1791130200000,121.57,121.66,121.56,121.61,750.921
1791130260000,121.6,121.62,121.54,121.59,409.043
1791130320000,121.6,121.62,121.59,121.61,385.045
1791130380000,121.61,121.62,121.6,121.61,243.926
1791130440000,121.61,121.63,121.56,121.58,1219.165
1791130500000,121.57,121.65,121.57,121.61,265.581
1791130560000,121.62,121.67,121.58,121.67,267.374
1791130620000,121.67,121.67,121.55,121.55,203.283
1791130680000,121.56,121.62,121.55,121.6,502.002
1791130740000,121.6,121.61,121.59,121.61,146.423
1791130800000,121.6,121.65,121.6,121.63,299.839
1791130860000,121.63,121.63,121.55,121.56,313.578
1791130920000,121.56,121.56,121.51,121.51,662.841
1791130980000,121.52,121.55,121.42,121.54,902.72
1791131040000,121.54,121.55,121.49,121.52,364.339
1791131100000,121.51,121.51,121.45,121.5,580.959
1791131160000,121.5,121.51,121.44,121.47,632.993
1791131220000,121.46,121.47,121.46,121.46,343.974
1791131280000,121.46,121.5,121.46,121.48,118.721
1791131340000,121.48,121.5,121.48,121.49,305.052
1791131400000,121.49,121.54,121.49,121.53,271.062
1791131460000,121.53,121.6,121.53,121.58,223.576
1791131520000,121.58,121.62,121.57,121.62,450.607
1791131580000,121.61,121.66,121.6,121.65,158.629
1791131640000,121.66,121.68,121.63,121.66,603.491
1791131700000,121.66,121.73,121.65,121.73,1283.795
1791131760000,121.73,121.77,121.71,121.77,358.594
1791131820000,121.77,121.79,121.73,121.73,210.538
1791131880000,121.74,121.74,121.66,121.67,781.634
1791131940000,121.67,121.68,121.62,121.63,300.224
1791132000000,121.62,121.67,121.62,121.63,866.01
1791132060000,121.62,121.68,121.62,121.68,363.184
1791132120000,121.68,121.7,121.64,121.7,156.702
1791132180000,121.7,121.7,121.67,121.69,44.878
1791132240000,121.68,121.7,121.64,121.65,877.006
1791132300000,121.65,121.65,121.62,121.65,228.019
1791132360000,121.65,121.67,121.61,121.62,537.161
1791132420000,121.62,121.62,121.61,121.62,283.893
1791132480000,121.63,121.74,121.62,121.74,1396.046
1791132540000,121.74,121.9,121.74,121.89,4179.219
1791132600000,121.89,121.89,121.81,121.82,696.821
1791132660000,121.81,121.85,121.81,121.85,310.402
1791132720000,121.84,121.84,121.79,121.8,224.648
1791132780000,121.8,121.82,121.78,121.79,554.665
1791132840000,121.78,121.79,121.78,121.78,71.165
1791132900000,121.79,121.82,121.78,121.82,179.072
1791132960000,121.82,121.82,121.81,121.82,119.808
1791133020000,121.81,121.82,121.78,121.8,241.987
1791133080000,121.79,121.8,121.79,121.8,227.963
1791133140000,121.79,121.8,121.74,121.75,582.013
1791133200000,121.75,121.75,121.72,121.73,457.793
1791133260000,121.74,121.77,121.74,121.75,133.355
1791133320000,121.74,121.76,121.72,121.73,354.277
1791133380000,121.72,121.77,121.72,121.77,289.336
1791133440000,121.77,121.79,121.76,121.77,160.669
1791133500000,121.76,121.81,121.75,121.79,1455.211
1791133560000,121.78,121.79,121.77,121.78,525.272
1791133620000,121.78,121.78,121.7,121.7,221.391
1791133680000,121.7,121.72,121.67,121.72,318.754
1791133740000,121.72,121.74,121.68,121.68,308.309
1791133800000,121.69,121.69,121.66,121.67,430.037
1791133860000,121.66,121.67,121.66,121.66,31.202
1791133920000,121.66,121.69,121.63,121.69,227.406
1791133980000,121.68,121.69,121.68,121.69,77.247
1791134040000,121.69,121.69,121.66,121.66,183.707
1791134100000,121.65,121.66,121.64,121.64,425.779
1791134160000,121.64,121.68,121.64,121.68,305.695
1791134220000,121.68,121.76,121.67,121.76,176.117
1791134280000,121.75,121.75,121.69,121.69,270.411
1791134340000,121.7,121.7,121.68,121.69,110.037
1791134400000,121.69,121.73,121.68,121.73,248.38
1791134460000,121.73,121.75,121.72,121.74,299.165
1791134520000,121.74,121.78,121.73,121.75,455.577
1791134580000,121.74,121.79,121.74,121.78,228.769
1791134640000,121.78,121.8,121.76,121.8,802.963
1791134700000,121.79,121.81,121.79,121.81,142.768
1791134760000,121.81,121.82,121.8,121.81,257.099
1791134820000,121.82,121.82,121.81,121.81,287.329
1791134880000,121.81,121.82,121.76,121.78,883.097
1791134940000,121.77,121.78,121.75,121.75,72.212
1791135000000,121.75,121.76,121.75,121.75,67.666
1791135060000,121.76,121.76,121.73,121.74,392.815
1791135120000,121.74,121.74,121.73,121.74,78.523
1791135180000,121.74,121.74,121.7,121.71,201.81
1791135240000,121.71,121.71,121.68,121.68,64.139
1791135300000,121.69,121.69,121.67,121.67,65.362
1791135360000,121.68,121.68,121.65,121.65,214.158
1791135420000,121.65,121.66,121.64,121.65,258.413
1791135480000,121.65,121.67,121.6,121.61,935.987
1791135540000,121.61,121.62,121.6,121.6,199.796
1791135600000,121.61,121.61,121.6,121.61,66.006
1791135660000,121.61,121.64,121.61,121.64,103.546
1791135720000,121.63,121.64,121.52,121.58,3083.969
1791135780000,121.57,121.6,121.57,121.6,219.088
1791135840000,121.59,121.68,121.59,121.67,387.922
1791135900000,121.68,121.69,121.65,121.69,233.526
1791135960000,121.69,121.73,121.67,121.67,456.77
1791136020000,121.66,121.71,121.66,121.68,552.365
1791136080000,121.69,121.71,121.63,121.63,473.898
1791136140000,121.64,121.66,121.63,121.63,460.218
1791136200000,121.63,121.63,121.61,121.62,65.552
1791136260000,121.62,121.62,121.6,121.6,398.033
1791136320000,121.61,121.61,121.54,121.56,328.512
1791136380000,121.56,121.58,121.54,121.54,550.431
1791136440000,121.54,121.55,121.53,121.54,844.493
1791136500000,121.53,121.55,121.53,121.54,133.472
1791136560000,121.54,121.54,121.52,121.52,92.832
1791136620000,121.53,121.54,121.39,121.47,8961.336
1791136680000,121.46,121.5,121.46,121.5,733.39
1791136740000,121.5,121.5,121.49,121.5,41.678
1791136800000,121.49,121.5,121.45,121.46,535.71
1791136860000,121.46,121.46,121.42,121.43,337.677
1791136920000,121.42,121.45,121.42,121.44,101.604
1791136980000,121.45,121.45,121.44,121.44,115.48
1791137040000,121.44,121.44,121.32,121.32,1570.513
1791137100000,121.32,121.35,121.31,121.35,1881.226
1791137160000,121.35,121.35,121.32,121.32,507.239
1791137220000,121.33,121.35,121.32,121.34,378.685
1791137280000,121.33,121.34,121.32,121.34,391.975
1791137340000,121.34,121.34,121.29,121.29,714.134
1791137400000,121.29,121.35,121.28,121.34,1089.847
1791137460000,121.34,121.37,121.34,121.36,678.746
1791137520000,121.37,121.38,121.34,121.38,431.285
1791137580000,121.38,121.41,121.38,121.39,782.266
1791137640000,121.39,121.39,121.38,121.38,130.532
1791137700000,121.39,121.43,121.38,121.42,195.135
1791137760000,121.42,121.46,121.42,121.45,34.607
1791137820000,121.46,121.47,121.42,121.42,277.378
1791137880000,121.43,121.43,121.4,121.4,228.645
1791137940000,121.4,121.44,121.4,121.4,321.542
1791138000000,121.4,121.41,121.39,121.39,203.094
1791138060000,121.39,121.4,121.37,121.37,363.046
1791138120000,121.38,121.38,121.33,121.33,202.012
1791138180000,121.33,121.34,121.33,121.34,85.383
1791138240000,121.33,121.34,121.3,121.3,243.981
1791138300000,121.3,121.31,121.19,121.31,7931.061
1791138360000,121.31,121.38,121.3,121.36,3759.566
1791138420000,121.36,121.43,121.35,121.43,536.301
1791138480000,121.43,121.44,121.42,121.44,433.269
1791138540000,121.43,121.46,121.43,121.46,293.82
1791138600000,121.46,121.46,121.44,121.46,300.928
1791138660000,121.46,121.49,121.45,121.49,277.043
1791138720000,121.49,121.5,121.49,121.5,18.824
1791138780000,121.5,121.5,121.41,121.41,600.876
1791138840000,121.41,121.48,121.41,121.47,286.003
1791138900000,121.47,121.5,121.47,121.5,143.924
1791138960000,121.49,121.5,121.47,121.48,302.575
1791139020000,121.48,121.48,121.47,121.48,252.205
1791139080000,121.48,121.48,121.46,121.46,208.548
1791139140000,121.46,121.47,121.46,121.47,88.249
1791139200000,121.46,121.47,121.46,121.46,97.113
1791139260000,121.47,121.48,121.46,121.48,236.318
1791139320000,121.48,121.52,121.47,121.51,652.765
1791139380000,121.52,121.52,121.49,121.51,330.539
1791139440000,121.51,121.52,121.5,121.52,476.785
1791139500000,121.53,121.53,121.52,121.52,51.326
1791139560000,121.52,121.58,121.52,121.58,470.393
1791139620000,121.58,121.61,121.58,121.61,99.779
1791139680000,121.61,121.61,121.55,121.55,560.577
1791139740000,121.55,121.55,121.52,121.52,479.812
1791139800000,121.52,121.52,121.48,121.49,567.343
1791139860000,121.49,121.49,121.48,121.49,149.566
1791139920000,121.48,121.49,121.48,121.49,56.107
1791139980000,121.49,121.49,121.48,121.49,157.041
1791140040000,121.48,121.5,121.48,121.5,597.009
1791140100000,121.5,121.5,121.49,121.49,25.639
1791140160000,121.5,121.53,121.49,121.52,319.135
1791140220000,121.52,121.55,121.51,121.55,472.574
1791140280000,121.55,121.56,121.54,121.56,810.882
1791140340000,121.55,121.55,121.46,121.47,1874.956
1791140400000,121.48,121.51,121.45,121.5,2266.151
1791140460000,121.49,121.61,121.46,121.59,2286.238
1791140520000,121.58,121.61,121.56,121.6,534.23
1791140580000,121.6,121.63,121.59,121.62,4095.822
1791140640000,121.63,121.65,121.62,121.65,808.677
1791140700000,121.64,121.68,121.62,121.66,1483.185
1791140760000,121.67,121.7,121.67,121.7,739.216
1791140820000,121.7,121.71,121.54,121.55,2744.775
1791140880000,121.54,121.56,121.54,121.56,156.91
1791140940000,121.56,121.6,121.56,121.6,241.479
1791141000000,121.59,121.6,121.57,121.6,275.373
1791141060000,121.59,121.61,121.59,121.6,222.4
1791141120000,121.6,121.6,121.58,121.58,366.584
1791141180000,121.59,121.59,121.58,121.59,107.441
1791141240000,121.58,121.59,121.58,121.59,50.173
1791141300000,121.59,121.65,121.59,121.6,733.111
1791141360000,121.61,121.61,121.59,121.59,166.527
1791141420000,121.59,121.6,121.53,121.58,1355.722
1791141480000,121.57,121.58,121.56,121.56,260.94
1791141540000,121.56,121.58,121.56,121.57,118.275
1791141600000,121.58,121.58,121.56,121.57,94.518
1791141660000,121.57,121.57,121.53,121.53,555.955
1791141720000,121.53,121.53,121.51,121.52,366.297
1791141780000,121.52,121.52,121.44,121.45,645.724
1791141840000,121.44,121.44,121.43,121.44,172.9
1791141900000,121.44,121.44,121.37,121.42,1718.301
1791141960000,121.42,121.46,121.41,121.43,556.787
1791142020000,121.43,121.45,121.42,121.45,143.715
1791142080000,121.45,121.46,121.45,121.45,411.345
1791142140000,121.46,121.47,121.43,121.43,207.093
1791142200000,121.43,121.45,121.43,121.44,40.026
1791142260000,121.45,121.53,121.44,121.52,367.394
1791142320000,121.51,121.52,121.43,121.43,463.175
1791142380000,121.44,121.51,121.44,121.47,291.413
1791142440000,121.46,121.55,121.46,121.55,1688.406
1791142500000,121.54,121.55,121.53,121.53,205.54
1791142560000,121.53,121.55,121.53,121.55,150.715
1791142620000,121.55,121.55,121.54,121.55,90.641
1791142680000,121.55,121.55,121.5,121.51,3616.814
1791142740000,121.51,121.51,121.47,121.49,334.982
1791142800000,121.48,121.5,121.42,121.44,2177.792
1791142860000,121.44,121.47,121.38,121.38,1115.309
1791142920000,121.38,121.39,121.32,121.32,4389.007
1791142980000,121.32,121.37,121.24,121.37,3226.13
1791143040000,121.36,121.39,121.35,121.39,480.767
1791143100000,121.39,121.41,121.34,121.36,1806.596
1791143160000,121.35,121.37,121.35,121.37,1808.253
1791143220000,121.37,121.42,121.37,121.39,1222.953
1791143280000,121.39,121.4,121.38,121.38,300.899
1791143340000,121.38,121.42,121.38,121.4,415.575
1791143400000,121.41,121.41,121.27,121.29,2469.275
1791143460000,121.29,121.3,121.26,121.26,757.754
1791143520000,121.27,121.27,121.25,121.26,703.085
1791143580000,121.27,121.28,121.23,121.28,3265.194
1791143640000,121.28,121.28,121.25,121.25,474.321
1791143700000,121.26,121.28,121.21,121.22,730.157
1791143760000,121.22,121.23,121.2,121.21,333.838
1791143820000,121.21,121.22,121.2,121.2,522.608
1791143880000,121.2,121.21,121.17,121.18,1306.544
1791143940000,121.17,121.18,121.02,121.1,3701.96
1791144000000,121.11,121.11,120.95,120.99,4386.391
1791144060000,120.99,121.0,120.85,120.89,1652.528
1791144120000,120.9,121.03,120.87,121.01,5172.28
1791144180000,121.01,121.02,121.0,121.01,655.179
1791144240000,121.02,121.02,120.95,120.95,313.441
1791144300000,120.96,120.96,120.74,120.75,2637.072
1791144360000,120.75,120.81,120.68,120.81,1658.931
1791144420000,120.81,120.82,120.74,120.74,705.889
1791144480000,120.74,120.74,120.7,120.7,728.857
1791144540000,120.7,120.72,120.64,120.7,2173.874
1791144600000,120.71,120.74,120.64,120.73,1651.657
1791144660000,120.74,120.77,120.73,120.76,293.851
1791144720000,120.77,120.84,120.77,120.84,331.071
1791144780000,120.84,120.85,120.81,120.83,394.874
1791144840000,120.83,120.89,120.83,120.89,260.687
1791144900000,120.88,120.91,120.88,120.9,502.479
1791144960000,120.91,120.93,120.91,120.93,460.905
1791145020000,120.93,120.93,120.92,120.93,102.31
1791145080000,120.93,121.0,120.93,120.96,541.969
1791145140000,120.96,120.96,120.92,120.95,381.981
1791145200000,120.94,121.0,120.94,120.99,221.222
1791145260000,121.0,121.01,120.95,120.96,892.134
1791145320000,120.95,120.95,120.91,120.94,259.28
1791145380000,120.93,120.93,120.91,120.91,205.652
1791145440000,120.91,120.92,120.91,120.92,235.804
1791145500000,120.92,120.92,120.88,120.88,368.348
1791145560000,120.88,120.88,120.82,120.83,534.076
1791145620000,120.83,120.83,120.82,120.82,340.254
1791145680000,120.82,120.9,120.82,120.89,1099.524
1791145740000,120.89,120.9,120.88,120.88,670.524
1791145800000,120.88,120.91,120.81,120.82,1083.719
1791145860000,120.82,120.83,120.78,120.78,521.407
1791145920000,120.78,120.81,120.78,120.81,491.383
1791145980000,120.81,120.95,120.81,120.95,2797.08
1791146040000,120.94,121.04,120.94,121.04,151.184
1791146100000,121.04,121.1,121.03,121.1,439.712
1791146160000,121.09,121.13,121.09,121.1,176.237
1791146220000,121.1,121.15,121.09,121.14,852.127
1791146280000,121.14,121.15,120.91,120.92,4476.386
1791146340000,120.91,120.93,120.9,120.92,1147.867
1791146400000,120.92,120.95,120.91,120.94,210.673
1791146460000,120.95,120.97,120.94,120.97,606.012
1791146520000,120.96,120.96,120.92,120.92,229.294
1791146580000,120.92,121.02,120.92,121.02,1349.517
1791146640000,121.01,121.01,120.99,121.0,370.31
1791146700000,120.99,121.0,120.96,120.99,1158.168
1791146760000,121.0,121.04,120.99,121.03,396.488
1791146820000,121.04,121.24,121.02,121.2,6978.521
1791146880000,121.2,121.25,121.2,121.23,543.193
1791146940000,121.22,121.27,121.19,121.21,1222.27
1791147000000,121.22,121.27,121.21,121.26,646.27
1791147060000,121.27,121.3,121.26,121.28,283.348
1791147120000,121.28,121.38,121.27,121.3,2515.218
1791147180000,121.31,121.33,121.25,121.26,533.905
1791147240000,121.26,121.34,121.26,121.33,265.131
1791147300000,121.34,121.37,121.33,121.37,353.356
1791147360000,121.36,121.4,121.36,121.39,343.728
1791147420000,121.38,121.39,121.35,121.35,342.678
1791147480000,121.35,121.35,121.33,121.34,223.266
1791147540000,121.34,121.34,121.27,121.28,480.877
1791147600000,121.27,121.31,121.23,121.23,410.892
1791147660000,121.24,121.27,121.21,121.26,574.661
1791147720000,121.26,121.32,121.26,121.31,843.741
1791147780000,121.32,121.33,121.29,121.3,247.688
1791147840000,121.3,121.31,121.26,121.26,458.236
1791147900000,121.25,121.29,121.25,121.29,65.967
1791147960000,121.28,121.29,121.28,121.29,51.083
1791148020000,121.28,121.3,121.24,121.24,502.337
1791148080000,121.25,121.33,121.24,121.33,210.919
1791148140000,121.34,121.36,121.31,121.36,67.587
1791148200000,121.36,121.42,121.34,121.41,497.773
1791148260000,121.41,121.49,121.41,121.49,1563.719
1791148320000,121.48,121.49,121.46,121.47,437.798
1791148380000,121.46,121.53,121.43,121.51,8978.707
1791148440000,121.5,121.57,121.5,121.53,743.599
1791148500000,121.52,121.56,121.47,121.51,1327.346
1791148560000,121.51,121.59,121.49,121.59,295.557
1791148620000,121.59,121.6,121.57,121.6,597.829
1791148680000,121.6,121.61,121.55,121.55,225.079
1791148740000,121.55,121.59,121.53,121.57,1017.982
1791148800000,121.57,121.57,121.39,121.39,544.712
1791148860000,121.4,121.43,121.31,121.31,1324.743
1791148920000,121.3,121.39,121.28,121.39,586.276
1791148980000,121.39,121.39,121.34,121.36,1476.191
1791149040000,121.37,121.45,121.36,121.44,531.845
1791149100000,121.43,121.47,121.42,121.45,1240.433
1791149160000,121.44,121.47,121.43,121.43,521.714
1791149220000,121.44,121.44,121.42,121.42,223.018
1791149280000,121.42,121.42,121.39,121.39,164.375
1791149340000,121.39,121.41,121.36,121.41,448.27
1791149400000,121.41,121.5,121.41,121.49,265.326
1791149460000,121.5,121.53,121.45,121.45,181.658
1791149520000,121.45,121.46,121.41,121.44,86.729
1791149580000,121.43,121.44,121.41,121.43,80.532
1791149640000,121.43,121.48,121.43,121.47,111.714
1791149700000,121.47,121.47,121.41,121.46,290.376
1791149760000,121.46,121.47,121.43,121.43,484.927
1791149820000,121.44,121.47,121.43,121.46,935.946
1791149880000,121.47,121.49,121.43,121.44,1083.084
1791149940000,121.44,121.44,121.41,121.41,526.946
1791150000000,121.41,121.46,121.38,121.39,672.055
1791150060000,121.39,121.4,121.37,121.38,106.816
1791150120000,121.37,121.39,121.36,121.38,181.321
1791150180000,121.38,121.44,121.38,121.43,643.703
1791150240000,121.44,121.44,121.38,121.43,1204.767
1791150300000,121.42,121.46,121.41,121.46,588.215
1791150360000,121.46,121.55,121.45,121.52,839.954
1791150420000,121.52,121.55,121.46,121.46,1514.75
1791150480000,121.47,121.48,121.46,121.47,254.224
1791150540000,121.48,121.48,121.47,121.47,56.015
1791150600000,121.48,121.49,121.47,121.49,89.112
1791150660000,121.5,121.5,121.47,121.48,329.985
1791150720000,121.48,121.54,121.48,121.52,380.25
1791150780000,121.52,121.53,121.36,121.39,2244.335
1791150840000,121.39,121.4,121.27,121.27,1492.877
1791150900000,121.26,121.28,121.23,121.24,907.491
1791150960000,121.23,121.28,121.23,121.27,320.68
1791151020000,121.27,121.27,121.09,121.14,4957.668
1791151080000,121.14,121.16,121.05,121.16,1513.313
1791151140000,121.16,121.21,121.12,121.21,410.845
1791151200000,121.22,121.52,121.22,121.41,905.992
1791151260000,121.42,121.57,121.42,121.56,1030.178
1791151320000,121.57,122.07,121.57,121.92,9072.665
1791151380000,121.92,122.02,121.71,121.87,2326.181
1791151440000,121.87,122.06,121.83,121.99,2579.214
1791151500000,121.98,121.99,121.79,121.95,2270.436
1791151560000,121.94,122.11,121.9,121.91,2865.015
1791151620000,121.91,121.91,121.79,121.82,1356.321
1791151680000,121.81,121.84,121.72,121.83,5257.591
1791151740000,121.84,121.98,121.83,121.89,1070.092
1791151800000,121.88,121.91,121.8,121.85,1433.761
1791151860000,121.86,121.98,121.8,121.96,1560.633
1791151920000,121.96,121.96,121.88,121.9,724.808
1791151980000,121.9,122.07,121.89,122.04,1998.659
1791152040000,122.03,122.09,121.91,121.94,2218.633
1791152100000,121.93,122.02,121.89,121.99,808.931
1791152160000,121.99,122.28,121.91,122.08,12306.886
1791152220000,122.08,122.17,122.0,122.08,5276.861
1791152280000,122.07,122.15,121.99,122.08,2499.752
1791152340000,122.08,122.29,122.07,122.17,2029.635
1791152400000,122.17,122.28,122.17,122.21,1764.679
1791152460000,122.21,122.22,122.06,122.2,1201.503
1791152520000,122.2,122.22,122.13,122.21,667.643
1791152580000,122.21,122.21,122.07,122.14,1428.286
1791152640000,122.14,122.21,122.12,122.13,928.66
1791152700000,122.13,122.25,122.09,122.23,1097.222
1791152760000,122.23,122.25,122.11,122.16,595.55
1791152820000,122.15,122.16,121.91,121.92,2306.043
1791152880000,121.92,121.92,121.85,121.86,1310.448
1791152940000,121.87,121.89,121.74,121.76,2478.001
1791153000000,121.76,121.79,121.71,121.76,5823.228
1791153060000,121.77,121.82,121.71,121.75,1732.958
1791153120000,121.75,121.9,121.72,121.85,2091.203
1791153180000,121.85,121.86,121.75,121.75,1766.885
1791153240000,121.75,121.85,121.75,121.8,1499.392
1791153300000,121.8,121.89,121.79,121.86,1837.865
1791153360000,121.87,122.0,121.87,122.0,883.253
1791153420000,121.99,122.0,121.87,121.87,833.793
1791153480000,121.88,121.95,121.85,121.86,1184.822
1791153540000,121.85,121.86,121.76,121.76,1776.622
1791153600000,121.76,121.77,121.7,121.73,740.855
1791153660000,121.74,121.85,121.74,121.85,636.838
1791153720000,121.86,121.98,121.86,121.98,764.652
1791153780000,121.97,122.04,121.93,121.93,1014.291
1791153840000,121.94,121.98,121.93,121.93,501.239
1791153900000,121.92,121.95,121.88,121.93,1094.96
1791153960000,121.92,121.93,121.92,121.93,118.0
1791154020000,121.93,121.93,121.84,121.91,558.577
1791154080000,121.9,121.91,121.89,121.89,282.927
1791154140000,121.9,121.9,121.84,121.84,133.945
1791154200000,121.85,121.85,121.65,121.66,1765.851
1791154260000,121.65,121.68,121.61,121.68,1254.645
1791154320000,121.69,121.7,121.62,121.7,2706.955
1791154380000,121.69,121.77,121.63,121.75,795.105
1791154440000,121.75,121.75,121.68,121.75,683.418
1791154500000,121.74,121.74,121.62,121.64,1094.718
1791154560000,121.65,121.74,121.65,121.68,964.458
1791154620000,121.68,121.71,121.67,121.69,208.842
1791154680000,121.68,121.69,121.63,121.68,346.041
1791154740000,121.68,121.74,121.67,121.73,364.66
1791154800000,121.73,121.75,121.64,121.7,1120.943
1791154860000,121.69,121.71,121.62,121.63,405.258
1791154920000,121.63,121.69,121.53,121.53,2202.916
1791154980000,121.53,121.68,121.53,121.68,816.627
1791155040000,121.67,121.74,121.65,121.74,539.107
1791155100000,121.74,121.75,121.68,121.73,268.835
1791155160000,121.73,121.74,121.7,121.7,287.657
1791155220000,121.69,121.69,121.59,121.62,1324.61
1791155280000,121.61,121.71,121.61,121.71,461.089
1791155340000,121.7,121.72,121.68,121.7,458.389
1791155400000,121.7,122.09,121.7,122.0,6986.599
1791155460000,122.0,122.01,121.96,122.0,952.065
1791155520000,121.99,122.04,121.96,122.0,853.778
1791155580000,122.01,122.06,122.0,122.02,803.19
1791155640000,122.02,122.03,121.94,121.97,1059.859
1791155700000,121.97,122.02,121.95,121.97,1359.567
1791155760000,121.96,122.04,121.95,122.03,1326.649
1791155820000,122.03,122.09,122.03,122.04,738.736
1791155880000,122.04,122.05,121.92,121.93,1588.626
1791155940000,121.92,122.01,121.92,122.0,1025.869
1791156000000,122.0,122.09,122.0,122.07,1295.67
1791156060000,122.06,122.08,121.96,122.0,980.847
1791156120000,121.99,121.99,121.8,121.8,1148.161
1791156180000,121.8,121.84,121.77,121.82,1382.082
1791156240000,121.81,121.91,121.81,121.84,6362.655
1791156300000,121.83,121.89,121.83,121.89,157.97
1791156360000,121.89,121.99,121.88,121.94,707.934
1791156420000,121.93,122.0,121.9,121.95,1435.809
1791156480000,121.95,122.0,121.85,121.85,2965.017
1791156540000,121.85,121.88,121.84,121.85,343.109
1791156600000,121.85,121.94,121.84,121.88,972.426
1791156660000,121.88,121.9,121.76,121.77,300.846
1791156720000,121.76,121.77,121.71,121.72,1317.307
1791156780000,121.72,121.75,121.7,121.7,493.792
1791156840000,121.7,121.7,121.62,121.63,407.232
1791156900000,121.62,121.62,121.57,121.6,550.245
1791156960000,121.6,121.61,121.48,121.53,2079.374
1791157020000,121.53,121.58,121.52,121.58,229.754
1791157080000,121.57,121.57,121.44,121.44,1114.128
1791157140000,121.45,121.48,121.44,121.46,552.291
1791157200000,121.46,121.61,121.45,121.6,1650.999
1791157260000,121.6,121.6,121.52,121.52,522.908
1791157320000,121.53,121.57,121.49,121.57,735.285
1791157380000,121.56,121.59,121.51,121.56,919.746
1791157440000,121.56,121.59,121.56,121.59,572.145
1791157500000,121.59,121.59,121.51,121.51,1203.795
1791157560000,121.52,121.55,121.51,121.54,300.125
1791157620000,121.54,121.57,121.53,121.55,491.496
1791157680000,121.55,121.56,121.54,121.54,323.386
1791157740000,121.55,121.55,121.5,121.55,414.16
1791157800000,121.55,121.57,121.53,121.56,317.912
1791157860000,121.57,121.59,121.55,121.55,676.713
1791157920000,121.54,121.57,121.51,121.54,194.225
1791157980000,121.54,121.54,121.46,121.48,856.461
1791158040000,121.47,121.55,121.46,121.54,381.08
1791158100000,121.55,121.56,121.5,121.51,510.967
1791158160000,121.52,121.57,121.51,121.56,1705.558
1791158220000,121.56,121.56,121.53,121.54,836.166
1791158280000,121.54,121.55,121.52,121.55,676.812
1791158340000,121.54,121.6,121.54,121.6,229.563
1791158400000,121.59,121.59,121.44,121.44,544.392
1791158460000,121.45,121.45,121.32,121.42,4733.268
1791158520000,121.42,121.45,121.32,121.33,850.382
1791158580000,121.33,121.39,121.29,121.37,1092.011
1791158640000,121.36,121.48,121.36,121.47,426.716
1791158700000,121.47,121.48,121.4,121.41,381.204
1791158760000,121.41,121.48,121.41,121.48,1152.75
1791158820000,121.47,121.48,121.36,121.37,491.578
1791158880000,121.37,121.45,121.36,121.43,819.273
1791158940000,121.42,121.42,121.33,121.33,1117.236
1791159000000,121.33,121.39,121.26,121.39,2733.444
1791159060000,121.38,121.47,121.37,121.37,630.027
1791159120000,121.37,121.38,121.18,121.22,1804.321
1791159180000,121.22,121.28,121.19,121.27,653.888
1791159240000,121.27,121.28,121.26,121.26,115.223
1791159300000,121.27,121.38,121.27,121.36,449.226
1791159360000,121.36,121.44,121.36,121.43,482.119
1791159420000,121.42,121.45,121.4,121.42,273.84
1791159480000,121.41,121.43,121.34,121.42,603.215
1791159540000,121.42,121.47,121.4,121.46,212.637
1791159600000,121.46,121.49,121.43,121.44,170.197
1791159660000,121.45,121.45,121.32,121.32,1191.04
1791159720000,121.33,121.33,121.29,121.33,896.656
1791159780000,121.33,121.34,121.28,121.29,810.163
1791159840000,121.29,121.29,121.17,121.21,1119.76
1791159900000,121.21,121.23,121.06,121.06,2400.92
1791159960000,121.06,121.07,120.99,121.01,4337.496
1791160020000,121.01,121.06,120.96,121.06,952.254
1791160080000,121.06,121.06,120.97,121.0,3501.235
1791160140000,120.99,120.99,120.95,120.97,632.053
1791160200000,120.98,120.99,120.87,120.88,1766.623
1791160260000,120.89,120.91,120.8,120.9,7329.944
1791160320000,120.91,120.97,120.88,120.95,4664.879
1791160380000,120.96,121.04,120.94,121.04,2665.264
1791160440000,121.05,121.05,120.96,120.96,648.757
1791160500000,120.97,121.0,120.93,121.0,1891.185
1791160560000,120.99,121.05,120.99,121.03,473.392
1791160620000,121.03,121.05,120.94,120.95,1273.005
1791160680000,120.94,121.02,120.94,121.02,221.942
1791160740000,121.01,121.1,121.01,121.1,550.388
1791160800000,121.1,121.2,121.1,121.15,1047.073
1791160860000,121.16,121.25,121.13,121.25,1336.837
1791160920000,121.26,121.37,121.26,121.35,2834.46
1791160980000,121.35,121.39,121.31,121.32,1971.186
1791161040000,121.31,121.38,121.31,121.36,271.922
1791161100000,121.36,121.37,121.27,121.28,305.391
1791161160000,121.27,121.27,121.19,121.19,536.654
1791161220000,121.18,121.3,121.17,121.3,899.365
1791161280000,121.3,121.41,121.3,121.33,596.776
1791161340000,121.33,121.37,121.29,121.35,427.341
1791161400000,121.36,121.36,121.28,121.29,1606.273
1791161460000,121.3,121.4,121.29,121.29,1056.395
1791161520000,121.29,121.33,121.26,121.33,564.32
1791161580000,121.34,121.39,121.29,121.29,704.388
1791161640000,121.3,121.3,121.25,121.29,230.376
1791161700000,121.29,121.36,121.26,121.36,141.858
1791161760000,121.36,121.38,121.28,121.29,628.476
1791161820000,121.28,121.34,121.28,121.34,446.694
1791161880000,121.34,121.41,121.34,121.36,1017.65
1791161940000,121.37,121.38,121.31,121.32,437.819
1791162000000,121.32,121.32,121.19,121.19,1928.941
1791162060000,121.2,121.23,121.13,121.2,1103.715
1791162120000,121.2,121.2,121.1,121.13,1239.905
1791162180000,121.14,121.19,121.1,121.1,1764.563
1791162240000,121.1,121.24,121.1,121.23,240.509
1791162300000,121.23,121.25,121.19,121.24,600.381
1791162360000,121.25,121.27,121.2,121.2,379.108
1791162420000,121.2,121.2,121.14,121.15,693.387
1791162480000,121.14,121.24,121.1,121.21,509.018
1791162540000,121.21,121.21,121.12,121.13,518.695
1791162600000,121.12,121.18,121.1,121.17,171.442
1791162660000,121.18,121.29,121.16,121.28,414.923
1791162720000,121.28,121.31,121.21,121.21,660.831
1791162780000,121.21,121.28,121.2,121.28,449.507
1791162840000,121.27,121.38,121.23,121.38,1405.813
1791162900000,121.38,121.38,121.31,121.32,3760.025
1791162960000,121.32,121.37,121.26,121.32,509.897
1791163020000,121.32,121.47,121.31,121.47,1455.934
1791163080000,121.46,121.53,121.35,121.39,11538.822
1791163140000,121.38,121.45,121.38,121.41,398.462
1791163200000,121.42,121.48,121.38,121.44,857.389
1791163260000,121.45,121.5,121.38,121.44,1703.701
1791163320000,121.44,121.54,121.37,121.37,2682.447
1791163380000,121.36,121.4,121.32,121.37,336.211
1791163440000,121.38,121.52,121.38,121.48,609.395
1791163500000,121.49,121.54,121.49,121.54,707.613
1791163560000,121.55,121.58,121.51,121.51,627.275
1791163620000,121.51,121.53,121.49,121.52,337.267
1791163680000,121.52,121.61,121.51,121.61,971.791
1791163740000,121.61,121.62,121.55,121.55,552.272
1791163800000,121.56,121.56,121.3,121.31,1534.042
1791163860000,121.31,121.31,121.11,121.13,3247.788
1791163920000,121.13,121.22,121.1,121.18,441.062
1791163980000,121.17,121.17,121.07,121.08,1817.012
1791164040000,121.08,121.09,121.04,121.05,710.309
1791164100000,121.05,121.08,121.01,121.03,1179.986
1791164160000,121.03,121.09,121.01,121.05,205.147
1791164220000,121.05,121.13,121.01,121.08,875.474
1791164280000,121.08,121.08,121.02,121.06,2368.006
1791164340000,121.07,121.12,121.07,121.12,931.423
1791164400000,121.12,121.19,121.12,121.18,286.363
1791164460000,121.17,121.19,121.13,121.16,353.349
1791164520000,121.15,121.15,121.1,121.14,437.572
1791164580000,121.13,121.13,121.06,121.07,487.188
1791164640000,121.07,121.1,121.06,121.08,481.191
1791164700000,121.07,121.14,121.06,121.08,650.762
1791164760000,121.07,121.13,121.05,121.13,208.465
1791164820000,121.13,121.16,121.1,121.14,634.251
1791164880000,121.14,121.22,121.14,121.15,838.755
1791164940000,121.15,121.16,121.13,121.16,442.937
1791165000000,121.16,121.16,121.04,121.04,745.249
1791165060000,121.04,121.08,121.01,121.08,686.099
1791165120000,121.07,121.15,121.06,121.15,336.15
1791165180000,121.14,121.15,121.06,121.06,191.139
1791165240000,121.07,121.09,121.05,121.08,1152.206
1791165300000,121.08,121.12,121.07,121.11,151.087
1791165360000,121.11,121.12,121.11,121.11,47.873
1791165420000,121.12,121.15,121.11,121.15,359.532
1791165480000,121.15,121.16,121.12,121.16,316.798
1791165540000,121.16,121.2,121.15,121.16,1518.29
1791165600000,121.17,121.22,121.13,121.22,351.911
1791165660000,121.22,121.27,121.16,121.18,1073.527
1791165720000,121.19,121.27,121.16,121.24,3168.268
1791165780000,121.24,121.34,121.24,121.34,561.045
1791165840000,121.35,121.42,121.34,121.34,613.605
1791165900000,121.34,121.48,121.34,121.41,5410.794
1791165960000,121.42,121.44,121.4,121.43,211.142
1791166020000,121.44,121.46,121.36,121.4,344.402
1791166080000,121.41,121.45,121.39,121.39,288.791
1791166140000,121.39,121.45,121.39,121.44,543.133
1791166200000,121.45,121.51,121.45,121.5,543.018
1791166260000,121.49,121.54,121.47,121.47,459.238
1791166320000,121.47,121.5,121.46,121.49,565.131
1791166380000,121.5,121.56,121.47,121.56,613.325
1791166440000,121.57,121.58,121.51,121.54,721.375
1791166500000,121.54,121.64,121.48,121.64,530.628
1791166560000,121.63,121.68,121.63,121.65,764.762
1791166620000,121.65,121.65,121.52,121.52,2209.017
1791166680000,121.51,121.55,121.47,121.55,650.949
1791166740000,121.54,121.54,121.39,121.45,1721.348
1791166800000,121.46,121.49,121.41,121.42,689.669
1791166860000,121.41,121.43,121.27,121.29,1193.662
1791166920000,121.3,121.38,121.29,121.37,1083.836
1791166980000,121.37,121.42,121.36,121.41,839.914
1791167040000,121.42,121.45,121.4,121.42,749.41
1791167100000,121.42,121.47,121.41,121.43,670.74
1791167160000,121.42,121.44,121.37,121.39,605.454
1791167220000,121.4,121.47,121.39,121.47,288.502
1791167280000,121.46,121.46,121.4,121.45,310.873
1791167340000,121.44,121.45,121.35,121.36,1064.499
1791167400000,121.36,121.37,121.34,121.35,707.462
1791167460000,121.34,121.35,121.2,121.2,851.763
1791167520000,121.19,121.26,121.18,121.26,520.304
1791167580000,121.27,121.31,121.24,121.24,209.291
1791167640000,121.24,121.3,121.23,121.26,341.952
1791167700000,121.26,121.4,121.23,121.4,882.53
1791167760000,121.39,121.39,121.33,121.35,828.38
1791167820000,121.35,121.46,121.29,121.45,638.57
1791167880000,121.44,121.48,121.37,121.37,849.658
1791167940000,121.36,121.46,121.36,121.44,504.312
1791168000000,121.45,121.49,121.43,121.45,628.384
1791168060000,121.45,121.53,121.44,121.5,683.601
1791168120000,121.5,121.54,121.46,121.49,1170.39
1791168180000,121.49,121.49,121.36,121.41,680.105
1791168240000,121.42,121.46,121.4,121.43,484.875
1791168300000,121.44,121.52,121.44,121.47,539.224
1791168360000,121.47,121.47,121.41,121.44,894.715
1791168420000,121.44,121.45,121.37,121.37,949.316
1791168480000,121.37,121.38,121.33,121.36,336.278
1791168540000,121.36,121.36,121.25,121.26,810.525
1791168600000,121.25,121.26,121.22,121.22,305.231
1791168660000,121.23,121.23,121.21,121.22,793.409
1791168720000,121.22,121.23,121.21,121.22,284.553
1791168780000,121.22,121.28,121.22,121.26,959.587
1791168840000,121.25,121.3,121.25,121.28,262.774
1791168900000,121.29,121.29,121.24,121.26,864.608
1791168960000,121.25,121.32,121.23,121.29,700.119
1791169020000,121.29,121.29,121.23,121.27,847.959
1791169080000,121.26,121.29,121.25,121.26,463.068
1791169140000,121.25,121.25,121.14,121.18,1154.413
1791169200000,121.18,121.19,121.11,121.15,865.713
1791169260000,121.15,121.2,121.12,121.15,822.362
1791169320000,121.15,121.16,121.12,121.13,515.333
1791169380000,121.12,121.16,121.1,121.11,1647.733
1791169440000,121.11,121.12,121.06,121.09,942.279
1791169500000,121.09,121.09,121.01,121.04,2829.335
1791169560000,121.03,121.04,121.0,121.04,1799.608
1791169620000,121.03,121.08,121.0,121.08,1046.565
1791169680000,121.07,121.07,121.04,121.07,769.01
1791169740000,121.06,121.07,120.98,121.0,1497.151
1791169800000,120.99,121.09,120.99,121.09,1593.341
1791169860000,121.09,121.14,121.06,121.1,2791.49
1791169920000,121.09,121.11,121.06,121.06,2010.164
1791169980000,121.06,121.08,121.01,121.03,1724.74
1791170040000,121.03,121.28,121.03,121.25,3623.614
1791170100000,121.25,121.27,121.04,121.04,4991.683
1791170160000,121.04,121.06,121.02,121.06,2184.347
1791170220000,121.07,121.1,120.99,120.99,2008.416
1791170280000,120.99,121.0,120.96,120.96,1215.419
1791170340000,120.97,121.01,120.95,120.96,945.95
1791170400000,120.97,120.97,120.89,120.9,1809.117
1791170460000,120.89,120.9,120.78,120.78,2911.564
1791170520000,120.79,120.8,120.73,120.74,3103.296
1791170580000,120.73,120.9,120.53,120.9,11544.661
1791170640000,120.89,120.99,120.88,120.99,2129.638
1791170700000,120.99,121.08,120.97,120.98,1554.422
1791170760000,120.98,121.02,120.96,121.01,1367.849
1791170820000,121.02,121.04,121.0,121.03,1384.805
1791170880000,121.02,121.07,121.02,121.07,583.162
1791170940000,121.07,121.08,121.06,121.07,396.216
1791171000000,121.06,121.07,121.02,121.04,707.335
1791171060000,121.03,121.05,121.03,121.05,656.099
1791171120000,121.05,121.08,121.02,121.03,595.754
1791171180000,121.02,121.03,121.01,121.02,320.819
1791171240000,121.02,121.02,120.93,120.94,416.562
1791171300000,120.94,120.96,120.86,120.86,1040.1
1791171360000,120.86,120.86,120.76,120.79,2315.826
1791171420000,120.79,120.86,120.75,120.81,2652.792
1791171480000,120.82,120.89,120.78,120.87,1944.176
1791171540000,120.88,120.94,120.88,120.94,1435.809
1791171600000,120.93,120.97,120.88,120.92,1909.229
1791171660000,120.91,120.91,120.83,120.87,1281.663
1791171720000,120.87,120.9,120.84,120.84,391.942
1791171780000,120.85,120.91,120.77,120.77,3371.541
1791171840000,120.77,120.77,120.74,120.75,1002.521
1791171900000,120.75,120.82,120.72,120.8,1579.168
1791171960000,120.79,120.81,120.76,120.8,1399.551
1791172020000,120.79,120.85,120.79,120.8,718.182
1791172080000,120.81,120.84,120.81,120.83,1300.84
1791172140000,120.84,120.87,120.8,120.8,1433.405
1791172200000,120.8,120.84,120.73,120.73,1209.59
1791172260000,120.73,120.74,120.67,120.69,1899.035
1791172320000,120.7,120.71,120.63,120.7,1142.069
1791172380000,120.7,120.71,120.64,120.66,1054.721
1791172440000,120.66,120.68,120.61,120.68,484.339
1791172500000,120.67,120.7,120.64,120.64,248.46
1791172560000,120.65,120.66,120.63,120.64,448.158
1791172620000,120.64,120.65,120.4,120.4,3040.514
1791172680000,120.4,120.62,120.39,120.4,4662.058
1791172740000,120.4,120.5,120.33,120.44,3955.927
1791172800000,120.43,120.49,120.33,120.35,2703.549
1791172860000,120.34,120.54,120.34,120.53,1927.828
1791172920000,120.52,120.58,120.45,120.46,1098.331
1791172980000,120.45,120.52,120.41,120.52,1165.395
1791173040000,120.51,120.51,120.44,120.44,1290.353
1791173100000,120.45,120.47,120.4,120.44,1101.826
1791173160000,120.43,120.56,120.39,120.56,1587.405
1791173220000,120.57,120.6,120.46,120.46,352.773
1791173280000,120.46,120.5,120.31,120.44,2335.947
1791173340000,120.44,120.52,120.4,120.47,824.642
1791173400000,120.47,120.48,120.36,120.38,1481.5
1791173460000,120.37,120.46,120.36,120.42,2132.232
1791173520000,120.42,120.47,120.4,120.47,501.355
1791173580000,120.48,120.51,120.47,120.48,299.18
1791173640000,120.47,120.52,120.45,120.47,839.471
1791173700000,120.47,120.49,120.43,120.45,882.579
1791173760000,120.45,120.47,120.35,120.45,600.626
1791173820000,120.45,120.48,120.32,120.32,962.941
1791173880000,120.32,120.36,120.27,120.27,2531.718
1791173940000,120.27,120.37,120.24,120.35,1669.258
1791174000000,120.35,120.37,120.27,120.27,517.928
1791174060000,120.27,120.28,120.2,120.23,1363.438
1791174120000,120.24,120.25,120.03,120.19,9367.129
1791174180000,120.19,120.28,120.19,120.28,1167.392
1791174240000,120.29,120.64,120.27,120.47,6234.445
1791174300000,120.47,120.73,120.47,120.6,3102.763
1791174360000,120.59,120.66,120.56,120.61,3226.976
1791174420000,120.62,120.7,120.56,120.61,2622.347
1791174480000,120.62,120.62,120.58,120.59,531.566
1791174540000,120.59,120.6,120.48,120.56,2031.228
1791174600000,120.56,120.63,120.49,120.63,1739.674
1791174660000,120.63,120.65,120.56,120.56,960.299
1791174720000,120.55,120.56,120.12,120.17,8901.122
1791174780000,120.17,120.47,120.13,120.46,2753.168
1791174840000,120.47,120.48,120.34,120.34,483.473
1791174900000,120.33,120.4,120.26,120.26,3114.553
1791174960000,120.26,120.4,120.26,120.36,1220.802
1791175020000,120.35,120.46,120.3,120.41,1114.414
1791175080000,120.4,120.4,120.28,120.29,830.828
1791175140000,120.28,120.29,120.22,120.27,773.665
1791175200000,120.27,120.3,120.24,120.28,719.27
1791175260000,120.29,120.38,120.23,120.38,910.473
1791175320000,120.38,120.43,120.36,120.37,647.837
1791175380000,120.37,120.38,120.36,120.37,213.791
1791175440000,120.37,120.42,120.36,120.4,1489.24
1791175500000,120.4,120.64,120.38,120.63,2367.889
1791175560000,120.63,120.64,120.57,120.64,1601.806
1791175620000,120.64,120.71,120.64,120.68,1680.285
1791175680000,120.69,120.76,120.69,120.75,1336.22
1791175740000,120.74,120.79,120.65,120.65,1704.996
1791175800000,120.65,120.65,120.49,120.49,1075.46
1791175860000,120.5,120.54,120.39,120.5,2223.903
1791175920000,120.5,120.5,120.38,120.38,1009.479
1791175980000,120.38,120.41,120.37,120.39,434.629
1791176040000,120.39,120.47,120.35,120.46,906.558
1791176100000,120.46,120.55,120.45,120.49,371.481
1791176160000,120.49,120.63,120.48,120.54,2835.678
1791176220000,120.55,120.58,120.54,120.58,188.498
1791176280000,120.57,120.57,120.47,120.47,240.337
1791176340000,120.48,120.55,120.48,120.51,973.649
1791176400000,120.5,120.52,120.45,120.48,298.524
1791176460000,120.48,120.48,120.42,120.44,900.985
1791176520000,120.44,120.47,120.34,120.34,3180.627
1791176580000,120.34,120.41,120.33,120.4,645.838
1791176640000,120.39,120.46,120.37,120.45,547.453
1791176700000,120.44,120.6,120.44,120.56,1267.966
1791176760000,120.55,120.56,120.49,120.52,509.219
1791176820000,120.52,120.53,120.47,120.47,324.321
1791176880000,120.47,120.48,120.41,120.44,477.551
1791176940000,120.44,120.5,120.44,120.48,258.593
1791177000000,120.47,120.47,120.41,120.41,794.454
1791177060000,120.4,120.41,120.34,120.35,920.519
1791177120000,120.35,120.41,120.35,120.41,433.631
1791177180000,120.4,120.47,120.4,120.4,433.257
1791177240000,120.41,120.41,120.34,120.35,358.508
1791177300000,120.35,120.37,120.29,120.3,959.987
1791177360000,120.29,120.34,120.28,120.33,641.324
1791177420000,120.34,120.36,120.23,120.23,1567.196
1791177480000,120.24,120.24,120.0,120.03,4675.253
1791177540000,120.02,120.19,120.0,120.18,3514.052
1791177600000,120.18,120.22,120.08,120.09,2655.922
1791177660000,120.09,120.18,120.09,120.16,737.695
1791177720000,120.16,120.2,120.12,120.19,927.633
1791177780000,120.18,120.18,120.1,120.11,1098.48
1791177840000,120.11,120.15,120.06,120.14,1236.194
1791177900000,120.13,120.15,120.08,120.08,762.905
1791177960000,120.09,120.23,120.06,120.15,1618.977
1791178020000,120.15,120.21,120.15,120.19,377.029
1791178080000,120.19,120.2,120.15,120.18,933.459
1791178140000,120.18,120.22,120.18,120.2,622.821
1791178200000,120.2,120.2,120.04,120.07,1558.402
1791178260000,120.08,120.15,120.04,120.05,1439.653
1791178320000,120.06,120.16,120.02,120.09,3049.432
1791178380000,120.09,120.24,120.09,120.2,769.884
1791178440000,120.19,120.3,120.16,120.28,873.856
1791178500000,120.28,120.33,120.25,120.31,1113.906
1791178560000,120.31,120.39,120.31,120.39,351.713
1791178620000,120.39,120.49,120.39,120.46,610.512
1791178680000,120.46,120.47,120.42,120.46,289.486
1791178740000,120.47,120.48,120.39,120.42,2241.408
1791178800000,120.43,120.45,120.38,120.39,289.391
1791178860000,120.39,120.47,120.39,120.46,2510.686
1791178920000,120.46,120.46,120.37,120.38,491.443
1791178980000,120.39,120.48,120.37,120.44,1580.084
1791179040000,120.44,120.55,120.43,120.54,1023.904
1791179100000,120.53,120.55,120.52,120.53,521.834
1791179160000,120.54,120.54,120.45,120.49,238.391
1791179220000,120.48,120.48,120.44,120.45,683.846
1791179280000,120.45,120.45,120.34,120.34,748.102
1791179340000,120.34,120.44,120.34,120.42,186.353
1791179400000,120.43,120.47,120.42,120.43,389.199
1791179460000,120.43,120.47,120.42,120.44,775.654
1791179520000,120.43,120.43,120.33,120.34,373.844
1791179580000,120.33,120.41,120.33,120.38,516.477
1791179640000,120.38,120.4,120.36,120.37,154.249
1791179700000,120.38,120.42,120.36,120.39,167.767
1791179760000,120.38,120.43,120.38,120.43,343.16
1791179820000,120.42,120.44,120.42,120.43,209.337
1791179880000,120.43,120.47,120.43,120.45,292.933
1791179940000,120.44,120.46,120.44,120.45,84.581
1791180000000,120.44,120.59,120.44,120.59,1109.305
1791180060000,120.59,120.73,120.58,120.73,2787.466
1791180120000,120.74,120.87,120.74,120.77,3230.65
1791180180000,120.77,120.89,120.77,120.83,1366.471
1791180240000,120.84,120.86,120.75,120.78,783.505
1791180300000,120.78,120.78,120.69,120.7,711.242
1791180360000,120.69,120.76,120.69,120.72,405.322
1791180420000,120.72,120.76,120.7,120.71,319.925
1791180480000,120.71,120.71,120.66,120.7,290.36
1791180540000,120.69,120.73,120.65,120.72,284.629
1791180600000,120.72,120.77,120.71,120.76,406.374
1791180660000,120.76,120.85,120.76,120.77,357.668
1791180720000,120.78,120.84,120.78,120.81,157.66
1791180780000,120.82,120.86,120.79,120.83,328.515
1791180840000,120.83,120.88,120.83,120.85,622.792
1791180900000,120.86,120.9,120.85,120.88,304.287
1791180960000,120.88,120.97,120.88,120.97,573.482
1791181020000,120.97,121.1,120.96,121.09,1759.142
1791181080000,121.08,121.12,121.07,121.12,1241.116
1791181140000,121.11,121.17,121.03,121.04,1108.748
1791181200000,121.05,121.08,120.96,120.97,2098.654
1791181260000,120.96,121.01,120.89,120.9,652.418
1791181320000,120.9,120.95,120.84,120.94,622.483
1791181380000,120.93,120.94,120.88,120.88,379.825
1791181440000,120.89,121.01,120.86,120.99,742.34
1791181500000,120.99,121.01,120.89,120.97,574.471
1791181560000,120.97,120.99,120.95,120.95,201.008
1791181620000,120.95,120.95,120.89,120.91,359.493
1791181680000,120.91,120.93,120.9,120.91,216.059
1791181740000,120.9,120.9,120.85,120.87,439.319
1791181800000,120.86,120.91,120.83,120.89,171.455
1791181860000,120.88,121.02,120.88,121.01,467.612
1791181920000,121.01,121.04,120.91,120.97,3100.226
1791181980000,120.96,120.96,120.85,120.85,392.12
1791182040000,120.85,120.91,120.85,120.89,323.212
1791182100000,120.89,120.9,120.84,120.85,118.667
1791182160000,120.86,120.91,120.84,120.91,794.858
1791182220000,120.9,120.95,120.89,120.95,2353.147
1791182280000,120.94,120.99,120.93,120.97,1311.559
1791182340000,120.96,120.97,120.92,120.93,291.777
1791182400000,120.92,120.92,120.82,120.83,495.918
1791182460000,120.82,120.91,120.82,120.9,324.53
1791182520000,120.91,120.91,120.88,120.89,201.996
1791182580000,120.88,120.91,120.83,120.86,1393.583
1791182640000,120.87,120.87,120.79,120.81,654.315
1791182700000,120.82,120.86,120.8,120.86,176.26
1791182760000,120.86,120.99,120.85,120.98,384.442
1791182820000,120.99,121.32,120.98,121.31,3944.168
1791182880000,121.3,121.35,121.25,121.26,2560.685
1791182940000,121.27,121.3,121.24,121.25,2233.454
1791183000000,121.26,121.34,121.22,121.22,5344.967
1791183060000,121.23,121.23,121.17,121.17,1076.705
1791183120000,121.18,121.41,121.17,121.38,20958.34
1791183180000,121.39,121.75,121.38,121.7,4139.683
1791183240000,121.69,121.82,121.6,121.61,2600.846
1791183300000,121.61,121.68,121.59,121.59,1253.828
1791183360000,121.59,121.62,121.53,121.53,1044.039
1791183420000,121.54,121.57,121.52,121.54,414.856
1791183480000,121.55,121.6,121.54,121.56,871.413
1791183540000,121.56,121.61,121.49,121.6,2574.103
1791183600000,121.6,121.6,121.43,121.46,6959.149
1791183660000,121.46,121.5,121.43,121.47,485.228
1791183720000,121.47,121.6,121.47,121.59,878.193
1791183780000,121.59,121.62,121.57,121.59,695.641
1791183840000,121.59,121.65,121.58,121.64,543.81
1791183900000,121.64,121.73,121.63,121.71,1964.029
1791183960000,121.71,121.75,121.6,121.64,3001.812
1791184020000,121.65,121.69,121.64,121.68,585.67
1791184080000,121.69,121.81,121.69,121.8,2343.892
1791184140000,121.8,121.86,121.78,121.82,921.938
1791184200000,121.83,121.83,121.56,121.56,3808.992
1791184260000,121.57,121.59,121.56,121.57,793.605
1791184320000,121.56,121.72,121.55,121.7,740.823
1791184380000,121.69,121.69,121.62,121.63,2576.753
1791184440000,121.63,121.64,121.58,121.61,1928.451
1791184500000,121.6,121.64,121.53,121.54,1043.208
1791184560000,121.54,121.67,121.5,121.66,906.885
1791184620000,121.67,121.68,121.58,121.59,1096.732
1791184680000,121.59,121.59,121.47,121.47,1062.561
1791184740000,121.47,121.48,121.4,121.4,493.614
1791184800000,121.41,121.43,121.4,121.4,247.876
1791184860000,121.41,121.44,121.41,121.43,86.12
1791184920000,121.44,121.44,121.4,121.41,377.083
1791184980000,121.41,121.49,121.4,121.4,1107.459
1791185040000,121.4,121.43,121.4,121.42,918.318
1791185100000,121.42,121.51,121.42,121.5,604.853
1791185160000,121.51,121.55,121.5,121.5,1018.89
1791185220000,121.51,121.55,121.48,121.53,1617.902
1791185280000,121.53,121.59,121.53,121.57,471.759
1791185340000,121.56,121.69,121.56,121.64,3091.021
1791185400000,121.65,121.66,121.54,121.55,590.16
1791185460000,121.54,121.66,121.54,121.62,637.072
1791185520000,121.62,121.73,121.61,121.68,1452.456
1791185580000,121.67,121.73,121.67,121.67,1034.626
1791185640000,121.68,121.7,121.63,121.65,618.619
1791185700000,121.64,121.67,121.6,121.65,1196.728
1791185760000,121.66,121.66,121.57,121.62,286.213
1791185820000,121.61,121.62,121.57,121.58,319.833
1791185880000,121.58,121.62,121.55,121.59,822.215
1791185940000,121.58,121.65,121.55,121.65,679.916
1791186000000,121.66,121.68,121.63,121.67,458.702
1791186060000,121.67,121.68,121.65,121.65,314.08
1791186120000,121.66,121.7,121.65,121.69,635.759
1791186180000,121.7,121.77,121.7,121.76,925.197
1791186240000,121.76,121.79,121.75,121.77,1441.335
1791186300000,121.77,121.79,121.7,121.72,2667.984
1791186360000,121.72,121.74,121.65,121.73,2428.645
1791186420000,121.74,121.75,121.68,121.69,3314.926
1791186480000,121.69,121.72,121.6,121.62,1455.729
1791186540000,121.62,121.62,121.57,121.58,940.375
1791186600000,121.58,121.7,121.58,121.61,1858.136
1791186660000,121.61,121.74,121.61,121.72,1824.196
1791186720000,121.73,121.73,121.68,121.68,1575.383
1791186780000,121.68,121.84,121.63,121.84,4519.662
1791186840000,121.83,121.87,121.78,121.78,1037.669
1791186900000,121.78,121.78,121.72,121.73,335.828
1791186960000,121.73,121.73,121.68,121.68,356.381
1791187020000,121.68,121.69,121.67,121.68,354.115
1791187080000,121.68,121.73,121.64,121.64,1200.917
1791187140000,121.64,121.7,121.62,121.69,1467.168
1791187200000,121.69,121.69,121.63,121.64,959.037
1791187260000,121.65,121.68,121.61,121.63,535.318
1791187320000,121.63,121.66,121.61,121.65,292.711
1791187380000,121.64,121.75,121.64,121.74,526.437
1791187440000,121.75,121.79,121.74,121.77,529.35
1791187500000,121.78,121.8,121.76,121.79,344.341
1791187560000,121.8,121.86,121.79,121.83,1260.469
1791187620000,121.83,121.88,121.8,121.8,836.095
1791187680000,121.8,121.9,121.8,121.85,1578.124
1791187740000,121.86,121.95,121.85,121.94,2255.983
1791187800000,121.94,122.05,121.91,122.0,6388.385
1791187860000,121.99,122.08,121.98,122.07,1882.193
1791187920000,122.07,122.08,122.0,122.02,548.934
1791187980000,122.01,122.03,121.97,121.97,2919.675
1791188040000,121.97,122.0,121.97,121.98,601.193
1791188100000,121.98,121.99,121.92,121.93,413.164
1791188160000,121.92,121.99,121.92,121.97,747.8
1791188220000,121.97,121.97,121.9,121.9,296.206
1791188280000,121.9,121.9,121.7,121.7,1673.465
1791188340000,121.71,121.73,121.62,121.73,961.165
1791188400000,121.73,121.73,121.66,121.69,624.216
1791188460000,121.69,121.77,121.69,121.77,1334.091
1791188520000,121.78,121.89,121.77,121.82,969.204
1791188580000,121.82,121.82,121.75,121.77,402.862
1791188640000,121.77,121.77,121.7,121.7,224.498
1791188700000,121.69,121.69,121.61,121.63,624.033
1791188760000,121.64,121.64,121.56,121.62,699.514
1791188820000,121.63,121.68,121.6,121.68,790.053
1791188880000,121.68,121.72,121.67,121.68,353.347
1791188940000,121.68,121.69,121.62,121.69,2756.634
1791189000000,121.69,121.8,121.69,121.72,1465.192
1791189060000,121.71,121.75,121.71,121.74,268.514
1791189120000,121.75,121.77,121.68,121.71,611.866
1791189180000,121.71,121.72,121.66,121.68,1252.632
1791189240000,121.68,121.68,121.5,121.55,1382.296
1791189300000,121.56,121.63,121.56,121.59,630.969
1791189360000,121.6,121.6,121.48,121.48,984.024
1791189420000,121.48,121.5,121.42,121.42,1609.502
1791189480000,121.42,121.54,121.36,121.53,2340.292
1791189540000,121.52,121.58,121.52,121.54,1235.078
1791189600000,121.55,121.56,121.46,121.46,240.118
1791189660000,121.47,121.52,121.46,121.52,627.833
1791189720000,121.52,121.52,121.43,121.43,368.639
