open_time_ms,open,high,low,close,volume
1789391700000,0.3405,0.3408,0.3404,0.3408,1415349.5
1789392600000,0.3408,0.341,0.3406,0.3409,1735873.8
1789393500000,0.3409,0.3412,0.3405,0.3407,1181081.8
1789394400000,0.3407,0.3411,0.3406,0.3411,998149.7
1789395300000,0.3411,0.3412,0.3407,0.3411,1544070.8
1789396200000,0.3411,0.3411,0.3408,0.341,522302.6
1789397100000,0.341,0.3411,0.3407,0.341,1878015.4
1789398000000,0.341,0.341,0.3404,0.3407,1408758.0
1789398900000,0.3407,0.3408,0.3406,0.3408,672126.4
1789399800000,0.3407,0.3408,0.3405,0.3408,829131.8
1789400700000,0.3408,0.3408,0.3397,0.34,3541802.3
1789401600000,0.34,0.3403,0.3397,0.3403,1199065.5
1789402500000,0.3402,0.3409,0.3402,0.3409,2744991.5
1789403400000,0.3409,0.3412,0.3408,0.3412,2267715.5
1789404300000,0.3412,0.3421,0.3411,0.3421,4362605.6
1789405200000,0.3421,0.3421,0.3411,0.3412,2051899.2
1789406100000,0.3411,0.3412,0.3408,0.3408,1329544.9
1789407000000,0.3409,0.341,0.3405,0.3408,1633417.0
1789407900000,0.3409,0.341,0.3406,0.3407,512341.6
1789408800000,0.3407,0.3408,0.3404,0.3404,956260.0
1789409700000,0.3405,0.3406,0.3404,0.3405,376784.4
1789410600000,0.3406,0.3408,0.3404,0.3408,338791.4
1789411500000,0.3408,0.3408,0.3404,0.3405,304449.6
1789412400000,0.3405,0.3411,0.3403,0.3407,4392632.0
1789413300000,0.3407,0.3407,0.3403,0.3403,816805.4
1789414200000,0.3403,0.3405,0.3402,0.3405,781411.8
1789415100000,0.3404,0.3405,0.3403,0.3404,241125.8
1789416000000,0.3404,0.3407,0.3402,0.3406,347156.5
1789416900000,0.3406,0.341,0.3405,0.3407,1463290.9
1789417800000,0.3408,0.3408,0.3405,0.3406,383818.1
1789418700000,0.3406,0.3406,0.34,0.34,2188090.0
1789419600000,0.34,0.34,0.3393,0.3393,4956896.5
1789420500000,0.3393,0.3395,0.3393,0.3393,609929.0
1789421400000,0.3393,0.3394,0.3391,0.3392,1256999.3
1789422300000,0.3392,0.3392,0.339,0.339,749652.6
1789423200000,0.339,0.3393,0.3389,0.3392,1404464.3
1789424100000,0.3391,0.3392,0.3387,0.3387,693916.4
1789425000000,0.3388,0.3388,0.3386,0.3387,630479.5
1789425900000,0.3387,0.3388,0.3385,0.3388,424712.8
1789426800000,0.3387,0.3388,0.3384,0.3385,1479572.4
1789427700000,0.3384,0.3386,0.3384,0.3384,519515.0
1789428600000,0.3384,0.3385,0.3382,0.3382,998611.0
1789429500000,0.3382,0.3383,0.3381,0.3381,625144.9
1789430400000,0.3382,0.3382,0.3375,0.3376,2658569.7
1789431300000,0.3376,0.3379,0.3374,0.3376,1544389.7
1789432200000,0.3376,0.3378,0.3375,0.3375,248868.5
1789433100000,0.3376,0.3377,0.3374,0.3377,352247.7
1789434000000,0.3378,0.3382,0.3375,0.338,1309673.1
1789434900000,0.3381,0.3381,0.3379,0.338,299270.1
1789435800000,0.3379,0.3382,0.3379,0.3382,196887.7
1789436700000,0.3382,0.3382,0.3378,0.3379,278895.4
1789437600000,0.3379,0.3379,0.3376,0.3376,502404.6
1789438500000,0.3377,0.338,0.3376,0.3379,628377.4
1789439400000,0.3378,0.3379,0.3377,0.3379,184025.1
1789440300000,0.3378,0.3379,0.3377,0.3378,283859.1
1789441200000,0.3379,0.3379,0.3377,0.3377,203773.0
1789442100000,0.3378,0.3379,0.3377,0.3377,224331.7
1789443000000,0.3377,0.3378,0.3376,0.3378,390470.3
1789443900000,0.3378,0.3378,0.3377,0.3378,156720.1
1789444800000,0.3378,0.3378,0.3375,0.3376,556606.1
1789445700000,0.3377,0.3381,0.3376,0.3381,708839.4
1789446600000,0.3381,0.3385,0.3381,0.3385,1581138.9
1789447500000,0.3384,0.3385,0.3384,0.3384,175391.3
1789448400000,0.3385,0.3385,0.3378,0.3379,945471.9
1789449300000,0.3378,0.3379,0.3377,0.3378,389426.6
1789450200000,0.3377,0.3378,0.3376,0.3378,782599.5
1789451100000,0.3377,0.3378,0.3376,0.3377,328169.4
1789452000000,0.3377,0.3378,0.3376,0.3377,673149.2
1789452900000,0.3376,0.3377,0.3376,0.3377,196205.3
1789453800000,0.3376,0.3381,0.3376,0.338,473746.3
1789454700000,0.3379,0.338,0.3377,0.3377,374703.9
1789455600000,0.3378,0.3378,0.3376,0.3377,630211.6
1789456500000,0.3376,0.3378,0.3376,0.3376,335413.4
1789457400000,0.3377,0.3382,0.3376,0.3378,1168647.7
1789458300000,0.3379,0.338,0.3376,0.3378,790830.0
1789459200000,0.3378,0.3378,0.3375,0.3376,961950.2
1789460100000,0.3376,0.3379,0.3375,0.3378,534026.8
1789461000000,0.3377,0.3378,0.3376,0.3378,443238.5
1789461900000,0.3378,0.3379,0.3377,0.3378,519910.9
1789462800000,0.3379,0.3381,0.3377,0.338,905440.1
1789463700000,0.3379,0.338,0.3377,0.3379,816103.4
1789464600000,0.338,0.3392,0.3379,0.3391,4853917.5
1789465500000,0.3391,0.3392,0.3385,0.3386,1311506.8
1789466400000,0.3386,0.3388,0.3385,0.3385,416927.9
1789467300000,0.3386,0.3388,0.3384,0.3387,355266.7
1789468200000,0.3387,0.3388,0.3386,0.3388,283565.6
1789469100000,0.3388,0.3388,0.3386,0.3387,590162.6
1789470000000,0.3388,0.3389,0.3385,0.3385,549922.2
1789470900000,0.3385,0.3387,0.3384,0.3387,757605.7
1789471800000,0.3387,0.3387,0.3384,0.3387,308874.3
1789472700000,0.3386,0.3388,0.3385,0.3387,367897.8
1789473600000,0.3387,0.3389,0.3385,0.3386,1288313.0
1789474500000,0.3385,0.3387,0.3383,0.3385,1030717.0
1789475400000,0.3385,0.3385,0.3383,0.3384,312129.0
1789476300000,0.3384,0.3385,0.3383,0.3383,292289.3
1789477200000,0.3384,0.3385,0.3383,0.3384,458760.4
1789478100000,0.3383,0.3386,0.3383,0.3384,703466.8
1789479000000,0.3384,0.3385,0.3377,0.3378,2916070.6
1789479900000,0.3377,0.338,0.3377,0.3379,750134.2
1789480800000,0.3379,0.3379,0.3375,0.3375,1607538.3
1789481700000,0.3375,0.3377,0.3374,0.3375,1001812.3
1789482600000,0.3374,0.3375,0.3369,0.337,3600013.4
1789483500000,0.3369,0.337,0.3365,0.3366,2828672.2
1789484400000,0.3366,0.3369,0.3364,0.3364,1461704.6
1789485300000,0.3365,0.3367,0.3363,0.3363,1726437.3
1789486200000,0.3364,0.3365,0.3362,0.3363,1564144.0
1789487100000,0.3364,0.3364,0.3359,0.336,2324941.1
1789488000000,0.3359,0.336,0.3354,0.3355,3294751.7
1789488900000,0.3354,0.3367,0.3353,0.3366,3041253.1
1789489800000,0.3365,0.3365,0.3359,0.3362,1733261.8
1789490700000,0.3362,0.3362,0.3354,0.3357,1120409.7
1789491600000,0.3357,0.3357,0.3344,0.3344,1929072.3
1789492500000,0.3344,0.3346,0.3343,0.3346,561745.2
1789493400000,0.3346,0.3349,0.3344,0.3345,1443140.3
1789494300000,0.3346,0.3349,0.3345,0.3346,402901.6
1789495200000,0.3346,0.3346,0.3327,0.3327,3306839.2
1789496100000,0.3327,0.3331,0.3326,0.3329,1638407.6
1789497000000,0.3329,0.3329,0.3322,0.3322,2053724.0
1789497900000,0.3323,0.3327,0.3319,0.3327,3420998.5
1789498800000,0.3327,0.3327,0.3324,0.3325,1106180.7
1789499700000,0.3325,0.3328,0.3324,0.3327,738864.2
1789500600000,0.3327,0.333,0.3326,0.3329,846148.8
1789501500000,0.333,0.333,0.3329,0.333,480591.7
1789502400000,0.3329,0.3329,0.3323,0.3324,1219471.1
1789503300000,0.3323,0.3324,0.3322,0.3322,649781.9
1789504200000,0.3322,0.3325,0.3322,0.3322,663974.9
1789505100000,0.3322,0.3325,0.3322,0.3325,692908.1
1789506000000,0.3325,0.3328,0.3322,0.3328,1296532.0
1789506900000,0.3328,0.3328,0.3325,0.3325,158375.7
1789507800000,0.3326,0.3328,0.3325,0.3327,272475.6
1789508700000,0.3328,0.3328,0.3325,0.3325,261773.1
1789509600000,0.3326,0.3328,0.3325,0.3328,262735.7
1789510500000,0.3328,0.3328,0.3325,0.3328,392478.9
1789511400000,0.3327,0.3329,0.3327,0.3329,425248.7
1789512300000,0.3329,0.3332,0.3328,0.3332,1306648.5
1789513200000,0.3331,0.3336,0.3331,0.3336,2231312.5
1789514100000,0.3335,0.3336,0.3333,0.3334,297342.1
1789515000000,0.3334,0.3334,0.3329,0.3331,1093014.6
1789515900000,0.3331,0.3331,0.3329,0.3329,295567.1
1789516800000,0.3329,0.3333,0.3328,0.3332,1117617.4
1789517700000,0.3332,0.3334,0.333,0.3333,528311.9
1789518600000,0.3333,0.3335,0.3332,0.3333,502265.0
1789519500000,0.3332,0.3334,0.3332,0.3333,222609.5
1789520400000,0.3333,0.3334,0.3323,0.3323,3548467.0
1789521300000,0.3323,0.3327,0.3323,0.3326,676100.9
1789522200000,0.3325,0.3327,0.3323,0.3324,764465.6
1789523100000,0.3324,0.3326,0.3323,0.3323,276495.9
1789524000000,0.3324,0.3327,0.3322,0.3327,1105122.6
1789524900000,0.3326,0.333,0.3326,0.3329,1332459.4
1789525800000,0.333,0.3331,0.3329,0.3331,617791.3
1789526700000,0.333,0.3331,0.3329,0.333,265252.3
1789527600000,0.333,0.3332,0.3329,0.3331,1568798.6
1789528500000,0.3332,0.3334,0.3331,0.3333,871504.5
1789529400000,0.3333,0.3334,0.3332,0.3333,371447.3
1789530300000,0.3333,0.3334,0.3331,0.3333,338127.7
1789531200000,0.3333,0.3338,0.3332,0.3338,1584431.1
1789532100000,0.3337,0.3341,0.3337,0.334,781134.7
1789533000000,0.3341,0.3344,0.334,0.3344,1082371.3
1789533900000,0.3343,0.3344,0.3342,0.3344,326843.0
1789534800000,0.3344,0.3348,0.3343,0.3348,1666040.7
1789535700000,0.3347,0.3352,0.3347,0.3352,1954366.2
1789536600000,0.3352,0.3352,0.3344,0.3346,1704688.6
1789537500000,0.3346,0.3348,0.3345,0.3345,704607.0
1789538400000,0.3346,0.3346,0.3343,0.3345,275770.5
1789539300000,0.3345,0.3349,0.3344,0.3349,823912.7
1789540200000,0.3348,0.3351,0.3348,0.3351,931788.8
1789541100000,0.3351,0.3353,0.335,0.3353,1283594.3
1789542000000,0.3352,0.3354,0.3347,0.3348,782761.4
1789542900000,0.3348,0.335,0.3348,0.335,184240.8
1789543800000,0.3349,0.3351,0.3349,0.3349,681693.9
1789544700000,0.335,0.3351,0.3349,0.3351,309084.5
1789545600000,0.3351,0.3352,0.3349,0.3352,749251.4
1789546500000,0.3351,0.3353,0.335,0.3353,1017978.0
1789547400000,0.3353,0.3353,0.3347,0.335,1159183.8
1789548300000,0.3349,0.3351,0.3345,0.3346,1620145.6
1789549200000,0.3347,0.335,0.3346,0.3348,578995.5
1789550100000,0.3348,0.335,0.3348,0.3349,297108.0
1789551000000,0.3349,0.3351,0.3349,0.3351,517709.6
1789551900000,0.3351,0.3351,0.335,0.3351,385532.9
1789552800000,0.335,0.3351,0.3347,0.3348,668811.8
1789553700000,0.3348,0.3351,0.3343,0.3345,3166051.7
1789554600000,0.3346,0.3349,0.3345,0.3348,1217952.7
1789555500000,0.3348,0.335,0.3348,0.335,559343.5
1789556400000,0.3349,0.3351,0.3348,0.335,738543.8
1789557300000,0.3349,0.3352,0.3348,0.3352,791302.9
1789558200000,0.3352,0.3354,0.3351,0.3354,1132910.9
1789559100000,0.3353,0.3354,0.3351,0.3354,547395.5
1789560000000,0.3354,0.3354,0.3348,0.3349,1159191.4
1789560900000,0.3349,0.3349,0.3347,0.3348,807910.2
1789561800000,0.3347,0.3351,0.3347,0.335,320087.3
1789562700000,0.3349,0.3351,0.3349,0.3351,258055.3
1789563600000,0.3351,0.3351,0.3347,0.335,390271.9
1789564500000,0.335,0.3351,0.3349,0.3351,284775.9
1789565400000,0.335,0.3352,0.3347,0.3348,1094384.3
1789566300000,0.3347,0.3349,0.3347,0.3347,561090.5
1789567200000,0.3348,0.3348,0.3346,0.3347,589974.7
1789568100000,0.3346,0.3349,0.3345,0.3349,1491674.4
1789569000000,0.3348,0.3349,0.3346,0.3349,383197.9
1789569900000,0.3349,0.3349,0.3347,0.3348,288097.4
1789570800000,0.3347,0.3352,0.3347,0.3352,1045045.7
1789571700000,0.3351,0.3352,0.335,0.3352,347592.9
1789572600000,0.3351,0.3355,0.335,0.3354,1577233.9
1789573500000,0.3355,0.3359,0.3354,0.3357,2304423.3
1789574400000,0.3358,0.3362,0.3357,0.3361,1266744.3
1789575300000,0.3362,0.3362,0.3358,0.336,920882.0
1789576200000,0.336,0.3361,0.3358,0.336,632243.5
1789577100000,0.3359,0.3361,0.3359,0.336,507677.3
1789578000000,0.336,0.3361,0.3358,0.3359,239790.8
1789578900000,0.3359,0.336,0.3358,0.336,271510.7
1789579800000,0.336,0.336,0.3354,0.3355,1624211.4
1789580700000,0.3354,0.3355,0.3351,0.3353,1258483.5
1789581600000,0.3353,0.3359,0.335,0.3354,3065683.0
1789582500000,0.3354,0.3357,0.3353,0.3356,413383.5
1789583400000,0.3357,0.3357,0.3349,0.3356,2561468.7
1789584300000,0.3356,0.3356,0.3353,0.3355,411602.3
1789585200000,0.3355,0.3358,0.3355,0.3357,1392644.3
1789586100000,0.3357,0.3358,0.3352,0.3353,790874.5
1789587000000,0.3354,0.3357,0.3353,0.3357,779471.7
1789587900000,0.3357,0.3358,0.3356,0.3357,631914.0
1789588800000,0.3357,0.3358,0.3356,0.3358,514523.1
1789589700000,0.3358,0.3358,0.3355,0.3358,303393.1
1789590600000,0.3358,0.3358,0.3356,0.3357,213104.9
1789591500000,0.3357,0.336,0.3356,0.3359,348433.7
1789592400000,0.336,0.3362,0.3359,0.3361,645515.7
1789593300000,0.3361,0.3361,0.3359,0.3361,303306.5
1789594200000,0.3361,0.3361,0.3359,0.3359,355935.8
1789595100000,0.336,0.3363,0.3359,0.3362,1007133.8
1789596000000,0.3363,0.3363,0.3357,0.3361,772339.7
1789596900000,0.3361,0.3362,0.3352,0.3354,4189860.2
1789597800000,0.3355,0.3355,0.3353,0.3354,210529.3
1789598700000,0.3354,0.3354,0.3353,0.3354,100041.2
1789599600000,0.3353,0.3354,0.3352,0.3353,117695.9
1789600500000,0.3353,0.3353,0.3352,0.3352,164544.6
1789601400000,0.3353,0.3357,0.3352,0.3357,1178595.4
1789602300000,0.3358,0.3358,0.3355,0.3356,222306.7
1789603200000,0.3356,0.3359,0.3356,0.3358,1035169.7
1789604100000,0.3358,0.336,0.3357,0.3358,606150.7
1789605000000,0.3359,0.336,0.3358,0.3359,242417.9
1789605900000,0.3359,0.336,0.3358,0.336,193391.0
1789606800000,0.336,0.336,0.3359,0.336,150097.2
1789607700000,0.336,0.3361,0.3359,0.3361,1171964.9
1789608600000,0.336,0.3361,0.3359,0.336,366046.3
1789609500000,0.336,0.336,0.3357,0.3359,253692.0
1789610400000,0.3359,0.3359,0.3357,0.3359,143066.3
1789611300000,0.3359,0.3361,0.3358,0.3361,279846.5
1789612200000,0.3361,0.3362,0.3358,0.3358,526682.7
1789613100000,0.3359,0.336,0.3358,0.3359,119485.1
1789614000000,0.3358,0.336,0.3357,0.3358,438498.3
1789614900000,0.3358,0.336,0.3358,0.336,194535.1
1789615800000,0.336,0.336,0.3359,0.3359,121293.5
1789616700000,0.3359,0.3362,0.3358,0.3362,232644.1
1789617600000,0.3362,0.3362,0.3358,0.3359,193943.8
1789618500000,0.3358,0.336,0.3358,0.3358,176868.9
1789619400000,0.3359,0.3359,0.3357,0.3358,221653.1
1789620300000,0.3358,0.3359,0.3357,0.3358,159536.7
1789621200000,0.3357,0.3358,0.3356,0.3358,646517.6
1789622100000,0.3358,0.3359,0.3356,0.3357,311633.7
1789623000000,0.3357,0.3358,0.3355,0.3356,202643.8
1789623900000,0.3356,0.3356,0.3355,0.3356,452551.9
1789624800000,0.3355,0.3358,0.3355,0.3358,278014.0
1789625700000,0.3358,0.3359,0.3356,0.3357,335318.1
1789626600000,0.3357,0.3357,0.3355,0.3356,233851.6
1789627500000,0.3356,0.3356,0.3355,0.3355,194768.5
1789628400000,0.3356,0.3358,0.3355,0.3355,307030.6
1789629300000,0.3356,0.3356,0.3354,0.3355,229346.0
1789630200000,0.3355,0.3355,0.3353,0.3355,225827.1
1789631100000,0.3354,0.3355,0.3353,0.3354,241832.8
1789632000000,0.3354,0.3354,0.3353,0.3354,423750.9
1789632900000,0.3353,0.3354,0.3352,0.3354,627508.5
1789633800000,0.3353,0.3355,0.3353,0.3354,304448.6
1789634700000,0.3354,0.3355,0.3352,0.3352,427043.4
1789635600000,0.3353,0.3353,0.3351,0.3352,1129774.4
1789636500000,0.3351,0.3352,0.3349,0.3352,1591967.7
1789637400000,0.3352,0.3353,0.3351,0.3351,206640.6
1789638300000,0.3352,0.3352,0.3351,0.3352,253669.7
1789639200000,0.3351,0.3352,0.3349,0.335,767808.1
1789640100000,0.3349,0.3353,0.3349,0.3352,435721.6
1789641000000,0.3351,0.3353,0.3349,0.3349,560921.0
1789641900000,0.335,0.335,0.3348,0.335,296532.5
1789642800000,0.3349,0.335,0.3346,0.3346,407161.3
1789643700000,0.3347,0.3347,0.3345,0.3346,390621.0
1789644600000,0.3346,0.3346,0.3345,0.3345,646337.0
1789645500000,0.3345,0.3346,0.3345,0.3346,247121.4
1789646400000,0.3345,0.3349,0.3345,0.3349,524666.4
1789647300000,0.3349,0.3351,0.3348,0.335,854160.7
1789648200000,0.3349,0.335,0.3346,0.3347,569915.5
1789649100000,0.3347,0.3348,0.3346,0.3347,435940.1
1789650000000,0.3347,0.3351,0.3346,0.3351,473587.2
1789650900000,0.3351,0.3351,0.3348,0.335,473394.3
1789651800000,0.335,0.335,0.3345,0.3346,2106874.6
1789652700000,0.3346,0.3347,0.3345,0.3346,511161.7
1789653600000,0.3346,0.3347,0.3342,0.3346,2517606.1
1789654500000,0.3347,0.3347,0.3345,0.3347,455925.1
1789655400000,0.3347,0.3348,0.3345,0.3347,561169.7
1789656300000,0.3347,0.3348,0.3344,0.3346,709776.6
1789657200000,0.3345,0.3346,0.3344,0.3345,463366.4
1789658100000,0.3345,0.3345,0.3343,0.3345,417349.6
1789659000000,0.3345,0.3346,0.3344,0.3346,526953.6
1789659900000,0.3345,0.3346,0.3342,0.3343,805380.6
1789660800000,0.3343,0.3344,0.3342,0.3344,698524.5
1789661700000,0.3344,0.3344,0.3342,0.3343,381145.4
1789662600000,0.3343,0.3343,0.3341,0.3342,399328.7
1789663500000,0.3342,0.3343,0.3341,0.3341,476968.3
1789664400000,0.3342,0.3342,0.334,0.3341,738821.4
1789665300000,0.334,0.3342,0.334,0.3341,528314.3
1789666200000,0.334,0.3343,0.334,0.3341,816617.2
1789667100000,0.3342,0.3342,0.3339,0.334,440657.3
1789668000000,0.3339,0.3341,0.3338,0.3339,1406616.3
1789668900000,0.3338,0.3339,0.3337,0.3338,571005.2
1789669800000,0.3337,0.3338,0.3337,0.3337,523528.9
1789670700000,0.3338,0.334,0.3337,0.3339,758182.7
1789671600000,0.3339,0.3339,0.3336,0.3338,1030028.7
1789672500000,0.3338,0.3342,0.3338,0.3342,796142.3
1789673400000,0.3342,0.335,0.3341,0.335,3612585.5
1789674300000,0.335,0.3352,0.335,0.3351,823561.6
1789675200000,0.3352,0.3354,0.335,0.3354,1502164.6
1789676100000,0.3354,0.3355,0.3352,0.3355,376752.2
1789677000000,0.3355,0.3355,0.3351,0.3352,319024.9
1789677900000,0.3353,0.3353,0.3351,0.3352,189478.5
1789678800000,0.3352,0.3353,0.3351,0.3352,204157.0
1789679700000,0.3352,0.3352,0.335,0.335,259822.4
1789680600000,0.3351,0.3352,0.335,0.3351,519918.3
1789681500000,0.3351,0.3351,0.3349,0.3349,236903.8
1789682400000,0.3349,0.335,0.3346,0.3346,1002656.4
1789683300000,0.3346,0.3347,0.3345,0.3346,301542.5
1789684200000,0.3346,0.3349,0.3345,0.3348,508549.5
1789685100000,0.3349,0.3349,0.3347,0.3348,151338.8
1789686000000,0.3348,0.3348,0.3345,0.3345,173858.4
1789686900000,0.3346,0.335,0.3345,0.3349,444106.4
1789687800000,0.3349,0.335,0.3345,0.335,563540.5
1789688700000,0.335,0.335,0.3348,0.335,224014.4
1789689600000,0.335,0.3351,0.3348,0.3351,233771.6
1789690500000,0.335,0.3352,0.3347,0.3347,403453.8
1789691400000,0.3347,0.3349,0.3347,0.3349,126473.0
1789692300000,0.3349,0.3351,0.3348,0.335,168779.0
1789693200000,0.335,0.3352,0.335,0.335,569182.5
1789694100000,0.3351,0.3352,0.335,0.3352,171682.2
1789695000000,0.3351,0.3353,0.3351,0.3353,493613.6
1789695900000,0.3352,0.3354,0.3352,0.3354,562169.5
1789696800000,0.3354,0.3359,0.3353,0.3359,2598589.8
1789697700000,0.3359,0.336,0.3357,0.3358,730675.8
1789698600000,0.3358,0.336,0.3357,0.3358,265374.6
1789699500000,0.3358,0.336,0.3357,0.3358,165016.8
1789700400000,0.3358,0.3361,0.3358,0.3361,854437.5
1789701300000,0.3361,0.3362,0.3359,0.336,1177988.1
1789702200000,0.336,0.3362,0.3359,0.3361,261246.2
1789703100000,0.3361,0.3364,0.336,0.3363,1242947.3
1789704000000,0.3363,0.3365,0.3361,0.3362,668799.7
1789704900000,0.3361,0.3363,0.336,0.3362,182346.8
1789705800000,0.3361,0.3362,0.336,0.3362,392004.4
1789706700000,0.3361,0.3362,0.3359,0.336,366344.1
1789707600000,0.336,0.3362,0.3359,0.3361,353634.0
1789708500000,0.3362,0.3362,0.3359,0.3361,303978.2
1789709400000,0.3361,0.3361,0.3359,0.3361,376576.7
1789710300000,0.336,0.3361,0.3359,0.3361,200434.7
1789711200000,0.3361,0.3361,0.3359,0.336,293398.1
1789712100000,0.3361,0.3362,0.3359,0.336,490296.1
1789713000000,0.3361,0.3362,0.336,0.3361,273882.9
1789713900000,0.3361,0.3362,0.336,0.3361,515915.4
1789714800000,0.3362,0.3363,0.336,0.3363,258648.7
1789715700000,0.3363,0.3366,0.3361,0.3364,1736840.8
1789716600000,0.3364,0.3366,0.3364,0.3366,479916.0
1789717500000,0.3366,0.3366,0.3365,0.3366,501031.6
1789718400000,0.3366,0.3367,0.3363,0.3365,354121.6
1789719300000,0.3365,0.3367,0.3364,0.3367,435195.4
1789720200000,0.3367,0.337,0.3366,0.337,2629173.1
1789721100000,0.337,0.337,0.3367,0.3369,689565.7
1789722000000,0.3368,0.3371,0.3368,0.3371,1127160.6
1789722900000,0.337,0.3371,0.3369,0.3371,546967.0
1789723800000,0.337,0.3371,0.3368,0.3371,434236.5
1789724700000,0.3371,0.3371,0.3369,0.337,318581.1
1789725600000,0.3371,0.3372,0.3369,0.337,632065.0
1789726500000,0.337,0.3372,0.3369,0.3371,453400.7
1789727400000,0.3371,0.3377,0.337,0.3375,2388734.5
1789728300000,0.3375,0.3377,0.3374,0.3375,375118.8
1789729200000,0.3375,0.3377,0.3373,0.3375,578038.5
1789730100000,0.3374,0.3376,0.3373,0.3375,526115.7
1789731000000,0.3375,0.3377,0.3374,0.3377,408003.1
1789731900000,0.3376,0.3378,0.3376,0.3377,496183.2
1789732800000,0.3378,0.3379,0.3377,0.3379,911045.2
1789733700000,0.3379,0.3381,0.3377,0.3381,1143400.6
1789734600000,0.3381,0.3382,0.3377,0.3379,1295604.5
1789735500000,0.3379,0.338,0.3378,0.338,348993.1
1789736400000,0.3379,0.3382,0.3379,0.3382,1034103.2
1789737300000,0.3382,0.3384,0.3381,0.3384,1369766.5
1789738200000,0.3383,0.3387,0.3382,0.3387,2721255.6
1789739100000,0.3387,0.3391,0.3386,0.3391,2609093.8
1789740000000,0.3391,0.3394,0.339,0.3394,2467507.9
1789740900000,0.3394,0.3396,0.3393,0.3395,1215716.1
1789741800000,0.3394,0.3395,0.3392,0.3393,670044.1
1789742700000,0.3392,0.3393,0.3391,0.3393,914571.0
1789743600000,0.3393,0.3394,0.339,0.3392,870339.6
1789744500000,0.3391,0.3395,0.3391,0.3395,896976.8
1789745400000,0.3394,0.3396,0.3392,0.3392,613758.3
1789746300000,0.3393,0.3396,0.3392,0.3396,316488.9
1789747200000,0.3396,0.3399,0.3395,0.3397,1647372.8
1789748100000,0.3398,0.3399,0.3396,0.3398,338430.5
1789749000000,0.3398,0.3399,0.3396,0.3397,443080.2
1789749900000,0.3396,0.3397,0.3389,0.339,2616464.6
1789750800000,0.3391,0.3391,0.3385,0.3386,2066839.3
1789751700000,0.3387,0.3387,0.3381,0.3385,1590404.6
1789752600000,0.3384,0.3386,0.3382,0.3384,1088301.3
1789753500000,0.3384,0.3385,0.3382,0.3385,1699660.4
1789754400000,0.3384,0.3385,0.338,0.3382,2687078.3
1789755300000,0.3381,0.3383,0.338,0.3381,2165111.9
1789756200000,0.3382,0.3383,0.338,0.3382,1508462.4
1789757100000,0.3382,0.3384,0.3381,0.3384,169340.7
1789758000000,0.3383,0.3385,0.3383,0.3385,217948.0
1789758900000,0.3385,0.3387,0.3384,0.3385,1039369.1
1789759800000,0.3385,0.3388,0.3382,0.3387,1052048.3
1789760700000,0.3387,0.3389,0.3384,0.3388,702662.1
1789761600000,0.3388,0.3388,0.3384,0.3385,1244268.5
1789762500000,0.3385,0.3385,0.3383,0.3384,443329.5
1789763400000,0.3384,0.3387,0.3383,0.3387,297289.1
1789764300000,0.3387,0.3389,0.3385,0.3386,873283.4
1789765200000,0.3385,0.3388,0.3385,0.3387,791406.2
1789766100000,0.3387,0.3387,0.3384,0.3386,586321.3
1789767000000,0.3386,0.3387,0.3384,0.3385,332987.9
1789767900000,0.3385,0.3387,0.3384,0.3387,451059.7
1789768800000,0.3387,0.3388,0.3385,0.3387,449625.4
1789769700000,0.3387,0.3387,0.3384,0.3384,582350.7
1789770600000,0.3384,0.3385,0.3384,0.3384,345603.5
1789771500000,0.3384,0.3386,0.3384,0.3385,427024.0
1789772400000,0.3384,0.3387,0.3384,0.3385,443623.6
1789773300000,0.3386,0.3386,0.3383,0.3385,471717.6
1789774200000,0.3385,0.3386,0.3384,0.3385,436679.8
1789775100000,0.3385,0.3385,0.3383,0.3383,379041.9
1789776000000,0.3384,0.3384,0.3382,0.3383,829299.5
1789776900000,0.3383,0.3386,0.3382,0.3382,453193.6
1789777800000,0.3383,0.3386,0.3382,0.3385,407232.2
1789778700000,0.3385,0.3386,0.3383,0.3385,380697.6
1789779600000,0.3384,0.3386,0.3382,0.3383,184777.0
1789780500000,0.3382,0.3383,0.3381,0.3381,891831.0
1789781400000,0.3382,0.3384,0.338,0.3383,614644.9
1789782300000,0.3383,0.3385,0.3382,0.3384,523176.8
1789783200000,0.3385,0.3385,0.3383,0.3385,407537.1
1789784100000,0.3385,0.3386,0.3382,0.3386,611690.7
1789785000000,0.3386,0.339,0.3385,0.339,2023254.0
1789785900000,0.339,0.3391,0.3388,0.3391,1008370.1
1789786800000,0.3391,0.3391,0.3386,0.3387,1207849.1
1789787700000,0.3387,0.339,0.3385,0.3388,1909308.2
1789788600000,0.3388,0.339,0.3388,0.3389,1746048.2
1789789500000,0.339,0.339,0.3386,0.3388,807537.7
1789790400000,0.3387,0.3389,0.3386,0.3388,1755262.0
1789791300000,0.3387,0.3389,0.3383,0.3384,1518549.0
1789792200000,0.3384,0.3384,0.3382,0.3383,1925151.2
1789793100000,0.3383,0.3384,0.3382,0.3383,683889.6
1789794000000,0.3383,0.3385,0.3382,0.3383,477316.4
1789794900000,0.3383,0.3385,0.3381,0.3383,1620955.3
1789795800000,0.3382,0.3383,0.3381,0.3381,1399714.6
1789796700000,0.3382,0.3382,0.3377,0.3378,2308160.2
1789797600000,0.3378,0.3378,0.3375,0.3375,1757559.4
1789798500000,0.3376,0.3379,0.3374,0.3377,1669694.3
1789799400000,0.3377,0.3378,0.3376,0.3378,569237.8
1789800300000,0.3378,0.3379,0.3375,0.3379,597615.8
1789801200000,0.3379,0.3379,0.3377,0.3379,141417.0
1789802100000,0.3379,0.3379,0.3377,0.3379,459130.7
1789803000000,0.3379,0.3379,0.3376,0.3378,480963.3
1789803900000,0.3378,0.338,0.3377,0.3378,1253087.4
1789804800000,0.3379,0.338,0.3377,0.338,431925.4
1789805700000,0.338,0.338,0.3379,0.338,460597.8
1789806600000,0.3379,0.3383,0.3379,0.3382,1562957.0
1789807500000,0.3382,0.3382,0.3381,0.3382,338937.0
1789808400000,0.3382,0.3384,0.3381,0.3382,601588.1
1789809300000,0.3381,0.3382,0.338,0.3381,429445.6
1789810200000,0.3381,0.3381,0.3375,0.3375,731762.0
1789811100000,0.3376,0.3376,0.3371,0.3371,1681113.9
1789812000000,0.3372,0.3378,0.3371,0.3375,834895.8
1789812900000,0.3375,0.3377,0.3375,0.3377,447504.3
1789813800000,0.3377,0.3377,0.3374,0.3375,657580.4
1789814700000,0.3375,0.3378,0.3374,0.3377,706358.4
1789815600000,0.3376,0.3379,0.3376,0.3378,412707.0
1789816500000,0.3378,0.3379,0.3377,0.3379,277972.6
1789817400000,0.3379,0.3379,0.3378,0.3379,237222.1
1789818300000,0.3379,0.338,0.3378,0.338,616619.1
1789819200000,0.338,0.3381,0.3379,0.3381,318861.2
1789820100000,0.3381,0.3383,0.3379,0.3383,1171382.6
1789821000000,0.3383,0.3383,0.3381,0.3382,261627.9
1789821900000,0.3383,0.3383,0.3381,0.3382,504145.3
1789822800000,0.3382,0.3383,0.3379,0.338,553378.3
1789823700000,0.338,0.3381,0.3379,0.3379,384451.4
1789824600000,0.3379,0.338,0.3377,0.3378,1189789.1
1789825500000,0.3378,0.3381,0.3377,0.3379,297768.2
1789826400000,0.3379,0.3382,0.3379,0.3381,568827.6
1789827300000,0.3381,0.3382,0.3378,0.3379,611752.7
1789828200000,0.3378,0.338,0.3378,0.3379,365094.0
1789829100000,0.3379,0.338,0.3378,0.3379,114836.5
1789830000000,0.3379,0.3382,0.3378,0.3381,422507.4
1789830900000,0.3381,0.3382,0.3379,0.3381,435809.5
1789831800000,0.3381,0.3382,0.3379,0.3382,260136.7
1789832700000,0.3381,0.3382,0.3379,0.3381,353539.0
1789833600000,0.3381,0.3383,0.338,0.3383,989290.7
1789834500000,0.3383,0.339,0.3382,0.3388,2788320.5
1789835400000,0.3388,0.3393,0.3387,0.3392,1288540.1
1789836300000,0.3392,0.3393,0.3391,0.3393,196069.8
1789837200000,0.3393,0.3397,0.3391,0.3393,2078279.1
1789838100000,0.3394,0.3394,0.339,0.339,661472.0
1789839000000,0.3391,0.3391,0.3388,0.3389,983935.7
1789839900000,0.3389,0.339,0.3388,0.339,242938.2
1789840800000,0.3389,0.3393,0.3388,0.3389,960918.9
1789841700000,0.339,0.3392,0.3388,0.3389,304523.5
1789842600000,0.3388,0.3392,0.3388,0.3392,512405.9
1789843500000,0.3392,0.3392,0.3388,0.3389,417702.7
1789844400000,0.339,0.3392,0.3389,0.3391,290211.2
1789845300000,0.3392,0.3395,0.3391,0.3394,868639.4
1789846200000,0.3395,0.3395,0.3393,0.3393,254310.5
1789847100000,0.3394,0.3395,0.3393,0.3395,147113.9
1789848000000,0.3394,0.3395,0.3393,0.3393,109769.9
1789848900000,0.3394,0.3394,0.3391,0.3392,354268.9
1789849800000,0.3393,0.3395,0.3392,0.3395,421571.7
1789850700000,0.3395,0.3395,0.3391,0.3394,274974.7
1789851600000,0.3394,0.3395,0.3392,0.3393,532930.7
1789852500000,0.3393,0.3395,0.3391,0.3394,450664.2
1789853400000,0.3395,0.3395,0.3391,0.3392,414730.9
1789854300000,0.3392,0.3398,0.3392,0.3398,1452020.3
1789855200000,0.3398,0.3399,0.3394,0.3397,1999358.3
1789856100000,0.3396,0.3399,0.3396,0.3398,924003.8
1789857000000,0.3399,0.3402,0.3397,0.3401,1328532.7
1789857900000,0.3402,0.3404,0.34,0.3404,1318538.0
1789858800000,0.3404,0.3408,0.3401,0.3401,2512936.7
1789859700000,0.3402,0.3402,0.3397,0.3398,685790.5
1789860600000,0.3397,0.34,0.3397,0.34,189690.8
1789861500000,0.34,0.34,0.3397,0.3399,178727.1
1789862400000,0.3399,0.3401,0.3398,0.34,600191.2
1789863300000,0.3399,0.3401,0.3398,0.34,292190.8
1789864200000,0.3399,0.3401,0.3398,0.34,218923.3
1789865100000,0.34,0.3401,0.3398,0.3398,283723.5
1789866000000,0.3399,0.3402,0.3399,0.34,854993.3
1789866900000,0.34,0.3403,0.3398,0.3399,753556.9
1789867800000,0.3399,0.3401,0.3398,0.3401,209459.5
1789868700000,0.34,0.3403,0.3399,0.3403,165905.6
1789869600000,0.3403,0.3408,0.3401,0.3408,2666870.7
1789870500000,0.3408,0.3408,0.3404,0.3405,288938.5
1789871400000,0.3404,0.3405,0.3399,0.3399,1848189.8
1789872300000,0.3399,0.3402,0.3391,0.3392,3888746.8
1789873200000,0.3392,0.3397,0.3391,0.3394,976276.5
1789874100000,0.3394,0.3401,0.3393,0.3396,2098747.7
1789875000000,0.3397,0.3399,0.3396,0.3399,223358.3
1789875900000,0.3399,0.34,0.3398,0.3399,553421.6
1789876800000,0.34,0.3401,0.3396,0.3397,852100.7
1789877700000,0.3398,0.34,0.3396,0.34,306307.2
1789878600000,0.34,0.3402,0.3399,0.3402,699112.5
1789879500000,0.3401,0.3402,0.34,0.3401,220973.4
1789880400000,0.3402,0.3403,0.3399,0.3402,623576.5
1789881300000,0.3402,0.3403,0.34,0.3402,169639.0
1789882200000,0.3403,0.3404,0.3402,0.3404,786577.6
1789883100000,0.3404,0.3404,0.3402,0.3404,339864.1
1789884000000,0.3404,0.3405,0.3402,0.3404,1135668.2
1789884900000,0.3405,0.3406,0.3401,0.3401,1018400.9
1789885800000,0.3402,0.3403,0.34,0.3401,490348.4
1789886700000,0.3401,0.3403,0.34,0.34,206090.9
1789887600000,0.3401,0.3406,0.3401,0.3406,584981.2
1789888500000,0.3406,0.3409,0.3406,0.3408,1077917.2
1789889400000,0.3409,0.3413,0.3406,0.3412,2394521.8
1789890300000,0.3413,0.3418,0.3412,0.3418,1795724.6
1789891200000,0.3418,0.3427,0.3417,0.3427,4554996.1
1789892100000,0.3427,0.3427,0.3416,0.3417,1307410.6
1789893000000,0.3417,0.3419,0.3415,0.3415,778543.1
1789893900000,0.3416,0.3416,0.3414,0.3416,1044707.9
1789894800000,0.3415,0.3418,0.3414,0.3416,1073226.4
1789895700000,0.3415,0.3418,0.3414,0.3417,1181033.6
1789896600000,0.3417,0.3419,0.3416,0.3419,708141.1
1789897500000,0.3419,0.3419,0.3418,0.3419,247442.0
1789898400000,0.3418,0.3424,0.3418,0.3424,2434138.2
1789899300000,0.3424,0.3427,0.3423,0.3426,1213303.5
1789900200000,0.3426,0.3427,0.3424,0.3426,366799.5
1789901100000,0.3426,0.343,0.3424,0.3425,1846696.7
1789902000000,0.3425,0.3428,0.3424,0.3424,339297.0
1789902900000,0.3425,0.3426,0.3421,0.3423,1172747.8
1789903800000,0.3423,0.3424,0.3422,0.3423,210827.9
1789904700000,0.3424,0.3426,0.3422,0.3426,281015.8
1789905600000,0.3426,0.3427,0.3425,0.3426,659978.2
1789906500000,0.3426,0.3428,0.3426,0.3427,338836.3
1789907400000,0.3427,0.3428,0.3426,0.3428,269149.9
1789908300000,0.3428,0.3429,0.3427,0.3427,733175.6
1789909200000,0.3428,0.3429,0.3425,0.3426,284097.3
1789910100000,0.3426,0.3426,0.3421,0.3422,1540548.9
1789911000000,0.3422,0.3458,0.3422,0.3458,4573380.5
1789911900000,0.3458,0.347,0.3458,0.3466,6231818.3
1789912800000,0.3466,0.3471,0.3462,0.3463,3890304.4
1789913700000,0.3463,0.3464,0.3457,0.3457,3255422.6
1789914600000,0.3458,0.3458,0.3453,0.3454,3033319.5
1789915500000,0.3453,0.3453,0.3445,0.3447,4768231.2
1789916400000,0.3447,0.3451,0.3446,0.3448,1552351.8
1789917300000,0.3449,0.3449,0.3444,0.3445,1588653.1
1789918200000,0.3445,0.3447,0.3444,0.3446,768898.0
1789919100000,0.3446,0.3447,0.3444,0.3446,442301.9
1789920000000,0.3446,0.3448,0.3444,0.3446,624231.1
1789920900000,0.3446,0.3446,0.3443,0.3445,930672.3
1789921800000,0.3445,0.3448,0.3441,0.3442,2156991.1
1789922700000,0.3442,0.3442,0.3441,0.3441,1038173.2
1789923600000,0.3442,0.3443,0.3439,0.3442,1711241.2
1789924500000,0.3442,0.3442,0.3434,0.3434,1066165.0
1789925400000,0.3434,0.3437,0.3434,0.3436,349139.2
1789926300000,0.3436,0.3437,0.3434,0.3435,567519.8
1789927200000,0.3434,0.3437,0.3433,0.3436,338983.1
1789928100000,0.3437,0.3438,0.3436,0.3436,250740.3
1789929000000,0.3436,0.3438,0.3433,0.3434,228865.4
1789929900000,0.3434,0.3438,0.3434,0.3437,644844.3
1789930800000,0.3436,0.3438,0.3435,0.3436,343699.3
1789931700000,0.3436,0.3436,0.3432,0.3433,604030.9
1789932600000,0.3432,0.3434,0.3432,0.3434,400297.0
1789933500000,0.3433,0.3434,0.3431,0.3432,746259.6
1789934400000,0.3432,0.3433,0.343,0.3431,881799.9
1789935300000,0.3431,0.3432,0.343,0.343,464744.9
1789936200000,0.343,0.3431,0.343,0.3431,183236.2
1789937100000,0.3431,0.3432,0.343,0.343,235163.5
1789938000000,0.343,0.3431,0.3427,0.3429,1917010.2
1789938900000,0.3429,0.343,0.3427,0.3428,235262.0
1789939800000,0.3427,0.3428,0.3427,0.3428,659902.5
1789940700000,0.3427,0.3429,0.3427,0.3429,468459.0
1789941600000,0.3429,0.3431,0.3428,0.343,415742.5
1789942500000,0.343,0.343,0.3428,0.3428,176538.7
1789943400000,0.3429,0.3429,0.3427,0.3428,183691.3
1789944300000,0.3428,0.3428,0.3427,0.3428,194400.8
1789945200000,0.3428,0.3429,0.3426,0.3428,403781.5
1789946100000,0.3427,0.3428,0.3426,0.3426,406036.3
1789947000000,0.3426,0.3427,0.3426,0.3426,270371.9
1789947900000,0.3427,0.3427,0.3426,0.3427,483225.4
1789948800000,0.3426,0.3433,0.3426,0.3433,1439537.9
1789949700000,0.3433,0.3436,0.343,0.3435,1124128.1
1789950600000,0.3436,0.3436,0.3432,0.3432,367317.5
1789951500000,0.3432,0.3434,0.343,0.3431,555903.9
1789952400000,0.343,0.3431,0.3428,0.3431,568017.6
1789953300000,0.3431,0.3435,0.343,0.343,1351062.2
1789954200000,0.3431,0.3434,0.343,0.3431,455644.0
1789955100000,0.3431,0.3433,0.3427,0.3428,1166957.4
1789956000000,0.3427,0.3434,0.3426,0.3434,1375440.3
1789956900000,0.3433,0.3436,0.3432,0.3436,704405.1
1789957800000,0.3435,0.3435,0.343,0.3432,369922.2
1789958700000,0.3431,0.3433,0.3431,0.3432,179064.9
1789959600000,0.3431,0.3433,0.3429,0.3429,540772.1
1789960500000,0.3429,0.3433,0.3429,0.3432,226063.8
1789961400000,0.3432,0.3433,0.343,0.3432,120829.7
1789962300000,0.3432,0.3433,0.343,0.3431,243393.3
1789963200000,0.3431,0.3432,0.343,0.3431,169591.5
1789964100000,0.343,0.3432,0.3429,0.3429,212229.4
1789965000000,0.343,0.3431,0.3429,0.343,149655.9
1789965900000,0.3429,0.3439,0.3429,0.3439,2927889.7
1789966800000,0.3439,0.344,0.3431,0.3432,2064953.9
1789967700000,0.3431,0.3435,0.3428,0.3433,1663839.6
1789968600000,0.3433,0.3436,0.3433,0.3435,515977.9
1789969500000,0.3434,0.3435,0.3432,0.3434,715146.7
1789970400000,0.3434,0.3435,0.3433,0.3435,598174.2
1789971300000,0.3434,0.3435,0.3433,0.3435,224494.4
1789972200000,0.3434,0.3436,0.343,0.343,812181.6
1789973100000,0.343,0.3431,0.3429,0.3431,520447.2
1789974000000,0.3431,0.3431,0.3429,0.343,495291.6
1789974900000,0.343,0.3432,0.3429,0.3432,301772.0
1789975800000,0.3432,0.3432,0.3429,0.3432,268035.6
1789976700000,0.3431,0.3433,0.3431,0.3432,322500.1
1789977600000,0.3433,0.3433,0.343,0.3432,580668.5
1789978500000,0.3432,0.3434,0.3431,0.3433,662601.7
1789979400000,0.3434,0.3442,0.3433,0.3441,2855806.1
1789980300000,0.344,0.3445,0.3439,0.3443,1645879.1
1789981200000,0.3443,0.3443,0.3441,0.3443,626278.5
1789982100000,0.3443,0.3445,0.3441,0.3445,803598.5
1789983000000,0.3444,0.3449,0.3443,0.3448,2176417.1
1789983900000,0.3448,0.3448,0.3442,0.3443,1576965.1
1789984800000,0.3443,0.3445,0.3442,0.3445,731929.2
1789985700000,0.3444,0.3447,0.3444,0.3445,1500024.0
1789986600000,0.3445,0.3446,0.3443,0.3446,1237104.9
1789987500000,0.3446,0.3446,0.3444,0.3445,449998.4
1789988400000,0.3444,0.3446,0.3444,0.3445,461933.8
1789989300000,0.3444,0.3446,0.3444,0.3445,559665.9
1789990200000,0.3445,0.3447,0.3444,0.3447,808510.7
1789991100000,0.3446,0.3447,0.3443,0.3444,927161.0
1789992000000,0.3444,0.3444,0.3439,0.3443,5717625.6
1789992900000,0.3442,0.3444,0.3441,0.3444,720643.2
1789993800000,0.3444,0.3445,0.3442,0.3443,963584.4
1789994700000,0.3443,0.3445,0.3442,0.3445,876530.2
1789995600000,0.3445,0.3445,0.3441,0.3442,654629.1
1789996500000,0.3442,0.3444,0.3441,0.3442,520567.0
1789997400000,0.3443,0.3446,0.3442,0.3444,1014331.8
1789998300000,0.3445,0.3449,0.3444,0.3449,2245949.6
1789999200000,0.3449,0.3449,0.3446,0.3449,1111315.8
1790000100000,0.3449,0.345,0.3448,0.3449,1395573.5
1790001000000,0.345,0.3452,0.3446,0.345,1791347.8
1790001900000,0.345,0.3452,0.3447,0.345,1184790.5
1790002800000,0.3449,0.3456,0.3447,0.3455,3190387.1
1790003700000,0.3455,0.3457,0.3449,0.345,3179845.5
1790004600000,0.345,0.3457,0.345,0.3457,2582970.5
1790005500000,0.3457,0.3457,0.3452,0.3452,838589.4
1790006400000,0.3452,0.3455,0.3451,0.3452,1304760.9
1790007300000,0.3452,0.3453,0.3448,0.345,2199754.2
1790008200000,0.3449,0.345,0.3446,0.3448,1789961.2
1790009100000,0.3449,0.3449,0.3446,0.3446,409784.7
1790010000000,0.3447,0.3447,0.3444,0.3445,1280133.8
1790010900000,0.3444,0.3445,0.3441,0.3442,1901125.8
1790011800000,0.3441,0.3444,0.344,0.3443,388767.1
1790012700000,0.3444,0.3445,0.3442,0.3442,655002.1
1790013600000,0.3443,0.3444,0.3438,0.3443,2500136.1
1790014500000,0.3443,0.3444,0.3441,0.3441,905881.7
1790015400000,0.3441,0.3442,0.3437,0.3438,2333652.5
1790016300000,0.3438,0.344,0.3437,0.3439,563587.1
1790017200000,0.3439,0.3442,0.3437,0.344,994128.3
1790018100000,0.344,0.3443,0.3439,0.3441,1082633.6
1790019000000,0.3442,0.3444,0.3441,0.3444,1400273.1
1790019900000,0.3443,0.3444,0.3441,0.3444,721459.1
1790020800000,0.3443,0.3444,0.3442,0.3442,290857.9
1790021700000,0.3442,0.3445,0.3442,0.3445,972621.4
1790022600000,0.3445,0.3445,0.3439,0.3441,1254497.5
1790023500000,0.3442,0.3442,0.344,0.3442,218154.7
1790024400000,0.3441,0.3442,0.344,0.3442,204241.8
1790025300000,0.3442,0.3442,0.3439,0.344,461475.9
1790026200000,0.344,0.3444,0.3439,0.3442,434281.8
1790027100000,0.3443,0.3444,0.3441,0.3443,275476.5
1790028000000,0.3444,0.3444,0.3442,0.3443,183122.1
1790028900000,0.3443,0.3444,0.3441,0.3441,225393.6
1790029800000,0.3442,0.3443,0.3441,0.3443,164541.2
1790030700000,0.3443,0.3443,0.344,0.3443,162034.1
1790031600000,0.3443,0.3446,0.3442,0.3445,839124.4
1790032500000,0.3446,0.3446,0.3444,0.3445,208797.7
1790033400000,0.3446,0.3446,0.3442,0.3444,451068.8
1790034300000,0.3444,0.3447,0.3444,0.3447,588854.1
1790035200000,0.3446,0.345,0.3446,0.345,1368182.9
1790036100000,0.345,0.3456,0.345,0.3456,2828246.4
1790037000000,0.3456,0.3459,0.3455,0.3459,1842533.7
1790037900000,0.3459,0.3464,0.3459,0.3462,2790455.9
1790038800000,0.3463,0.3468,0.3459,0.3467,3295823.3
1790039700000,0.3467,0.347,0.3461,0.3468,3440866.0
1790040600000,0.3469,0.3479,0.3468,0.3474,5087305.4
1790041500000,0.3474,0.3478,0.3471,0.3478,1911211.6
1790042400000,0.3478,0.3487,0.3478,0.3481,5396118.7
1790043300000,0.3481,0.3486,0.3479,0.3484,2033872.6
1790044200000,0.3484,0.3484,0.3475,0.3477,2386828.6
1790045100000,0.3477,0.3478,0.3473,0.3474,1438884.5
1790046000000,0.3473,0.3476,0.3472,0.3473,542266.2
1790046900000,0.3473,0.3479,0.3472,0.3479,947507.9
1790047800000,0.3479,0.3479,0.3474,0.3476,444465.1
1790048700000,0.3476,0.3481,0.3476,0.3481,1468939.7
1790049600000,0.3481,0.3484,0.348,0.3483,1626841.0
1790050500000,0.3484,0.3489,0.3482,0.3485,2498898.6
1790051400000,0.3484,0.3488,0.3483,0.3488,2683522.4
1790052300000,0.3488,0.3491,0.3485,0.349,1993777.3
1790053200000,0.349,0.3492,0.3486,0.3487,1177334.9
1790054100000,0.3488,0.3488,0.3482,0.3487,1714084.4
1790055000000,0.3488,0.3492,0.3487,0.3491,1713015.0
1790055900000,0.3491,0.3492,0.3487,0.3487,542660.7
1790056800000,0.3487,0.3488,0.3486,0.3488,635796.9
1790057700000,0.3487,0.3491,0.3487,0.3488,582304.8
1790058600000,0.3489,0.3491,0.3488,0.349,359040.8
1790059500000,0.3491,0.3492,0.3487,0.3489,524315.6
1790060400000,0.3489,0.3489,0.3481,0.3484,2953077.1
1790061300000,0.3484,0.3488,0.3482,0.3484,2097137.3
1790062200000,0.3484,0.3485,0.348,0.3484,1642517.0
1790063100000,0.3484,0.3485,0.3481,0.3484,645867.9
1790064000000,0.3485,0.3489,0.3484,0.3485,1266974.3
1790064900000,0.3485,0.3487,0.3483,0.3484,633174.9
1790065800000,0.3484,0.3487,0.3483,0.3487,1114037.5
1790066700000,0.3487,0.3488,0.3483,0.3488,1027003.3
1790067600000,0.3488,0.3488,0.3483,0.3486,867005.2
1790068500000,0.3485,0.3488,0.3484,0.3488,681230.5
1790069400000,0.3488,0.3493,0.3487,0.349,1878531.8
1790070300000,0.3489,0.349,0.3484,0.3484,967441.1
1790071200000,0.3484,0.3485,0.3475,0.3477,3993880.7
1790072100000,0.3478,0.3478,0.3471,0.3473,1952622.3
1790073000000,0.3473,0.3474,0.3467,0.3467,4094316.8
1790073900000,0.3467,0.3467,0.3465,0.3466,2213094.2
1790074800000,0.3465,0.3467,0.3462,0.3467,2139125.8
1790075700000,0.3467,0.3467,0.346,0.3463,1507186.4
1790076600000,0.3463,0.3466,0.346,0.346,2043557.0
1790077500000,0.346,0.3462,0.3458,0.3459,1441283.3
1790078400000,0.3459,0.346,0.3455,0.3457,2189915.0
1790079300000,0.3457,0.3461,0.3456,0.3459,864782.9
1790080200000,0.3459,0.3461,0.3458,0.346,573495.1
1790081100000,0.346,0.3461,0.3454,0.3456,2186829.0
1790082000000,0.3456,0.3457,0.3451,0.3452,3005101.7
1790082900000,0.3453,0.3453,0.3442,0.3444,6009639.9
1790083800000,0.3444,0.3448,0.3426,0.343,12695809.6
1790084700000,0.3429,0.3436,0.3427,0.3434,3437035.7
1790085600000,0.3434,0.3434,0.3425,0.3427,5127523.3
1790086500000,0.3428,0.3428,0.342,0.3422,3228319.1
1790087400000,0.3423,0.3423,0.3414,0.3416,5238411.8
1790088300000,0.3416,0.3417,0.3414,0.3415,1008545.0
1790089200000,0.3416,0.3418,0.3414,0.3414,943787.7
1790090100000,0.3415,0.3417,0.3413,0.3417,1638341.3
1790091000000,0.3416,0.3418,0.3413,0.3416,787905.4
1790091900000,0.3416,0.3418,0.3414,0.3414,763766.1
1790092800000,0.3414,0.3415,0.3409,0.341,3351821.3
1790093700000,0.3409,0.3412,0.3405,0.3406,3142025.3
1790094600000,0.3406,0.3412,0.3403,0.3412,2660405.5
1790095500000,0.3412,0.3412,0.3407,0.3407,961981.4
1790096400000,0.3408,0.3409,0.3405,0.3408,1252815.0
1790097300000,0.3408,0.3409,0.3406,0.3408,691238.3
1790098200000,0.3408,0.3414,0.3408,0.3413,1298966.4
1790099100000,0.3413,0.3418,0.3411,0.3416,1679050.8
1790100000000,0.3415,0.3416,0.3413,0.3414,709181.1
1790100900000,0.3413,0.3418,0.3413,0.3416,478417.6
1790101800000,0.3417,0.3419,0.3416,0.3416,693274.3
1790102700000,0.3417,0.3418,0.3415,0.3416,358499.7
1790103600000,0.3415,0.3418,0.3414,0.3416,817652.6
1790104500000,0.3416,0.3419,0.3414,0.3419,985322.2
1790105400000,0.3419,0.3419,0.3413,0.3415,890835.8
1790106300000,0.3414,0.3417,0.3414,0.3416,196281.1
1790107200000,0.3415,0.3416,0.3414,0.3416,452103.8
1790108100000,0.3416,0.342,0.3415,0.3419,611965.3
1790109000000,0.3419,0.3419,0.3417,0.3418,255220.4
1790109900000,0.3418,0.3419,0.3417,0.3418,319274.0
1790110800000,0.3418,0.3418,0.3417,0.3417,105995.1
1790111700000,0.3418,0.342,0.3414,0.3416,471436.1
1790112600000,0.3417,0.3417,0.3414,0.3415,451709.3
1790113500000,0.3415,0.3418,0.3414,0.3417,501434.9
1790114400000,0.3416,0.3417,0.3414,0.3415,354723.1
1790115300000,0.3416,0.3419,0.3415,0.3418,230333.1
1790116200000,0.3419,0.342,0.3417,0.3418,940417.0
1790117100000,0.3419,0.342,0.3417,0.3417,436502.2
1790118000000,0.3417,0.342,0.3415,0.3419,680459.3
1790118900000,0.3419,0.3421,0.3419,0.342,1031998.3
1790119800000,0.3421,0.3421,0.3419,0.3421,336650.2
1790120700000,0.3421,0.3422,0.3419,0.3421,363059.1
1790121600000,0.3421,0.3424,0.3418,0.3424,1156084.0
1790122500000,0.3424,0.3424,0.3423,0.3423,259179.3
1790123400000,0.3423,0.3425,0.3422,0.3422,399413.3
1790124300000,0.3423,0.3425,0.3422,0.3424,543481.6
1790125200000,0.3425,0.3429,0.3424,0.3429,1694060.5
1790126100000,0.3429,0.3432,0.3428,0.3431,1484145.9
1790127000000,0.343,0.3435,0.343,0.3435,1307167.7
1790127900000,0.3435,0.3435,0.3431,0.3435,1092486.3
1790128800000,0.3435,0.3439,0.3435,0.3437,2223138.7
1790129700000,0.3437,0.3443,0.3436,0.3442,3050935.8
1790130600000,0.3442,0.3443,0.3439,0.3442,684406.5
1790131500000,0.3441,0.3447,0.3441,0.3447,1722982.1
1790132400000,0.3447,0.3447,0.3443,0.3447,495370.3
1790133300000,0.3447,0.3451,0.3446,0.3449,2904019.4
1790134200000,0.345,0.345,0.3442,0.3445,1513214.6
1790135100000,0.3446,0.3446,0.3442,0.3442,583358.3
1790136000000,0.3443,0.3447,0.3442,0.3445,790099.6
1790136900000,0.3446,0.3447,0.3443,0.3445,774428.8
1790137800000,0.3446,0.3446,0.3442,0.3443,566617.6
1790138700000,0.3443,0.3446,0.3443,0.3444,770780.1
1790139600000,0.3445,0.3445,0.344,0.3441,1009665.8
1790140500000,0.344,0.3441,0.3437,0.3437,1519737.0
1790141400000,0.3437,0.344,0.3436,0.3439,425067.9
1790142300000,0.3439,0.3441,0.3436,0.3439,528900.9
1790143200000,0.3439,0.344,0.3439,0.344,356292.4
1790144100000,0.344,0.3441,0.3439,0.3441,398296.9
1790145000000,0.344,0.3443,0.344,0.3441,934524.2
1790145900000,0.3441,0.3442,0.3438,0.3441,632796.5
1790146800000,0.3442,0.3443,0.3438,0.3439,766003.6
1790147700000,0.3439,0.3441,0.3437,0.344,1091411.5
1790148600000,0.3441,0.3441,0.3437,0.3437,430030.2
1790149500000,0.3437,0.344,0.3437,0.3439,821836.7
1790150400000,0.344,0.344,0.3435,0.344,1147304.9
1790151300000,0.3439,0.344,0.3437,0.3438,421982.7
1790152200000,0.3437,0.3439,0.3436,0.3436,502801.4
1790153100000,0.3437,0.3437,0.3428,0.3431,4173596.2
1790154000000,0.3432,0.3433,0.343,0.343,434627.0
1790154900000,0.343,0.3431,0.3429,0.3429,436593.7
1790155800000,0.343,0.343,0.3421,0.3423,4741659.5
1790156700000,0.3423,0.3427,0.3422,0.3426,1373290.8
1790157600000,0.3427,0.3429,0.3425,0.3429,761390.8
1790158500000,0.3428,0.3429,0.3426,0.3428,393750.4
1790159400000,0.3428,0.3432,0.3427,0.3432,1318229.8
1790160300000,0.3431,0.3432,0.343,0.3432,213467.1
1790161200000,0.3431,0.3433,0.3431,0.3432,802393.2
1790162100000,0.3433,0.3433,0.3428,0.3431,1780349.5
1790163000000,0.3431,0.3432,0.3427,0.3427,917576.3
1790163900000,0.3428,0.3431,0.3427,0.3429,434094.9
1790164800000,0.3429,0.3429,0.3425,0.3427,953121.2
1790165700000,0.3427,0.3429,0.3422,0.3423,1193694.4
1790166600000,0.3423,0.3423,0.3416,0.3417,3365272.8
1790167500000,0.3417,0.3422,0.3416,0.3417,747235.7
1790168400000,0.3416,0.3418,0.3415,0.3416,1595481.0
1790169300000,0.3416,0.3418,0.3415,0.3417,344792.7
1790170200000,0.3417,0.3419,0.3415,0.3419,337854.6
1790171100000,0.3419,0.342,0.3416,0.3418,821112.8
1790172000000,0.3418,0.3419,0.3404,0.3405,6691358.2
1790172900000,0.3406,0.3406,0.3399,0.3401,4545322.9
1790173800000,0.3401,0.3404,0.3398,0.3403,2812249.4
1790174700000,0.3403,0.3404,0.34,0.34,645926.5
1790175600000,0.34,0.3403,0.3399,0.3401,1101511.3
1790176500000,0.3401,0.3402,0.3398,0.3399,795606.0
1790177400000,0.34,0.34,0.3395,0.3395,1627125.6
1790178300000,0.3395,0.3398,0.3395,0.3396,1404188.5
1790179200000,0.3396,0.3397,0.3388,0.339,5588021.7
1790180100000,0.339,0.3391,0.3387,0.3388,1180544.7
1790181000000,0.3389,0.3389,0.3387,0.3389,725846.7
1790181900000,0.3389,0.339,0.3387,0.3387,678730.5
1790182800000,0.3388,0.339,0.3386,0.339,504040.0
1790183700000,0.339,0.3396,0.339,0.3394,1784314.9
1790184600000,0.3394,0.3397,0.3394,0.3397,595293.4
1790185500000,0.3397,0.3398,0.3394,0.3396,955557.3
1790186400000,0.3395,0.3396,0.339,0.3391,906339.2
1790187300000,0.339,0.3392,0.3389,0.3392,226147.8
1790188200000,0.3391,0.3392,0.339,0.3392,203617.3
1790189100000,0.3392,0.3406,0.3391,0.3405,5933964.0
1790190000000,0.3405,0.3406,0.3401,0.3403,793141.6
1790190900000,0.3402,0.3404,0.3401,0.3402,320853.8
1790191800000,0.3403,0.3405,0.3402,0.3405,365192.9
1790192700000,0.3405,0.3409,0.3404,0.3405,1518429.8
1790193600000,0.3406,0.3406,0.3401,0.3401,495898.2
1790194500000,0.3401,0.3403,0.3401,0.3402,167567.2
1790195400000,0.3402,0.3405,0.3401,0.3404,272908.5
1790196300000,0.3404,0.3404,0.3403,0.3404,109683.2
1790197200000,0.3403,0.3407,0.3403,0.3406,986749.8
1790198100000,0.3406,0.3407,0.3404,0.3406,201210.5
1790199000000,0.3406,0.3407,0.3405,0.3407,301059.3
1790199900000,0.3406,0.3407,0.3405,0.3405,224835.9
1790200800000,0.3405,0.3406,0.3403,0.3404,699533.5
1790201700000,0.3405,0.3409,0.3404,0.3409,1088210.1
1790202600000,0.3408,0.3414,0.3408,0.3413,2044195.7
1790203500000,0.3414,0.3417,0.3413,0.3415,1331573.2
1790204400000,0.3415,0.3417,0.3413,0.3416,907004.0
1790205300000,0.3416,0.3421,0.3415,0.3419,1418079.4
1790206200000,0.342,0.342,0.3417,0.3419,538245.4
1790207100000,0.3419,0.3422,0.3417,0.3422,1580684.2
1790208000000,0.3422,0.3428,0.3421,0.3423,3070173.2
1790208900000,0.3423,0.3427,0.3423,0.3426,920988.3
1790209800000,0.3426,0.343,0.3424,0.343,1716880.9
1790210700000,0.343,0.3432,0.3426,0.343,2270433.9
1790211600000,0.3431,0.3432,0.3429,0.3432,969760.3
1790212500000,0.3432,0.3434,0.3429,0.3433,2332553.8
1790213400000,0.3434,0.3435,0.3427,0.3428,1615217.2
1790214300000,0.3428,0.343,0.3427,0.3429,289695.6
1790215200000,0.343,0.3431,0.3428,0.3431,839257.1
1790216100000,0.3431,0.3432,0.3427,0.3429,961919.4
1790217000000,0.343,0.3433,0.3429,0.3432,1114973.8
1790217900000,0.3433,0.3436,0.3432,0.3436,1317283.6
1790218800000,0.3436,0.3438,0.3435,0.3438,970732.1
1790219700000,0.3437,0.3439,0.3437,0.3439,384929.1
1790220600000,0.3439,0.3439,0.3438,0.3439,423794.4
1790221500000,0.3439,0.344,0.3438,0.3439,464517.5
1790222400000,0.3439,0.344,0.3435,0.3437,710273.9
1790223300000,0.3437,0.3438,0.3435,0.3436,280235.7
1790224200000,0.3436,0.3439,0.3435,0.3439,729677.7
1790225100000,0.3439,0.3439,0.3433,0.3436,530591.0
1790226000000,0.3436,0.3436,0.3434,0.3435,265017.1
1790226900000,0.3435,0.3437,0.3434,0.3437,414507.5
1790227800000,0.3437,0.3437,0.3433,0.3436,188365.8
1790228700000,0.3436,0.3436,0.3432,0.3433,537040.7
1790229600000,0.3433,0.3436,0.3432,0.3433,550233.9
1790230500000,0.3434,0.3436,0.3431,0.3432,363087.0
1790231400000,0.3432,0.3433,0.3429,0.343,1301946.3
1790232300000,0.3431,0.3433,0.343,0.3433,370973.4
1790233200000,0.3433,0.3436,0.3432,0.3436,636155.1
1790234100000,0.3436,0.3438,0.3432,0.3434,805719.6
1790235000000,0.3435,0.3435,0.3432,0.3433,544770.6
1790235900000,0.3433,0.3435,0.3432,0.3433,366986.9
1790236800000,0.3433,0.3434,0.3417,0.3418,1895673.1
1790237700000,0.3417,0.3418,0.3413,0.3413,1348578.4
1790238600000,0.3414,0.3414,0.3411,0.3414,1192299.6
1790239500000,0.3414,0.3414,0.3401,0.3404,3330615.8
1790240400000,0.3403,0.3407,0.3401,0.3401,2080624.3
1790241300000,0.3402,0.3403,0.3394,0.3395,4968731.1
1790242200000,0.3394,0.3395,0.3387,0.339,5399813.3
1790243100000,0.339,0.3393,0.3389,0.339,1163740.2
1790244000000,0.339,0.339,0.3386,0.3388,1188764.4
1790244900000,0.3388,0.3391,0.3386,0.339,650646.7
1790245800000,0.3391,0.3397,0.3387,0.3396,2263099.1
1790246700000,0.3397,0.3399,0.3395,0.3399,892345.8
1790247600000,0.3399,0.3401,0.3396,0.3397,981231.1
1790248500000,0.3397,0.3398,0.3392,0.3393,1016405.2
1790249400000,0.3393,0.3396,0.3392,0.3396,672231.5
1790250300000,0.3396,0.3397,0.3394,0.3395,595054.8
1790251200000,0.3396,0.3397,0.3394,0.3396,760151.1
1790252100000,0.3397,0.3399,0.3396,0.3399,611201.9
1790253000000,0.3399,0.3404,0.3398,0.3403,1955053.6
1790253900000,0.3402,0.3404,0.3401,0.3403,351646.7
1790254800000,0.3403,0.3403,0.34,0.3401,375851.6
1790255700000,0.34,0.3402,0.3397,0.3398,1081993.9
1790256600000,0.3398,0.3401,0.3397,0.34,617987.0
1790257500000,0.34,0.3401,0.3399,0.3401,451314.6
1790258400000,0.3401,0.3404,0.3398,0.3401,1385572.5
1790259300000,0.3401,0.3405,0.3399,0.3405,1260246.9
1790260200000,0.3405,0.3409,0.3401,0.3402,2900166.4
1790261100000,0.3402,0.3402,0.3395,0.3396,4186852.2
1790262000000,0.3395,0.3399,0.3395,0.3397,1243254.0
1790262900000,0.3396,0.3399,0.3396,0.3397,566243.9
1790263800000,0.3397,0.34,0.3396,0.3398,1376079.5
1790264700000,0.3399,0.3399,0.3388,0.3391,4505677.8
1790265600000,0.3391,0.3398,0.3389,0.3398,2345350.7
1790266500000,0.3399,0.3407,0.3398,0.3406,3758623.4
1790267400000,0.3406,0.3411,0.3406,0.3408,2891097.6
1790268300000,0.3408,0.3416,0.3407,0.3415,1549766.6
1790269200000,0.3416,0.3416,0.341,0.3411,750313.0
1790270100000,0.3412,0.3413,0.341,0.3411,253976.7
1790271000000,0.341,0.3413,0.3408,0.341,1302760.1
1790271900000,0.341,0.341,0.3406,0.3407,821051.0
1790272800000,0.3406,0.3412,0.3405,0.3411,1238320.9
1790273700000,0.3412,0.3412,0.3409,0.3409,208713.7
1790274600000,0.3409,0.3411,0.3405,0.3406,693079.4
1790275500000,0.3406,0.3409,0.3405,0.3407,896014.1
1790276400000,0.3407,0.3408,0.3404,0.3406,400773.5
1790277300000,0.3405,0.3408,0.3404,0.3408,238686.6
1790278200000,0.3408,0.3408,0.3405,0.3407,126171.8
1790279100000,0.3408,0.3408,0.3404,0.3406,336815.2
1790280000000,0.3406,0.3407,0.3405,0.3405,192243.2
1790280900000,0.3406,0.3408,0.3404,0.3405,238891.1
1790281800000,0.3406,0.3407,0.3402,0.3404,659100.9
1790282700000,0.3404,0.3405,0.3402,0.3402,364224.7
1790283600000,0.3402,0.3405,0.3402,0.3404,254225.1
1790284500000,0.3405,0.3405,0.3404,0.3405,233987.8
1790285400000,0.3405,0.3407,0.3404,0.3405,725502.9
1790286300000,0.3406,0.3406,0.3404,0.3404,197099.9
1790287200000,0.3404,0.3405,0.3402,0.3403,206906.8
1790288100000,0.3403,0.3403,0.34,0.3403,830684.6
1790289000000,0.3402,0.3405,0.3402,0.3403,252149.7
1790289900000,0.3403,0.3403,0.3402,0.3403,94732.5
1790290800000,0.3403,0.3403,0.3401,0.3402,182600.1
1790291700000,0.3402,0.3405,0.3401,0.3404,536072.3
1790292600000,0.3404,0.3405,0.3402,0.3403,151862.9
1790293500000,0.3403,0.3404,0.3401,0.3403,580657.9
1790294400000,0.3402,0.3404,0.3401,0.3402,527699.0
1790295300000,0.3403,0.3403,0.34,0.34,1103076.1
1790296200000,0.3401,0.3404,0.34,0.3403,403614.4
1790297100000,0.3404,0.3404,0.3401,0.3401,202198.1
1790298000000,0.3402,0.3404,0.3401,0.3404,171139.7
1790298900000,0.3404,0.3404,0.34,0.3401,306936.6
1790299800000,0.34,0.3401,0.3398,0.3398,1522930.1
1790300700000,0.3398,0.3402,0.3398,0.3402,437870.2
1790301600000,0.3402,0.3402,0.3399,0.34,223556.0
1790302500000,0.3399,0.3401,0.3399,0.34,163165.9
1790303400000,0.3399,0.3402,0.3397,0.3399,683341.1
1790304300000,0.3399,0.3399,0.3397,0.3398,322868.2
1790305200000,0.3398,0.3402,0.3397,0.3399,769582.8
1790306100000,0.34,0.34,0.3398,0.3398,124247.6
1790307000000,0.3399,0.34,0.3398,0.34,147518.4
1790307900000,0.3399,0.34,0.3382,0.3385,8527361.9
1790308800000,0.3386,0.3387,0.3381,0.3383,2700528.9
1790309700000,0.3382,0.3385,0.3382,0.3385,645879.0
1790310600000,0.3385,0.3386,0.3384,0.3386,174096.0
1790311500000,0.3386,0.3386,0.3384,0.3386,122520.9
1790312400000,0.3386,0.3391,0.3385,0.3387,1725070.2
1790313300000,0.3387,0.3389,0.3385,0.3386,155772.0
1790314200000,0.3386,0.3389,0.3386,0.3387,536645.3
1790315100000,0.3388,0.3388,0.3386,0.3387,119780.0
1790316000000,0.3386,0.3388,0.3385,0.3386,624152.2
1790316900000,0.3385,0.3387,0.3385,0.3387,248024.8
1790317800000,0.3387,0.3388,0.3385,0.3388,420354.5
1790318700000,0.3388,0.3389,0.3387,0.3389,327798.1
1790319600000,0.3389,0.3389,0.3385,0.3386,493835.3
1790320500000,0.3386,0.3387,0.3385,0.3387,209246.6
1790321400000,0.3387,0.3387,0.3385,0.3385,275762.7
1790322300000,0.3386,0.3386,0.3384,0.3385,573052.5
1790323200000,0.3385,0.3386,0.3382,0.3384,1062610.1
1790324100000,0.3384,0.3386,0.3383,0.3386,532024.3
1790325000000,0.3386,0.3386,0.3384,0.3385,558910.3
1790325900000,0.3385,0.3385,0.338,0.3381,375683.5
1790326800000,0.3381,0.3381,0.3378,0.3378,715917.7
1790327700000,0.3379,0.3381,0.3371,0.3375,3400322.6
1790328600000,0.3375,0.3376,0.3371,0.3373,703459.7
1790329500000,0.3372,0.3375,0.3372,0.3372,1282785.3
1790330400000,0.3373,0.3373,0.337,0.3372,1320761.4
1790331300000,0.3371,0.3374,0.3371,0.3373,1185577.1
1790332200000,0.3374,0.3374,0.3368,0.3371,963606.0
1790333100000,0.337,0.3371,0.3368,0.3369,587878.0
1790334000000,0.3369,0.3372,0.3368,0.3372,1835602.4
1790334900000,0.3372,0.3373,0.3371,0.3373,1170737.8
1790335800000,0.3373,0.3373,0.337,0.3372,709541.2
1790336700000,0.3371,0.3373,0.3371,0.3372,746825.5
1790337600000,0.3372,0.3375,0.3371,0.3375,1840234.4
1790338500000,0.3374,0.3375,0.3369,0.3373,1159921.5
1790339400000,0.3372,0.3373,0.3369,0.337,563484.7
1790340300000,0.337,0.3373,0.3369,0.3372,567914.2
1790341200000,0.3373,0.3373,0.337,0.3371,615510.8
1790342100000,0.3371,0.3373,0.337,0.3372,497358.0
1790343000000,0.3371,0.3375,0.3369,0.3373,1165572.4
1790343900000,0.3373,0.3376,0.337,0.3375,2331105.9
1790344800000,0.3376,0.3376,0.3369,0.3373,1828979.2
1790345700000,0.3373,0.3374,0.337,0.337,800334.3
1790346600000,0.3371,0.3372,0.3366,0.3367,1947489.4
1790347500000,0.3367,0.3367,0.3365,0.3365,1083870.0
1790348400000,0.3366,0.3366,0.3362,0.3363,1164716.1
1790349300000,0.3363,0.3364,0.3362,0.3363,657389.1
1790350200000,0.3364,0.3366,0.3363,0.3364,481135.3
1790351100000,0.3364,0.3366,0.3364,0.3366,306844.7
1790352000000,0.3366,0.3367,0.3363,0.3364,854053.1
1790352900000,0.3364,0.3366,0.336,0.3363,1546100.1
1790353800000,0.3363,0.3363,0.3361,0.3361,575920.3
1790354700000,0.3362,0.3362,0.336,0.3361,558310.9
1790355600000,0.3362,0.3372,0.3362,0.3371,2656051.1
1790356500000,0.3372,0.3372,0.3367,0.3369,432827.9
1790357400000,0.3369,0.3377,0.3368,0.3375,1782352.1
1790358300000,0.3376,0.3377,0.3373,0.3376,393472.1
1790359200000,0.3377,0.338,0.3376,0.338,901109.7
1790360100000,0.338,0.338,0.3375,0.3376,717633.9
1790361000000,0.3376,0.3376,0.3374,0.3375,283953.7
1790361900000,0.3375,0.3377,0.3374,0.3376,440360.6
1790362800000,0.3376,0.3377,0.3375,0.3377,640898.7
1790363700000,0.3377,0.3378,0.3376,0.3378,285099.9
1790364600000,0.3378,0.3378,0.3374,0.3375,712475.2
1790365500000,0.3375,0.3376,0.3374,0.3375,205915.1
1790366400000,0.3375,0.3376,0.3374,0.3374,260137.5
1790367300000,0.3375,0.3376,0.3373,0.3374,612799.6
1790368200000,0.3374,0.3378,0.3373,0.3378,951411.4
1790369100000,0.3378,0.3379,0.3376,0.3377,616724.6
1790370000000,0.3377,0.3379,0.3377,0.3378,453369.0
1790370900000,0.3378,0.3379,0.3377,0.3378,374468.8
1790371800000,0.3379,0.338,0.3377,0.3377,778850.9
1790372700000,0.3378,0.3379,0.3377,0.3378,188500.2
1790373600000,0.3379,0.338,0.3378,0.3379,418851.6
1790374500000,0.338,0.3381,0.3377,0.3377,523161.0
1790375400000,0.3378,0.3381,0.3377,0.3381,446140.9
1790376300000,0.338,0.3381,0.338,0.338,211797.4
1790377200000,0.3381,0.3381,0.338,0.3381,272620.3
1790378100000,0.3381,0.3383,0.338,0.3382,887137.4
1790379000000,0.3383,0.3383,0.338,0.3383,429721.9
1790379900000,0.3383,0.3383,0.3381,0.3382,161589.4
1790380800000,0.3382,0.3383,0.3376,0.338,1670041.2
1790381700000,0.338,0.338,0.3376,0.3377,229244.2
1790382600000,0.3377,0.3378,0.3375,0.3377,424237.4
1790383500000,0.3377,0.3378,0.3375,0.3375,238845.2
1790384400000,0.3376,0.3377,0.3375,0.3376,190911.9
1790385300000,0.3376,0.3377,0.3375,0.3376,165092.8
1790386200000,0.3376,0.3377,0.3375,0.3376,162358.5
1790387100000,0.3377,0.3377,0.3375,0.3375,92440.9
1790388000000,0.3376,0.3376,0.3374,0.3374,330085.4
1790388900000,0.3375,0.3376,0.3374,0.3375,148868.6
1790389800000,0.3375,0.3376,0.3374,0.3376,273437.0
1790390700000,0.3376,0.3376,0.3375,0.3376,170482.5
1790391600000,0.3375,0.3376,0.3374,0.3375,196082.7
1790392500000,0.3374,0.3376,0.3374,0.3376,76463.8
1790393400000,0.3376,0.3376,0.3374,0.3374,233977.4
1790394300000,0.3375,0.3377,0.3374,0.3375,173459.0
1790395200000,0.3375,0.3376,0.3375,0.3376,122214.4
1790396100000,0.3376,0.3376,0.3373,0.3374,398897.7
1790397000000,0.3374,0.3377,0.3373,0.3377,388240.6
1790397900000,0.3377,0.3377,0.3376,0.3377,116871.4
1790398800000,0.3377,0.3377,0.3376,0.3377,152065.9
1790399700000,0.3377,0.3377,0.3375,0.3375,534605.6
1790400600000,0.3375,0.3376,0.3374,0.3375,424906.3
1790401500000,0.3375,0.3376,0.3373,0.3374,143735.8
1790402400000,0.3374,0.3374,0.3372,0.3373,686430.6
1790403300000,0.3373,0.3373,0.3372,0.3373,226862.6
1790404200000,0.3372,0.3373,0.3371,0.3371,630479.2
1790405100000,0.3371,0.3373,0.3371,0.3373,265895.3
1790406000000,0.3372,0.3375,0.3372,0.3375,181018.7
1790406900000,0.3375,0.3375,0.3371,0.3372,338950.1
1790407800000,0.3372,0.3374,0.3371,0.3373,218091.4
1790408700000,0.3373,0.3374,0.3371,0.3371,222611.2
1790409600000,0.3372,0.3372,0.3371,0.3372,213114.1
1790410500000,0.3371,0.3372,0.337,0.3372,214002.5
1790411400000,0.3372,0.3372,0.337,0.337,594683.8
1790412300000,0.3371,0.3372,0.3369,0.3372,277206.5
1790413200000,0.3371,0.3372,0.3369,0.337,400754.4
1790414100000,0.337,0.337,0.3369,0.3369,322244.1
1790415000000,0.337,0.337,0.3368,0.3368,449693.8
1790415900000,0.3369,0.3369,0.3368,0.3369,185956.5
1790416800000,0.3369,0.3369,0.3367,0.3368,301031.3
1790417700000,0.3367,0.3368,0.3367,0.3367,193896.7
1790418600000,0.3368,0.337,0.3367,0.3369,371285.0
1790419500000,0.3368,0.337,0.3368,0.337,239805.1
1790420400000,0.3369,0.337,0.3368,0.337,542192.5
1790421300000,0.337,0.337,0.3369,0.337,224216.0
1790422200000,0.3369,0.3372,0.3369,0.3372,284756.5
1790423100000,0.3372,0.3372,0.3368,0.3368,251812.8
1790424000000,0.3369,0.3372,0.3368,0.3368,532486.0
1790424900000,0.3369,0.3369,0.3368,0.3369,199003.6
1790425800000,0.3369,0.3369,0.3367,0.3367,379416.8
1790426700000,0.3368,0.3368,0.3367,0.3367,284774.6
1790427600000,0.3367,0.3368,0.3365,0.3368,990059.1
1790428500000,0.3368,0.3368,0.3365,0.3366,314257.5
1790429400000,0.3366,0.3367,0.3365,0.3366,326986.8
1790430300000,0.3366,0.3366,0.3364,0.3365,362672.0
1790431200000,0.3365,0.3365,0.3363,0.3363,355469.2
1790432100000,0.3363,0.3364,0.3362,0.3364,340500.2
1790433000000,0.3364,0.3365,0.3362,0.3363,504999.1
1790433900000,0.3364,0.3365,0.3362,0.3364,365318.9
1790434800000,0.3364,0.3367,0.3363,0.3366,1105189.7
1790435700000,0.3367,0.3367,0.3365,0.3367,502408.7
1790436600000,0.3367,0.3367,0.3365,0.3366,516997.5
1790437500000,0.3366,0.3368,0.3365,0.3367,268374.8
1790438400000,0.3368,0.3368,0.3365,0.3367,459739.8
1790439300000,0.3367,0.3367,0.3365,0.3365,214700.2
1790440200000,0.3366,0.3366,0.3364,0.3365,243741.0
1790441100000,0.3365,0.3366,0.3364,0.3365,385169.5
1790442000000,0.3364,0.3366,0.3364,0.3366,411582.8
1790442900000,0.3365,0.3366,0.3362,0.3363,435565.3
1790443800000,0.3362,0.3363,0.3362,0.3363,182963.5
1790444700000,0.3363,0.3364,0.3362,0.3362,405785.1
1790445600000,0.3363,0.3363,0.3362,0.3363,234301.6
1790446500000,0.3363,0.3363,0.3361,0.3363,190823.7
1790447400000,0.3362,0.3363,0.3361,0.3361,304145.6
1790448300000,0.3362,0.3364,0.3361,0.3363,348488.1
1790449200000,0.3363,0.3363,0.3361,0.3362,264144.8
1790450100000,0.3362,0.3362,0.336,0.3361,139569.2
1790451000000,0.3361,0.3362,0.336,0.3361,489277.5
1790451900000,0.3362,0.3362,0.336,0.336,446195.9
1790452800000,0.3361,0.3362,0.3358,0.3359,858906.8
1790453700000,0.3359,0.3359,0.3355,0.3355,1113829.5
1790454600000,0.3355,0.3356,0.335,0.335,1968768.6
1790455500000,0.335,0.3351,0.3348,0.3349,1250203.0
1790456400000,0.3349,0.3352,0.3348,0.3352,270949.6
1790457300000,0.3352,0.3352,0.335,0.335,239332.9
1790458200000,0.3351,0.3352,0.3348,0.3349,598812.5
1790459100000,0.3349,0.3349,0.3348,0.3349,295576.4
1790460000000,0.3348,0.335,0.3344,0.3347,1943992.3
1790460900000,0.3346,0.3347,0.3344,0.3344,1248774.6
1790461800000,0.3344,0.3345,0.3341,0.3342,1548954.4
1790462700000,0.3342,0.3343,0.3341,0.3343,324576.6
1790463600000,0.3343,0.3344,0.3342,0.3342,228665.6
1790464500000,0.3343,0.3343,0.3341,0.3342,202293.5
1790465400000,0.3342,0.3345,0.3341,0.3343,546141.9
1790466300000,0.3342,0.3345,0.3342,0.3343,249320.9
1790467200000,0.3343,0.3344,0.3341,0.3342,496547.0
1790468100000,0.3341,0.3342,0.334,0.3341,599699.5
1790469000000,0.3341,0.3341,0.334,0.3341,219847.1
1790469900000,0.334,0.3341,0.3337,0.3337,1305888.1
1790470800000,0.3337,0.3338,0.3326,0.3326,3944900.7
1790471700000,0.3326,0.3327,0.3324,0.3326,1003293.6
1790472600000,0.3327,0.3336,0.3325,0.3335,2037360.8
1790473500000,0.3336,0.3336,0.3333,0.3335,1140340.1
1790474400000,0.3334,0.3336,0.3332,0.3333,1291107.3
1790475300000,0.3333,0.3337,0.3332,0.3336,983370.3
1790476200000,0.3335,0.3336,0.3331,0.3331,653836.4
1790477100000,0.3331,0.3333,0.333,0.3331,677027.6
1790478000000,0.333,0.3331,0.3329,0.333,658339.6
1790478900000,0.3329,0.3331,0.3328,0.3329,958800.0
1790479800000,0.333,0.333,0.3328,0.3329,648522.9
1790480700000,0.3329,0.3332,0.3329,0.3329,634321.7
1790481600000,0.3329,0.3332,0.3327,0.333,797643.5
1790482500000,0.333,0.3332,0.333,0.3331,202262.7
1790483400000,0.333,0.3333,0.333,0.3331,509555.2
1790484300000,0.3331,0.3333,0.3331,0.3332,301214.8
1790485200000,0.3332,0.3332,0.3329,0.3331,548644.4
1790486100000,0.333,0.3332,0.333,0.3332,484876.9
1790487000000,0.3332,0.3334,0.3331,0.3333,615065.3
1790487900000,0.3334,0.3334,0.3332,0.3332,177396.6
1790488800000,0.3333,0.3333,0.3332,0.3333,222301.2
1790489700000,0.3332,0.3334,0.3332,0.3334,662657.8
1790490600000,0.3334,0.3334,0.3332,0.3334,288701.0
1790491500000,0.3333,0.3334,0.3331,0.3332,359118.1
1790492400000,0.3332,0.3333,0.3331,0.3333,220191.1
1790493300000,0.3333,0.3333,0.3332,0.3332,176947.0
1790494200000,0.3332,0.3335,0.3332,0.3335,600566.4
1790495100000,0.3335,0.3336,0.3334,0.3336,701477.8
1790496000000,0.3336,0.3339,0.3335,0.3339,1015084.3
1790496900000,0.3339,0.334,0.3338,0.334,694138.8
1790497800000,0.334,0.3344,0.3339,0.3343,1347950.1
1790498700000,0.3343,0.3344,0.3341,0.3342,334183.1
1790499600000,0.3342,0.3342,0.3338,0.334,680704.6
1790500500000,0.3339,0.334,0.3338,0.3339,630089.1
1790501400000,0.334,0.334,0.3336,0.3337,649845.5
1790502300000,0.3337,0.3339,0.3335,0.3337,801429.9
1790503200000,0.3337,0.3337,0.3334,0.3335,365481.3
1790504100000,0.3334,0.3336,0.3334,0.3336,451224.8
1790505000000,0.3335,0.3338,0.3335,0.3337,609781.8
1790505900000,0.3337,0.3339,0.3336,0.3339,692081.0
1790506800000,0.3339,0.3343,0.3339,0.3343,1523907.7
1790507700000,0.3343,0.3345,0.3341,0.3343,1091385.7
1790508600000,0.3344,0.3344,0.3341,0.3343,258753.9
1790509500000,0.3343,0.3343,0.3341,0.3342,278456.6
1790510400000,0.3342,0.3344,0.3341,0.3342,508060.7
1790511300000,0.3343,0.3344,0.3342,0.3343,261373.3
1790512200000,0.3344,0.3344,0.3343,0.3344,244532.6
1790513100000,0.3344,0.3344,0.3339,0.3341,389831.1
1790514000000,0.334,0.3341,0.3337,0.3338,736422.8
1790514900000,0.3337,0.3342,0.3337,0.334,355034.4
1790515800000,0.334,0.3341,0.3338,0.3339,572774.9
1790516700000,0.3338,0.334,0.3336,0.3338,808701.9
1790517600000,0.3339,0.3339,0.3335,0.3336,888060.2
1790518500000,0.3336,0.3336,0.3334,0.3335,472014.3
1790519400000,0.3334,0.3338,0.3334,0.3337,516180.5
1790520300000,0.3337,0.3338,0.3334,0.3337,271991.6
1790521200000,0.3337,0.3338,0.3335,0.3338,366182.5
1790522100000,0.3338,0.3339,0.3337,0.3338,277430.2
1790523000000,0.3338,0.3339,0.3336,0.3337,296166.6
1790523900000,0.3337,0.3338,0.3336,0.3338,208851.8
1790524800000,0.3338,0.3339,0.3337,0.3338,262403.4
1790525700000,0.3338,0.334,0.3337,0.334,331900.2
1790526600000,0.334,0.334,0.3336,0.3337,285175.3
1790527500000,0.3337,0.3338,0.3336,0.3337,288821.5
1790528400000,0.3337,0.3341,0.3336,0.3339,585280.2
1790529300000,0.3338,0.334,0.3338,0.3338,276893.9
1790530200000,0.3338,0.3341,0.3338,0.334,230719.1
1790531100000,0.334,0.3341,0.3339,0.3341,231883.8
1790532000000,0.3341,0.3342,0.3339,0.3341,304441.9
1790532900000,0.3342,0.3342,0.3341,0.3342,484348.8
1790533800000,0.3342,0.3346,0.334,0.3344,2284833.7
1790534700000,0.3345,0.3346,0.3343,0.3346,208329.1
1790535600000,0.3346,0.3346,0.3343,0.3345,292002.5
1790536500000,0.3345,0.3347,0.3344,0.3344,311190.8
1790537400000,0.3344,0.3345,0.3339,0.334,1126582.0
1790538300000,0.3339,0.3341,0.3339,0.334,275120.5
1790539200000,0.3341,0.3341,0.3338,0.334,410710.9
1790540100000,0.3341,0.3341,0.3338,0.3338,384038.0
1790541000000,0.3339,0.3339,0.3337,0.3337,330508.5
1790541900000,0.3337,0.3338,0.3337,0.3337,239354.4
1790542800000,0.3337,0.3339,0.3337,0.3339,289081.6
1790543700000,0.3338,0.3339,0.3337,0.3337,172263.2
1790544600000,0.3337,0.3338,0.3335,0.3335,963022.8
1790545500000,0.3336,0.3337,0.3335,0.3337,447257.4
1790546400000,0.3337,0.3338,0.3334,0.3334,964005.2
1790547300000,0.3334,0.3337,0.3334,0.3334,584365.5
1790548200000,0.3335,0.3335,0.3334,0.3334,246862.5
1790549100000,0.3334,0.3336,0.3334,0.3335,207888.5
1790550000000,0.3335,0.3336,0.3333,0.3334,189964.8
1790550900000,0.3333,0.3335,0.3333,0.3335,163224.3
1790551800000,0.3334,0.3335,0.3333,0.3333,311385.0
1790552700000,0.3333,0.3335,0.3333,0.3334,198965.8
1790553600000,0.3334,0.3338,0.3334,0.3334,409666.4
1790554500000,0.3334,0.3338,0.3334,0.3337,366925.2
1790555400000,0.3337,0.3338,0.3335,0.3336,300298.7
1790556300000,0.3337,0.3341,0.3337,0.3341,1117653.0
1790557200000,0.334,0.3344,0.3339,0.3344,1209544.9
1790558100000,0.3343,0.3345,0.3343,0.3345,586905.2
1790559000000,0.3345,0.3347,0.3344,0.3347,678044.8
1790559900000,0.3346,0.3347,0.334,0.3343,1364610.3
1790560800000,0.3342,0.3344,0.3341,0.3343,737617.2
1790561700000,0.3344,0.3344,0.3341,0.3342,401582.8
1790562600000,0.3342,0.3343,0.3337,0.3338,1634096.7
1790563500000,0.3337,0.3338,0.3335,0.3335,1540960.1
1790564400000,0.3336,0.3336,0.3334,0.3335,455227.4
1790565300000,0.3335,0.3338,0.3334,0.3338,359610.8
1790566200000,0.3337,0.334,0.3336,0.3339,1141675.6
1790567100000,0.3339,0.3341,0.3338,0.3341,437339.7
1790568000000,0.3341,0.3341,0.3338,0.3341,516263.2
1790568900000,0.3341,0.3341,0.334,0.3341,519132.0
1790569800000,0.3341,0.3342,0.334,0.3342,360912.1
1790570700000,0.3341,0.3342,0.3339,0.334,156107.8
1790571600000,0.334,0.3341,0.3339,0.3339,265651.5
1790572500000,0.334,0.3341,0.3337,0.3338,297609.3
1790573400000,0.3338,0.3339,0.333,0.3334,2802738.4
1790574300000,0.3334,0.3336,0.3332,0.3335,859132.6
1790575200000,0.3336,0.3337,0.3335,0.3337,542389.9
1790576100000,0.3337,0.3337,0.3335,0.3337,310975.6
1790577000000,0.3336,0.3338,0.3335,0.3338,298475.2
1790577900000,0.3338,0.3339,0.3337,0.3338,651654.5
1790578800000,0.3338,0.3341,0.3337,0.3337,1614053.9
1790579700000,0.3338,0.3339,0.3335,0.3336,694186.6
1790580600000,0.3336,0.3337,0.3333,0.3337,1283084.5
1790581500000,0.3337,0.3338,0.3336,0.3338,349922.7
1790582400000,0.3337,0.3339,0.3335,0.3337,1147828.5
1790583300000,0.3337,0.3339,0.3337,0.3338,295608.4
1790584200000,0.3339,0.3339,0.3338,0.3339,269044.0
1790585100000,0.3339,0.334,0.3338,0.3339,400493.0
1790586000000,0.334,0.3341,0.3337,0.3341,817619.4
1790586900000,0.334,0.3343,0.334,0.3343,1143523.8
1790587800000,0.3343,0.3343,0.3339,0.334,586923.9
1790588700000,0.334,0.3342,0.3339,0.3342,469912.8
1790589600000,0.3342,0.3344,0.3339,0.334,1076424.2
1790590500000,0.334,0.3342,0.3339,0.3341,554558.7
1790591400000,0.3342,0.3345,0.3341,0.3345,926024.7
1790592300000,0.3345,0.3345,0.3343,0.3344,569374.1
1790593200000,0.3345,0.3345,0.3342,0.3343,1023445.6
1790594100000,0.3342,0.3343,0.3341,0.3342,494997.0
1790595000000,0.3342,0.3343,0.3341,0.3342,652243.8
1790595900000,0.3342,0.3342,0.334,0.3341,706538.8
1790596800000,0.3341,0.3346,0.3341,0.3346,1693852.9
1790597700000,0.3346,0.3359,0.3345,0.3358,6363753.6
1790598600000,0.3358,0.3358,0.3349,0.335,1235174.9
1790599500000,0.335,0.3353,0.3349,0.3352,667589.0
1790600400000,0.3353,0.3353,0.3347,0.3348,1801900.0
1790601300000,0.3348,0.335,0.3347,0.3349,439167.9
1790602200000,0.335,0.3351,0.3348,0.3349,495020.0
1790603100000,0.3349,0.3351,0.3348,0.335,1088212.8
1790604000000,0.335,0.3351,0.3348,0.3349,459688.6
1790604900000,0.3348,0.3349,0.3343,0.3344,2549566.2
1790605800000,0.3344,0.3347,0.3341,0.3342,2059693.8
1790606700000,0.3342,0.3343,0.3339,0.334,1498937.5
1790607600000,0.334,0.3343,0.3339,0.3339,1327302.5
1790608500000,0.3339,0.3341,0.3337,0.3341,1386255.6
1790609400000,0.3341,0.3347,0.334,0.3346,2116949.8
1790610300000,0.3346,0.3347,0.3345,0.3345,366507.6
1790611200000,0.3345,0.3345,0.3341,0.3342,1274303.5
1790612100000,0.3342,0.3348,0.3341,0.3346,1411188.0
1790613000000,0.3347,0.3348,0.3346,0.3347,504324.8
1790613900000,0.3348,0.3349,0.3346,0.3348,1041306.7
1790614800000,0.3348,0.335,0.3346,0.335,933899.8
1790615700000,0.335,0.3351,0.3348,0.3351,938013.7
1790616600000,0.3351,0.3353,0.335,0.3353,1111740.9
1790617500000,0.3353,0.3353,0.3352,0.3352,260996.0
1790618400000,0.3353,0.336,0.3352,0.336,2992653.3
1790619300000,0.336,0.3361,0.3359,0.3359,893784.7
1790620200000,0.336,0.3361,0.3359,0.336,367328.6
1790621100000,0.336,0.3365,0.336,0.3365,1898095.2
1790622000000,0.3365,0.3366,0.3361,0.3364,1363616.2
1790622900000,0.3365,0.3365,0.3362,0.3363,408488.2
1790623800000,0.3362,0.3365,0.3359,0.336,931070.1
1790624700000,0.3361,0.3362,0.336,0.3362,315715.6
1790625600000,0.3362,0.3363,0.336,0.3362,740837.4
1790626500000,0.3362,0.3362,0.3359,0.336,204125.7
1790627400000,0.3359,0.3361,0.3359,0.336,278677.4
1790628300000,0.3359,0.336,0.3359,0.336,268971.6
1790629200000,0.336,0.336,0.3358,0.336,242113.8
1790630100000,0.336,0.336,0.3359,0.336,142735.1
1790631000000,0.336,0.336,0.3358,0.3358,232946.4
1790631900000,0.3359,0.3359,0.3356,0.3357,651298.8
1790632800000,0.3356,0.3359,0.3356,0.3359,557815.1
1790633700000,0.3358,0.336,0.3358,0.3359,104227.2
1790634600000,0.3359,0.3361,0.3358,0.3359,171030.8
1790635500000,0.336,0.336,0.3358,0.3359,317111.1
1790636400000,0.3359,0.3361,0.3358,0.336,183123.5
1790637300000,0.3359,0.3361,0.3357,0.3358,443488.4
1790638200000,0.3358,0.3359,0.3355,0.3355,813634.1
1790639100000,0.3355,0.3356,0.3355,0.3356,107587.0
1790640000000,0.3355,0.3357,0.3354,0.3355,907585.0
1790640900000,0.3355,0.3358,0.3354,0.3356,419081.8
1790641800000,0.3357,0.3357,0.3355,0.3356,181618.6
1790642700000,0.3356,0.3357,0.3353,0.3353,872892.5
1790643600000,0.3353,0.3354,0.3351,0.3352,1361788.5
1790644500000,0.3351,0.3352,0.3347,0.3347,1927843.6
1790645400000,0.3347,0.3348,0.3345,0.3345,2101336.1
1790646300000,0.3345,0.335,0.3345,0.335,521423.1
1790647200000,0.335,0.3351,0.3349,0.3349,662109.1
1790648100000,0.335,0.3351,0.3346,0.3347,1074973.1
1790649000000,0.3347,0.3348,0.3345,0.3347,574241.0
1790649900000,0.3347,0.3347,0.3345,0.3346,147292.7
1790650800000,0.3346,0.3347,0.3341,0.3342,1670613.4
1790651700000,0.3342,0.3345,0.3341,0.3345,420454.0
1790652600000,0.3345,0.3345,0.3343,0.3344,219407.0
1790653500000,0.3344,0.3345,0.3343,0.3345,225338.0
1790654400000,0.3346,0.3346,0.3342,0.3343,462910.5
1790655300000,0.3343,0.3345,0.3342,0.3343,307786.7
1790656200000,0.3343,0.3343,0.3341,0.3341,400819.1
1790657100000,0.3341,0.3343,0.3341,0.3343,510862.5
1790658000000,0.3343,0.3343,0.3341,0.3343,232062.2
1790658900000,0.3343,0.3345,0.3342,0.3344,204553.4
1790659800000,0.3344,0.3345,0.3341,0.3344,388218.7
1790660700000,0.3345,0.3346,0.3343,0.3346,484020.3
1790661600000,0.3346,0.3349,0.3344,0.3348,1638352.1
1790662500000,0.3348,0.3349,0.3347,0.3347,270394.2
1790663400000,0.3347,0.3349,0.3347,0.3349,520836.8
1790664300000,0.3349,0.335,0.3348,0.3349,331537.8
1790665200000,0.3349,0.3351,0.3348,0.335,860271.5
1790666100000,0.3351,0.3363,0.3351,0.3359,4718315.3
1790667000000,0.336,0.336,0.3356,0.3357,518141.0
1790667900000,0.3358,0.3358,0.3356,0.3357,488542.7
1790668800000,0.3357,0.336,0.3356,0.3357,536837.0
1790669700000,0.3357,0.3358,0.3356,0.3357,658477.7
1790670600000,0.3357,0.3357,0.3354,0.3356,474713.7
1790671500000,0.3355,0.3358,0.3354,0.3358,664890.6
1790672400000,0.3357,0.3359,0.3355,0.3356,1295317.3
1790673300000,0.3355,0.3359,0.3355,0.3359,380413.7
1790674200000,0.3358,0.3362,0.3357,0.3357,1250208.2
1790675100000,0.3357,0.3358,0.3356,0.3357,542700.8
1790676000000,0.3357,0.3357,0.3355,0.3355,409694.5
1790676900000,0.3356,0.3357,0.3354,0.3354,856231.3
1790677800000,0.3355,0.3355,0.3354,0.3354,472826.5
1790678700000,0.3354,0.3357,0.3354,0.3355,401644.9
1790679600000,0.3355,0.3356,0.3354,0.3356,333996.0
1790680500000,0.3355,0.3357,0.3355,0.3356,219570.5
1790681400000,0.3355,0.3356,0.3354,0.3354,428411.7
1790682300000,0.3355,0.3357,0.3354,0.3356,564885.0
1790683200000,0.3356,0.3357,0.3354,0.3357,585913.3
1790684100000,0.3357,0.3358,0.3354,0.3356,673274.8
1790685000000,0.3356,0.3357,0.3354,0.3355,478736.9
1790685900000,0.3355,0.3355,0.335,0.3352,1953108.2
1790686800000,0.3351,0.3353,0.335,0.3352,966627.0
1790687700000,0.3352,0.3354,0.3351,0.3352,451615.9
1790688600000,0.3352,0.3352,0.3349,0.335,420961.3
1790689500000,0.3349,0.3353,0.3349,0.3351,471123.4
1790690400000,0.3351,0.3352,0.3349,0.335,392275.1
1790691300000,0.335,0.3353,0.3349,0.3351,525299.3
1790692200000,0.3352,0.3354,0.3351,0.3352,527802.9
1790693100000,0.3353,0.3354,0.3351,0.3351,382345.1
1790694000000,0.3351,0.3352,0.3347,0.3347,1826414.2
1790694900000,0.3348,0.3348,0.3341,0.3341,3289167.5
1790695800000,0.3342,0.3343,0.3341,0.3342,601247.0
1790696700000,0.3342,0.3343,0.334,0.334,802290.6
1790697600000,0.334,0.3345,0.334,0.3343,1396560.2
1790698500000,0.3344,0.335,0.3343,0.3347,2063444.1
1790699400000,0.3347,0.3348,0.3344,0.3345,796345.4
1790700300000,0.3344,0.3347,0.3344,0.3347,792845.3
1790701200000,0.3347,0.335,0.3346,0.3348,1488681.2
1790702100000,0.3348,0.3351,0.3346,0.335,681608.4
1790703000000,0.3351,0.3351,0.3349,0.335,215580.7
1790703900000,0.3351,0.3351,0.3348,0.335,347147.7
1790704800000,0.3349,0.3351,0.3349,0.335,521192.9
1790705700000,0.335,0.3351,0.3349,0.3349,453860.2
1790706600000,0.3349,0.3352,0.3349,0.3351,825079.0
1790707500000,0.3351,0.3355,0.3351,0.3355,979898.2
1790708400000,0.3354,0.3355,0.3352,0.3353,614549.7
1790709300000,0.3352,0.3353,0.3351,0.3353,229446.2
1790710200000,0.3353,0.3354,0.335,0.3351,440455.8
1790711100000,0.335,0.3351,0.335,0.335,129129.8
1790712000000,0.335,0.3352,0.335,0.3352,148203.5
1790712900000,0.3352,0.3353,0.3351,0.3353,269317.4
1790713800000,0.3353,0.3353,0.3352,0.3352,143008.7
1790714700000,0.3352,0.3353,0.3351,0.3351,402770.9
1790715600000,0.3352,0.3352,0.335,0.3351,252956.4
1790716500000,0.3352,0.3352,0.3349,0.3349,384813.4
1790717400000,0.3349,0.335,0.3349,0.3349,290399.0
1790718300000,0.3349,0.3351,0.3349,0.335,342109.4
1790719200000,0.335,0.335,0.3349,0.3349,156910.1
1790720100000,0.3349,0.335,0.3348,0.3349,385094.2
1790721000000,0.3349,0.335,0.3348,0.335,274554.4
1790721900000,0.335,0.335,0.3348,0.3349,188489.4
1790722800000,0.3349,0.335,0.3348,0.3349,180608.7
1790723700000,0.3349,0.3351,0.3348,0.3349,885851.9
1790724600000,0.3348,0.3349,0.3347,0.3347,498542.3
1790725500000,0.3347,0.3348,0.3344,0.3344,1155425.5
1790726400000,0.3344,0.3345,0.3342,0.3342,1056739.7
1790727300000,0.3342,0.3346,0.3342,0.3346,483568.6
1790728200000,0.3346,0.3346,0.3343,0.3344,359474.6
1790729100000,0.3343,0.3345,0.3343,0.3345,304855.7
1790730000000,0.3345,0.3345,0.3343,0.3343,177908.9
1790730900000,0.3343,0.3347,0.3343,0.3345,397587.7
1790731800000,0.3346,0.3347,0.3345,0.3346,347948.5
1790732700000,0.3346,0.3348,0.3346,0.3346,187377.5
1790733600000,0.3347,0.3351,0.3346,0.3349,1795357.2
1790734500000,0.3349,0.3352,0.3349,0.3351,1105491.8
1790735400000,0.3351,0.3352,0.3349,0.3351,369899.0
1790736300000,0.3352,0.3354,0.3351,0.3354,951989.2
1790737200000,0.3354,0.3355,0.3352,0.3352,799101.7
1790738100000,0.3352,0.3355,0.3352,0.3354,461058.7
1790739000000,0.3355,0.3365,0.3354,0.3362,3136934.3
1790739900000,0.3362,0.3364,0.3359,0.336,499792.5
1790740800000,0.336,0.3363,0.3359,0.3362,401528.7
1790741700000,0.3363,0.3364,0.3362,0.3363,402454.8
1790742600000,0.3364,0.3366,0.3363,0.3365,1224321.2
1790743500000,0.3365,0.3366,0.3364,0.3365,347240.1
1790744400000,0.3365,0.3372,0.3364,0.337,1891795.6
1790745300000,0.3371,0.3372,0.337,0.3372,741346.0
1790746200000,0.3372,0.3377,0.3371,0.3376,2103292.9
1790747100000,0.3377,0.3377,0.3373,0.3376,658907.3
1790748000000,0.3376,0.3378,0.3372,0.3372,1159442.8
1790748900000,0.3372,0.3376,0.3372,0.3376,1157076.6
1790749800000,0.3375,0.3376,0.3372,0.3374,677098.6
1790750700000,0.3374,0.3375,0.3372,0.3375,619913.9
1790751600000,0.3374,0.3376,0.3372,0.3376,705988.9
1790752500000,0.3376,0.3379,0.3375,0.3378,1811472.8
1790753400000,0.3378,0.338,0.3378,0.3379,555631.0
1790754300000,0.338,0.3384,0.3379,0.3383,2789590.7
1790755200000,0.3384,0.3386,0.3378,0.3378,1861625.9
1790756100000,0.3378,0.3382,0.3378,0.3381,961331.2
1790757000000,0.3382,0.3382,0.338,0.3382,491623.2
1790757900000,0.3382,0.3383,0.3381,0.3382,758683.7
1790758800000,0.3381,0.3384,0.3381,0.3383,836646.6
1790759700000,0.3383,0.3384,0.338,0.3381,396027.8
1790760600000,0.3381,0.3384,0.338,0.3384,665134.1
1790761500000,0.3384,0.3386,0.3383,0.3383,1183652.8
1790762400000,0.3384,0.3388,0.3383,0.3387,1379294.0
1790763300000,0.3388,0.3389,0.3385,0.3386,1392037.6
1790764200000,0.3386,0.3388,0.3385,0.3387,753127.2
1790765100000,0.3386,0.3389,0.3386,0.3389,867372.1
1790766000000,0.3388,0.3393,0.3388,0.3392,2114418.9
1790766900000,0.3393,0.34,0.3392,0.3396,5851457.0
1790767800000,0.3397,0.3404,0.3397,0.3403,2930490.5
1790768700000,0.3404,0.3405,0.3402,0.3405,1330468.0
1790769600000,0.3404,0.3408,0.3396,0.3397,5386673.1
1790770500000,0.3398,0.3401,0.3397,0.3401,539408.0
1790771400000,0.34,0.3404,0.3399,0.3403,2380652.8
1790772300000,0.3403,0.3404,0.3401,0.3403,1698360.0
1790773200000,0.3403,0.3406,0.3401,0.3405,1500081.9
1790774100000,0.3405,0.3409,0.3401,0.3402,2232730.1
1790775000000,0.3401,0.3405,0.3395,0.3398,3617145.6
1790775900000,0.3399,0.34,0.3395,0.3396,645253.7
1790776800000,0.3396,0.34,0.3395,0.3399,1278559.3
1790777700000,0.3399,0.34,0.3395,0.3397,1226142.3
1790778600000,0.3396,0.3397,0.3388,0.339,5121501.7
1790779500000,0.339,0.3391,0.3387,0.3389,575873.1
1790780400000,0.339,0.3392,0.3389,0.3389,1870418.2
1790781300000,0.339,0.339,0.3384,0.3384,2208006.2
1790782200000,0.3384,0.3388,0.3384,0.3387,812980.4
1790783100000,0.3388,0.339,0.3385,0.3386,1206792.3
1790784000000,0.3385,0.3388,0.3382,0.3384,1813423.5
1790784900000,0.3385,0.3385,0.3381,0.3381,1334275.9
1790785800000,0.3381,0.3382,0.338,0.3381,874307.9
1790786700000,0.3381,0.3383,0.338,0.3381,295827.6
1790787600000,0.3382,0.3382,0.3378,0.338,1877118.0
1790788500000,0.338,0.3381,0.3379,0.338,300257.2
1790789400000,0.338,0.3381,0.3377,0.3378,1215456.0
1790790300000,0.3378,0.3379,0.3377,0.3379,421583.2
1790791200000,0.3378,0.3379,0.3376,0.3377,1525172.1
1790792100000,0.3377,0.3377,0.3374,0.3374,1497844.9
1790793000000,0.3374,0.3377,0.3374,0.3375,784214.4
1790793900000,0.3375,0.3376,0.3374,0.3376,371044.7
1790794800000,0.3376,0.3378,0.3375,0.3376,517279.3
1790795700000,0.3377,0.3378,0.3376,0.3378,224407.2
1790796600000,0.3378,0.338,0.3377,0.338,722790.6
1790797500000,0.3379,0.338,0.3378,0.3379,318141.5
1790798400000,0.338,0.3382,0.3379,0.338,1057850.0
1790799300000,0.338,0.3382,0.3379,0.3379,416575.2
1790800200000,0.3379,0.3381,0.3378,0.3381,362898.5
1790801100000,0.3381,0.3381,0.3379,0.3381,209527.7
1790802000000,0.3381,0.3382,0.338,0.3381,159821.0
1790802900000,0.3381,0.3382,0.338,0.338,231822.6
1790803800000,0.3381,0.3382,0.3378,0.3379,540600.2
1790804700000,0.338,0.338,0.3379,0.3379,200543.0
1790805600000,0.338,0.338,0.3377,0.3377,512867.2
1790806500000,0.3377,0.338,0.3377,0.3378,357711.4
1790807400000,0.3379,0.3379,0.3376,0.3376,956268.2
1790808300000,0.3376,0.3378,0.3376,0.3377,165479.1
1790809200000,0.3377,0.338,0.3376,0.3376,755718.9
1790810100000,0.3376,0.3377,0.3375,0.3375,282757.7
1790811000000,0.3375,0.3376,0.3373,0.3376,1515248.2
1790811900000,0.3376,0.3377,0.3374,0.3374,307918.7
1790812800000,0.3374,0.3382,0.3374,0.3381,2663579.3
1790813700000,0.338,0.3383,0.3378,0.3378,1364357.8
1790814600000,0.3378,0.338,0.3377,0.338,460375.6
1790815500000,0.338,0.3381,0.3379,0.3381,343882.0
1790816400000,0.3381,0.3382,0.3379,0.3381,271635.4
1790817300000,0.3381,0.3382,0.3379,0.3379,438504.3
1790818200000,0.3379,0.338,0.3378,0.3378,244879.2
1790819100000,0.3378,0.338,0.3378,0.338,225536.6
1790820000000,0.338,0.3381,0.3379,0.3381,153888.8
1790820900000,0.3381,0.3382,0.338,0.3382,390838.1
1790821800000,0.3381,0.3383,0.3381,0.3382,466082.0
1790822700000,0.3382,0.3383,0.3378,0.338,414838.4
1790823600000,0.3379,0.338,0.3375,0.3379,2229837.3
1790824500000,0.3379,0.3382,0.3378,0.3381,693600.1
1790825400000,0.3381,0.3386,0.3381,0.3386,1966820.8
1790826300000,0.3386,0.3386,0.3385,0.3385,122244.9
1790827200000,0.3385,0.3386,0.3383,0.3384,264581.7
1790828100000,0.3384,0.3384,0.3378,0.3378,1120049.0
1790829000000,0.3378,0.3379,0.3376,0.3376,759616.0
1790829900000,0.3376,0.3378,0.3376,0.3376,453068.4
1790830800000,0.3377,0.3379,0.3374,0.3378,823355.0
1790831700000,0.3377,0.338,0.3377,0.3378,508195.0
1790832600000,0.3378,0.3378,0.3376,0.3376,186956.9
1790833500000,0.3377,0.3378,0.3376,0.3376,290085.8
1790834400000,0.3376,0.3377,0.3375,0.3375,439605.1
1790835300000,0.3376,0.3377,0.3374,0.3374,1451508.9
1790836200000,0.3374,0.3375,0.3374,0.3374,333093.2
1790837100000,0.3375,0.3375,0.3374,0.3375,267544.2
1790838000000,0.3375,0.3378,0.3374,0.3375,489668.7
1790838900000,0.3375,0.3377,0.3374,0.3374,749019.5
1790839800000,0.3374,0.3377,0.3374,0.3374,766408.9
1790840700000,0.3374,0.3377,0.3374,0.3376,447315.9
1790841600000,0.3377,0.3377,0.3374,0.3374,464749.9
1790842500000,0.3374,0.3378,0.3373,0.3378,440981.1
1790843400000,0.3377,0.3378,0.3374,0.3376,584654.3
1790844300000,0.3375,0.3376,0.3374,0.3374,287740.7
1790845200000,0.3374,0.3375,0.3367,0.3367,3699723.9
1790846100000,0.3367,0.3368,0.3365,0.3367,1166183.6
1790847000000,0.3366,0.3367,0.3365,0.3365,1011774.1
1790847900000,0.3366,0.3366,0.3364,0.3364,1122231.4
1790848800000,0.3365,0.3365,0.336,0.336,2922200.8
1790849700000,0.336,0.3361,0.3335,0.3341,11512781.3
1790850600000,0.334,0.3341,0.3334,0.3335,2968263.7
1790851500000,0.3334,0.3335,0.3329,0.3329,3613019.8
1790852400000,0.3329,0.3338,0.3325,0.3333,6501576.0
1790853300000,0.3333,0.3333,0.3328,0.3329,1665198.5
1790854200000,0.333,0.3332,0.3329,0.3332,634108.3
1790855100000,0.3331,0.3333,0.3328,0.3328,1281254.9
1790856000000,0.3329,0.3331,0.3325,0.333,2554803.5
1790856900000,0.333,0.333,0.3324,0.3324,1638874.4
1790857800000,0.3324,0.333,0.3324,0.3326,3165097.5
1790858700000,0.3326,0.3332,0.3325,0.3329,1747326.1
1790859600000,0.3328,0.3329,0.3325,0.3327,870323.6
1790860500000,0.3328,0.333,0.3326,0.3329,468226.5
1790861400000,0.3329,0.3331,0.3329,0.333,951111.6
1790862300000,0.333,0.3331,0.3329,0.333,337969.2
1790863200000,0.333,0.333,0.3327,0.333,711390.4
1790864100000,0.3329,0.3332,0.3329,0.3331,385048.1
1790865000000,0.3331,0.3332,0.333,0.3331,340772.5
1790865900000,0.3332,0.3334,0.333,0.3334,561016.2
1790866800000,0.3334,0.3337,0.3333,0.3337,1750995.4
1790867700000,0.3337,0.3338,0.3335,0.3336,822096.3
1790868600000,0.3337,0.3339,0.3335,0.3337,685249.4
1790869500000,0.3337,0.3341,0.3337,0.334,1524904.9
1790870400000,0.3339,0.3342,0.3339,0.3342,1411746.0
1790871300000,0.3341,0.3349,0.3341,0.3345,2950558.5
1790872200000,0.3346,0.335,0.3345,0.3346,1055809.4
1790873100000,0.3346,0.3349,0.3341,0.3348,2487406.2
1790874000000,0.3348,0.335,0.3347,0.3348,523406.0
1790874900000,0.3348,0.3356,0.3347,0.3356,1573000.0
1790875800000,0.3356,0.3358,0.3354,0.3357,1064418.2
1790876700000,0.3356,0.3357,0.3353,0.3354,404004.4
1790877600000,0.3353,0.3355,0.3352,0.3353,313595.6
1790878500000,0.3353,0.3357,0.3352,0.3356,235302.2
1790879400000,0.3356,0.3358,0.3354,0.3355,641138.9
1790880300000,0.3355,0.3362,0.3354,0.3362,707848.8
1790881200000,0.3362,0.3365,0.3359,0.336,1057238.8
1790882100000,0.336,0.3362,0.3359,0.336,760714.7
1790883000000,0.3359,0.3364,0.3359,0.336,1215021.8
1790883900000,0.3361,0.3362,0.336,0.3362,418838.2
1790884800000,0.3361,0.3364,0.3357,0.336,966704.4
1790885700000,0.3359,0.336,0.3356,0.3356,433882.3
1790886600000,0.3357,0.3358,0.3356,0.3357,225277.4
1790887500000,0.3357,0.336,0.3354,0.3355,339064.4
1790888400000,0.3355,0.3356,0.3354,0.3354,342531.6
1790889300000,0.3354,0.3356,0.3354,0.3354,220463.6
1790890200000,0.3355,0.3355,0.3353,0.3353,479964.0
1790891100000,0.3353,0.3354,0.3353,0.3353,235766.1
1790892000000,0.3353,0.3355,0.3352,0.3352,710380.6
1790892900000,0.3352,0.3354,0.3352,0.3353,262313.2
1790893800000,0.3352,0.3354,0.3351,0.3352,798600.7
1790894700000,0.3351,0.3352,0.3351,0.3352,157763.4
1790895600000,0.3351,0.3351,0.335,0.335,616591.5
1790896500000,0.335,0.3351,0.335,0.335,126161.7
1790897400000,0.335,0.3351,0.3349,0.335,597834.6
1790898300000,0.3349,0.335,0.3348,0.3348,1162534.1
1790899200000,0.3348,0.3349,0.3343,0.3343,1548389.6
1790900100000,0.3344,0.3346,0.3343,0.3344,645233.0
1790901000000,0.3343,0.3346,0.3343,0.3344,559152.8
1790901900000,0.3344,0.3345,0.3343,0.3343,171272.6
1790902800000,0.3343,0.3344,0.3343,0.3344,189667.7
1790903700000,0.3344,0.3346,0.3342,0.3343,247836.3
1790904600000,0.3343,0.3344,0.3343,0.3344,155156.9
1790905500000,0.3344,0.3346,0.3343,0.3345,303411.0
1790906400000,0.3345,0.3346,0.3344,0.3345,314903.5
1790907300000,0.3344,0.3347,0.3344,0.3345,533846.8
1790908200000,0.3345,0.3346,0.3344,0.3344,154647.2
1790909100000,0.3344,0.3346,0.3344,0.3346,373078.4
1790910000000,0.3345,0.3347,0.3345,0.3347,741400.8
1790910900000,0.3347,0.3347,0.3344,0.3345,325517.9
1790911800000,0.3345,0.3347,0.3344,0.3345,159587.0
1790912700000,0.3346,0.3346,0.3345,0.3345,212681.2
1790913600000,0.3346,0.3347,0.3344,0.3344,325948.0
1790914500000,0.3345,0.3354,0.3344,0.3354,3083117.7
1790915400000,0.3354,0.3355,0.3351,0.3353,957706.7
1790916300000,0.3353,0.3355,0.3351,0.3353,702459.0
1790917200000,0.3353,0.3353,0.3351,0.3352,456842.4
1790918100000,0.3351,0.3352,0.3345,0.3346,3211671.0
1790919000000,0.3346,0.3346,0.3342,0.3345,1920577.4
1790919900000,0.3344,0.3346,0.334,0.3343,1410933.9
1790920800000,0.3342,0.3343,0.3341,0.3342,199480.6
1790921700000,0.3342,0.3343,0.3341,0.3343,300201.5
1790922600000,0.3343,0.3345,0.3342,0.3342,697308.0
1790923500000,0.3343,0.3343,0.3341,0.3342,350063.5
1790924400000,0.3343,0.3344,0.3341,0.3343,390890.5
1790925300000,0.3343,0.3344,0.3342,0.3343,290496.6
1790926200000,0.3342,0.3344,0.3341,0.3344,389743.2
1790927100000,0.3344,0.3347,0.3343,0.3346,1334874.6
1790928000000,0.3346,0.3347,0.3344,0.3345,394151.2
1790928900000,0.3344,0.3348,0.3344,0.3347,1053938.2
1790929800000,0.3346,0.3347,0.3344,0.3345,547713.2
1790930700000,0.3345,0.3349,0.3344,0.3346,2851250.5
1790931600000,0.3346,0.3349,0.3345,0.3348,1079922.3
1790932500000,0.3347,0.3348,0.3346,0.3346,325831.5
1790933400000,0.3347,0.3347,0.3345,0.3347,549593.5
1790934300000,0.3346,0.3347,0.3345,0.3346,551085.4
1790935200000,0.3346,0.3346,0.3344,0.3345,299711.9
1790936100000,0.3344,0.3346,0.3344,0.3345,703193.0
1790937000000,0.3344,0.3351,0.3344,0.3351,1646112.2
1790937900000,0.335,0.3352,0.3349,0.3351,1437706.2
1790938800000,0.3351,0.3353,0.335,0.3351,588422.2
1790939700000,0.3351,0.3351,0.3349,0.3351,431053.9
1790940600000,0.335,0.3353,0.335,0.3353,1078588.9
1790941500000,0.3353,0.3354,0.3347,0.3348,490807.5
1790942400000,0.3348,0.335,0.3347,0.3348,530978.8
1790943300000,0.3348,0.3349,0.3347,0.3348,396827.2
1790944200000,0.3348,0.3352,0.3348,0.335,1419188.0
1790945100000,0.3349,0.3351,0.3347,0.3349,1422562.0
1790946000000,0.3349,0.335,0.3347,0.3348,428081.3
1790946900000,0.3347,0.335,0.3347,0.3349,588893.9
1790947800000,0.3349,0.3352,0.3348,0.335,914813.7
1790948700000,0.3349,0.335,0.3348,0.3348,426844.6
1790949600000,0.3348,0.3351,0.3347,0.3349,665635.2
1790950500000,0.3349,0.3352,0.3348,0.3352,670581.1
1790951400000,0.3352,0.3352,0.335,0.3351,338074.4
1790952300000,0.3351,0.3351,0.3346,0.335,914069.5
1790953200000,0.335,0.3353,0.3349,0.3353,898251.0
1790954100000,0.3353,0.3355,0.3351,0.3355,765737.2
1790955000000,0.3355,0.3357,0.3354,0.3357,1149013.8
1790955900000,0.3357,0.3363,0.3356,0.3363,2596340.4
1790956800000,0.3363,0.337,0.3362,0.3367,3542841.2
1790957700000,0.3367,0.3367,0.336,0.3361,2355390.8
1790958600000,0.3361,0.3362,0.3357,0.3358,1312106.0
1790959500000,0.3358,0.336,0.3357,0.3359,449500.3
1790960400000,0.3359,0.3363,0.3358,0.3362,941220.1
1790961300000,0.3362,0.3364,0.336,0.3361,834489.2
1790962200000,0.336,0.3362,0.336,0.3361,501399.1
1790963100000,0.3361,0.3365,0.336,0.3364,972004.4
1790964000000,0.3364,0.3365,0.3359,0.3361,1287296.4
1790964900000,0.336,0.3362,0.3359,0.336,339399.0
1790965800000,0.336,0.336,0.3352,0.3352,2771723.0
1790966700000,0.3352,0.3353,0.3351,0.3353,955480.5
1790967600000,0.3353,0.3353,0.3349,0.335,744158.8
1790968500000,0.335,0.3351,0.3349,0.335,367036.4
1790969400000,0.3351,0.3351,0.335,0.3351,186086.6
1790970300000,0.3351,0.3351,0.3349,0.3349,233469.7
1790971200000,0.335,0.3351,0.3346,0.3347,1206647.9
1790972100000,0.3346,0.3348,0.3346,0.3346,370516.7
1790973000000,0.3346,0.3348,0.3345,0.3345,637705.4
1790973900000,0.3345,0.3346,0.3345,0.3345,356110.7
1790974800000,0.3345,0.3346,0.3343,0.3344,772745.8
1790975700000,0.3344,0.3344,0.3342,0.3342,684253.6
1790976600000,0.3343,0.3344,0.3342,0.3343,318598.3
1790977500000,0.3343,0.3344,0.3342,0.3344,225861.2
1790978400000,0.3344,0.3345,0.3342,0.3343,375977.7
1790979300000,0.3344,0.3344,0.3342,0.3344,708614.6
1790980200000,0.3344,0.3345,0.3343,0.3345,144466.8
1790981100000,0.3345,0.3346,0.3344,0.3346,312472.2
1790982000000,0.3346,0.3348,0.3345,0.3346,841641.1
1790982900000,0.3346,0.3348,0.3345,0.3346,617535.7
1790983800000,0.3347,0.3347,0.3345,0.3346,161244.1
1790984700000,0.3346,0.3347,0.3345,0.3347,304849.7
1790985600000,0.3346,0.3347,0.3344,0.3347,352941.7
1790986500000,0.3347,0.3347,0.3344,0.3344,600908.9
1790987400000,0.3344,0.3346,0.3344,0.3344,144166.3
1790988300000,0.3345,0.3346,0.3344,0.3345,223616.9
1790989200000,0.3346,0.3349,0.3345,0.3349,363796.4
1790990100000,0.3349,0.3349,0.3347,0.3348,216746.3
1790991000000,0.3348,0.335,0.3347,0.335,739414.0
1790991900000,0.335,0.335,0.3346,0.3346,249185.8
1790992800000,0.3347,0.3347,0.3345,0.3346,318608.3
1790993700000,0.3345,0.3346,0.3345,0.3345,119187.3
1790994600000,0.3346,0.3346,0.3344,0.3345,674413.9
1790995500000,0.3344,0.3345,0.3344,0.3344,200439.4
1790996400000,0.3344,0.3345,0.3344,0.3345,283371.4
1790997300000,0.3344,0.3345,0.3343,0.3344,193373.7
1790998200000,0.3344,0.3344,0.3343,0.3344,204897.2
1790999100000,0.3344,0.3344,0.3343,0.3344,521994.0
1791000000000,0.3343,0.3344,0.3342,0.3343,1060451.5
1791000900000,0.3342,0.3343,0.3342,0.3343,148568.4
1791001800000,0.3342,0.3345,0.3342,0.3344,219358.1
1791002700000,0.3343,0.3346,0.3343,0.3345,317386.4
1791003600000,0.3345,0.3347,0.3344,0.3347,605718.8
1791004500000,0.3347,0.3351,0.3346,0.3351,1115190.4
1791005400000,0.335,0.3351,0.3348,0.3349,342169.7
1791006300000,0.3348,0.335,0.3348,0.3348,210370.4
1791007200000,0.3348,0.3359,0.3348,0.3357,3826156.9
1791008100000,0.3356,0.3357,0.335,0.335,1079858.1
1791009000000,0.335,0.3353,0.335,0.3353,384132.8
1791009900000,0.3353,0.3353,0.3351,0.3352,258192.1
1791010800000,0.3352,0.3354,0.3351,0.3354,431935.7
1791011700000,0.3354,0.3355,0.3352,0.3353,389168.9
1791012600000,0.3353,0.3354,0.3352,0.3353,301564.2
1791013500000,0.3353,0.3353,0.3351,0.3353,572763.3
1791014400000,0.3353,0.3355,0.3351,0.3354,584168.9
1791015300000,0.3354,0.3355,0.3353,0.3355,263782.7
1791016200000,0.3354,0.3355,0.3354,0.3354,278099.9
1791017100000,0.3355,0.3355,0.3354,0.3355,265770.9
1791018000000,0.3354,0.3356,0.3354,0.3356,718088.6
1791018900000,0.3356,0.336,0.3355,0.336,2038074.5
1791019800000,0.3359,0.336,0.3359,0.3359,342930.7
1791020700000,0.336,0.3361,0.3359,0.336,464392.1
1791021600000,0.3361,0.3364,0.3361,0.3364,1933878.2
1791022500000,0.3364,0.3368,0.3363,0.3367,2066702.4
1791023400000,0.3367,0.3368,0.3365,0.3367,628448.2
1791024300000,0.3367,0.337,0.3367,0.337,1444158.2
1791025200000,0.337,0.3372,0.3369,0.3371,903992.6
1791026100000,0.3372,0.3374,0.3371,0.3372,1580019.2
1791027000000,0.3372,0.3372,0.3366,0.3369,765469.7
1791027900000,0.3368,0.3369,0.3365,0.3365,666901.8
1791028800000,0.3366,0.3367,0.3365,0.3366,593944.3
1791029700000,0.3365,0.3366,0.3364,0.3364,253568.6
1791030600000,0.3365,0.3365,0.3363,0.3364,619653.4
1791031500000,0.3364,0.3364,0.3359,0.336,2069759.3
1791032400000,0.3359,0.336,0.3356,0.3359,1854286.0
1791033300000,0.3358,0.336,0.3358,0.3359,451900.5
1791034200000,0.3359,0.336,0.3357,0.3357,321891.1
1791035100000,0.3358,0.336,0.3357,0.336,310766.2
1791036000000,0.3359,0.3361,0.3359,0.3361,364415.8
1791036900000,0.3361,0.3361,0.3359,0.3359,237548.1
1791037800000,0.336,0.3369,0.3359,0.3369,4443801.2
1791038700000,0.3369,0.3369,0.3368,0.3369,239808.0
1791039600000,0.3368,0.337,0.3368,0.337,677800.4
1791040500000,0.337,0.337,0.3366,0.3368,375289.5
1791041400000,0.3367,0.3369,0.3367,0.3369,200339.4
1791042300000,0.3368,0.3369,0.3367,0.3368,208610.1
1791043200000,0.3368,0.3369,0.3367,0.3369,433877.5
1791044100000,0.3368,0.3372,0.3368,0.3372,1312330.0
1791045000000,0.3372,0.3374,0.3371,0.3374,1100450.2
1791045900000,0.3374,0.3375,0.337,0.3371,668845.4
1791046800000,0.3371,0.3371,0.3368,0.3369,354549.4
1791047700000,0.3369,0.3369,0.3364,0.3364,699377.3
1791048600000,0.3364,0.3365,0.3363,0.3363,629481.6
1791049500000,0.3364,0.3364,0.336,0.3361,1186464.0
1791050400000,0.3361,0.3361,0.336,0.336,276172.0
1791051300000,0.336,0.3361,0.336,0.3361,237503.6
1791052200000,0.336,0.3361,0.3359,0.3359,791059.9
1791053100000,0.3359,0.336,0.3359,0.336,182701.2
1791054000000,0.336,0.336,0.3358,0.3358,302148.3
1791054900000,0.3359,0.336,0.3358,0.336,163600.0
1791055800000,0.336,0.336,0.3358,0.3359,159471.8
1791056700000,0.3359,0.3359,0.3358,0.3358,273453.4
1791057600000,0.3359,0.3359,0.3358,0.3359,245260.8
1791058500000,0.3359,0.3359,0.3357,0.3357,237583.2
1791059400000,0.3357,0.3358,0.3357,0.3357,206298.7
1791060300000,0.3358,0.3358,0.3357,0.3357,282099.6
1791061200000,0.3358,0.3358,0.3356,0.3356,1008441.6
1791062100000,0.3357,0.3357,0.3354,0.3355,751968.3
1791063000000,0.3354,0.3355,0.3353,0.3354,686530.2
1791063900000,0.3354,0.3354,0.3353,0.3353,179960.8
1791064800000,0.3354,0.3356,0.3353,0.3355,217808.9
1791065700000,0.3356,0.3356,0.3354,0.3354,494349.5
1791066600000,0.3354,0.3355,0.3353,0.3355,535786.8
1791067500000,0.3354,0.3355,0.3354,0.3355,163344.4
1791068400000,0.3355,0.3355,0.3354,0.3355,179244.8
1791069300000,0.3354,0.3355,0.3354,0.3355,150521.8
1791070200000,0.3354,0.3355,0.3353,0.3355,284189.0
1791071100000,0.3355,0.3356,0.3354,0.3354,238066.8
1791072000000,0.3354,0.336,0.3354,0.336,855818.1
1791072900000,0.336,0.336,0.3355,0.3356,539340.2
1791073800000,0.3355,0.3356,0.3354,0.3355,766273.1
1791074700000,0.3355,0.3357,0.3353,0.3357,628395.8
1791075600000,0.3357,0.3358,0.3356,0.3357,236569.1
1791076500000,0.3358,0.3358,0.3357,0.3357,202752.1
1791077400000,0.3358,0.3358,0.3357,0.3357,198989.1
1791078300000,0.3357,0.3358,0.3357,0.3358,122384.0
1791079200000,0.3357,0.3358,0.3355,0.3356,279711.2
1791080100000,0.3356,0.3356,0.3354,0.3354,315785.7
1791081000000,0.3355,0.3355,0.3354,0.3354,111251.8
1791081900000,0.3355,0.3355,0.3354,0.3355,178191.7
1791082800000,0.3354,0.3356,0.3354,0.3356,355848.6
1791083700000,0.3355,0.3356,0.3355,0.3356,260652.5
1791084600000,0.3356,0.3356,0.3354,0.3355,259069.9
1791085500000,0.3355,0.3355,0.3354,0.3355,160747.4
1791086400000,0.3355,0.3356,0.3354,0.3355,254338.3
1791087300000,0.3356,0.3356,0.3354,0.3355,355332.3
1791088200000,0.3354,0.3355,0.3354,0.3354,143743.1
1791089100000,0.3354,0.3355,0.3354,0.3354,98369.3
1791090000000,0.3354,0.3355,0.3354,0.3355,240231.4
1791090900000,0.3354,0.3355,0.3354,0.3354,126731.5
1791091800000,0.3355,0.3355,0.3354,0.3355,164690.5
1791092700000,0.3354,0.3355,0.3354,0.3355,107334.4
1791093600000,0.3355,0.3355,0.3353,0.3353,240448.3
1791094500000,0.3354,0.3354,0.3353,0.3354,299507.6
1791095400000,0.3353,0.3354,0.3353,0.3354,216897.1
1791096300000,0.3354,0.3354,0.3353,0.3354,191180.1
1791097200000,0.3354,0.3354,0.3352,0.3353,282206.2
1791098100000,0.3353,0.3354,0.3353,0.3354,204775.9
1791099000000,0.3353,0.3355,0.3353,0.3354,154135.4
1791099900000,0.3354,0.3355,0.335,0.3352,1151906.4
1791100800000,0.3352,0.3353,0.3351,0.3352,193776.1
1791101700000,0.3351,0.3353,0.3351,0.3351,310519.1
1791102600000,0.3352,0.3352,0.335,0.3351,287843.7
1791103500000,0.335,0.3351,0.335,0.335,211030.4
1791104400000,0.335,0.3351,0.335,0.335,347318.2
1791105300000,0.335,0.3352,0.335,0.3352,167488.6
1791106200000,0.3352,0.3357,0.3351,0.3357,1298961.1
1791107100000,0.3357,0.3358,0.3356,0.3356,438344.1
1791108000000,0.3357,0.3357,0.3355,0.3356,262786.4
1791108900000,0.3356,0.3358,0.3355,0.3357,892439.8
1791109800000,0.3358,0.3358,0.3355,0.3356,341400.7
1791110700000,0.3356,0.3357,0.3354,0.3356,1097164.3
1791111600000,0.3356,0.3358,0.3355,0.3358,427295.8
1791112500000,0.3358,0.3362,0.3357,0.3362,1913301.2
1791113400000,0.3362,0.3362,0.3361,0.3361,299977.3
1791114300000,0.3361,0.3362,0.336,0.3361,242421.0
1791115200000,0.3362,0.3364,0.336,0.336,1097075.3
1791116100000,0.3361,0.3364,0.336,0.3363,663137.3
1791117000000,0.3363,0.3364,0.3362,0.3363,196030.3
1791117900000,0.3363,0.3364,0.3361,0.3362,188852.0
1791118800000,0.3362,0.3365,0.3361,0.3364,373063.1
1791119700000,0.3365,0.3365,0.3363,0.3365,315468.3
1791120600000,0.3365,0.3365,0.3358,0.3359,1579198.4
1791121500000,0.3359,0.3359,0.3356,0.3356,868617.8
1791122400000,0.3357,0.3359,0.3356,0.3357,223673.3
1791123300000,0.3357,0.3358,0.3357,0.3357,231857.8
1791124200000,0.3358,0.3358,0.3356,0.3357,338983.3
1791125100000,0.3357,0.336,0.3356,0.336,840552.9
1791126000000,0.336,0.336,0.3357,0.3358,280218.0
1791126900000,0.3358,0.3358,0.3356,0.3358,426289.3
1791127800000,0.3358,0.3358,0.3356,0.3357,268823.9
1791128700000,0.3358,0.3358,0.3357,0.3358,239363.8
1791129600000,0.3358,0.3359,0.3356,0.3357,279577.1
1791130500000,0.3356,0.3359,0.3356,0.3357,461609.2
1791131400000,0.3358,0.3358,0.3356,0.3357,249241.8
1791132300000,0.3357,0.3358,0.3355,0.3356,201388.6
1791133200000,0.3356,0.3356,0.3354,0.3355,273778.9
1791134100000,0.3355,0.3355,0.3354,0.3355,231925.0
1791135000000,0.3354,0.3355,0.3354,0.3355,251252.7
1791135900000,0.3355,0.3356,0.3353,0.3354,610966.9
1791136800000,0.3353,0.3354,0.3353,0.3354,205219.1
1791137700000,0.3353,0.3354,0.3353,0.3354,234259.8
1791138600000,0.3353,0.3354,0.3353,0.3354,164447.7
1791139500000,0.3354,0.3355,0.3353,0.3355,265180.8
1791140400000,0.3355,0.3355,0.3353,0.3354,301941.1
1791141300000,0.3354,0.3358,0.3353,0.3357,1753030.5
1791142200000,0.3358,0.3358,0.3356,0.3357,141322.4
1791143100000,0.3356,0.3357,0.3354,0.3354,235059.2
1791144000000,0.3355,0.3356,0.3354,0.3356,208512.0
1791144900000,0.3355,0.3357,0.3355,0.3357,201483.7
1791145800000,0.3357,0.3357,0.3355,0.3355,121602.8
1791146700000,0.3356,0.3356,0.3355,0.3356,156598.2
1791147600000,0.3356,0.3358,0.3355,0.3357,1128368.8
1791148500000,0.3357,0.3358,0.3356,0.3357,248374.6
1791149400000,0.3357,0.3358,0.3356,0.3358,159091.0
1791150300000,0.3358,0.3358,0.3356,0.3357,233609.0
1791151200000,0.3357,0.3358,0.3356,0.3356,705516.7
1791152100000,0.3357,0.3358,0.3356,0.3358,343225.1
1791153000000,0.3358,0.3359,0.3356,0.3358,381496.4
1791153900000,0.3358,0.3359,0.3357,0.3357,262910.5
1791154800000,0.3357,0.3359,0.3357,0.3358,234772.0
1791155700000,0.3359,0.3359,0.3357,0.3358,322977.4
1791156600000,0.3357,0.3358,0.3356,0.3358,316882.9
1791157500000,0.3358,0.3358,0.3356,0.3357,221648.7
1791158400000,0.3357,0.3357,0.3355,0.3355,658376.7
1791159300000,0.3355,0.3356,0.3352,0.3352,1312537.0
1791160200000,0.3352,0.3357,0.3352,0.3356,1421066.0
1791161100000,0.3356,0.3359,0.3355,0.3358,948366.4
1791162000000,0.3359,0.3361,0.3358,0.336,697654.0
1791162900000,0.3361,0.3365,0.336,0.3363,1779856.3
1791163800000,0.3364,0.3364,0.3362,0.3363,317389.1
1791164700000,0.3362,0.3363,0.3361,0.3362,188942.5
1791165600000,0.3361,0.3363,0.3361,0.3363,197312.6
1791166500000,0.3362,0.3363,0.3361,0.3361,300981.5
1791167400000,0.3362,0.3362,0.336,0.336,233957.8
1791168300000,0.336,0.3361,0.3359,0.3359,407117.2
1791169200000,0.336,0.336,0.3358,0.3358,308999.8
1791170100000,0.3358,0.3359,0.3357,0.3358,318687.2
1791171000000,0.3358,0.336,0.3356,0.3357,382156.5
1791171900000,0.3356,0.3357,0.3355,0.3355,628060.4
1791172800000,0.3355,0.3356,0.3354,0.3354,329319.6
1791173700000,0.3355,0.3355,0.3353,0.3354,811721.7
1791174600000,0.3353,0.3354,0.3351,0.3352,1140336.7
1791175500000,0.3352,0.3352,0.3351,0.3351,298048.5
1791176400000,0.3352,0.3352,0.3351,0.3352,255013.5
1791177300000,0.3352,0.3352,0.3351,0.3352,297070.0
1791178200000,0.3352,0.3352,0.335,0.3351,667455.7
1791179100000,0.3351,0.3351,0.335,0.3351,347524.8
1791180000000,0.335,0.3351,0.335,0.3351,395132.1
1791180900000,0.3351,0.3351,0.335,0.3351,183103.8
1791181800000,0.3351,0.3351,0.335,0.3351,254512.5
1791182700000,0.335,0.3354,0.335,0.3353,355428.3
1791183600000,0.3353,0.3354,0.3351,0.3353,530375.3
1791184500000,0.3353,0.3354,0.3351,0.3353,536518.2
1791185400000,0.3353,0.3357,0.3352,0.3355,2149683.4
1791186300000,0.3355,0.3357,0.3354,0.3355,739978.2
1791187200000,0.3355,0.3357,0.3355,0.3356,530350.2
1791188100000,0.3356,0.3358,0.3355,0.3357,401039.0
1791189000000,0.3358,0.3359,0.3357,0.3359,1116606.9
1791189900000,0.3358,0.3359,0.3356,0.3358,437036.3
