open_time_ms,open,high,low,close,volume
1790877480000,0.25,0.2501,0.2498,0.2499,65714.3
1790877540000,0.2498,0.2505,0.2497,0.2505,212391.4
1790877600000,0.2504,0.2505,0.2498,0.25,166279.8
1790877660000,0.2498,0.2506,0.2497,0.2505,265730.9
1790877720000,0.2506,0.2506,0.25,0.2502,192402.2
1790877780000,0.2502,0.2502,0.2498,0.2498,94675.1
1790877840000,0.2498,0.2501,0.2497,0.2499,154513.9
1790877900000,0.2499,0.2501,0.2497,0.2497,76664.8
1790877960000,0.2497,0.2497,0.2494,0.2496,122496.0
1790878020000,0.2496,0.2499,0.2494,0.2499,126654.9
1790878080000,0.2498,0.2499,0.2496,0.2497,92440.8
1790878140000,0.2498,0.2502,0.2498,0.2502,42503.3
1790878200000,0.2501,0.2504,0.2498,0.2499,93777.9
1790878260000,0.25,0.2502,0.2499,0.2501,63629.9
1790878320000,0.2502,0.2504,0.2501,0.2504,114893.8
1790878380000,0.2504,0.2507,0.2502,0.2504,52299.5
1790878440000,0.2503,0.2504,0.25,0.2502,77079.1
1790878500000,0.2502,0.2503,0.25,0.25,73223.4
1790878560000,0.25,0.2501,0.2499,0.2501,25247.2
1790878620000,0.2501,0.2502,0.25,0.2502,6661.8
1790878680000,0.2501,0.2507,0.2501,0.2504,49839.9
1790878740000,0.2504,0.2504,0.25,0.25,37542.8
1790878800000,0.25,0.2502,0.2498,0.2499,32334.6
1790878860000,0.25,0.2502,0.2498,0.2498,120382.2
1790878920000,0.2497,0.2498,0.2495,0.2497,99574.7
1790878980000,0.2497,0.2504,0.2497,0.2503,276200.3
1790879040000,0.2502,0.2503,0.2498,0.2498,34481.4
1790879100000,0.2497,0.2498,0.2496,0.2498,112655.0
1790879160000,0.2498,0.2499,0.2496,0.2496,38985.7
1790879220000,0.2496,0.2498,0.2494,0.2494,61317.2
1790879280000,0.2494,0.2496,0.2492,0.2494,21246.8
1790879340000,0.2493,0.2495,0.2491,0.2492,88574.8
1790879400000,0.2492,0.2492,0.249,0.249,15509.9
1790879460000,0.2491,0.2491,0.2488,0.2491,56895.9
1790879520000,0.249,0.2495,0.249,0.2493,53093.2
1790879580000,0.2493,0.2494,0.2492,0.2493,25134.6
1790879640000,0.2492,0.25,0.2492,0.25,295643.5
1790879700000,0.2498,0.2504,0.2497,0.2503,106233.6
1790879760000,0.2502,0.2502,0.2498,0.2499,170212.0
1790879820000,0.2498,0.2502,0.2496,0.2501,184211.4
1790879880000,0.25,0.2512,0.25,0.2511,183802.4
1790879940000,0.251,0.2511,0.2504,0.2504,256275.6
1790880000000,0.2505,0.2505,0.2498,0.2499,179310.2
1790880060000,0.2498,0.2502,0.2497,0.2501,95884.4
1790880120000,0.2501,0.2503,0.2497,0.2498,40589.8
1790880180000,0.2498,0.2498,0.2494,0.2494,102333.4
1790880240000,0.2494,0.2498,0.2494,0.2497,37428.4
1790880300000,0.2497,0.2499,0.2496,0.2498,10799.2
1790880360000,0.2497,0.2497,0.2496,0.2496,49402.8
1790880420000,0.2497,0.2497,0.2491,0.2493,81489.4
1790880480000,0.2492,0.2493,0.2485,0.2486,215299.6
1790880540000,0.2485,0.2487,0.2484,0.2484,82773.9
1790880600000,0.2484,0.2487,0.2483,0.2486,73396.9
1790880660000,0.2486,0.2488,0.2485,0.2487,29595.2
1790880720000,0.2486,0.2487,0.2483,0.2484,42733.0
1790880780000,0.2483,0.2486,0.2483,0.2485,224932.5
1790880840000,0.2484,0.2484,0.2483,0.2484,21806.4
1790880900000,0.2484,0.2486,0.2482,0.2484,59391.0
1790880960000,0.2484,0.2485,0.2483,0.2484,22510.5
1790881020000,0.2484,0.2485,0.2483,0.2485,78664.5
1790881080000,0.2486,0.2487,0.2485,0.2487,48990.0
1790881140000,0.2488,0.2488,0.2487,0.2487,26537.0
1790881200000,0.2487,0.2489,0.2487,0.2488,20442.3
1790881260000,0.2487,0.2487,0.2482,0.2482,65508.1
1790881320000,0.2481,0.2482,0.248,0.2481,62006.7
1790881380000,0.2481,0.2483,0.2479,0.2483,158781.7
1790881440000,0.2483,0.2485,0.2482,0.2483,93290.6
1790881500000,0.2484,0.2486,0.2483,0.2486,35993.2
1790881560000,0.2486,0.2487,0.2484,0.2487,31036.2
1790881620000,0.2487,0.2492,0.2486,0.2489,87081.6
1790881680000,0.2488,0.2494,0.2487,0.2493,36626.6
1790881740000,0.2493,0.2495,0.2493,0.2495,44696.1
1790881800000,0.2494,0.2497,0.2493,0.2493,122581.8
1790881860000,0.2494,0.2494,0.2489,0.2489,33310.3
1790881920000,0.2489,0.2491,0.2488,0.2489,274928.9
1790881980000,0.2489,0.2493,0.2489,0.2493,28109.4
1790882040000,0.2492,0.2492,0.249,0.249,65425.2
1790882100000,0.2491,0.2494,0.2489,0.2494,30593.6
1790882160000,0.2493,0.2493,0.2491,0.2493,11183.6
1790882220000,0.2492,0.2492,0.2487,0.2487,25311.7
1790882280000,0.2486,0.2486,0.2484,0.2486,39236.3
1790882340000,0.2486,0.2488,0.2485,0.2485,33725.1
1790882400000,0.2484,0.2484,0.248,0.248,14706.0
1790882460000,0.248,0.2482,0.248,0.2481,60470.0
1790882520000,0.2481,0.2481,0.2472,0.2474,300395.0
1790882580000,0.2473,0.2475,0.2472,0.2474,171527.8
1790882640000,0.2475,0.2475,0.2473,0.2473,71080.7
1790882700000,0.2473,0.2475,0.2472,0.2474,24780.5
1790882760000,0.2474,0.2474,0.2473,0.2473,29761.5
1790882820000,0.2472,0.2472,0.2468,0.2469,81988.9
1790882880000,0.2469,0.247,0.2468,0.2468,47375.8
1790882940000,0.2468,0.2469,0.2463,0.2464,60606.7
1790883000000,0.2464,0.2467,0.2463,0.2467,117463.3
1790883060000,0.2468,0.2475,0.2468,0.2473,348638.4
1790883120000,0.2472,0.2476,0.2472,0.2474,41645.8
1790883180000,0.2475,0.2477,0.2472,0.2472,35775.7
1790883240000,0.2472,0.2473,0.2469,0.2471,27058.8
1790883300000,0.2471,0.2471,0.2468,0.2469,66023.7
1790883360000,0.247,0.2471,0.2468,0.2468,33301.6
1790883420000,0.2467,0.2467,0.2465,0.2465,15767.3
1790883480000,0.2465,0.2467,0.2465,0.2466,12372.3
1790883540000,0.2466,0.2469,0.2466,0.2467,17010.0
1790883600000,0.2467,0.2468,0.2465,0.2468,74977.7
1790883660000,0.2468,0.2472,0.2467,0.247,253958.3
1790883720000,0.247,0.247,0.2468,0.2469,21963.0
1790883780000,0.2468,0.2471,0.2468,0.2471,55412.7
1790883840000,0.247,0.247,0.2469,0.247,8103.2
1790883900000,0.2469,0.2473,0.2468,0.2473,137511.8
1790883960000,0.2473,0.2476,0.2472,0.2475,75949.2
1790884020000,0.2476,0.2476,0.2475,0.2475,17288.4
1790884080000,0.2476,0.2476,0.2473,0.2473,19428.2
1790884140000,0.2472,0.2477,0.2472,0.2477,20690.9
1790884200000,0.2477,0.2485,0.2477,0.2485,200658.2
1790884260000,0.2485,0.2486,0.2485,0.2486,106130.3
1790884320000,0.2485,0.2488,0.2483,0.2487,28080.1
1790884380000,0.2486,0.2486,0.2482,0.2484,115334.7
1790884440000,0.2485,0.2485,0.2478,0.2478,44166.3
1790884500000,0.2478,0.2478,0.2475,0.2477,109154.9
1790884560000,0.2478,0.2482,0.2477,0.2482,173594.0
1790884620000,0.2481,0.2482,0.2481,0.2482,51826.7
1790884680000,0.2481,0.2485,0.248,0.2485,25584.4
1790884740000,0.2485,0.2486,0.2482,0.2482,99553.9
1790884800000,0.2482,0.2491,0.2482,0.2491,88286.0
1790884860000,0.2491,0.2491,0.2485,0.2489,52831.9
1790884920000,0.249,0.2491,0.2487,0.2487,40443.8
1790884980000,0.2486,0.2488,0.2485,0.2485,16209.2
1790885040000,0.2486,0.249,0.2486,0.2489,4678.8
1790885100000,0.249,0.2491,0.2487,0.2487,80086.8
1790885160000,0.2487,0.2488,0.2487,0.2488,15802.0
1790885220000,0.2489,0.2489,0.2484,0.2484,8471.8
1790885280000,0.2484,0.2486,0.2483,0.2483,91481.0
1790885340000,0.2484,0.2486,0.2484,0.2486,43813.3
1790885400000,0.2485,0.2485,0.2483,0.2483,51224.6
1790885460000,0.2482,0.2484,0.2481,0.2483,10388.6
1790885520000,0.2484,0.2484,0.2482,0.2482,26097.2
1790885580000,0.2483,0.2485,0.2483,0.2485,16491.6
1790885640000,0.2486,0.2487,0.2483,0.2483,14524.0
1790885700000,0.2484,0.2487,0.2484,0.2486,30799.6
1790885760000,0.2486,0.2487,0.2484,0.2484,83174.3
1790885820000,0.2483,0.2484,0.2482,0.2482,91939.6
1790885880000,0.2482,0.2483,0.2482,0.2483,51010.4
1790885940000,0.2483,0.2484,0.2482,0.2484,20122.6
1790886000000,0.2484,0.2487,0.2484,0.2486,12615.3
1790886060000,0.2487,0.2487,0.2483,0.2483,8233.0
1790886120000,0.2482,0.2484,0.2482,0.2484,38621.8
1790886180000,0.2484,0.2484,0.2482,0.2482,53569.3
1790886240000,0.2483,0.2483,0.2481,0.2481,30000.9
1790886300000,0.2482,0.2483,0.2482,0.2483,18321.4
1790886360000,0.2483,0.2484,0.2479,0.2479,21523.7
1790886420000,0.2479,0.2483,0.2479,0.2482,32803.6
1790886480000,0.2482,0.2483,0.2482,0.2483,7369.1
1790886540000,0.2482,0.2482,0.248,0.248,11241.5
1790886600000,0.248,0.2483,0.248,0.2483,40994.4
1790886660000,0.2483,0.2484,0.2483,0.2483,67051.0
1790886720000,0.2484,0.2488,0.2484,0.2488,144671.1
1790886780000,0.2487,0.2488,0.2487,0.2488,19677.4
1790886840000,0.2488,0.2489,0.2488,0.2488,8509.5
1790886900000,0.2487,0.2487,0.2485,0.2485,33308.6
1790886960000,0.2485,0.2485,0.2484,0.2484,38931.6
1790887020000,0.2483,0.2484,0.2481,0.2484,9898.0
1790887080000,0.2484,0.2484,0.2483,0.2483,18090.1
1790887140000,0.2483,0.2484,0.2482,0.2483,28618.1
1790887200000,0.2482,0.2482,0.2479,0.2481,70829.9
1790887260000,0.2481,0.2481,0.2478,0.2478,11823.5
1790887320000,0.2477,0.2477,0.2475,0.2477,41350.1
1790887380000,0.2476,0.2479,0.2475,0.2479,8100.2
1790887440000,0.2479,0.248,0.2479,0.248,17111.6
1790887500000,0.2479,0.2479,0.2474,0.2475,56293.8
1790887560000,0.2475,0.248,0.2475,0.248,8171.8
1790887620000,0.248,0.2481,0.2478,0.2481,40979.9
1790887680000,0.2481,0.2481,0.248,0.248,2382.1
1790887740000,0.248,0.2481,0.2479,0.2479,5791.3
1790887800000,0.2478,0.2482,0.2478,0.2482,70592.1
1790887860000,0.2482,0.2483,0.248,0.248,5907.8
1790887920000,0.248,0.2481,0.2478,0.2481,38348.7
1790887980000,0.248,0.248,0.2478,0.2479,4913.3
1790888040000,0.2478,0.2478,0.2477,0.2477,27325.6
1790888100000,0.2477,0.248,0.2476,0.2479,15058.8
1790888160000,0.2479,0.2479,0.2475,0.2476,45280.3
1790888220000,0.2477,0.2478,0.2476,0.2477,42748.2
1790888280000,0.2478,0.2478,0.2475,0.2475,35559.8
1790888340000,0.2475,0.2475,0.2474,0.2474,10657.1
1790888400000,0.2474,0.2475,0.2473,0.2473,12172.3
1790888460000,0.2473,0.2474,0.2473,0.2473,14892.8
1790888520000,0.2473,0.2476,0.2473,0.2475,17296.5
1790888580000,0.2475,0.2476,0.2474,0.2474,23796.7
1790888640000,0.2473,0.2475,0.2473,0.2475,3322.5
1790888700000,0.2475,0.2475,0.2473,0.2474,28100.1
1790888760000,0.2475,0.2476,0.2474,0.2476,79300.9
1790888820000,0.2475,0.2476,0.2475,0.2476,9650.4
1790888880000,0.2475,0.2475,0.2473,0.2474,88329.9
1790888940000,0.2473,0.2473,0.2472,0.2472,6916.7
1790889000000,0.2472,0.2474,0.2472,0.2472,29475.3
1790889060000,0.2473,0.2473,0.2471,0.2471,12735.5
1790889120000,0.2471,0.2471,0.2471,0.2471,3461.1
1790889180000,0.2471,0.2471,0.2467,0.2467,70748.4
1790889240000,0.2467,0.2468,0.2465,0.2465,22401.7
1790889300000,0.2465,0.2466,0.2463,0.2464,62774.6
1790889360000,0.2465,0.2466,0.2462,0.2466,32001.4
1790889420000,0.2466,0.2469,0.2466,0.2468,47868.8
1790889480000,0.2468,0.2469,0.2466,0.2467,171569.5
1790889540000,0.2466,0.2468,0.2466,0.2468,5884.1
1790889600000,0.2468,0.2475,0.2468,0.2473,288757.0
1790889660000,0.2472,0.2472,0.2469,0.2469,34812.6
1790889720000,0.2468,0.2469,0.2467,0.2469,28078.0
1790889780000,0.2469,0.2469,0.2468,0.2468,18154.6
1790889840000,0.2467,0.2467,0.2466,0.2467,4973.2
1790889900000,0.2467,0.2467,0.2466,0.2466,1215.8
1790889960000,0.2466,0.2467,0.2466,0.2467,56672.8
1790890020000,0.2466,0.2468,0.2466,0.2468,181794.7
1790890080000,0.2467,0.2469,0.2464,0.2464,289439.7
1790890140000,0.2463,0.2463,0.2454,0.2456,182783.0
1790890200000,0.2456,0.2459,0.2455,0.2457,175250.9
1790890260000,0.2457,0.2458,0.2456,0.2457,109751.8
1790890320000,0.2457,0.2459,0.2456,0.2457,88059.0
1790890380000,0.2456,0.2456,0.2455,0.2455,16487.7
1790890440000,0.2455,0.2456,0.2453,0.2453,35826.3
1790890500000,0.2454,0.2456,0.2454,0.2456,41444.7
1790890560000,0.2457,0.2457,0.2456,0.2457,67701.4
1790890620000,0.2456,0.2456,0.2453,0.2454,218759.7
1790890680000,0.2453,0.2454,0.2452,0.2452,99697.0
1790890740000,0.2451,0.2452,0.2449,0.245,224531.1
1790890800000,0.245,0.245,0.2446,0.2448,116064.8
1790890860000,0.2449,0.245,0.2447,0.2447,171172.4
1790890920000,0.2447,0.2447,0.2446,0.2447,24850.0
1790890980000,0.2448,0.2451,0.2448,0.245,27313.9
1790891040000,0.245,0.2451,0.2446,0.2446,59459.0
1790891100000,0.2446,0.245,0.2446,0.2449,84315.3
1790891160000,0.245,0.2452,0.245,0.2451,116100.1
1790891220000,0.2451,0.2453,0.2451,0.2453,43716.7
1790891280000,0.2453,0.2453,0.2451,0.2451,6816.1
1790891340000,0.2451,0.2452,0.245,0.245,24380.3
1790891400000,0.2451,0.2452,0.2449,0.2452,73113.5
1790891460000,0.2453,0.2454,0.2451,0.2451,30077.2
1790891520000,0.245,0.2451,0.2448,0.2449,41847.3
1790891580000,0.2449,0.245,0.2448,0.245,71178.4
1790891640000,0.2451,0.2455,0.2451,0.2452,129647.1
1790891700000,0.2452,0.2453,0.2451,0.2452,3712.5
1790891760000,0.2452,0.2455,0.245,0.2455,119364.9
1790891820000,0.2454,0.2454,0.245,0.2453,145047.4
1790891880000,0.2453,0.2456,0.2453,0.2456,347716.3
1790891940000,0.2455,0.2456,0.2451,0.2451,35718.8
1790892000000,0.2451,0.2461,0.2451,0.2461,252051.0
1790892060000,0.2461,0.2464,0.2461,0.2464,91918.2
1790892120000,0.2464,0.2467,0.2464,0.2466,34725.5
1790892180000,0.2466,0.2468,0.2465,0.2468,125991.4
1790892240000,0.2467,0.2469,0.2465,0.2467,169240.3
1790892300000,0.2468,0.2469,0.2466,0.2469,21386.8
1790892360000,0.2469,0.247,0.2467,0.2468,88083.0
1790892420000,0.2469,0.247,0.2468,0.2468,37482.6
1790892480000,0.2468,0.2468,0.2464,0.2464,46069.5
1790892540000,0.2465,0.2465,0.2461,0.2461,21515.4
1790892600000,0.2461,0.247,0.2461,0.247,21303.7
1790892660000,0.2469,0.2469,0.2464,0.2464,34585.4
1790892720000,0.2464,0.2466,0.2463,0.2464,18252.9
1790892780000,0.2464,0.2465,0.2463,0.2464,13035.0
1790892840000,0.2464,0.2465,0.2462,0.2462,11349.0
1790892900000,0.2462,0.2462,0.246,0.246,27142.2
1790892960000,0.2461,0.2462,0.2461,0.2461,3653.8
1790893020000,0.2462,0.2466,0.2462,0.2465,54974.0
1790893080000,0.2464,0.2464,0.2462,0.2462,9183.7
1790893140000,0.2462,0.2464,0.2462,0.2464,38102.6
1790893200000,0.2465,0.2465,0.2463,0.2463,61158.6
1790893260000,0.2463,0.2466,0.2463,0.2466,23498.3
1790893320000,0.2466,0.2467,0.2464,0.2466,116127.3
1790893380000,0.2466,0.2466,0.2463,0.2463,292311.6
1790893440000,0.2463,0.2465,0.2463,0.2465,24965.9
1790893500000,0.2464,0.2465,0.2464,0.2464,1781.8
1790893560000,0.2464,0.2465,0.2464,0.2465,18768.8
1790893620000,0.2465,0.2465,0.2463,0.2463,13316.8
1790893680000,0.2464,0.2464,0.2463,0.2464,1655.6
1790893740000,0.2464,0.2465,0.2464,0.2464,24373.7
1790893800000,0.2463,0.2465,0.2463,0.2465,38721.2
1790893860000,0.2465,0.2465,0.2463,0.2463,14980.6
1790893920000,0.2463,0.2464,0.2463,0.2463,32256.3
1790893980000,0.2462,0.2462,0.2459,0.246,11970.9
1790894040000,0.2459,0.246,0.2458,0.2458,14761.8
1790894100000,0.2458,0.2461,0.2458,0.2461,74298.2
1790894160000,0.246,0.246,0.2458,0.2458,3365.2
1790894220000,0.2458,0.246,0.2457,0.2459,84360.0
1790894280000,0.2459,0.246,0.2459,0.246,3391.2
1790894340000,0.2459,0.2459,0.2458,0.2458,5773.2
1790894400000,0.2458,0.2458,0.2455,0.2458,107663.9
1790894460000,0.2458,0.2459,0.2458,0.2459,32125.1
1790894520000,0.246,0.246,0.2458,0.2459,118658.6
1790894580000,0.2458,0.2458,0.2457,0.2457,124384.1
1790894640000,0.2456,0.2457,0.2456,0.2457,46071.4
1790894700000,0.2456,0.2456,0.2453,0.2454,37115.5
1790894760000,0.2453,0.2454,0.2451,0.2451,29855.0
1790894820000,0.2451,0.2451,0.245,0.2451,62882.4
1790894880000,0.2451,0.2452,0.245,0.245,11805.2
1790894940000,0.2451,0.2451,0.245,0.2451,4766.5
1790895000000,0.245,0.245,0.2449,0.245,53405.7
1790895060000,0.2449,0.245,0.2447,0.2448,127206.8
1790895120000,0.2449,0.2455,0.2449,0.2455,196138.4
1790895180000,0.2455,0.2457,0.2455,0.2456,71089.0
1790895240000,0.2456,0.246,0.2456,0.246,11281.2
1790895300000,0.246,0.2461,0.2459,0.2459,27725.4
1790895360000,0.2459,0.2462,0.2459,0.2461,137028.0
1790895420000,0.246,0.2461,0.246,0.2461,20707.5
1790895480000,0.2462,0.2462,0.2462,0.2462,21594.9
1790895540000,0.2463,0.2463,0.2461,0.2461,23094.1
1790895600000,0.2461,0.2461,0.2458,0.2459,314084.1
1790895660000,0.2459,0.2459,0.2456,0.2457,18590.4
1790895720000,0.2457,0.2457,0.2455,0.2457,68697.0
1790895780000,0.2457,0.246,0.2457,0.246,5283.2
1790895840000,0.246,0.2461,0.2457,0.2457,37663.8
1790895900000,0.2458,0.2458,0.2457,0.2457,25808.9
1790895960000,0.2457,0.2458,0.2456,0.2457,34739.7
1790896020000,0.2458,0.2458,0.2454,0.2454,53458.5
1790896080000,0.2455,0.2455,0.2453,0.2455,9330.3
1790896140000,0.2455,0.2455,0.2454,0.2454,11241.2
1790896200000,0.2455,0.2455,0.2454,0.2455,8197.4
1790896260000,0.2454,0.2455,0.2454,0.2455,31481.8
1790896320000,0.2455,0.2455,0.2454,0.2454,14745.2
1790896380000,0.2454,0.2455,0.2454,0.2454,14978.7
1790896440000,0.2454,0.2455,0.2453,0.2455,40067.7
1790896500000,0.2456,0.2456,0.2454,0.2454,35374.3
1790896560000,0.2454,0.2457,0.2454,0.2457,15548.2
1790896620000,0.2457,0.246,0.2457,0.2459,9006.6
1790896680000,0.2459,0.246,0.2459,0.2459,1005.3
1790896740000,0.2459,0.2461,0.2459,0.2459,5673.4
1790896800000,0.2459,0.2461,0.2458,0.2459,48567.1
1790896860000,0.2459,0.2459,0.2458,0.2458,2574.8
1790896920000,0.2459,0.246,0.2458,0.2459,101800.6
1790896980000,0.2459,0.246,0.2458,0.2458,84779.1
1790897040000,0.2458,0.2459,0.2458,0.2458,34436.8
1790897100000,0.2458,0.2458,0.2458,0.2458,51251.0
1790897160000,0.2459,0.246,0.2459,0.246,13814.4
1790897220000,0.246,0.2461,0.246,0.2461,11277.2
1790897280000,0.246,0.246,0.2459,0.2459,40816.6
1790897340000,0.246,0.246,0.2458,0.2459,7787.4
1790897400000,0.2459,0.2459,0.2457,0.2457,5135.3
1790897460000,0.2457,0.2458,0.2456,0.2458,21979.3
1790897520000,0.2458,0.2459,0.2458,0.2459,8596.3
1790897580000,0.2459,0.2459,0.2459,0.2459,6208.1
1790897640000,0.2458,0.246,0.2458,0.246,13399.9
1790897700000,0.2459,0.2463,0.2459,0.2463,31575.0
1790897760000,0.2462,0.2463,0.2462,0.2462,35548.1
1790897820000,0.2462,0.2463,0.2461,0.2461,132760.6
1790897880000,0.2461,0.2464,0.2461,0.2464,53192.9
1790897940000,0.2464,0.2465,0.2464,0.2465,12223.5
1790898000000,0.2464,0.2465,0.2462,0.2465,64571.2
1790898060000,0.2464,0.2464,0.2463,0.2464,28561.1
1790898120000,0.2464,0.2464,0.2463,0.2463,30788.6
1790898180000,0.2464,0.2464,0.2464,0.2464,235.3
1790898240000,0.2464,0.2464,0.246,0.246,30801.7
1790898300000,0.246,0.246,0.2457,0.2459,17071.4
1790898360000,0.2459,0.2459,0.2458,0.2458,9974.5
1790898420000,0.2458,0.2459,0.2458,0.2458,2762.1
1790898480000,0.2458,0.2459,0.2458,0.2458,7566.9
1790898540000,0.2458,0.2462,0.2458,0.2462,18242.8
1790898600000,0.2462,0.2464,0.2462,0.2463,31096.9
1790898660000,0.2462,0.2465,0.2462,0.2464,30002.3
1790898720000,0.2463,0.2464,0.2462,0.2463,25968.6
1790898780000,0.2464,0.2464,0.2463,0.2464,7435.5
1790898840000,0.2464,0.2464,0.2462,0.2462,64804.7
1790898900000,0.2462,0.2464,0.2462,0.2464,1913.6
1790898960000,0.2463,0.2464,0.2463,0.2463,1080.8
1790899020000,0.2463,0.2465,0.2463,0.2465,25253.0
1790899080000,0.2464,0.2465,0.2464,0.2464,2540.4
1790899140000,0.2464,0.2464,0.2463,0.2464,45144.3
1790899200000,0.2463,0.2464,0.246,0.2461,161063.6
1790899260000,0.246,0.2461,0.2459,0.246,95417.8
1790899320000,0.2459,0.246,0.2458,0.2458,36950.9
1790899380000,0.2459,0.2459,0.2458,0.2458,69978.0
1790899440000,0.2458,0.2458,0.2457,0.2457,1371.5
1790899500000,0.2458,0.246,0.2458,0.246,176364.7
1790899560000,0.2459,0.2461,0.2459,0.2459,11752.5
1790899620000,0.246,0.2461,0.2458,0.2458,92884.3
1790899680000,0.2458,0.2458,0.2457,0.2457,61279.6
1790899740000,0.2457,0.2458,0.2457,0.2457,7828.6
1790899800000,0.2457,0.2459,0.2457,0.2459,169458.8
1790899860000,0.246,0.246,0.2457,0.2457,20818.5
1790899920000,0.2457,0.2457,0.2456,0.2457,94007.1
1790899980000,0.2457,0.2459,0.2457,0.2457,183594.0
1790900040000,0.2457,0.2458,0.2457,0.2458,17728.0
1790900100000,0.2457,0.2461,0.2456,0.2461,337378.2
1790900160000,0.246,0.2463,0.2457,0.2457,137362.6
1790900220000,0.2457,0.2463,0.2457,0.2462,38560.3
1790900280000,0.2461,0.2465,0.246,0.2464,83793.6
1790900340000,0.2464,0.2466,0.2464,0.2466,14745.4
1790900400000,0.2465,0.2466,0.2464,0.2465,37612.0
1790900460000,0.2466,0.2467,0.2463,0.2463,49689.9
1790900520000,0.2463,0.2464,0.2462,0.2463,19451.6
1790900580000,0.2463,0.2466,0.2463,0.2466,36854.0
1790900640000,0.2465,0.2466,0.2465,0.2465,5780.9
1790900700000,0.2465,0.2465,0.2462,0.2463,29073.2
1790900760000,0.2463,0.2464,0.2461,0.2462,40218.7
1790900820000,0.2462,0.2462,0.246,0.246,63257.0
1790900880000,0.246,0.2461,0.2459,0.246,19944.3
1790900940000,0.2459,0.246,0.2459,0.246,5688.5
1790901000000,0.2459,0.2459,0.2455,0.2456,33326.9
1790901060000,0.2456,0.2457,0.2456,0.2457,7493.0
1790901120000,0.2457,0.2461,0.2456,0.246,29038.1
1790901180000,0.246,0.2461,0.2458,0.2458,56962.6
1790901240000,0.2458,0.2458,0.2457,0.2457,30229.0
1790901300000,0.2457,0.2459,0.2457,0.2459,6662.3
1790901360000,0.2459,0.2461,0.2459,0.246,21468.2
1790901420000,0.246,0.2461,0.2457,0.2457,84679.1
1790901480000,0.2457,0.2457,0.2455,0.2455,84322.7
1790901540000,0.2455,0.2458,0.2455,0.2458,7918.7
1790901600000,0.2458,0.2461,0.2456,0.2461,13361.8
1790901660000,0.246,0.2461,0.2458,0.246,81639.8
1790901720000,0.246,0.246,0.2459,0.2459,28270.4
1790901780000,0.246,0.2462,0.246,0.2462,18445.8
1790901840000,0.2461,0.2463,0.2461,0.2462,139590.0
1790901900000,0.2462,0.2463,0.2461,0.2462,61334.5
1790901960000,0.2462,0.2464,0.2462,0.2464,60809.0
1790902020000,0.2464,0.2469,0.2464,0.2468,79422.9
1790902080000,0.2468,0.2469,0.2467,0.2469,43129.5
1790902140000,0.247,0.247,0.2468,0.2468,44125.1
1790902200000,0.2469,0.2469,0.2462,0.2462,141122.0
1790902260000,0.2462,0.2463,0.2461,0.2462,32712.5
1790902320000,0.2462,0.2463,0.2462,0.2463,6837.2
1790902380000,0.2462,0.2463,0.2462,0.2463,5808.6
1790902440000,0.2463,0.2463,0.2461,0.2461,4112.3
1790902500000,0.2462,0.2464,0.2462,0.2462,50108.7
1790902560000,0.2461,0.2462,0.246,0.246,59008.0
1790902620000,0.2459,0.2463,0.2459,0.2463,21989.6
1790902680000,0.2462,0.2463,0.2461,0.2462,21931.1
1790902740000,0.2462,0.2463,0.2461,0.2461,11909.4
1790902800000,0.2462,0.2462,0.2461,0.2461,16649.4
1790902860000,0.246,0.246,0.2459,0.246,27658.1
1790902920000,0.2459,0.2459,0.2458,0.2458,14826.4
1790902980000,0.2458,0.2458,0.2456,0.2456,30206.3
1790903040000,0.2456,0.2458,0.2456,0.2457,16115.7
1790903100000,0.2457,0.2459,0.2456,0.2458,14904.9
1790903160000,0.2458,0.2459,0.2457,0.2457,1154.5
1790903220000,0.2456,0.2457,0.2456,0.2457,2726.1
1790903280000,0.2456,0.2458,0.2456,0.2458,63595.4
1790903340000,0.2457,0.2458,0.2455,0.2455,25778.3
1790903400000,0.2455,0.2455,0.2452,0.2455,99463.1
1790903460000,0.2454,0.2454,0.2454,0.2454,6660.5
1790903520000,0.2454,0.2455,0.2453,0.2453,23545.9
1790903580000,0.2453,0.2453,0.2451,0.2451,93271.0
1790903640000,0.2451,0.2453,0.2451,0.2451,37793.9
1790903700000,0.2451,0.2453,0.2451,0.2453,56239.5
1790903760000,0.2453,0.2456,0.2453,0.2456,71467.9
1790903820000,0.2457,0.2458,0.2455,0.2455,171771.7
1790903880000,0.2455,0.2455,0.2451,0.2452,66410.4
1790903940000,0.2451,0.2451,0.2448,0.2449,227204.4
1790904000000,0.2449,0.2449,0.244,0.2441,644287.7
1790904060000,0.2442,0.2445,0.244,0.2445,142925.0
1790904120000,0.2444,0.2448,0.2442,0.2447,642283.3
1790904180000,0.2447,0.2451,0.2447,0.2449,101683.4
1790904240000,0.245,0.2456,0.245,0.2456,58566.9
1790904300000,0.2456,0.2457,0.2452,0.2452,149273.0
1790904360000,0.2452,0.2452,0.2447,0.2449,88266.0
1790904420000,0.245,0.2451,0.2448,0.2448,8230.7
1790904480000,0.2448,0.245,0.2448,0.2449,43344.3
1790904540000,0.2449,0.2452,0.2449,0.2452,70171.1
1790904600000,0.2453,0.2456,0.2453,0.2453,120958.4
1790904660000,0.2452,0.2454,0.2451,0.2453,51421.5
1790904720000,0.2453,0.2455,0.2453,0.2453,37481.9
1790904780000,0.2453,0.2455,0.2453,0.2454,3356.5
1790904840000,0.2454,0.2455,0.245,0.245,55922.5
1790904900000,0.2449,0.2449,0.2447,0.2448,83321.8
1790904960000,0.2448,0.2449,0.2447,0.2449,32163.3
1790905020000,0.2449,0.2451,0.2449,0.2449,24666.3
1790905080000,0.245,0.245,0.2448,0.2449,38813.5
1790905140000,0.245,0.245,0.2446,0.2448,42667.6
1790905200000,0.2448,0.245,0.2448,0.245,6787.2
1790905260000,0.2449,0.245,0.2447,0.2447,84413.0
1790905320000,0.2447,0.2448,0.2447,0.2447,23117.5
1790905380000,0.2447,0.2447,0.2446,0.2446,2867.2
1790905440000,0.2446,0.2448,0.2446,0.2448,14997.5
1790905500000,0.2447,0.2449,0.2447,0.2448,25484.6
1790905560000,0.2449,0.2449,0.2447,0.2449,118426.2
1790905620000,0.2449,0.245,0.2448,0.2449,27409.2
1790905680000,0.245,0.2452,0.245,0.245,19908.3
1790905740000,0.245,0.2451,0.245,0.245,5107.8
1790905800000,0.245,0.2456,0.2449,0.2456,6588.2
1790905860000,0.2456,0.2461,0.2455,0.246,130758.3
1790905920000,0.246,0.2464,0.246,0.2462,104602.5
1790905980000,0.2463,0.2468,0.2463,0.2468,109422.3
1790906040000,0.2467,0.2468,0.2461,0.2461,35937.4
1790906100000,0.2461,0.2467,0.246,0.2467,59454.2
1790906160000,0.2468,0.2469,0.2466,0.2466,32752.3
1790906220000,0.2466,0.2467,0.2465,0.2465,40461.7
1790906280000,0.2466,0.2466,0.2464,0.2465,48553.3
1790906340000,0.2464,0.2465,0.2461,0.2462,66304.0
1790906400000,0.2463,0.2465,0.2462,0.2463,41349.3
1790906460000,0.2464,0.2465,0.2463,0.2464,108080.4
1790906520000,0.2464,0.2464,0.2464,0.2464,3852.8
1790906580000,0.2465,0.2466,0.2463,0.2463,9363.5
1790906640000,0.2463,0.2467,0.2462,0.2467,16405.9
1790906700000,0.2468,0.2471,0.2468,0.2469,139978.0
1790906760000,0.2469,0.247,0.2468,0.247,26132.3
1790906820000,0.2469,0.2469,0.2467,0.2469,15179.8
1790906880000,0.2469,0.2473,0.2469,0.2473,171790.4
1790906940000,0.2472,0.2475,0.247,0.2475,240493.0
1790907000000,0.2475,0.2475,0.2474,0.2475,33687.0
1790907060000,0.2475,0.2476,0.2473,0.2473,25789.6
1790907120000,0.2472,0.2473,0.2471,0.2472,138219.5
1790907180000,0.2472,0.2476,0.2472,0.2476,165236.2
1790907240000,0.2476,0.2482,0.2476,0.2478,1126135.9
1790907300000,0.2479,0.2479,0.2474,0.2479,214695.8
1790907360000,0.2479,0.2479,0.2477,0.2478,38956.1
1790907420000,0.2479,0.248,0.2478,0.2478,43390.9
1790907480000,0.2478,0.2478,0.2475,0.2475,208963.2
1790907540000,0.2476,0.2481,0.2476,0.2479,30628.1
1790907600000,0.2478,0.2478,0.2476,0.2476,82710.8
1790907660000,0.2477,0.2477,0.2473,0.2474,70569.5
1790907720000,0.2474,0.2474,0.2469,0.247,70853.4
1790907780000,0.2471,0.2475,0.247,0.2474,45432.5
1790907840000,0.2474,0.2474,0.2466,0.2466,70752.5
1790907900000,0.2465,0.2467,0.2465,0.2466,170452.0
1790907960000,0.2466,0.2471,0.2466,0.2471,129299.4
1790908020000,0.2471,0.2473,0.2471,0.2472,51800.6
1790908080000,0.2472,0.2472,0.247,0.2471,3803.4
1790908140000,0.247,0.2472,0.247,0.2471,6574.5
1790908200000,0.2471,0.2472,0.2468,0.2469,39554.7
1790908260000,0.2468,0.247,0.2468,0.2468,37695.6
1790908320000,0.2467,0.2468,0.2465,0.2468,46858.5
1790908380000,0.2469,0.2473,0.2469,0.2473,31211.0
1790908440000,0.2473,0.2473,0.2467,0.2467,25591.2
1790908500000,0.2466,0.2471,0.2466,0.247,55624.8
1790908560000,0.2469,0.2472,0.2469,0.2471,49920.7
1790908620000,0.2471,0.2472,0.2469,0.2471,11545.3
1790908680000,0.2472,0.2472,0.2469,0.2471,31882.5
1790908740000,0.2471,0.2471,0.247,0.247,1019.5
1790908800000,0.2469,0.247,0.2468,0.2469,7997.8
1790908860000,0.247,0.2472,0.247,0.2471,9249.2
1790908920000,0.2472,0.2472,0.2469,0.247,18363.8
1790908980000,0.2471,0.2474,0.2471,0.2474,4274.0
1790909040000,0.2474,0.2475,0.2474,0.2475,24367.8
1790909100000,0.2475,0.2476,0.2474,0.2476,44228.4
1790909160000,0.2476,0.2477,0.2475,0.2476,117467.3
1790909220000,0.2476,0.2478,0.2476,0.2478,9238.0
1790909280000,0.2479,0.2481,0.2479,0.2479,16448.9
1790909340000,0.2479,0.2484,0.2479,0.2484,86381.4
1790909400000,0.2484,0.2488,0.2483,0.2487,168157.0
1790909460000,0.2488,0.2489,0.2484,0.2485,54880.6
1790909520000,0.2485,0.249,0.2483,0.2489,58744.3
1790909580000,0.2488,0.2488,0.2485,0.2485,110845.9
1790909640000,0.2485,0.2486,0.2483,0.2484,75601.1
1790909700000,0.2485,0.2487,0.2484,0.2487,147309.5
1790909760000,0.2487,0.2489,0.2486,0.2489,59145.1
1790909820000,0.2489,0.2492,0.2489,0.2492,84405.1
1790909880000,0.2492,0.2495,0.2492,0.2492,396059.5
1790909940000,0.2492,0.2493,0.2491,0.2493,53657.1
1790910000000,0.2492,0.2494,0.2491,0.2494,391247.4
1790910060000,0.2493,0.25,0.2493,0.2499,613170.1
1790910120000,0.2499,0.2506,0.2499,0.2502,954781.8
1790910180000,0.2501,0.2504,0.2498,0.2499,179965.8
1790910240000,0.2499,0.2499,0.2493,0.2499,138481.3
1790910300000,0.2499,0.2502,0.2497,0.2497,50083.3
1790910360000,0.2497,0.2498,0.2492,0.2492,586822.6
1790910420000,0.2492,0.2494,0.2491,0.2492,78496.0
1790910480000,0.2492,0.2492,0.2489,0.249,30072.8
1790910540000,0.249,0.2491,0.2488,0.2488,23181.8
1790910600000,0.2488,0.2491,0.2487,0.249,96579.3
1790910660000,0.2489,0.2492,0.2489,0.2492,17219.5
1790910720000,0.2492,0.2492,0.2486,0.2487,196182.7
1790910780000,0.2487,0.2498,0.2487,0.2498,224336.5
1790910840000,0.2497,0.2497,0.249,0.249,53754.5
1790910900000,0.249,0.2492,0.249,0.2491,15157.1
1790910960000,0.2492,0.2492,0.249,0.2491,56361.0
1790911020000,0.2491,0.2491,0.2487,0.2487,90011.1
1790911080000,0.2487,0.2487,0.2486,0.2486,4803.5
1790911140000,0.2485,0.2486,0.2485,0.2486,29283.6
1790911200000,0.2486,0.2487,0.2485,0.2485,16551.6
1790911260000,0.2486,0.249,0.2486,0.2487,34970.9
1790911320000,0.2487,0.2487,0.2485,0.2485,110501.0
1790911380000,0.2485,0.2485,0.2481,0.2481,44036.7
1790911440000,0.2481,0.2482,0.248,0.2482,14006.6
1790911500000,0.2483,0.2483,0.2481,0.2482,15687.9
1790911560000,0.2482,0.2484,0.2481,0.2482,38998.7
1790911620000,0.2481,0.2482,0.2481,0.2482,18712.5
1790911680000,0.2482,0.2483,0.2481,0.2481,10061.1
1790911740000,0.2481,0.2483,0.2481,0.2483,28293.8
1790911800000,0.2482,0.2484,0.2482,0.2484,34032.0
1790911860000,0.2484,0.2491,0.2484,0.2491,319057.0
1790911920000,0.249,0.2495,0.2487,0.2494,115907.4
1790911980000,0.2494,0.2498,0.2493,0.2497,116354.9
1790912040000,0.2497,0.2497,0.2493,0.2495,40151.5
1790912100000,0.2495,0.2499,0.2493,0.2499,69480.1
1790912160000,0.2498,0.2499,0.249,0.249,57843.1
1790912220000,0.249,0.249,0.2486,0.2487,53386.9
1790912280000,0.2488,0.2489,0.2486,0.2488,314573.1
1790912340000,0.2489,0.249,0.2488,0.249,53833.7
1790912400000,0.249,0.2493,0.249,0.2492,21029.9
1790912460000,0.2493,0.2495,0.2492,0.2492,29279.4
1790912520000,0.2493,0.2494,0.2493,0.2494,18641.4
1790912580000,0.2495,0.2497,0.2495,0.2495,9207.0
1790912640000,0.2495,0.2498,0.2495,0.2495,53922.1
1790912700000,0.2495,0.25,0.2495,0.2497,83164.0
1790912760000,0.2497,0.2498,0.2495,0.2496,396082.0
1790912820000,0.2496,0.2497,0.2494,0.2494,9682.5
1790912880000,0.2495,0.2495,0.2492,0.2492,26199.7
1790912940000,0.2492,0.2492,0.249,0.2491,68203.3
1790913000000,0.249,0.2493,0.249,0.249,49601.1
1790913060000,0.249,0.2491,0.249,0.2491,4447.3
1790913120000,0.2491,0.2492,0.2491,0.2491,7863.8
1790913180000,0.2492,0.2498,0.2492,0.2497,272480.2
1790913240000,0.2498,0.2499,0.2496,0.2496,167621.8
1790913300000,0.2497,0.2498,0.2496,0.2498,59930.1
1790913360000,0.2498,0.25,0.2495,0.25,56447.3
1790913420000,0.25,0.25,0.2495,0.2498,33628.8
1790913480000,0.2498,0.2499,0.2497,0.2498,47242.6
1790913540000,0.2497,0.2499,0.2497,0.2499,42102.2
1790913600000,0.2499,0.2501,0.2498,0.25,40802.1
1790913660000,0.2501,0.2503,0.2501,0.2503,78450.3
1790913720000,0.2503,0.2504,0.2498,0.2501,256817.3
1790913780000,0.2501,0.2503,0.2501,0.2501,34682.6
1790913840000,0.2501,0.2501,0.2499,0.2499,132918.5
1790913900000,0.2498,0.2498,0.2494,0.2495,37469.9
1790913960000,0.2495,0.2496,0.2491,0.2492,89629.8
1790914020000,0.2492,0.2495,0.2491,0.2493,65300.8
1790914080000,0.2493,0.2494,0.2492,0.2493,26515.3
1790914140000,0.2494,0.2495,0.2494,0.2494,41634.7
1790914200000,0.2494,0.2494,0.2493,0.2494,1967.0
1790914260000,0.2494,0.2494,0.2493,0.2493,5707.1
1790914320000,0.2493,0.2493,0.2492,0.2493,5446.0
1790914380000,0.2493,0.2493,0.2491,0.2492,24916.8
1790914440000,0.2492,0.2492,0.2487,0.2487,44587.2
1790914500000,0.2487,0.2488,0.2486,0.2488,67096.5
1790914560000,0.2489,0.2491,0.2488,0.249,77421.0
1790914620000,0.249,0.2491,0.2486,0.2486,18452.3
1790914680000,0.2487,0.2488,0.2486,0.2488,29129.0
1790914740000,0.2488,0.2499,0.2488,0.2496,127588.7
1790914800000,0.2495,0.2515,0.2495,0.2512,1086047.5
1790914860000,0.2511,0.2522,0.2511,0.252,787337.0
1790914920000,0.252,0.2523,0.2513,0.2517,380742.1
1790914980000,0.2517,0.2526,0.2515,0.2525,576123.6
1790915040000,0.2525,0.2528,0.2521,0.2527,1090687.9
1790915100000,0.2527,0.2538,0.2527,0.2537,1009153.9
1790915160000,0.2536,0.2541,0.2534,0.2539,645049.2
1790915220000,0.254,0.2543,0.2538,0.2542,715557.6
1790915280000,0.2542,0.2544,0.2539,0.254,283480.7
1790915340000,0.2539,0.2542,0.2537,0.2542,314483.9
1790915400000,0.2542,0.2547,0.2541,0.2546,682558.9
1790915460000,0.2547,0.2549,0.2542,0.2543,389528.1
1790915520000,0.2542,0.2545,0.2537,0.2538,222114.0
1790915580000,0.2539,0.2541,0.2537,0.2538,180165.3
1790915640000,0.2537,0.2537,0.2533,0.2535,181309.4
1790915700000,0.2535,0.2536,0.253,0.2532,374090.1
1790915760000,0.2532,0.2532,0.2529,0.2532,189827.1
1790915820000,0.2532,0.2538,0.2531,0.2535,176687.2
1790915880000,0.2535,0.2537,0.2534,0.2536,137259.3
1790915940000,0.2536,0.2541,0.2536,0.254,174406.5
1790916000000,0.2541,0.2547,0.2538,0.254,339540.7
1790916060000,0.254,0.2543,0.2538,0.254,278219.2
1790916120000,0.2541,0.2542,0.2539,0.2542,197716.1
1790916180000,0.2542,0.2544,0.2541,0.2544,99290.7
1790916240000,0.2543,0.2545,0.2542,0.2544,164266.7
1790916300000,0.2544,0.2544,0.2537,0.2537,152805.8
1790916360000,0.2538,0.2543,0.2538,0.2542,327203.7
1790916420000,0.2541,0.2545,0.2539,0.2544,256032.0
1790916480000,0.2545,0.2548,0.2544,0.2548,178715.0
1790916540000,0.2547,0.2554,0.2547,0.255,1601077.4
1790916600000,0.2549,0.2553,0.2546,0.2551,1314431.8
1790916660000,0.2552,0.2555,0.2549,0.2554,291223.1
1790916720000,0.2553,0.2558,0.2553,0.2558,173867.6
1790916780000,0.2557,0.2558,0.2555,0.2556,153807.6
1790916840000,0.2556,0.2557,0.2552,0.2552,89277.5
1790916900000,0.2553,0.2559,0.2553,0.2558,128218.4
1790916960000,0.2558,0.2558,0.2555,0.2558,216150.9
1790917020000,0.2557,0.2559,0.2555,0.2557,441945.6
1790917080000,0.2557,0.256,0.2556,0.2559,623114.7
1790917140000,0.2559,0.2565,0.2558,0.2564,847935.3
1790917200000,0.2564,0.2573,0.2561,0.2569,1066087.7
1790917260000,0.2569,0.2572,0.2565,0.2566,382043.1
1790917320000,0.2566,0.2566,0.2554,0.2555,368430.1
1790917380000,0.2556,0.2556,0.2554,0.2555,402871.0
1790917440000,0.2555,0.2556,0.2553,0.2553,115560.2
1790917500000,0.2553,0.2553,0.2548,0.2549,1198723.0
1790917560000,0.2548,0.2554,0.2548,0.2553,164400.7
1790917620000,0.2552,0.2555,0.2552,0.2552,242051.4
1790917680000,0.2552,0.2558,0.2552,0.2556,448869.6
1790917740000,0.2555,0.2556,0.2549,0.255,678100.5
1790917800000,0.255,0.2554,0.2548,0.255,126132.8
1790917860000,0.255,0.2552,0.2549,0.2551,154727.4
1790917920000,0.255,0.2552,0.2549,0.2549,140324.4
1790917980000,0.2548,0.255,0.2547,0.255,152259.0
1790918040000,0.2549,0.255,0.2548,0.2549,105535.4
1790918100000,0.2549,0.2552,0.2548,0.255,232190.8
1790918160000,0.255,0.255,0.2543,0.2544,351741.7
1790918220000,0.2545,0.2546,0.2541,0.2544,106701.4
1790918280000,0.2544,0.2547,0.2542,0.2544,116403.1
1790918340000,0.2543,0.2545,0.254,0.2543,134874.3
1790918400000,0.2542,0.2544,0.254,0.254,207272.6
1790918460000,0.2541,0.2541,0.2537,0.2539,83507.6
1790918520000,0.2539,0.2542,0.2539,0.2542,173415.6
1790918580000,0.2542,0.2543,0.254,0.2541,119870.1
1790918640000,0.2541,0.2542,0.2539,0.2539,167062.6
1790918700000,0.2539,0.2539,0.2537,0.2538,208974.5
1790918760000,0.2537,0.2539,0.2537,0.2537,54067.8
1790918820000,0.2537,0.2541,0.2537,0.254,76299.5
1790918880000,0.2541,0.2542,0.2539,0.254,92504.5
1790918940000,0.254,0.2544,0.254,0.2544,75133.5
1790919000000,0.2544,0.2544,0.254,0.2542,49253.6
1790919060000,0.2543,0.2547,0.2543,0.2547,512118.5
1790919120000,0.2547,0.2548,0.2545,0.2546,139863.5
1790919180000,0.2546,0.2546,0.2542,0.2545,242622.2
1790919240000,0.2544,0.2547,0.2542,0.2546,77033.5
1790919300000,0.2546,0.2547,0.2544,0.2545,50888.3
1790919360000,0.2545,0.2545,0.2541,0.2542,166268.9
1790919420000,0.2542,0.2542,0.2535,0.2537,317752.0
1790919480000,0.2537,0.2537,0.253,0.253,474624.2
1790919540000,0.253,0.2532,0.2515,0.252,779038.8
1790919600000,0.252,0.2526,0.2518,0.2521,280483.6
1790919660000,0.2522,0.2528,0.2522,0.2528,150646.7
1790919720000,0.2527,0.2531,0.2527,0.253,98449.1
1790919780000,0.2531,0.2535,0.253,0.2533,131319.5
1790919840000,0.2532,0.2541,0.2532,0.2536,158311.8
1790919900000,0.2536,0.2537,0.2532,0.2533,231577.6
1790919960000,0.2532,0.2534,0.2532,0.2533,14351.6
1790920020000,0.2533,0.2533,0.253,0.253,58691.2
1790920080000,0.2531,0.2536,0.253,0.2535,91030.6
1790920140000,0.2535,0.2535,0.2532,0.2532,73816.0
1790920200000,0.2533,0.2534,0.2532,0.2532,47271.0
1790920260000,0.2533,0.2536,0.2533,0.2535,257930.5
1790920320000,0.2536,0.2537,0.2531,0.2531,109047.1
1790920380000,0.2531,0.2532,0.253,0.2532,52299.4
1790920440000,0.2531,0.2532,0.2529,0.253,108963.3
1790920500000,0.253,0.2534,0.253,0.2532,30488.8
1790920560000,0.2533,0.2534,0.2531,0.2532,54659.5
1790920620000,0.2533,0.2533,0.2531,0.2532,15758.4
1790920680000,0.2533,0.2535,0.2533,0.2535,88852.5
1790920740000,0.2535,0.2537,0.2535,0.2535,66878.2
1790920800000,0.2535,0.2535,0.253,0.2533,236190.3
1790920860000,0.2533,0.2541,0.2533,0.2541,188892.1
1790920920000,0.2541,0.2542,0.254,0.2541,100703.4
1790920980000,0.2541,0.2544,0.2539,0.254,241210.8
1790921040000,0.254,0.2541,0.2538,0.254,76212.0
1790921100000,0.254,0.2542,0.2538,0.2538,96858.0
1790921160000,0.2539,0.2543,0.2538,0.2538,383474.9
1790921220000,0.2538,0.2542,0.2538,0.2542,98250.0
1790921280000,0.2542,0.2542,0.2538,0.2539,120198.7
1790921340000,0.2538,0.254,0.2538,0.2539,40204.0
1790921400000,0.254,0.2545,0.2538,0.2544,193412.2
1790921460000,0.2545,0.2547,0.2543,0.2543,225170.2
1790921520000,0.2543,0.2544,0.2539,0.254,56681.5
1790921580000,0.2539,0.254,0.2537,0.2537,81899.0
1790921640000,0.2537,0.2537,0.2535,0.2535,44036.6
1790921700000,0.2535,0.2539,0.2535,0.2539,47149.6
1790921760000,0.2539,0.254,0.2537,0.2538,120822.0
1790921820000,0.2537,0.254,0.2536,0.2538,39487.8
1790921880000,0.2538,0.2538,0.2536,0.2536,15579.1
1790921940000,0.2536,0.2537,0.2534,0.2535,70281.9
1790922000000,0.2536,0.2538,0.2535,0.2538,212334.4
1790922060000,0.2538,0.2542,0.2538,0.2542,151771.7
1790922120000,0.2541,0.2544,0.254,0.254,129383.4
1790922180000,0.2541,0.2544,0.2539,0.2544,56109.5
1790922240000,0.2543,0.2545,0.2543,0.2545,57552.8
1790922300000,0.2545,0.2546,0.2545,0.2546,106179.1
1790922360000,0.2546,0.2547,0.2544,0.2547,130234.1
1790922420000,0.2546,0.2551,0.2546,0.255,248509.2
1790922480000,0.2549,0.2551,0.2549,0.2551,135463.5
1790922540000,0.2551,0.2552,0.2549,0.2551,133755.5
1790922600000,0.2551,0.2551,0.2548,0.2549,53917.1
1790922660000,0.2549,0.2549,0.2547,0.2548,69327.7
1790922720000,0.2549,0.2553,0.2548,0.2553,186127.0
1790922780000,0.2553,0.2556,0.2552,0.2556,169981.9
1790922840000,0.2556,0.256,0.2556,0.2557,481840.4
1790922900000,0.2558,0.2562,0.2551,0.2552,407826.5
1790922960000,0.2553,0.2556,0.2552,0.2555,263286.3
1790923020000,0.2555,0.2555,0.2552,0.2552,152444.2
1790923080000,0.2551,0.2551,0.2545,0.2546,389631.9
1790923140000,0.2547,0.2556,0.2547,0.2556,126691.7
1790923200000,0.2555,0.2558,0.2554,0.2554,297795.0
1790923260000,0.2554,0.2554,0.2551,0.2552,172739.1
1790923320000,0.2553,0.2554,0.2552,0.2553,55132.3
1790923380000,0.2554,0.2554,0.2552,0.2554,13588.5
1790923440000,0.2554,0.2555,0.2554,0.2555,64056.6
1790923500000,0.2554,0.2554,0.2552,0.2552,193677.0
1790923560000,0.2552,0.2553,0.255,0.2553,145296.4
1790923620000,0.2552,0.2552,0.2549,0.255,102188.2
1790923680000,0.2549,0.2549,0.2547,0.2547,35283.1
1790923740000,0.2547,0.2549,0.2547,0.2549,9398.5
1790923800000,0.2549,0.2553,0.2549,0.2553,181985.1
1790923860000,0.2554,0.2554,0.255,0.255,88127.3
1790923920000,0.2549,0.2549,0.2543,0.2545,109369.4
1790923980000,0.2545,0.2546,0.2545,0.2545,11799.4
1790924040000,0.2546,0.2551,0.2545,0.2551,369297.9
1790924100000,0.2551,0.2551,0.255,0.2551,9779.2
1790924160000,0.255,0.2551,0.2548,0.2549,282076.0
1790924220000,0.2548,0.2548,0.2547,0.2547,109711.4
1790924280000,0.2548,0.2549,0.2546,0.2548,588210.2
1790924340000,0.2548,0.2548,0.2544,0.2545,247952.4
1790924400000,0.2546,0.2547,0.2543,0.2543,64298.4
1790924460000,0.2544,0.2549,0.2544,0.2547,208902.5
1790924520000,0.2547,0.2547,0.2541,0.2542,196560.5
1790924580000,0.2542,0.2546,0.2541,0.2545,85191.0
1790924640000,0.2546,0.2547,0.2541,0.2542,182132.8
1790924700000,0.2541,0.2546,0.2541,0.2546,378106.3
1790924760000,0.2545,0.2552,0.2544,0.2552,100776.9
1790924820000,0.2552,0.2552,0.2544,0.2544,152605.0
1790924880000,0.2544,0.2546,0.2541,0.2543,144957.0
1790924940000,0.2542,0.2544,0.2541,0.2543,128025.9
1790925000000,0.2542,0.2545,0.2542,0.2545,74143.5
1790925060000,0.2545,0.2546,0.2544,0.2546,36843.1
1790925120000,0.2545,0.2545,0.2543,0.2544,162620.9
1790925180000,0.2544,0.2547,0.2544,0.2546,154067.9
1790925240000,0.2546,0.2546,0.2544,0.2545,86987.6
1790925300000,0.2545,0.2546,0.2543,0.2544,99647.0
1790925360000,0.2545,0.2546,0.254,0.254,51288.9
1790925420000,0.254,0.2541,0.2539,0.254,137718.3
1790925480000,0.2541,0.2541,0.254,0.2541,29199.8
1790925540000,0.2541,0.2542,0.254,0.254,42446.1
1790925600000,0.2539,0.2539,0.2536,0.2537,84593.6
1790925660000,0.2536,0.2539,0.2535,0.2539,82712.4
1790925720000,0.2538,0.2541,0.2536,0.2536,135776.8
1790925780000,0.2536,0.2536,0.2531,0.2532,539956.4
1790925840000,0.2532,0.2534,0.2532,0.2534,159174.9
1790925900000,0.2533,0.2537,0.2533,0.2536,46004.6
1790925960000,0.2536,0.2537,0.2535,0.2537,16438.0
1790926020000,0.2538,0.2539,0.2535,0.2536,219742.1
1790926080000,0.2536,0.2538,0.2536,0.2537,44147.9
1790926140000,0.2537,0.2538,0.2537,0.2537,46222.3
1790926200000,0.2537,0.2537,0.2528,0.2529,341296.4
1790926260000,0.2528,0.2532,0.2528,0.2531,301321.1
1790926320000,0.2531,0.2535,0.253,0.2532,356281.9
1790926380000,0.2532,0.2533,0.2531,0.2533,129455.1
1790926440000,0.2533,0.2534,0.2532,0.2532,168318.4
1790926500000,0.2533,0.2535,0.2533,0.2534,28727.9
1790926560000,0.2534,0.2534,0.253,0.2532,26044.9
1790926620000,0.2533,0.2535,0.2529,0.2531,265405.9
1790926680000,0.253,0.253,0.2528,0.253,97046.5
1790926740000,0.253,0.2532,0.2528,0.2529,66951.6
1790926800000,0.2529,0.253,0.2528,0.2529,93347.0
1790926860000,0.2529,0.2533,0.2529,0.2533,44546.9
1790926920000,0.2532,0.2535,0.2532,0.2534,32687.2
1790926980000,0.2535,0.2537,0.2535,0.2537,46781.5
1790927040000,0.2537,0.2537,0.2534,0.2536,62839.8
1790927100000,0.2536,0.2543,0.2536,0.2543,140595.6
1790927160000,0.2543,0.2545,0.2541,0.2541,124386.7
1790927220000,0.254,0.254,0.2537,0.254,187480.2
1790927280000,0.254,0.2542,0.254,0.254,39083.5
1790927340000,0.254,0.2544,0.2539,0.2543,42460.1
1790927400000,0.2544,0.2545,0.2541,0.2544,137402.4
1790927460000,0.2543,0.2544,0.2542,0.2544,40378.1
1790927520000,0.2544,0.2545,0.2541,0.2541,36019.0
1790927580000,0.2541,0.2545,0.2541,0.2544,26182.2
1790927640000,0.2544,0.2549,0.2544,0.2548,93923.0
1790927700000,0.2547,0.2552,0.2547,0.2551,125383.8
1790927760000,0.2551,0.2554,0.2551,0.2553,79596.5
1790927820000,0.2553,0.2556,0.2553,0.2556,428532.8
1790927880000,0.2556,0.2558,0.2551,0.2551,218943.6
1790927940000,0.2551,0.2556,0.2551,0.2555,398875.0
1790928000000,0.2555,0.2555,0.255,0.2552,276008.3
1790928060000,0.2553,0.2558,0.2552,0.2557,156485.2
1790928120000,0.2557,0.256,0.2557,0.256,82398.0
1790928180000,0.2559,0.256,0.2558,0.2559,187380.7
1790928240000,0.2559,0.2559,0.2553,0.2553,168246.3
1790928300000,0.2552,0.2552,0.255,0.2552,213203.1
1790928360000,0.2552,0.2556,0.2552,0.2554,251677.9
1790928420000,0.2554,0.2556,0.255,0.2552,426636.6
1790928480000,0.2552,0.2553,0.2547,0.2549,196213.1
1790928540000,0.2548,0.2551,0.2548,0.255,132816.2
1790928600000,0.2551,0.2551,0.2549,0.255,38393.9
1790928660000,0.2549,0.2551,0.2548,0.2551,227565.6
1790928720000,0.255,0.255,0.2547,0.2547,4042.0
1790928780000,0.2547,0.2549,0.2545,0.2549,39251.1
1790928840000,0.2549,0.2549,0.2546,0.2546,57758.9
1790928900000,0.2547,0.255,0.2546,0.2549,143339.5
1790928960000,0.255,0.2557,0.2549,0.2556,1866591.2
1790929020000,0.2556,0.2569,0.2555,0.2565,962370.6
1790929080000,0.2564,0.2571,0.256,0.2566,313237.3
1790929140000,0.2565,0.2569,0.2564,0.2566,115403.6
1790929200000,0.2567,0.2568,0.2564,0.2566,129477.8
1790929260000,0.2567,0.2573,0.2567,0.2567,392714.1
1790929320000,0.2567,0.257,0.2566,0.2569,675607.4
1790929380000,0.2569,0.2569,0.2563,0.2564,292640.9
1790929440000,0.2563,0.2563,0.2561,0.2562,66297.8
1790929500000,0.2563,0.2564,0.2562,0.2563,73156.8
1790929560000,0.2563,0.2569,0.2563,0.2569,244653.1
1790929620000,0.2568,0.2568,0.2563,0.2563,513883.6
1790929680000,0.2562,0.2564,0.2561,0.2561,40201.4
1790929740000,0.2562,0.2564,0.2561,0.2564,259600.4
1790929800000,0.2564,0.2568,0.2562,0.2566,103166.7
1790929860000,0.2567,0.2568,0.2562,0.2566,251115.8
1790929920000,0.2566,0.2566,0.2557,0.2557,201999.2
1790929980000,0.2557,0.2561,0.2557,0.2558,26531.3
1790930040000,0.2557,0.2559,0.2554,0.2558,68119.4
1790930100000,0.2559,0.256,0.2557,0.2559,157490.0
1790930160000,0.256,0.2566,0.256,0.2564,34223.9
1790930220000,0.2564,0.2569,0.2564,0.2569,43781.7
1790930280000,0.2568,0.2568,0.2564,0.2565,57904.2
1790930340000,0.2564,0.2565,0.2563,0.2563,24135.1
1790930400000,0.2563,0.2565,0.256,0.2563,145576.4
1790930460000,0.2564,0.2564,0.256,0.2561,176196.0
1790930520000,0.2561,0.2561,0.2559,0.2559,11462.0
1790930580000,0.2559,0.2561,0.2558,0.2559,94921.0
1790930640000,0.2559,0.2559,0.2557,0.2558,5720.4
1790930700000,0.2557,0.2558,0.2555,0.2556,28281.6
1790930760000,0.2556,0.2558,0.2555,0.2555,27846.2
1790930820000,0.2554,0.2556,0.2553,0.2555,51719.0
1790930880000,0.2554,0.2555,0.2553,0.2553,142569.3
1790930940000,0.2552,0.2553,0.255,0.255,39666.8
1790931000000,0.255,0.2553,0.255,0.2553,25105.2
1790931060000,0.2553,0.2553,0.2548,0.2548,58244.5
1790931120000,0.2548,0.2549,0.2547,0.2547,26275.4
1790931180000,0.2548,0.2548,0.2545,0.2547,38215.7
1790931240000,0.2546,0.2547,0.2545,0.2545,43296.8
1790931300000,0.2545,0.255,0.2544,0.255,436454.6
1790931360000,0.2549,0.2549,0.2547,0.2548,71087.9
1790931420000,0.2547,0.2548,0.2546,0.2547,48104.4
1790931480000,0.2547,0.2547,0.2545,0.2547,41701.6
1790931540000,0.2547,0.2547,0.2543,0.2546,95854.9
1790931600000,0.2546,0.2546,0.254,0.254,66532.1
1790931660000,0.254,0.254,0.2537,0.2537,162229.9
1790931720000,0.2536,0.2539,0.2535,0.2539,86388.1
1790931780000,0.2539,0.2551,0.2538,0.255,1108924.5
1790931840000,0.255,0.2553,0.255,0.2551,464104.8
1790931900000,0.2551,0.2553,0.2549,0.2551,331867.5
1790931960000,0.2551,0.2552,0.2549,0.2549,227946.1
1790932020000,0.255,0.2559,0.255,0.2558,588053.4
1790932080000,0.2559,0.2559,0.2554,0.2554,395964.8
1790932140000,0.2553,0.2561,0.2553,0.2561,226844.3
1790932200000,0.2561,0.2562,0.256,0.256,278941.1
1790932260000,0.2561,0.2563,0.2559,0.2563,364068.2
1790932320000,0.2563,0.2565,0.2562,0.2564,110902.4
1790932380000,0.2564,0.2566,0.2564,0.2566,39240.7
1790932440000,0.2565,0.2565,0.2559,0.256,81741.5
1790932500000,0.2561,0.2561,0.2558,0.2559,25927.7
1790932560000,0.256,0.2561,0.2559,0.2559,145452.6
1790932620000,0.256,0.2565,0.256,0.2563,273812.2
1790932680000,0.2563,0.2564,0.2559,0.2559,103307.7
1790932740000,0.256,0.2561,0.2559,0.256,15165.3
1790932800000,0.256,0.2561,0.2558,0.2559,101965.4
1790932860000,0.2559,0.2561,0.2558,0.2558,183514.6
1790932920000,0.2559,0.256,0.2558,0.2558,5718.3
1790932980000,0.2558,0.2562,0.2558,0.2562,50333.4
1790933040000,0.2561,0.2561,0.2558,0.2559,79013.9
1790933100000,0.2559,0.2559,0.2558,0.2558,6040.3
1790933160000,0.2557,0.2559,0.2557,0.2558,48265.6
1790933220000,0.2557,0.2558,0.2556,0.2556,35087.4
1790933280000,0.2555,0.2555,0.2552,0.2552,40337.7
1790933340000,0.2551,0.2554,0.2551,0.2554,57853.2
1790933400000,0.2554,0.2555,0.2552,0.2555,80430.2
1790933460000,0.2555,0.256,0.2555,0.256,195122.5
1790933520000,0.256,0.2561,0.2558,0.256,205825.7
1790933580000,0.256,0.2564,0.256,0.2563,146618.0
1790933640000,0.2562,0.2564,0.2559,0.2564,91869.8
1790933700000,0.2563,0.2563,0.2559,0.2559,25739.0
1790933760000,0.2558,0.2562,0.2557,0.2557,62925.3
1790933820000,0.2558,0.2561,0.2558,0.2558,34748.0
1790933880000,0.2558,0.2559,0.2558,0.2559,40326.6
1790933940000,0.2559,0.256,0.2558,0.2559,31867.7
1790934000000,0.2559,0.2561,0.2558,0.2559,19850.9
1790934060000,0.256,0.256,0.2558,0.2558,163943.0
1790934120000,0.2557,0.2557,0.2553,0.2553,231211.5
1790934180000,0.2554,0.2556,0.2553,0.2555,95713.9
1790934240000,0.2555,0.2556,0.2554,0.2554,58669.9
1790934300000,0.2553,0.2555,0.2552,0.2555,84842.2
1790934360000,0.2554,0.2559,0.2554,0.2556,339539.3
1790934420000,0.2556,0.2556,0.2554,0.2554,78120.8
1790934480000,0.2554,0.2561,0.2554,0.2561,69649.9
1790934540000,0.2561,0.2565,0.2561,0.2561,166396.5
1790934600000,0.2561,0.2566,0.2561,0.2565,350969.9
1790934660000,0.2565,0.2566,0.2564,0.2564,36623.2
1790934720000,0.2565,0.2567,0.2565,0.2567,310376.1
1790934780000,0.2567,0.257,0.2566,0.2569,41798.9
1790934840000,0.257,0.2573,0.2569,0.2572,274243.7
1790934900000,0.2572,0.2579,0.2572,0.2579,373283.9
1790934960000,0.2578,0.2579,0.2574,0.2575,149467.1
1790935020000,0.2574,0.2575,0.2571,0.2572,157228.8
1790935080000,0.2572,0.2573,0.2569,0.2569,123197.5
1790935140000,0.2569,0.2571,0.2568,0.2571,218491.9
1790935200000,0.257,0.2573,0.257,0.257,225975.7
1790935260000,0.257,0.2571,0.2567,0.257,286413.6
1790935320000,0.257,0.257,0.2567,0.2567,131082.9
1790935380000,0.2568,0.257,0.2567,0.257,149262.4
1790935440000,0.257,0.2571,0.2569,0.257,54682.8
1790935500000,0.2571,0.2573,0.2571,0.2573,41301.6
1790935560000,0.2573,0.2574,0.2564,0.2565,206303.1
1790935620000,0.2565,0.2572,0.2565,0.2567,128057.9
1790935680000,0.2567,0.2569,0.2567,0.2569,1333.0
1790935740000,0.2569,0.2569,0.2564,0.2565,26332.6
1790935800000,0.2564,0.2567,0.2563,0.2565,272586.7
1790935860000,0.2565,0.2566,0.2565,0.2565,16039.1
1790935920000,0.2564,0.2565,0.2563,0.2565,141255.1
1790935980000,0.2565,0.2566,0.2564,0.2564,147131.6
1790936040000,0.2565,0.2566,0.2564,0.2564,132200.3
1790936100000,0.2564,0.2566,0.2563,0.2566,166626.6
1790936160000,0.2566,0.2568,0.2564,0.2565,27611.0
1790936220000,0.2565,0.2565,0.2562,0.2562,35326.2
1790936280000,0.2563,0.2566,0.2562,0.2563,55642.5
1790936340000,0.2563,0.2563,0.2563,0.2563,27103.1
1790936400000,0.2563,0.2565,0.2563,0.2564,13424.2
1790936460000,0.2564,0.2564,0.2562,0.2562,258772.5
1790936520000,0.2562,0.2562,0.2557,0.2558,113263.9
1790936580000,0.2557,0.2557,0.2551,0.2551,334276.3
1790936640000,0.2551,0.2552,0.2548,0.255,212524.3
1790936700000,0.2551,0.2553,0.2549,0.2552,154605.8
1790936760000,0.2553,0.2557,0.2553,0.2557,27226.2
1790936820000,0.2556,0.2561,0.2555,0.2561,432585.4
1790936880000,0.2561,0.2565,0.2561,0.2565,35299.9
1790936940000,0.2566,0.2567,0.2564,0.2564,85165.8
1790937000000,0.2563,0.2564,0.256,0.2561,55399.5
1790937060000,0.2561,0.2561,0.2559,0.256,90569.6
1790937120000,0.2559,0.2565,0.2558,0.2563,131543.6
1790937180000,0.2562,0.2565,0.2562,0.2563,12780.3
1790937240000,0.2563,0.2567,0.2563,0.2566,170302.3
1790937300000,0.2566,0.257,0.2565,0.257,28457.5
1790937360000,0.2569,0.257,0.2567,0.2567,26695.4
1790937420000,0.2567,0.2568,0.2564,0.2564,58793.1
1790937480000,0.2565,0.2567,0.2564,0.2566,287397.2
1790937540000,0.2567,0.257,0.2567,0.2569,35694.9
1790937600000,0.257,0.257,0.2568,0.2569,29399.0
1790937660000,0.257,0.2571,0.257,0.257,44586.3
1790937720000,0.2571,0.2572,0.2569,0.2569,193883.2
1790937780000,0.2569,0.2571,0.2567,0.2567,311180.8
1790937840000,0.2567,0.2571,0.2567,0.2569,157787.0
1790937900000,0.257,0.2571,0.257,0.257,121852.2
1790937960000,0.257,0.257,0.2567,0.2568,35009.6
1790938020000,0.2568,0.2568,0.2566,0.2566,18670.9
1790938080000,0.2566,0.2566,0.2564,0.2565,77627.9
1790938140000,0.2565,0.2566,0.2563,0.2564,43264.6
1790938200000,0.2564,0.2564,0.2562,0.2564,183668.4
1790938260000,0.2564,0.2564,0.2562,0.2563,70851.1
1790938320000,0.2564,0.2565,0.2563,0.2563,23687.1
1790938380000,0.2564,0.2564,0.2562,0.2563,102368.7
1790938440000,0.2563,0.2567,0.2563,0.2564,215641.3
1790938500000,0.2564,0.2568,0.2562,0.2562,117701.5
1790938560000,0.2562,0.2562,0.256,0.2561,56383.7
1790938620000,0.256,0.2561,0.256,0.2561,54195.9
1790938680000,0.256,0.2563,0.256,0.2562,10837.4
1790938740000,0.2562,0.2563,0.2561,0.2561,83571.7
1790938800000,0.2561,0.2562,0.2559,0.256,36842.7
1790938860000,0.2559,0.2561,0.2558,0.2559,116152.9
1790938920000,0.2559,0.2564,0.2559,0.2562,132097.9
1790938980000,0.2561,0.2561,0.2558,0.2559,59747.5
1790939040000,0.256,0.2564,0.2559,0.2564,129452.6
1790939100000,0.2565,0.2566,0.2564,0.2565,23116.5
1790939160000,0.2564,0.2568,0.2564,0.2568,83093.3
1790939220000,0.2567,0.2569,0.2565,0.2566,51615.3
1790939280000,0.2565,0.2565,0.2562,0.2565,79831.4
1790939340000,0.2565,0.2569,0.2565,0.2569,53943.8
1790939400000,0.2569,0.2569,0.2563,0.2564,67414.9
1790939460000,0.2564,0.2564,0.2563,0.2563,29761.5
1790939520000,0.2562,0.2562,0.2561,0.2562,58432.7
1790939580000,0.2561,0.2562,0.256,0.256,19639.4
1790939640000,0.2561,0.2561,0.256,0.2561,11777.9
1790939700000,0.2562,0.2564,0.2561,0.2563,29947.3
1790939760000,0.2564,0.2564,0.2558,0.2558,70483.3
1790939820000,0.2559,0.2561,0.2559,0.2561,85488.2
1790939880000,0.256,0.256,0.2558,0.2558,32664.5
1790939940000,0.2558,0.256,0.2558,0.2559,35027.2
1790940000000,0.2559,0.2559,0.2557,0.2559,27787.7
1790940060000,0.256,0.256,0.2557,0.2558,37947.0
1790940120000,0.2558,0.256,0.2557,0.2559,13425.8
1790940180000,0.2558,0.2559,0.2557,0.2557,14096.3
1790940240000,0.2557,0.2558,0.2554,0.2558,160734.7
1790940300000,0.2557,0.256,0.2555,0.2558,69137.4
1790940360000,0.2558,0.2558,0.2557,0.2558,51276.8
1790940420000,0.2557,0.2558,0.2557,0.2557,2558.7
1790940480000,0.2557,0.2558,0.2557,0.2557,14965.2
1790940540000,0.2556,0.2557,0.2555,0.2556,48610.5
1790940600000,0.2557,0.2558,0.2556,0.2557,37686.0
1790940660000,0.2556,0.2561,0.2556,0.256,153099.1
1790940720000,0.256,0.256,0.2555,0.2559,39897.6
1790940780000,0.256,0.256,0.2557,0.2557,31595.1
1790940840000,0.2558,0.2559,0.2557,0.2558,3682.5
1790940900000,0.2558,0.256,0.2558,0.2559,83349.6
1790940960000,0.2559,0.2561,0.2558,0.256,8680.8
1790941020000,0.256,0.256,0.2558,0.2558,125035.2
1790941080000,0.2559,0.2559,0.2555,0.2556,318656.4
1790941140000,0.2556,0.2558,0.2556,0.2557,42272.3
1790941200000,0.2557,0.2558,0.2554,0.2554,29134.4
1790941260000,0.2555,0.2555,0.2553,0.2553,63339.2
1790941320000,0.2553,0.2554,0.2552,0.2553,77169.8
1790941380000,0.2553,0.2555,0.2551,0.2551,42061.5
1790941440000,0.2552,0.2554,0.255,0.2554,105624.7
1790941500000,0.2554,0.2556,0.2553,0.2556,117338.0
1790941560000,0.2555,0.2556,0.2554,0.2555,64323.8
1790941620000,0.2555,0.2555,0.2553,0.2553,72647.5
1790941680000,0.2554,0.2555,0.2552,0.2553,111928.1
1790941740000,0.2553,0.2556,0.2551,0.2556,202573.7
1790941800000,0.2556,0.2556,0.2553,0.2553,54470.4
1790941860000,0.2553,0.2556,0.2553,0.2556,26324.3
1790941920000,0.2556,0.256,0.2556,0.2559,182581.7
1790941980000,0.2559,0.2559,0.2556,0.2556,29091.7
1790942040000,0.2555,0.2558,0.2555,0.2557,20446.1
1790942100000,0.2557,0.2558,0.2553,0.2553,100566.8
1790942160000,0.2552,0.2555,0.2552,0.2555,120879.6
1790942220000,0.2554,0.2556,0.2553,0.2554,19777.6
1790942280000,0.2554,0.2555,0.2553,0.2554,56688.1
1790942340000,0.2554,0.2556,0.2552,0.2552,60939.5
1790942400000,0.2552,0.2554,0.2552,0.2554,44802.8
1790942460000,0.2553,0.2553,0.2544,0.2545,368114.2
1790942520000,0.2545,0.2549,0.2544,0.2546,382688.5
1790942580000,0.2547,0.2551,0.2547,0.2547,111155.6
1790942640000,0.2548,0.255,0.2548,0.255,119579.6
1790942700000,0.255,0.2555,0.255,0.2552,151718.4
1790942760000,0.2552,0.2555,0.2552,0.2555,16177.7
1790942820000,0.2555,0.2557,0.2555,0.2557,367227.0
1790942880000,0.2556,0.2557,0.2553,0.2557,116701.0
1790942940000,0.2557,0.2557,0.2554,0.2555,87141.0
1790943000000,0.2555,0.2559,0.2554,0.2557,81268.1
1790943060000,0.2557,0.2557,0.2556,0.2557,30108.5
1790943120000,0.2557,0.2558,0.2555,0.2558,33756.9
1790943180000,0.2557,0.2557,0.2553,0.2554,99735.5
1790943240000,0.2554,0.2554,0.2553,0.2553,12791.4
1790943300000,0.2554,0.2558,0.2552,0.2558,51719.5
1790943360000,0.2558,0.2563,0.2557,0.2561,154079.2
1790943420000,0.2561,0.2563,0.2561,0.2562,17829.4
1790943480000,0.2563,0.2564,0.2561,0.2561,38582.0
1790943540000,0.2562,0.2565,0.2561,0.2563,66879.7
1790943600000,0.2563,0.2563,0.2561,0.2562,14771.2
1790943660000,0.2563,0.2563,0.256,0.2563,95993.8
1790943720000,0.2562,0.2565,0.2562,0.2564,65005.2
1790943780000,0.2563,0.2563,0.2559,0.2559,88020.9
1790943840000,0.256,0.256,0.2555,0.2557,138249.8
1790943900000,0.2557,0.2564,0.2555,0.2563,162635.2
1790943960000,0.2563,0.2563,0.2559,0.2562,179063.7
1790944020000,0.2562,0.2564,0.2561,0.2564,39625.5
1790944080000,0.2564,0.2564,0.256,0.2563,105893.7
1790944140000,0.2562,0.2568,0.2562,0.2565,289407.2
1790944200000,0.2564,0.2588,0.2559,0.2575,5738717.1
1790944260000,0.2575,0.2598,0.2575,0.2577,2079043.6
1790944320000,0.2577,0.258,0.2574,0.258,532587.6
1790944380000,0.2579,0.2579,0.2568,0.2575,302391.0
1790944440000,0.2574,0.2576,0.2568,0.2575,289032.3
1790944500000,0.2575,0.2576,0.2571,0.2572,144049.8
1790944560000,0.2572,0.2579,0.2569,0.2578,133144.3
1790944620000,0.2578,0.258,0.2576,0.2579,262654.0
1790944680000,0.2579,0.258,0.2574,0.2575,201658.2
1790944740000,0.2574,0.2578,0.2572,0.2575,178545.6
1790944800000,0.2575,0.2575,0.2569,0.2571,170085.2
1790944860000,0.2571,0.2573,0.2563,0.2566,1034484.0
1790944920000,0.2565,0.2567,0.256,0.2563,168287.4
1790944980000,0.2563,0.2563,0.2553,0.2554,203403.8
1790945040000,0.2554,0.256,0.2552,0.2554,98764.9
1790945100000,0.2555,0.2561,0.2553,0.2561,113542.8
1790945160000,0.256,0.2569,0.256,0.2568,262070.5
1790945220000,0.2568,0.2572,0.2567,0.2571,132265.3
1790945280000,0.2571,0.2571,0.2569,0.2569,70005.8
1790945340000,0.2569,0.2573,0.2568,0.2568,48922.3
1790945400000,0.2568,0.2571,0.2566,0.2568,66493.9
1790945460000,0.2568,0.2568,0.2563,0.2567,45757.3
1790945520000,0.2566,0.257,0.2565,0.2567,77116.7
1790945580000,0.2568,0.257,0.2567,0.2569,108525.9
1790945640000,0.257,0.257,0.2568,0.2568,96973.4
1790945700000,0.2569,0.2574,0.2569,0.2573,165868.6
1790945760000,0.2573,0.2574,0.2571,0.2574,126165.7
1790945820000,0.2573,0.2574,0.2571,0.2572,352466.0
1790945880000,0.2573,0.2573,0.257,0.2571,48016.6
1790945940000,0.2571,0.2572,0.257,0.257,57535.7
1790946000000,0.2571,0.2571,0.2567,0.2569,89006.3
1790946060000,0.2569,0.2575,0.2568,0.2574,375380.9
1790946120000,0.2574,0.2575,0.2571,0.2572,225088.6
1790946180000,0.2573,0.2577,0.2572,0.2577,137747.8
1790946240000,0.2577,0.258,0.2577,0.2578,123612.3
1790946300000,0.2578,0.2579,0.2573,0.2574,182395.0
1790946360000,0.2574,0.2576,0.2573,0.2573,188000.1
1790946420000,0.2573,0.2573,0.2569,0.257,441635.2
1790946480000,0.257,0.2571,0.2568,0.2569,301028.2
1790946540000,0.2569,0.257,0.2567,0.2569,262976.4
1790946600000,0.2569,0.2571,0.2568,0.257,121031.6
1790946660000,0.257,0.2571,0.2566,0.2567,305726.8
1790946720000,0.2567,0.2568,0.2566,0.2568,46857.0
1790946780000,0.2567,0.2568,0.2566,0.2567,83748.0
1790946840000,0.2567,0.2568,0.2565,0.2565,83590.7
1790946900000,0.2565,0.2566,0.2563,0.2565,43119.0
1790946960000,0.2566,0.2568,0.2565,0.2565,42832.1
1790947020000,0.2565,0.2567,0.2564,0.2564,267847.5
1790947080000,0.2565,0.2565,0.2563,0.2563,33307.7
1790947140000,0.2563,0.2567,0.2563,0.2564,56815.1
1790947200000,0.2565,0.2569,0.2564,0.2569,340380.5
1790947260000,0.2569,0.257,0.2565,0.2565,167747.5
1790947320000,0.2565,0.2568,0.2564,0.2568,73002.3
1790947380000,0.2567,0.2567,0.2564,0.2566,47951.6
1790947440000,0.2566,0.2566,0.2562,0.2564,158710.8
1790947500000,0.2563,0.2564,0.2561,0.2563,198963.5
1790947560000,0.2562,0.2563,0.2561,0.2561,41832.1
1790947620000,0.2561,0.2562,0.2559,0.2561,61729.3
1790947680000,0.2561,0.2563,0.2561,0.2562,45514.5
1790947740000,0.2561,0.2562,0.2559,0.2559,375483.3
1790947800000,0.2559,0.256,0.2558,0.256,236696.3
1790947860000,0.2561,0.257,0.2559,0.257,207431.9
1790947920000,0.257,0.2574,0.2569,0.2574,430659.9
1790947980000,0.2573,0.2576,0.2573,0.2574,91268.8
1790948040000,0.2575,0.258,0.2574,0.2579,127058.7
1790948100000,0.258,0.2583,0.2579,0.258,84922.0
1790948160000,0.258,0.2587,0.258,0.2587,990525.5
1790948220000,0.2588,0.2589,0.2584,0.2584,373276.1
1790948280000,0.2584,0.2586,0.2576,0.2579,170998.1
1790948340000,0.2578,0.2583,0.2577,0.2581,89314.2
1790948400000,0.2582,0.2582,0.2578,0.2578,79386.2
1790948460000,0.2578,0.2578,0.2574,0.2575,137928.8
1790948520000,0.2575,0.2575,0.257,0.2571,368201.3
1790948580000,0.2571,0.2576,0.2571,0.2573,123699.2
1790948640000,0.2572,0.2573,0.2569,0.2571,90663.3
1790948700000,0.2572,0.2575,0.2571,0.2575,86786.6
1790948760000,0.2575,0.2575,0.257,0.2572,36637.4
1790948820000,0.2572,0.2574,0.2571,0.2571,52851.6
1790948880000,0.2571,0.2571,0.256,0.2566,392168.5
1790948940000,0.2567,0.257,0.2565,0.2565,142513.2
1790949000000,0.2565,0.2565,0.256,0.2561,270781.2
1790949060000,0.256,0.256,0.2554,0.2557,208620.1
1790949120000,0.2556,0.2563,0.2556,0.256,208235.3
1790949180000,0.256,0.2563,0.2559,0.2563,142382.0
1790949240000,0.2562,0.2563,0.2558,0.2558,86975.5
1790949300000,0.2558,0.2558,0.2554,0.2558,149172.4
1790949360000,0.2559,0.2561,0.2555,0.2555,52369.1
1790949420000,0.2555,0.2558,0.255,0.2555,605673.1
1790949480000,0.2555,0.2558,0.2554,0.2558,48136.6
1790949540000,0.2558,0.2558,0.2555,0.2555,60385.5
1790949600000,0.2554,0.2555,0.2551,0.2553,121814.4
1790949660000,0.2553,0.2558,0.2551,0.2558,137313.7
1790949720000,0.2558,0.2562,0.2557,0.2561,143024.8
1790949780000,0.256,0.2562,0.2557,0.256,82029.7
1790949840000,0.256,0.2565,0.2559,0.2565,42549.5
1790949900000,0.2565,0.2567,0.2562,0.2562,60000.9
1790949960000,0.2561,0.2561,0.255,0.2552,391911.5
1790950020000,0.2551,0.2551,0.2545,0.2545,889826.5
1790950080000,0.2545,0.2548,0.2543,0.2546,156354.6
1790950140000,0.2547,0.2551,0.2546,0.2547,151815.4
1790950200000,0.2546,0.2549,0.254,0.2541,225629.5
1790950260000,0.2541,0.2544,0.2538,0.254,348015.9
1790950320000,0.2541,0.2546,0.2539,0.2545,184083.6
1790950380000,0.2545,0.2548,0.2545,0.2546,123741.3
1790950440000,0.2546,0.2546,0.2543,0.2544,90780.9
1790950500000,0.2544,0.2545,0.2538,0.2539,300947.0
1790950560000,0.2539,0.2542,0.2538,0.2541,111267.9
1790950620000,0.2542,0.2545,0.2542,0.2545,92843.3
1790950680000,0.2544,0.2549,0.2544,0.2547,133439.8
1790950740000,0.2547,0.2552,0.2547,0.2551,99240.5
1790950800000,0.2551,0.2555,0.255,0.2554,151746.1
1790950860000,0.2553,0.2557,0.2552,0.2557,24433.2
1790950920000,0.2556,0.2556,0.2551,0.2553,44146.1
1790950980000,0.2552,0.2555,0.2552,0.2553,246048.9
1790951040000,0.2553,0.2555,0.2553,0.2553,38668.1
1790951100000,0.2553,0.2553,0.2546,0.2546,22598.0
1790951160000,0.2547,0.2548,0.2545,0.2545,116449.4
1790951220000,0.2545,0.2547,0.2542,0.2542,46041.5
1790951280000,0.2541,0.2544,0.254,0.2542,185515.9
1790951340000,0.2543,0.2545,0.2538,0.2538,113469.0
1790951400000,0.2538,0.2539,0.2535,0.2539,159867.8
1790951460000,0.2539,0.2542,0.2537,0.2539,108089.2
1790951520000,0.2539,0.2543,0.2537,0.2541,61754.1
1790951580000,0.2541,0.2541,0.2534,0.2536,215888.2
1790951640000,0.2537,0.2537,0.2524,0.2531,1451510.5
1790951700000,0.2532,0.2538,0.253,0.2538,609774.5
1790951760000,0.2538,0.254,0.2533,0.2537,144689.0
1790951820000,0.2538,0.2538,0.2531,0.2531,130747.0
1790951880000,0.2532,0.2537,0.2532,0.2537,25903.4
1790951940000,0.2537,0.2538,0.2537,0.2538,94665.9
1790952000000,0.2538,0.2539,0.2536,0.2537,32195.0
1790952060000,0.2537,0.254,0.2535,0.254,45468.9
1790952120000,0.254,0.2545,0.254,0.2542,123596.3
1790952180000,0.2543,0.2544,0.2541,0.2542,80099.3
1790952240000,0.2543,0.2543,0.2541,0.2543,77942.0
1790952300000,0.2543,0.2545,0.2542,0.2543,58213.9
1790952360000,0.2543,0.2547,0.2543,0.2546,48400.0
1790952420000,0.2546,0.255,0.2545,0.2549,87417.7
1790952480000,0.255,0.2553,0.2547,0.2552,328950.7
1790952540000,0.2551,0.2552,0.2549,0.2549,80511.0
1790952600000,0.2549,0.2549,0.2546,0.2546,46601.4
1790952660000,0.2546,0.2547,0.254,0.2542,109336.5
1790952720000,0.2542,0.2542,0.2536,0.254,181824.8
1790952780000,0.254,0.2541,0.2535,0.2535,183153.3
1790952840000,0.2535,0.2535,0.252,0.2522,1036611.7
1790952900000,0.2521,0.2523,0.251,0.2521,854246.0
1790952960000,0.2522,0.2528,0.2519,0.2528,624950.6
1790953020000,0.2527,0.2528,0.2524,0.2527,334741.3
1790953080000,0.2526,0.2527,0.2524,0.2525,162199.2
1790953140000,0.2525,0.2525,0.2522,0.2523,112096.7
1790953200000,0.2524,0.253,0.2523,0.2526,722529.7
1790953260000,0.2526,0.2529,0.2524,0.2529,114202.9
1790953320000,0.2529,0.2529,0.2521,0.2523,60798.8
1790953380000,0.2522,0.2525,0.252,0.2523,213884.2
1790953440000,0.2523,0.2524,0.2519,0.252,280764.1
1790953500000,0.252,0.252,0.2512,0.2514,653484.6
1790953560000,0.2514,0.2514,0.2506,0.2511,755098.2
1790953620000,0.2511,0.2514,0.2509,0.2509,320883.8
1790953680000,0.2509,0.2519,0.2509,0.2518,157006.5
1790953740000,0.2518,0.2521,0.2515,0.252,116531.5
1790953800000,0.252,0.2527,0.252,0.2524,109853.7
1790953860000,0.2524,0.2525,0.252,0.2523,103000.3
1790953920000,0.2524,0.2526,0.2521,0.2522,80214.5
1790953980000,0.2522,0.2524,0.252,0.2524,91690.1
1790954040000,0.2524,0.2525,0.2522,0.2523,79620.0
1790954100000,0.2524,0.2529,0.2524,0.2525,117189.8
1790954160000,0.2524,0.2524,0.2517,0.2517,95908.7
1790954220000,0.2517,0.2523,0.2517,0.252,281776.2
1790954280000,0.2521,0.2524,0.2521,0.2524,84966.3
1790954340000,0.2524,0.2525,0.2519,0.2521,141368.0
1790954400000,0.252,0.2523,0.2518,0.252,102046.5
1790954460000,0.2519,0.2522,0.2518,0.2519,85857.6
1790954520000,0.252,0.2521,0.2516,0.2517,189372.4
1790954580000,0.2516,0.2518,0.2515,0.2515,153437.3
1790954640000,0.2516,0.2517,0.251,0.251,350974.4
1790954700000,0.251,0.2513,0.2506,0.2511,402457.9
1790954760000,0.2511,0.2519,0.2511,0.2519,150711.4
1790954820000,0.252,0.2524,0.252,0.2523,216887.0
1790954880000,0.2522,0.2524,0.2522,0.2523,10809.8
1790954940000,0.2523,0.2523,0.2518,0.2521,163658.0
1790955000000,0.2521,0.2523,0.2518,0.2519,109849.1
1790955060000,0.252,0.2523,0.2518,0.2518,45808.8
1790955120000,0.2518,0.2519,0.2516,0.2517,46209.6
1790955180000,0.2518,0.2522,0.2516,0.2522,37058.6
1790955240000,0.2522,0.2524,0.2518,0.2519,24719.1
1790955300000,0.2519,0.2522,0.2518,0.2521,57385.2
1790955360000,0.2521,0.2521,0.2518,0.252,40776.9
1790955420000,0.2519,0.2522,0.2515,0.2516,418061.1
1790955480000,0.2516,0.2519,0.2514,0.2519,70534.0
1790955540000,0.2519,0.2519,0.2514,0.2515,490688.7
1790955600000,0.2515,0.2515,0.251,0.2511,88015.4
1790955660000,0.251,0.2513,0.2508,0.2513,114864.1
1790955720000,0.2513,0.2519,0.2512,0.2519,43311.2
1790955780000,0.252,0.2521,0.2514,0.2515,24223.7
1790955840000,0.2514,0.2516,0.2514,0.2515,45903.9
1790955900000,0.2515,0.2516,0.2512,0.2513,50058.9
1790955960000,0.2513,0.2514,0.251,0.2513,88881.2
1790956020000,0.2513,0.2515,0.2512,0.2513,14028.4
1790956080000,0.2514,0.2518,0.2514,0.2515,71270.3
1790956140000,0.2514,0.2517,0.2514,0.2517,40575.5
1790956200000,0.2518,0.252,0.2515,0.2515,22332.8
1790956260000,0.2515,0.2521,0.2515,0.2519,58137.6
1790956320000,0.2518,0.2518,0.2514,0.2515,155626.8
1790956380000,0.2516,0.2518,0.2515,0.2515,56997.3
1790956440000,0.2515,0.2519,0.2513,0.2515,69370.6
1790956500000,0.2514,0.2516,0.2511,0.2516,110583.2
1790956560000,0.2517,0.252,0.2517,0.2519,57096.4
1790956620000,0.2519,0.252,0.2519,0.2519,12190.3
1790956680000,0.252,0.2521,0.2518,0.2519,36418.9
1790956740000,0.2518,0.252,0.2517,0.252,135039.8
1790956800000,0.252,0.2525,0.252,0.2525,195847.8
1790956860000,0.2526,0.2534,0.2525,0.2534,146140.6
1790956920000,0.2534,0.2537,0.2532,0.2536,91201.7
1790956980000,0.2536,0.2536,0.2533,0.2534,48795.2
1790957040000,0.2533,0.2535,0.2532,0.2535,46849.1
1790957100000,0.2536,0.2537,0.2531,0.2532,39182.5
1790957160000,0.2532,0.2536,0.2532,0.2533,123151.0
1790957220000,0.2533,0.2535,0.253,0.253,8980.9
1790957280000,0.253,0.2534,0.2528,0.2533,27941.8
1790957340000,0.2532,0.2534,0.2531,0.2533,104173.5
1790957400000,0.2534,0.2535,0.253,0.2531,71669.5
1790957460000,0.2531,0.2531,0.2527,0.2528,71215.5
1790957520000,0.2527,0.2529,0.2527,0.2529,42707.7
1790957580000,0.253,0.2533,0.2528,0.2528,37008.1
1790957640000,0.2528,0.253,0.2528,0.2528,8720.5
1790957700000,0.2528,0.253,0.2528,0.253,38148.0
1790957760000,0.253,0.2534,0.253,0.2534,20581.8
1790957820000,0.2535,0.2538,0.2534,0.2536,127825.8
1790957880000,0.2536,0.2542,0.2536,0.2539,82816.6
1790957940000,0.2539,0.2542,0.2539,0.2542,90102.5
1790958000000,0.2542,0.2542,0.2539,0.2539,104741.9
1790958060000,0.2539,0.2541,0.2537,0.254,128473.3
1790958120000,0.2539,0.2539,0.2533,0.2535,64076.8
1790958180000,0.2534,0.2534,0.2529,0.2529,95490.9
1790958240000,0.253,0.2531,0.2527,0.2528,48259.0
1790958300000,0.2529,0.2534,0.2529,0.2529,29369.6
1790958360000,0.2529,0.2531,0.2528,0.2528,23833.9
1790958420000,0.2528,0.2532,0.2528,0.2531,60770.1
1790958480000,0.253,0.253,0.2527,0.2527,198151.8
1790958540000,0.2527,0.2527,0.2525,0.2525,13228.6
1790958600000,0.2525,0.2528,0.2525,0.2526,13360.2
1790958660000,0.2526,0.2527,0.2523,0.2523,194150.3
1790958720000,0.2524,0.2525,0.2523,0.2523,3666.9
1790958780000,0.2524,0.2528,0.2523,0.2526,32641.7
1790958840000,0.2527,0.253,0.2527,0.2527,20659.5
1790958900000,0.2527,0.253,0.2526,0.2526,26272.8
1790958960000,0.2527,0.2528,0.2526,0.2528,33261.2
1790959020000,0.2529,0.2529,0.2526,0.2526,45260.9
1790959080000,0.2525,0.2526,0.2523,0.2524,23203.4
1790959140000,0.2524,0.2525,0.2522,0.2522,4881.1
1790959200000,0.2522,0.2522,0.252,0.252,69385.7
1790959260000,0.252,0.252,0.2516,0.2516,89076.4
1790959320000,0.2516,0.2517,0.2514,0.2517,132124.6
1790959380000,0.2517,0.2524,0.2517,0.2524,311668.1
1790959440000,0.2523,0.2527,0.2523,0.2527,92912.8
1790959500000,0.2528,0.2533,0.2528,0.2533,31327.8
1790959560000,0.2534,0.2536,0.2533,0.2533,44681.7
1790959620000,0.2533,0.2534,0.2531,0.2531,16817.2
1790959680000,0.2531,0.2532,0.2528,0.2528,24715.9
1790959740000,0.2529,0.253,0.2528,0.2528,42590.3
1790959800000,0.2528,0.2531,0.2527,0.2531,45325.2
1790959860000,0.2531,0.2534,0.2528,0.2529,36617.0
1790959920000,0.2529,0.2529,0.2524,0.2525,80483.2
1790959980000,0.2525,0.2526,0.2524,0.2525,33424.1
1790960040000,0.2526,0.2526,0.2524,0.2524,41418.0
1790960100000,0.2524,0.2525,0.2522,0.2522,57644.2
1790960160000,0.2521,0.2522,0.2518,0.2522,44049.9
1790960220000,0.2522,0.2524,0.2522,0.2522,48694.3
1790960280000,0.2522,0.2524,0.2522,0.2523,28953.9
1790960340000,0.2523,0.2524,0.2522,0.2523,16418.2
1790960400000,0.2523,0.2525,0.2522,0.2525,60447.6
1790960460000,0.2526,0.2531,0.2526,0.2531,85717.0
1790960520000,0.2532,0.2533,0.2531,0.2533,72813.2
1790960580000,0.2533,0.2533,0.2531,0.2531,140106.5
1790960640000,0.2531,0.2532,0.2527,0.2527,116022.2
1790960700000,0.2527,0.2528,0.2526,0.2527,50844.9
1790960760000,0.2528,0.2529,0.2523,0.2523,83448.0
1790960820000,0.2524,0.2524,0.2518,0.2519,154501.6
1790960880000,0.2518,0.2524,0.2518,0.252,168998.6
1790960940000,0.2521,0.2523,0.2521,0.2522,66155.2
1790961000000,0.2522,0.2522,0.2521,0.2521,24953.4
1790961060000,0.2521,0.2522,0.2518,0.2521,121823.1
1790961120000,0.252,0.2522,0.2519,0.2521,38530.5
1790961180000,0.2522,0.2522,0.2515,0.2516,98367.7
1790961240000,0.2517,0.2517,0.2512,0.2515,274279.1
1790961300000,0.2514,0.2516,0.2508,0.2508,222268.2
1790961360000,0.2508,0.2513,0.2507,0.2513,174568.2
1790961420000,0.2514,0.2516,0.2511,0.2512,70435.9
1790961480000,0.2513,0.2517,0.2513,0.2517,68938.8
1790961540000,0.2517,0.2521,0.2517,0.252,62608.6
1790961600000,0.252,0.252,0.2514,0.2518,58971.9
1790961660000,0.2518,0.2518,0.2511,0.2515,116984.9
1790961720000,0.2515,0.2517,0.2515,0.2515,181716.0
1790961780000,0.2514,0.2514,0.2509,0.2509,130744.0
1790961840000,0.2508,0.2509,0.2504,0.2507,341397.6
1790961900000,0.2507,0.251,0.2506,0.251,158948.0
1790961960000,0.2509,0.251,0.2509,0.251,80304.5
1790962020000,0.2509,0.2509,0.2506,0.2507,102725.2
1790962080000,0.2508,0.251,0.2508,0.251,53051.1
1790962140000,0.2509,0.2511,0.2509,0.2511,30301.9
1790962200000,0.2511,0.2512,0.2509,0.2509,60248.3
1790962260000,0.251,0.2512,0.2509,0.2509,29481.2
1790962320000,0.2509,0.2509,0.2503,0.2508,35025.9
1790962380000,0.2509,0.2513,0.2509,0.2512,28836.4
1790962440000,0.2512,0.2513,0.251,0.2512,77359.3
1790962500000,0.2512,0.2512,0.251,0.251,114884.2
1790962560000,0.251,0.251,0.2507,0.2507,119433.9
1790962620000,0.2507,0.2508,0.2504,0.2504,11129.8
1790962680000,0.2504,0.2506,0.2503,0.2504,226305.5
1790962740000,0.2503,0.2503,0.25,0.2501,954265.3
1790962800000,0.2501,0.2502,0.2499,0.2502,242726.1
1790962860000,0.2502,0.2502,0.2499,0.2502,244244.0
1790962920000,0.2502,0.2502,0.2497,0.2499,208553.7
1790962980000,0.2498,0.2498,0.2494,0.2497,2104869.8
1790963040000,0.2498,0.2499,0.2497,0.2497,38181.1
1790963100000,0.2497,0.2498,0.2495,0.2495,55408.0
1790963160000,0.2495,0.2496,0.2493,0.2496,73573.9
1790963220000,0.2497,0.25,0.2497,0.2499,242212.1
1790963280000,0.25,0.2504,0.25,0.2504,194712.5
1790963340000,0.2504,0.2507,0.2504,0.2505,161800.7
1790963400000,0.2505,0.2508,0.2502,0.2504,289185.4
1790963460000,0.2504,0.2505,0.2501,0.2505,25589.4
1790963520000,0.2505,0.2507,0.2505,0.2505,61174.0
1790963580000,0.2505,0.2505,0.2502,0.2502,39331.4
1790963640000,0.2502,0.2504,0.2501,0.2503,9460.8
1790963700000,0.2502,0.2503,0.2501,0.2502,7832.1
1790963760000,0.2502,0.2502,0.2499,0.2499,25865.4
1790963820000,0.25,0.2502,0.25,0.25,79812.7
1790963880000,0.2499,0.25,0.2499,0.25,8777.2
1790963940000,0.25,0.2503,0.25,0.2502,55452.3
1790964000000,0.2501,0.2509,0.2501,0.2507,49317.7
1790964060000,0.2506,0.2507,0.2504,0.2505,31713.5
1790964120000,0.2506,0.2507,0.2506,0.2507,29904.7
1790964180000,0.2507,0.2507,0.2504,0.2504,75096.2
1790964240000,0.2504,0.2507,0.2504,0.2506,131436.4
1790964300000,0.2505,0.2505,0.2501,0.2501,81634.6
1790964360000,0.25,0.2502,0.2499,0.2501,106105.5
1790964420000,0.2502,0.2503,0.2499,0.2503,32033.9
1790964480000,0.2502,0.2503,0.2502,0.2502,17721.9
1790964540000,0.2502,0.2502,0.2498,0.2498,137291.3
1790964600000,0.2498,0.2499,0.2498,0.2498,93003.7
1790964660000,0.2499,0.2501,0.2499,0.25,33687.1
1790964720000,0.2501,0.2503,0.2499,0.2499,108040.4
1790964780000,0.2499,0.2502,0.2498,0.25,29997.9
1790964840000,0.25,0.2502,0.25,0.2502,54099.2
1790964900000,0.2502,0.2502,0.25,0.25,16276.9
1790964960000,0.2501,0.2501,0.2488,0.2489,642453.8
1790965020000,0.2489,0.249,0.2483,0.2486,643794.7
1790965080000,0.2486,0.2487,0.2482,0.2482,166011.4
1790965140000,0.2482,0.2483,0.2478,0.2479,359610.0
1790965200000,0.2478,0.2479,0.2472,0.2474,274446.6
1790965260000,0.2474,0.2475,0.2471,0.2472,155849.6
1790965320000,0.2472,0.2472,0.247,0.2472,97873.4
1790965380000,0.2472,0.2474,0.247,0.2471,159509.7
1790965440000,0.2471,0.2471,0.2467,0.247,246742.5
1790965500000,0.247,0.2472,0.2464,0.2465,242452.5
1790965560000,0.2465,0.2465,0.2462,0.2464,170201.0
1790965620000,0.2464,0.2464,0.2461,0.2463,255101.3
1790965680000,0.2462,0.2464,0.2461,0.2464,200920.9
1790965740000,0.2464,0.2464,0.246,0.2463,266796.7
1790965800000,0.2463,0.2465,0.2458,0.2459,525525.1
1790965860000,0.2459,0.2459,0.2455,0.2458,292868.4
1790965920000,0.2458,0.2461,0.2456,0.2459,371648.7
1790965980000,0.2458,0.2458,0.2453,0.2454,491755.2
1790966040000,0.2454,0.2456,0.2446,0.2448,1865144.7
1790966100000,0.2449,0.2449,0.244,0.2442,1065581.9
1790966160000,0.2442,0.2444,0.2438,0.2441,917540.5
1790966220000,0.2441,0.2444,0.2435,0.2436,725371.5
1790966280000,0.2436,0.2438,0.243,0.2432,862480.5
1790966340000,0.2431,0.2432,0.2391,0.2394,5500815.7
1790966400000,0.2393,0.2409,0.2391,0.2407,2712678.6
1790966460000,0.2407,0.2414,0.2383,0.2393,2017405.0
1790966520000,0.2394,0.2401,0.2382,0.2398,1601554.1
1790966580000,0.2399,0.2404,0.2381,0.2383,872499.3
1790966640000,0.2382,0.2397,0.2376,0.2386,2403133.7
1790966700000,0.2386,0.2389,0.2382,0.2385,1239686.0
1790966760000,0.2385,0.2393,0.2383,0.2389,588388.9
1790966820000,0.2389,0.2389,0.2369,0.2374,1314793.9
1790966880000,0.2373,0.238,0.2372,0.2374,1480927.5
1790966940000,0.2374,0.2378,0.2372,0.2374,1346471.5
1790967000000,0.2375,0.2381,0.2372,0.238,971282.8
1790967060000,0.2381,0.2393,0.2379,0.2393,488145.8
1790967120000,0.2392,0.2398,0.2392,0.2395,455697.7
1790967180000,0.2395,0.2396,0.2389,0.2393,604576.3
1790967240000,0.2393,0.2395,0.239,0.2393,370760.7
1790967300000,0.2393,0.2394,0.2387,0.239,386345.5
1790967360000,0.2389,0.2391,0.2386,0.2388,330012.9
1790967420000,0.2388,0.2392,0.2386,0.2387,456689.9
1790967480000,0.2387,0.2394,0.2383,0.2392,1208020.5
1790967540000,0.2392,0.2395,0.239,0.2395,324443.1
1790967600000,0.2394,0.2398,0.2392,0.2397,739349.5
1790967660000,0.2397,0.2402,0.2397,0.2402,221621.6
1790967720000,0.2401,0.2402,0.2395,0.2398,505016.9
1790967780000,0.2398,0.2398,0.2392,0.2396,472940.4
1790967840000,0.2397,0.2401,0.2397,0.2401,211749.3
1790967900000,0.2401,0.2403,0.2399,0.2401,469257.0
1790967960000,0.2402,0.2402,0.2396,0.2396,588321.3
1790968020000,0.2396,0.2399,0.2393,0.2396,263869.7
1790968080000,0.2395,0.2396,0.239,0.2393,341180.9
1790968140000,0.2393,0.2393,0.2387,0.2389,419754.5
1790968200000,0.239,0.2391,0.2386,0.2388,310952.9
1790968260000,0.2387,0.2392,0.2387,0.239,249477.4
1790968320000,0.239,0.239,0.2384,0.2385,316097.8
1790968380000,0.2385,0.2388,0.2383,0.2388,244068.6
1790968440000,0.2388,0.239,0.2384,0.2388,442130.7
1790968500000,0.2388,0.2391,0.2387,0.2387,226318.2
1790968560000,0.2386,0.2386,0.2378,0.2381,513958.0
1790968620000,0.2381,0.2387,0.2377,0.238,281658.9
1790968680000,0.2379,0.2388,0.2376,0.2388,289741.3
1790968740000,0.2387,0.2388,0.2382,0.2382,175947.4
1790968800000,0.2383,0.2383,0.2379,0.238,274461.1
1790968860000,0.238,0.2383,0.2377,0.2381,276293.1
1790968920000,0.238,0.2384,0.2379,0.2381,138851.1
1790968980000,0.2382,0.2384,0.238,0.2382,186558.9
1790969040000,0.2382,0.2394,0.2382,0.2393,114787.1
1790969100000,0.2393,0.2396,0.2389,0.2389,203514.9
1790969160000,0.239,0.2395,0.239,0.2393,135426.8
1790969220000,0.2393,0.24,0.2393,0.2397,366649.7
1790969280000,0.2397,0.24,0.2395,0.2399,266413.8
1790969340000,0.24,0.24,0.2396,0.2398,309836.0
1790969400000,0.2398,0.2405,0.2398,0.2403,184544.5
1790969460000,0.2403,0.2403,0.2401,0.2402,74015.0
1790969520000,0.2401,0.2402,0.2399,0.2401,94947.4
1790969580000,0.24,0.24,0.2396,0.2397,164717.1
1790969640000,0.2398,0.2399,0.2394,0.2399,138381.2
1790969700000,0.2399,0.2402,0.2399,0.24,64183.6
1790969760000,0.2401,0.2403,0.24,0.2401,92820.9
1790969820000,0.2401,0.2403,0.24,0.2403,179439.1
1790969880000,0.2402,0.2403,0.2401,0.2402,71129.0
1790969940000,0.2402,0.2403,0.24,0.24,147524.5
1790970000000,0.24,0.2401,0.2398,0.2398,224805.0
1790970060000,0.2397,0.24,0.2396,0.2399,157999.1
1790970120000,0.2399,0.24,0.2396,0.2397,111191.5
1790970180000,0.2397,0.24,0.2397,0.2399,44752.9
1790970240000,0.24,0.2401,0.2399,0.24,105181.3
1790970300000,0.2401,0.2403,0.2398,0.2399,87175.4
1790970360000,0.2399,0.2402,0.2398,0.2402,107110.4
1790970420000,0.2402,0.2404,0.2396,0.2396,176023.0
1790970480000,0.2396,0.2397,0.2393,0.2394,119083.7
1790970540000,0.2395,0.2397,0.2394,0.2396,158446.4
1790970600000,0.2396,0.2396,0.2393,0.2396,253340.3
1790970660000,0.2397,0.2399,0.2396,0.2397,99785.9
1790970720000,0.2397,0.2398,0.2394,0.2394,93886.7
1790970780000,0.2395,0.2396,0.2393,0.2394,108689.3
1790970840000,0.2394,0.2396,0.2392,0.2394,129599.4
1790970900000,0.2394,0.2397,0.2394,0.2396,97754.7
1790970960000,0.2396,0.2397,0.2394,0.2395,69909.5
1790971020000,0.2394,0.2395,0.2394,0.2395,47723.4
1790971080000,0.2395,0.2398,0.2395,0.2397,149403.5
1790971140000,0.2397,0.2397,0.2394,0.2396,171061.9
1790971200000,0.2395,0.24,0.2395,0.24,445239.3
1790971260000,0.2399,0.2401,0.2396,0.2401,238750.0
1790971320000,0.2402,0.2402,0.2396,0.2396,335393.5
1790971380000,0.2395,0.2395,0.2391,0.2394,285672.4
1790971440000,0.2393,0.2396,0.2393,0.2396,659753.4
1790971500000,0.2396,0.2402,0.2394,0.2402,205030.1
1790971560000,0.2401,0.2401,0.2396,0.2398,265223.6
1790971620000,0.2397,0.2398,0.2396,0.2396,65104.6
1790971680000,0.2397,0.2399,0.2396,0.2399,155039.6
1790971740000,0.2398,0.2399,0.2397,0.2399,126306.1
1790971800000,0.2399,0.24,0.2398,0.24,48719.0
1790971860000,0.2401,0.2403,0.2401,0.2403,66198.3
1790971920000,0.2403,0.2403,0.2401,0.2401,133400.8
1790971980000,0.2401,0.2402,0.2399,0.2402,128550.2
1790972040000,0.2402,0.2402,0.2402,0.2402,23236.5
1790972100000,0.2402,0.2404,0.2402,0.2402,35240.3
1790972160000,0.2402,0.2402,0.2401,0.2401,89412.3
1790972220000,0.24,0.2401,0.2397,0.2398,618758.6
1790972280000,0.2397,0.24,0.2396,0.2398,240521.4
1790972340000,0.2399,0.2405,0.2399,0.2401,137399.0
1790972400000,0.2401,0.2405,0.24,0.2404,194119.2
1790972460000,0.2404,0.2404,0.2401,0.2403,152551.3
1790972520000,0.2403,0.2403,0.24,0.2402,36562.6
1790972580000,0.2402,0.2407,0.2402,0.2406,41141.8
1790972640000,0.2406,0.2407,0.2404,0.2407,108531.8
1790972700000,0.2407,0.2408,0.2406,0.2408,87860.2
1790972760000,0.2407,0.2409,0.2407,0.2407,48771.4
1790972820000,0.2407,0.2408,0.2403,0.2404,329116.8
1790972880000,0.2404,0.2404,0.2399,0.2401,236724.6
1790972940000,0.2402,0.2404,0.2399,0.2404,151782.4
1790973000000,0.2404,0.2409,0.2402,0.2409,241702.3
1790973060000,0.2409,0.2409,0.2405,0.2406,234356.3
1790973120000,0.2407,0.2411,0.2407,0.2411,56004.6
1790973180000,0.241,0.2411,0.241,0.2411,19362.1
1790973240000,0.241,0.2411,0.2408,0.2409,62367.9
1790973300000,0.241,0.241,0.2406,0.2406,112898.4
1790973360000,0.2407,0.2408,0.2405,0.2406,68959.2
1790973420000,0.2406,0.241,0.2406,0.2408,314978.1
1790973480000,0.2408,0.241,0.2408,0.241,26820.1
1790973540000,0.241,0.241,0.2406,0.2406,158015.4
1790973600000,0.2406,0.2406,0.2403,0.2404,268560.4
1790973660000,0.2405,0.2405,0.24,0.2402,317340.5
1790973720000,0.2401,0.2401,0.2396,0.2398,618974.9
1790973780000,0.2397,0.2398,0.2395,0.2398,222713.5
1790973840000,0.2397,0.2398,0.2394,0.2394,56793.4
1790973900000,0.2394,0.2395,0.2392,0.2395,165173.7
1790973960000,0.2396,0.2398,0.2392,0.2398,317900.0
1790974020000,0.2397,0.2399,0.2394,0.2398,208327.3
1790974080000,0.2399,0.2399,0.2392,0.2394,243763.6
1790974140000,0.2393,0.2394,0.2392,0.2393,38350.0
1790974200000,0.2393,0.2399,0.2393,0.2399,215419.7
1790974260000,0.24,0.2402,0.2397,0.2402,70057.4
1790974320000,0.2403,0.2404,0.24,0.2404,108924.8
1790974380000,0.2403,0.2403,0.24,0.2402,268992.9
1790974440000,0.2402,0.2402,0.2398,0.2398,110416.7
1790974500000,0.2398,0.2398,0.2392,0.2392,36961.5
1790974560000,0.2392,0.2393,0.2391,0.2392,74916.9
1790974620000,0.2391,0.2392,0.2389,0.2389,77593.7
1790974680000,0.239,0.2392,0.239,0.2391,199219.0
1790974740000,0.239,0.2395,0.239,0.239,148473.0
1790974800000,0.2389,0.2394,0.2389,0.2394,61036.3
1790974860000,0.2395,0.2403,0.2395,0.2402,133764.3
1790974920000,0.2402,0.2404,0.2399,0.2399,171781.7
1790974980000,0.2398,0.24,0.2397,0.24,41641.3
1790975040000,0.2399,0.24,0.2398,0.2399,11713.0
1790975100000,0.2399,0.2402,0.2399,0.2401,63089.3
1790975160000,0.2401,0.2402,0.2401,0.2402,28088.8
1790975220000,0.2402,0.2402,0.24,0.2401,34404.8
1790975280000,0.24,0.2401,0.24,0.24,16785.8
1790975340000,0.24,0.2402,0.24,0.2401,24916.9
1790975400000,0.2401,0.2405,0.2401,0.2405,23888.8
1790975460000,0.2406,0.2408,0.2406,0.2406,21243.5
1790975520000,0.2406,0.2407,0.2405,0.2406,12902.8
1790975580000,0.2405,0.2406,0.2403,0.2404,16580.7
1790975640000,0.2403,0.2403,0.2402,0.2402,59616.8
1790975700000,0.2403,0.2405,0.2403,0.2405,18139.3
1790975760000,0.2405,0.2406,0.2405,0.2405,29697.2
1790975820000,0.2405,0.2405,0.2405,0.2405,57348.6
1790975880000,0.2405,0.2407,0.2405,0.2407,116668.2
1790975940000,0.2407,0.2407,0.2405,0.2405,75395.3
1790976000000,0.2405,0.2406,0.2402,0.2406,318856.3
1790976060000,0.2405,0.2407,0.2405,0.2407,19972.2
1790976120000,0.2407,0.2408,0.2406,0.2407,79813.7
1790976180000,0.2406,0.2407,0.2403,0.2403,118473.4
1790976240000,0.2403,0.2404,0.2402,0.2402,80814.0
1790976300000,0.2402,0.2403,0.2396,0.2396,413071.8
1790976360000,0.2396,0.2399,0.2395,0.2397,307697.6
1790976420000,0.2396,0.2396,0.2395,0.2396,42114.5
1790976480000,0.2397,0.2398,0.2392,0.2394,352451.7
1790976540000,0.2393,0.2395,0.2391,0.2395,49892.1
1790976600000,0.2395,0.2395,0.2394,0.2395,36821.6
1790976660000,0.2394,0.2398,0.2393,0.2398,135535.7
1790976720000,0.2398,0.2398,0.2397,0.2398,50408.5
1790976780000,0.2397,0.2397,0.2397,0.2397,3610.7
1790976840000,0.2398,0.2402,0.2398,0.2401,103798.1
1790976900000,0.2401,0.2403,0.24,0.2403,116632.1
1790976960000,0.2403,0.2405,0.2403,0.2405,8487.2
1790977020000,0.2405,0.2407,0.2404,0.2407,33823.2
1790977080000,0.2406,0.2407,0.2405,0.2405,171385.5
1790977140000,0.2406,0.2407,0.2406,0.2406,8918.0
1790977200000,0.2406,0.2406,0.2405,0.2405,21304.8
1790977260000,0.2405,0.2406,0.2405,0.2406,41392.3
1790977320000,0.2405,0.2407,0.2405,0.2406,5052.1
1790977380000,0.2406,0.241,0.2406,0.2407,56353.9
1790977440000,0.2408,0.2408,0.2406,0.2406,115180.0
1790977500000,0.2407,0.2408,0.2406,0.2408,20121.6
1790977560000,0.2407,0.2408,0.2407,0.2408,6920.3
1790977620000,0.2407,0.2407,0.2403,0.2404,272771.0
1790977680000,0.2404,0.2404,0.2403,0.2404,13298.2
1790977740000,0.2404,0.2404,0.2402,0.2402,2079.5
1790977800000,0.2403,0.2403,0.2401,0.2402,26762.8
1790977860000,0.2401,0.2404,0.2401,0.2404,58127.1
1790977920000,0.2404,0.2407,0.2404,0.2407,41899.2
1790977980000,0.2408,0.2409,0.2407,0.2409,21566.2
1790978040000,0.2409,0.2409,0.2406,0.2408,152126.2
1790978100000,0.2409,0.2409,0.2408,0.2408,2853.6
1790978160000,0.2408,0.2409,0.2408,0.2408,17159.6
1790978220000,0.2408,0.241,0.2408,0.241,14388.9
1790978280000,0.2411,0.2411,0.241,0.241,3946.5
1790978340000,0.2411,0.2412,0.2411,0.2411,32050.0
1790978400000,0.2412,0.2414,0.2412,0.2414,74646.9
1790978460000,0.2413,0.2416,0.2413,0.2415,60440.7
1790978520000,0.2414,0.2415,0.241,0.2411,276489.8
1790978580000,0.2412,0.2415,0.2412,0.2415,198941.6
1790978640000,0.2415,0.2416,0.2414,0.2415,37758.4
1790978700000,0.2414,0.2415,0.2412,0.2413,112626.1
1790978760000,0.2413,0.2414,0.2413,0.2414,16334.9
1790978820000,0.2414,0.2418,0.2414,0.2417,84957.2
1790978880000,0.2417,0.2417,0.2414,0.2416,260595.6
1790978940000,0.2416,0.2416,0.2415,0.2416,255.2
1790979000000,0.2415,0.2416,0.2415,0.2415,8833.5
1790979060000,0.2415,0.2415,0.2413,0.2413,134657.5
1790979120000,0.2413,0.2414,0.2412,0.2413,55505.8
1790979180000,0.2412,0.2412,0.241,0.2411,176347.4
1790979240000,0.241,0.2411,0.2409,0.241,94160.4
1790979300000,0.2409,0.2409,0.2408,0.2408,61613.3
1790979360000,0.2408,0.2409,0.2405,0.2408,111547.8
1790979420000,0.2408,0.2408,0.2405,0.2407,247659.8
1790979480000,0.2407,0.2407,0.2402,0.2405,383872.9
1790979540000,0.2405,0.2406,0.2405,0.2406,60745.3
1790979600000,0.2407,0.2409,0.2406,0.2408,241850.1
1790979660000,0.2407,0.2411,0.2407,0.2411,36395.2
1790979720000,0.241,0.241,0.2407,0.2407,159168.3
1790979780000,0.2407,0.2407,0.2406,0.2406,127473.9
1790979840000,0.2407,0.241,0.2407,0.2409,124948.1
1790979900000,0.2409,0.241,0.2407,0.2408,50930.8
1790979960000,0.2407,0.2409,0.2407,0.2409,26828.4
1790980020000,0.2409,0.2411,0.2408,0.2411,33631.2
1790980080000,0.2411,0.2412,0.2409,0.2412,74906.2
1790980140000,0.2412,0.2414,0.2412,0.2413,65418.3
1790980200000,0.2414,0.2416,0.2413,0.2415,73566.6
1790980260000,0.2416,0.2417,0.2414,0.2414,136519.4
1790980320000,0.2415,0.2415,0.2413,0.2413,1663.7
1790980380000,0.2413,0.2416,0.2413,0.2416,27902.3
1790980440000,0.2415,0.2417,0.2415,0.2417,31991.0
1790980500000,0.2418,0.2419,0.2418,0.2418,10061.7
1790980560000,0.2419,0.2421,0.2418,0.242,115956.4
1790980620000,0.242,0.2421,0.2419,0.2421,48650.3
1790980680000,0.242,0.242,0.2418,0.2418,26717.9
1790980740000,0.2418,0.2418,0.2414,0.2415,227356.1
1790980800000,0.2415,0.2416,0.2414,0.2416,37590.2
1790980860000,0.2417,0.2417,0.2416,0.2416,45640.2
1790980920000,0.2417,0.2417,0.2416,0.2417,12429.1
1790980980000,0.2417,0.2419,0.2417,0.2419,2806.0
1790981040000,0.2418,0.2419,0.2418,0.2418,32566.0
1790981100000,0.2418,0.2421,0.2418,0.2421,149655.4
1790981160000,0.2422,0.2422,0.2419,0.2419,16114.3
1790981220000,0.242,0.2421,0.242,0.242,6951.8
1790981280000,0.242,0.2421,0.2419,0.242,43841.3
1790981340000,0.2421,0.2422,0.2421,0.2422,46457.6
1790981400000,0.2421,0.2422,0.242,0.2422,47253.2
1790981460000,0.2421,0.2423,0.242,0.2422,112155.0
1790981520000,0.2422,0.2423,0.2422,0.2422,20268.2
1790981580000,0.2422,0.2422,0.2421,0.2422,79335.6
1790981640000,0.2421,0.2422,0.242,0.2421,66736.7
1790981700000,0.2422,0.2423,0.2422,0.2422,86028.6
1790981760000,0.2422,0.2423,0.2421,0.2421,9980.4
1790981820000,0.2421,0.2421,0.242,0.2421,26214.1
1790981880000,0.2421,0.2422,0.242,0.2422,16592.8
1790981940000,0.2421,0.2422,0.2421,0.2421,1756.6
1790982000000,0.2421,0.2422,0.2421,0.2421,2578.2
1790982060000,0.2421,0.2422,0.2419,0.242,355242.2
1790982120000,0.242,0.2424,0.2419,0.2424,137739.2
1790982180000,0.2423,0.2424,0.2423,0.2423,16892.5
1790982240000,0.2424,0.2424,0.2423,0.2424,18717.4
1790982300000,0.2424,0.2424,0.2422,0.2422,41582.0
1790982360000,0.2422,0.2425,0.2422,0.2425,23227.5
1790982420000,0.2424,0.2424,0.2421,0.2422,74881.1
1790982480000,0.2423,0.2423,0.2421,0.2421,21012.6
1790982540000,0.2421,0.2421,0.2419,0.2421,316240.6
1790982600000,0.2421,0.2422,0.242,0.2422,344107.0
1790982660000,0.2421,0.2422,0.242,0.242,30807.6
1790982720000,0.242,0.2421,0.2419,0.242,91747.1
1790982780000,0.242,0.2423,0.242,0.2423,37715.5
1790982840000,0.2423,0.2423,0.242,0.2421,204754.2
1790982900000,0.2422,0.2422,0.2421,0.2421,2492.6
1790982960000,0.2421,0.2425,0.2421,0.2424,59695.6
1790983020000,0.2423,0.2425,0.2422,0.2425,60012.9
1790983080000,0.2424,0.2426,0.2424,0.2426,53802.4
1790983140000,0.2426,0.2429,0.2426,0.2429,32581.7
1790983200000,0.2429,0.243,0.2428,0.2429,67370.3
1790983260000,0.2429,0.2429,0.2428,0.2429,72009.7
1790983320000,0.2429,0.243,0.2429,0.243,30149.4
1790983380000,0.2429,0.243,0.2428,0.2428,55575.9
1790983440000,0.2428,0.243,0.2428,0.2429,29118.1
1790983500000,0.2429,0.243,0.2429,0.2429,21019.7
1790983560000,0.2429,0.2433,0.2429,0.2432,186401.2
1790983620000,0.2432,0.2432,0.243,0.2431,179500.2
1790983680000,0.243,0.2432,0.243,0.2432,7346.1
1790983740000,0.2431,0.2433,0.243,0.2433,230700.4
1790983800000,0.2433,0.2435,0.2433,0.2435,12944.1
1790983860000,0.2434,0.2436,0.2433,0.2436,137764.1
1790983920000,0.2435,0.2436,0.2435,0.2435,30530.0
1790983980000,0.2435,0.2437,0.2433,0.2436,108379.6
1790984040000,0.2436,0.2437,0.2435,0.2437,138110.9
1790984100000,0.2437,0.2441,0.2436,0.2441,151640.6
1790984160000,0.244,0.2442,0.2439,0.2441,83067.2
1790984220000,0.2441,0.2442,0.2441,0.2441,13501.2
1790984280000,0.2441,0.2441,0.244,0.2441,17372.8
1790984340000,0.2441,0.2443,0.244,0.2441,45130.2
1790984400000,0.2441,0.2444,0.2441,0.2444,132394.3
1790984460000,0.2443,0.2447,0.2443,0.2446,130787.3
1790984520000,0.2446,0.2446,0.2445,0.2446,22975.3
1790984580000,0.2446,0.2447,0.2446,0.2446,3855.5
1790984640000,0.2446,0.2447,0.2445,0.2446,164972.4
1790984700000,0.2446,0.2446,0.2444,0.2444,212129.4
1790984760000,0.2444,0.2446,0.2444,0.2446,105748.7
1790984820000,0.2445,0.2446,0.2445,0.2446,7687.5
1790984880000,0.2445,0.2446,0.2443,0.2446,292116.4
1790984940000,0.2446,0.2447,0.2444,0.2445,306830.7
1790985000000,0.2445,0.2446,0.2444,0.2444,70625.2
1790985060000,0.2444,0.2446,0.2443,0.2446,102777.4
1790985120000,0.2446,0.2446,0.2445,0.2446,7280.3
1790985180000,0.2446,0.2446,0.2445,0.2445,11481.1
1790985240000,0.2445,0.2446,0.2444,0.2444,41410.5
1790985300000,0.2445,0.2445,0.2443,0.2444,138459.9
1790985360000,0.2443,0.2445,0.2442,0.2442,77025.6
1790985420000,0.2442,0.2443,0.2441,0.2443,23301.4
1790985480000,0.2443,0.2445,0.2443,0.2445,35435.6
1790985540000,0.2445,0.2445,0.2444,0.2444,24064.4
1790985600000,0.2445,0.2445,0.2442,0.2442,207984.7
1790985660000,0.2442,0.2443,0.2441,0.2441,225499.6
1790985720000,0.2441,0.2445,0.2441,0.2445,176464.6
1790985780000,0.2445,0.2446,0.2444,0.2446,57964.7
1790985840000,0.2446,0.2447,0.2446,0.2446,87623.7
1790985900000,0.2445,0.2448,0.2445,0.2447,52397.5
1790985960000,0.2448,0.245,0.2447,0.2447,122898.6
1790986020000,0.2446,0.2447,0.2444,0.2445,256611.5
1790986080000,0.2445,0.2445,0.2443,0.2443,37998.1
1790986140000,0.2442,0.2445,0.2442,0.2444,119860.1
1790986200000,0.2444,0.2446,0.2442,0.2446,204725.9
1790986260000,0.2446,0.2446,0.2443,0.2445,121090.2
1790986320000,0.2444,0.245,0.2444,0.245,401192.0
1790986380000,0.245,0.245,0.2448,0.2448,39743.3
1790986440000,0.2447,0.245,0.2447,0.2449,52283.5
1790986500000,0.2449,0.2454,0.2449,0.2453,550420.3
1790986560000,0.2454,0.2459,0.2454,0.2459,200222.5
1790986620000,0.2458,0.2458,0.2454,0.2456,154138.8
1790986680000,0.2455,0.2457,0.2454,0.2454,54370.1
1790986740000,0.2455,0.2457,0.2452,0.2456,140669.6
1790986800000,0.2456,0.2457,0.2455,0.2456,58898.6
1790986860000,0.2455,0.2459,0.2455,0.2459,254392.9
1790986920000,0.2459,0.2464,0.2459,0.2464,63032.9
1790986980000,0.2464,0.2465,0.2463,0.2463,126557.0
1790987040000,0.2463,0.2465,0.2462,0.2464,55127.2
1790987100000,0.2464,0.2464,0.2463,0.2463,66655.1
1790987160000,0.2463,0.2464,0.2463,0.2464,30447.9
1790987220000,0.2464,0.2467,0.2464,0.2466,100176.1
1790987280000,0.2467,0.2468,0.2466,0.2466,152828.5
1790987340000,0.2466,0.2466,0.2464,0.2464,59095.4
1790987400000,0.2464,0.2469,0.2464,0.2468,146170.4
1790987460000,0.2469,0.247,0.2467,0.2468,233194.7
1790987520000,0.2468,0.2469,0.2468,0.2469,41686.5
1790987580000,0.2468,0.2469,0.2468,0.2468,80829.0
1790987640000,0.2468,0.2468,0.2467,0.2467,110803.0
1790987700000,0.2468,0.2468,0.2466,0.2466,42078.7
1790987760000,0.2466,0.2467,0.2465,0.2466,81963.5
1790987820000,0.2467,0.2469,0.2467,0.2468,52510.1
1790987880000,0.2467,0.2467,0.2463,0.2464,81184.7
1790987940000,0.2464,0.2464,0.2462,0.2463,82110.5
1790988000000,0.2463,0.2466,0.2462,0.2464,59643.0
1790988060000,0.2464,0.2464,0.2462,0.2462,57907.9
1790988120000,0.2463,0.2464,0.2463,0.2463,13299.3
1790988180000,0.2464,0.2464,0.2462,0.2462,26846.1
1790988240000,0.2462,0.2466,0.2462,0.2466,24443.9
1790988300000,0.2466,0.2467,0.246,0.246,92763.2
1790988360000,0.246,0.2466,0.246,0.2463,208499.1
1790988420000,0.2464,0.2464,0.2463,0.2464,9396.8
1790988480000,0.2464,0.2465,0.2464,0.2464,36850.1
1790988540000,0.2465,0.2466,0.2465,0.2465,1433.3
1790988600000,0.2465,0.2468,0.2465,0.2468,33768.0
1790988660000,0.2468,0.2469,0.2468,0.2469,49881.1
1790988720000,0.2469,0.247,0.2467,0.2467,72119.7
1790988780000,0.2466,0.2467,0.2466,0.2466,10834.8
1790988840000,0.2466,0.2468,0.2466,0.2468,64554.4
1790988900000,0.2467,0.2468,0.2464,0.2466,213364.9
1790988960000,0.2465,0.2466,0.2465,0.2466,14834.2
1790989020000,0.2466,0.2466,0.2464,0.2465,55793.3
1790989080000,0.2464,0.2467,0.2464,0.2466,37091.5
1790989140000,0.2466,0.2466,0.2464,0.2466,281896.2
1790989200000,0.2466,0.2466,0.2464,0.2464,8375.3
1790989260000,0.2464,0.2465,0.2462,0.2465,35524.2
1790989320000,0.2464,0.2464,0.246,0.2461,80759.2
1790989380000,0.246,0.2461,0.2459,0.2459,47979.7
1790989440000,0.246,0.2468,0.246,0.2466,177743.3
1790989500000,0.2466,0.2467,0.2466,0.2466,83688.1
1790989560000,0.2466,0.2471,0.2466,0.2471,59593.7
1790989620000,0.2471,0.2471,0.2469,0.247,48841.2
1790989680000,0.2469,0.2474,0.2468,0.2474,87681.7
1790989740000,0.2474,0.2476,0.2474,0.2474,107424.5
1790989800000,0.2474,0.2477,0.2474,0.2477,105915.6
1790989860000,0.2477,0.2479,0.2475,0.2475,214734.8
1790989920000,0.2476,0.2477,0.2473,0.2473,68426.8
1790989980000,0.2473,0.2474,0.2472,0.2472,35133.9
1790990040000,0.2471,0.2473,0.2469,0.2473,24006.5
1790990100000,0.2473,0.2478,0.2472,0.2477,24698.0
1790990160000,0.2478,0.2481,0.2478,0.2481,350263.1
1790990220000,0.2481,0.2485,0.2476,0.2476,460005.6
1790990280000,0.2476,0.2478,0.2475,0.2477,61385.3
1790990340000,0.2478,0.2478,0.2475,0.2476,21204.8
1790990400000,0.2475,0.2476,0.2475,0.2475,4292.6
1790990460000,0.2475,0.2475,0.2471,0.2471,78791.0
1790990520000,0.2471,0.2474,0.2471,0.2472,39257.0
1790990580000,0.2472,0.2473,0.2471,0.2472,71032.4
1790990640000,0.2472,0.2474,0.2472,0.2472,33680.4
1790990700000,0.2472,0.2472,0.247,0.247,159716.2
1790990760000,0.2471,0.2472,0.2471,0.2472,41821.5
1790990820000,0.2472,0.2473,0.2472,0.2472,27210.7
1790990880000,0.2473,0.2474,0.2472,0.2472,62467.8
1790990940000,0.2473,0.2473,0.2471,0.2473,66577.0
1790991000000,0.2474,0.2475,0.2471,0.2471,23569.4
1790991060000,0.2471,0.2475,0.2471,0.2475,20507.0
1790991120000,0.2476,0.2478,0.2474,0.2474,44518.9
1790991180000,0.2474,0.2474,0.2472,0.2472,23372.3
1790991240000,0.2472,0.2473,0.2469,0.2469,35017.0
1790991300000,0.2469,0.2472,0.2469,0.2472,25654.0
1790991360000,0.2472,0.2473,0.247,0.2471,4373.6
1790991420000,0.2471,0.2473,0.2471,0.2472,260731.6
1790991480000,0.2472,0.2472,0.2471,0.2471,94702.8
1790991540000,0.2472,0.2477,0.2472,0.2477,91764.7
1790991600000,0.2476,0.2477,0.2475,0.2475,46269.8
1790991660000,0.2475,0.2478,0.2475,0.2477,9660.7
1790991720000,0.2477,0.2479,0.2477,0.2479,9545.5
1790991780000,0.2478,0.2478,0.2477,0.2478,54277.7
1790991840000,0.2479,0.2479,0.2478,0.2479,15708.9
1790991900000,0.248,0.2481,0.2478,0.2478,100794.8
1790991960000,0.2478,0.2479,0.2477,0.2477,20448.0
1790992020000,0.2477,0.2478,0.2476,0.2478,2933.8
1790992080000,0.2478,0.2478,0.2477,0.2477,4806.2
1790992140000,0.2477,0.2477,0.2474,0.2474,52496.6
1790992200000,0.2474,0.2477,0.2474,0.2476,30829.5
1790992260000,0.2476,0.2476,0.2473,0.2473,44952.7
1790992320000,0.2473,0.2475,0.2473,0.2475,26652.2
1790992380000,0.2475,0.2476,0.2474,0.2476,17337.2
1790992440000,0.2475,0.2476,0.2475,0.2476,2269.4
1790992500000,0.2476,0.2476,0.2473,0.2474,7020.4
1790992560000,0.2473,0.2476,0.2473,0.2476,77800.4
1790992620000,0.2475,0.2476,0.2474,0.2474,34313.8
1790992680000,0.2474,0.2474,0.2469,0.2472,720301.6
1790992740000,0.2472,0.2474,0.2472,0.2474,212514.8
1790992800000,0.2474,0.2475,0.2473,0.2475,143632.9
1790992860000,0.2475,0.2475,0.2474,0.2475,42844.5
1790992920000,0.2476,0.248,0.2476,0.2476,195690.2
1790992980000,0.2476,0.2476,0.2475,0.2475,94766.9
1790993040000,0.2474,0.2477,0.2474,0.2477,8301.4
1790993100000,0.2477,0.2477,0.2473,0.2473,29081.6
1790993160000,0.2472,0.2474,0.2471,0.2472,287226.9
1790993220000,0.2472,0.2475,0.2472,0.2475,23668.8
1790993280000,0.2475,0.2476,0.2474,0.2476,55269.2
1790993340000,0.2477,0.2477,0.2476,0.2477,30167.5
1790993400000,0.2476,0.2476,0.2474,0.2475,21809.7
1790993460000,0.2475,0.2475,0.2475,0.2475,7977.3
1790993520000,0.2476,0.2478,0.2476,0.2478,37516.8
1790993580000,0.2478,0.2479,0.2477,0.2478,96026.0
1790993640000,0.2479,0.2482,0.2479,0.2481,61380.3
1790993700000,0.2481,0.2482,0.248,0.2482,99788.6
1790993760000,0.2482,0.2482,0.2479,0.2479,57657.5
1790993820000,0.248,0.2483,0.248,0.2482,32363.5
1790993880000,0.2483,0.2485,0.2483,0.2484,54477.7
1790993940000,0.2485,0.2487,0.2485,0.2485,140692.7
1790994000000,0.2486,0.2487,0.2481,0.2481,179185.8
1790994060000,0.2482,0.2483,0.2481,0.2481,50034.0
1790994120000,0.2482,0.2482,0.2479,0.2481,184119.5
1790994180000,0.2481,0.2482,0.248,0.248,199849.3
1790994240000,0.248,0.2481,0.248,0.2481,22699.2
1790994300000,0.248,0.248,0.2478,0.2478,49202.3
1790994360000,0.2478,0.2481,0.2478,0.2481,219239.5
1790994420000,0.2481,0.2481,0.2481,0.2481,17204.7
1790994480000,0.2482,0.2482,0.248,0.248,12233.4
1790994540000,0.248,0.248,0.2477,0.2478,125501.7
1790994600000,0.2477,0.2478,0.2476,0.2476,17603.1
1790994660000,0.2477,0.2477,0.2475,0.2475,59097.7
1790994720000,0.2476,0.2478,0.2476,0.2478,67586.6
1790994780000,0.2478,0.2478,0.2477,0.2478,23518.9
1790994840000,0.2478,0.2478,0.2476,0.2476,17037.0
1790994900000,0.2476,0.2476,0.2475,0.2475,20074.8
1790994960000,0.2474,0.2475,0.2473,0.2474,63289.9
1790995020000,0.2474,0.2474,0.2472,0.2473,51659.0
1790995080000,0.2473,0.2473,0.247,0.2473,155599.7
1790995140000,0.2474,0.2477,0.2472,0.2477,129834.7
1790995200000,0.2478,0.2479,0.2477,0.2477,91621.9
1790995260000,0.2477,0.2479,0.2477,0.2479,14968.9
1790995320000,0.2478,0.2479,0.2478,0.2479,17870.1
1790995380000,0.2478,0.2479,0.2476,0.2476,36598.1
1790995440000,0.2477,0.2477,0.2475,0.2476,91775.7
1790995500000,0.2477,0.2477,0.2475,0.2475,31017.6
1790995560000,0.2475,0.2475,0.2473,0.2473,32341.4
1790995620000,0.2474,0.2474,0.2472,0.2472,98087.2
1790995680000,0.2472,0.2473,0.2471,0.2473,8985.6
1790995740000,0.2473,0.2473,0.2471,0.2471,22146.8
1790995800000,0.2471,0.2474,0.2471,0.2472,133099.5
1790995860000,0.2472,0.2473,0.2471,0.2473,14262.1
1790995920000,0.2472,0.2473,0.2472,0.2472,46349.8
1790995980000,0.2472,0.2473,0.2472,0.2472,4032.7
1790996040000,0.2472,0.2472,0.2472,0.2472,1142.8
1790996100000,0.2472,0.2473,0.247,0.247,29957.7
1790996160000,0.247,0.2471,0.2469,0.2469,34835.1
1790996220000,0.2469,0.2471,0.2468,0.247,336781.2
1790996280000,0.2471,0.2471,0.2469,0.2469,20919.7
1790996340000,0.2468,0.247,0.2468,0.2468,50532.7
1790996400000,0.2469,0.2473,0.2468,0.2473,80483.0
1790996460000,0.2473,0.2474,0.2472,0.2474,215628.0
1790996520000,0.2474,0.2478,0.2474,0.2477,323134.3
1790996580000,0.2477,0.2477,0.2472,0.2472,42412.1
1790996640000,0.2472,0.2472,0.2471,0.2471,19634.6
1790996700000,0.2471,0.2471,0.2465,0.2467,90327.1
1790996760000,0.2467,0.2468,0.2466,0.2467,40723.7
1790996820000,0.2467,0.2467,0.2466,0.2466,8155.1
1790996880000,0.2467,0.2468,0.2467,0.2467,36040.5
1790996940000,0.2467,0.247,0.2467,0.247,406660.2
1790997000000,0.2471,0.2471,0.2468,0.2468,52759.1
1790997060000,0.2468,0.2469,0.2468,0.2468,60695.0
1790997120000,0.2468,0.2468,0.2465,0.2466,8592.7
1790997180000,0.2465,0.2467,0.2465,0.2466,82855.0
1790997240000,0.2466,0.2467,0.2466,0.2466,15125.6
1790997300000,0.2466,0.2471,0.2466,0.2471,175845.4
1790997360000,0.2471,0.2475,0.2471,0.2474,182125.8
1790997420000,0.2474,0.2477,0.2473,0.2474,79869.8
1790997480000,0.2475,0.2476,0.2473,0.2473,40346.7
1790997540000,0.2472,0.2473,0.2472,0.2472,25135.0
1790997600000,0.2471,0.2473,0.2471,0.2473,84626.1
1790997660000,0.2474,0.2479,0.2474,0.2477,219682.7
1790997720000,0.2476,0.2476,0.2473,0.2475,150789.2
1790997780000,0.2475,0.2475,0.2473,0.2473,60009.9
1790997840000,0.2474,0.2477,0.2474,0.2477,51871.0
1790997900000,0.2477,0.2478,0.2476,0.2476,14222.1
1790997960000,0.2476,0.2481,0.2476,0.2478,31621.4
1790998020000,0.2479,0.2479,0.2474,0.2476,63595.7
1790998080000,0.2477,0.2477,0.2474,0.2474,16738.4
1790998140000,0.2473,0.2474,0.2471,0.2471,24836.5
1790998200000,0.2471,0.2471,0.247,0.247,4578.8
1790998260000,0.247,0.2472,0.2469,0.2472,17729.8
1790998320000,0.2473,0.2474,0.2471,0.2474,63992.8
1790998380000,0.2473,0.2475,0.2472,0.2472,41803.5
1790998440000,0.2472,0.2477,0.2472,0.2477,35113.7
1790998500000,0.2477,0.2477,0.2475,0.2475,38826.2
1790998560000,0.2475,0.2475,0.2474,0.2474,16025.3
1790998620000,0.2475,0.2475,0.2474,0.2474,14358.4
1790998680000,0.2473,0.2475,0.2473,0.2473,54961.1
1790998740000,0.2473,0.2475,0.2473,0.2475,8147.5
1790998800000,0.2474,0.2475,0.2473,0.2473,24665.6
1790998860000,0.2473,0.2474,0.2473,0.2473,1623.1
1790998920000,0.2474,0.2474,0.2472,0.2472,24192.5
1790998980000,0.2472,0.2472,0.2472,0.2472,11823.4
1790999040000,0.2472,0.2473,0.2472,0.2472,11115.6
1790999100000,0.2473,0.2473,0.2471,0.2472,11575.4
1790999160000,0.2472,0.2473,0.2472,0.2472,23075.1
1790999220000,0.2472,0.2473,0.2472,0.2472,12079.5
1790999280000,0.2473,0.2474,0.2473,0.2474,53765.6
1790999340000,0.2475,0.2478,0.2475,0.2477,133852.5
1790999400000,0.2478,0.2478,0.2476,0.2477,2324.2
1790999460000,0.2477,0.2479,0.2477,0.2478,10480.5
1790999520000,0.2478,0.2479,0.2477,0.2478,15692.8
1790999580000,0.2478,0.2479,0.2478,0.2478,17654.8
1790999640000,0.2479,0.248,0.2478,0.2478,25035.9
1790999700000,0.2478,0.248,0.2478,0.2478,12911.6
1790999760000,0.2479,0.2479,0.2477,0.2477,59501.4
1790999820000,0.2477,0.2478,0.2477,0.2477,10872.3
1790999880000,0.2477,0.2477,0.2476,0.2476,22171.9
1790999940000,0.2476,0.2477,0.2475,0.2477,25895.1
1791000000000,0.2477,0.2479,0.2477,0.2478,149375.2
1791000060000,0.2478,0.2478,0.2477,0.2477,9387.8
1791000120000,0.2477,0.2477,0.2474,0.2475,95106.0
1791000180000,0.2474,0.2476,0.2474,0.2475,14868.9
1791000240000,0.2474,0.2474,0.2472,0.2472,4635.4
1791000300000,0.2472,0.2472,0.2469,0.247,72508.0
1791000360000,0.247,0.2471,0.2468,0.247,71327.8
1791000420000,0.247,0.247,0.2468,0.2469,6950.0
1791000480000,0.2468,0.2468,0.2466,0.2466,38143.7
1791000540000,0.2467,0.2467,0.2465,0.2466,30476.5
1791000600000,0.2467,0.2468,0.2466,0.2466,6415.2
1791000660000,0.2467,0.2469,0.2466,0.2469,44930.7
1791000720000,0.2469,0.2472,0.2469,0.2469,45029.4
1791000780000,0.247,0.2471,0.2469,0.247,34957.4
1791000840000,0.247,0.2475,0.247,0.2474,181012.6
1791000900000,0.2473,0.2473,0.2471,0.2471,75813.7
1791000960000,0.247,0.247,0.2467,0.2467,22711.0
1791001020000,0.2467,0.2471,0.2467,0.247,18010.2
1791001080000,0.2471,0.2473,0.2471,0.2473,5662.6
1791001140000,0.2473,0.2473,0.247,0.247,89580.6
1791001200000,0.247,0.247,0.2468,0.2468,108023.2
1791001260000,0.2467,0.2468,0.2467,0.2467,62703.4
1791001320000,0.2467,0.2467,0.2465,0.2465,15862.6
1791001380000,0.2465,0.2468,0.2465,0.2466,28265.0
1791001440000,0.2466,0.2467,0.2466,0.2466,4398.7
1791001500000,0.2465,0.2466,0.2464,0.2466,128000.0
1791001560000,0.2465,0.2465,0.2464,0.2465,1359.7
1791001620000,0.2464,0.2464,0.2462,0.2463,27479.1
1791001680000,0.2462,0.2462,0.2459,0.2459,142126.0
1791001740000,0.2459,0.2459,0.2457,0.2459,100636.9
1791001800000,0.2459,0.2459,0.2457,0.2457,10837.7
1791001860000,0.2457,0.2459,0.2456,0.2458,147039.9
1791001920000,0.2459,0.2462,0.2458,0.2462,54954.4
1791001980000,0.2462,0.2462,0.246,0.246,53145.6
1791002040000,0.2459,0.2459,0.2456,0.2457,33792.9
1791002100000,0.2456,0.2456,0.2452,0.2454,42117.0
1791002160000,0.2453,0.2453,0.2449,0.2449,258576.5
1791002220000,0.245,0.2452,0.2449,0.2452,79652.0
1791002280000,0.2452,0.2454,0.2452,0.2453,57048.6
1791002340000,0.2454,0.2456,0.2453,0.2454,73895.9
1791002400000,0.2453,0.2455,0.2453,0.2453,42965.5
1791002460000,0.2454,0.2454,0.2452,0.2453,51944.0
1791002520000,0.2454,0.2454,0.2452,0.2453,67470.5
1791002580000,0.2453,0.2455,0.2453,0.2455,145195.0
1791002640000,0.2455,0.2455,0.2454,0.2455,23200.6
1791002700000,0.2456,0.2457,0.2456,0.2456,7689.0
1791002760000,0.2456,0.2457,0.2455,0.2457,26431.0
1791002820000,0.2457,0.246,0.2457,0.246,48272.9
1791002880000,0.2459,0.246,0.2459,0.246,39098.6
1791002940000,0.246,0.2462,0.246,0.2461,19523.9
1791003000000,0.246,0.246,0.2457,0.2457,32443.0
1791003060000,0.2458,0.2458,0.2455,0.2455,51829.9
1791003120000,0.2456,0.246,0.2456,0.246,7377.2
1791003180000,0.2461,0.2461,0.2458,0.2458,21651.3
1791003240000,0.2458,0.2458,0.2457,0.2457,17632.0
1791003300000,0.2456,0.2457,0.2456,0.2456,2216.3
1791003360000,0.2457,0.2457,0.2455,0.2455,1858.6
1791003420000,0.2455,0.2456,0.2454,0.2454,23629.6
1791003480000,0.2454,0.2456,0.2454,0.2456,141722.5
1791003540000,0.2456,0.2456,0.2454,0.2455,19076.5
1791003600000,0.2455,0.2455,0.2452,0.2452,16323.7
1791003660000,0.2452,0.2453,0.2451,0.2451,26562.6
1791003720000,0.2451,0.2452,0.2451,0.2451,3589.3
1791003780000,0.2451,0.2452,0.245,0.245,29316.9
1791003840000,0.245,0.2453,0.245,0.2451,96296.0
1791003900000,0.2452,0.2453,0.2452,0.2452,54747.2
1791003960000,0.2452,0.2454,0.2449,0.2454,392498.5
1791004020000,0.2454,0.2455,0.2453,0.2454,80998.7
1791004080000,0.2454,0.2455,0.2454,0.2455,28118.1
1791004140000,0.2456,0.2462,0.2456,0.2461,24587.7
1791004200000,0.2462,0.2464,0.246,0.246,105822.5
1791004260000,0.2459,0.2461,0.2459,0.2461,3143.0
1791004320000,0.2461,0.2461,0.2459,0.2459,7189.1
1791004380000,0.246,0.246,0.2458,0.2458,10181.8
1791004440000,0.2458,0.2459,0.2458,0.2459,1344.9
1791004500000,0.2458,0.246,0.2457,0.2457,15267.4
1791004560000,0.2458,0.2461,0.2458,0.2458,35546.7
1791004620000,0.2459,0.2462,0.2459,0.2461,26784.5
1791004680000,0.2461,0.2461,0.246,0.2461,5265.5
1791004740000,0.2461,0.2462,0.246,0.246,2336.9
1791004800000,0.246,0.246,0.2459,0.2459,37856.9
1791004860000,0.2459,0.2461,0.2458,0.2461,3189.2
1791004920000,0.2461,0.2463,0.2461,0.2462,7233.9
1791004980000,0.2462,0.2463,0.2461,0.2462,13569.3
1791005040000,0.2463,0.2464,0.2463,0.2463,3906.4
1791005100000,0.2463,0.2463,0.2462,0.2463,26082.7
1791005160000,0.2464,0.2465,0.2464,0.2465,63964.6
1791005220000,0.2465,0.2467,0.2464,0.2467,11076.9
1791005280000,0.2467,0.2467,0.2465,0.2466,14584.8
1791005340000,0.2466,0.2466,0.2464,0.2464,10221.0
1791005400000,0.2464,0.2469,0.2464,0.2468,32568.9
1791005460000,0.2469,0.2469,0.2466,0.2469,131150.8
1791005520000,0.2469,0.247,0.2468,0.2468,38864.4
1791005580000,0.2469,0.2471,0.2467,0.2468,61567.7
1791005640000,0.2467,0.2467,0.2466,0.2466,3398.0
1791005700000,0.2466,0.2467,0.2463,0.2463,2357.0
1791005760000,0.2463,0.2465,0.2462,0.2464,6635.9
1791005820000,0.2465,0.2467,0.2465,0.2465,15275.4
1791005880000,0.2466,0.2468,0.2466,0.2466,25212.8
1791005940000,0.2466,0.2468,0.2466,0.2467,15020.9
1791006000000,0.2467,0.2467,0.2467,0.2467,6870.2
1791006060000,0.2467,0.2467,0.2466,0.2466,27457.8
1791006120000,0.2466,0.2466,0.2464,0.2464,46579.6
1791006180000,0.2464,0.2465,0.2464,0.2464,5540.8
1791006240000,0.2464,0.2466,0.2464,0.2464,10132.9
1791006300000,0.2464,0.2465,0.2464,0.2464,88450.4
1791006360000,0.2465,0.2465,0.2464,0.2465,6612.2
1791006420000,0.2465,0.2469,0.2465,0.2467,19966.5
1791006480000,0.2467,0.2468,0.2465,0.2465,9410.8
1791006540000,0.2465,0.2465,0.2464,0.2464,4136.5
1791006600000,0.2464,0.2465,0.2462,0.2462,4103.3
1791006660000,0.2462,0.2465,0.2462,0.2464,51034.4
1791006720000,0.2463,0.2465,0.2463,0.2464,3851.3
1791006780000,0.2463,0.2463,0.2461,0.2461,46400.4
1791006840000,0.2461,0.2463,0.246,0.2463,79677.2
1791006900000,0.2462,0.2463,0.2461,0.2462,5187.7
1791006960000,0.2462,0.2462,0.2461,0.2462,16905.3
1791007020000,0.2462,0.2463,0.2462,0.2462,4205.0
1791007080000,0.2463,0.2463,0.246,0.246,12188.2
1791007140000,0.2461,0.2462,0.2461,0.2462,2078.6
1791007200000,0.2462,0.2463,0.2461,0.2461,26599.3
1791007260000,0.2461,0.2467,0.2461,0.2467,35811.3
1791007320000,0.2467,0.2469,0.2466,0.2466,78699.5
1791007380000,0.2465,0.2467,0.2464,0.2467,17887.6
1791007440000,0.2467,0.2467,0.2462,0.2462,21191.8
1791007500000,0.2462,0.2463,0.2461,0.2462,14035.4
1791007560000,0.2463,0.2463,0.2461,0.2461,27287.0
1791007620000,0.2461,0.2462,0.2461,0.2461,3399.6
1791007680000,0.2462,0.2464,0.2462,0.2462,14906.1
1791007740000,0.2463,0.2464,0.2462,0.2462,157255.8
1791007800000,0.2461,0.2461,0.2461,0.2461,10394.4
1791007860000,0.2461,0.2461,0.246,0.246,11846.9
1791007920000,0.246,0.2463,0.246,0.2461,56709.3
1791007980000,0.2461,0.2461,0.246,0.246,10354.3
1791008040000,0.246,0.2461,0.246,0.246,3423.1
1791008100000,0.246,0.2461,0.246,0.2461,31378.2
1791008160000,0.2461,0.2461,0.246,0.2461,1319.5
1791008220000,0.2461,0.2461,0.246,0.2461,4042.5
1791008280000,0.2461,0.2463,0.246,0.2462,9530.3
1791008340000,0.2461,0.2462,0.2461,0.2462,5259.6
1791008400000,0.2461,0.2462,0.246,0.2462,10805.8
1791008460000,0.2461,0.2463,0.2461,0.2463,13770.3
1791008520000,0.2463,0.2463,0.2459,0.2459,193726.3
1791008580000,0.2459,0.2461,0.2459,0.2461,18951.9
1791008640000,0.2461,0.2461,0.2456,0.2456,182881.2
1791008700000,0.2457,0.2457,0.2456,0.2456,28112.5
1791008760000,0.2457,0.246,0.2457,0.246,33808.1
1791008820000,0.2459,0.2459,0.2457,0.2457,21686.0
1791008880000,0.2457,0.2457,0.2455,0.2457,116439.4
1791008940000,0.2456,0.2457,0.2456,0.2457,138045.7
1791009000000,0.2456,0.2458,0.2456,0.2458,18936.3
1791009060000,0.2458,0.2458,0.2456,0.2458,9667.0
1791009120000,0.2459,0.2461,0.2459,0.2461,19575.8
1791009180000,0.2461,0.2461,0.2458,0.2459,50088.6
1791009240000,0.2458,0.2458,0.2456,0.2457,9353.1
1791009300000,0.2458,0.2458,0.2455,0.2456,47197.7
1791009360000,0.2456,0.2456,0.2453,0.2456,284210.0
1791009420000,0.2456,0.2458,0.2455,0.2458,71114.6
1791009480000,0.2458,0.2458,0.2456,0.2456,12243.3
1791009540000,0.2457,0.2458,0.2457,0.2458,23410.3
1791009600000,0.2458,0.246,0.2458,0.2458,52006.1
1791009660000,0.2458,0.246,0.2458,0.2458,4310.9
1791009720000,0.2458,0.2458,0.2456,0.2457,16522.0
1791009780000,0.2457,0.2457,0.2454,0.2454,109124.0
1791009840000,0.2454,0.2458,0.2454,0.2457,84869.2
1791009900000,0.2457,0.2459,0.2456,0.2457,4566.7
1791009960000,0.2456,0.2457,0.2455,0.2456,9724.1
1791010020000,0.2457,0.246,0.2457,0.246,10855.1
1791010080000,0.2461,0.2462,0.246,0.246,87566.2
1791010140000,0.2459,0.2459,0.2455,0.2458,78681.9
1791010200000,0.2458,0.2459,0.2455,0.2456,34327.8
1791010260000,0.2456,0.2457,0.2455,0.2455,95241.7
1791010320000,0.2456,0.2459,0.2456,0.2459,41809.1
1791010380000,0.2459,0.2459,0.2458,0.2458,13777.7
1791010440000,0.2457,0.2458,0.2455,0.2456,5662.1
1791010500000,0.2456,0.2456,0.2454,0.2454,5986.4
1791010560000,0.2455,0.2455,0.2454,0.2455,8544.8
1791010620000,0.2454,0.2455,0.2454,0.2454,1720.7
1791010680000,0.2454,0.2455,0.2453,0.2453,5000.0
1791010740000,0.2454,0.2455,0.2453,0.2455,105516.4
1791010800000,0.2455,0.2455,0.2454,0.2454,4882.1
1791010860000,0.2454,0.2454,0.2453,0.2453,16926.6
1791010920000,0.2453,0.2454,0.2451,0.2453,32289.7
1791010980000,0.2453,0.2454,0.2453,0.2454,2839.5
1791011040000,0.2454,0.2454,0.2452,0.2453,35450.8
1791011100000,0.2453,0.2454,0.2453,0.2454,9464.4
1791011160000,0.2454,0.2454,0.2452,0.2452,7879.2
1791011220000,0.2452,0.2453,0.2451,0.2451,6211.2
1791011280000,0.2451,0.2452,0.2449,0.2451,79754.0
1791011340000,0.245,0.245,0.245,0.245,5022.1
1791011400000,0.245,0.245,0.2449,0.2449,3435.3
1791011460000,0.2449,0.2449,0.2447,0.2448,129368.2
1791011520000,0.2447,0.245,0.2447,0.2449,27247.5
1791011580000,0.2449,0.2449,0.2447,0.2448,34581.6
1791011640000,0.2449,0.245,0.2447,0.2447,6552.1
1791011700000,0.2447,0.2448,0.2447,0.2448,24529.6
1791011760000,0.2448,0.2449,0.2446,0.2449,29496.3
1791011820000,0.2449,0.2449,0.2448,0.2448,25475.8
1791011880000,0.2448,0.2448,0.2446,0.2447,11082.7
1791011940000,0.2447,0.2448,0.2447,0.2448,40355.9
1791012000000,0.2448,0.2448,0.2447,0.2448,195264.1
1791012060000,0.2447,0.2447,0.2444,0.2445,35801.4
1791012120000,0.2444,0.2444,0.2443,0.2443,7803.7
1791012180000,0.2444,0.2444,0.2442,0.2442,9470.3
1791012240000,0.2442,0.2444,0.2442,0.2443,84305.0
1791012300000,0.2443,0.2446,0.2443,0.2445,8358.4
1791012360000,0.2444,0.2444,0.2443,0.2443,34006.4
1791012420000,0.2443,0.2444,0.2443,0.2443,2318.1
1791012480000,0.2443,0.2444,0.2443,0.2444,2217.0
1791012540000,0.2444,0.2445,0.2444,0.2445,12121.6
1791012600000,0.2446,0.2446,0.2445,0.2446,2950.7
1791012660000,0.2445,0.2445,0.2443,0.2444,100400.3
1791012720000,0.2444,0.2446,0.2441,0.2442,214029.4
1791012780000,0.2441,0.2442,0.2441,0.2441,2575.3
1791012840000,0.2441,0.2443,0.2441,0.2442,21364.7
1791012900000,0.2442,0.2444,0.2442,0.2444,51147.0
1791012960000,0.2445,0.2446,0.2443,0.2443,25951.5
1791013020000,0.2444,0.2444,0.2441,0.2442,30109.0
1791013080000,0.2442,0.2443,0.2442,0.2443,3338.5
1791013140000,0.2442,0.2442,0.2441,0.2441,4192.9
1791013200000,0.2441,0.2442,0.244,0.2441,13019.7
1791013260000,0.244,0.2441,0.2439,0.2439,33815.0
1791013320000,0.2439,0.244,0.2437,0.2437,123114.8
1791013380000,0.2436,0.2438,0.2436,0.2438,30233.2
1791013440000,0.2437,0.2438,0.2436,0.2437,66184.1
1791013500000,0.2438,0.2439,0.2437,0.2439,34207.7
1791013560000,0.2438,0.2441,0.2438,0.244,223345.8
1791013620000,0.2441,0.2444,0.244,0.2441,57782.9
1791013680000,0.2441,0.2443,0.2441,0.2441,26694.4
1791013740000,0.2441,0.2441,0.244,0.244,25536.6
1791013800000,0.244,0.2443,0.244,0.2443,26551.5
1791013860000,0.2444,0.2445,0.2443,0.2444,29898.1
1791013920000,0.2444,0.2444,0.2442,0.2442,49566.2
1791013980000,0.2443,0.2443,0.2438,0.2438,25795.5
1791014040000,0.2438,0.244,0.2438,0.244,8658.1
1791014100000,0.244,0.2441,0.244,0.244,25932.6
1791014160000,0.2441,0.2441,0.244,0.244,21240.4
1791014220000,0.244,0.2441,0.244,0.244,12058.8
1791014280000,0.244,0.2441,0.2439,0.2439,16663.1
1791014340000,0.2439,0.244,0.2439,0.2439,7403.6
1791014400000,0.2439,0.2442,0.2439,0.2442,46444.2
1791014460000,0.2443,0.2443,0.2438,0.2438,47699.6
1791014520000,0.2438,0.244,0.2435,0.2436,163007.5
1791014580000,0.2436,0.2436,0.2433,0.2434,71014.6
1791014640000,0.2435,0.2439,0.2435,0.2439,181443.7
1791014700000,0.2439,0.244,0.2438,0.2439,178438.8
1791014760000,0.244,0.2442,0.2439,0.244,17975.3
1791014820000,0.2441,0.2441,0.2439,0.244,158991.6
1791014880000,0.244,0.2445,0.244,0.2445,21424.6
1791014940000,0.2444,0.2444,0.244,0.2441,218912.5
1791015000000,0.2442,0.2442,0.2442,0.2442,8623.3
1791015060000,0.2441,0.2442,0.2441,0.2442,23033.1
1791015120000,0.2443,0.2444,0.2443,0.2444,3897.8
1791015180000,0.2443,0.2445,0.2443,0.2444,35086.3
1791015240000,0.2444,0.2444,0.2443,0.2443,52459.8
1791015300000,0.2443,0.2444,0.2442,0.2444,79471.0
1791015360000,0.2444,0.2444,0.2442,0.2444,7131.3
1791015420000,0.2444,0.2444,0.2441,0.2441,45006.9
1791015480000,0.2441,0.2443,0.2441,0.2443,9024.2
1791015540000,0.2442,0.2442,0.2441,0.2441,1372.2
1791015600000,0.2441,0.2442,0.2438,0.2439,138774.0
1791015660000,0.2438,0.2438,0.2437,0.2437,140792.0
1791015720000,0.2438,0.2438,0.2437,0.2437,1158.3
1791015780000,0.2437,0.2437,0.2434,0.2435,148419.5
1791015840000,0.2434,0.2435,0.2434,0.2434,8400.0
1791015900000,0.2434,0.2435,0.2433,0.2434,16297.3
1791015960000,0.2435,0.2436,0.2434,0.2434,82522.6
1791016020000,0.2433,0.2437,0.2433,0.2436,480697.4
1791016080000,0.2436,0.2436,0.2435,0.2435,26801.9
1791016140000,0.2436,0.2438,0.2436,0.2436,12617.4
1791016200000,0.2436,0.2437,0.2434,0.2436,24057.0
1791016260000,0.2435,0.2435,0.2433,0.2434,30163.3
1791016320000,0.2434,0.2435,0.2434,0.2434,2420.4
1791016380000,0.2434,0.2435,0.2433,0.2434,67001.2
1791016440000,0.2434,0.2434,0.2432,0.2433,14768.6
1791016500000,0.2433,0.2435,0.2433,0.2435,76286.3
1791016560000,0.2435,0.2437,0.2435,0.2437,35920.2
1791016620000,0.2438,0.2438,0.2435,0.2436,6460.7
1791016680000,0.2436,0.2436,0.2435,0.2435,20108.9
1791016740000,0.2435,0.2436,0.2435,0.2435,10515.2
1791016800000,0.2436,0.2436,0.2435,0.2436,38272.5
1791016860000,0.2437,0.2438,0.2437,0.2438,3758.5
1791016920000,0.2437,0.2439,0.2436,0.2437,58930.4
1791016980000,0.2436,0.2437,0.2436,0.2436,4112.4
1791017040000,0.2436,0.2437,0.2436,0.2436,1267.7
1791017100000,0.2436,0.2438,0.2436,0.2438,13994.0
1791017160000,0.2437,0.2438,0.2436,0.2437,95732.1
1791017220000,0.2437,0.2438,0.2435,0.2435,83249.9
1791017280000,0.2435,0.2436,0.2435,0.2436,8669.7
1791017340000,0.2435,0.2435,0.2434,0.2434,42007.4
1791017400000,0.2434,0.2434,0.2433,0.2433,137307.7
1791017460000,0.2433,0.2434,0.2433,0.2434,14749.1
1791017520000,0.2433,0.2433,0.2433,0.2433,1607.6
1791017580000,0.2433,0.2435,0.2433,0.2434,59489.8
1791017640000,0.2434,0.2435,0.2434,0.2434,43166.0
1791017700000,0.2435,0.2435,0.2434,0.2434,3456.7
1791017760000,0.2435,0.2435,0.2433,0.2433,7697.3
1791017820000,0.2433,0.2434,0.2432,0.2432,55953.4
1791017880000,0.2432,0.2433,0.2432,0.2432,19271.1
1791017940000,0.2433,0.2433,0.2431,0.2431,143980.0
1791018000000,0.2431,0.2433,0.2431,0.2432,43928.9
1791018060000,0.2432,0.2432,0.243,0.2431,13341.4
1791018120000,0.2431,0.2432,0.2431,0.2432,6118.4
1791018180000,0.2432,0.2435,0.2431,0.2434,20400.5
1791018240000,0.2435,0.2435,0.2434,0.2435,110042.3
1791018300000,0.2434,0.2435,0.2434,0.2435,4730.4
1791018360000,0.2435,0.2435,0.2433,0.2434,32653.0
1791018420000,0.2433,0.2435,0.2433,0.2433,3038.0
1791018480000,0.2434,0.2438,0.2434,0.2438,73519.1
1791018540000,0.2438,0.2441,0.2438,0.2441,27858.5
1791018600000,0.2442,0.2443,0.244,0.2442,91700.3
1791018660000,0.2442,0.2442,0.244,0.2441,75225.7
1791018720000,0.2442,0.2443,0.2441,0.2443,22340.2
1791018780000,0.2443,0.2443,0.244,0.244,6093.2
1791018840000,0.244,0.244,0.2439,0.2439,61659.7
1791018900000,0.2439,0.244,0.2437,0.2437,24733.9
1791018960000,0.2437,0.2437,0.2434,0.2435,75676.0
1791019020000,0.2436,0.2436,0.2436,0.2436,25305.7
1791019080000,0.2437,0.2437,0.2436,0.2437,25603.5
1791019140000,0.2437,0.244,0.2435,0.2435,213720.4
1791019200000,0.2436,0.2436,0.2435,0.2435,11024.7
1791019260000,0.2435,0.2435,0.2433,0.2433,24006.2
1791019320000,0.2432,0.2432,0.2432,0.2432,19867.9
1791019380000,0.2432,0.2433,0.2431,0.2431,19964.8
1791019440000,0.2431,0.2432,0.2431,0.2431,2186.1
1791019500000,0.2431,0.2432,0.2431,0.2431,3710.4
1791019560000,0.2431,0.2431,0.2431,0.2431,2771.6
1791019620000,0.2432,0.2432,0.2432,0.2432,75267.1
1791019680000,0.2432,0.2433,0.2431,0.2431,231250.1
1791019740000,0.2432,0.2432,0.2431,0.2431,34030.2
1791019800000,0.2431,0.2431,0.2428,0.2429,136914.5
1791019860000,0.243,0.2431,0.2429,0.2429,23660.0
1791019920000,0.2429,0.2431,0.2429,0.2431,61459.1
1791019980000,0.2431,0.2436,0.2431,0.2435,773189.8
1791020040000,0.2434,0.2435,0.2434,0.2434,11091.0
1791020100000,0.2434,0.2438,0.2433,0.2437,613989.6
1791020160000,0.2437,0.2437,0.2435,0.2437,89929.3
1791020220000,0.2437,0.2437,0.2435,0.2436,95247.0
1791020280000,0.2436,0.2436,0.2435,0.2435,1236.4
1791020340000,0.2435,0.2435,0.2435,0.2435,4884.5
1791020400000,0.2435,0.2437,0.2435,0.2436,55190.0
1791020460000,0.2437,0.2437,0.2436,0.2437,9619.5
1791020520000,0.2437,0.2437,0.2436,0.2437,60272.9
1791020580000,0.2438,0.2438,0.2436,0.2438,54994.0
1791020640000,0.2438,0.2439,0.2436,0.2436,37890.0
1791020700000,0.2436,0.2437,0.2436,0.2437,50552.7
1791020760000,0.2437,0.2438,0.2436,0.2438,167261.0
1791020820000,0.2438,0.2439,0.2438,0.2438,4891.9
1791020880000,0.2438,0.2439,0.2438,0.2439,14928.3
1791020940000,0.2439,0.2439,0.2437,0.2437,13095.7
1791021000000,0.2437,0.2441,0.2437,0.244,43361.3
1791021060000,0.2441,0.2444,0.2441,0.2444,21352.0
1791021120000,0.2444,0.2445,0.2443,0.2444,120587.2
1791021180000,0.2443,0.2443,0.244,0.244,9683.1
1791021240000,0.244,0.244,0.2438,0.2438,6542.0
1791021300000,0.2438,0.2442,0.2438,0.2442,47097.3
1791021360000,0.2442,0.2444,0.2442,0.2444,4914.8
1791021420000,0.2444,0.2445,0.2443,0.2443,47785.1
1791021480000,0.2443,0.2443,0.2442,0.2443,22257.6
1791021540000,0.2443,0.2444,0.2441,0.2442,28053.0
1791021600000,0.2442,0.2444,0.2442,0.2443,26028.4
1791021660000,0.2444,0.2444,0.2442,0.2443,7113.2
1791021720000,0.2442,0.2443,0.244,0.2441,58008.1
1791021780000,0.244,0.2442,0.244,0.244,6453.9
1791021840000,0.2441,0.2443,0.244,0.2443,68093.1
1791021900000,0.2444,0.2444,0.2443,0.2444,11028.6
1791021960000,0.2444,0.2445,0.2444,0.2444,21718.4
1791022020000,0.2444,0.2445,0.2444,0.2445,34783.1
1791022080000,0.2445,0.2445,0.2443,0.2445,25531.4
1791022140000,0.2445,0.2447,0.2445,0.2447,33091.8
1791022200000,0.2447,0.2449,0.2447,0.2449,13607.5
1791022260000,0.245,0.2452,0.245,0.245,88458.9
1791022320000,0.2451,0.2451,0.2449,0.2449,11699.7
1791022380000,0.2449,0.245,0.2447,0.2447,14098.9
1791022440000,0.2447,0.2448,0.2447,0.2447,1652.7
1791022500000,0.2447,0.2447,0.2446,0.2446,11648.4
1791022560000,0.2446,0.2448,0.2446,0.2448,21690.9
1791022620000,0.2448,0.2449,0.2448,0.2449,20023.6
1791022680000,0.2448,0.2452,0.2448,0.2451,27560.3
1791022740000,0.2451,0.2452,0.245,0.2451,69953.0
1791022800000,0.245,0.245,0.2449,0.2449,6483.8
1791022860000,0.245,0.245,0.2449,0.2449,6428.3
1791022920000,0.245,0.245,0.2446,0.2446,33510.3
1791022980000,0.2447,0.2447,0.2443,0.2443,87836.8
1791023040000,0.2443,0.2444,0.2442,0.2442,7024.9
1791023100000,0.2442,0.2442,0.244,0.2442,31280.4
1791023160000,0.2442,0.2442,0.2441,0.2441,149838.5
1791023220000,0.2441,0.2444,0.2441,0.2444,36782.7
1791023280000,0.2445,0.2448,0.2445,0.2448,16534.5
1791023340000,0.2447,0.2447,0.2445,0.2445,79241.7
1791023400000,0.2445,0.2447,0.2444,0.2446,81260.4
1791023460000,0.2445,0.2449,0.2445,0.2449,71497.2
1791023520000,0.2449,0.245,0.2448,0.2448,21645.2
1791023580000,0.2447,0.2448,0.2445,0.2448,153562.8
1791023640000,0.2449,0.245,0.2448,0.245,6801.7
1791023700000,0.245,0.2451,0.2449,0.2449,11568.2
1791023760000,0.2449,0.2451,0.2449,0.2451,54602.1
1791023820000,0.2451,0.2452,0.2449,0.2452,57874.4
1791023880000,0.2452,0.2452,0.2452,0.2452,14426.8
1791023940000,0.2452,0.2452,0.2451,0.2451,21296.1
1791024000000,0.2451,0.2454,0.2451,0.2453,62810.1
1791024060000,0.2453,0.2453,0.2451,0.2451,15630.3
1791024120000,0.2452,0.2453,0.245,0.245,108889.5
1791024180000,0.2451,0.2452,0.2451,0.2451,31266.3
1791024240000,0.2451,0.2456,0.2451,0.2452,380058.0
1791024300000,0.2453,0.2455,0.2451,0.2454,421042.9
1791024360000,0.2454,0.2458,0.2453,0.2456,693316.7
1791024420000,0.2456,0.2457,0.2455,0.2455,51691.5
1791024480000,0.2455,0.2457,0.2454,0.2454,67077.8
1791024540000,0.2453,0.2454,0.2451,0.2451,34066.8
1791024600000,0.2452,0.2455,0.2452,0.2454,91684.8
1791024660000,0.2454,0.2456,0.2453,0.2456,3877.0
1791024720000,0.2456,0.2457,0.2456,0.2457,7634.5
1791024780000,0.2457,0.2458,0.2457,0.2458,67569.9
1791024840000,0.2457,0.2458,0.2456,0.2456,75406.8
1791024900000,0.2455,0.2456,0.2455,0.2456,38473.2
1791024960000,0.2456,0.2456,0.2455,0.2456,1558.7
1791025020000,0.2455,0.2456,0.2455,0.2456,41948.5
1791025080000,0.2456,0.2458,0.2455,0.2457,31619.7
1791025140000,0.2456,0.2456,0.2455,0.2455,13979.8
1791025200000,0.2456,0.2456,0.2454,0.2456,45842.6
1791025260000,0.2455,0.2456,0.2455,0.2456,4217.7
1791025320000,0.2456,0.2456,0.2453,0.2453,40132.4
1791025380000,0.2454,0.2455,0.2453,0.2455,13136.5
1791025440000,0.2454,0.2455,0.2453,0.2455,24892.9
1791025500000,0.2455,0.2456,0.2453,0.2454,64258.1
1791025560000,0.2454,0.2455,0.2454,0.2455,6038.7
1791025620000,0.2455,0.2457,0.2455,0.2456,23914.8
1791025680000,0.2456,0.2456,0.2452,0.2452,49013.8
1791025740000,0.2453,0.2455,0.2452,0.2454,9991.6
1791025800000,0.2453,0.2453,0.2451,0.2451,51585.3
1791025860000,0.2451,0.2453,0.2451,0.2452,9986.0
1791025920000,0.2451,0.2454,0.2451,0.2453,257401.5
1791025980000,0.2453,0.2453,0.245,0.245,19981.6
1791026040000,0.245,0.2451,0.245,0.2451,3131.5
1791026100000,0.2451,0.2451,0.2449,0.2449,14885.8
1791026160000,0.245,0.2451,0.245,0.2451,21870.0
1791026220000,0.245,0.2453,0.245,0.2451,17965.0
1791026280000,0.2451,0.2454,0.245,0.2453,145215.3
1791026340000,0.2453,0.2453,0.2451,0.2452,12292.3
1791026400000,0.2452,0.2452,0.2451,0.2451,33759.6
1791026460000,0.2452,0.2452,0.245,0.245,10229.1
1791026520000,0.245,0.2451,0.2448,0.2448,18692.6
1791026580000,0.2448,0.2449,0.2448,0.2448,23909.7
1791026640000,0.2448,0.2449,0.2448,0.2449,17763.6
1791026700000,0.2449,0.245,0.2449,0.245,5898.5
1791026760000,0.245,0.245,0.2449,0.2449,2883.5
1791026820000,0.245,0.245,0.2449,0.2449,1975.2
1791026880000,0.2449,0.2453,0.2449,0.2452,10034.2
1791026940000,0.2452,0.2452,0.2452,0.2452,2045.6
1791027000000,0.2453,0.2455,0.2453,0.2455,2123.7
1791027060000,0.2454,0.2454,0.2454,0.2454,2809.5
1791027120000,0.2455,0.2457,0.2454,0.2457,50844.3
1791027180000,0.2456,0.2458,0.2454,0.2455,288089.0
1791027240000,0.2456,0.2457,0.2455,0.2457,51104.6
1791027300000,0.2457,0.246,0.2457,0.2459,47322.1
1791027360000,0.246,0.2461,0.2459,0.2459,27892.6
1791027420000,0.2459,0.246,0.2457,0.2458,6457.1
1791027480000,0.2459,0.2459,0.2457,0.2459,8707.7
1791027540000,0.246,0.2462,0.246,0.2461,59889.9
1791027600000,0.2462,0.2463,0.2461,0.2461,20525.7
1791027660000,0.2461,0.2461,0.2457,0.2457,43892.3
1791027720000,0.2458,0.2458,0.2454,0.2455,16978.4
1791027780000,0.2456,0.2456,0.2454,0.2454,44831.6
1791027840000,0.2455,0.2456,0.2454,0.2454,6684.2
1791027900000,0.2454,0.2456,0.2454,0.2456,4271.0
1791027960000,0.2455,0.2456,0.2455,0.2455,11411.9
1791028020000,0.2456,0.2456,0.2455,0.2455,2416.5
1791028080000,0.2455,0.2458,0.2455,0.2457,189920.2
1791028140000,0.2456,0.2457,0.2455,0.2455,11764.2
1791028200000,0.2455,0.2456,0.2454,0.2456,2913.7
1791028260000,0.2455,0.2455,0.2453,0.2453,6022.8
1791028320000,0.2454,0.2456,0.2454,0.2455,58544.2
1791028380000,0.2455,0.2455,0.2454,0.2454,41066.1
1791028440000,0.2454,0.2454,0.2453,0.2453,21134.7
1791028500000,0.2454,0.2455,0.2453,0.2455,5316.1
1791028560000,0.2455,0.2455,0.2453,0.2453,34095.4
1791028620000,0.2454,0.2454,0.2452,0.2452,11134.2
1791028680000,0.2452,0.2453,0.2451,0.2451,51427.9
1791028740000,0.2451,0.2452,0.2451,0.2451,9195.8
1791028800000,0.2451,0.2453,0.2451,0.2452,96515.3
1791028860000,0.2453,0.2455,0.2453,0.2453,33182.1
1791028920000,0.2454,0.2454,0.2451,0.2452,22104.8
1791028980000,0.2453,0.2455,0.2453,0.2454,57222.1
1791029040000,0.2454,0.2455,0.2453,0.2455,16074.9
1791029100000,0.2456,0.2458,0.2455,0.2458,57264.6
1791029160000,0.2458,0.2458,0.2457,0.2458,12659.2
1791029220000,0.2457,0.2458,0.2456,0.2458,26828.0
1791029280000,0.2458,0.2459,0.2457,0.2458,4436.0
1791029340000,0.2458,0.2458,0.2456,0.2456,40530.7
1791029400000,0.2456,0.2457,0.2456,0.2456,18882.4
1791029460000,0.2457,0.2458,0.2457,0.2457,5729.5
1791029520000,0.2457,0.2458,0.2457,0.2458,5884.6
1791029580000,0.2457,0.2457,0.2455,0.2457,159587.7
1791029640000,0.2457,0.2458,0.2456,0.2456,60890.9
1791029700000,0.2456,0.2457,0.2454,0.2454,241995.3
1791029760000,0.2454,0.2454,0.2453,0.2454,25369.0
1791029820000,0.2454,0.2454,0.2453,0.2454,21354.6
1791029880000,0.2454,0.2457,0.2454,0.2457,19650.1
1791029940000,0.2457,0.2457,0.2456,0.2457,15268.2
1791030000000,0.2456,0.2456,0.2455,0.2455,244047.7
1791030060000,0.2456,0.2458,0.2456,0.2458,34461.3
1791030120000,0.2457,0.2457,0.2455,0.2456,17117.7
1791030180000,0.2455,0.2458,0.2454,0.2458,24395.9
1791030240000,0.2457,0.2459,0.2456,0.2458,55462.9
1791030300000,0.2459,0.246,0.2457,0.2458,177759.2
1791030360000,0.2458,0.2458,0.2456,0.2456,437809.8
1791030420000,0.2457,0.2457,0.2454,0.2455,128468.0
1791030480000,0.2455,0.2455,0.2453,0.2453,34536.5
1791030540000,0.2453,0.2453,0.245,0.245,106550.1
1791030600000,0.245,0.2451,0.2449,0.2449,43583.4
1791030660000,0.2449,0.245,0.2448,0.2448,16175.5
1791030720000,0.2448,0.245,0.2447,0.245,50806.0
1791030780000,0.245,0.2451,0.245,0.245,3255.1
1791030840000,0.2449,0.245,0.2448,0.2448,10389.3
1791030900000,0.2448,0.245,0.2448,0.2448,50813.4
1791030960000,0.2448,0.2448,0.2447,0.2447,327.3
1791031020000,0.2447,0.2448,0.2445,0.2445,45684.0
1791031080000,0.2445,0.2446,0.2443,0.2443,57922.3
1791031140000,0.2444,0.2449,0.2444,0.2448,334250.9
1791031200000,0.2448,0.2449,0.2447,0.2449,2672.4
1791031260000,0.2449,0.2449,0.2445,0.2445,125171.0
1791031320000,0.2446,0.2446,0.244,0.2441,86290.0
1791031380000,0.2441,0.2442,0.2441,0.2441,46304.7
1791031440000,0.2441,0.2441,0.244,0.2441,5468.4
1791031500000,0.2441,0.2443,0.2441,0.2443,67739.3
1791031560000,0.2443,0.2445,0.2443,0.2444,13641.8
1791031620000,0.2443,0.2445,0.2442,0.2445,17225.3
1791031680000,0.2445,0.2446,0.2443,0.2443,5280.7
1791031740000,0.2443,0.2444,0.2442,0.2444,12816.1
1791031800000,0.2444,0.2445,0.2444,0.2445,3150.8
1791031860000,0.2445,0.2445,0.2444,0.2444,1481.9
1791031920000,0.2445,0.2448,0.2444,0.2448,122403.9
1791031980000,0.2447,0.2449,0.2446,0.2449,67483.0
1791032040000,0.2449,0.2449,0.2447,0.2448,13489.2
1791032100000,0.2448,0.2448,0.2448,0.2448,5439.0
1791032160000,0.2448,0.2449,0.2448,0.2448,3936.3
1791032220000,0.2448,0.245,0.2448,0.2448,3389.8
1791032280000,0.2448,0.2449,0.2448,0.2449,3070.7
1791032340000,0.2449,0.2449,0.2448,0.2448,4355.4
1791032400000,0.2448,0.2448,0.2447,0.2447,2914.2
1791032460000,0.2447,0.2452,0.2447,0.245,25560.3
1791032520000,0.245,0.245,0.2449,0.245,14267.0
1791032580000,0.2451,0.2456,0.2451,0.2455,94897.0
1791032640000,0.2456,0.2456,0.2451,0.2451,16015.0
1791032700000,0.2451,0.2452,0.245,0.2452,16973.2
1791032760000,0.2452,0.2454,0.2452,0.2454,35843.4
1791032820000,0.2453,0.2453,0.245,0.245,25275.1
1791032880000,0.245,0.2451,0.245,0.2451,4540.9
1791032940000,0.2451,0.2451,0.245,0.2451,14157.7
1791033000000,0.245,0.2451,0.2449,0.245,20172.3
1791033060000,0.245,0.2451,0.2448,0.2448,9259.9
1791033120000,0.2448,0.2448,0.2446,0.2447,7565.2
1791033180000,0.2447,0.2448,0.2446,0.2448,24936.7
1791033240000,0.2449,0.2449,0.2447,0.2448,205543.8
1791033300000,0.2448,0.2448,0.2446,0.2447,56936.3
1791033360000,0.2448,0.2449,0.2448,0.2449,9513.3
1791033420000,0.2449,0.2449,0.2446,0.2446,46044.4
1791033480000,0.2446,0.2447,0.2445,0.2446,19320.6
1791033540000,0.2446,0.2446,0.2444,0.2444,75410.2
1791033600000,0.2444,0.2445,0.2442,0.2442,3921.2
1791033660000,0.2442,0.2443,0.2442,0.2443,9713.4
1791033720000,0.2443,0.2444,0.2443,0.2443,1184.2
1791033780000,0.2444,0.2444,0.2442,0.2443,104733.3
1791033840000,0.2442,0.2444,0.2442,0.2443,87809.4
1791033900000,0.2444,0.2445,0.2444,0.2445,79293.8
1791033960000,0.2445,0.2445,0.2443,0.2444,157586.6
1791034020000,0.2444,0.2445,0.2444,0.2445,50980.2
1791034080000,0.2444,0.2445,0.2444,0.2444,3395.4
1791034140000,0.2445,0.2446,0.2445,0.2445,136924.2
1791034200000,0.2445,0.2446,0.2445,0.2446,1587.0
1791034260000,0.2446,0.2447,0.2445,0.2446,9331.2
1791034320000,0.2445,0.2446,0.2445,0.2445,3274.7
1791034380000,0.2445,0.2446,0.2444,0.2446,47736.8
1791034440000,0.2446,0.245,0.2446,0.245,47891.9
1791034500000,0.2449,0.245,0.2448,0.2449,82882.8
1791034560000,0.245,0.2452,0.2449,0.2449,27319.2
1791034620000,0.2449,0.2449,0.2447,0.2447,18113.9
1791034680000,0.2448,0.2449,0.2447,0.2449,212984.4
1791034740000,0.2449,0.2449,0.2448,0.2448,66074.0
1791034800000,0.2448,0.2451,0.2448,0.245,33794.7
1791034860000,0.245,0.2452,0.245,0.2452,35407.7
1791034920000,0.2451,0.2452,0.2451,0.2451,9320.3
1791034980000,0.245,0.2451,0.2449,0.245,35609.7
1791035040000,0.2449,0.245,0.2446,0.2446,23734.5
1791035100000,0.2446,0.2447,0.2446,0.2446,4194.3
1791035160000,0.2446,0.2448,0.2446,0.2447,14029.4
1791035220000,0.2447,0.2448,0.2447,0.2447,3012.5
1791035280000,0.2447,0.2449,0.2447,0.2448,52873.9
1791035340000,0.2448,0.2448,0.2447,0.2447,11433.1
1791035400000,0.2447,0.245,0.2447,0.2448,13710.8
1791035460000,0.2449,0.2449,0.2448,0.2449,51463.3
1791035520000,0.2448,0.2451,0.2448,0.2451,4895.2
1791035580000,0.245,0.2451,0.245,0.245,740.2
1791035640000,0.245,0.2451,0.245,0.245,3972.7
1791035700000,0.245,0.2451,0.245,0.245,7134.8
1791035760000,0.245,0.2451,0.245,0.245,15343.3
1791035820000,0.245,0.2451,0.245,0.245,7491.5
1791035880000,0.245,0.2452,0.245,0.2452,10839.3
1791035940000,0.2452,0.2453,0.2451,0.2453,70222.2
1791036000000,0.2453,0.2453,0.2452,0.2453,10806.0
1791036060000,0.2453,0.2455,0.2453,0.2455,26662.6
1791036120000,0.2455,0.2456,0.2452,0.2453,87110.4
1791036180000,0.2453,0.2454,0.2452,0.2452,61531.1
1791036240000,0.2452,0.2453,0.245,0.245,22194.5
1791036300000,0.245,0.2452,0.2449,0.2449,39260.5
1791036360000,0.2449,0.2449,0.2447,0.2447,157429.8
1791036420000,0.2447,0.2449,0.2447,0.2449,31943.4
1791036480000,0.2449,0.2449,0.2448,0.2449,3029.0
1791036540000,0.2448,0.2448,0.2447,0.2447,12300.5
1791036600000,0.2447,0.2447,0.2445,0.2445,132210.3
1791036660000,0.2446,0.2446,0.2444,0.2445,145250.0
1791036720000,0.2445,0.2446,0.2445,0.2446,13302.6
1791036780000,0.2445,0.2446,0.2445,0.2445,14079.2
1791036840000,0.2445,0.2445,0.2444,0.2444,42230.0
1791036900000,0.2444,0.2446,0.2444,0.2445,11950.8
1791036960000,0.2446,0.2449,0.2446,0.2446,54946.6
1791037020000,0.2446,0.2447,0.2446,0.2446,24604.7
1791037080000,0.2446,0.2448,0.2445,0.2447,23694.7
1791037140000,0.2447,0.2448,0.2446,0.2448,63964.2
1791037200000,0.2448,0.2448,0.2447,0.2448,43392.6
1791037260000,0.2448,0.2449,0.2447,0.2448,28453.9
1791037320000,0.2449,0.2451,0.2449,0.2451,26453.5
1791037380000,0.2451,0.2452,0.2451,0.2451,34309.0
1791037440000,0.2451,0.2451,0.245,0.245,9091.5
1791037500000,0.245,0.2452,0.245,0.2451,5038.0
1791037560000,0.2452,0.2455,0.2452,0.2455,10566.8
1791037620000,0.2455,0.2457,0.2455,0.2457,174685.0
1791037680000,0.2457,0.2458,0.2457,0.2457,20248.4
1791037740000,0.2458,0.2459,0.2457,0.2457,73479.7
1791037800000,0.2457,0.2459,0.2457,0.2458,25444.9
1791037860000,0.2458,0.2458,0.2457,0.2457,19543.9
1791037920000,0.2458,0.2459,0.2457,0.2457,56107.2
1791037980000,0.2458,0.2459,0.2457,0.2458,53029.4
1791038040000,0.2457,0.2459,0.2457,0.2458,7504.1
1791038100000,0.2458,0.2458,0.2456,0.2456,65407.5
1791038160000,0.2456,0.2456,0.2455,0.2455,17361.9
1791038220000,0.2455,0.2456,0.2454,0.2456,33835.4
1791038280000,0.2456,0.2456,0.2454,0.2455,74912.8
1791038340000,0.2456,0.2458,0.2456,0.2457,35733.1
1791038400000,0.2457,0.2459,0.2457,0.2457,61321.3
1791038460000,0.2458,0.2459,0.2458,0.2459,4771.9
1791038520000,0.2458,0.2459,0.2458,0.2459,9284.6
1791038580000,0.2458,0.2459,0.2458,0.2459,6713.7
1791038640000,0.246,0.246,0.2459,0.2459,3262.2
1791038700000,0.2459,0.2462,0.2459,0.2462,108053.5
1791038760000,0.2462,0.2463,0.246,0.2461,66751.0
1791038820000,0.2461,0.2464,0.2461,0.2463,161531.2
1791038880000,0.2464,0.2465,0.2464,0.2464,64771.7
1791038940000,0.2465,0.2467,0.2465,0.2466,25178.8
1791039000000,0.2466,0.2466,0.2465,0.2465,11193.3
1791039060000,0.2466,0.2466,0.2465,0.2465,23935.7
1791039120000,0.2465,0.2465,0.2463,0.2463,15257.8
1791039180000,0.2463,0.2464,0.2463,0.2463,5675.8
1791039240000,0.2463,0.2463,0.246,0.246,29536.8
1791039300000,0.2459,0.2461,0.2459,0.246,68975.7
1791039360000,0.246,0.2461,0.2459,0.246,34452.4
1791039420000,0.2459,0.2459,0.2456,0.2457,29485.3
1791039480000,0.2456,0.2458,0.2456,0.2458,29518.7
1791039540000,0.2458,0.2458,0.2457,0.2458,4957.8
1791039600000,0.2458,0.2458,0.2451,0.2452,154712.6
1791039660000,0.2451,0.2451,0.245,0.245,156698.4
1791039720000,0.245,0.2452,0.2449,0.245,66158.9
1791039780000,0.245,0.245,0.2448,0.2449,13369.0
1791039840000,0.2449,0.2454,0.2449,0.2452,57556.9
1791039900000,0.2452,0.2454,0.2452,0.2454,18325.1
1791039960000,0.2454,0.2454,0.2453,0.2453,62378.2
1791040020000,0.2452,0.2452,0.2451,0.2452,15017.9
1791040080000,0.2452,0.2456,0.2452,0.2454,46162.2
1791040140000,0.2454,0.2454,0.2452,0.2454,43953.7
1791040200000,0.2453,0.2453,0.2453,0.2453,20906.5
1791040260000,0.2452,0.2452,0.2449,0.245,65566.9
1791040320000,0.2449,0.245,0.2449,0.245,38800.5
1791040380000,0.2449,0.245,0.2449,0.245,15731.2
1791040440000,0.2449,0.2452,0.2447,0.2452,315995.3
1791040500000,0.2452,0.2452,0.2448,0.2448,68330.1
1791040560000,0.2448,0.245,0.2448,0.245,19826.8
1791040620000,0.245,0.2452,0.2449,0.2452,26373.8
1791040680000,0.2451,0.2452,0.245,0.2451,41929.7
1791040740000,0.245,0.2452,0.2449,0.2451,58290.3
1791040800000,0.2451,0.2453,0.2451,0.2451,23216.6
1791040860000,0.2451,0.2454,0.2451,0.2454,14328.5
1791040920000,0.2453,0.2453,0.2451,0.2453,22633.9
1791040980000,0.2452,0.2453,0.245,0.2451,17798.0
1791041040000,0.245,0.2451,0.2449,0.245,30363.6
1791041100000,0.2449,0.245,0.2449,0.245,5579.3
1791041160000,0.2449,0.2451,0.2449,0.2451,15849.0
1791041220000,0.2451,0.2453,0.2451,0.2453,14609.5
1791041280000,0.2453,0.2454,0.2452,0.2453,35633.7
1791041340000,0.2452,0.2452,0.2451,0.2451,13991.1
1791041400000,0.2451,0.2453,0.2451,0.2453,47015.9
1791041460000,0.2452,0.2453,0.245,0.245,55188.1
1791041520000,0.2449,0.2449,0.2448,0.2449,18756.1
1791041580000,0.2449,0.2449,0.2447,0.2447,37772.6
1791041640000,0.2447,0.2448,0.2445,0.2448,60976.9
1791041700000,0.2449,0.2449,0.2447,0.2447,42181.5
1791041760000,0.2447,0.2447,0.2446,0.2446,28086.3
1791041820000,0.2446,0.2447,0.2446,0.2446,8373.3
1791041880000,0.2446,0.245,0.2446,0.245,15260.5
1791041940000,0.245,0.245,0.2448,0.2448,36109.1
1791042000000,0.2448,0.2449,0.2448,0.2449,36658.8
1791042060000,0.2449,0.2451,0.2448,0.2451,49847.1
1791042120000,0.2451,0.2451,0.2449,0.245,11094.5
1791042180000,0.2449,0.2451,0.2449,0.2451,19514.1
1791042240000,0.2451,0.2452,0.245,0.245,17559.4
1791042300000,0.245,0.2454,0.245,0.2454,69086.6
1791042360000,0.2454,0.2454,0.2453,0.2454,80215.1
1791042420000,0.2453,0.2454,0.2451,0.2451,19357.3
1791042480000,0.2451,0.2451,0.2449,0.2451,42277.8
1791042540000,0.2452,0.2452,0.2451,0.2452,1403.4
1791042600000,0.2452,0.2453,0.2451,0.2451,48227.8
1791042660000,0.2451,0.2452,0.245,0.245,19734.6
1791042720000,0.245,0.245,0.2448,0.2448,36990.8
1791042780000,0.2448,0.2449,0.2448,0.2448,20949.3
1791042840000,0.2448,0.2449,0.2448,0.2448,11134.8
1791042900000,0.2448,0.2449,0.2448,0.2449,53793.7
1791042960000,0.2449,0.2449,0.2448,0.2448,4670.8
1791043020000,0.2448,0.2449,0.2446,0.2446,26799.2
1791043080000,0.2447,0.2449,0.2447,0.2449,22259.8
1791043140000,0.2448,0.245,0.2448,0.2449,130203.2
1791043200000,0.2449,0.245,0.2449,0.2449,29764.9
1791043260000,0.2449,0.245,0.2448,0.2448,101002.0
1791043320000,0.2449,0.2449,0.2447,0.2447,21460.9
1791043380000,0.2447,0.2447,0.2446,0.2446,3720.6
1791043440000,0.2446,0.2449,0.2446,0.2448,108688.6
1791043500000,0.2447,0.2448,0.2446,0.2448,32860.6
1791043560000,0.2448,0.2448,0.2444,0.2444,40447.2
1791043620000,0.2445,0.2447,0.2444,0.2447,12131.5
1791043680000,0.2446,0.2448,0.2445,0.2448,38370.7
1791043740000,0.2448,0.2449,0.2447,0.2447,22411.6
1791043800000,0.2446,0.2446,0.2445,0.2445,5108.6
1791043860000,0.2445,0.2448,0.2445,0.2448,18646.2
1791043920000,0.2448,0.245,0.2448,0.245,21576.9
1791043980000,0.245,0.245,0.2447,0.2447,25512.9
1791044040000,0.2448,0.2449,0.2448,0.2449,6741.7
1791044100000,0.2449,0.2449,0.2447,0.2447,17745.2
1791044160000,0.2447,0.2448,0.2445,0.2445,8988.7
1791044220000,0.2445,0.2447,0.2445,0.2446,86969.4
1791044280000,0.2445,0.2446,0.2444,0.2444,3117.8
1791044340000,0.2445,0.2446,0.2444,0.2446,13054.6
1791044400000,0.2447,0.2448,0.2446,0.2447,13885.1
1791044460000,0.2447,0.2448,0.2446,0.2446,19630.3
1791044520000,0.2447,0.2448,0.2446,0.2446,78571.1
1791044580000,0.2446,0.2446,0.2445,0.2445,24292.6
1791044640000,0.2445,0.2445,0.2444,0.2445,8520.8
1791044700000,0.2444,0.2446,0.2444,0.2445,16944.8
1791044760000,0.2445,0.2446,0.2445,0.2446,7317.7
1791044820000,0.2445,0.2446,0.2445,0.2445,3955.1
1791044880000,0.2446,0.2446,0.2445,0.2445,59892.0
1791044940000,0.2446,0.2448,0.2446,0.2447,94935.3
1791045000000,0.2447,0.2449,0.2447,0.2448,9520.0
1791045060000,0.2448,0.2449,0.2448,0.2448,14905.7
1791045120000,0.2449,0.2453,0.2449,0.2453,47302.8
1791045180000,0.2453,0.2454,0.2452,0.2454,12603.9
1791045240000,0.2453,0.2455,0.2453,0.2454,107097.2
1791045300000,0.2453,0.2453,0.2449,0.2449,52873.4
1791045360000,0.245,0.2451,0.2449,0.245,28806.2
1791045420000,0.2451,0.2451,0.2448,0.2449,33412.4
1791045480000,0.2449,0.2451,0.2448,0.2451,94089.6
1791045540000,0.2451,0.2453,0.245,0.2453,3943.7
1791045600000,0.2453,0.2453,0.2452,0.2453,6956.9
1791045660000,0.2453,0.2454,0.2453,0.2453,27507.4
1791045720000,0.2454,0.2454,0.2451,0.2451,55588.2
1791045780000,0.2451,0.2452,0.2451,0.2451,4243.9
1791045840000,0.2451,0.2451,0.2449,0.245,113267.7
1791045900000,0.2451,0.2452,0.2451,0.2451,11228.5
1791045960000,0.2451,0.2451,0.2449,0.2449,31132.3
1791046020000,0.2449,0.245,0.2449,0.245,25520.5
1791046080000,0.245,0.245,0.2448,0.2448,178535.5
1791046140000,0.2449,0.245,0.2449,0.2449,23326.8
1791046200000,0.245,0.2451,0.2449,0.245,106860.2
1791046260000,0.2451,0.2452,0.2451,0.2452,25394.1
1791046320000,0.2451,0.2452,0.245,0.2451,26180.9
1791046380000,0.245,0.245,0.2449,0.2449,9176.1
1791046440000,0.2449,0.2449,0.2447,0.2447,146126.6
1791046500000,0.2447,0.2448,0.2447,0.2447,5949.3
1791046560000,0.2447,0.2448,0.2447,0.2447,14268.0
1791046620000,0.2447,0.2447,0.2447,0.2447,7228.5
1791046680000,0.2447,0.2449,0.2447,0.2449,19006.7
1791046740000,0.2448,0.2449,0.2448,0.2448,3976.5
1791046800000,0.2448,0.2449,0.2448,0.2448,5431.4
1791046860000,0.2448,0.245,0.2448,0.2448,21368.4
1791046920000,0.2449,0.245,0.2448,0.245,51785.0
1791046980000,0.245,0.2452,0.245,0.2452,13092.3
1791047040000,0.2451,0.2452,0.245,0.2452,21042.2
1791047100000,0.2452,0.2454,0.2452,0.2453,58690.7
1791047160000,0.2453,0.2454,0.2453,0.2454,22876.2
1791047220000,0.2455,0.2458,0.2455,0.2456,52154.0
1791047280000,0.2457,0.2459,0.2457,0.2459,45296.0
1791047340000,0.246,0.2463,0.246,0.2462,105050.8
1791047400000,0.2463,0.2466,0.2463,0.2465,157947.5
1791047460000,0.2465,0.2466,0.2464,0.2465,193289.3
1791047520000,0.2465,0.2465,0.2463,0.2465,86092.9
1791047580000,0.2464,0.2465,0.2464,0.2464,5122.6
1791047640000,0.2464,0.2464,0.2463,0.2464,21084.9
1791047700000,0.2463,0.2464,0.2462,0.2463,113147.3
1791047760000,0.2464,0.2464,0.2462,0.2463,9791.7
1791047820000,0.2462,0.2463,0.2458,0.2461,168837.2
1791047880000,0.2462,0.2465,0.2462,0.2465,189523.7
1791047940000,0.2465,0.2465,0.2465,0.2465,47022.3
1791048000000,0.2465,0.2468,0.2465,0.2468,125799.1
1791048060000,0.2467,0.2468,0.2465,0.2465,14729.6
1791048120000,0.2465,0.2469,0.2465,0.2468,22918.0
1791048180000,0.2468,0.2469,0.2466,0.2468,24013.8
1791048240000,0.2468,0.2468,0.2467,0.2467,23034.1
1791048300000,0.2467,0.2468,0.2464,0.2464,99528.2
1791048360000,0.2464,0.2465,0.2464,0.2464,4736.6
1791048420000,0.2464,0.2464,0.2462,0.2464,22100.3
1791048480000,0.2464,0.2464,0.2462,0.2462,19899.1
1791048540000,0.2462,0.2463,0.2462,0.2463,14913.5
1791048600000,0.2463,0.2463,0.2461,0.2461,33802.8
1791048660000,0.246,0.2461,0.2457,0.2457,21215.9
1791048720000,0.2457,0.246,0.2456,0.2459,100655.9
1791048780000,0.2459,0.246,0.2458,0.2458,5228.7
1791048840000,0.2457,0.2459,0.2455,0.2459,10338.3
1791048900000,0.2459,0.2459,0.2459,0.2459,10112.4
1791048960000,0.2459,0.2459,0.2457,0.2457,1119.5
1791049020000,0.2457,0.2459,0.2457,0.2459,9275.2
1791049080000,0.2459,0.2462,0.2458,0.2459,203279.7
1791049140000,0.2459,0.2462,0.2459,0.246,41054.3
1791049200000,0.2459,0.246,0.2459,0.246,22545.4
1791049260000,0.2459,0.2459,0.2457,0.2459,33937.7
1791049320000,0.2459,0.2459,0.2457,0.2458,38088.5
1791049380000,0.2457,0.2457,0.2456,0.2456,3363.3
1791049440000,0.2457,0.2458,0.2456,0.2457,64852.5
1791049500000,0.2458,0.2458,0.2455,0.2455,117727.4
1791049560000,0.2455,0.2458,0.2455,0.2458,11076.6
1791049620000,0.2458,0.2458,0.2454,0.2455,6088.1
1791049680000,0.2454,0.2456,0.2453,0.2454,26952.1
1791049740000,0.2454,0.2455,0.2453,0.2455,16370.8
1791049800000,0.2455,0.2459,0.2455,0.2458,41116.0
1791049860000,0.2457,0.2458,0.2456,0.2457,8614.0
1791049920000,0.2457,0.246,0.2457,0.2459,8095.1
1791049980000,0.246,0.246,0.2455,0.2456,119115.3
1791050040000,0.2455,0.2458,0.2455,0.2458,33618.3
1791050100000,0.2458,0.2458,0.2456,0.2456,47909.5
1791050160000,0.2455,0.2457,0.2455,0.2456,4944.6
1791050220000,0.2456,0.2456,0.2455,0.2456,4570.3
1791050280000,0.2456,0.2458,0.2455,0.2457,18829.2
1791050340000,0.2457,0.2459,0.2457,0.2459,4912.0
1791050400000,0.246,0.246,0.2457,0.2457,74471.7
1791050460000,0.2457,0.2459,0.2457,0.2459,249068.6
1791050520000,0.246,0.246,0.2458,0.2458,11864.5
1791050580000,0.2458,0.2459,0.2457,0.2457,17133.8
1791050640000,0.2457,0.2457,0.2454,0.2455,29126.5
1791050700000,0.2455,0.2455,0.2454,0.2455,8680.6
1791050760000,0.2455,0.2458,0.2455,0.2458,207341.9
1791050820000,0.2458,0.2458,0.2457,0.2457,2410.8
1791050880000,0.2457,0.2457,0.2455,0.2455,9866.0
1791050940000,0.2455,0.2457,0.2455,0.2457,26008.1
1791051000000,0.2457,0.2457,0.2452,0.2452,167039.0
1791051060000,0.2452,0.2454,0.2451,0.2452,77542.3
1791051120000,0.2453,0.2454,0.2452,0.2454,53701.1
1791051180000,0.2455,0.2455,0.2454,0.2455,35160.5
1791051240000,0.2455,0.2456,0.2455,0.2455,6086.8
1791051300000,0.2455,0.2457,0.2455,0.2457,15829.6
1791051360000,0.2456,0.2457,0.2454,0.2454,18826.2
1791051420000,0.2454,0.2454,0.2451,0.2451,9293.2
1791051480000,0.2451,0.2453,0.2451,0.2451,37088.7
1791051540000,0.2451,0.2451,0.245,0.2451,37737.8
1791051600000,0.2452,0.2453,0.2452,0.2453,4165.1
1791051660000,0.2452,0.2453,0.2452,0.2452,6457.2
1791051720000,0.2452,0.2453,0.245,0.245,3034.8
1791051780000,0.245,0.2451,0.245,0.245,2401.5
1791051840000,0.245,0.2451,0.2449,0.245,103886.0
1791051900000,0.245,0.2451,0.245,0.245,9464.7
1791051960000,0.245,0.245,0.2449,0.2449,22644.0
1791052020000,0.2449,0.245,0.2449,0.2449,2281.1
1791052080000,0.2449,0.2452,0.2449,0.2452,31751.4
1791052140000,0.2452,0.2453,0.2452,0.2453,20597.3
1791052200000,0.2453,0.2455,0.2453,0.2454,14786.6
1791052260000,0.2453,0.2453,0.2451,0.2451,4977.4
1791052320000,0.2451,0.2452,0.2451,0.2451,2305.5
1791052380000,0.2451,0.2451,0.2451,0.2451,1432.6
1791052440000,0.2451,0.2452,0.245,0.2452,72786.3
1791052500000,0.2452,0.2452,0.2451,0.2452,657.6
1791052560000,0.2452,0.2456,0.2451,0.2456,104482.6
1791052620000,0.2456,0.2458,0.2455,0.2455,141971.6
1791052680000,0.2456,0.2456,0.2456,0.2456,4257.8
1791052740000,0.2456,0.2456,0.2455,0.2456,58904.5
1791052800000,0.2456,0.2457,0.2456,0.2457,227115.4
1791052860000,0.2457,0.2458,0.2456,0.2456,20590.6
1791052920000,0.2456,0.246,0.2456,0.246,86085.3
1791052980000,0.2461,0.2461,0.246,0.246,31868.0
1791053040000,0.2461,0.2462,0.246,0.246,33354.9
1791053100000,0.246,0.246,0.2456,0.2456,43556.9
1791053160000,0.2456,0.2457,0.2456,0.2456,21225.7
1791053220000,0.2456,0.2456,0.2453,0.2453,10450.3
1791053280000,0.2453,0.2454,0.2451,0.2451,13873.1
1791053340000,0.2451,0.2452,0.245,0.245,44086.5
1791053400000,0.245,0.2451,0.245,0.2451,8941.5
1791053460000,0.2451,0.2451,0.2449,0.2449,130200.3
1791053520000,0.2449,0.245,0.2449,0.2449,3160.1
1791053580000,0.2449,0.245,0.2449,0.2449,16420.1
1791053640000,0.2449,0.245,0.2448,0.245,177112.0
1791053700000,0.2449,0.2449,0.2449,0.2449,210.0
1791053760000,0.245,0.245,0.2449,0.2449,2520.6
1791053820000,0.245,0.2452,0.245,0.2451,51119.7
1791053880000,0.2452,0.2453,0.2452,0.2453,37143.4
1791053940000,0.2453,0.2453,0.2453,0.2453,5574.9
1791054000000,0.2454,0.2454,0.245,0.2452,87111.3
1791054060000,0.2452,0.2453,0.245,0.245,20759.1
1791054120000,0.245,0.245,0.2448,0.2448,7696.4
1791054180000,0.2448,0.2449,0.2447,0.2447,40864.7
1791054240000,0.2447,0.2447,0.2446,0.2447,220026.3
1791054300000,0.2448,0.2448,0.2447,0.2447,14318.7
1791054360000,0.2447,0.245,0.2447,0.245,23086.4
1791054420000,0.245,0.245,0.2449,0.2449,9049.0
1791054480000,0.2449,0.245,0.2448,0.2448,3346.3
1791054540000,0.2448,0.2449,0.2448,0.2448,7661.3
1791054600000,0.2448,0.2449,0.2447,0.2447,30586.6
1791054660000,0.2447,0.2449,0.2447,0.2449,18359.1
1791054720000,0.2449,0.2449,0.2448,0.2448,1684.3
1791054780000,0.2449,0.245,0.2448,0.2448,351433.7
1791054840000,0.2448,0.245,0.2448,0.245,12796.7
1791054900000,0.245,0.2451,0.245,0.245,14275.8
1791054960000,0.2451,0.2454,0.2451,0.2452,69330.9
1791055020000,0.2452,0.2452,0.245,0.2452,9271.3
1791055080000,0.2451,0.2452,0.245,0.245,45759.0
1791055140000,0.2449,0.2451,0.2448,0.2451,97460.5
1791055200000,0.245,0.2451,0.2449,0.245,34452.0
1791055260000,0.245,0.2451,0.2449,0.2451,16225.1
1791055320000,0.2451,0.2453,0.245,0.2452,7552.3
1791055380000,0.2453,0.2453,0.2452,0.2452,22210.4
1791055440000,0.2452,0.2454,0.2452,0.2452,15386.3
1791055500000,0.2452,0.2453,0.2452,0.2452,3753.7
1791055560000,0.2452,0.2453,0.2451,0.2451,34497.4
1791055620000,0.2451,0.2453,0.2451,0.2453,15521.6
1791055680000,0.2453,0.2453,0.2452,0.2453,1837.0
1791055740000,0.2453,0.2453,0.2451,0.2451,8241.0
1791055800000,0.2451,0.2452,0.245,0.2451,14942.7
1791055860000,0.2451,0.2453,0.2451,0.2451,17020.8
1791055920000,0.2451,0.2452,0.2451,0.2451,7362.6
1791055980000,0.2452,0.2452,0.2451,0.2451,2517.8
1791056040000,0.2451,0.2451,0.245,0.2451,10921.2
1791056100000,0.2451,0.2452,0.2451,0.2452,10718.8
1791056160000,0.2452,0.2453,0.245,0.2451,79425.6
1791056220000,0.2451,0.2454,0.2451,0.2453,15763.1
1791056280000,0.2453,0.2454,0.2453,0.2454,20587.6
1791056340000,0.2454,0.2454,0.2452,0.2452,4790.3
1791056400000,0.2452,0.2453,0.2452,0.2452,3027.3
1791056460000,0.2452,0.2456,0.2452,0.2455,230628.6
1791056520000,0.2455,0.2456,0.2454,0.2454,16073.6
1791056580000,0.2454,0.2454,0.2453,0.2453,12324.0
1791056640000,0.2453,0.2453,0.2452,0.2452,34509.5
1791056700000,0.2452,0.2453,0.2452,0.2452,1790.3
1791056760000,0.2452,0.2454,0.2452,0.2453,18547.0
1791056820000,0.2453,0.2453,0.245,0.2452,29825.7
1791056880000,0.2453,0.2455,0.2453,0.2455,9544.1
1791056940000,0.2454,0.2455,0.2453,0.2455,35122.9
1791057000000,0.2455,0.2456,0.2455,0.2455,97178.7
1791057060000,0.2454,0.2455,0.2454,0.2454,1701.0
1791057120000,0.2454,0.2455,0.2454,0.2454,5751.9
1791057180000,0.2454,0.2454,0.2453,0.2453,11857.1
1791057240000,0.2453,0.2457,0.2453,0.2457,166085.7
1791057300000,0.2456,0.2456,0.2455,0.2455,42870.6
1791057360000,0.2454,0.2454,0.2453,0.2453,67685.2
1791057420000,0.2453,0.2453,0.2452,0.2453,31660.0
1791057480000,0.2453,0.2455,0.2453,0.2454,11132.3
1791057540000,0.2454,0.2455,0.2454,0.2454,12024.2
1791057600000,0.2455,0.2456,0.2454,0.2456,23384.0
1791057660000,0.2455,0.2461,0.2455,0.2461,267968.7
1791057720000,0.2461,0.2462,0.2461,0.2461,28954.9
1791057780000,0.2461,0.2462,0.2459,0.2461,99254.9
1791057840000,0.2461,0.2462,0.246,0.246,28021.0
1791057900000,0.246,0.246,0.2459,0.246,12585.6
1791057960000,0.246,0.246,0.2457,0.2457,22895.1
1791058020000,0.2457,0.2457,0.2457,0.2457,2243.9
1791058080000,0.2457,0.2458,0.2456,0.2456,8855.5
1791058140000,0.2456,0.2457,0.2456,0.2456,1423.7
1791058200000,0.2456,0.2456,0.2453,0.2453,37657.1
1791058260000,0.2453,0.2454,0.2453,0.2454,11648.9
1791058320000,0.2455,0.2455,0.2452,0.2453,49672.5
1791058380000,0.2453,0.2454,0.2453,0.2454,11657.9
1791058440000,0.2454,0.2455,0.2454,0.2454,1919.6
1791058500000,0.2454,0.2455,0.2454,0.2455,118596.3
1791058560000,0.2454,0.2455,0.2454,0.2454,9084.4
1791058620000,0.2454,0.2455,0.2454,0.2454,4070.2
1791058680000,0.2454,0.2455,0.2453,0.2454,4853.3
1791058740000,0.2455,0.2458,0.2455,0.2458,6359.7
1791058800000,0.2457,0.2458,0.2456,0.2458,48802.9
1791058860000,0.2458,0.246,0.2458,0.2459,85227.9
1791058920000,0.2458,0.2458,0.2454,0.2454,113239.7
1791058980000,0.2454,0.2455,0.2454,0.2455,182762.8
1791059040000,0.2454,0.2456,0.2454,0.2455,7516.7
1791059100000,0.2455,0.2456,0.2455,0.2455,1707.3
1791059160000,0.2456,0.2458,0.2456,0.2457,5667.8
1791059220000,0.2457,0.2457,0.2456,0.2456,5921.4
1791059280000,0.2456,0.2458,0.2456,0.2458,11989.6
1791059340000,0.2458,0.2458,0.2456,0.2456,47928.8
1791059400000,0.2457,0.2457,0.2455,0.2455,11056.1
1791059460000,0.2455,0.2455,0.2454,0.2454,8024.2
1791059520000,0.2454,0.2455,0.2454,0.2454,6861.9
1791059580000,0.2454,0.2455,0.2454,0.2454,6330.3
1791059640000,0.2454,0.2455,0.2454,0.2454,11809.4
1791059700000,0.2454,0.2455,0.2454,0.2455,51178.1
1791059760000,0.2456,0.2456,0.2456,0.2456,6065.8
1791059820000,0.2456,0.2456,0.2454,0.2454,27097.2
1791059880000,0.2454,0.2454,0.2454,0.2454,1156.5
1791059940000,0.2454,0.2455,0.2454,0.2454,15588.8
1791060000000,0.2454,0.2455,0.2454,0.2454,10036.7
1791060060000,0.2454,0.2457,0.2454,0.2457,27977.4
1791060120000,0.2457,0.2458,0.2457,0.2457,12563.0
1791060180000,0.2457,0.2457,0.2455,0.2456,53563.9
1791060240000,0.2455,0.2457,0.2455,0.2457,28423.4
1791060300000,0.2456,0.2456,0.2455,0.2455,18044.1
1791060360000,0.2455,0.2457,0.2455,0.2457,19278.2
1791060420000,0.2457,0.2457,0.2455,0.2455,31954.2
1791060480000,0.2455,0.2456,0.2454,0.2454,6261.6
1791060540000,0.2454,0.2454,0.2452,0.2453,117860.9
1791060600000,0.2453,0.2455,0.2453,0.2453,20477.3
1791060660000,0.2453,0.2455,0.2451,0.2453,119029.3
1791060720000,0.2454,0.2454,0.2453,0.2453,1230.7
1791060780000,0.2453,0.2453,0.2452,0.2452,10249.8
1791060840000,0.2452,0.2454,0.2452,0.2454,5432.0
1791060900000,0.2453,0.2454,0.2453,0.2453,636.5
1791060960000,0.2453,0.2454,0.2453,0.2454,4277.6
1791061020000,0.2453,0.2454,0.2453,0.2453,25182.7
1791061080000,0.2453,0.2454,0.2453,0.2453,1533.7
1791061140000,0.2453,0.2455,0.2453,0.2454,3514.5
1791061200000,0.2454,0.2454,0.2454,0.2454,6260.6
1791061260000,0.2455,0.2457,0.2455,0.2457,11933.8
1791061320000,0.2457,0.2457,0.2454,0.2454,23499.9
1791061380000,0.2454,0.2454,0.2451,0.2451,29864.5
1791061440000,0.2451,0.2452,0.2451,0.2451,2065.5
1791061500000,0.2451,0.2451,0.2447,0.2447,155606.9
1791061560000,0.2447,0.2449,0.2447,0.2449,22315.7
1791061620000,0.2448,0.2448,0.2448,0.2448,1474.5
1791061680000,0.2448,0.2449,0.2448,0.2448,29769.5
1791061740000,0.2448,0.2449,0.2446,0.2447,44139.5
1791061800000,0.2448,0.2449,0.2448,0.2449,9252.6
1791061860000,0.245,0.245,0.2449,0.2449,1816.0
1791061920000,0.2449,0.2451,0.2449,0.2451,4210.6
1791061980000,0.2452,0.2452,0.2451,0.2451,1664.6
1791062040000,0.2452,0.2452,0.2451,0.2451,1322.9
1791062100000,0.2452,0.2452,0.2452,0.2452,9787.6
1791062160000,0.2453,0.2454,0.2452,0.2454,12483.1
1791062220000,0.2454,0.2454,0.2453,0.2453,840.1
1791062280000,0.2453,0.2453,0.2452,0.2452,36463.3
1791062340000,0.2452,0.2452,0.245,0.245,26070.6
1791062400000,0.245,0.2451,0.245,0.245,1856.7
1791062460000,0.245,0.2451,0.245,0.245,8774.8
1791062520000,0.245,0.2453,0.245,0.2452,36598.2
1791062580000,0.2451,0.2452,0.2451,0.2452,48282.9
1791062640000,0.2452,0.2453,0.2451,0.2451,15256.1
1791062700000,0.2451,0.2452,0.2451,0.2451,2721.7
1791062760000,0.2451,0.2451,0.245,0.245,12735.6
1791062820000,0.245,0.245,0.2448,0.2448,23619.0
1791062880000,0.2448,0.2449,0.2448,0.2448,7245.7
1791062940000,0.2448,0.2449,0.2448,0.2448,2873.0
1791063000000,0.2448,0.2449,0.2448,0.2448,3351.4
1791063060000,0.2448,0.2449,0.2448,0.2449,25893.9
1791063120000,0.2449,0.245,0.2449,0.2449,1694.3
1791063180000,0.2449,0.245,0.2449,0.2449,17125.6
1791063240000,0.2449,0.2451,0.2449,0.245,60017.0
1791063300000,0.245,0.2451,0.245,0.245,6314.5
1791063360000,0.245,0.245,0.2449,0.245,15694.6
1791063420000,0.2449,0.245,0.2448,0.2448,50601.6
1791063480000,0.2449,0.2449,0.2447,0.2447,12635.6
1791063540000,0.2447,0.2448,0.2447,0.2448,15270.0
1791063600000,0.2448,0.2448,0.2447,0.2447,19750.8
1791063660000,0.2447,0.2448,0.2447,0.2447,1257.4
1791063720000,0.2447,0.2448,0.2447,0.2447,2602.8
1791063780000,0.2447,0.2449,0.2447,0.2448,34069.1
1791063840000,0.2448,0.2449,0.2447,0.2448,17241.9
1791063900000,0.2448,0.2449,0.2448,0.2448,10277.8
1791063960000,0.2448,0.245,0.2448,0.245,9845.9
1791064020000,0.245,0.245,0.245,0.245,5548.9
1791064080000,0.2449,0.2449,0.2449,0.2449,9870.8
1791064140000,0.2449,0.245,0.2449,0.2449,2614.0
1791064200000,0.245,0.245,0.2448,0.245,91662.5
1791064260000,0.2451,0.2451,0.2451,0.2451,459.8
1791064320000,0.245,0.2451,0.245,0.245,6948.0
1791064380000,0.245,0.2451,0.245,0.245,3957.4
1791064440000,0.245,0.2451,0.2448,0.2448,7222.0
1791064500000,0.2448,0.2448,0.2448,0.2448,1176.3
1791064560000,0.2448,0.2448,0.2447,0.2447,4604.3
1791064620000,0.2447,0.2449,0.2447,0.2448,5891.7
1791064680000,0.2448,0.2449,0.2448,0.2448,2810.8
1791064740000,0.2448,0.2449,0.2447,0.2449,13756.9
1791064800000,0.2449,0.2449,0.2448,0.2448,23031.1
1791064860000,0.2448,0.2449,0.2448,0.2448,8069.8
1791064920000,0.2448,0.2452,0.2448,0.2448,132785.9
1791064980000,0.2447,0.2449,0.2446,0.2447,86289.6
1791065040000,0.2447,0.2449,0.2446,0.2449,15014.8
1791065100000,0.2449,0.2449,0.2447,0.2449,26344.2
1791065160000,0.2449,0.2449,0.2447,0.2448,106167.9
1791065220000,0.2447,0.2449,0.2447,0.2449,9316.5
1791065280000,0.2449,0.2449,0.2448,0.2449,20474.6
1791065340000,0.2449,0.2451,0.2449,0.2449,12992.2
1791065400000,0.2449,0.245,0.2449,0.2449,5603.1
1791065460000,0.245,0.245,0.2449,0.2449,5389.4
1791065520000,0.2449,0.245,0.2449,0.2449,2664.1
1791065580000,0.2449,0.245,0.2449,0.2449,2575.3
1791065640000,0.2449,0.245,0.2448,0.2448,44828.7
1791065700000,0.2448,0.2449,0.2446,0.2447,61894.5
1791065760000,0.2446,0.2448,0.2446,0.2448,14445.9
1791065820000,0.2448,0.2448,0.2447,0.2447,31617.4
1791065880000,0.2446,0.2448,0.2446,0.2448,22367.0
1791065940000,0.2448,0.2448,0.2448,0.2448,1213.8
1791066000000,0.2448,0.2449,0.2447,0.2447,4695.3
1791066060000,0.2447,0.2449,0.2447,0.2448,5097.2
1791066120000,0.2448,0.2449,0.2447,0.2447,7310.9
1791066180000,0.2447,0.2447,0.2446,0.2446,9986.0
1791066240000,0.2446,0.2447,0.2446,0.2446,2237.5
1791066300000,0.2446,0.2447,0.2446,0.2447,1594.5
1791066360000,0.2446,0.2447,0.2446,0.2446,1396.4
1791066420000,0.2446,0.2447,0.2446,0.2447,47313.4
1791066480000,0.2446,0.2449,0.2446,0.2449,75110.5
1791066540000,0.2448,0.245,0.2448,0.2449,2726.8
1791066600000,0.2449,0.245,0.2449,0.2449,1799.3
1791066660000,0.2449,0.2449,0.2449,0.2449,10468.9
1791066720000,0.2449,0.2449,0.2449,0.2449,6663.4
1791066780000,0.2449,0.2452,0.2449,0.2452,10676.4
1791066840000,0.2451,0.2452,0.2451,0.2452,7562.8
1791066900000,0.2452,0.2453,0.2452,0.2453,19077.5
1791066960000,0.2454,0.2454,0.2453,0.2454,1191.7
1791067020000,0.2453,0.2454,0.2453,0.2453,6708.3
1791067080000,0.2453,0.2453,0.2453,0.2453,1508.2
1791067140000,0.2454,0.2454,0.2453,0.2453,1711.3
1791067200000,0.2454,0.2454,0.2453,0.2453,1931.3
1791067260000,0.2453,0.2454,0.2451,0.2451,273621.3
1791067320000,0.2451,0.2452,0.2451,0.2451,2020.5
1791067380000,0.2451,0.2452,0.2451,0.2451,4435.0
1791067440000,0.2451,0.2452,0.245,0.2451,149150.2
1791067500000,0.2451,0.2451,0.245,0.245,336.2
1791067560000,0.245,0.2451,0.2448,0.2448,22008.5
1791067620000,0.2448,0.245,0.2448,0.2448,102898.3
1791067680000,0.2448,0.2448,0.2448,0.2448,662.8
1791067740000,0.2448,0.2449,0.2448,0.2449,35632.6
1791067800000,0.2449,0.2449,0.2448,0.2448,2225.6
1791067860000,0.2448,0.2451,0.2448,0.2451,134353.4
1791067920000,0.245,0.2451,0.2449,0.2451,100181.9
1791067980000,0.2451,0.2451,0.2449,0.2449,108256.7
1791068040000,0.2448,0.2449,0.2446,0.2447,228220.9
1791068100000,0.2447,0.2447,0.2446,0.2447,7268.4
1791068160000,0.2446,0.2447,0.2446,0.2447,13114.1
1791068220000,0.2447,0.2447,0.2446,0.2447,3317.2
1791068280000,0.2446,0.2447,0.2445,0.2445,113058.4
1791068340000,0.2445,0.2445,0.2444,0.2445,201504.9
1791068400000,0.2445,0.2445,0.2444,0.2444,7627.2
1791068460000,0.2444,0.2445,0.2443,0.2443,38168.4
1791068520000,0.2443,0.2444,0.2443,0.2443,4161.8
1791068580000,0.2443,0.2444,0.2441,0.2442,40871.6
1791068640000,0.2441,0.2442,0.244,0.244,52813.0
1791068700000,0.244,0.2441,0.244,0.244,9318.3
1791068760000,0.2441,0.2441,0.2438,0.2438,99760.1
1791068820000,0.2439,0.2439,0.2437,0.2437,130095.9
1791068880000,0.2438,0.2439,0.2437,0.2437,116511.9
1791068940000,0.2438,0.2438,0.2437,0.2438,19072.7
1791069000000,0.2439,0.244,0.2439,0.244,39395.7
1791069060000,0.244,0.2441,0.244,0.244,9235.7
1791069120000,0.244,0.244,0.2439,0.2439,18387.3
1791069180000,0.2439,0.244,0.2439,0.2439,2407.0
1791069240000,0.2439,0.2442,0.2439,0.2442,43089.1
1791069300000,0.2441,0.2443,0.2441,0.2443,4229.2
1791069360000,0.2443,0.2445,0.2443,0.2445,13786.6
1791069420000,0.2445,0.2446,0.2445,0.2445,132167.9
1791069480000,0.2444,0.2445,0.2444,0.2444,4783.1
1791069540000,0.2445,0.2445,0.2444,0.2444,3050.9
1791069600000,0.2444,0.2444,0.2443,0.2444,28415.9
1791069660000,0.2443,0.2445,0.2443,0.2445,18423.6
1791069720000,0.2445,0.2446,0.2444,0.2446,38119.7
1791069780000,0.2445,0.2445,0.2444,0.2444,12643.3
1791069840000,0.2444,0.2445,0.2444,0.2444,11052.9
1791069900000,0.2444,0.2445,0.2444,0.2444,11594.9
1791069960000,0.2444,0.2445,0.2444,0.2444,51875.8
1791070020000,0.2443,0.2444,0.2442,0.2442,12286.9
1791070080000,0.2442,0.2443,0.2442,0.2442,29167.2
1791070140000,0.2442,0.2443,0.2442,0.2443,1881.0
1791070200000,0.2443,0.2444,0.2443,0.2443,3228.6
1791070260000,0.2443,0.2444,0.2443,0.2443,5613.7
1791070320000,0.2443,0.2444,0.2443,0.2443,8344.7
1791070380000,0.2443,0.2445,0.2443,0.2444,70869.6
1791070440000,0.2443,0.2444,0.2443,0.2443,5532.6
1791070500000,0.2443,0.2444,0.2443,0.2443,10132.6
1791070560000,0.2443,0.2444,0.2443,0.2444,2444.1
1791070620000,0.2443,0.2444,0.2443,0.2443,11337.3
1791070680000,0.2443,0.2444,0.2443,0.2443,2021.5
1791070740000,0.2443,0.2444,0.2443,0.2443,5744.8
1791070800000,0.2443,0.2443,0.2442,0.2443,133554.4
1791070860000,0.2443,0.2443,0.2442,0.2442,2212.0
1791070920000,0.2442,0.2444,0.2442,0.2443,14984.4
1791070980000,0.2443,0.2444,0.2443,0.2444,16024.1
1791071040000,0.2443,0.2444,0.2443,0.2444,51561.4
1791071100000,0.2444,0.2446,0.2444,0.2444,153875.7
1791071160000,0.2444,0.2445,0.2444,0.2444,1182.1
1791071220000,0.2444,0.2446,0.2444,0.2445,17604.8
1791071280000,0.2445,0.2446,0.2445,0.2445,1539.9
1791071340000,0.2445,0.2445,0.2445,0.2445,2247.9
1791071400000,0.2445,0.2446,0.2445,0.2445,6456.3
1791071460000,0.2446,0.2446,0.2445,0.2445,10794.6
1791071520000,0.2445,0.2446,0.2443,0.2443,27189.3
1791071580000,0.2444,0.2444,0.2443,0.2443,1779.4
1791071640000,0.2443,0.2443,0.244,0.244,44188.1
1791071700000,0.244,0.2441,0.244,0.244,2200.5
1791071760000,0.244,0.2443,0.244,0.2442,253932.9
1791071820000,0.2441,0.2442,0.244,0.244,13845.2
1791071880000,0.244,0.244,0.2439,0.244,45234.1
1791071940000,0.244,0.244,0.2438,0.2438,45254.0
1791072000000,0.2438,0.2439,0.2437,0.2437,22590.2
1791072060000,0.2437,0.2438,0.2436,0.2437,92167.8
1791072120000,0.2436,0.2438,0.2435,0.2438,159717.8
1791072180000,0.2437,0.244,0.2437,0.2439,37632.8
1791072240000,0.2439,0.244,0.2437,0.2438,53379.6
1791072300000,0.2438,0.244,0.2438,0.244,9957.7
1791072360000,0.244,0.244,0.2438,0.2438,116366.8
1791072420000,0.2438,0.2439,0.2437,0.2437,3311.5
1791072480000,0.2437,0.2439,0.2437,0.2439,252612.7
1791072540000,0.2439,0.244,0.2439,0.2439,3412.7
1791072600000,0.2439,0.2439,0.2438,0.2438,33105.7
1791072660000,0.2438,0.2438,0.2437,0.2438,87287.3
1791072720000,0.2438,0.2439,0.2438,0.2438,8199.7
1791072780000,0.2438,0.244,0.2438,0.244,138836.0
1791072840000,0.2441,0.2441,0.244,0.2441,14984.4
1791072900000,0.244,0.2441,0.244,0.244,3662.2
1791072960000,0.2441,0.2443,0.244,0.2443,94500.2
1791073020000,0.2442,0.2443,0.2442,0.2443,4029.4
1791073080000,0.2443,0.2446,0.2442,0.2446,160273.8
1791073140000,0.2446,0.2446,0.2444,0.2444,48997.8
1791073200000,0.2444,0.2446,0.2444,0.2445,91225.0
1791073260000,0.2445,0.2447,0.2444,0.2447,60296.6
1791073320000,0.2446,0.2447,0.2446,0.2446,15576.0
1791073380000,0.2447,0.2447,0.2445,0.2445,32301.1
1791073440000,0.2445,0.2446,0.2445,0.2445,1205.7
1791073500000,0.2445,0.2447,0.2445,0.2447,10673.2
1791073560000,0.2447,0.2447,0.2443,0.2443,10922.1
1791073620000,0.2443,0.2444,0.2443,0.2443,1534.9
1791073680000,0.2443,0.2444,0.2443,0.2444,7840.5
1791073740000,0.2444,0.2445,0.2444,0.2445,3072.7
1791073800000,0.2444,0.2445,0.2443,0.2443,10423.8
1791073860000,0.2443,0.2444,0.2442,0.2442,12634.5
1791073920000,0.2442,0.2443,0.2442,0.2442,2301.0
1791073980000,0.2442,0.2442,0.2441,0.2441,9878.5
1791074040000,0.2441,0.2446,0.2441,0.2446,110901.5
1791074100000,0.2445,0.2448,0.2445,0.2448,58666.3
1791074160000,0.2447,0.2448,0.2444,0.2444,39876.4
1791074220000,0.2444,0.2444,0.2442,0.2442,10960.2
1791074280000,0.2442,0.2442,0.2442,0.2442,1222.6
1791074340000,0.2442,0.2442,0.2442,0.2442,1922.9
1791074400000,0.2442,0.2443,0.2442,0.2442,6503.6
1791074460000,0.2442,0.2442,0.244,0.2441,55434.3
1791074520000,0.244,0.2441,0.244,0.2441,91002.5
1791074580000,0.2441,0.2441,0.2441,0.2441,1169.4
1791074640000,0.2441,0.2441,0.244,0.244,18851.3
1791074700000,0.2441,0.2441,0.2439,0.2439,37669.6
1791074760000,0.2439,0.244,0.2439,0.244,5036.5
1791074820000,0.2439,0.2439,0.2438,0.2438,5558.2
1791074880000,0.2438,0.2439,0.2438,0.2438,1565.1
1791074940000,0.2438,0.2439,0.2438,0.2439,11791.2
1791075000000,0.2439,0.2439,0.2438,0.2438,5763.1
1791075060000,0.2438,0.2438,0.2438,0.2438,113557.6
1791075120000,0.2438,0.2439,0.2436,0.2436,135074.0
1791075180000,0.2437,0.2438,0.2436,0.2438,6013.1
1791075240000,0.2438,0.2438,0.2436,0.2436,3294.0
1791075300000,0.2436,0.2437,0.2436,0.2436,2007.3
1791075360000,0.2436,0.2436,0.2435,0.2436,56146.9
1791075420000,0.2435,0.2436,0.2435,0.2436,35867.3
1791075480000,0.2437,0.2437,0.2436,0.2436,7550.2
1791075540000,0.2437,0.2437,0.2436,0.2436,6535.9
1791075600000,0.2436,0.2437,0.2436,0.2437,5162.8
1791075660000,0.2437,0.2437,0.2434,0.2435,109927.3
1791075720000,0.2435,0.2436,0.2435,0.2435,5079.9
1791075780000,0.2435,0.2436,0.2435,0.2435,5894.2
1791075840000,0.2435,0.2439,0.2434,0.2436,738784.2
1791075900000,0.2436,0.2441,0.2435,0.2438,616863.3
1791075960000,0.2438,0.2441,0.2438,0.2439,173601.2
1791076020000,0.2439,0.2439,0.2436,0.2437,9568.8
1791076080000,0.2436,0.2437,0.2436,0.2436,3671.0
1791076140000,0.2436,0.2443,0.2436,0.2441,585345.8
1791076200000,0.2441,0.2442,0.2439,0.2442,55568.5
1791076260000,0.2442,0.2443,0.2441,0.2441,54772.9
1791076320000,0.244,0.244,0.2439,0.244,7078.0
1791076380000,0.244,0.2441,0.2439,0.244,75081.5
1791076440000,0.244,0.2442,0.244,0.2441,187233.0
1791076500000,0.244,0.2441,0.2437,0.2437,63605.6
1791076560000,0.2437,0.2438,0.2436,0.2436,94290.2
1791076620000,0.2436,0.2437,0.2435,0.2435,12503.8
1791076680000,0.2435,0.2436,0.2434,0.2434,18289.6
1791076740000,0.2434,0.2434,0.2434,0.2434,1143.1
1791076800000,0.2434,0.2435,0.2433,0.2434,100694.0
1791076860000,0.2433,0.2436,0.2433,0.2436,51879.7
1791076920000,0.2437,0.2437,0.2435,0.2436,23328.6
1791076980000,0.2435,0.2435,0.2435,0.2435,1973.6
1791077040000,0.2435,0.2436,0.2435,0.2435,10390.0
1791077100000,0.2435,0.2436,0.2434,0.2434,12123.3
1791077160000,0.2434,0.2436,0.2434,0.2436,30856.8
1791077220000,0.2436,0.2437,0.2435,0.2437,71583.3
1791077280000,0.2436,0.2437,0.2436,0.2436,1738.5
1791077340000,0.2436,0.2438,0.2436,0.2437,7086.1
1791077400000,0.2438,0.2439,0.2437,0.2438,29771.7
1791077460000,0.2439,0.244,0.2439,0.244,8114.7
1791077520000,0.2439,0.244,0.2437,0.2437,150098.7
1791077580000,0.2438,0.2438,0.2437,0.2437,2395.2
1791077640000,0.2437,0.2442,0.2437,0.2441,44659.0
1791077700000,0.244,0.244,0.2437,0.2438,72193.3
1791077760000,0.2439,0.2442,0.2439,0.244,41882.4
1791077820000,0.244,0.2441,0.2438,0.2438,73088.2
1791077880000,0.2438,0.2438,0.2436,0.2436,17152.8
1791077940000,0.2436,0.2437,0.2436,0.2436,5676.4
1791078000000,0.2436,0.2437,0.2436,0.2436,3793.2
1791078060000,0.2437,0.2438,0.2437,0.2437,40421.5
1791078120000,0.2437,0.2438,0.2437,0.2437,1923.3
1791078180000,0.2438,0.2438,0.2437,0.2437,6546.2
1791078240000,0.2437,0.2438,0.2437,0.2437,3840.0
1791078300000,0.2437,0.2437,0.2437,0.2437,1111.7
1791078360000,0.2437,0.2437,0.2437,0.2437,1491.6
1791078420000,0.2437,0.2438,0.2437,0.2437,1371.2
1791078480000,0.2437,0.2438,0.2437,0.2437,2330.8
1791078540000,0.2438,0.2439,0.2437,0.2439,27895.6
1791078600000,0.244,0.244,0.2439,0.244,4901.2
1791078660000,0.2439,0.244,0.2439,0.2439,2989.7
1791078720000,0.2439,0.244,0.2439,0.2439,4098.9
1791078780000,0.2439,0.2441,0.2439,0.244,14835.6
1791078840000,0.244,0.244,0.2439,0.2439,32339.0
1791078900000,0.2439,0.2439,0.2437,0.2437,53518.2
1791078960000,0.2437,0.2437,0.2436,0.2436,6471.8
1791079020000,0.2437,0.2437,0.2436,0.2436,1930.7
1791079080000,0.2436,0.2438,0.2436,0.2438,72584.0
1791079140000,0.2438,0.2438,0.2437,0.2437,1173.3
1791079200000,0.2437,0.2438,0.2437,0.2437,7616.7
1791079260000,0.2438,0.244,0.2437,0.244,30176.2
1791079320000,0.244,0.244,0.2438,0.2438,127530.4
1791079380000,0.2438,0.2441,0.2438,0.2441,61178.5
1791079440000,0.2441,0.2445,0.2441,0.2445,26639.4
1791079500000,0.2445,0.2445,0.2443,0.2444,114830.3
1791079560000,0.2445,0.2445,0.2442,0.2442,62234.7
1791079620000,0.2442,0.2442,0.2439,0.2439,64402.6
1791079680000,0.2438,0.244,0.2438,0.244,28580.6
1791079740000,0.2439,0.244,0.2439,0.2439,2185.9
1791079800000,0.2439,0.244,0.2437,0.2439,235389.3
1791079860000,0.2439,0.244,0.2439,0.244,11758.5
1791079920000,0.2439,0.244,0.2438,0.2439,35951.5
1791079980000,0.244,0.244,0.2438,0.2439,27968.1
1791080040000,0.2439,0.2439,0.2437,0.2437,29498.3
1791080100000,0.2437,0.2438,0.2437,0.2437,7512.1
1791080160000,0.2437,0.2438,0.2437,0.2437,1527.3
1791080220000,0.2437,0.2437,0.2436,0.2436,36787.2
1791080280000,0.2436,0.2438,0.2436,0.2438,34082.8
1791080340000,0.2439,0.244,0.2439,0.2439,78991.6
1791080400000,0.2439,0.244,0.2439,0.244,4849.1
1791080460000,0.2439,0.244,0.2439,0.244,13032.8
1791080520000,0.2439,0.2439,0.2435,0.2438,385777.8
1791080580000,0.2439,0.244,0.2439,0.244,24737.7
1791080640000,0.244,0.244,0.2439,0.2439,1617.9
1791080700000,0.2439,0.2439,0.2438,0.2439,25487.2
1791080760000,0.244,0.244,0.2439,0.2439,34201.9
1791080820000,0.2439,0.244,0.2439,0.2439,6671.1
1791080880000,0.2439,0.244,0.2439,0.2439,25560.8
1791080940000,0.244,0.244,0.2437,0.2437,235050.6
1791081000000,0.2438,0.2438,0.2437,0.2438,20643.2
1791081060000,0.2439,0.2439,0.2437,0.2438,83448.9
1791081120000,0.2438,0.2438,0.2437,0.2437,3279.2
1791081180000,0.2437,0.244,0.2437,0.244,55698.0
1791081240000,0.244,0.2442,0.244,0.244,92225.1
1791081300000,0.2441,0.2441,0.244,0.244,6456.3
1791081360000,0.244,0.2441,0.2439,0.2441,72643.1
1791081420000,0.2441,0.2441,0.244,0.244,27841.5
1791081480000,0.244,0.2441,0.244,0.244,4865.2
1791081540000,0.244,0.2441,0.2438,0.244,182572.1
1791081600000,0.2441,0.2441,0.244,0.244,604.6
1791081660000,0.244,0.2441,0.2439,0.2439,25584.5
1791081720000,0.244,0.2442,0.244,0.2441,198824.0
1791081780000,0.2441,0.2441,0.244,0.244,10396.9
1791081840000,0.2441,0.2441,0.2439,0.2439,3128.6
1791081900000,0.2439,0.2439,0.2438,0.2438,1913.8
1791081960000,0.2438,0.2438,0.2435,0.2435,116934.4
1791082020000,0.2435,0.2435,0.2431,0.2433,361910.4
1791082080000,0.2432,0.2436,0.243,0.2436,480435.5
1791082140000,0.2436,0.2436,0.2435,0.2435,510.8
1791082200000,0.2435,0.2436,0.2435,0.2435,13130.7
1791082260000,0.2435,0.2435,0.2433,0.2433,87194.7
1791082320000,0.2434,0.2434,0.243,0.243,162857.0
1791082380000,0.2431,0.2431,0.243,0.243,8891.1
1791082440000,0.243,0.243,0.243,0.243,34974.8
1791082500000,0.243,0.2431,0.243,0.2431,19591.4
1791082560000,0.2432,0.2432,0.2431,0.2431,16262.3
1791082620000,0.2432,0.2432,0.2431,0.2431,90052.5
1791082680000,0.2431,0.2432,0.2431,0.2431,6794.1
1791082740000,0.2431,0.2432,0.2431,0.2432,47821.0
1791082800000,0.2431,0.2432,0.243,0.243,220263.0
1791082860000,0.243,0.2431,0.2427,0.2429,89835.0
1791082920000,0.2428,0.2429,0.2426,0.2427,69680.6
1791082980000,0.2426,0.2427,0.2425,0.2427,33285.4
1791083040000,0.2427,0.2429,0.2426,0.2429,57789.2
1791083100000,0.243,0.243,0.243,0.243,30886.1
1791083160000,0.2429,0.243,0.2428,0.2428,49073.7
1791083220000,0.2428,0.243,0.2428,0.243,79140.1
1791083280000,0.2429,0.2431,0.2429,0.243,7388.5
1791083340000,0.2431,0.2431,0.243,0.2431,30632.8
1791083400000,0.2431,0.2432,0.2431,0.2431,1408.3
1791083460000,0.2431,0.2432,0.2431,0.2432,46187.7
1791083520000,0.2432,0.2432,0.2431,0.2432,83783.8
1791083580000,0.2433,0.2433,0.2432,0.2433,21484.9
1791083640000,0.2433,0.2434,0.2433,0.2433,4055.8
1791083700000,0.2433,0.2434,0.2433,0.2434,9940.9
1791083760000,0.2433,0.2434,0.2433,0.2434,2007.2
1791083820000,0.2433,0.2434,0.2431,0.2431,81005.2
1791083880000,0.2431,0.2433,0.2431,0.2431,109559.7
1791083940000,0.2431,0.2431,0.243,0.243,41663.4
1791084000000,0.243,0.243,0.2429,0.243,65242.4
1791084060000,0.2431,0.2432,0.2431,0.2432,86277.3
1791084120000,0.2431,0.2433,0.2431,0.2433,17686.2
1791084180000,0.2433,0.2434,0.2431,0.2431,54924.8
1791084240000,0.2431,0.2432,0.2431,0.2431,2417.8
1791084300000,0.2431,0.2432,0.2431,0.2431,5704.0
1791084360000,0.2431,0.2432,0.2431,0.2431,8274.1
1791084420000,0.2431,0.2432,0.243,0.243,169485.8
1791084480000,0.243,0.2431,0.243,0.243,7317.9
1791084540000,0.243,0.2431,0.243,0.2431,16037.9
1791084600000,0.2432,0.2432,0.2431,0.2431,7443.4
1791084660000,0.2431,0.2433,0.2431,0.2432,46404.3
1791084720000,0.2432,0.2433,0.2432,0.2432,2193.9
1791084780000,0.2432,0.2433,0.2432,0.2433,4235.4
1791084840000,0.2433,0.2437,0.2433,0.2437,13227.6
1791084900000,0.2437,0.244,0.2435,0.2436,231278.5
1791084960000,0.2435,0.2435,0.2432,0.2433,109601.6
1791085020000,0.2434,0.2435,0.2434,0.2435,24752.7
1791085080000,0.2434,0.2434,0.2433,0.2433,28219.8
1791085140000,0.2433,0.2433,0.2433,0.2433,2187.5
1791085200000,0.2433,0.2436,0.2433,0.2435,100533.7
1791085260000,0.2435,0.2436,0.2434,0.2435,151164.7
1791085320000,0.2434,0.2436,0.2434,0.2435,80572.5
1791085380000,0.2436,0.2436,0.2435,0.2435,37436.6
1791085440000,0.2435,0.2436,0.2434,0.2434,36630.2
1791085500000,0.2434,0.2434,0.2433,0.2433,44392.9
1791085560000,0.2433,0.2434,0.2433,0.2433,6838.8
1791085620000,0.2433,0.2434,0.2433,0.2433,20232.8
1791085680000,0.2433,0.2434,0.2433,0.2433,35839.7
1791085740000,0.2433,0.2434,0.2432,0.2433,122088.7
1791085800000,0.2434,0.2434,0.2433,0.2433,15009.1
1791085860000,0.2433,0.2433,0.2432,0.2432,25347.1
1791085920000,0.2432,0.2432,0.2431,0.2431,84337.0
1791085980000,0.2431,0.2432,0.2431,0.2431,18283.0
1791086040000,0.2431,0.2432,0.2431,0.2431,7582.7
1791086100000,0.2431,0.2432,0.2431,0.2431,30813.6
1791086160000,0.2431,0.2432,0.243,0.243,66641.6
1791086220000,0.243,0.2432,0.243,0.2432,81634.9
1791086280000,0.2433,0.2433,0.2432,0.2432,2377.4
1791086340000,0.2432,0.2433,0.2432,0.2432,1421.9
1791086400000,0.2432,0.2433,0.2431,0.2431,54641.6
1791086460000,0.2431,0.2432,0.2431,0.2431,25586.7
1791086520000,0.2431,0.2432,0.2431,0.2431,6102.1
1791086580000,0.2431,0.2432,0.2431,0.2432,30957.8
1791086640000,0.2432,0.2432,0.2431,0.2431,61076.2
1791086700000,0.2431,0.2431,0.243,0.2431,23911.3
1791086760000,0.243,0.243,0.243,0.243,13712.1
1791086820000,0.2431,0.2431,0.2429,0.243,244623.6
1791086880000,0.243,0.243,0.2428,0.2428,78495.9
1791086940000,0.2428,0.2429,0.2428,0.2428,1537.4
1791087000000,0.2428,0.2429,0.2428,0.2428,41347.6
1791087060000,0.2428,0.2428,0.2426,0.2427,243327.9
1791087120000,0.2426,0.2427,0.2422,0.2425,446111.5
1791087180000,0.2424,0.2426,0.2424,0.2425,39770.1
1791087240000,0.2425,0.2427,0.2425,0.2427,53186.9
1791087300000,0.2427,0.2427,0.2426,0.2427,67288.9
1791087360000,0.2428,0.2429,0.2427,0.2429,11662.5
1791087420000,0.2429,0.2429,0.2428,0.2429,8173.0
1791087480000,0.2428,0.2431,0.2428,0.2431,95649.1
1791087540000,0.2431,0.2432,0.243,0.243,199905.1
1791087600000,0.243,0.2431,0.243,0.243,22626.9
1791087660000,0.2431,0.2431,0.243,0.243,1707.7
1791087720000,0.243,0.2432,0.243,0.2431,5021.2
1791087780000,0.2431,0.2432,0.2431,0.2431,3357.2
1791087840000,0.2431,0.2432,0.2431,0.2432,9327.8
1791087900000,0.2431,0.2431,0.243,0.2431,36137.0
1791087960000,0.243,0.2431,0.243,0.243,8172.1
1791088020000,0.243,0.2431,0.243,0.243,33969.4
1791088080000,0.243,0.2431,0.243,0.243,11176.3
1791088140000,0.243,0.2431,0.243,0.243,9322.3
1791088200000,0.2431,0.2431,0.243,0.243,4144.2
1791088260000,0.243,0.2432,0.243,0.2431,43043.0
1791088320000,0.2431,0.2431,0.2431,0.2431,1142.2
1791088380000,0.2431,0.2432,0.2431,0.2431,5663.5
1791088440000,0.2431,0.2432,0.243,0.243,147366.3
1791088500000,0.243,0.2431,0.2429,0.243,56443.5
1791088560000,0.243,0.2431,0.243,0.243,1843.8
1791088620000,0.243,0.2431,0.243,0.2431,16243.0
1791088680000,0.2431,0.2432,0.243,0.243,103567.1
1791088740000,0.243,0.243,0.2429,0.2429,54042.5
1791088800000,0.2429,0.243,0.2429,0.2429,1801.7
1791088860000,0.2429,0.2431,0.2429,0.243,13728.8
1791088920000,0.243,0.2431,0.243,0.243,41250.3
1791088980000,0.243,0.2431,0.243,0.243,5634.7
1791089040000,0.243,0.2431,0.243,0.243,3654.8
1791089100000,0.243,0.2431,0.243,0.2431,4578.3
1791089160000,0.243,0.2431,0.243,0.243,13988.8
1791089220000,0.243,0.2431,0.243,0.243,3915.3
1791089280000,0.243,0.2432,0.243,0.2432,35561.4
1791089340000,0.2431,0.2432,0.2431,0.2432,32326.3
1791089400000,0.2432,0.2433,0.2432,0.2433,3359.5
1791089460000,0.2432,0.2433,0.2432,0.2433,1133.9
1791089520000,0.2433,0.2434,0.2431,0.2431,40369.7
1791089580000,0.2431,0.2432,0.2429,0.2429,82919.1
1791089640000,0.2429,0.243,0.2429,0.2429,10950.2
1791089700000,0.2429,0.243,0.2429,0.2429,3305.6
1791089760000,0.2429,0.2432,0.2429,0.2432,40667.6
1791089820000,0.2432,0.2432,0.2431,0.2431,3539.8
1791089880000,0.2431,0.2434,0.2431,0.2433,13190.4
1791089940000,0.2434,0.2435,0.2433,0.2434,17270.9
1791090000000,0.2435,0.2437,0.2434,0.2437,70644.0
1791090060000,0.2437,0.2438,0.2436,0.2437,65169.7
1791090120000,0.2437,0.2437,0.2436,0.2437,35663.2
1791090180000,0.2436,0.2438,0.2436,0.2438,84068.4
1791090240000,0.2437,0.2438,0.2434,0.2435,272710.8
1791090300000,0.2435,0.2436,0.2435,0.2435,15301.1
1791090360000,0.2435,0.2436,0.2433,0.2436,124814.2
1791090420000,0.2436,0.2436,0.2435,0.2435,6588.9
1791090480000,0.2436,0.2436,0.2435,0.2435,1736.6
1791090540000,0.2435,0.2436,0.2435,0.2435,48330.7
1791090600000,0.2436,0.2436,0.2433,0.2433,97973.9
1791090660000,0.2434,0.2434,0.2433,0.2434,17354.7
1791090720000,0.2435,0.2435,0.2434,0.2434,13054.6
1791090780000,0.2434,0.2435,0.2434,0.2434,2856.5
1791090840000,0.2434,0.2435,0.2434,0.2434,1479.2
1791090900000,0.2434,0.2435,0.2434,0.2434,3369.0
1791090960000,0.2434,0.2435,0.2434,0.2435,54040.2
1791091020000,0.2434,0.2434,0.2434,0.2434,1141.1
1791091080000,0.2434,0.2436,0.2434,0.2435,16914.7
1791091140000,0.2435,0.2438,0.2435,0.2436,163745.9
1791091200000,0.2436,0.2437,0.2436,0.2436,2576.8
1791091260000,0.2436,0.2437,0.2436,0.2436,5186.0
1791091320000,0.2436,0.2437,0.2436,0.2436,5481.2
1791091380000,0.2436,0.2437,0.2436,0.2437,34550.1
1791091440000,0.2436,0.2438,0.2436,0.2437,26433.3
1791091500000,0.2437,0.2438,0.2437,0.2438,17123.4
1791091560000,0.2439,0.2439,0.2438,0.2438,3301.4
1791091620000,0.2438,0.2439,0.2438,0.2438,4936.3
1791091680000,0.2438,0.2439,0.2438,0.2438,2780.8
1791091740000,0.2438,0.2439,0.2438,0.2438,44314.7
1791091800000,0.2438,0.2439,0.2438,0.2439,27952.7
1791091860000,0.2439,0.2439,0.2438,0.2438,2476.8
1791091920000,0.2438,0.2439,0.2438,0.2438,1432.3
1791091980000,0.2438,0.2439,0.2438,0.2439,52335.6
1791092040000,0.2439,0.244,0.2439,0.2439,4460.1
1791092100000,0.2439,0.2441,0.2439,0.244,14781.0
1791092160000,0.244,0.2442,0.244,0.2441,164988.3
1791092220000,0.2441,0.2442,0.2441,0.2441,5896.7
1791092280000,0.2442,0.2444,0.2442,0.2444,75100.1
1791092340000,0.2444,0.2444,0.2442,0.2442,7851.1
1791092400000,0.2443,0.2444,0.2442,0.2443,6746.7
1791092460000,0.2443,0.2446,0.2443,0.2446,23299.8
1791092520000,0.2446,0.2446,0.2443,0.2443,133771.7
1791092580000,0.2444,0.2446,0.2444,0.2446,4137.1
1791092640000,0.2445,0.2446,0.2445,0.2445,27849.1
1791092700000,0.2444,0.2444,0.2443,0.2444,66016.8
1791092760000,0.2444,0.2444,0.2442,0.2442,48029.2
1791092820000,0.2442,0.2443,0.2441,0.2442,43774.0
1791092880000,0.2442,0.2446,0.2442,0.2444,179316.5
1791092940000,0.2443,0.2445,0.2443,0.2445,88256.7
1791093000000,0.2445,0.2445,0.2444,0.2445,3131.0
1791093060000,0.2444,0.2444,0.2442,0.2443,78769.3
1791093120000,0.2443,0.2444,0.2442,0.2443,28711.9
1791093180000,0.2443,0.2443,0.2443,0.2443,5053.4
1791093240000,0.2443,0.2444,0.2442,0.2442,30132.7
1791093300000,0.2442,0.2443,0.2442,0.2442,4547.8
1791093360000,0.2442,0.2443,0.2441,0.2443,134296.1
1791093420000,0.2442,0.2442,0.2442,0.2442,62728.8
1791093480000,0.2442,0.2442,0.2439,0.244,117222.5
1791093540000,0.2439,0.244,0.2439,0.244,10761.0
1791093600000,0.2439,0.2441,0.2439,0.244,1970.1
1791093660000,0.244,0.244,0.2439,0.2439,2237.3
1791093720000,0.2439,0.244,0.2439,0.2439,28803.5
1791093780000,0.2439,0.244,0.2438,0.244,73927.3
1791093840000,0.2439,0.2441,0.2439,0.244,1691.0
1791093900000,0.2441,0.2444,0.2441,0.2443,139975.8
1791093960000,0.2443,0.2444,0.2442,0.2442,35018.4
1791094020000,0.2442,0.2442,0.2441,0.2441,10265.7
1791094080000,0.2441,0.2443,0.2441,0.2443,44707.9
1791094140000,0.2443,0.2443,0.2442,0.2442,73409.0
1791094200000,0.2442,0.2443,0.2442,0.2442,20643.0
1791094260000,0.2442,0.2443,0.2441,0.2441,40314.5
1791094320000,0.2441,0.2442,0.2441,0.2441,14751.7
1791094380000,0.2441,0.2441,0.2438,0.2438,139746.7
1791094440000,0.2438,0.2439,0.2437,0.2438,78063.5
1791094500000,0.2439,0.244,0.2438,0.244,28315.5
1791094560000,0.2439,0.244,0.2438,0.2438,18208.5
1791094620000,0.2439,0.2439,0.2438,0.2438,4901.3
1791094680000,0.2438,0.2439,0.2438,0.2438,4806.3
1791094740000,0.2438,0.2443,0.2438,0.2443,58499.3
1791094800000,0.2443,0.2445,0.2443,0.2445,19441.3
1791094860000,0.2446,0.2446,0.2444,0.2445,35660.5
1791094920000,0.2446,0.2447,0.2442,0.2443,325000.6
1791094980000,0.2443,0.2443,0.2442,0.2442,5493.7
1791095040000,0.2442,0.2443,0.2442,0.2442,6093.8
1791095100000,0.2442,0.2443,0.2439,0.2439,90262.2
1791095160000,0.2439,0.244,0.2439,0.2439,8744.7
1791095220000,0.2439,0.244,0.2438,0.2439,117452.2
1791095280000,0.244,0.244,0.2438,0.2439,18344.9
1791095340000,0.2438,0.2441,0.2438,0.2441,34356.2
1791095400000,0.2441,0.2441,0.2439,0.2439,19309.1
1791095460000,0.2439,0.2441,0.2439,0.2441,6339.0
1791095520000,0.2441,0.2445,0.2441,0.2445,408765.0
1791095580000,0.2445,0.2445,0.2444,0.2444,10190.6
1791095640000,0.2444,0.2445,0.2443,0.2443,101130.7
1791095700000,0.2442,0.2443,0.2442,0.2442,7708.1
1791095760000,0.2442,0.2446,0.2442,0.2445,61730.7
1791095820000,0.2445,0.2445,0.2442,0.2443,156028.0
1791095880000,0.2443,0.2443,0.2442,0.2442,48247.8
1791095940000,0.2442,0.2443,0.2441,0.2441,21137.5
1791096000000,0.2442,0.2443,0.2442,0.2443,28087.7
1791096060000,0.2442,0.2443,0.2442,0.2442,25603.3
1791096120000,0.2442,0.2444,0.2442,0.2444,60482.1
1791096180000,0.2444,0.2444,0.2442,0.2442,45478.2
1791096240000,0.2442,0.2443,0.2442,0.2442,10255.2
1791096300000,0.2442,0.2443,0.2442,0.2442,3257.7
1791096360000,0.2442,0.2444,0.2442,0.2444,28905.6
1791096420000,0.2445,0.2445,0.2444,0.2444,1673.1
1791096480000,0.2444,0.2445,0.2444,0.2445,1645.0
1791096540000,0.2444,0.2446,0.2444,0.2445,10593.3
1791096600000,0.2445,0.2446,0.2445,0.2446,25325.8
1791096660000,0.2446,0.2447,0.2446,0.2447,3234.0
1791096720000,0.2447,0.245,0.2447,0.2448,34184.0
1791096780000,0.2448,0.2451,0.2448,0.2451,54203.4
1791096840000,0.2451,0.2452,0.245,0.2452,34127.7
1791096900000,0.2452,0.2453,0.2452,0.2453,29697.5
1791096960000,0.2453,0.2453,0.245,0.245,186362.1
1791097020000,0.245,0.2451,0.2448,0.2451,148942.3
1791097080000,0.245,0.245,0.2447,0.2447,29458.8
1791097140000,0.2447,0.2448,0.2446,0.2446,25550.9
1791097200000,0.2447,0.2448,0.2446,0.2448,100208.9
1791097260000,0.2447,0.2448,0.2446,0.2446,28417.6
1791097320000,0.2447,0.2449,0.2446,0.2448,26056.2
1791097380000,0.2449,0.245,0.2449,0.2449,14175.6
1791097440000,0.2449,0.245,0.2449,0.2449,10471.0
1791097500000,0.2449,0.245,0.2449,0.245,6638.0
1791097560000,0.245,0.2455,0.245,0.2454,305041.4
1791097620000,0.2454,0.2455,0.2454,0.2455,14615.3
1791097680000,0.2454,0.2454,0.2451,0.2451,117843.1
1791097740000,0.2451,0.2452,0.2451,0.2451,8983.9
1791097800000,0.2451,0.2452,0.245,0.245,52625.1
1791097860000,0.2451,0.2451,0.245,0.245,8628.0
1791097920000,0.245,0.2452,0.245,0.2451,77764.5
1791097980000,0.2451,0.2452,0.245,0.2451,38523.3
1791098040000,0.2452,0.2452,0.2452,0.2452,19839.7
1791098100000,0.2452,0.2452,0.2449,0.245,121483.4
1791098160000,0.245,0.2451,0.2449,0.2449,76981.0
1791098220000,0.2449,0.2449,0.2446,0.2447,202920.7
1791098280000,0.2446,0.2448,0.2446,0.2448,33150.9
1791098340000,0.2448,0.2448,0.2447,0.2447,13021.9
1791098400000,0.2448,0.2449,0.2447,0.2449,111595.0
1791098460000,0.2449,0.2451,0.2449,0.2451,91856.2
1791098520000,0.245,0.2451,0.245,0.245,50382.3
1791098580000,0.245,0.2451,0.245,0.245,10904.9
1791098640000,0.245,0.2451,0.245,0.2451,12368.7
1791098700000,0.2452,0.2453,0.2451,0.2451,283920.3
1791098760000,0.2452,0.2452,0.245,0.245,17162.5
1791098820000,0.245,0.2451,0.245,0.2451,4334.4
1791098880000,0.245,0.2452,0.245,0.2451,123927.5
1791098940000,0.2452,0.2452,0.245,0.245,42977.3
1791099000000,0.245,0.245,0.2448,0.2448,129708.5
1791099060000,0.2448,0.245,0.2447,0.245,194770.1
1791099120000,0.2449,0.2449,0.2447,0.2447,79904.4
1791099180000,0.2447,0.2447,0.2446,0.2446,36254.9
1791099240000,0.2446,0.2448,0.2446,0.2448,48048.4
1791099300000,0.2447,0.2451,0.2447,0.2451,227720.1
1791099360000,0.2451,0.2451,0.245,0.245,64763.2
1791099420000,0.245,0.245,0.2448,0.2448,103791.8
1791099480000,0.2448,0.2449,0.2448,0.2448,11989.1
1791099540000,0.2448,0.2448,0.2447,0.2447,14710.4
1791099600000,0.2447,0.2449,0.2447,0.2448,8640.8
1791099660000,0.2448,0.245,0.2448,0.2449,27614.0
1791099720000,0.245,0.245,0.2449,0.245,4435.3
1791099780000,0.245,0.2452,0.245,0.2452,34273.9
1791099840000,0.2451,0.2452,0.2451,0.2451,4882.2
1791099900000,0.2452,0.2452,0.2451,0.2452,80371.5
1791099960000,0.2452,0.2452,0.245,0.2452,33728.4
1791100020000,0.2453,0.2453,0.2452,0.2453,6186.1
1791100080000,0.2454,0.2455,0.2454,0.2455,215571.8
1791100140000,0.2454,0.2455,0.2454,0.2454,3843.9
1791100200000,0.2454,0.2456,0.2454,0.2455,189930.4
1791100260000,0.2454,0.2455,0.2454,0.2454,15994.1
1791100320000,0.2454,0.2456,0.2454,0.2456,25896.9
1791100380000,0.2456,0.2456,0.2452,0.2453,174776.4
1791100440000,0.2453,0.2454,0.2453,0.2453,2871.8
1791100500000,0.2453,0.2454,0.2452,0.2453,74802.6
1791100560000,0.2453,0.2454,0.2452,0.2453,64730.2
1791100620000,0.2453,0.2456,0.2453,0.2456,80253.7
1791100680000,0.2456,0.2457,0.2455,0.2457,24195.2
1791100740000,0.2458,0.246,0.2457,0.2459,47113.0
1791100800000,0.2459,0.246,0.2458,0.2458,54182.7
1791100860000,0.2459,0.2462,0.2458,0.2461,120549.6
1791100920000,0.2461,0.2462,0.2458,0.2458,39537.6
1791100980000,0.2459,0.2459,0.2457,0.2458,28027.0
1791101040000,0.2458,0.2458,0.2457,0.2458,14116.3
1791101100000,0.2457,0.2458,0.2457,0.2457,1977.8
1791101160000,0.2457,0.2457,0.2455,0.2455,58923.4
1791101220000,0.2456,0.2456,0.2454,0.2455,53662.9
1791101280000,0.2455,0.2456,0.2454,0.2455,26063.9
1791101340000,0.2456,0.2457,0.2454,0.2457,62280.2
1791101400000,0.2456,0.2459,0.2456,0.2458,10083.7
1791101460000,0.2458,0.2459,0.2456,0.2456,39677.3
1791101520000,0.2456,0.2456,0.2456,0.2456,9340.8
1791101580000,0.2456,0.2458,0.2456,0.2458,3179.6
1791101640000,0.2457,0.2457,0.2455,0.2456,163129.8
1791101700000,0.2455,0.2455,0.2454,0.2454,15185.6
1791101760000,0.2454,0.2457,0.2454,0.2456,82625.7
1791101820000,0.2457,0.2457,0.2456,0.2457,17076.4
1791101880000,0.2458,0.2459,0.2457,0.2457,225856.7
1791101940000,0.2458,0.2458,0.2457,0.2457,3726.9
1791102000000,0.2458,0.2458,0.2456,0.2456,17547.4
1791102060000,0.2457,0.2457,0.2456,0.2456,6696.6
1791102120000,0.2456,0.2456,0.2455,0.2456,9820.9
1791102180000,0.2457,0.2457,0.2456,0.2456,18573.7
1791102240000,0.2456,0.2457,0.2456,0.2456,20957.3
1791102300000,0.2456,0.2457,0.2456,0.2456,8948.4
1791102360000,0.2456,0.2458,0.2456,0.2458,41004.8
1791102420000,0.2458,0.2459,0.2457,0.2457,67090.8
1791102480000,0.2457,0.2458,0.2457,0.2457,18374.7
1791102540000,0.2458,0.2458,0.2454,0.2454,49058.8
1791102600000,0.2454,0.2455,0.2453,0.2453,23227.2
1791102660000,0.2454,0.2454,0.245,0.2451,101600.3
1791102720000,0.245,0.2454,0.245,0.2454,152738.3
1791102780000,0.2453,0.2454,0.245,0.245,43604.3
1791102840000,0.245,0.2453,0.245,0.2452,60643.4
1791102900000,0.2452,0.2452,0.245,0.245,22803.3
1791102960000,0.245,0.2451,0.245,0.2451,16910.4
1791103020000,0.2451,0.2451,0.2449,0.245,111918.7
1791103080000,0.245,0.245,0.2448,0.2448,20478.3
1791103140000,0.2448,0.2448,0.2446,0.2447,104930.1
1791103200000,0.2447,0.2449,0.2447,0.2449,16742.8
1791103260000,0.2448,0.2449,0.2448,0.2448,1172.2
1791103320000,0.2448,0.2449,0.2448,0.2448,5647.0
1791103380000,0.2448,0.245,0.2448,0.2449,4277.8
1791103440000,0.2449,0.245,0.2449,0.2449,22790.8
1791103500000,0.2449,0.245,0.2448,0.2448,10120.0
1791103560000,0.2449,0.245,0.2449,0.2449,4299.0
1791103620000,0.2449,0.2451,0.2449,0.2451,9282.0
1791103680000,0.245,0.2451,0.2449,0.245,4634.4
1791103740000,0.2451,0.2451,0.245,0.245,5098.1
1791103800000,0.245,0.2451,0.2449,0.245,65461.7
1791103860000,0.245,0.245,0.2448,0.2448,18238.0
1791103920000,0.2448,0.2449,0.2448,0.2448,5085.3
1791103980000,0.2448,0.2449,0.2448,0.2448,1676.8
1791104040000,0.2448,0.2449,0.2448,0.2448,3818.9
1791104100000,0.2448,0.245,0.2448,0.2449,117589.0
1791104160000,0.2449,0.245,0.2449,0.245,28992.1
1791104220000,0.2449,0.245,0.2449,0.2449,6916.2
1791104280000,0.2449,0.2449,0.2447,0.2449,67162.1
1791104340000,0.2449,0.245,0.2449,0.2449,7531.0
1791104400000,0.2449,0.245,0.2446,0.245,89403.1
1791104460000,0.2449,0.245,0.2448,0.2448,3843.0
1791104520000,0.2448,0.2449,0.2447,0.2447,22000.4
1791104580000,0.2447,0.2448,0.2446,0.2446,13187.3
1791104640000,0.2446,0.2447,0.2446,0.2447,7247.2
1791104700000,0.2446,0.2447,0.2443,0.2444,1139846.4
1791104760000,0.2444,0.2445,0.2442,0.2443,514241.2
1791104820000,0.2442,0.2444,0.2442,0.2444,134391.7
1791104880000,0.2443,0.2445,0.2443,0.2444,19727.8
1791104940000,0.2445,0.2448,0.2445,0.2448,33685.4
1791105000000,0.2447,0.2448,0.2447,0.2447,5645.1
1791105060000,0.2447,0.2449,0.2447,0.2448,11481.0
1791105120000,0.2448,0.2449,0.2446,0.2446,49177.9
1791105180000,0.2446,0.2448,0.2446,0.2447,28245.2
1791105240000,0.2446,0.2447,0.2446,0.2446,21361.1
1791105300000,0.2446,0.2449,0.2446,0.2449,64671.4
1791105360000,0.2448,0.2449,0.2448,0.2448,3621.4
1791105420000,0.2448,0.2448,0.2447,0.2447,31353.3
1791105480000,0.2448,0.245,0.2448,0.2449,62126.2
1791105540000,0.2449,0.245,0.2449,0.2449,17127.4
1791105600000,0.245,0.245,0.2448,0.2448,6742.2
1791105660000,0.2448,0.2449,0.2448,0.2449,33171.5
1791105720000,0.2449,0.2451,0.2449,0.245,34158.1
1791105780000,0.245,0.2452,0.245,0.2452,40092.6
1791105840000,0.2453,0.2454,0.2452,0.2454,21518.6
1791105900000,0.2454,0.2455,0.2454,0.2454,43571.7
1791105960000,0.2454,0.2454,0.2451,0.2451,92800.9
1791106020000,0.2452,0.2453,0.2451,0.2451,28140.8
1791106080000,0.2452,0.2452,0.245,0.245,40111.4
1791106140000,0.245,0.2451,0.245,0.2451,11927.4
1791106200000,0.2451,0.2452,0.2449,0.2449,155934.0
1791106260000,0.2449,0.2449,0.2448,0.2448,16513.8
1791106320000,0.2448,0.2449,0.2448,0.2448,24774.1
1791106380000,0.2448,0.2448,0.2446,0.2446,14145.8
1791106440000,0.2446,0.2447,0.2445,0.2446,19789.1
1791106500000,0.2446,0.2446,0.2445,0.2445,20376.8
1791106560000,0.2445,0.2446,0.2445,0.2445,61420.2
1791106620000,0.2445,0.2446,0.2445,0.2446,11071.8
1791106680000,0.2446,0.2447,0.2445,0.2445,15018.5
1791106740000,0.2445,0.2446,0.2445,0.2445,99461.4
1791106800000,0.2446,0.2449,0.2446,0.2449,18451.8
1791106860000,0.2448,0.245,0.2448,0.2449,10576.3
1791106920000,0.2449,0.2451,0.2449,0.2451,30769.5
1791106980000,0.245,0.245,0.2446,0.2448,301697.1
1791107040000,0.2449,0.2449,0.2448,0.2448,67886.7
1791107100000,0.2448,0.245,0.2448,0.245,41816.3
1791107160000,0.245,0.245,0.2447,0.2448,7328.6
1791107220000,0.2449,0.2451,0.2448,0.245,24467.4
1791107280000,0.2451,0.2451,0.245,0.245,27340.7
1791107340000,0.2451,0.2451,0.2447,0.2447,416862.0
1791107400000,0.2448,0.2448,0.2447,0.2447,38071.2
1791107460000,0.2447,0.2448,0.2446,0.2447,10642.7
1791107520000,0.2446,0.2447,0.2446,0.2447,14507.5
1791107580000,0.2448,0.2448,0.2447,0.2448,20886.7
1791107640000,0.2447,0.2448,0.2447,0.2447,1727.2
1791107700000,0.2447,0.2448,0.2447,0.2448,5417.0
1791107760000,0.2448,0.2449,0.2448,0.2448,4407.9
1791107820000,0.2448,0.2452,0.2447,0.2451,380290.6
1791107880000,0.2451,0.2453,0.2451,0.2453,70004.5
1791107940000,0.2453,0.2454,0.2452,0.2452,139571.9
1791108000000,0.2452,0.2453,0.2451,0.2451,33221.4
1791108060000,0.2452,0.2452,0.2451,0.2452,19172.5
1791108120000,0.2451,0.2454,0.2451,0.2453,82230.7
1791108180000,0.2454,0.2455,0.2454,0.2455,41079.4
1791108240000,0.2454,0.2454,0.2453,0.2453,10053.7
1791108300000,0.2453,0.2455,0.2453,0.2455,20794.5
1791108360000,0.2455,0.2456,0.2454,0.2454,132594.1
1791108420000,0.2454,0.2455,0.2453,0.2453,11034.6
1791108480000,0.2453,0.2453,0.2452,0.2452,12354.2
1791108540000,0.2453,0.2453,0.2452,0.2452,2545.5
1791108600000,0.2452,0.2452,0.2451,0.2451,8955.9
1791108660000,0.2451,0.2452,0.2451,0.2451,5828.8
1791108720000,0.2451,0.2452,0.245,0.2451,60060.0
1791108780000,0.2451,0.2452,0.2451,0.2451,4969.1
1791108840000,0.2451,0.2453,0.2451,0.2453,15900.2
1791108900000,0.2454,0.2455,0.2453,0.2455,20056.3
1791108960000,0.2454,0.2455,0.2454,0.2454,1334.9
1791109020000,0.2454,0.2456,0.2453,0.2455,69750.0
1791109080000,0.2454,0.2457,0.2454,0.2457,139316.3
1791109140000,0.2457,0.2458,0.2454,0.2455,59805.3
1791109200000,0.2455,0.2455,0.2453,0.2453,12139.5
1791109260000,0.2454,0.2456,0.2454,0.2456,17096.5
1791109320000,0.2455,0.2457,0.2455,0.2456,214995.5
1791109380000,0.2455,0.2455,0.2453,0.2453,45869.8
1791109440000,0.2454,0.2454,0.2453,0.2453,4178.8
1791109500000,0.2453,0.2453,0.2453,0.2453,2607.7
1791109560000,0.2453,0.2453,0.2451,0.2451,39398.1
1791109620000,0.2452,0.2453,0.2452,0.2453,5203.2
1791109680000,0.2452,0.2453,0.2451,0.2451,61802.8
1791109740000,0.2451,0.2451,0.245,0.2451,44501.7
1791109800000,0.2451,0.2452,0.2451,0.2452,1253.4
1791109860000,0.2451,0.2453,0.2451,0.2453,4225.1
1791109920000,0.2453,0.2453,0.2451,0.2451,49244.6
1791109980000,0.2451,0.2454,0.2451,0.2454,212043.9
1791110040000,0.2453,0.2453,0.245,0.245,70964.3
1791110100000,0.245,0.2451,0.245,0.245,24917.1
1791110160000,0.245,0.245,0.2447,0.2448,65682.1
1791110220000,0.2447,0.2448,0.2447,0.2447,9217.1
1791110280000,0.2447,0.2449,0.2447,0.2449,75020.3
1791110340000,0.2448,0.2448,0.2447,0.2448,17351.0
1791110400000,0.2448,0.245,0.2448,0.2449,40745.2
1791110460000,0.2449,0.2452,0.2449,0.2452,225155.4
1791110520000,0.2451,0.2451,0.245,0.245,77446.4
1791110580000,0.245,0.2451,0.245,0.2451,29931.3
1791110640000,0.2451,0.2451,0.245,0.2451,14174.6
1791110700000,0.2452,0.2453,0.2452,0.2452,2573.5
1791110760000,0.2452,0.2453,0.245,0.245,168436.6
1791110820000,0.245,0.2451,0.245,0.245,45210.1
1791110880000,0.2449,0.2451,0.2449,0.2451,34635.0
1791110940000,0.2451,0.2452,0.2451,0.2452,3708.5
1791111000000,0.2451,0.2452,0.2451,0.2451,37713.6
1791111060000,0.2451,0.2452,0.2451,0.2451,7800.4
1791111120000,0.2451,0.2452,0.2451,0.2452,7261.0
1791111180000,0.2451,0.2453,0.2451,0.2453,80151.4
1791111240000,0.2453,0.2454,0.2453,0.2453,1187.4
1791111300000,0.2453,0.2454,0.2452,0.2454,27902.6
1791111360000,0.2454,0.2455,0.2454,0.2455,37573.6
1791111420000,0.2454,0.2454,0.2451,0.2451,116242.4
1791111480000,0.2451,0.2452,0.2451,0.2451,5245.2
1791111540000,0.245,0.2451,0.245,0.245,7961.1
1791111600000,0.2451,0.2452,0.2451,0.2451,70386.5
1791111660000,0.2451,0.2451,0.2451,0.2451,3237.7
1791111720000,0.245,0.2451,0.245,0.245,18528.2
1791111780000,0.245,0.2451,0.245,0.245,10269.4
1791111840000,0.2451,0.2451,0.245,0.2451,8219.4
1791111900000,0.245,0.2455,0.245,0.2454,31393.8
1791111960000,0.2454,0.2455,0.2453,0.2454,67428.5
1791112020000,0.2453,0.2453,0.2452,0.2453,1579.7
1791112080000,0.2452,0.2452,0.2451,0.2452,45498.9
1791112140000,0.2451,0.2452,0.2451,0.2451,3407.2
1791112200000,0.2452,0.2452,0.2451,0.2451,8054.1
1791112260000,0.2451,0.2453,0.2451,0.2453,10973.2
1791112320000,0.2452,0.2453,0.2451,0.2452,15514.0
1791112380000,0.2451,0.2452,0.2451,0.2452,5962.0
1791112440000,0.2451,0.2452,0.2451,0.2451,382.0
1791112500000,0.2452,0.2453,0.2451,0.2453,17048.8
1791112560000,0.2452,0.2453,0.2452,0.2453,8957.1
1791112620000,0.2453,0.2453,0.2451,0.2451,13577.5
1791112680000,0.245,0.2451,0.245,0.245,24910.9
1791112740000,0.245,0.2451,0.245,0.245,42395.6
1791112800000,0.245,0.2453,0.245,0.2453,52253.2
1791112860000,0.2453,0.2453,0.2452,0.2452,3044.9
1791112920000,0.2453,0.2453,0.2453,0.2453,2172.2
1791112980000,0.2453,0.2454,0.2452,0.2453,54445.3
1791113040000,0.2453,0.2453,0.2451,0.2453,36957.4
1791113100000,0.2452,0.2453,0.2452,0.2453,2198.7
1791113160000,0.2453,0.2454,0.2452,0.2454,5518.1
1791113220000,0.2453,0.2454,0.2453,0.2454,71939.0
1791113280000,0.2454,0.2456,0.2454,0.2456,81047.8
1791113340000,0.2455,0.2456,0.2453,0.2456,41501.1
1791113400000,0.2456,0.2456,0.2456,0.2456,642.8
1791113460000,0.2455,0.2455,0.2453,0.2453,24209.1
1791113520000,0.2453,0.2454,0.2451,0.2451,34578.9
1791113580000,0.2451,0.2452,0.2451,0.2451,4324.8
1791113640000,0.2451,0.2452,0.2451,0.2451,3631.2
1791113700000,0.2451,0.2451,0.245,0.2451,11421.6
1791113760000,0.2452,0.2452,0.2451,0.2451,3887.1
1791113820000,0.2451,0.2451,0.2449,0.2449,29148.7
1791113880000,0.2449,0.2449,0.2448,0.2449,66283.3
1791113940000,0.2448,0.2449,0.2448,0.2448,21405.8
1791114000000,0.2449,0.245,0.2449,0.245,153230.1
1791114060000,0.245,0.245,0.2449,0.245,3989.9
1791114120000,0.2449,0.245,0.2449,0.2449,4496.4
1791114180000,0.2449,0.245,0.2447,0.2449,149105.4
1791114240000,0.2448,0.2449,0.2448,0.2448,2254.2
1791114300000,0.2449,0.2451,0.2449,0.245,50738.3
1791114360000,0.245,0.2451,0.245,0.2451,5156.5
1791114420000,0.2451,0.2454,0.245,0.2453,33392.9
1791114480000,0.2454,0.2454,0.2452,0.2452,43993.5
1791114540000,0.2452,0.2453,0.2452,0.2452,14671.3
1791114600000,0.2452,0.2453,0.2452,0.2453,16358.2
1791114660000,0.2452,0.2453,0.2452,0.2452,6183.2
1791114720000,0.2452,0.2453,0.2451,0.2453,5559.3
1791114780000,0.2452,0.2453,0.2452,0.2452,17635.6
1791114840000,0.2453,0.2453,0.2451,0.2452,16247.8
1791114900000,0.2452,0.2452,0.2452,0.2452,6844.8
1791114960000,0.2452,0.2453,0.2451,0.2451,30610.6
1791115020000,0.2451,0.2452,0.2451,0.2451,6208.6
1791115080000,0.2451,0.2452,0.2451,0.2452,40111.0
1791115140000,0.2453,0.2453,0.2452,0.2452,4313.6
1791115200000,0.2452,0.2453,0.2452,0.2452,6569.5
1791115260000,0.2452,0.2454,0.2452,0.2454,40920.7
1791115320000,0.2453,0.2454,0.2453,0.2453,21754.9
1791115380000,0.2452,0.2452,0.245,0.245,25715.6
1791115440000,0.245,0.2451,0.245,0.245,3112.3
1791115500000,0.245,0.2453,0.245,0.2453,107299.9
1791115560000,0.2452,0.2454,0.2452,0.2454,13742.8
1791115620000,0.2455,0.2455,0.2454,0.2455,8893.9
1791115680000,0.2454,0.2454,0.2452,0.2452,28966.0
1791115740000,0.2453,0.2454,0.2451,0.2452,65844.0
1791115800000,0.2452,0.2452,0.2451,0.2451,40267.6
1791115860000,0.2452,0.2452,0.245,0.245,57656.7
1791115920000,0.2451,0.2451,0.2449,0.2449,34748.5
1791115980000,0.245,0.245,0.2449,0.245,62366.4
1791116040000,0.2449,0.245,0.2446,0.2447,61055.1
1791116100000,0.2446,0.2447,0.2445,0.2446,42963.9
1791116160000,0.2447,0.2447,0.2443,0.2444,57627.4
1791116220000,0.2444,0.2447,0.2444,0.2446,35805.7
1791116280000,0.2446,0.2451,0.2446,0.245,28167.4
1791116340000,0.2449,0.2449,0.2447,0.2449,19846.1
1791116400000,0.2449,0.2449,0.2447,0.2448,13880.6
1791116460000,0.2447,0.2449,0.2447,0.2449,36109.7
1791116520000,0.2449,0.245,0.2448,0.2449,3590.7
1791116580000,0.245,0.245,0.245,0.245,1039.2
1791116640000,0.245,0.245,0.2448,0.245,166716.0
1791116700000,0.245,0.2451,0.245,0.245,4485.6
1791116760000,0.2451,0.2451,0.245,0.245,1924.7
1791116820000,0.245,0.2451,0.245,0.245,3047.1
1791116880000,0.245,0.2451,0.2449,0.245,33857.0
1791116940000,0.2449,0.245,0.2448,0.2448,27297.6
1791117000000,0.2449,0.245,0.2449,0.245,32344.3
1791117060000,0.245,0.2451,0.245,0.2451,5552.2
1791117120000,0.245,0.2451,0.2447,0.2449,144501.6
1791117180000,0.2449,0.2449,0.2449,0.2449,2940.6
1791117240000,0.2449,0.245,0.2449,0.2449,3896.4
1791117300000,0.245,0.2451,0.245,0.2451,15189.3
1791117360000,0.245,0.2452,0.245,0.2451,32786.5
1791117420000,0.2451,0.2451,0.245,0.245,8896.7
1791117480000,0.245,0.2451,0.2449,0.2451,36371.3
1791117540000,0.245,0.245,0.2449,0.2449,7778.7
1791117600000,0.245,0.245,0.245,0.245,4174.4
1791117660000,0.245,0.2451,0.245,0.2451,3945.9
1791117720000,0.2451,0.2451,0.2451,0.2451,3986.4
1791117780000,0.2451,0.2452,0.2451,0.2451,24042.6
1791117840000,0.2451,0.2452,0.245,0.2452,11435.6
1791117900000,0.2451,0.2452,0.2451,0.2452,63488.3
1791117960000,0.2452,0.2453,0.245,0.245,11418.3
1791118020000,0.2451,0.2451,0.245,0.245,15957.7
1791118080000,0.245,0.2451,0.245,0.245,7323.1
1791118140000,0.2451,0.2451,0.245,0.2451,6089.4
1791118200000,0.2452,0.2452,0.2451,0.2451,26483.3
1791118260000,0.2451,0.2452,0.245,0.245,4804.7
1791118320000,0.245,0.2451,0.245,0.2451,3803.7
1791118380000,0.245,0.2451,0.245,0.245,2587.9
1791118440000,0.245,0.245,0.2448,0.2449,67959.1
1791118500000,0.245,0.2451,0.2448,0.2449,48815.7
1791118560000,0.245,0.2451,0.245,0.2451,4547.1
1791118620000,0.2451,0.2451,0.2449,0.245,2379.6
1791118680000,0.2449,0.2449,0.2448,0.2449,1425.6
1791118740000,0.2449,0.2449,0.2448,0.2449,895.3
1791118800000,0.2449,0.2449,0.2448,0.2449,17082.0
1791118860000,0.2449,0.245,0.2448,0.2449,49281.6
1791118920000,0.2448,0.2449,0.2447,0.2449,57124.1
1791118980000,0.2449,0.245,0.2449,0.245,17309.5
1791119040000,0.245,0.245,0.2449,0.2449,3027.8
1791119100000,0.245,0.245,0.245,0.245,3911.7
1791119160000,0.245,0.245,0.245,0.245,30984.3
1791119220000,0.245,0.2452,0.245,0.2451,119220.8
1791119280000,0.245,0.245,0.2449,0.245,16738.0
1791119340000,0.245,0.245,0.2448,0.2448,6032.5
1791119400000,0.2449,0.2449,0.2448,0.2448,2801.9
1791119460000,0.2449,0.2449,0.2447,0.2447,4170.0
1791119520000,0.2448,0.2449,0.2448,0.2449,13722.2
1791119580000,0.245,0.2451,0.245,0.2451,998.8
1791119640000,0.245,0.2452,0.245,0.2452,43015.4
1791119700000,0.2451,0.2453,0.2451,0.2453,4062.9
1791119760000,0.2452,0.2454,0.2452,0.2453,11560.8
1791119820000,0.2453,0.2454,0.2451,0.2452,10627.5
1791119880000,0.2451,0.2452,0.2451,0.2452,13785.6
1791119940000,0.2452,0.2452,0.2451,0.2452,4107.3
1791120000000,0.2452,0.2452,0.2451,0.2452,41634.3
1791120060000,0.2452,0.2454,0.2452,0.2453,9800.1
1791120120000,0.2453,0.2453,0.2452,0.2452,113062.5
1791120180000,0.2453,0.2454,0.2453,0.2453,49288.3
1791120240000,0.2453,0.2454,0.2453,0.2453,1931.7
1791120300000,0.2452,0.2452,0.2452,0.2452,283.7
1791120360000,0.2453,0.2453,0.2453,0.2453,57260.3
1791120420000,0.2454,0.2456,0.2454,0.2456,79837.3
1791120480000,0.2456,0.2456,0.2456,0.2456,86801.9
1791120540000,0.2457,0.2458,0.2457,0.2457,41886.5
1791120600000,0.2456,0.2457,0.2456,0.2456,7101.2
1791120660000,0.2456,0.2461,0.2456,0.2458,351206.5
1791120720000,0.2458,0.2458,0.2456,0.2457,27451.4
1791120780000,0.2457,0.2458,0.2457,0.2457,19066.6
1791120840000,0.2458,0.2459,0.2458,0.2458,18198.1
1791120900000,0.2457,0.2457,0.2456,0.2456,59890.7
1791120960000,0.2457,0.2459,0.2456,0.2459,7199.7
1791121020000,0.2459,0.2461,0.2458,0.2461,130083.8
1791121080000,0.2462,0.2464,0.2461,0.2461,201342.6
1791121140000,0.2461,0.2462,0.246,0.2462,18324.6
1791121200000,0.2461,0.2462,0.2459,0.2459,111880.2
1791121260000,0.2459,0.2459,0.2458,0.2459,31001.4
1791121320000,0.2459,0.2459,0.2456,0.2456,6304.6
1791121380000,0.2457,0.2459,0.2456,0.2456,183347.6
1791121440000,0.2457,0.2457,0.2455,0.2455,11595.6
1791121500000,0.2456,0.2456,0.2455,0.2456,3058.6
1791121560000,0.2456,0.2459,0.2456,0.2459,88040.6
1791121620000,0.2458,0.2459,0.2457,0.2457,4514.6
1791121680000,0.2457,0.2459,0.2457,0.2459,2243.1
1791121740000,0.2459,0.2461,0.2459,0.2459,10254.4
1791121800000,0.246,0.246,0.2459,0.2459,3002.5
1791121860000,0.2459,0.2459,0.2458,0.2458,21488.1
1791121920000,0.2458,0.2459,0.2457,0.2458,5071.2
1791121980000,0.2457,0.2458,0.2456,0.2456,3824.9
1791122040000,0.2456,0.2457,0.2456,0.2456,461.5
1791122100000,0.2456,0.2457,0.2447,0.2449,1515540.1
1791122160000,0.2449,0.2449,0.2447,0.2448,30240.4
1791122220000,0.2448,0.2449,0.2447,0.2447,46865.3
1791122280000,0.2447,0.2447,0.2446,0.2446,34715.2
1791122340000,0.2446,0.2447,0.2446,0.2446,44972.1
1791122400000,0.2446,0.2447,0.2444,0.2445,104879.1
1791122460000,0.2444,0.2445,0.2443,0.2443,44871.7
1791122520000,0.2444,0.2444,0.2441,0.2442,45829.4
1791122580000,0.2442,0.2443,0.244,0.2442,151035.7
1791122640000,0.2442,0.2444,0.2442,0.2442,38784.3
1791122700000,0.2442,0.2447,0.2442,0.2447,23243.9
1791122760000,0.2448,0.245,0.2447,0.2447,27703.5
1791122820000,0.2447,0.2447,0.2445,0.2445,36443.5
1791122880000,0.2445,0.2445,0.2443,0.2444,26706.1
1791122940000,0.2444,0.2444,0.2442,0.2443,45165.8
1791123000000,0.2442,0.2443,0.2442,0.2443,6842.0
1791123060000,0.2442,0.2443,0.2441,0.2442,6994.2
1791123120000,0.2443,0.2445,0.2443,0.2445,106457.5
1791123180000,0.2445,0.2446,0.2443,0.2445,198351.9
1791123240000,0.2445,0.2447,0.2445,0.2445,29673.4
1791123300000,0.2446,0.2447,0.2445,0.2446,26106.0
1791123360000,0.2446,0.2446,0.2444,0.2445,126729.0
1791123420000,0.2445,0.2445,0.2444,0.2444,16882.6
1791123480000,0.2444,0.2446,0.2444,0.2445,185237.0
1791123540000,0.2445,0.2445,0.2444,0.2444,56772.0
1791123600000,0.2444,0.2444,0.2442,0.2442,3259.2
1791123660000,0.2443,0.2444,0.2442,0.2442,38961.2
1791123720000,0.2443,0.2445,0.2443,0.2445,264902.8
1791123780000,0.2445,0.2446,0.2445,0.2446,14127.3
1791123840000,0.2445,0.2447,0.2445,0.2447,81749.0
1791123900000,0.2448,0.245,0.2448,0.2448,10187.0
1791123960000,0.2449,0.2452,0.2449,0.2451,50874.3
1791124020000,0.2452,0.2453,0.2452,0.2453,22458.9
1791124080000,0.2454,0.2454,0.2451,0.2451,74557.1
1791124140000,0.2451,0.2451,0.245,0.2451,117335.6
1791124200000,0.2451,0.2452,0.245,0.2452,12051.7
1791124260000,0.2452,0.2453,0.2452,0.2453,105056.6
1791124320000,0.2452,0.2455,0.2452,0.2453,155302.7
1791124380000,0.2454,0.2455,0.2454,0.2454,11303.3
1791124440000,0.2455,0.2455,0.2455,0.2455,8024.5
1791124500000,0.2455,0.2459,0.2455,0.2459,48183.5
1791124560000,0.246,0.246,0.2454,0.2454,112557.9
1791124620000,0.2454,0.2454,0.2453,0.2454,8421.7
1791124680000,0.2454,0.2455,0.2453,0.2453,9788.2
1791124740000,0.2454,0.2454,0.2452,0.2452,1769.1
1791124800000,0.2452,0.2454,0.2452,0.2454,12488.3
1791124860000,0.2454,0.2454,0.2453,0.2454,2726.8
1791124920000,0.2455,0.2457,0.2455,0.2456,69766.4
1791124980000,0.2455,0.2456,0.2454,0.2456,12453.9
1791125040000,0.2455,0.2456,0.2455,0.2456,1406.3
1791125100000,0.2456,0.2459,0.2455,0.2458,75087.3
1791125160000,0.2459,0.2459,0.2456,0.2456,277771.0
1791125220000,0.2455,0.2459,0.2455,0.2457,380941.9
1791125280000,0.2457,0.2459,0.2457,0.2457,132139.6
1791125340000,0.2458,0.2458,0.2456,0.2457,44263.4
1791125400000,0.2457,0.2458,0.2457,0.2458,12042.9
1791125460000,0.2458,0.2458,0.2446,0.2451,1619906.3
1791125520000,0.2451,0.2456,0.2451,0.2456,552447.6
1791125580000,0.2456,0.2461,0.2455,0.246,168108.6
1791125640000,0.246,0.246,0.2459,0.2459,24883.8
1791125700000,0.2459,0.2461,0.2459,0.246,30894.3
1791125760000,0.246,0.246,0.2459,0.2459,20001.0
1791125820000,0.2459,0.246,0.2455,0.2457,254319.5
1791125880000,0.2457,0.2457,0.2456,0.2456,4114.0
1791125940000,0.2455,0.2457,0.2455,0.2457,83796.2
1791126000000,0.2457,0.2461,0.2457,0.246,107910.7
1791126060000,0.2459,0.246,0.2457,0.246,136952.2
1791126120000,0.246,0.2463,0.246,0.2462,368420.0
1791126180000,0.2462,0.2482,0.2462,0.2479,2906705.3
1791126240000,0.2478,0.2498,0.2478,0.2487,2414543.6
1791126300000,0.2487,0.2493,0.2482,0.2486,1066156.2
1791126360000,0.2486,0.2488,0.248,0.2481,708158.5
1791126420000,0.2481,0.2485,0.248,0.2482,533352.3
1791126480000,0.2481,0.2484,0.2478,0.2478,494783.2
1791126540000,0.2479,0.248,0.2478,0.2478,102992.5
1791126600000,0.2477,0.2481,0.2477,0.2481,60190.5
1791126660000,0.248,0.2482,0.2478,0.2481,168648.9
1791126720000,0.2482,0.2482,0.2477,0.2479,274734.3
1791126780000,0.248,0.249,0.248,0.2489,493030.7
1791126840000,0.2488,0.2489,0.2487,0.2489,164830.1
1791126900000,0.249,0.2492,0.2489,0.249,210519.7
1791126960000,0.2489,0.249,0.2486,0.2486,194032.5
1791127020000,0.2486,0.2492,0.2486,0.2487,563310.4
1791127080000,0.2486,0.2486,0.2482,0.2484,95783.7
1791127140000,0.2484,0.2486,0.2483,0.2486,156159.9
1791127200000,0.2486,0.2493,0.2484,0.2492,435726.5
1791127260000,0.2493,0.2493,0.2483,0.2484,688694.3
1791127320000,0.2484,0.2485,0.2482,0.2483,327872.3
1791127380000,0.2484,0.2484,0.2481,0.2483,223012.3
1791127440000,0.2482,0.2482,0.248,0.248,180351.7
1791127500000,0.248,0.2482,0.2479,0.2479,91085.3
1791127560000,0.2479,0.248,0.2477,0.2478,78702.5
1791127620000,0.2477,0.2482,0.2477,0.2481,352297.3
1791127680000,0.248,0.2483,0.248,0.2483,341713.7
1791127740000,0.2483,0.2483,0.2482,0.2483,4873.1
1791127800000,0.2483,0.2486,0.2482,0.2485,211944.9
1791127860000,0.2486,0.2488,0.2486,0.2486,235855.6
1791127920000,0.2486,0.2486,0.2485,0.2485,35074.0
1791127980000,0.2485,0.2485,0.2481,0.2485,250179.2
1791128040000,0.2485,0.2486,0.2482,0.2484,140348.7
1791128100000,0.2484,0.2485,0.2481,0.2481,370529.1
1791128160000,0.2481,0.2482,0.2481,0.2481,69751.1
1791128220000,0.2481,0.2482,0.2479,0.2479,75615.6
1791128280000,0.248,0.248,0.2478,0.2478,55238.0
1791128340000,0.2479,0.2479,0.2477,0.2477,55649.3
1791128400000,0.2478,0.248,0.2478,0.2479,18557.4
1791128460000,0.248,0.2482,0.2479,0.2479,123602.6
1791128520000,0.248,0.248,0.2479,0.248,16477.3
1791128580000,0.248,0.248,0.2478,0.2479,76913.4
1791128640000,0.2478,0.2479,0.2476,0.2479,138784.8
1791128700000,0.2479,0.2479,0.2478,0.2479,83509.4
1791128760000,0.2478,0.2481,0.2478,0.2481,38381.5
1791128820000,0.2481,0.2481,0.2478,0.2479,99956.4
1791128880000,0.248,0.2484,0.248,0.2481,110795.9
1791128940000,0.2482,0.2482,0.2479,0.2479,18591.0
1791129000000,0.248,0.2481,0.2478,0.2481,88440.2
1791129060000,0.2481,0.2482,0.2478,0.2479,9187.2
1791129120000,0.2479,0.2481,0.2479,0.248,52795.2
1791129180000,0.2479,0.248,0.2479,0.2479,13586.1
1791129240000,0.2479,0.248,0.2478,0.2478,55532.1
1791129300000,0.2479,0.248,0.2479,0.248,32775.7
1791129360000,0.248,0.2482,0.2479,0.2481,18272.9
1791129420000,0.2481,0.2485,0.2481,0.2484,788825.9
1791129480000,0.2484,0.2485,0.2481,0.2482,719837.8
1791129540000,0.2481,0.2481,0.2479,0.2479,47255.1
1791129600000,0.2479,0.2483,0.2479,0.2483,658612.4
1791129660000,0.2482,0.2482,0.2476,0.2476,690223.1
1791129720000,0.2476,0.248,0.2473,0.2474,727797.3
1791129780000,0.2474,0.2474,0.2467,0.2471,798848.3
1791129840000,0.247,0.2474,0.247,0.2473,269825.1
1791129900000,0.2473,0.2474,0.2472,0.2472,19403.5
1791129960000,0.2472,0.2472,0.2471,0.2471,115882.0
1791130020000,0.2472,0.2475,0.2472,0.2475,55119.6
1791130080000,0.2475,0.248,0.2475,0.2477,153930.6
1791130140000,0.2478,0.2479,0.2476,0.2479,120712.2
1791130200000,0.2479,0.2482,0.2478,0.2481,107403.8
1791130260000,0.248,0.2484,0.248,0.2483,95711.6
1791130320000,0.2484,0.2484,0.2483,0.2483,27043.5
1791130380000,0.2483,0.2483,0.2482,0.2482,96920.2
1791130440000,0.2482,0.2486,0.2482,0.2486,90973.5
1791130500000,0.2486,0.2486,0.2485,0.2485,32692.5
1791130560000,0.2484,0.2484,0.2482,0.2483,32327.7
1791130620000,0.2483,0.2484,0.2482,0.2482,8083.2
1791130680000,0.2481,0.2484,0.248,0.2484,63236.3
1791130740000,0.2483,0.2483,0.2481,0.2481,16496.5
1791130800000,0.2481,0.2482,0.2479,0.2479,8102.1
1791130860000,0.2479,0.248,0.2478,0.2479,20179.7
1791130920000,0.2479,0.2479,0.2478,0.2478,38742.4
1791130980000,0.2479,0.2479,0.2477,0.2478,168913.4
1791131040000,0.2478,0.2478,0.2477,0.2477,91450.8
1791131100000,0.2477,0.2478,0.2476,0.2478,54059.0
1791131160000,0.2477,0.2478,0.2476,0.2476,73821.1
1791131220000,0.2477,0.2477,0.2475,0.2476,22722.3
1791131280000,0.2476,0.2476,0.2475,0.2476,59323.7
1791131340000,0.2475,0.2475,0.2474,0.2474,836.6
1791131400000,0.2474,0.2475,0.2474,0.2474,21545.0
1791131460000,0.2474,0.2476,0.2474,0.2474,51409.9
1791131520000,0.2474,0.2476,0.2474,0.2476,22759.2
1791131580000,0.2476,0.2477,0.2476,0.2476,8534.6
1791131640000,0.2476,0.2477,0.2476,0.2477,38549.3
1791131700000,0.2476,0.2477,0.2476,0.2477,1971.1
1791131760000,0.2477,0.2478,0.2476,0.2476,75860.1
1791131820000,0.2477,0.2478,0.2476,0.2476,7215.0
1791131880000,0.2476,0.2476,0.2472,0.2473,18180.8
1791131940000,0.2473,0.2474,0.2473,0.2474,3569.7
1791132000000,0.2473,0.2473,0.247,0.247,67286.5
1791132060000,0.247,0.247,0.2469,0.2469,16895.6
1791132120000,0.247,0.2471,0.2469,0.247,19142.6
1791132180000,0.2471,0.2472,0.247,0.2472,17065.1
1791132240000,0.2471,0.2472,0.247,0.2471,81269.0
1791132300000,0.2472,0.2473,0.2471,0.2473,8802.0
1791132360000,0.2472,0.2474,0.247,0.2471,91519.6
1791132420000,0.247,0.2471,0.247,0.2471,30051.4
1791132480000,0.2471,0.2473,0.2471,0.2472,44324.0
1791132540000,0.2473,0.2475,0.2473,0.2475,62948.8
1791132600000,0.2476,0.2476,0.2473,0.2473,3172.0
1791132660000,0.2473,0.2476,0.2473,0.2475,8716.1
1791132720000,0.2474,0.2474,0.2472,0.2473,36030.4
1791132780000,0.2474,0.2475,0.2473,0.2473,22545.4
1791132840000,0.2473,0.2473,0.2472,0.2473,1688.1
1791132900000,0.2472,0.2475,0.2472,0.2474,62719.8
1791132960000,0.2475,0.2475,0.2474,0.2474,1512.9
1791133020000,0.2474,0.2478,0.2474,0.2478,117919.7
1791133080000,0.2477,0.2477,0.2476,0.2476,1524.3
1791133140000,0.2476,0.2477,0.2476,0.2476,3366.3
1791133200000,0.2476,0.2479,0.2476,0.2478,45978.0
1791133260000,0.2478,0.248,0.2477,0.2479,65248.2
1791133320000,0.2478,0.2482,0.2478,0.2479,159785.2
1791133380000,0.2479,0.2481,0.2478,0.2481,10759.8
1791133440000,0.2481,0.2482,0.2481,0.2481,30758.4
1791133500000,0.2481,0.2484,0.248,0.2483,72135.9
1791133560000,0.2483,0.2484,0.2482,0.2484,8144.4
1791133620000,0.2484,0.2485,0.2483,0.2483,34123.9
1791133680000,0.2482,0.2484,0.2482,0.2484,24510.2
1791133740000,0.2484,0.2485,0.2482,0.2482,14718.7
1791133800000,0.2482,0.2483,0.2481,0.2482,27493.6
1791133860000,0.2483,0.2483,0.2483,0.2483,150161.4
1791133920000,0.2482,0.2482,0.2479,0.2481,122924.8
1791133980000,0.2481,0.2482,0.248,0.248,41450.8
1791134040000,0.2479,0.248,0.2477,0.2477,65050.1
1791134100000,0.2477,0.2478,0.2477,0.2478,37870.5
1791134160000,0.2478,0.2478,0.2474,0.2474,90815.8
1791134220000,0.2475,0.2478,0.2474,0.2478,68696.9
1791134280000,0.2478,0.2478,0.2474,0.2474,97658.8
1791134340000,0.2474,0.2475,0.2473,0.2473,80961.1
1791134400000,0.2473,0.2475,0.2473,0.2475,142488.2
1791134460000,0.2475,0.2476,0.2475,0.2476,59272.1
1791134520000,0.2475,0.2476,0.2473,0.2473,114441.0
1791134580000,0.2474,0.2475,0.2473,0.2475,85679.2
1791134640000,0.2474,0.2476,0.2473,0.2473,29405.0
1791134700000,0.2473,0.2474,0.2473,0.2474,223416.5
1791134760000,0.2474,0.2476,0.2474,0.2476,17268.7
1791134820000,0.2476,0.2476,0.2475,0.2476,76982.1
1791134880000,0.2476,0.2476,0.2473,0.2474,53027.4
1791134940000,0.2473,0.2474,0.2473,0.2474,1512.5
1791135000000,0.2473,0.2473,0.2472,0.2473,38604.4
1791135060000,0.2473,0.2473,0.247,0.247,93825.9
1791135120000,0.247,0.2471,0.2469,0.247,295131.7
1791135180000,0.2469,0.247,0.2467,0.2468,38481.6
1791135240000,0.2467,0.247,0.2467,0.247,151471.2
1791135300000,0.2469,0.2472,0.2469,0.2472,18474.0
1791135360000,0.2471,0.2472,0.2471,0.2471,10292.7
1791135420000,0.247,0.2471,0.247,0.2471,57670.9
1791135480000,0.2471,0.2471,0.247,0.247,32065.7
1791135540000,0.2471,0.2472,0.247,0.2472,9662.4
1791135600000,0.2471,0.2473,0.2471,0.2473,19325.0
1791135660000,0.2474,0.2475,0.2473,0.2474,18892.2
1791135720000,0.2474,0.2474,0.2473,0.2474,8072.6
1791135780000,0.2475,0.2477,0.2475,0.2477,68286.4
1791135840000,0.2478,0.2482,0.2478,0.2481,48316.6
1791135900000,0.2482,0.2485,0.2479,0.2485,74953.1
1791135960000,0.2486,0.2488,0.2486,0.2486,212471.7
1791136020000,0.2486,0.2487,0.2486,0.2486,12554.9
1791136080000,0.2486,0.2487,0.2484,0.2484,94020.0
1791136140000,0.2484,0.2484,0.2482,0.2482,16316.3
1791136200000,0.2483,0.2483,0.248,0.2482,161697.4
1791136260000,0.2482,0.2483,0.2482,0.2483,5288.1
1791136320000,0.2484,0.2484,0.248,0.2481,23085.5
1791136380000,0.2481,0.2482,0.2478,0.2479,117018.1
1791136440000,0.2479,0.2479,0.2478,0.2478,37794.5
1791136500000,0.2479,0.248,0.2479,0.2479,28054.5
1791136560000,0.2479,0.2479,0.2477,0.2477,20233.9
1791136620000,0.2477,0.2479,0.2477,0.2477,21289.8
1791136680000,0.2477,0.2479,0.2477,0.2478,9495.0
1791136740000,0.2478,0.2478,0.2478,0.2478,3898.2
1791136800000,0.2477,0.2479,0.2476,0.2477,25301.7
1791136860000,0.2477,0.2477,0.2475,0.2475,17536.8
1791136920000,0.2475,0.2476,0.2475,0.2476,35111.2
1791136980000,0.2475,0.2478,0.2475,0.2478,16706.6
1791137040000,0.2478,0.2478,0.2476,0.2476,19797.4
1791137100000,0.2477,0.2479,0.2476,0.2478,107963.5
1791137160000,0.2478,0.2478,0.2477,0.2478,10613.0
1791137220000,0.2479,0.2479,0.2478,0.2478,40472.5
1791137280000,0.2478,0.2478,0.2477,0.2478,45466.3
1791137340000,0.2477,0.2477,0.2475,0.2475,18904.0
1791137400000,0.2476,0.2477,0.2475,0.2476,39090.5
1791137460000,0.2475,0.2475,0.2475,0.2475,4537.3
1791137520000,0.2475,0.2476,0.2475,0.2476,18246.4
1791137580000,0.2476,0.2478,0.2475,0.2477,52064.6
1791137640000,0.2477,0.2478,0.2477,0.2478,9982.6
1791137700000,0.2477,0.2479,0.2477,0.2478,26225.5
1791137760000,0.2478,0.248,0.2478,0.2479,18844.7
1791137820000,0.248,0.2481,0.2479,0.2481,31727.0
1791137880000,0.2482,0.2482,0.248,0.2481,84223.1
1791137940000,0.2481,0.2482,0.248,0.2481,43337.9
1791138000000,0.248,0.2483,0.2479,0.248,214152.6
1791138060000,0.2481,0.2481,0.248,0.2481,14206.4
1791138120000,0.2481,0.2481,0.2479,0.2481,54846.6
1791138180000,0.248,0.248,0.2479,0.2479,18941.5
1791138240000,0.2479,0.2481,0.2479,0.2479,49932.5
1791138300000,0.2479,0.2482,0.2479,0.2482,55468.3
1791138360000,0.2482,0.2484,0.2482,0.2484,72494.8
1791138420000,0.2483,0.2487,0.2483,0.2487,584371.3
1791138480000,0.2488,0.2488,0.2487,0.2488,14258.4
1791138540000,0.2488,0.2488,0.2486,0.2486,20301.8
1791138600000,0.2486,0.2488,0.2485,0.2488,85410.2
1791138660000,0.2488,0.2494,0.2487,0.2493,152269.4
1791138720000,0.2494,0.2495,0.2494,0.2494,17618.9
1791138780000,0.2495,0.2496,0.2493,0.2494,56785.0
1791138840000,0.2493,0.2493,0.2491,0.2493,10206.6
1791138900000,0.2493,0.2495,0.2491,0.2495,17259.9
1791138960000,0.2495,0.2496,0.2494,0.2495,78413.1
1791139020000,0.2495,0.2495,0.2492,0.2492,39353.2
1791139080000,0.2492,0.2492,0.249,0.2491,24760.3
1791139140000,0.2492,0.2492,0.249,0.249,65391.3
1791139200000,0.249,0.2493,0.249,0.2493,22290.1
1791139260000,0.2493,0.2493,0.2491,0.2491,66707.7
1791139320000,0.2491,0.2493,0.2491,0.2493,26281.6
1791139380000,0.2492,0.2492,0.2491,0.2492,1501.6
1791139440000,0.2491,0.2493,0.2491,0.2492,18130.5
1791139500000,0.2493,0.2493,0.2491,0.2491,36281.4
1791139560000,0.2491,0.2492,0.2491,0.2492,1249.6
1791139620000,0.2491,0.2492,0.2491,0.2492,14557.2
1791139680000,0.2491,0.2492,0.249,0.249,26479.5
1791139740000,0.2489,0.2489,0.2488,0.2488,12646.4
1791139800000,0.2488,0.2489,0.2487,0.2488,19478.0
1791139860000,0.2489,0.249,0.2488,0.249,4481.1
1791139920000,0.249,0.2491,0.249,0.2491,9734.4
1791139980000,0.2491,0.2495,0.2491,0.2494,87914.1
1791140040000,0.2495,0.2497,0.2492,0.2495,188654.6
1791140100000,0.2495,0.2495,0.2495,0.2495,25917.0
1791140160000,0.2495,0.2496,0.2494,0.2495,37866.6
1791140220000,0.2496,0.2499,0.2496,0.2498,295134.7
1791140280000,0.2499,0.2504,0.2498,0.2501,1014599.9
1791140340000,0.2501,0.2501,0.2497,0.2497,151093.9
1791140400000,0.2497,0.2504,0.2497,0.2503,266196.6
1791140460000,0.2502,0.2506,0.2499,0.2505,286973.4
1791140520000,0.2506,0.2514,0.2505,0.251,887680.2
1791140580000,0.251,0.2512,0.2508,0.2508,111467.6
1791140640000,0.2509,0.2519,0.2509,0.2518,602451.5
1791140700000,0.2518,0.2522,0.2518,0.2521,353871.1
1791140760000,0.2522,0.2531,0.2521,0.2523,1101399.7
1791140820000,0.2524,0.2526,0.252,0.2523,1024062.8
1791140880000,0.2522,0.2527,0.252,0.252,435262.7
1791140940000,0.252,0.2526,0.2517,0.2523,1047500.6
1791141000000,0.2524,0.253,0.2521,0.2529,623276.2
1791141060000,0.253,0.2532,0.2527,0.2528,623896.8
1791141120000,0.2527,0.2533,0.2527,0.2531,537980.3
1791141180000,0.2531,0.2531,0.2528,0.2529,496972.6
1791141240000,0.2529,0.2535,0.2529,0.2531,855796.6
1791141300000,0.2531,0.2538,0.2528,0.2536,610085.1
1791141360000,0.2535,0.2546,0.2535,0.2546,974035.6
1791141420000,0.2545,0.2558,0.2545,0.2556,1894087.8
1791141480000,0.2557,0.256,0.2551,0.2554,1340284.5
1791141540000,0.2555,0.2565,0.2554,0.2559,1281136.6
1791141600000,0.2558,0.2566,0.2556,0.2559,999063.7
1791141660000,0.2558,0.2567,0.2555,0.2562,1610009.0
1791141720000,0.2562,0.2562,0.2556,0.2556,529978.5
1791141780000,0.2557,0.2567,0.2555,0.2558,1085499.8
1791141840000,0.2559,0.2562,0.2557,0.2559,780238.0
1791141900000,0.2558,0.256,0.2555,0.2557,713202.9
1791141960000,0.2558,0.2564,0.2556,0.2556,884923.3
1791142020000,0.2556,0.2556,0.2549,0.2552,738916.2
1791142080000,0.2552,0.2555,0.255,0.2555,449353.5
1791142140000,0.2556,0.2557,0.2553,0.2554,487322.5
1791142200000,0.2555,0.2562,0.2554,0.2555,649568.1
1791142260000,0.2555,0.2556,0.2551,0.2556,478559.0
1791142320000,0.2555,0.256,0.2554,0.2559,476345.2
1791142380000,0.2559,0.2565,0.2556,0.2564,405075.5
1791142440000,0.2564,0.2576,0.2564,0.2569,909485.1
1791142500000,0.257,0.257,0.2565,0.2568,269662.8
1791142560000,0.2569,0.2574,0.2569,0.2572,597703.9
1791142620000,0.2571,0.2575,0.2571,0.2572,241202.4
1791142680000,0.2571,0.2573,0.2568,0.2572,543061.3
1791142740000,0.2571,0.2572,0.2564,0.2565,825280.9
1791142800000,0.2566,0.2568,0.2562,0.2566,523374.3
1791142860000,0.2565,0.2567,0.2557,0.2558,565578.9
1791142920000,0.2558,0.2558,0.2547,0.2548,413463.2
1791142980000,0.2547,0.2547,0.2542,0.2546,552256.8
1791143040000,0.2545,0.2546,0.2541,0.2542,197533.7
1791143100000,0.2542,0.2542,0.2533,0.2535,370951.2
1791143160000,0.2535,0.2536,0.2533,0.2533,250996.1
1791143220000,0.2533,0.2534,0.2529,0.2531,435526.3
1791143280000,0.253,0.2531,0.2527,0.2529,496777.8
1791143340000,0.2529,0.2529,0.2527,0.2528,307107.8
1791143400000,0.2528,0.2528,0.2523,0.2525,234591.2
1791143460000,0.2525,0.2526,0.252,0.2522,177516.0
1791143520000,0.2521,0.2523,0.2519,0.2519,116762.0
1791143580000,0.252,0.2523,0.252,0.2522,860655.7
1791143640000,0.2522,0.2524,0.252,0.2522,449415.4
1791143700000,0.2522,0.2524,0.2521,0.2522,166177.5
1791143760000,0.2522,0.2522,0.2521,0.2522,37294.6
1791143820000,0.2521,0.2527,0.2521,0.2526,361009.4
1791143880000,0.2526,0.253,0.2526,0.2527,197149.9
1791143940000,0.2528,0.2531,0.2528,0.2528,202076.6
1791144000000,0.2528,0.253,0.2521,0.2521,278380.7
1791144060000,0.252,0.252,0.2512,0.2517,299424.5
1791144120000,0.2518,0.2525,0.2516,0.2524,325391.0
1791144180000,0.2524,0.2527,0.2523,0.2524,114813.2
1791144240000,0.2523,0.2524,0.2522,0.2523,49877.7
1791144300000,0.2522,0.2522,0.2516,0.2517,241633.9
1791144360000,0.2516,0.2516,0.251,0.2511,163117.3
1791144420000,0.2511,0.2514,0.2509,0.2512,195198.3
1791144480000,0.2512,0.2514,0.2511,0.2513,157639.0
1791144540000,0.2514,0.252,0.2513,0.2519,291907.5
1791144600000,0.252,0.2527,0.2519,0.2523,478008.7
1791144660000,0.2524,0.2524,0.252,0.252,182750.1
1791144720000,0.2519,0.2522,0.2519,0.252,191869.9
1791144780000,0.252,0.252,0.2518,0.2518,118603.3
1791144840000,0.2519,0.2521,0.2519,0.252,183096.2
1791144900000,0.2519,0.2521,0.2519,0.2519,89668.4
1791144960000,0.2519,0.2521,0.2519,0.252,32235.5
1791145020000,0.2521,0.2521,0.2516,0.2516,338717.2
1791145080000,0.2516,0.2517,0.2514,0.2515,183602.2
1791145140000,0.2514,0.2515,0.2514,0.2515,44527.5
1791145200000,0.2515,0.252,0.2515,0.252,45200.6
1791145260000,0.252,0.2521,0.2518,0.2518,53814.2
1791145320000,0.2517,0.2517,0.2515,0.2516,13583.7
1791145380000,0.2516,0.2517,0.2515,0.2515,33705.9
1791145440000,0.2515,0.2515,0.2512,0.2513,270918.0
1791145500000,0.2512,0.2514,0.2511,0.2511,156436.7
1791145560000,0.251,0.251,0.2508,0.2508,45213.4
1791145620000,0.2508,0.2509,0.2508,0.2509,2833.6
1791145680000,0.2509,0.2511,0.2509,0.251,123048.4
1791145740000,0.251,0.251,0.2507,0.2508,17434.7
1791145800000,0.2507,0.2508,0.2503,0.2504,204131.5
1791145860000,0.2504,0.2506,0.2503,0.2504,137645.8
1791145920000,0.2504,0.2507,0.2504,0.2507,64326.3
1791145980000,0.2507,0.2509,0.2506,0.2509,156996.6
1791146040000,0.2508,0.2511,0.2507,0.251,147406.6
1791146100000,0.251,0.2514,0.251,0.2513,164402.6
1791146160000,0.2513,0.2513,0.2511,0.2511,25300.9
1791146220000,0.251,0.251,0.2509,0.2509,177146.3
1791146280000,0.2508,0.2509,0.2504,0.2507,297965.8
1791146340000,0.2506,0.2507,0.2504,0.2505,45644.8
1791146400000,0.2506,0.2507,0.2505,0.2507,32405.0
1791146460000,0.2507,0.2509,0.2506,0.2508,110519.7
1791146520000,0.2507,0.2507,0.2505,0.2506,524043.6
1791146580000,0.2505,0.2508,0.2505,0.2508,35640.2
1791146640000,0.2507,0.2507,0.2504,0.2504,94794.7
1791146700000,0.2504,0.2504,0.2503,0.2504,64998.4
1791146760000,0.2505,0.2507,0.2505,0.2507,14019.0
1791146820000,0.2507,0.2515,0.2507,0.2514,445829.0
1791146880000,0.2514,0.2515,0.2512,0.2512,183016.5
1791146940000,0.2511,0.2512,0.251,0.251,80074.9
1791147000000,0.251,0.2514,0.251,0.2514,112303.6
1791147060000,0.2513,0.2514,0.2511,0.2511,223692.9
1791147120000,0.2511,0.2515,0.2511,0.2512,176174.2
1791147180000,0.2512,0.2513,0.2511,0.2512,124389.1
1791147240000,0.2512,0.2513,0.2511,0.2512,70949.2
1791147300000,0.2513,0.2518,0.2513,0.2517,589445.5
1791147360000,0.2517,0.2521,0.2516,0.252,236298.2
1791147420000,0.252,0.2521,0.2518,0.2518,86141.5
1791147480000,0.2517,0.2517,0.2515,0.2516,22860.7
1791147540000,0.2515,0.2516,0.2514,0.2515,26010.2
1791147600000,0.2515,0.2515,0.2512,0.2512,52514.7
1791147660000,0.2512,0.2513,0.2511,0.2512,27953.9
1791147720000,0.2512,0.2514,0.2511,0.2514,18727.2
1791147780000,0.2514,0.2514,0.2511,0.2511,87020.4
1791147840000,0.2512,0.2512,0.2511,0.2512,39591.9
1791147900000,0.2511,0.2515,0.251,0.2513,374368.7
1791147960000,0.2513,0.2513,0.251,0.2511,36669.9
1791148020000,0.2511,0.2512,0.251,0.2512,38447.3
1791148080000,0.2512,0.2515,0.2512,0.2515,15726.7
1791148140000,0.2516,0.2517,0.2515,0.2515,76593.2
1791148200000,0.2516,0.2518,0.2516,0.2518,50376.4
1791148260000,0.2519,0.2521,0.2518,0.2519,131484.2
1791148320000,0.2519,0.252,0.2519,0.2519,79163.8
1791148380000,0.2519,0.252,0.2517,0.2518,105310.2
1791148440000,0.2518,0.2519,0.2517,0.2517,9229.9
1791148500000,0.2517,0.2517,0.2514,0.2515,95608.0
1791148560000,0.2515,0.2519,0.2515,0.2519,97854.9
1791148620000,0.252,0.2521,0.252,0.252,65383.0
1791148680000,0.2519,0.2521,0.2519,0.2521,50684.5
1791148740000,0.252,0.2522,0.252,0.2521,50433.6
1791148800000,0.252,0.2521,0.2517,0.2517,76325.5
1791148860000,0.2518,0.2518,0.2513,0.2515,129155.0
1791148920000,0.2514,0.2516,0.2513,0.2515,46162.4
1791148980000,0.2515,0.2516,0.2515,0.2516,4439.1
1791149040000,0.2515,0.2517,0.2515,0.2517,13197.2
1791149100000,0.2518,0.2519,0.2518,0.2519,8295.8
1791149160000,0.2518,0.2521,0.2518,0.252,72583.8
1791149220000,0.252,0.2521,0.252,0.2521,38660.2
1791149280000,0.252,0.2521,0.252,0.2521,10484.6
1791149340000,0.2522,0.2523,0.2522,0.2522,65946.3
1791149400000,0.2522,0.2523,0.2522,0.2523,32764.8
1791149460000,0.2523,0.2526,0.2523,0.2525,113762.0
1791149520000,0.2525,0.2527,0.2525,0.2527,130219.3
1791149580000,0.2527,0.2528,0.2526,0.2527,78522.9
1791149640000,0.2527,0.2527,0.2526,0.2527,35180.5
1791149700000,0.2526,0.2526,0.2521,0.2521,98106.9
1791149760000,0.2521,0.2523,0.2521,0.2521,145914.5
1791149820000,0.2521,0.2522,0.2521,0.2522,15536.7
1791149880000,0.2523,0.2526,0.2523,0.2526,10236.5
1791149940000,0.2526,0.2526,0.2523,0.2523,221573.4
1791150000000,0.2522,0.2526,0.2522,0.2525,31057.8
1791150060000,0.2525,0.2526,0.2525,0.2525,1944.0
1791150120000,0.2524,0.2525,0.2524,0.2525,16706.2
1791150180000,0.2525,0.2527,0.2524,0.2526,43311.5
1791150240000,0.2527,0.2527,0.2525,0.2527,38274.8
1791150300000,0.2527,0.2528,0.2526,0.2527,50062.5
1791150360000,0.2528,0.2535,0.2527,0.2535,299268.9
1791150420000,0.2534,0.2535,0.2534,0.2534,105939.7
1791150480000,0.2534,0.2536,0.2533,0.2535,36579.5
1791150540000,0.2535,0.2536,0.2533,0.2536,34283.6
1791150600000,0.2537,0.2541,0.2537,0.2541,119824.3
1791150660000,0.254,0.2545,0.2539,0.2545,138575.7
1791150720000,0.2544,0.2555,0.2544,0.2551,305575.0
1791150780000,0.2551,0.2552,0.2546,0.2546,126236.5
1791150840000,0.2546,0.2546,0.2538,0.2538,147331.4
1791150900000,0.2538,0.254,0.2535,0.2537,186137.1
1791150960000,0.2537,0.2537,0.2535,0.2535,67848.7
1791151020000,0.2535,0.2535,0.253,0.2531,204057.4
1791151080000,0.253,0.2531,0.2528,0.2531,111847.4
1791151140000,0.2531,0.2533,0.2531,0.2533,116152.9
1791151200000,0.2533,0.254,0.2533,0.2539,151289.4
1791151260000,0.2538,0.2547,0.2536,0.2547,264558.3
1791151320000,0.2546,0.2561,0.2546,0.2559,624293.4
1791151380000,0.2558,0.256,0.2552,0.2558,387866.5
1791151440000,0.2557,0.2564,0.2556,0.2562,299081.7
1791151500000,0.2562,0.2562,0.2556,0.2557,209985.8
1791151560000,0.2556,0.2562,0.2555,0.2558,265937.3
1791151620000,0.2558,0.2558,0.2549,0.2549,95681.3
1791151680000,0.2549,0.255,0.2547,0.255,48027.3
1791151740000,0.2549,0.255,0.2549,0.2549,38135.2
1791151800000,0.2548,0.2549,0.2547,0.2547,4897.1
1791151860000,0.2547,0.255,0.2545,0.255,86712.3
1791151920000,0.255,0.2551,0.2548,0.255,24088.3
1791151980000,0.255,0.2554,0.255,0.2553,106620.9
1791152040000,0.2553,0.2555,0.2551,0.2554,148477.4
1791152100000,0.2553,0.2555,0.2552,0.2554,56051.6
1791152160000,0.2555,0.2565,0.2554,0.2561,318862.1
1791152220000,0.256,0.2562,0.2559,0.2562,155825.3
1791152280000,0.2562,0.2565,0.2561,0.2564,185181.0
1791152340000,0.2564,0.257,0.2563,0.2569,565655.7
1791152400000,0.2569,0.2573,0.2569,0.2571,1071794.0
1791152460000,0.2571,0.2574,0.257,0.2574,339550.9
1791152520000,0.2574,0.2578,0.2573,0.2577,660055.0
1791152580000,0.2577,0.2578,0.2575,0.2577,467733.3
1791152640000,0.2576,0.258,0.2575,0.2577,263098.4
1791152700000,0.2577,0.2584,0.2577,0.2583,713347.6
1791152760000,0.2583,0.2584,0.2578,0.2581,700559.2
1791152820000,0.2581,0.2582,0.2576,0.2576,1134088.7
1791152880000,0.2576,0.2577,0.2573,0.2576,686640.9
1791152940000,0.2577,0.2584,0.2577,0.2584,579717.9
1791153000000,0.2583,0.2587,0.2579,0.2582,746908.1
1791153060000,0.2583,0.2597,0.2579,0.2593,1805996.8
1791153120000,0.2593,0.26,0.2591,0.2596,1467522.9
1791153180000,0.2596,0.261,0.2591,0.2608,2119472.4
1791153240000,0.2608,0.2642,0.2607,0.2641,5407179.0
1791153300000,0.264,0.2649,0.2638,0.2647,2535082.2
1791153360000,0.2647,0.2648,0.2632,0.2638,4626428.3
1791153420000,0.2638,0.2644,0.2634,0.2635,2075693.2
1791153480000,0.2635,0.2646,0.2626,0.2629,2236828.5
1791153540000,0.263,0.2632,0.2625,0.2628,775968.8
1791153600000,0.2629,0.2641,0.2627,0.2636,1451162.0
1791153660000,0.2637,0.2648,0.2629,0.2644,1311071.8
1791153720000,0.2644,0.2677,0.2644,0.2675,3271622.1
1791153780000,0.2675,0.2685,0.2659,0.2666,3260730.9
1791153840000,0.2666,0.267,0.2656,0.266,559216.8
1791153900000,0.266,0.2671,0.2653,0.2656,1321432.2
1791153960000,0.2655,0.2661,0.2639,0.2643,1406064.2
1791154020000,0.2643,0.2648,0.264,0.2641,1286159.5
1791154080000,0.2642,0.2645,0.2635,0.2637,384077.3
1791154140000,0.2637,0.2639,0.2632,0.2636,574934.7
1791154200000,0.2635,0.2636,0.2625,0.2626,695368.0
1791154260000,0.2626,0.2627,0.2616,0.2623,1213856.7
1791154320000,0.2624,0.2624,0.261,0.2617,954536.3
1791154380000,0.2617,0.2621,0.2613,0.2614,359287.9
1791154440000,0.2615,0.2619,0.2614,0.2617,398507.4
1791154500000,0.2618,0.2626,0.2616,0.2625,507679.6
1791154560000,0.2624,0.263,0.2624,0.2629,452588.1
1791154620000,0.2629,0.2631,0.2619,0.2621,318938.8
1791154680000,0.2621,0.2621,0.2611,0.2615,393224.6
1791154740000,0.2615,0.2624,0.2615,0.2621,498078.6
1791154800000,0.2621,0.2626,0.2616,0.2616,915787.6
1791154860000,0.2615,0.2622,0.2611,0.2617,552072.5
1791154920000,0.2617,0.2633,0.2617,0.2625,712379.8
1791154980000,0.2625,0.2626,0.262,0.2626,662388.4
1791155040000,0.2625,0.263,0.2624,0.2628,760178.5
1791155100000,0.2628,0.2629,0.2619,0.2623,594519.3
1791155160000,0.2622,0.2625,0.2621,0.2622,487683.6
1791155220000,0.2622,0.2622,0.2618,0.2619,402530.6
1791155280000,0.262,0.2627,0.262,0.2622,454172.5
1791155340000,0.2621,0.2623,0.262,0.2621,247969.5
1791155400000,0.2621,0.2624,0.2617,0.2622,403477.4
1791155460000,0.2621,0.2628,0.262,0.2628,333144.9
1791155520000,0.2628,0.2635,0.2628,0.2633,532163.7
1791155580000,0.2632,0.2632,0.2628,0.2631,162211.3
1791155640000,0.2631,0.2632,0.2629,0.2632,270083.3
1791155700000,0.2631,0.2633,0.2629,0.263,372917.5
1791155760000,0.2629,0.2634,0.2626,0.2634,401968.8
1791155820000,0.2634,0.2644,0.2634,0.2639,552961.3
1791155880000,0.2639,0.2639,0.263,0.2631,346242.2
1791155940000,0.2631,0.2636,0.2631,0.2635,221099.6
1791156000000,0.2634,0.2636,0.2631,0.2633,541915.9
1791156060000,0.2634,0.2634,0.263,0.263,239549.9
1791156120000,0.263,0.263,0.2625,0.2628,250679.1
1791156180000,0.2628,0.263,0.2627,0.2629,193895.1
1791156240000,0.2629,0.2631,0.2628,0.2629,180506.9
1791156300000,0.2629,0.2629,0.2626,0.2628,190583.3
1791156360000,0.2629,0.2631,0.2628,0.2628,221631.6
1791156420000,0.2629,0.2629,0.2624,0.2627,305160.9
1791156480000,0.2627,0.2627,0.262,0.262,277154.7
1791156540000,0.262,0.262,0.2613,0.2614,277703.8
1791156600000,0.2614,0.2617,0.2611,0.2612,552007.5
1791156660000,0.2613,0.2617,0.2609,0.261,777613.7
1791156720000,0.2611,0.2612,0.2608,0.2611,441586.8
1791156780000,0.261,0.2614,0.2608,0.2609,250816.6
1791156840000,0.2609,0.261,0.2601,0.2602,381386.2
1791156900000,0.2602,0.2605,0.2596,0.2598,346597.1
1791156960000,0.2598,0.26,0.2592,0.2594,565374.9
1791157020000,0.2594,0.2595,0.2593,0.2594,119250.6
1791157080000,0.2594,0.2594,0.2589,0.2591,231682.0
1791157140000,0.2592,0.2594,0.259,0.259,153237.6
1791157200000,0.2591,0.2597,0.259,0.2596,237149.2
1791157260000,0.2595,0.2601,0.2595,0.2596,507546.4
1791157320000,0.2597,0.2597,0.2593,0.2594,126314.7
1791157380000,0.2595,0.2597,0.2593,0.2594,169032.8
1791157440000,0.2594,0.2594,0.2592,0.2592,87592.3
1791157500000,0.2591,0.2591,0.2589,0.259,375499.4
1791157560000,0.2591,0.2595,0.2591,0.2594,72197.3
1791157620000,0.2595,0.2599,0.2595,0.2597,569605.8
1791157680000,0.2597,0.2598,0.2596,0.2597,114824.7
1791157740000,0.2597,0.2601,0.2597,0.26,137697.0
1791157800000,0.26,0.26,0.2597,0.2598,181102.0
1791157860000,0.2598,0.2598,0.2596,0.2598,102065.2
1791157920000,0.2597,0.2597,0.2594,0.2597,98957.6
1791157980000,0.2596,0.2596,0.2593,0.2594,147367.7
1791158040000,0.2594,0.2594,0.2592,0.2593,20372.8
1791158100000,0.2594,0.2594,0.2591,0.2591,60158.3
1791158160000,0.2591,0.2593,0.2591,0.2592,273959.7
1791158220000,0.2593,0.2593,0.2589,0.2591,135550.1
1791158280000,0.2591,0.2595,0.2591,0.2595,125161.7
1791158340000,0.2594,0.2597,0.2593,0.2597,199049.2
1791158400000,0.2597,0.2605,0.2596,0.2604,1183173.3
1791158460000,0.2604,0.2606,0.2597,0.2598,553783.1
1791158520000,0.2598,0.2604,0.2596,0.2597,517915.2
1791158580000,0.2598,0.2602,0.2594,0.2595,542163.6
1791158640000,0.2594,0.2594,0.259,0.2593,382808.6
1791158700000,0.2593,0.2595,0.2591,0.2593,299498.0
1791158760000,0.2594,0.2595,0.259,0.259,286195.8
1791158820000,0.2591,0.2591,0.2588,0.2589,155772.5
1791158880000,0.259,0.2602,0.259,0.2601,247742.6
1791158940000,0.2602,0.2602,0.2595,0.2596,128116.4
1791159000000,0.2595,0.26,0.2594,0.2599,273243.2
1791159060000,0.2598,0.2599,0.2596,0.2597,154728.8
1791159120000,0.2597,0.2598,0.2591,0.2591,580132.3
1791159180000,0.2591,0.2594,0.2591,0.2594,113625.6
1791159240000,0.2595,0.2595,0.2591,0.2591,56307.5
1791159300000,0.2592,0.2597,0.2592,0.2596,75991.8
1791159360000,0.2597,0.26,0.2597,0.26,150171.7
1791159420000,0.26,0.2602,0.2596,0.2596,169691.8
1791159480000,0.2597,0.2597,0.2591,0.2594,71269.8
1791159540000,0.2594,0.2596,0.2593,0.2595,180899.6
1791159600000,0.2595,0.2595,0.2593,0.2594,90869.2
1791159660000,0.2594,0.2594,0.2592,0.2592,108497.9
1791159720000,0.2591,0.2592,0.2582,0.2584,381393.1
1791159780000,0.2584,0.2589,0.2584,0.2588,178354.9
1791159840000,0.2587,0.259,0.2585,0.2589,147561.0
1791159900000,0.2589,0.2592,0.2585,0.2586,146887.3
1791159960000,0.2587,0.2588,0.2584,0.2586,73200.3
1791160020000,0.2586,0.2587,0.2585,0.2587,159973.3
1791160080000,0.2587,0.2589,0.2579,0.258,478156.7
1791160140000,0.2579,0.2583,0.2578,0.2583,204945.2
1791160200000,0.2582,0.2582,0.2578,0.2578,204976.3
1791160260000,0.2578,0.2584,0.2578,0.2581,495743.8
1791160320000,0.2582,0.2589,0.2581,0.2589,228797.6
1791160380000,0.2589,0.2589,0.2585,0.2587,221251.8
1791160440000,0.2587,0.259,0.2587,0.2587,119577.9
1791160500000,0.2587,0.2589,0.2586,0.2589,77258.7
1791160560000,0.259,0.2591,0.2588,0.259,76256.7
1791160620000,0.2591,0.2592,0.2587,0.2587,75970.4
1791160680000,0.2588,0.2593,0.2588,0.2593,175825.7
1791160740000,0.2593,0.2597,0.2592,0.2597,152973.8
1791160800000,0.2596,0.2599,0.2596,0.2599,126721.9
1791160860000,0.26,0.2605,0.26,0.2605,219808.1
1791160920000,0.2606,0.2613,0.2606,0.2612,180648.0
1791160980000,0.2612,0.2621,0.2612,0.262,331259.7
1791161040000,0.262,0.2624,0.2617,0.2619,345447.5
1791161100000,0.2618,0.2626,0.2616,0.2622,597597.6
1791161160000,0.2622,0.2622,0.2613,0.2613,317130.6
1791161220000,0.2613,0.2618,0.2609,0.2618,128443.4
1791161280000,0.2619,0.2625,0.2618,0.2625,146971.3
1791161340000,0.2625,0.2633,0.2625,0.263,473318.7
1791161400000,0.263,0.2631,0.2626,0.2629,209327.7
1791161460000,0.2629,0.2633,0.2629,0.2631,276248.6
1791161520000,0.263,0.2637,0.263,0.2634,183967.0
1791161580000,0.2633,0.2634,0.263,0.2633,330362.2
1791161640000,0.2632,0.2635,0.2626,0.2634,462856.4
1791161700000,0.2634,0.2637,0.2633,0.2636,216128.7
1791161760000,0.2635,0.2639,0.263,0.263,351598.1
1791161820000,0.2631,0.2636,0.263,0.2636,348305.8
1791161880000,0.2636,0.264,0.2635,0.2636,477971.5
1791161940000,0.2636,0.2636,0.263,0.2635,203619.5
1791162000000,0.2636,0.2644,0.2633,0.2639,764961.3
1791162060000,0.2639,0.2639,0.2632,0.2635,595636.0
1791162120000,0.2636,0.2651,0.2636,0.2645,1309992.1
1791162180000,0.2645,0.2649,0.2642,0.2642,471868.4
1791162240000,0.2643,0.265,0.2642,0.2643,578001.6
1791162300000,0.2642,0.2649,0.2642,0.2648,498038.9
1791162360000,0.2647,0.2653,0.2644,0.2649,599065.9
1791162420000,0.2649,0.2652,0.2645,0.2646,452689.4
1791162480000,0.2645,0.2647,0.2644,0.2646,471931.2
1791162540000,0.2647,0.2655,0.2646,0.2655,604666.3
1791162600000,0.2655,0.2659,0.2655,0.2658,379243.2
1791162660000,0.2657,0.2662,0.2656,0.2661,460069.8
1791162720000,0.266,0.2661,0.2658,0.266,268530.7
1791162780000,0.266,0.2666,0.266,0.2661,703973.7
1791162840000,0.2662,0.2662,0.2658,0.266,170005.7
1791162900000,0.266,0.2667,0.2658,0.2664,550299.9
1791162960000,0.2663,0.2664,0.2658,0.2664,294192.8
1791163020000,0.2664,0.2669,0.2663,0.2668,497966.4
1791163080000,0.2668,0.2668,0.2665,0.2667,248197.9
1791163140000,0.2667,0.267,0.2666,0.2667,649436.1
1791163200000,0.2666,0.2672,0.2665,0.267,411083.2
1791163260000,0.2669,0.2674,0.2667,0.2668,858701.8
1791163320000,0.2667,0.267,0.2665,0.2666,406391.9
1791163380000,0.2666,0.2669,0.2662,0.2669,517073.2
1791163440000,0.2668,0.2674,0.2668,0.267,458749.4
1791163500000,0.2669,0.2669,0.2666,0.2668,506140.0
1791163560000,0.2668,0.2669,0.2666,0.2667,191250.1
1791163620000,0.2667,0.2667,0.2658,0.2658,150612.1
1791163680000,0.2658,0.2658,0.2655,0.2658,238430.1
1791163740000,0.2657,0.2657,0.2645,0.2647,383546.9
1791163800000,0.2647,0.265,0.2646,0.2647,229182.4
1791163860000,0.2646,0.2646,0.2637,0.2638,687145.8
1791163920000,0.2638,0.2646,0.2637,0.2639,873375.2
1791163980000,0.2639,0.2639,0.2636,0.2637,246506.7
1791164040000,0.2637,0.2637,0.2624,0.263,544009.0
1791164100000,0.263,0.2632,0.2627,0.2631,223403.6
1791164160000,0.2631,0.2635,0.263,0.2632,292325.0
1791164220000,0.2632,0.2635,0.2631,0.2633,252119.2
1791164280000,0.2633,0.2633,0.263,0.263,136575.6
1791164340000,0.2631,0.2633,0.2631,0.2631,139206.0
1791164400000,0.2631,0.2631,0.2628,0.2628,80391.1
1791164460000,0.2629,0.2638,0.2629,0.2636,131197.1
1791164520000,0.2635,0.2636,0.2629,0.2635,577500.3
1791164580000,0.2635,0.2636,0.2631,0.2633,194907.5
1791164640000,0.2633,0.2634,0.2632,0.2634,65892.4
1791164700000,0.2633,0.2634,0.2632,0.2633,43542.7
1791164760000,0.2633,0.2639,0.2633,0.2639,365893.0
1791164820000,0.2639,0.2639,0.2634,0.2635,46671.2
1791164880000,0.2634,0.2639,0.2634,0.2638,139725.9
1791164940000,0.2638,0.2643,0.2638,0.2639,117248.0
1791165000000,0.2638,0.264,0.2637,0.2637,72298.2
1791165060000,0.2638,0.264,0.2637,0.2639,88884.3
1791165120000,0.2638,0.264,0.2637,0.2639,92876.3
1791165180000,0.2639,0.2641,0.2638,0.2639,222405.2
1791165240000,0.2639,0.264,0.2638,0.2638,54828.5
1791165300000,0.2638,0.2639,0.2637,0.2639,34627.3
1791165360000,0.2638,0.264,0.2634,0.2635,69877.8
1791165420000,0.2635,0.2642,0.2635,0.2641,292304.7
1791165480000,0.2641,0.2642,0.2637,0.2637,46621.0
1791165540000,0.2638,0.264,0.2637,0.2637,80521.6
1791165600000,0.2638,0.2639,0.2637,0.2637,130293.4
1791165660000,0.2638,0.2644,0.2636,0.2644,624949.0
1791165720000,0.2645,0.2651,0.2645,0.2648,407781.3
1791165780000,0.2648,0.265,0.2646,0.2648,197348.2
1791165840000,0.2647,0.2649,0.2645,0.2647,218936.1
1791165900000,0.2647,0.2653,0.2647,0.2652,121732.2
1791165960000,0.2653,0.2655,0.265,0.2651,216205.2
1791166020000,0.2651,0.2653,0.2649,0.2652,188503.0
1791166080000,0.2652,0.2652,0.2648,0.2649,152025.7
1791166140000,0.265,0.2655,0.265,0.2653,284546.1
1791166200000,0.2653,0.2654,0.2651,0.2652,78161.4
1791166260000,0.2652,0.2662,0.2652,0.2661,349850.9
1791166320000,0.266,0.2664,0.2658,0.2663,414800.6
1791166380000,0.2663,0.2668,0.266,0.2666,369956.7
1791166440000,0.2667,0.268,0.2667,0.2679,959861.3
1791166500000,0.2678,0.2693,0.2675,0.2688,1594092.0
1791166560000,0.2688,0.2694,0.2684,0.2692,1390272.9
1791166620000,0.2692,0.2693,0.2677,0.2679,618892.1
1791166680000,0.2678,0.2678,0.2668,0.2671,338378.0
1791166740000,0.2671,0.2675,0.267,0.2673,287857.7
1791166800000,0.2673,0.2676,0.2667,0.2674,192949.7
1791166860000,0.2674,0.2674,0.2667,0.2671,292008.6
1791166920000,0.267,0.2672,0.2667,0.267,202046.1
1791166980000,0.267,0.2672,0.2668,0.2671,249817.1
1791167040000,0.2671,0.2675,0.267,0.2673,184726.1
1791167100000,0.2672,0.2679,0.2671,0.2678,985622.0
1791167160000,0.2678,0.268,0.2673,0.2673,241442.7
1791167220000,0.2673,0.2684,0.2667,0.2684,299796.1
1791167280000,0.2684,0.2685,0.2677,0.2677,232346.0
1791167340000,0.2676,0.2678,0.2671,0.2671,128025.3
1791167400000,0.2671,0.2674,0.2667,0.2669,1279437.8
1791167460000,0.2669,0.2671,0.2664,0.2666,182702.7
1791167520000,0.2666,0.2669,0.2665,0.2669,140078.2
1791167580000,0.2669,0.2669,0.2663,0.2667,131713.9
1791167640000,0.2666,0.2667,0.2664,0.2664,100660.3
1791167700000,0.2664,0.267,0.2664,0.2668,559714.7
1791167760000,0.2667,0.2673,0.2666,0.2672,297524.9
1791167820000,0.2672,0.2685,0.2671,0.2685,354805.7
1791167880000,0.2685,0.2691,0.2684,0.2684,403831.9
1791167940000,0.2684,0.2702,0.2684,0.2697,1557958.5
1791168000000,0.2696,0.2706,0.2696,0.2699,1568752.0
1791168060000,0.2698,0.2712,0.2694,0.2708,901684.4
1791168120000,0.2707,0.2711,0.2702,0.2707,582493.2
1791168180000,0.2706,0.2706,0.27,0.2701,379368.2
1791168240000,0.2701,0.2705,0.2696,0.2699,651868.8
1791168300000,0.2699,0.2706,0.2698,0.2702,339289.5
1791168360000,0.2701,0.2705,0.2699,0.27,498755.2
1791168420000,0.27,0.2704,0.2695,0.2698,601542.0
1791168480000,0.2698,0.2705,0.2698,0.27,775098.8
1791168540000,0.2699,0.2702,0.2697,0.2697,167469.6
1791168600000,0.2697,0.2697,0.2693,0.2694,267406.3
1791168660000,0.2693,0.2696,0.269,0.2693,180637.0
1791168720000,0.2693,0.2695,0.2692,0.2694,107079.6
1791168780000,0.2694,0.2695,0.2691,0.2691,202908.7
1791168840000,0.2691,0.2691,0.2687,0.2689,120888.9
1791168900000,0.2689,0.2694,0.2688,0.2694,169713.8
1791168960000,0.2693,0.2698,0.2691,0.2692,285564.6
1791169020000,0.2691,0.2692,0.2689,0.2692,101491.4
1791169080000,0.2692,0.2692,0.2686,0.2686,255505.1
1791169140000,0.2685,0.2685,0.2679,0.2683,167878.4
1791169200000,0.2684,0.269,0.2683,0.2689,364832.7
1791169260000,0.269,0.269,0.2682,0.2682,375976.6
1791169320000,0.2681,0.2683,0.2679,0.2679,238966.4
1791169380000,0.2679,0.2683,0.2677,0.2678,278896.1
1791169440000,0.2677,0.2678,0.2674,0.2675,147511.4
1791169500000,0.2674,0.2678,0.2672,0.2677,471747.4
1791169560000,0.2676,0.268,0.2676,0.2679,119166.4
1791169620000,0.268,0.2682,0.2678,0.2682,219485.7
1791169680000,0.2682,0.2685,0.268,0.2685,296376.1
1791169740000,0.2685,0.2685,0.268,0.2681,178588.0
1791169800000,0.268,0.2682,0.2677,0.2681,166283.6
1791169860000,0.2681,0.2685,0.268,0.2684,252480.1
1791169920000,0.2684,0.2691,0.2684,0.2687,362117.1
1791169980000,0.2687,0.2688,0.2686,0.2687,73925.3
1791170040000,0.2686,0.2697,0.2685,0.2697,570734.9
1791170100000,0.2697,0.2699,0.2692,0.2692,588668.6
1791170160000,0.2692,0.2708,0.2692,0.2706,767306.3
1791170220000,0.2705,0.2708,0.2704,0.2704,315694.4
1791170280000,0.2704,0.2706,0.27,0.2701,286989.9
1791170340000,0.2701,0.2703,0.2696,0.27,255589.4
1791170400000,0.2699,0.2703,0.2697,0.2703,488270.4
1791170460000,0.2702,0.2703,0.2695,0.2695,232988.3
1791170520000,0.2695,0.2695,0.2682,0.2689,503812.6
1791170580000,0.2689,0.2693,0.2681,0.2693,748433.2
1791170640000,0.2692,0.2697,0.2685,0.2696,311196.9
1791170700000,0.2697,0.2706,0.2697,0.2698,505149.8
1791170760000,0.2698,0.2698,0.2688,0.2689,192857.8
1791170820000,0.2689,0.2694,0.2689,0.2692,399077.6
1791170880000,0.2692,0.2693,0.2689,0.2692,215728.5
1791170940000,0.2692,0.2698,0.2692,0.2696,238816.4
1791171000000,0.2697,0.27,0.2694,0.2697,402738.1
1791171060000,0.2697,0.2711,0.2697,0.271,991469.7
1791171120000,0.271,0.2717,0.271,0.2715,1264853.8
1791171180000,0.2715,0.2715,0.2705,0.2709,820168.4
1791171240000,0.2709,0.2709,0.2704,0.2706,385305.8
1791171300000,0.2706,0.2707,0.2703,0.2705,414119.7
1791171360000,0.2705,0.2706,0.2703,0.2704,278406.4
1791171420000,0.2704,0.2712,0.2701,0.2711,501501.4
1791171480000,0.271,0.2715,0.2709,0.2714,244602.5
1791171540000,0.2714,0.2721,0.2713,0.2719,656571.9
1791171600000,0.2718,0.2724,0.2716,0.2717,767281.8
1791171660000,0.2717,0.2717,0.2706,0.271,381194.5
1791171720000,0.271,0.2714,0.2709,0.271,268501.0
1791171780000,0.271,0.2714,0.2707,0.2708,370683.6
1791171840000,0.2707,0.2709,0.2705,0.2705,139885.6
1791171900000,0.2705,0.2712,0.2705,0.2711,347228.5
1791171960000,0.271,0.2711,0.2706,0.2708,276752.1
1791172020000,0.2709,0.271,0.2706,0.2707,131050.7
1791172080000,0.2707,0.2707,0.2702,0.2707,166068.7
1791172140000,0.2707,0.2709,0.2706,0.2708,206745.2
1791172200000,0.2707,0.2707,0.2698,0.27,480455.0
1791172260000,0.27,0.2703,0.2699,0.2702,231578.5
1791172320000,0.2701,0.2702,0.2696,0.2697,285984.0
1791172380000,0.2698,0.2699,0.2695,0.2695,514609.1
1791172440000,0.2695,0.2696,0.2691,0.2694,477609.2
1791172500000,0.2695,0.2702,0.2693,0.2696,326156.5
1791172560000,0.2696,0.2699,0.2695,0.2696,83938.5
1791172620000,0.2696,0.2697,0.2685,0.2686,778729.6
1791172680000,0.2686,0.2696,0.2681,0.2683,309082.1
1791172740000,0.2683,0.269,0.2681,0.2688,578623.7
1791172800000,0.2688,0.2691,0.268,0.2681,254420.8
1791172860000,0.2681,0.2696,0.2677,0.2696,573289.3
1791172920000,0.2696,0.2698,0.2692,0.2692,365370.1
1791172980000,0.2691,0.2694,0.2688,0.2693,225090.7
1791173040000,0.2693,0.2693,0.2682,0.2682,460705.9
1791173100000,0.2682,0.2682,0.2675,0.2681,299143.7
1791173160000,0.2681,0.269,0.2679,0.2684,260186.9
1791173220000,0.2684,0.2688,0.2681,0.2681,180592.3
1791173280000,0.2681,0.2682,0.2674,0.2681,444002.2
1791173340000,0.268,0.2681,0.2675,0.2675,229514.5
1791173400000,0.2675,0.2675,0.2668,0.2669,346122.2
1791173460000,0.2669,0.2679,0.2668,0.2675,315029.4
1791173520000,0.2675,0.2677,0.2672,0.2677,314238.8
1791173580000,0.2676,0.2678,0.2673,0.2674,99588.8
1791173640000,0.2673,0.2677,0.2673,0.2675,338547.1
1791173700000,0.2675,0.2675,0.2671,0.2675,82240.1
1791173760000,0.2675,0.2676,0.2671,0.2674,175733.1
1791173820000,0.2673,0.2674,0.2665,0.2666,360907.9
1791173880000,0.2666,0.2668,0.2656,0.2658,559376.8
1791173940000,0.2658,0.2659,0.2654,0.2655,495783.8
1791174000000,0.2654,0.2659,0.2654,0.2656,212585.2
1791174060000,0.2656,0.2659,0.2655,0.2658,240074.7
1791174120000,0.2658,0.2662,0.2652,0.2662,1034576.5
1791174180000,0.2662,0.2673,0.2662,0.2669,366708.2
1791174240000,0.267,0.2678,0.267,0.2677,181710.1
1791174300000,0.2678,0.2685,0.2678,0.2679,205270.8
1791174360000,0.2678,0.2681,0.2671,0.2673,296576.8
1791174420000,0.2673,0.2677,0.2672,0.2672,251115.9
1791174480000,0.2673,0.2674,0.2669,0.267,169000.5
1791174540000,0.267,0.267,0.2665,0.2667,91555.8
1791174600000,0.2667,0.267,0.2666,0.2668,125896.8
1791174660000,0.2668,0.2671,0.2666,0.2666,214423.8
1791174720000,0.2665,0.2665,0.2643,0.2646,975774.6
1791174780000,0.2646,0.2659,0.2643,0.2659,459324.6
1791174840000,0.2659,0.2661,0.2653,0.2653,468973.1
1791174900000,0.2654,0.2654,0.2647,0.2648,237608.1
1791174960000,0.2649,0.2652,0.2647,0.2647,803934.4
1791175020000,0.2647,0.2651,0.2647,0.2649,349564.1
1791175080000,0.2649,0.265,0.264,0.2643,471303.8
1791175140000,0.2643,0.2643,0.2637,0.2641,743611.3
1791175200000,0.2641,0.2644,0.2639,0.2641,329683.7
1791175260000,0.2641,0.2645,0.2639,0.2644,805500.2
1791175320000,0.2644,0.2651,0.2644,0.2648,363356.1
1791175380000,0.2648,0.2653,0.2648,0.2651,167069.6
1791175440000,0.2652,0.2657,0.2652,0.2653,113009.8
1791175500000,0.2652,0.2659,0.2651,0.2659,122872.7
1791175560000,0.2658,0.2663,0.2657,0.2661,174672.3
1791175620000,0.2662,0.2668,0.2662,0.2663,165542.7
1791175680000,0.2663,0.2677,0.2663,0.2675,510618.0
1791175740000,0.2675,0.2677,0.2672,0.2672,300445.6
1791175800000,0.2671,0.2672,0.2663,0.2664,106684.9
1791175860000,0.2663,0.2669,0.2662,0.2669,131447.9
1791175920000,0.2669,0.2669,0.2658,0.2659,82184.5
1791175980000,0.2659,0.266,0.2657,0.2658,70462.4
1791176040000,0.2658,0.2662,0.2658,0.2662,104371.6
1791176100000,0.2662,0.2665,0.2662,0.2662,141363.6
1791176160000,0.2662,0.2663,0.2661,0.2662,116412.3
1791176220000,0.2663,0.2664,0.2662,0.2663,43766.1
1791176280000,0.2664,0.2666,0.2663,0.2664,135046.1
1791176340000,0.2665,0.2667,0.2664,0.2665,126398.5
1791176400000,0.2664,0.2667,0.2664,0.2667,91350.0
1791176460000,0.2667,0.2669,0.2662,0.2664,222352.3
1791176520000,0.2664,0.2665,0.2661,0.2661,630816.3
1791176580000,0.2661,0.2669,0.2661,0.2669,433570.4
1791176640000,0.2669,0.2675,0.2667,0.2668,673074.9
1791176700000,0.2667,0.268,0.2666,0.2679,249566.2
1791176760000,0.2679,0.268,0.2676,0.2679,240096.2
1791176820000,0.2678,0.2679,0.2675,0.2678,191124.6
1791176880000,0.2677,0.2681,0.2673,0.2681,115420.3
1791176940000,0.268,0.2683,0.2679,0.2681,124457.5
1791177000000,0.2681,0.2683,0.2679,0.2681,177166.1
1791177060000,0.2681,0.2681,0.2678,0.268,450550.3
1791177120000,0.268,0.2681,0.2678,0.2679,111605.5
1791177180000,0.2679,0.268,0.2677,0.2678,72822.3
1791177240000,0.2678,0.2679,0.2673,0.2673,211012.6
1791177300000,0.2673,0.2676,0.2672,0.2673,202699.6
1791177360000,0.2674,0.2677,0.2672,0.2677,88127.5
