open_time_ms,open,high,low,close,volume
1790877480000,772.28,772.47,772.21,772.24,36.105
1790877540000,772.23,772.87,772.12,772.76,68.258
1790877600000,772.77,772.77,771.78,771.85,82.809
1790877660000,771.84,772.44,771.69,772.44,72.473
1790877720000,772.45,772.57,771.78,771.78,87.593
1790877780000,771.77,771.78,771.18,771.19,83.779
1790877840000,771.18,771.29,771.15,771.15,48.883
1790877900000,771.16,771.26,770.86,770.86,73.19
1790877960000,770.85,770.85,770.44,770.56,34.364
1790878020000,770.56,770.77,770.14,770.65,71.841
1790878080000,770.65,770.97,770.61,770.84,37.688
1790878140000,770.85,771.37,770.85,771.36,44.548
1790878200000,771.36,771.65,771.15,771.21,25.82
1790878260000,771.21,771.58,771.21,771.44,154.992
1790878320000,771.45,771.76,771.45,771.65,61.211
1790878380000,771.65,772.04,771.35,771.59,86.833
1790878440000,771.6,771.6,771.01,771.06,29.338
1790878500000,771.06,771.15,770.84,770.84,73.919
1790878560000,770.84,770.94,770.61,770.64,73.755
1790878620000,770.66,770.91,770.66,770.73,76.046
1790878680000,770.72,771.32,770.72,771.05,46.051
1790878740000,771.05,771.05,770.39,770.57,92.328
1790878800000,770.56,770.59,770.35,770.48,44.814
1790878860000,770.48,770.63,770.39,770.39,48.918
1790878920000,770.39,770.44,770.06,770.27,71.402
1790878980000,770.27,771.16,770.21,771.16,91.021
1790879040000,771.16,771.17,770.88,770.89,50.957
1790879100000,770.88,770.88,770.57,770.87,51.565
1790879160000,770.86,770.86,770.61,770.68,33.733
1790879220000,770.67,770.98,770.57,770.66,53.927
1790879280000,770.66,771.0,770.65,770.79,26.456
1790879340000,770.79,770.88,770.61,770.62,32.932
1790879400000,770.61,770.7,770.41,770.7,77.243
1790879460000,770.69,770.75,770.45,770.68,53.708
1790879520000,770.68,770.69,770.54,770.57,98.34
1790879580000,770.56,770.57,770.12,770.34,53.083
1790879640000,770.35,771.2,770.2,771.17,63.349
1790879700000,771.16,771.72,771.0,771.63,82.906
1790879760000,771.63,771.63,770.9,771.06,84.612
1790879820000,771.05,771.31,770.61,771.3,89.75
1790879880000,771.31,772.47,771.31,772.4,49.384
1790879940000,772.4,772.53,771.94,771.94,224.731
1790880000000,771.96,771.97,771.13,771.14,211.448
1790880060000,771.14,771.57,771.04,771.28,74.991
1790880120000,771.28,771.59,771.21,771.26,94.441
1790880180000,771.25,771.29,770.43,770.45,55.092
1790880240000,770.46,771.0,770.46,770.84,51.739
1790880300000,770.84,770.84,770.62,770.62,38.276
1790880360000,770.61,770.68,770.36,770.68,46.825
1790880420000,770.69,770.73,770.29,770.3,78.712
1790880480000,770.29,770.29,769.76,769.77,130.288
1790880540000,769.76,770.19,769.57,769.89,96.373
1790880600000,769.89,770.28,769.89,770.13,72.401
1790880660000,770.13,770.15,769.97,770.15,41.74
1790880720000,770.16,770.22,769.58,769.61,43.922
1790880780000,769.62,770.14,769.62,770.08,30.388
1790880840000,770.08,770.08,769.77,770.03,44.002
1790880900000,770.04,770.04,769.82,769.95,32.204
1790880960000,769.95,770.26,769.95,770.2,25.247
1790881020000,770.21,770.46,770.17,770.46,29.515
1790881080000,770.46,770.52,770.41,770.52,46.17
1790881140000,770.52,770.52,770.15,770.38,51.547
1790881200000,770.39,770.46,770.38,770.46,43.973
1790881260000,770.46,770.46,769.53,769.53,46.6
1790881320000,769.54,769.72,769.4,769.71,27.979
1790881380000,769.72,770.13,769.54,770.13,73.42
1790881440000,770.14,770.3,769.96,770.15,45.274
1790881500000,770.16,770.21,770.06,770.06,38.878
1790881560000,770.07,770.1,769.81,770.1,212.577
1790881620000,770.1,770.33,769.95,770.07,53.258
1790881680000,770.08,770.4,769.73,770.32,81.591
1790881740000,770.32,770.56,770.31,770.51,60.884
1790881800000,770.52,770.64,770.49,770.49,52.235
1790881860000,770.5,770.5,769.97,769.97,103.257
1790881920000,769.98,770.0,769.72,770.0,77.826
1790881980000,769.99,770.32,769.99,770.32,92.728
1790882040000,770.31,770.32,770.08,770.09,35.647
1790882100000,770.09,770.21,769.84,770.17,303.293
1790882160000,770.18,770.18,769.9,770.01,28.635
1790882220000,770.01,770.14,769.92,769.92,46.239
1790882280000,769.92,769.92,769.74,769.75,40.443
1790882340000,769.76,770.12,769.76,769.91,23.925
1790882400000,769.91,769.91,769.62,769.7,18.101
1790882460000,769.7,769.95,769.66,769.91,14.963
1790882520000,769.91,769.91,769.41,769.41,26.935
1790882580000,769.41,769.41,769.12,769.19,54.341
1790882640000,769.18,769.19,769.02,769.07,18.461
1790882700000,769.07,769.3,769.03,769.24,38.214
1790882760000,769.24,769.29,769.01,769.01,33.789
1790882820000,769.01,769.01,768.46,768.47,73.003
1790882880000,768.47,768.55,768.35,768.36,39.79
1790882940000,768.36,768.64,768.06,768.13,59.615
1790883000000,768.13,768.6,768.02,768.6,27.044
1790883060000,768.59,769.1,768.59,769.09,22.919
1790883120000,769.09,769.9,768.94,769.62,54.219
1790883180000,769.62,770.04,769.5,769.62,140.515
1790883240000,769.65,769.77,769.28,769.5,14.881
1790883300000,769.49,769.49,769.0,769.01,9.852
1790883360000,769.01,769.14,768.83,768.84,20.294
1790883420000,768.85,768.85,768.45,768.6,43.323
1790883480000,768.6,768.64,768.44,768.45,15.896
1790883540000,768.44,768.7,768.44,768.63,9.921
1790883600000,768.63,768.77,768.3,768.77,22.366
1790883660000,768.78,769.19,768.78,768.92,71.414
1790883720000,768.92,768.94,768.73,768.73,3.982
1790883780000,768.74,768.85,768.74,768.85,18.264
1790883840000,768.85,769.0,768.84,768.89,16.917
1790883900000,768.9,769.3,768.9,769.3,45.116
1790883960000,769.3,769.31,769.18,769.3,11.546
1790884020000,769.3,769.3,769.08,769.08,8.729
1790884080000,769.07,769.08,768.6,768.6,29.957
1790884140000,768.61,768.9,768.6,768.83,28.701
1790884200000,768.84,769.59,768.84,769.59,159.972
1790884260000,769.59,769.79,769.41,769.52,172.295
1790884320000,769.51,769.62,769.3,769.61,35.454
1790884380000,769.61,769.61,769.36,769.46,9.911
1790884440000,769.47,769.53,769.09,769.1,9.944
1790884500000,769.09,769.09,768.66,768.78,100.44
1790884560000,768.77,769.06,768.63,769.06,68.681
1790884620000,769.06,769.14,769.06,769.14,31.482
1790884680000,769.13,769.61,769.13,769.61,74.888
1790884740000,769.61,769.61,769.3,769.57,127.552
1790884800000,769.57,770.07,769.55,770.04,98.008
1790884860000,770.05,770.19,769.87,770.18,13.372
1790884920000,770.19,770.29,770.0,770.06,20.396
1790884980000,770.07,770.14,770.01,770.13,12.649
1790885040000,770.13,770.48,770.13,770.42,30.33
1790885100000,770.42,770.58,770.11,770.11,50.274
1790885160000,770.11,770.33,770.01,770.33,38.002
1790885220000,770.33,770.52,770.02,770.31,28.377
1790885280000,770.29,770.29,770.08,770.11,14.882
1790885340000,770.11,770.25,770.11,770.13,14.152
1790885400000,770.12,770.13,769.92,769.93,16.196
1790885460000,769.93,770.16,769.85,769.94,38.804
1790885520000,769.94,770.06,769.85,769.85,12.306
1790885580000,769.84,770.06,769.84,770.06,32.124
1790885640000,770.06,770.13,769.96,769.97,70.175
1790885700000,769.96,770.18,769.93,769.93,52.262
1790885760000,769.91,770.14,769.73,769.73,46.418
1790885820000,769.73,770.01,769.73,769.97,35.889
1790885880000,769.97,770.23,769.95,770.18,59.015
1790885940000,770.18,770.21,770.07,770.19,36.379
1790886000000,770.2,770.57,770.19,770.57,21.282
1790886060000,770.57,770.57,770.22,770.22,18.419
1790886120000,770.22,770.26,770.22,770.26,64.322
1790886180000,770.26,770.26,770.06,770.11,15.608
1790886240000,770.12,770.23,770.12,770.14,14.42
1790886300000,770.14,770.15,770.14,770.14,17.376
1790886360000,770.15,770.15,769.69,769.69,14.014
1790886420000,769.69,770.05,769.69,770.04,29.418
1790886480000,770.05,770.13,769.95,769.95,9.668
1790886540000,769.95,769.96,769.82,769.82,4.622
1790886600000,769.82,770.04,769.81,770.02,42.031
1790886660000,770.02,770.02,769.98,769.99,2.812
1790886720000,769.99,770.13,769.99,770.13,14.273
1790886780000,770.13,770.13,770.03,770.03,18.093
1790886840000,770.03,770.03,769.64,769.64,25.814
1790886900000,769.63,769.64,769.3,769.3,24.422
1790886960000,769.29,769.62,769.22,769.59,36.244
1790887020000,769.58,769.59,769.27,769.59,7.634
1790887080000,769.59,769.63,769.42,769.5,13.51
1790887140000,769.49,769.49,769.34,769.4,32.841
1790887200000,769.4,769.41,769.21,769.41,34.512
1790887260000,769.41,769.41,769.0,769.01,32.817
1790887320000,769.02,769.04,768.81,769.04,126.209
1790887380000,769.03,769.28,769.03,769.27,14.487
1790887440000,769.27,769.28,769.27,769.28,20.725
1790887500000,769.28,769.28,768.86,768.87,23.311
1790887560000,768.87,769.36,768.87,769.31,18.098
1790887620000,769.31,769.31,769.3,769.3,4.255
1790887680000,769.3,769.31,769.3,769.3,19.119
1790887740000,769.31,769.55,769.3,769.37,52.125
1790887800000,769.38,769.5,769.35,769.5,21.755
1790887860000,769.5,769.8,769.5,769.61,66.236
1790887920000,769.61,769.72,769.56,769.72,27.856
1790887980000,769.72,769.85,769.64,769.65,43.192
1790888040000,769.64,769.82,769.56,769.82,26.726
1790888100000,769.82,770.06,769.82,770.06,44.972
1790888160000,770.06,770.06,769.69,769.7,50.351
1790888220000,769.7,769.79,769.69,769.79,12.278
1790888280000,769.79,769.9,769.78,769.79,94.747
1790888340000,769.79,769.99,769.71,769.98,50.368
1790888400000,769.99,770.1,769.98,770.1,67.763
1790888460000,770.1,770.21,769.83,769.83,67.38
1790888520000,769.83,770.02,769.72,770.02,58.375
1790888580000,770.02,770.04,769.84,769.84,35.285
1790888640000,769.85,769.85,769.84,769.85,38.347
1790888700000,769.85,770.12,769.84,770.12,49.045
1790888760000,770.12,770.32,770.12,770.32,52.374
1790888820000,770.32,770.39,770.24,770.39,56.55
1790888880000,770.39,770.41,770.24,770.25,52.867
1790888940000,770.24,770.25,770.03,770.25,60.557
1790889000000,770.26,770.3,770.26,770.3,46.61
1790889060000,770.3,770.31,770.21,770.21,50.456
1790889120000,770.21,770.21,770.01,770.01,36.237
1790889180000,770.02,770.05,769.79,769.8,47.406
1790889240000,769.8,770.04,769.7,769.94,196.337
1790889300000,769.94,769.94,769.76,769.9,155.792
1790889360000,769.89,769.9,769.67,769.76,33.497
1790889420000,769.77,770.02,769.77,770.01,48.213
1790889480000,770.01,770.02,769.81,769.9,99.373
1790889540000,769.91,769.97,769.84,769.97,40.601
1790889600000,769.97,770.57,769.97,770.4,110.006
1790889660000,770.4,770.44,770.36,770.36,53.193
1790889720000,770.36,770.36,770.14,770.26,52.553
1790889780000,770.25,770.26,770.25,770.25,63.885
1790889840000,770.26,770.28,770.2,770.21,53.975
1790889900000,770.22,770.22,770.13,770.16,50.276
1790889960000,770.15,770.38,770.15,770.38,44.452
1790890020000,770.37,770.38,770.2,770.24,127.828
1790890080000,770.23,770.23,769.89,769.93,50.484
1790890140000,769.94,770.04,769.94,769.94,51.546
1790890200000,769.94,769.95,769.39,769.4,78.476
1790890260000,769.4,769.59,769.39,769.59,48.372
1790890320000,769.6,770.07,769.6,769.97,87.29
1790890380000,769.97,769.97,769.9,769.9,26.796
1790890440000,769.9,769.91,769.78,769.86,73.592
1790890500000,769.85,770.02,769.85,770.02,46.496
1790890560000,770.01,770.02,770.01,770.02,43.194
1790890620000,770.02,770.02,769.59,769.69,42.52
1790890680000,769.68,769.8,769.46,769.8,79.026
1790890740000,769.79,769.8,769.45,769.66,95.409
1790890800000,769.65,769.65,769.04,769.13,62.05
1790890860000,769.14,769.59,769.14,769.43,63.776
1790890920000,769.43,769.43,769.42,769.43,33.551
1790890980000,769.43,769.43,769.32,769.43,52.388
1790891040000,769.44,769.44,769.15,769.19,39.233
1790891100000,769.18,769.68,769.18,769.68,48.401
1790891160000,769.68,769.9,769.67,769.9,62.182
1790891220000,769.9,770.01,769.9,770.0,49.518
1790891280000,770.0,770.01,769.91,769.91,17.602
1790891340000,769.92,769.92,769.91,769.91,1.067
1790891400000,769.92,769.93,769.9,769.93,21.208
1790891460000,769.93,769.93,769.88,769.89,3.591
1790891520000,769.88,769.88,769.8,769.8,27.261
1790891580000,769.79,769.81,769.79,769.81,1.07
1790891640000,769.81,770.26,769.8,770.05,72.729
1790891700000,770.05,770.07,770.05,770.06,42.49
1790891760000,770.06,770.48,770.06,770.44,31.963
1790891820000,770.43,770.43,770.03,770.26,70.383
1790891880000,770.27,770.38,770.26,770.38,22.99
1790891940000,770.38,770.54,770.32,770.32,58.594
1790892000000,770.31,771.28,770.23,771.27,111.683
1790892060000,771.28,771.46,771.28,771.46,49.739
1790892120000,771.45,771.72,771.23,771.55,74.655
1790892180000,771.57,771.68,771.38,771.38,33.518
1790892240000,771.36,771.9,771.2,771.77,49.841
1790892300000,771.76,771.96,771.64,771.73,66.931
1790892360000,771.73,771.84,771.58,771.76,60.156
1790892420000,771.76,772.0,771.69,771.7,63.171
1790892480000,771.69,771.69,771.33,771.35,48.855
1790892540000,771.37,771.51,770.92,771.09,52.876
1790892600000,771.1,771.88,771.1,771.82,32.488
1790892660000,771.82,771.82,771.53,771.53,49.13
1790892720000,771.51,771.79,771.37,771.57,82.465
1790892780000,771.58,771.71,771.46,771.57,26.104
1790892840000,771.57,771.66,771.47,771.47,14.463
1790892900000,771.47,771.47,771.2,771.28,22.713
1790892960000,771.28,771.35,771.12,771.13,16.485
1790893020000,771.13,771.54,771.13,771.46,25.367
1790893080000,771.46,771.46,771.12,771.12,17.942
1790893140000,771.12,771.34,771.12,771.24,14.993
1790893200000,771.24,771.29,771.08,771.12,32.77
1790893260000,771.11,771.35,771.11,771.3,15.167
1790893320000,771.29,771.3,771.29,771.3,9.718
1790893380000,771.29,771.29,770.77,770.94,34.958
1790893440000,770.94,771.14,770.94,771.13,16.109
1790893500000,771.14,771.14,771.12,771.13,14.481
1790893560000,771.13,771.28,771.12,771.27,13.397
1790893620000,771.27,771.29,771.11,771.29,14.325
1790893680000,771.29,771.3,771.29,771.29,8.906
1790893740000,771.3,771.3,771.29,771.29,11.098
1790893800000,771.29,771.3,771.18,771.26,67.02
1790893860000,771.26,771.3,771.18,771.3,17.869
1790893920000,771.29,771.3,771.15,771.23,11.849
1790893980000,771.23,771.23,770.92,770.93,114.985
1790894040000,770.93,770.93,770.92,770.92,10.054
1790894100000,770.92,771.43,770.92,771.41,31.279
1790894160000,771.41,771.41,771.1,771.11,41.606
1790894220000,771.11,771.29,771.11,771.27,16.826
1790894280000,771.28,771.42,771.27,771.36,8.377
1790894340000,771.35,771.35,771.12,771.13,10.193
1790894400000,771.12,771.12,770.8,770.82,11.633
1790894460000,770.83,770.92,770.82,770.91,13.787
1790894520000,770.9,770.9,770.82,770.84,20.093
1790894580000,770.83,770.83,770.63,770.68,21.852
1790894640000,770.67,770.68,770.4,770.41,15.272
1790894700000,770.4,770.46,770.39,770.46,9.062
1790894760000,770.46,770.46,770.2,770.21,12.965
1790894820000,770.21,770.21,770.19,770.19,14.295
1790894880000,770.19,770.26,770.19,770.24,8.117
1790894940000,770.24,770.24,770.12,770.12,22.81
1790895000000,770.12,770.13,770.01,770.01,9.728
1790895060000,770.01,770.01,769.81,769.87,11.94
1790895120000,769.87,770.62,769.86,770.62,21.115
1790895180000,770.62,770.77,770.62,770.76,7.786
1790895240000,770.77,771.11,770.77,771.1,21.252
1790895300000,771.09,771.14,770.9,771.0,10.782
1790895360000,770.99,771.12,770.99,771.08,6.599
1790895420000,771.07,771.07,770.9,770.94,18.303
1790895480000,770.95,771.08,770.94,771.08,8.529
1790895540000,771.07,771.08,771.01,771.01,15.26
1790895600000,771.02,771.02,770.52,770.6,37.035
1790895660000,770.6,770.6,770.33,770.39,29.928
1790895720000,770.4,770.49,770.34,770.46,20.456
1790895780000,770.47,770.74,770.46,770.74,63.455
1790895840000,770.73,770.77,770.42,770.42,17.445
1790895900000,770.42,770.58,770.4,770.41,15.915
1790895960000,770.4,770.53,770.34,770.47,15.507
1790896020000,770.48,770.57,770.27,770.27,23.224
1790896080000,770.27,770.29,770.18,770.29,20.378
1790896140000,770.29,770.29,770.17,770.18,16.096
1790896200000,770.18,770.23,770.12,770.19,54.836
1790896260000,770.2,770.2,770.14,770.19,12.959
1790896320000,770.19,770.26,770.18,770.19,7.06
1790896380000,770.19,770.19,770.07,770.12,11.523
1790896440000,770.12,770.21,770.11,770.21,5.82
1790896500000,770.21,770.3,770.11,770.12,34.096
1790896560000,770.12,770.44,770.11,770.44,28.042
1790896620000,770.45,770.68,770.44,770.55,23.655
1790896680000,770.54,770.6,770.48,770.6,9.162
1790896740000,770.59,770.6,770.45,770.45,17.236
1790896800000,770.46,770.46,770.36,770.43,12.31
1790896860000,770.43,770.45,770.42,770.45,20.051
1790896920000,770.44,770.59,770.44,770.59,14.987
1790896980000,770.58,770.59,770.58,770.58,5.76
1790897040000,770.59,770.59,770.58,770.58,22.111
1790897100000,770.58,770.64,770.58,770.64,9.102
1790897160000,770.64,770.64,770.63,770.63,8.096
1790897220000,770.64,770.64,770.47,770.55,17.031
1790897280000,770.55,770.55,770.38,770.38,10.966
1790897340000,770.39,770.49,770.23,770.23,32.645
1790897400000,770.24,770.24,770.16,770.17,16.717
1790897460000,770.16,770.23,770.1,770.23,27.24
1790897520000,770.23,770.41,770.22,770.4,10.577
1790897580000,770.39,770.59,770.39,770.59,35.958
1790897640000,770.58,770.89,770.58,770.81,25.837
1790897700000,770.82,771.0,770.82,771.0,52.58
1790897760000,771.0,771.0,770.99,770.99,19.03
1790897820000,771.0,771.0,770.77,770.77,20.792
1790897880000,770.77,770.88,770.76,770.88,18.873
1790897940000,770.89,770.89,770.82,770.86,11.52
1790898000000,770.85,770.86,770.73,770.86,27.303
1790898060000,770.87,770.87,770.66,770.66,12.177
1790898120000,770.67,770.71,770.66,770.7,24.478
1790898180000,770.71,770.92,770.7,770.92,17.049
1790898240000,770.92,771.0,770.71,770.71,13.574
1790898300000,770.7,770.82,770.41,770.62,136.971
1790898360000,770.62,770.62,770.53,770.53,18.926
1790898420000,770.53,770.62,770.53,770.61,12.442
1790898480000,770.62,770.66,770.61,770.65,10.018
1790898540000,770.66,771.24,770.65,771.19,41.996
1790898600000,771.19,771.28,771.18,771.24,12.814
1790898660000,771.23,771.31,771.15,771.31,14.966
1790898720000,771.31,771.31,770.86,770.98,9.88
1790898780000,770.98,771.31,770.97,771.31,9.294
1790898840000,771.3,771.3,771.13,771.27,18.551
1790898900000,771.27,771.31,771.2,771.27,21.802
1790898960000,771.27,771.62,771.27,771.58,25.73
1790899020000,771.59,771.68,771.53,771.68,7.61
1790899080000,771.7,771.74,771.7,771.73,41.893
1790899140000,771.74,771.76,771.74,771.75,46.622
1790899200000,771.75,771.84,771.75,771.84,51.429
1790899260000,771.84,771.85,771.77,771.81,88.299
1790899320000,771.8,771.93,771.67,771.92,157.976
1790899380000,771.93,772.0,771.86,771.89,23.701
1790899440000,771.89,771.89,771.61,771.62,49.497
1790899500000,771.62,771.68,771.46,771.67,52.451
1790899560000,771.68,771.68,771.56,771.58,18.828
1790899620000,771.58,771.68,771.25,771.26,38.232
1790899680000,771.26,771.26,771.08,771.08,22.976
1790899740000,771.08,771.34,771.08,771.26,30.607
1790899800000,771.27,771.79,771.27,771.79,57.159
1790899860000,771.79,771.82,771.6,771.61,15.259
1790899920000,771.61,771.61,771.51,771.56,22.983
1790899980000,771.55,771.98,771.55,771.78,46.356
1790900040000,771.78,771.99,771.78,771.86,38.223
1790900100000,771.86,772.38,771.63,772.38,52.634
1790900160000,772.38,772.49,771.81,771.97,71.813
1790900220000,771.97,772.44,771.97,772.29,52.371
1790900280000,772.29,772.5,772.29,772.5,30.494
1790900340000,772.5,772.54,772.5,772.54,27.419
1790900400000,772.54,772.76,772.54,772.75,38.267
1790900460000,772.76,772.82,772.18,772.18,44.689
1790900520000,772.19,772.26,771.68,771.77,183.147
1790900580000,771.78,772.21,771.78,772.17,67.822
1790900640000,772.18,772.18,772.0,772.08,50.997
1790900700000,772.09,772.09,771.68,771.85,88.619
1790900760000,771.85,771.9,771.62,771.67,26.057
1790900820000,771.68,771.71,771.62,771.69,9.409
1790900880000,771.7,771.9,771.69,771.79,22.056
1790900940000,771.8,771.8,771.76,771.77,40.735
1790901000000,771.76,771.77,771.38,771.39,17.257
1790901060000,771.39,771.69,771.39,771.45,22.278
1790901120000,771.45,771.48,771.39,771.47,10.707
1790901180000,771.47,771.47,771.08,771.09,73.264
1790901240000,771.09,771.3,771.02,771.19,22.876
1790901300000,771.2,771.27,771.19,771.23,16.882
1790901360000,771.23,771.41,771.23,771.27,12.963
1790901420000,771.26,771.27,770.91,770.92,31.739
1790901480000,770.91,770.92,770.78,770.81,15.699
1790901540000,770.82,771.11,770.82,771.1,94.479
1790901600000,771.1,771.45,770.97,771.37,36.352
1790901660000,771.37,771.45,771.14,771.14,43.266
1790901720000,771.15,771.24,771.0,771.0,37.234
1790901780000,771.01,771.2,771.01,771.2,22.773
1790901840000,771.21,771.5,771.2,771.23,64.938
1790901900000,771.22,771.27,770.99,771.06,28.322
1790901960000,771.05,771.24,770.89,771.24,12.39
1790902020000,771.25,771.5,771.25,771.4,33.122
1790902080000,771.4,771.48,771.39,771.42,10.979
1790902140000,771.43,771.48,771.42,771.46,14.311
1790902200000,771.47,771.48,771.42,771.43,8.849
1790902260000,771.42,771.47,771.33,771.47,21.371
1790902320000,771.47,771.48,771.46,771.47,12.914
1790902380000,771.47,771.63,771.42,771.63,31.547
1790902440000,771.63,771.9,771.63,771.9,35.402
1790902500000,771.9,771.97,771.73,771.74,20.065
1790902560000,771.73,771.73,771.37,771.37,14.505
1790902620000,771.38,771.84,771.38,771.83,18.976
1790902680000,771.84,771.84,771.83,771.83,11.341
1790902740000,771.83,771.83,771.52,771.68,110.535
1790902800000,771.68,771.72,771.49,771.54,40.599
1790902860000,771.53,771.66,771.53,771.65,34.231
1790902920000,771.65,771.65,771.42,771.43,33.679
1790902980000,771.42,771.43,771.17,771.25,25.258
1790903040000,771.24,771.39,771.2,771.21,12.386
1790903100000,771.21,771.31,771.15,771.3,34.048
1790903160000,771.31,771.31,770.96,771.05,17.305
1790903220000,771.05,771.05,770.94,770.96,12.949
1790903280000,770.95,771.2,770.95,771.11,39.123
1790903340000,771.11,771.11,770.78,770.79,40.914
1790903400000,770.79,770.79,770.65,770.65,28.13
1790903460000,770.64,770.64,770.52,770.62,31.002
1790903520000,770.62,770.72,770.44,770.44,36.001
1790903580000,770.45,770.45,770.25,770.25,39.71
1790903640000,770.26,770.31,770.16,770.25,7.506
1790903700000,770.26,770.3,770.23,770.28,18.767
1790903760000,770.27,770.3,770.1,770.3,57.104
1790903820000,770.3,770.46,770.17,770.18,25.086
1790903880000,770.17,770.18,770.0,770.01,79.914
1790903940000,770.0,770.0,769.51,769.51,63.32
1790904000000,769.52,769.52,768.68,768.72,81.677
1790904060000,768.72,768.78,768.48,768.65,23.807
1790904120000,768.65,768.65,768.3,768.62,46.109
1790904180000,768.62,769.17,768.62,768.93,17.857
1790904240000,768.93,769.46,768.92,769.46,24.831
1790904300000,769.46,769.65,769.35,769.35,39.117
1790904360000,769.36,769.36,769.04,769.34,9.15
1790904420000,769.34,769.64,769.34,769.51,6.605
1790904480000,769.52,769.64,769.4,769.63,24.798
1790904540000,769.64,770.05,769.64,770.04,43.627
1790904600000,770.04,770.31,770.04,770.11,70.695
1790904660000,770.1,770.21,769.86,770.21,25.175
1790904720000,770.21,770.27,770.04,770.04,86.054
1790904780000,770.05,770.54,770.05,770.54,98.036
1790904840000,770.53,770.59,770.0,770.0,26.444
1790904900000,770.0,770.01,769.64,769.68,38.458
1790904960000,769.67,769.95,769.65,769.88,21.885
1790905020000,769.89,770.2,769.54,769.55,56.098
1790905080000,769.55,769.63,769.55,769.6,5.676
1790905140000,769.59,769.6,769.46,769.54,11.2
1790905200000,769.54,769.58,769.53,769.58,7.339
1790905260000,769.58,769.58,769.4,769.43,35.521
1790905320000,769.43,769.58,769.3,769.3,7.712
1790905380000,769.31,769.49,769.27,769.46,28.948
1790905440000,769.45,769.46,769.31,769.39,10.453
1790905500000,769.4,769.64,769.4,769.64,33.704
1790905560000,769.64,769.79,769.64,769.79,17.566
1790905620000,769.8,769.93,769.78,769.93,11.904
1790905680000,769.93,770.08,769.83,769.94,14.83
1790905740000,769.95,770.2,769.95,770.14,28.199
1790905800000,770.14,770.58,770.01,770.58,15.368
1790905860000,770.59,771.27,770.59,771.26,63.27
1790905920000,771.27,771.77,771.27,771.77,88.632
1790905980000,771.77,772.63,771.77,772.54,130.965
1790906040000,772.54,772.54,770.92,771.23,309.111
1790906100000,771.24,772.09,771.07,772.09,64.321
1790906160000,772.09,772.38,772.07,772.1,62.524
1790906220000,772.11,772.4,772.11,772.27,32.669
1790906280000,772.27,772.27,772.1,772.11,69.738
1790906340000,772.12,772.19,771.71,771.78,49.828
1790906400000,771.79,771.95,771.5,771.73,47.718
1790906460000,771.73,772.0,771.72,771.8,49.95
1790906520000,771.8,772.25,771.79,772.25,41.039
1790906580000,772.26,772.5,772.15,772.2,30.334
1790906640000,772.2,772.58,772.05,772.58,36.344
1790906700000,772.58,773.01,772.58,772.79,105.452
1790906760000,772.76,772.77,772.53,772.55,32.144
1790906820000,772.56,772.76,772.56,772.73,90.921
1790906880000,772.73,773.01,772.72,773.0,39.97
1790906940000,773.0,773.38,772.96,773.37,68.278
1790907000000,773.37,773.4,773.24,773.24,31.913
1790907060000,773.23,773.23,772.44,772.44,158.876
1790907120000,772.44,772.45,772.21,772.4,54.002
1790907180000,772.4,772.77,772.39,772.77,22.101
1790907240000,772.8,773.09,772.72,772.79,30.133
1790907300000,772.79,772.88,772.67,772.88,23.075
1790907360000,772.87,772.9,772.71,772.73,57.199
1790907420000,772.73,772.85,772.59,772.59,17.61
1790907480000,772.59,772.59,772.16,772.16,35.891
1790907540000,772.17,772.59,772.17,772.38,36.172
1790907600000,772.37,772.42,771.98,772.09,38.417
1790907660000,772.09,772.09,771.71,771.81,41.625
1790907720000,771.81,771.81,771.44,771.55,25.543
1790907780000,771.56,772.01,771.55,771.96,31.739
1790907840000,771.96,771.96,771.36,771.36,58.744
1790907900000,771.37,771.44,771.21,771.31,21.151
1790907960000,771.31,771.85,771.3,771.64,83.852
1790908020000,771.65,771.88,771.55,771.84,68.935
1790908080000,771.86,771.94,771.84,771.9,79.778
1790908140000,771.89,772.19,771.89,772.14,42.549
1790908200000,772.15,772.23,771.77,771.77,37.173
1790908260000,771.76,772.09,771.76,771.81,40.233
1790908320000,771.81,771.9,771.52,771.89,41.276
1790908380000,771.9,772.52,771.9,772.51,46.784
1790908440000,772.52,772.6,772.21,772.26,87.567
1790908500000,772.27,772.71,772.23,772.64,79.564
1790908560000,772.64,772.72,772.55,772.72,70.302
1790908620000,772.73,773.03,772.62,773.0,162.474
1790908680000,772.99,773.0,772.35,772.36,52.418
1790908740000,772.35,772.36,772.19,772.24,30.824
1790908800000,772.23,772.23,771.92,771.95,41.454
1790908860000,771.96,772.55,771.96,772.54,60.548
1790908920000,772.54,772.54,772.43,772.49,93.059
1790908980000,772.5,772.77,772.5,772.77,32.277
1790909040000,772.77,772.78,772.71,772.71,30.156
1790909100000,772.72,772.85,772.71,772.84,60.831
1790909160000,772.85,772.95,772.74,772.79,51.66
1790909220000,772.79,773.2,772.79,773.2,20.659
1790909280000,773.19,773.2,773.08,773.08,16.512
1790909340000,773.09,773.56,773.09,773.55,102.358
1790909400000,773.56,773.99,773.51,773.63,74.72
1790909460000,773.64,773.74,773.13,773.15,74.216
1790909520000,773.16,773.52,773.14,773.43,21.35
1790909580000,773.42,773.43,773.01,773.11,24.247
1790909640000,773.11,773.18,773.08,773.15,17.298
1790909700000,773.15,773.78,773.15,773.78,110.76
1790909760000,773.78,773.84,773.63,773.8,50.551
1790909820000,773.8,774.08,773.57,774.08,257.549
1790909880000,774.09,774.29,774.09,774.24,119.758
1790909940000,774.25,774.35,774.24,774.35,25.14
1790910000000,774.35,774.38,774.22,774.38,73.68
1790910060000,774.39,775.0,774.39,774.99,464.546
1790910120000,774.99,775.42,774.99,775.16,270.6
1790910180000,775.16,775.45,774.95,774.95,78.616
1790910240000,774.96,775.32,774.4,775.31,83.265
1790910300000,775.3,775.45,774.92,774.92,109.892
1790910360000,774.91,775.05,774.31,774.33,76.392
1790910420000,774.34,774.57,774.33,774.46,45.357
1790910480000,774.45,774.48,773.91,774.14,76.798
1790910540000,774.14,774.22,773.9,773.96,53.22
1790910600000,773.97,774.4,773.97,774.4,57.029
1790910660000,774.41,774.63,774.4,774.61,22.959
1790910720000,774.61,774.61,774.17,774.17,49.503
1790910780000,774.17,775.5,774.17,775.45,79.163
1790910840000,775.44,775.45,774.69,774.69,58.304
1790910900000,774.69,774.96,774.64,774.7,34.411
1790910960000,774.69,774.7,774.57,774.67,20.358
1790911020000,774.67,774.68,774.14,774.14,115.814
1790911080000,774.15,774.2,774.1,774.1,24.599
1790911140000,774.09,774.1,773.81,773.88,43.228
1790911200000,773.87,773.87,773.64,773.73,38.975
1790911260000,773.74,773.99,773.7,773.7,49.47
1790911320000,773.7,773.9,773.64,773.65,46.697
1790911380000,773.65,773.65,773.47,773.47,43.182
1790911440000,773.48,773.68,773.47,773.68,47.799
1790911500000,773.69,773.78,773.69,773.72,27.145
1790911560000,773.73,774.0,773.73,773.82,267.509
1790911620000,773.83,773.89,773.69,773.89,27.594
1790911680000,773.9,773.99,773.9,773.91,21.581
1790911740000,773.92,773.92,773.78,773.92,57.381
1790911800000,773.92,774.13,773.85,774.13,31.371
1790911860000,774.13,774.96,774.13,774.95,42.46
1790911920000,774.96,775.26,774.51,775.01,50.809
1790911980000,775.01,775.65,774.87,775.44,93.747
1790912040000,775.44,775.53,775.19,775.21,70.834
1790912100000,775.2,775.25,775.02,775.18,35.017
1790912160000,775.18,775.21,774.6,774.6,61.111
1790912220000,774.59,774.6,774.13,774.6,108.625
1790912280000,774.6,775.0,774.6,774.87,41.101
1790912340000,774.87,775.11,774.81,775.11,49.436
1790912400000,775.12,775.63,775.08,775.63,67.997
1790912460000,775.63,775.65,775.27,775.49,133.473
1790912520000,775.49,775.72,775.41,775.54,162.168
1790912580000,775.53,775.8,775.53,775.68,70.172
1790912640000,775.68,775.76,775.66,775.71,42.036
1790912700000,775.72,776.32,775.71,775.97,201.1
1790912760000,775.97,776.11,775.74,775.76,55.434
1790912820000,775.76,775.82,775.52,775.7,123.95
1790912880000,775.7,775.98,775.7,775.9,75.126
1790912940000,775.9,775.9,775.45,775.52,173.275
1790913000000,775.52,775.54,775.35,775.36,42.34
1790913060000,775.35,775.36,775.17,775.17,31.106
1790913120000,775.18,775.3,775.17,775.24,33.023
1790913180000,775.24,775.93,775.06,775.93,50.014
1790913240000,775.93,776.12,775.73,775.73,73.532
1790913300000,775.73,776.11,775.73,776.09,42.219
1790913360000,776.09,776.16,775.57,776.16,63.258
1790913420000,776.15,776.15,775.9,776.09,35.166
1790913480000,776.09,776.09,775.93,775.96,13.527
1790913540000,775.95,776.0,775.91,775.91,27.525
1790913600000,775.92,776.16,775.91,776.16,69.402
1790913660000,776.16,776.44,776.15,776.44,37.719
1790913720000,776.43,776.5,776.2,776.49,89.407
1790913780000,776.49,776.49,776.28,776.28,45.046
1790913840000,776.29,776.32,776.23,776.23,40.799
1790913900000,776.23,776.24,775.95,776.02,28.514
1790913960000,776.02,776.14,775.49,775.5,121.169
1790914020000,775.51,775.94,775.51,775.8,69.493
1790914080000,775.81,775.81,775.55,775.59,32.257
1790914140000,775.59,775.82,775.59,775.81,42.28
1790914200000,775.82,775.87,775.74,775.81,26.796
1790914260000,775.82,775.82,775.46,775.46,28.636
1790914320000,775.46,775.6,775.35,775.41,35.637
1790914380000,775.42,775.42,774.99,774.99,38.296
1790914440000,775.0,775.0,774.64,774.78,72.988
1790914500000,774.77,775.15,774.76,775.15,39.129
1790914560000,775.15,775.5,775.15,775.5,32.168
1790914620000,775.5,775.5,775.05,775.06,135.511
1790914680000,775.05,775.28,775.02,775.19,56.792
1790914740000,775.18,777.13,775.18,776.52,472.312
1790914800000,776.45,778.19,776.13,777.71,509.261
1790914860000,777.71,778.5,777.49,778.15,229.763
1790914920000,778.16,778.34,777.38,777.62,124.976
1790914980000,777.62,779.26,777.5,779.14,965.781
1790915040000,779.13,779.64,778.78,779.44,446.724
1790915100000,779.45,779.99,779.38,779.82,787.346
1790915160000,779.82,780.68,779.45,780.02,1437.742
1790915220000,780.03,780.49,780.02,780.38,301.603
1790915280000,780.37,780.77,780.35,780.59,199.696
1790915340000,780.6,781.6,780.6,781.46,257.094
1790915400000,781.46,782.37,781.46,782.15,513.569
1790915460000,782.14,782.31,781.7,782.01,269.032
1790915520000,781.89,782.13,781.28,781.43,335.173
1790915580000,781.4,781.44,781.09,781.21,298.259
1790915640000,781.21,781.22,780.71,780.73,195.385
1790915700000,780.72,780.73,780.01,780.34,210.596
1790915760000,780.35,780.7,780.34,780.65,106.2
1790915820000,780.66,781.95,780.66,781.21,202.589
1790915880000,781.2,781.56,781.0,781.1,63.203
1790915940000,781.09,782.0,781.09,781.99,37.473
1790916000000,782.0,782.94,781.91,782.02,368.791
1790916060000,782.03,782.62,781.9,782.3,165.375
1790916120000,782.31,782.81,782.31,782.49,264.44
1790916180000,782.49,782.64,782.21,782.41,85.839
1790916240000,782.41,782.81,782.34,782.34,223.039
1790916300000,782.33,782.36,781.59,781.59,98.772
1790916360000,781.59,782.15,781.47,782.14,79.759
1790916420000,782.11,782.47,781.69,782.47,112.893
1790916480000,782.49,782.78,782.33,782.67,91.163
1790916540000,782.67,783.0,782.65,782.65,134.563
1790916600000,782.65,783.0,782.4,782.74,231.687
1790916660000,782.74,783.29,781.53,781.63,654.416
1790916720000,781.63,781.77,781.12,781.34,118.948
1790916780000,781.34,781.67,781.26,781.27,149.532
1790916840000,781.27,781.4,781.07,781.17,73.523
1790916900000,781.17,781.77,781.17,781.71,43.384
1790916960000,781.7,781.77,781.62,781.62,22.888
1790917020000,781.63,781.83,781.5,781.83,53.1
1790917080000,781.83,781.83,781.37,781.42,76.675
1790917140000,781.43,782.14,781.43,781.95,112.643
1790917200000,781.95,782.05,781.45,781.47,72.766
1790917260000,781.49,781.7,780.71,780.92,348.337
1790917320000,780.92,781.11,780.52,780.52,76.228
1790917380000,780.52,780.93,780.52,780.92,45.498
1790917440000,780.93,780.93,780.36,780.62,123.059
1790917500000,780.62,780.63,780.28,780.28,104.922
1790917560000,780.29,780.53,780.29,780.53,46.36
1790917620000,780.53,780.82,780.17,780.23,176.654
1790917680000,780.24,780.46,780.0,780.04,122.038
1790917740000,780.05,780.15,780.04,780.06,223.113
1790917800000,780.06,780.29,780.01,780.15,138.832
1790917860000,780.15,780.49,780.14,780.49,53.517
1790917920000,780.49,780.5,780.0,780.27,68.632
1790917980000,780.28,780.28,780.01,780.22,37.554
1790918040000,780.21,780.22,780.15,780.2,25.146
1790918100000,780.2,780.2,779.81,780.04,268.288
1790918160000,780.04,781.19,779.99,780.96,1476.557
1790918220000,780.97,781.14,780.66,780.73,52.169
1790918280000,780.74,781.12,780.68,780.93,132.816
1790918340000,780.93,780.93,780.18,780.18,122.51
1790918400000,780.18,780.29,780.04,780.23,82.937
1790918460000,780.23,780.23,779.82,780.04,273.868
1790918520000,780.04,780.16,779.9,780.08,131.563
1790918580000,780.08,780.14,779.46,779.46,100.686
1790918640000,779.46,779.6,779.28,779.29,51.581
1790918700000,779.29,779.44,779.29,779.32,23.429
1790918760000,779.32,779.32,778.84,778.95,85.644
1790918820000,778.96,779.17,778.96,779.11,32.069
1790918880000,779.1,779.32,778.73,778.74,52.902
1790918940000,778.73,778.88,778.6,778.88,53.084
1790919000000,778.87,778.9,778.33,778.46,117.033
1790919060000,778.46,779.0,778.39,779.0,44.924
1790919120000,779.0,779.01,778.61,778.65,23.492
1790919180000,778.64,778.64,778.07,778.38,59.67
1790919240000,778.38,778.43,778.23,778.4,12.785
1790919300000,778.4,778.4,778.26,778.27,13.98
1790919360000,778.27,778.29,777.85,777.9,47.774
1790919420000,777.91,777.98,777.46,777.7,60.107
1790919480000,777.71,777.74,777.06,777.06,85.745
1790919540000,777.05,777.06,776.17,776.17,176.972
1790919600000,776.18,776.63,775.8,776.59,133.107
1790919660000,776.6,777.19,776.6,777.18,246.898
1790919720000,777.18,777.48,777.18,777.48,24.166
1790919780000,777.48,777.76,777.47,777.75,28.998
1790919840000,777.75,777.83,777.75,777.82,12.55
1790919900000,777.83,777.88,777.39,777.39,148.892
1790919960000,777.39,777.63,777.33,777.62,94.686
1790920020000,777.63,777.63,777.41,777.44,22.689
1790920080000,777.44,777.58,777.36,777.36,104.351
1790920140000,777.37,777.37,777.31,777.31,20.241
1790920200000,777.32,777.32,777.11,777.11,11.769
1790920260000,777.12,777.26,777.11,777.26,25.878
1790920320000,777.25,777.27,777.0,777.01,41.914
1790920380000,777.0,777.01,776.32,776.76,62.571
1790920440000,776.75,776.8,776.69,776.79,32.293
1790920500000,776.79,777.15,776.79,776.96,70.529
1790920560000,776.96,777.13,776.95,777.1,6.317
1790920620000,777.11,777.11,777.0,777.03,11.104
1790920680000,777.03,777.18,776.98,777.18,16.93
1790920740000,777.18,777.24,777.17,777.24,40.831
1790920800000,777.24,777.28,776.99,777.22,23.04
1790920860000,777.22,777.81,777.22,777.81,81.847
1790920920000,777.83,777.88,777.76,777.81,57.89
1790920980000,777.81,778.03,777.67,778.03,52.775
1790921040000,778.03,778.12,777.83,777.93,66.633
1790921100000,777.92,778.12,777.92,778.02,24.903
1790921160000,778.01,778.18,777.94,777.94,60.903
1790921220000,777.95,777.95,777.63,777.93,56.843
1790921280000,777.94,777.94,777.4,777.41,62.572
1790921340000,777.41,777.65,777.35,777.55,82.648
1790921400000,777.56,777.93,777.37,777.92,30.757
1790921460000,777.93,778.26,777.75,777.75,75.938
1790921520000,777.75,777.76,777.57,777.58,29.221
1790921580000,777.58,777.75,777.52,777.53,77.368
1790921640000,777.54,777.54,777.34,777.34,17.316
1790921700000,777.35,778.12,777.32,778.12,140.849
1790921760000,778.12,778.32,777.83,777.83,48.664
1790921820000,777.83,777.83,777.58,777.74,31.747
1790921880000,777.74,777.85,777.7,777.71,49.441
1790921940000,777.7,778.0,777.0,777.3,1017.288
1790922000000,777.29,777.66,777.26,777.66,161.515
1790922060000,777.66,778.01,777.66,777.88,64.022
1790922120000,777.89,778.1,777.88,777.93,48.68
1790922180000,777.94,778.04,777.74,778.04,89.405
1790922240000,778.03,778.12,777.97,778.1,51.469
1790922300000,778.1,778.22,778.09,778.16,31.903
1790922360000,778.16,778.19,777.92,778.0,73.5
1790922420000,778.0,778.17,778.0,778.17,12.126
1790922480000,778.18,778.32,778.15,778.31,28.036
1790922540000,778.32,778.32,777.91,777.91,89.771
1790922600000,777.92,778.0,777.54,777.55,120.708
1790922660000,777.56,777.56,777.45,777.49,29.494
1790922720000,777.5,778.23,777.49,778.23,67.777
1790922780000,778.24,778.65,778.24,778.65,86.919
1790922840000,778.66,778.86,778.2,778.2,122.35
1790922900000,778.2,778.37,777.48,777.68,137.675
1790922960000,777.69,778.08,777.69,777.96,101.49
1790923020000,777.97,777.97,777.63,777.63,42.579
1790923080000,777.64,777.71,777.43,777.5,69.468
1790923140000,777.5,777.97,777.5,777.96,30.744
1790923200000,777.96,778.1,777.74,777.91,52.561
1790923260000,777.9,777.99,777.67,777.73,147.86
1790923320000,777.73,777.82,777.69,777.7,51.322
1790923380000,777.69,777.69,777.5,777.54,59.203
1790923440000,777.54,777.8,777.53,777.79,32.044
1790923500000,777.8,777.8,777.56,777.56,67.087
1790923560000,777.57,777.78,777.56,777.77,28.523
1790923620000,777.78,777.85,777.56,777.63,62.6
1790923680000,777.63,777.63,777.37,777.37,35.281
1790923740000,777.38,777.55,777.38,777.51,112.976
1790923800000,777.52,777.76,777.51,777.76,71.067
1790923860000,777.77,777.92,777.56,777.56,41.339
1790923920000,777.57,777.57,777.26,777.48,53.712
1790923980000,777.48,777.66,777.47,777.66,76.7
1790924040000,777.67,777.86,777.57,777.86,102.414
1790924100000,777.87,778.0,777.81,777.82,92.032
1790924160000,777.81,777.88,777.56,777.56,83.907
1790924220000,777.56,777.61,777.41,777.43,61.812
1790924280000,777.43,777.63,777.28,777.5,119.599
1790924340000,777.5,777.56,777.4,777.44,40.131
1790924400000,777.44,777.5,777.11,777.12,67.938
1790924460000,777.12,777.51,777.11,777.49,95.804
1790924520000,777.48,777.49,776.99,777.0,47.379
1790924580000,777.0,777.43,776.89,777.43,179.634
1790924640000,777.43,777.59,777.01,777.01,46.583
1790924700000,777.02,777.38,777.01,777.37,63.416
1790924760000,777.38,777.83,777.28,777.83,43.951
1790924820000,777.83,777.89,777.52,777.53,33.266
1790924880000,777.53,777.58,777.46,777.48,26.977
1790924940000,777.49,777.49,777.25,777.34,22.005
1790925000000,777.35,777.35,777.15,777.34,93.983
1790925060000,777.34,777.35,777.28,777.32,31.25
1790925120000,777.32,777.35,777.16,777.16,44.561
1790925180000,777.16,777.45,777.14,777.22,60.914
1790925240000,777.23,777.27,777.1,777.24,43.32
1790925300000,777.24,777.26,777.0,777.09,88.237
1790925360000,777.09,777.1,776.54,776.56,68.854
1790925420000,776.55,776.65,776.48,776.64,43.504
1790925480000,776.65,777.0,776.54,776.86,329.449
1790925540000,776.87,776.87,776.52,776.53,66.632
1790925600000,776.53,776.55,776.18,776.21,76.232
1790925660000,776.21,776.56,776.07,776.54,50.6
1790925720000,776.55,776.65,776.42,776.42,52.462
1790925780000,776.43,776.43,776.19,776.19,58.697
1790925840000,776.2,776.64,776.2,776.36,59.763
1790925900000,776.36,776.79,776.36,776.79,30.225
1790925960000,776.79,776.79,776.63,776.73,87.53
1790926020000,776.72,776.83,776.6,776.61,44.571
1790926080000,776.61,776.8,776.61,776.72,54.424
1790926140000,776.73,776.77,776.56,776.57,73.876
1790926200000,776.57,776.57,775.25,775.26,166.97
1790926260000,775.26,775.59,775.23,775.25,125.975
1790926320000,775.25,775.42,775.25,775.3,63.946
1790926380000,775.3,775.3,775.13,775.26,77.212
1790926440000,775.26,775.31,775.06,775.08,61.062
1790926500000,775.07,775.23,775.0,775.01,415.118
1790926560000,775.0,775.3,775.0,775.15,89.645
1790926620000,775.16,775.4,775.04,775.15,206.532
1790926680000,775.14,775.27,774.76,774.87,62.589
1790926740000,774.86,775.03,774.86,774.94,70.424
1790926800000,774.94,775.08,774.87,774.91,59.591
1790926860000,774.91,775.1,774.91,775.07,297.824
1790926920000,775.06,775.1,775.06,775.09,73.218
1790926980000,775.1,775.1,775.04,775.08,212.869
1790927040000,775.08,775.08,774.88,774.97,135.737
1790927100000,774.97,775.55,774.97,775.54,558.672
1790927160000,775.53,775.58,775.04,775.04,187.932
1790927220000,775.05,775.05,774.76,774.86,67.906
1790927280000,774.86,775.2,774.82,774.83,81.498
1790927340000,774.83,775.14,774.83,775.14,83.455
1790927400000,775.14,775.14,774.79,775.01,183.64
1790927460000,775.02,775.12,775.01,775.12,114.658
1790927520000,775.12,775.52,775.12,775.35,83.707
1790927580000,775.35,775.51,775.35,775.5,65.205
1790927640000,775.5,776.08,775.49,776.05,88.94
1790927700000,776.05,776.05,775.89,776.02,71.352
1790927760000,776.01,776.43,775.9,776.42,314.899
1790927820000,776.43,776.74,776.4,776.74,75.474
1790927880000,776.74,777.1,776.2,776.2,94.037
1790927940000,776.2,776.31,776.04,776.31,92.048
1790928000000,776.31,776.61,776.12,776.25,84.282
1790928060000,776.25,776.97,776.21,776.67,100.904
1790928120000,776.67,777.28,776.67,777.28,93.457
1790928180000,777.28,777.75,777.28,777.75,74.93
1790928240000,777.75,777.77,777.49,777.49,188.858
1790928300000,777.5,777.51,776.91,776.98,194.168
1790928360000,776.97,777.15,776.82,777.09,126.524
1790928420000,777.09,777.2,776.94,777.09,78.348
1790928480000,777.09,777.21,776.85,776.96,101.063
1790928540000,776.97,777.26,776.96,777.23,88.681
1790928600000,777.23,777.35,777.13,777.34,59.814
1790928660000,777.34,777.38,777.09,777.33,339.325
1790928720000,777.32,777.33,777.0,777.0,87.064
1790928780000,777.01,777.22,776.86,777.22,81.476
1790928840000,777.22,777.23,776.94,777.04,148.861
1790928900000,777.04,777.35,776.95,777.35,153.762
1790928960000,777.35,778.17,777.35,777.99,272.073
1790929020000,777.99,779.94,777.97,779.55,582.19
1790929080000,779.55,780.13,778.64,778.99,550.393
1790929140000,778.99,779.39,778.94,779.39,170.835
1790929200000,779.4,779.4,778.94,779.3,130.658
1790929260000,779.31,780.13,779.31,779.4,175.494
1790929320000,779.4,779.91,779.22,779.7,214.843
1790929380000,779.71,780.19,779.63,779.65,202.07
1790929440000,779.64,779.65,779.51,779.61,140.264
1790929500000,779.62,779.63,779.26,779.61,81.245
1790929560000,779.6,779.91,779.51,779.7,109.683
1790929620000,779.69,779.7,779.53,779.55,88.244
1790929680000,779.55,779.55,779.3,779.39,77.785
1790929740000,779.39,779.39,779.12,779.35,65.734
1790929800000,779.36,779.92,779.2,779.87,90.905
1790929860000,779.85,779.93,779.46,779.8,113.879
1790929920000,779.79,779.79,778.78,778.78,120.412
1790929980000,778.79,779.1,778.78,778.79,79.067
1790930040000,778.8,778.8,778.27,778.52,184.007
1790930100000,778.52,778.84,778.45,778.84,87.719
1790930160000,778.84,779.45,778.84,779.25,67.551
1790930220000,779.25,780.52,779.24,780.37,162.161
1790930280000,780.37,780.51,779.81,779.87,83.476
1790930340000,779.87,779.87,779.52,779.53,115.346
1790930400000,779.53,779.7,779.33,779.7,68.481
1790930460000,779.7,779.7,779.42,779.58,133.496
1790930520000,779.59,779.59,779.3,779.31,130.19
1790930580000,779.3,779.3,779.12,779.13,62.54
1790930640000,779.12,779.13,778.94,778.94,92.693
1790930700000,778.94,779.01,778.83,778.87,150.352
1790930760000,778.88,779.0,778.77,778.86,73.593
1790930820000,778.85,778.85,778.53,778.63,72.023
1790930880000,778.64,778.64,778.48,778.48,67.962
1790930940000,778.49,778.49,778.28,778.29,56.942
1790931000000,778.28,778.63,778.24,778.42,107.305
1790931060000,778.42,778.56,778.11,778.11,106.277
1790931120000,778.12,778.22,777.93,777.93,57.804
1790931180000,777.92,777.93,777.76,777.9,71.596
1790931240000,777.9,778.0,777.7,777.7,84.193
1790931300000,777.71,778.34,777.7,778.24,149.756
1790931360000,778.25,778.25,777.9,777.9,237.91
1790931420000,777.9,777.9,777.7,777.79,123.113
1790931480000,777.78,777.79,777.61,777.62,98.115
1790931540000,777.62,777.62,777.37,777.38,167.064
1790931600000,777.38,777.38,776.76,776.76,68.188
1790931660000,776.76,776.76,776.39,776.55,136.499
1790931720000,776.54,776.54,776.23,776.24,97.219
1790931780000,776.23,776.24,776.01,776.14,67.259
1790931840000,776.14,776.14,775.74,776.06,116.932
1790931900000,776.05,776.54,776.05,776.24,151.518
1790931960000,776.24,776.25,775.96,775.97,197.95
1790932020000,775.97,776.33,775.9,776.08,182.605
1790932080000,776.07,776.08,775.8,775.91,60.402
1790932140000,775.91,776.44,774.36,776.44,1589.918
1790932200000,776.45,776.96,776.45,776.96,192.392
1790932260000,776.96,776.99,776.86,776.95,127.054
1790932320000,776.95,776.98,776.75,776.8,111.858
1790932380000,776.79,777.05,776.79,777.05,126.25
1790932440000,777.04,777.06,776.8,776.95,138.24
1790932500000,776.96,777.06,776.88,776.94,102.815
1790932560000,776.94,777.07,776.74,776.86,101.81
1790932620000,776.86,777.22,776.85,777.14,101.303
1790932680000,777.14,777.2,776.88,776.94,101.172
1790932740000,776.96,777.18,776.96,777.09,112.514
1790932800000,777.09,777.2,776.87,776.88,167.555
1790932860000,776.87,777.11,776.76,776.8,120.189
1790932920000,776.8,776.91,776.64,776.64,72.964
1790932980000,776.65,776.8,776.64,776.65,83.265
1790933040000,776.65,776.65,776.46,776.58,64.406
1790933100000,776.58,776.58,776.25,776.46,97.059
1790933160000,776.46,776.46,776.15,776.2,67.876
1790933220000,776.21,776.21,775.26,775.26,281.725
1790933280000,775.25,775.25,774.94,775.13,136.313
1790933340000,775.13,775.6,775.04,775.59,147.201
1790933400000,775.6,775.8,775.55,775.8,98.809
1790933460000,775.8,775.9,775.6,775.9,256.043
1790933520000,775.9,776.31,775.89,776.12,674.261
1790933580000,776.11,776.19,776.09,776.1,133.959
1790933640000,776.1,776.65,776.09,776.49,178.714
1790933700000,776.48,776.49,775.71,775.86,120.534
1790933760000,775.86,776.06,775.74,775.76,85.208
1790933820000,775.76,776.14,775.75,775.85,142.617
1790933880000,775.85,776.16,775.85,776.16,65.762
1790933940000,776.16,776.44,776.16,776.3,85.603
1790934000000,776.3,776.57,776.29,776.4,74.706
1790934060000,776.41,776.55,776.32,776.36,148.109
1790934120000,776.36,776.37,776.16,776.31,187.753
1790934180000,776.32,776.32,775.94,776.0,606.527
1790934240000,776.0,776.0,775.6,775.6,95.212
1790934300000,775.61,775.75,775.47,775.74,103.857
1790934360000,775.75,775.86,775.41,775.59,166.787
1790934420000,775.6,775.68,775.26,775.36,68.801
1790934480000,775.37,776.0,775.37,776.0,73.878
1790934540000,776.0,776.58,775.99,776.19,75.389
1790934600000,776.19,776.41,776.02,776.32,103.484
1790934660000,776.32,776.62,776.31,776.52,94.837
1790934720000,776.52,776.78,776.52,776.69,50.298
1790934780000,776.69,776.69,776.64,776.69,49.492
1790934840000,776.69,776.78,776.69,776.78,115.851
1790934900000,776.78,776.96,776.77,776.96,125.663
1790934960000,776.96,777.09,776.96,777.07,75.14
1790935020000,777.07,777.07,776.8,776.87,107.307
1790935080000,776.87,776.93,776.54,776.55,149.831
1790935140000,776.56,776.7,776.55,776.61,51.264
1790935200000,776.61,776.86,776.55,776.83,80.052
1790935260000,776.83,776.96,776.72,776.82,46.965
1790935320000,776.83,776.83,776.55,776.56,70.427
1790935380000,776.56,776.92,776.56,776.84,68.35
1790935440000,776.85,777.11,776.81,777.11,46.286
1790935500000,777.11,777.19,777.08,777.1,50.636
1790935560000,777.1,777.1,776.39,776.4,60.916
1790935620000,776.4,777.05,776.39,776.71,77.813
1790935680000,776.72,776.83,776.72,776.77,47.703
1790935740000,776.78,776.85,776.46,776.47,37.497
1790935800000,776.47,776.58,776.34,776.38,71.808
1790935860000,776.38,776.44,776.12,776.12,60.538
1790935920000,776.13,776.19,775.95,776.15,86.568
1790935980000,776.15,776.15,775.92,775.99,41.936
1790936040000,775.99,776.03,775.91,776.03,45.245
1790936100000,776.04,776.4,775.96,776.4,57.768
1790936160000,776.4,776.9,776.4,776.89,96.177
1790936220000,776.89,776.89,776.57,776.58,66.527
1790936280000,776.58,776.9,776.55,776.57,54.712
1790936340000,776.56,776.58,776.52,776.57,36.772
1790936400000,776.57,776.81,776.56,776.63,61.237
1790936460000,776.64,776.64,776.28,776.45,322.637
1790936520000,776.45,776.45,775.73,775.76,108.153
1790936580000,775.76,775.91,775.55,775.91,286.544
1790936640000,775.91,775.91,775.34,775.64,232.542
1790936700000,775.64,775.96,775.59,775.81,153.272
1790936760000,775.82,776.12,775.81,776.12,71.405
1790936820000,776.12,776.55,775.92,776.39,347.159
1790936880000,776.4,776.75,776.4,776.74,82.263
1790936940000,776.75,776.84,776.71,776.73,84.533
1790937000000,776.72,776.75,776.48,776.6,74.623
1790937060000,776.6,776.71,776.18,776.18,147.058
1790937120000,776.19,776.57,776.06,776.36,66.418
1790937180000,776.37,776.4,776.36,776.39,33.485
1790937240000,776.4,776.83,776.39,776.56,94.116
1790937300000,776.56,777.07,776.5,777.07,98.347
1790937360000,777.09,777.09,776.68,776.68,60.62
1790937420000,776.69,776.75,776.39,776.39,42.076
1790937480000,776.4,776.55,776.37,776.54,53.745
1790937540000,776.55,776.76,776.54,776.71,49.999
1790937600000,776.72,776.97,776.72,776.92,69.974
1790937660000,776.93,777.31,776.92,777.24,90.423
1790937720000,777.24,777.45,777.14,777.14,65.644
1790937780000,777.14,777.37,776.96,777.06,81.165
1790937840000,777.07,777.07,776.89,776.97,44.243
1790937900000,776.98,777.1,776.91,777.04,72.386
1790937960000,777.04,777.04,776.84,776.85,31.529
1790938020000,776.85,776.97,776.71,776.76,51.301
1790938080000,776.77,776.77,776.5,776.53,43.099
1790938140000,776.53,776.53,776.3,776.38,55.895
1790938200000,776.38,776.38,776.14,776.28,27.033
1790938260000,776.29,776.31,776.06,776.07,40.977
1790938320000,776.07,776.18,776.03,776.13,51.148
1790938380000,776.13,776.14,776.0,776.0,39.15
1790938440000,776.01,776.51,776.01,776.37,160.783
1790938500000,776.36,776.76,776.32,776.33,60.692
1790938560000,776.33,776.33,776.08,776.16,52.763
1790938620000,776.17,776.17,776.03,776.07,41.967
1790938680000,776.07,776.21,776.07,776.2,40.113
1790938740000,776.2,776.2,776.13,776.15,51.967
1790938800000,776.15,776.41,775.98,775.98,58.849
1790938860000,775.98,776.18,775.75,775.96,82.714
1790938920000,775.96,776.32,775.96,776.29,59.317
1790938980000,776.29,776.29,776.09,776.29,43.363
1790939040000,776.29,776.58,776.28,776.58,49.693
1790939100000,776.57,776.74,776.57,776.7,110.957
1790939160000,776.71,776.78,776.7,776.77,35.074
1790939220000,776.78,776.85,776.77,776.85,54.531
1790939280000,776.85,777.19,776.68,777.19,71.321
1790939340000,777.18,777.53,777.18,777.53,171.827
1790939400000,777.53,777.53,777.23,777.39,58.983
1790939460000,777.39,777.53,777.38,777.49,77.41
1790939520000,777.49,777.61,777.36,777.53,161.625
1790939580000,777.52,777.52,777.32,777.33,96.205
1790939640000,777.32,777.47,777.19,777.47,53.441
1790939700000,777.47,777.62,777.47,777.62,45.517
1790939760000,777.62,777.69,777.47,777.47,152.252
1790939820000,777.48,777.67,777.28,777.66,50.004
1790939880000,777.67,777.69,777.53,777.67,64.414
1790939940000,777.68,777.68,777.6,777.62,51.396
1790940000000,777.62,777.75,777.52,777.74,134.017
1790940060000,777.75,777.84,777.61,777.62,51.622
1790940120000,777.62,777.83,777.61,777.83,95.578
1790940180000,777.82,777.83,777.67,777.82,89.877
1790940240000,777.83,777.83,777.63,777.83,64.315
1790940300000,777.83,777.88,777.64,777.88,90.412
1790940360000,777.87,777.93,777.83,777.85,65.479
1790940420000,777.85,777.94,777.74,777.92,57.405
1790940480000,777.91,777.92,777.89,777.89,43.728
1790940540000,777.9,777.9,777.84,777.86,83.818
1790940600000,777.87,778.14,777.86,778.07,122.294
1790940660000,778.07,778.54,778.05,778.51,79.825
1790940720000,778.52,778.55,778.33,778.54,97.809
1790940780000,778.54,778.68,778.43,778.66,105.504
1790940840000,778.67,778.67,778.35,778.36,66.055
1790940900000,778.36,778.5,778.35,778.44,42.25
1790940960000,778.43,778.57,778.43,778.57,77.548
1790941020000,778.56,778.59,778.51,778.55,44.587
1790941080000,778.56,778.59,778.55,778.55,42.732
1790941140000,778.56,778.59,778.55,778.59,40.657
1790941200000,778.59,778.59,778.22,778.23,60.252
1790941260000,778.23,778.74,778.07,778.48,203.645
1790941320000,778.49,778.49,778.42,778.46,46.401
1790941380000,778.47,778.64,778.35,778.36,94.92
1790941440000,778.35,778.61,778.17,778.58,52.759
1790941500000,778.57,778.67,778.18,778.67,151.478
1790941560000,778.66,778.66,778.45,778.46,66.826
1790941620000,778.46,778.46,777.96,777.96,120.397
1790941680000,777.96,778.28,777.93,778.0,69.115
1790941740000,777.99,778.39,777.96,778.39,143.198
1790941800000,778.39,778.44,778.39,778.4,42.075
1790941860000,778.4,778.45,778.4,778.44,41.63
1790941920000,778.45,778.72,778.44,778.72,78.878
1790941980000,778.71,778.72,778.31,778.35,67.749
1790942040000,778.34,778.61,778.34,778.6,35.785
1790942100000,778.6,778.62,778.2,778.2,141.993
1790942160000,778.21,778.32,778.08,778.32,58.624
1790942220000,778.32,778.33,778.22,778.24,40.354
1790942280000,778.25,778.25,778.0,778.02,86.071
1790942340000,778.01,778.03,777.9,778.0,104.915
1790942400000,778.0,778.0,777.81,777.91,72.419
1790942460000,777.9,777.9,777.35,777.38,67.515
1790942520000,777.37,777.52,777.21,777.26,95.172
1790942580000,777.26,777.86,777.25,777.56,64.208
1790942640000,777.57,778.03,777.57,778.02,66.502
1790942700000,778.02,778.27,777.76,777.76,103.702
1790942760000,777.75,778.07,777.68,778.04,72.008
1790942820000,778.04,778.32,778.04,778.28,56.463
1790942880000,778.28,778.4,778.11,778.4,32.528
1790942940000,778.4,778.47,778.29,778.3,88.596
1790943000000,778.29,778.51,778.17,778.49,48.963
1790943060000,778.49,778.7,778.49,778.7,84.198
1790943120000,778.69,778.89,778.49,778.64,88.348
1790943180000,778.63,778.63,778.42,778.5,112.276
1790943240000,778.5,778.5,778.08,778.24,67.536
1790943300000,778.24,778.5,778.0,778.49,36.673
1790943360000,778.5,778.96,778.5,778.85,61.742
1790943420000,778.83,778.95,778.76,778.95,53.547
1790943480000,778.94,779.2,778.94,779.07,95.225
1790943540000,779.08,779.39,779.0,779.08,49.999
1790943600000,779.09,779.14,778.81,779.14,74.945
1790943660000,779.15,779.23,779.08,779.09,39.925
1790943720000,779.1,779.39,779.04,779.38,72.846
1790943780000,779.39,779.39,778.83,778.83,57.57
1790943840000,778.83,779.04,778.61,778.87,58.649
1790943900000,778.86,779.38,778.59,779.23,120.337
1790943960000,779.23,779.23,778.89,779.16,63.222
1790944020000,779.17,779.17,779.02,779.03,30.614
1790944080000,779.03,779.03,778.63,778.84,76.426
1790944140000,778.84,779.33,778.75,779.05,96.814
1790944200000,779.04,781.92,778.26,780.53,1800.69
1790944260000,780.54,782.19,779.73,779.83,553.838
1790944320000,779.87,780.83,779.87,780.52,453.312
1790944380000,780.52,780.52,779.06,779.52,353.435
1790944440000,779.51,780.0,778.96,779.83,157.757
1790944500000,779.82,779.97,779.25,779.45,163.285
1790944560000,779.44,780.51,778.86,780.39,217.941
1790944620000,780.38,780.88,780.21,780.7,288.436
1790944680000,780.71,780.71,780.27,780.27,371.119
1790944740000,780.27,780.49,779.93,780.46,246.689
1790944800000,780.46,780.46,779.86,779.96,623.864
1790944860000,779.96,779.96,778.27,778.56,253.609
1790944920000,778.57,779.22,778.05,778.89,202.115
1790944980000,778.89,778.89,777.6,777.74,442.502
1790945040000,777.74,778.4,777.74,777.84,179.446
1790945100000,777.85,778.62,777.74,778.59,149.224
1790945160000,778.59,779.41,778.59,779.25,126.425
1790945220000,779.26,779.93,779.13,779.9,193.068
1790945280000,779.89,780.0,779.74,779.75,180.815
1790945340000,779.75,780.03,779.59,779.71,142.452
1790945400000,779.71,780.16,779.39,779.83,102.968
1790945460000,779.84,779.89,779.38,779.54,74.278
1790945520000,779.53,780.16,779.53,779.97,71.092
1790945580000,779.96,780.03,779.64,779.77,139.963
1790945640000,779.77,780.2,779.7,780.2,90.696
1790945700000,780.2,780.7,780.2,780.53,351.864
1790945760000,780.53,780.65,780.39,780.64,186.448
1790945820000,780.64,780.77,780.0,780.71,730.907
1790945880000,780.72,781.23,780.64,781.01,635.747
1790945940000,781.02,781.4,780.91,781.34,318.568
1790946000000,781.34,781.68,781.07,781.67,325.212
1790946060000,781.68,782.23,781.64,782.18,285.037
1790946120000,782.18,782.37,781.93,782.16,463.137
1790946180000,782.17,782.25,781.3,782.05,487.674
1790946240000,782.05,782.27,781.75,781.75,230.945
1790946300000,781.75,781.82,780.54,780.81,420.323
1790946360000,780.8,781.08,780.65,780.66,117.579
1790946420000,780.66,781.2,780.65,781.2,207.765
1790946480000,781.2,781.85,781.2,781.58,316.084
1790946540000,781.57,781.82,781.39,781.73,264.395
1790946600000,781.73,781.92,781.73,781.91,128.593
1790946660000,781.92,781.97,781.44,781.45,202.312
1790946720000,781.44,781.76,781.44,781.74,94.992
1790946780000,781.74,781.75,781.55,781.55,127.667
1790946840000,781.56,781.77,781.12,781.12,67.263
1790946900000,781.12,781.28,780.79,781.28,257.877
1790946960000,781.28,781.45,781.03,781.29,66.269
1790947020000,781.29,781.41,781.02,781.03,54.921
1790947080000,781.03,781.1,780.75,780.75,114.343
1790947140000,780.76,781.33,780.75,781.19,101.797
1790947200000,781.18,781.2,780.88,781.2,85.546
1790947260000,781.19,781.33,780.8,780.8,66.832
1790947320000,780.81,780.91,780.44,780.44,79.601
1790947380000,780.43,780.43,779.96,779.96,114.162
1790947440000,779.96,780.25,779.88,780.24,148.211
1790947500000,780.24,780.37,780.04,780.28,121.772
1790947560000,780.26,780.66,780.17,780.27,138.201
1790947620000,780.27,780.38,779.99,780.23,51.46
1790947680000,780.24,780.73,780.24,780.52,94.425
1790947740000,780.52,780.52,780.39,780.41,53.307
1790947800000,780.4,780.74,780.3,780.74,107.06
1790947860000,780.74,781.5,780.5,781.5,60.919
1790947920000,781.5,782.19,781.5,782.01,88.689
1790947980000,782.0,782.2,781.91,782.05,76.397
1790948040000,782.05,782.54,781.93,782.53,97.042
1790948100000,782.54,783.27,782.53,782.98,174.19
1790948160000,782.97,783.81,782.97,783.81,371.163
1790948220000,783.81,784.46,783.53,783.54,224.174
1790948280000,783.54,783.71,782.56,782.68,133.736
1790948340000,782.69,783.43,782.63,783.19,123.897
1790948400000,783.2,783.45,782.95,783.28,104.983
1790948460000,783.27,783.27,782.5,782.62,128.733
1790948520000,782.61,782.64,782.05,782.22,88.497
1790948580000,782.21,782.65,782.07,782.44,172.785
1790948640000,782.4,782.6,782.0,782.29,65.538
1790948700000,782.3,782.76,782.3,782.72,109.734
1790948760000,782.72,782.84,782.35,782.59,405.752
1790948820000,782.59,783.04,782.43,782.78,46.9
1790948880000,782.78,782.79,781.39,782.19,311.72
1790948940000,782.19,782.4,781.89,781.95,198.899
1790949000000,781.95,781.96,781.36,781.44,686.276
1790949060000,781.44,781.55,780.91,780.91,135.397
1790949120000,780.91,781.67,780.91,781.5,122.273
1790949180000,781.5,781.93,781.37,781.85,77.535
1790949240000,781.85,782.01,781.21,781.21,75.92
1790949300000,781.21,781.27,780.82,781.24,104.117
1790949360000,781.24,781.78,780.88,780.88,175.114
1790949420000,780.87,781.4,780.3,780.78,398.323
1790949480000,780.77,781.05,780.35,781.05,121.603
1790949540000,781.05,781.46,780.73,780.73,57.464
1790949600000,780.74,780.8,780.23,780.51,86.421
1790949660000,780.53,781.08,780.11,781.08,243.848
1790949720000,781.08,781.79,781.05,781.7,59.491
1790949780000,781.69,781.77,781.21,781.61,166.482
1790949840000,781.61,782.18,781.6,782.18,54.014
1790949900000,782.19,782.36,781.73,781.73,129.616
1790949960000,781.7,781.7,780.72,780.74,46.462
1790950020000,780.73,780.77,779.95,779.96,138.024
1790950080000,779.96,780.24,779.31,780.21,160.238
1790950140000,780.22,780.67,779.98,779.98,86.452
1790950200000,779.97,780.16,779.5,779.57,117.262
1790950260000,779.58,779.88,779.11,779.11,172.928
1790950320000,779.12,780.05,779.12,779.92,73.013
1790950380000,779.93,780.23,779.81,780.17,80.962
1790950440000,780.17,780.17,779.7,779.77,91.419
1790950500000,779.78,779.9,779.44,779.55,155.988
1790950560000,779.55,780.05,779.36,780.05,153.935
1790950620000,780.05,780.46,780.0,780.46,80.156
1790950680000,780.46,780.87,780.44,780.45,74.71
1790950740000,780.45,780.98,780.3,780.94,81.544
1790950800000,780.94,781.22,780.79,781.21,110.594
1790950860000,781.2,781.8,781.09,781.8,92.729
1790950920000,781.8,781.8,781.04,781.37,142.148
1790950980000,781.37,781.47,781.2,781.34,86.533
1790951040000,781.34,781.51,781.28,781.28,36.216
1790951100000,781.28,781.28,780.4,780.41,64.565
1790951160000,780.41,780.44,780.08,780.08,80.55
1790951220000,780.08,780.3,779.24,779.24,79.254
1790951280000,779.23,779.52,779.15,779.37,98.841
1790951340000,779.37,779.41,778.62,778.69,153.251
1790951400000,778.7,778.71,778.11,778.51,125.598
1790951460000,778.51,778.86,778.34,778.36,84.329
1790951520000,778.37,778.98,777.97,778.69,115.64
1790951580000,778.7,778.7,777.69,777.96,67.743
1790951640000,777.97,778.01,776.34,777.29,362.365
1790951700000,777.29,777.92,776.98,777.54,843.509
1790951760000,777.54,777.78,777.07,777.56,112.851
1790951820000,777.56,777.69,776.48,776.48,251.359
1790951880000,776.49,777.82,776.49,777.58,105.33
1790951940000,777.59,777.83,777.52,777.81,198.829
1790952000000,777.81,777.81,777.45,777.71,69.362
1790952060000,777.71,778.04,777.4,778.04,179.932
1790952120000,778.05,778.49,778.05,778.29,70.674
1790952180000,778.3,778.32,778.09,778.23,89.337
1790952240000,778.22,778.22,777.65,777.96,160.26
1790952300000,777.95,778.32,777.76,777.8,81.077
1790952360000,777.81,778.23,777.81,778.22,62.056
1790952420000,778.2,778.74,778.06,778.74,117.565
1790952480000,778.74,778.88,778.72,778.88,73.406
1790952540000,778.88,778.93,778.44,778.54,101.227
1790952600000,778.55,778.55,778.12,778.2,72.297
1790952660000,778.2,778.2,777.48,777.75,74.202
1790952720000,777.74,777.74,776.73,777.28,450.5
1790952780000,777.33,777.48,776.77,776.77,39.284
1790952840000,776.77,776.77,774.56,774.57,471.37
1790952900000,774.57,774.75,772.95,774.69,433.331
1790952960000,774.71,775.35,774.23,775.35,92.876
1790953020000,775.36,775.72,775.07,775.58,90.978
1790953080000,775.58,775.6,775.1,775.15,91.908
1790953140000,775.15,775.55,775.15,775.47,34.87
1790953200000,775.46,776.0,775.46,775.48,119.724
1790953260000,775.48,775.99,775.26,775.99,43.888
1790953320000,775.98,775.99,775.18,775.25,75.538
1790953380000,775.25,775.53,774.78,775.09,124.414
1790953440000,775.09,775.47,774.69,774.9,107.434
1790953500000,774.89,775.12,773.8,774.05,224.367
1790953560000,774.04,774.04,773.16,773.84,302.136
1790953620000,773.84,773.91,772.89,772.99,153.37
1790953680000,773.0,774.39,772.96,774.31,87.092
1790953740000,774.32,774.93,774.13,774.9,69.057
1790953800000,774.85,775.49,774.83,775.3,90.842
1790953860000,775.29,775.85,775.0,775.39,111.963
1790953920000,775.39,775.6,774.55,774.55,89.397
1790953980000,774.55,775.24,774.42,775.24,63.651
1790954040000,775.24,775.46,775.24,775.46,23.127
1790954100000,775.45,776.12,774.97,774.97,82.581
1790954160000,774.96,774.97,773.9,773.9,128.697
1790954220000,773.88,774.54,773.8,774.24,67.112
1790954280000,774.25,775.08,774.25,774.78,79.005
1790954340000,774.78,774.99,774.23,774.38,73.387
1790954400000,774.38,774.97,774.19,774.27,58.27
1790954460000,774.26,774.74,774.25,774.69,130.858
1790954520000,774.69,775.12,774.37,774.38,39.449
1790954580000,774.38,774.38,774.01,774.28,41.987
1790954640000,774.28,774.36,773.16,773.24,60.975
1790954700000,773.23,773.55,772.92,773.51,36.113
1790954760000,773.51,774.06,773.39,774.06,82.949
1790954820000,774.06,774.71,774.06,774.56,51.958
1790954880000,774.56,774.71,774.49,774.5,93.838
1790954940000,774.5,774.54,773.85,774.2,65.839
1790955000000,774.17,774.31,773.78,773.9,126.687
1790955060000,773.91,774.18,773.46,773.49,56.659
1790955120000,773.5,773.59,772.97,773.32,32.748
1790955180000,773.32,774.03,773.2,773.99,13.242
1790955240000,773.99,774.3,773.39,773.45,134.247
1790955300000,773.46,774.21,773.46,773.98,66.167
1790955360000,773.96,774.0,773.63,773.91,94.068
1790955420000,773.9,774.24,773.45,773.54,45.087
1790955480000,773.54,773.89,773.44,773.89,18.153
1790955540000,773.88,773.88,773.22,773.48,49.991
1790955600000,773.41,773.41,772.8,773.06,115.42
1790955660000,773.02,773.02,772.28,773.02,179.847
1790955720000,773.04,774.06,772.99,774.06,39.146
1790955780000,774.07,774.27,773.43,773.44,77.267
1790955840000,773.43,773.48,773.26,773.48,88.768
1790955900000,773.49,773.71,773.03,773.06,32.312
1790955960000,773.06,773.27,772.68,773.08,53.533
1790956020000,773.08,773.37,773.05,773.37,77.075
1790956080000,773.37,773.94,773.37,773.56,239.417
1790956140000,773.55,773.6,773.23,773.58,202.013
1790956200000,773.59,773.86,773.26,773.32,74.967
1790956260000,773.32,773.95,773.24,773.62,32.704
1790956320000,773.62,773.62,772.8,772.91,41.485
1790956380000,772.91,773.32,772.8,772.83,108.852
1790956440000,772.84,773.33,772.5,772.65,23.671
1790956500000,772.65,772.72,772.25,772.71,95.711
1790956560000,772.71,773.45,772.71,773.36,47.433
1790956620000,773.36,773.42,773.27,773.32,41.212
1790956680000,773.32,773.48,773.11,773.16,154.249
1790956740000,773.15,773.46,773.08,773.46,166.203
1790956800000,773.46,774.55,773.46,774.5,203.129
1790956860000,774.51,775.45,774.35,775.43,65.465
1790956920000,775.44,775.67,775.2,775.31,82.013
1790956980000,775.31,775.4,775.07,775.11,52.437
1790957040000,775.1,775.49,774.88,775.49,59.925
1790957100000,775.48,775.62,774.73,774.74,70.423
1790957160000,774.74,775.05,774.49,774.62,14.527
1790957220000,774.63,774.72,774.15,774.15,29.392
1790957280000,774.15,774.58,773.85,774.43,46.986
1790957340000,774.43,774.46,774.02,774.35,54.831
1790957400000,774.35,774.49,773.73,773.78,23.979
1790957460000,773.79,773.92,773.28,773.28,69.386
1790957520000,773.28,773.55,773.02,773.23,45.897
1790957580000,773.24,773.97,773.19,773.63,46.694
1790957640000,773.63,773.81,773.46,773.77,12.601
1790957700000,773.78,774.35,773.7,774.35,33.438
1790957760000,774.34,774.49,774.06,774.33,101.987
1790957820000,774.35,774.63,774.35,774.51,28.526
1790957880000,774.5,775.25,774.5,774.84,92.653
1790957940000,774.84,775.1,774.84,775.08,55.18
1790958000000,775.09,775.09,774.64,774.91,38.503
1790958060000,774.9,775.0,774.71,774.86,119.815
1790958120000,774.86,774.86,774.0,774.26,33.549
1790958180000,774.26,774.26,773.61,773.69,46.242
1790958240000,773.73,773.94,773.05,773.25,53.741
1790958300000,773.25,773.93,773.25,773.48,36.296
1790958360000,773.48,773.75,773.47,773.48,41.099
1790958420000,773.49,774.06,773.36,774.03,42.535
1790958480000,774.03,774.03,773.62,773.82,53.596
1790958540000,773.83,773.83,772.98,773.29,675.368
1790958600000,773.2,773.92,773.2,773.89,47.693
1790958660000,773.9,774.1,773.7,773.71,29.061
1790958720000,773.71,773.87,773.52,773.65,103.651
1790958780000,773.65,774.03,773.58,773.85,31.231
1790958840000,773.85,774.48,773.85,773.99,82.515
1790958900000,773.98,774.45,773.97,774.13,38.008
1790958960000,774.13,774.38,774.09,774.38,32.805
1790959020000,774.38,774.38,773.97,773.97,41.413
1790959080000,773.97,774.11,773.75,773.81,32.745
1790959140000,773.8,774.02,773.61,773.61,36.716
1790959200000,773.61,773.61,773.38,773.49,85.171
1790959260000,773.49,773.62,773.06,773.2,76.434
1790959320000,773.21,773.21,772.84,773.01,84.178
1790959380000,773.04,773.82,773.04,773.82,80.758
1790959440000,773.83,774.06,773.83,774.06,70.264
1790959500000,774.06,774.65,774.06,774.65,15.827
1790959560000,774.65,774.8,774.55,774.55,34.959
1790959620000,774.51,774.63,774.19,774.19,13.869
1790959680000,774.19,774.33,774.09,774.13,21.758
1790959740000,774.14,774.45,774.14,774.37,23.193
1790959800000,774.37,774.55,774.08,774.47,22.055
1790959860000,774.48,775.0,774.14,774.26,27.259
1790959920000,774.26,774.36,774.04,774.04,54.243
1790959980000,774.04,774.15,773.93,774.01,14.582
1790960040000,774.02,774.14,773.9,773.9,13.503
1790960100000,773.88,773.94,773.77,773.77,11.869
1790960160000,773.77,773.77,773.28,773.63,34.214
1790960220000,773.62,774.0,773.62,773.74,36.739
1790960280000,773.75,774.0,773.74,773.93,33.061
1790960340000,773.93,773.99,773.67,773.88,37.127
1790960400000,773.89,774.15,773.75,774.15,40.138
1790960460000,774.15,774.79,774.14,774.79,78.567
1790960520000,774.78,774.91,774.72,774.84,26.92
1790960580000,774.83,774.9,774.73,774.88,31.166
1790960640000,774.88,774.88,774.48,774.52,85.728
1790960700000,774.52,774.88,774.5,774.81,46.432
1790960760000,774.82,774.94,774.27,774.28,144.171
1790960820000,774.28,774.39,774.02,774.06,34.722
1790960880000,774.06,774.64,774.06,774.21,35.999
1790960940000,774.21,774.21,773.83,774.06,138.211
1790961000000,774.07,774.12,774.0,774.06,16.212
1790961060000,774.05,774.05,773.43,773.82,43.671
1790961120000,773.82,774.18,773.65,774.15,11.097
1790961180000,774.17,774.17,773.25,773.39,55.484
1790961240000,773.39,773.55,772.48,772.74,104.824
1790961300000,772.75,772.78,771.61,771.62,237.941
1790961360000,771.62,772.78,771.46,772.78,94.073
1790961420000,772.79,773.08,772.69,772.94,30.577
1790961480000,772.94,773.59,772.94,773.56,60.176
1790961540000,773.55,774.09,773.53,774.09,35.173
1790961600000,774.1,774.18,773.79,774.18,33.003
1790961660000,774.17,774.18,773.5,773.9,24.704
1790961720000,773.91,774.17,773.72,773.72,41.965
1790961780000,773.71,773.71,773.29,773.31,32.265
1790961840000,773.3,773.3,772.03,772.42,242.069
1790961900000,772.45,772.67,771.55,772.32,369.891
1790961960000,772.34,772.59,772.15,772.4,35.06
1790962020000,772.4,772.4,771.86,772.02,58.892
1790962080000,772.01,772.12,771.93,772.0,54.093
1790962140000,772.01,772.16,771.94,772.01,105.949
1790962200000,772.01,772.48,771.98,772.31,109.796
1790962260000,772.31,772.78,772.26,772.56,61.114
1790962320000,772.56,772.57,771.71,772.49,24.658
1790962380000,772.48,772.91,772.48,772.87,53.844
1790962440000,772.87,773.17,772.87,773.0,21.293
1790962500000,772.99,773.0,772.63,772.74,61.136
1790962560000,772.74,772.78,772.49,772.61,80.14
1790962620000,772.61,772.76,772.49,772.5,69.703
1790962680000,772.5,772.68,772.39,772.44,47.723
1790962740000,772.44,772.44,771.65,771.79,141.51
1790962800000,771.79,772.29,771.72,772.22,36.475
1790962860000,772.23,772.27,771.83,772.1,146.313
1790962920000,772.11,772.11,771.42,771.42,77.33
1790962980000,771.41,771.98,771.2,771.98,101.243
1790963040000,771.98,772.51,771.98,772.29,68.692
1790963100000,772.29,772.58,771.64,771.72,70.237
1790963160000,771.72,772.31,771.72,772.31,57.99
1790963220000,772.32,772.66,772.32,772.65,47.53
1790963280000,772.65,772.97,772.54,772.96,16.96
1790963340000,772.97,773.59,772.96,773.56,71.928
1790963400000,773.56,774.04,773.13,773.57,206.92
1790963460000,773.56,773.93,773.45,773.92,22.624
1790963520000,773.92,774.02,773.78,773.91,30.607
1790963580000,773.91,773.93,773.5,773.51,27.69
1790963640000,773.51,773.56,773.45,773.53,12.468
1790963700000,773.52,773.52,773.29,773.34,8.299
1790963760000,773.34,773.37,773.32,773.33,24.631
1790963820000,773.33,773.7,773.33,773.33,15.68
1790963880000,773.33,773.43,773.32,773.42,33.127
1790963940000,773.43,773.85,773.42,773.74,37.484
1790964000000,773.75,774.4,773.62,774.21,66.874
1790964060000,774.2,774.28,773.91,774.0,20.307
1790964120000,773.99,774.02,773.88,773.96,28.568
1790964180000,773.96,773.96,773.72,773.73,4.917
1790964240000,773.72,773.97,773.66,773.87,57.555
1790964300000,773.86,773.86,773.46,773.47,45.95
1790964360000,773.47,773.62,773.22,773.51,41.462
1790964420000,773.51,773.61,773.23,773.39,18.817
1790964480000,773.4,773.4,773.22,773.23,28.478
1790964540000,773.22,773.22,772.74,772.74,60.996
1790964600000,772.74,772.84,772.64,772.83,61.67
1790964660000,772.84,773.09,772.84,773.01,155.566
1790964720000,773.02,773.34,773.01,773.15,28.757
1790964780000,773.15,773.73,772.91,773.64,165.741
1790964840000,773.64,773.97,773.63,773.92,27.026
1790964900000,773.91,773.91,773.72,773.74,33.732
1790964960000,773.73,773.79,772.66,772.66,152.055
1790965020000,772.67,772.67,771.84,772.37,201.961
1790965080000,772.38,772.48,771.57,771.57,39.326
1790965140000,771.58,771.58,770.59,770.72,230.182
1790965200000,770.71,770.98,770.48,770.55,63.912
1790965260000,770.58,770.65,770.42,770.43,54.003
1790965320000,770.43,770.43,770.07,770.19,101.654
1790965380000,770.2,770.52,770.19,770.37,32.951
1790965440000,770.36,770.6,770.14,770.59,20.007
1790965500000,770.59,770.67,770.25,770.25,81.469
1790965560000,770.24,770.24,770.07,770.07,27.897
1790965620000,770.08,770.1,769.69,769.79,207.128
1790965680000,769.79,769.88,768.98,769.57,1494.781
1790965740000,769.58,769.6,769.49,769.54,40.19
1790965800000,769.54,769.67,768.89,768.9,117.612
1790965860000,768.9,768.9,768.49,768.72,252.888
1790965920000,768.73,769.06,768.52,768.88,64.919
1790965980000,768.89,768.89,768.07,768.07,215.895
1790966040000,768.08,768.15,767.84,767.86,333.851
1790966100000,767.86,767.87,766.76,767.1,507.763
1790966160000,767.1,767.32,766.73,767.25,163.42
1790966220000,767.25,767.68,767.06,767.12,147.282
1790966280000,767.11,767.12,766.39,766.39,118.917
1790966340000,766.38,766.39,762.36,762.52,2135.711
1790966400000,762.52,763.52,761.63,763.4,1188.787
1790966460000,763.4,763.97,761.83,762.65,525.43
1790966520000,762.66,762.9,761.61,762.59,430.452
1790966580000,762.59,763.61,761.32,761.32,337.013
1790966640000,761.31,761.58,760.75,761.25,513.125
1790966700000,761.25,762.29,761.13,761.96,205.751
1790966760000,761.97,762.76,761.7,762.69,167.8
1790966820000,762.7,762.72,760.35,760.57,339.733
1790966880000,760.57,761.98,760.57,761.84,243.423
1790966940000,761.84,762.51,761.81,761.81,149.239
1790967000000,761.82,762.05,761.52,761.86,152.165
1790967060000,761.86,763.61,761.86,763.53,249.786
1790967120000,763.54,764.38,763.54,764.07,119.672
1790967180000,764.08,764.19,762.96,763.39,179.132
1790967240000,763.39,763.53,763.04,763.53,129.121
1790967300000,763.54,763.69,763.02,763.25,367.059
1790967360000,763.24,763.24,763.01,763.2,264.926
1790967420000,763.21,763.79,763.12,763.38,133.538
1790967480000,763.39,763.81,763.2,763.75,157.549
1790967540000,763.75,764.32,763.66,764.13,147.018
1790967600000,764.13,765.05,764.11,764.98,154.97
1790967660000,765.0,765.46,765.0,765.43,72.023
1790967720000,765.44,765.44,764.77,764.96,54.137
1790967780000,764.95,765.19,764.55,765.07,86.612
1790967840000,765.08,765.51,765.04,765.35,81.365
1790967900000,765.35,765.87,765.32,765.82,130.384
1790967960000,765.81,765.88,765.62,765.76,115.071
1790968020000,765.76,765.8,765.55,765.75,80.805
1790968080000,765.75,765.87,765.28,765.52,245.983
1790968140000,765.51,765.51,765.33,765.4,71.239
1790968200000,765.4,765.4,765.1,765.24,122.672
1790968260000,765.25,765.4,765.12,765.24,55.088
1790968320000,765.25,765.31,765.11,765.13,405.334
1790968380000,765.12,765.12,764.05,764.74,2262.155
1790968440000,764.75,764.75,763.54,764.13,279.023
1790968500000,764.12,764.36,763.84,763.89,140.927
1790968560000,763.89,763.89,763.11,763.7,133.864
1790968620000,763.7,764.57,763.62,763.98,99.16
1790968680000,763.98,764.86,763.43,764.85,182.189
1790968740000,764.85,764.85,764.52,764.61,50.532
1790968800000,764.61,764.78,764.16,764.16,53.748
1790968860000,764.15,764.52,763.96,764.31,54.604
1790968920000,764.3,764.65,764.21,764.65,53.318
1790968980000,764.64,764.82,764.23,764.45,45.076
1790969040000,764.45,765.67,764.45,765.51,108.367
1790969100000,765.51,765.69,765.0,765.01,50.414
1790969160000,765.01,765.27,765.0,765.16,17.765
1790969220000,765.15,765.72,765.01,765.7,26.045
1790969280000,765.7,765.7,765.41,765.52,13.711
1790969340000,765.53,765.53,765.04,765.09,31.485
1790969400000,765.09,765.97,765.08,765.75,50.067
1790969460000,765.76,765.77,765.46,765.76,15.789
1790969520000,765.77,765.87,765.44,765.49,99.384
1790969580000,765.48,765.48,765.21,765.42,10.622
1790969640000,765.42,765.98,765.23,765.98,97.997
1790969700000,765.98,766.22,765.96,766.22,36.608
1790969760000,766.23,766.32,766.05,766.12,34.32
1790969820000,766.13,766.42,766.13,766.21,26.772
1790969880000,766.21,766.32,766.2,766.25,32.75
1790969940000,766.24,766.24,766.06,766.1,66.692
1790970000000,766.09,766.17,766.01,766.16,23.615
1790970060000,766.16,766.24,766.1,766.2,102.91
1790970120000,766.19,766.2,765.52,765.59,55.288
1790970180000,765.6,765.79,765.6,765.74,78.715
1790970240000,765.73,765.96,765.73,765.87,24.456
1790970300000,765.87,766.07,765.73,765.74,48.449
1790970360000,765.74,766.2,765.73,766.2,94.267
1790970420000,766.19,766.54,765.76,765.77,30.049
1790970480000,765.76,765.79,765.62,765.79,114.064
1790970540000,765.8,766.02,765.76,765.89,52.684
1790970600000,765.9,766.03,765.66,765.92,54.321
1790970660000,765.92,766.0,765.8,765.89,64.12
1790970720000,765.89,765.89,765.65,765.81,8.547
1790970780000,765.8,765.8,765.64,765.65,15.831
1790970840000,765.65,766.03,765.64,766.01,33.313
1790970900000,765.96,766.33,765.91,766.17,14.616
1790970960000,766.18,766.31,766.14,766.15,5.789
1790971020000,766.15,766.28,766.07,766.28,43.494
1790971080000,766.28,766.59,766.28,766.4,91.906
1790971140000,766.4,766.42,766.08,766.28,74.163
1790971200000,766.28,766.69,766.28,766.54,76.204
1790971260000,766.53,766.81,766.35,766.81,26.742
1790971320000,766.82,767.0,766.5,766.5,19.134
1790971380000,766.5,766.5,766.09,766.21,26.19
1790971440000,766.21,766.36,766.06,766.33,21.729
1790971500000,766.33,766.78,766.3,766.69,71.619
1790971560000,766.69,766.95,766.43,766.44,115.84
1790971620000,766.43,766.43,766.07,766.18,72.716
1790971680000,766.18,766.18,765.7,765.84,34.083
1790971740000,765.83,765.83,765.6,765.72,48.483
1790971800000,765.72,765.85,765.51,765.85,60.615
1790971860000,765.85,766.28,765.85,766.21,27.105
1790971920000,766.21,766.21,765.85,765.85,12.613
1790971980000,765.85,766.0,765.65,765.76,49.645
1790972040000,765.75,765.78,765.72,765.77,6.687
1790972100000,765.76,766.19,765.76,766.13,25.63
1790972160000,766.12,766.12,765.96,765.96,4.928
1790972220000,765.96,765.96,765.73,765.84,30.814
1790972280000,765.84,766.02,765.76,765.87,65.437
1790972340000,765.87,766.36,765.87,766.19,107.367
1790972400000,766.18,766.18,765.96,766.18,22.537
1790972460000,766.18,766.18,765.77,765.81,26.676
1790972520000,765.8,765.87,765.68,765.87,43.702
1790972580000,765.88,766.66,765.88,766.58,77.118
1790972640000,766.58,766.7,766.36,766.7,62.679
1790972700000,766.69,766.78,766.53,766.67,9.414
1790972760000,766.68,767.0,766.67,766.8,66.706
1790972820000,766.8,766.8,766.23,766.36,46.073
1790972880000,766.38,766.38,765.84,765.98,22.969
1790972940000,765.98,765.98,765.8,765.87,30.48
1790973000000,765.87,765.87,765.51,765.51,149.968
1790973060000,765.51,765.55,765.4,765.54,31.305
1790973120000,765.55,765.81,765.55,765.79,534.308
1790973180000,765.8,765.86,765.8,765.86,13.434
1790973240000,765.86,765.86,765.85,765.86,8.199
1790973300000,765.86,765.86,765.6,765.68,131.013
1790973360000,765.68,766.12,765.68,766.12,105.138
1790973420000,766.11,766.11,765.95,766.04,26.338
1790973480000,766.03,766.04,765.82,766.02,37.931
1790973540000,766.02,766.02,765.77,765.77,8.956
1790973600000,765.76,765.76,765.63,765.64,7.454
1790973660000,765.64,765.64,765.0,765.28,137.76
1790973720000,765.27,765.27,764.73,764.73,47.165
1790973780000,764.72,764.88,764.4,764.53,300.725
1790973840000,764.53,764.53,764.4,764.47,23.016
1790973900000,764.47,764.61,764.19,764.61,49.909
1790973960000,764.58,764.91,764.25,764.91,89.547
1790974020000,764.92,764.92,764.53,764.77,61.394
1790974080000,764.76,764.76,764.12,764.13,35.156
1790974140000,764.13,764.18,764.06,764.06,41.597
1790974200000,764.06,764.51,763.93,764.5,87.296
1790974260000,764.49,764.65,764.33,764.57,58.518
1790974320000,764.57,764.83,764.41,764.83,52.523
1790974380000,764.83,764.83,764.45,764.76,120.782
1790974440000,764.76,764.76,764.47,764.48,19.164
1790974500000,764.48,764.48,763.96,763.97,32.897
1790974560000,763.96,764.02,763.82,763.83,64.294
1790974620000,763.83,763.83,763.73,763.81,22.52
1790974680000,763.81,764.2,763.81,764.12,82.531
1790974740000,764.11,764.5,763.88,764.1,137.99
1790974800000,764.1,764.72,764.0,764.72,48.706
1790974860000,764.71,765.14,764.71,765.14,45.212
1790974920000,765.17,765.28,764.87,764.88,14.952
1790974980000,764.87,764.9,764.65,764.88,12.702
1790975040000,764.89,764.89,764.81,764.84,4.989
1790975100000,764.85,764.93,764.72,764.92,26.478
1790975160000,764.93,765.03,764.88,765.03,12.305
1790975220000,765.03,765.04,764.88,764.89,54.87
1790975280000,764.89,764.92,764.73,764.91,24.805
1790975340000,764.92,765.21,764.92,765.15,21.265
1790975400000,765.16,765.57,765.15,765.47,151.766
1790975460000,765.47,765.8,765.47,765.69,36.122
1790975520000,765.69,765.69,765.68,765.69,8.998
1790975580000,765.68,765.78,765.47,765.48,160.103
1790975640000,765.47,765.57,765.39,765.51,36.641
1790975700000,765.51,765.88,765.51,765.87,68.379
1790975760000,765.87,765.87,765.72,765.73,4.176
1790975820000,765.73,765.73,765.66,765.67,9.409
1790975880000,765.66,765.76,765.55,765.55,41.214
1790975940000,765.54,765.55,765.42,765.42,16.445
1790976000000,765.42,765.42,765.3,765.3,10.689
1790976060000,765.3,765.49,765.3,765.49,10.697
1790976120000,765.49,765.49,765.48,765.49,3.3
1790976180000,765.49,765.54,765.44,765.44,62.351
1790976240000,765.44,765.44,765.27,765.34,37.657
1790976300000,765.34,765.34,765.25,765.26,22.725
1790976360000,765.26,765.26,764.87,764.87,37.11
1790976420000,764.88,764.88,764.76,764.77,13.63
1790976480000,764.76,764.91,764.71,764.82,183.346
1790976540000,764.81,764.81,764.67,764.78,38.264
1790976600000,764.78,764.78,764.77,764.77,7.636
1790976660000,764.77,764.86,764.69,764.86,58.115
1790976720000,764.86,764.97,764.85,764.97,11.233
1790976780000,764.96,765.04,764.82,765.04,57.931
1790976840000,765.04,765.23,765.04,765.16,37.351
1790976900000,765.16,765.44,765.15,765.44,20.902
1790976960000,765.44,765.6,765.43,765.6,7.355
1790977020000,765.6,765.86,765.6,765.85,31.878
1790977080000,765.85,765.85,765.47,765.48,49.853
1790977140000,765.47,765.65,765.47,765.65,33.948
1790977200000,765.64,765.64,765.29,765.34,74.58
1790977260000,765.33,765.34,765.24,765.34,29.13
1790977320000,765.34,765.46,765.33,765.46,75.452
1790977380000,765.46,765.46,765.39,765.4,30.276
1790977440000,765.39,765.42,765.27,765.42,33.123
1790977500000,765.43,765.58,765.43,765.58,13.399
1790977560000,765.58,765.98,765.58,765.97,47.511
1790977620000,765.98,766.05,765.98,766.05,19.063
1790977680000,766.05,766.05,766.02,766.02,16.799
1790977740000,766.02,766.02,766.0,766.0,8.471
1790977800000,766.0,766.0,765.8,765.8,8.367
1790977860000,765.8,766.07,765.77,766.07,23.456
1790977920000,766.07,766.29,766.07,766.26,28.142
1790977980000,766.26,766.49,766.26,766.49,33.373
1790978040000,766.49,766.57,766.26,766.27,19.468
1790978100000,766.27,766.27,766.03,766.03,36.384
1790978160000,766.02,766.03,765.71,766.03,56.6
1790978220000,766.03,766.2,766.03,766.2,29.441
1790978280000,766.2,766.2,766.19,766.2,9.45
1790978340000,766.19,766.25,766.19,766.25,23.031
1790978400000,766.25,766.57,766.25,766.57,30.493
1790978460000,766.56,766.92,766.46,766.58,47.648
1790978520000,766.58,766.58,765.87,766.14,92.499
1790978580000,766.14,766.8,766.14,766.56,61.435
1790978640000,766.56,766.64,766.18,766.29,146.94
1790978700000,766.29,766.29,766.13,766.14,12.113
1790978760000,766.13,766.21,765.95,766.2,24.7
1790978820000,766.2,766.58,766.2,766.52,46.103
1790978880000,766.53,766.53,766.32,766.32,9.081
1790978940000,766.33,766.52,766.33,766.36,19.251
1790979000000,766.35,766.36,766.32,766.33,24.476
1790979060000,766.33,766.33,766.19,766.25,12.121
1790979120000,766.25,766.33,766.01,766.01,50.032
1790979180000,766.0,766.27,765.92,766.23,38.469
1790979240000,766.24,766.32,766.23,766.25,12.407
1790979300000,766.24,766.31,766.12,766.13,47.521
1790979360000,766.12,766.13,765.71,765.86,106.585
1790979420000,765.85,765.85,765.29,765.34,110.915
1790979480000,765.33,765.4,764.89,765.3,86.189
1790979540000,765.3,765.43,765.04,765.43,52.409
1790979600000,765.44,765.84,765.43,765.67,97.282
1790979660000,765.66,765.98,765.6,765.98,35.708
1790979720000,765.98,765.98,765.73,765.74,6.137
1790979780000,765.74,765.77,765.61,765.65,37.446
1790979840000,765.65,766.2,765.65,766.2,62.364
1790979900000,766.2,766.2,766.05,766.06,5.597
1790979960000,766.06,766.06,766.05,766.06,5.567
1790980020000,766.06,766.06,765.91,765.99,10.367
1790980080000,766.0,766.05,765.85,766.05,41.701
1790980140000,766.06,766.22,766.06,766.21,6.334
1790980200000,766.21,766.6,766.21,766.6,19.145
1790980260000,766.59,767.0,766.57,766.97,59.205
1790980320000,766.96,767.0,766.89,767.0,90.495
1790980380000,766.99,767.17,766.99,767.17,51.58
1790980440000,767.17,767.21,767.09,767.21,25.224
1790980500000,767.22,767.26,766.53,766.65,178.708
1790980560000,766.67,766.67,766.33,766.59,20.605
1790980620000,766.59,766.86,766.59,766.86,25.213
1790980680000,766.85,766.85,766.77,766.83,2.56
1790980740000,766.82,766.83,766.44,766.44,9.99
1790980800000,766.44,766.44,766.36,766.38,6.229
1790980860000,766.41,766.6,766.4,766.6,36.662
1790980920000,766.6,766.6,766.31,766.4,46.235
1790980980000,766.41,766.55,766.4,766.54,20.197
1790981040000,766.55,766.63,766.47,766.48,94.181
1790981100000,766.48,766.71,766.36,766.71,16.142
1790981160000,766.71,766.71,766.6,766.6,2.987
1790981220000,766.61,766.61,766.53,766.58,50.765
1790981280000,766.57,766.57,766.5,766.55,19.259
1790981340000,766.55,766.55,766.37,766.37,11.271
1790981400000,766.38,766.38,766.09,766.32,92.861
1790981460000,766.32,766.55,766.16,766.55,14.084
1790981520000,766.55,766.83,766.55,766.72,29.374
1790981580000,766.71,766.72,766.42,766.43,25.35
1790981640000,766.43,766.52,766.42,766.52,1.945
1790981700000,766.52,766.52,766.4,766.49,28.777
1790981760000,766.49,766.55,766.49,766.5,22.311
1790981820000,766.49,766.56,766.4,766.56,79.244
1790981880000,766.56,766.62,766.55,766.62,10.202
1790981940000,766.62,766.75,766.62,766.75,15.728
1790982000000,766.75,766.84,766.73,766.74,12.922
1790982060000,766.73,766.74,766.44,766.45,57.366
1790982120000,766.44,766.53,766.24,766.53,20.922
1790982180000,766.55,767.07,766.55,767.07,45.919
1790982240000,767.06,767.06,766.89,767.03,28.24
1790982300000,767.03,767.04,766.88,766.95,3.951
1790982360000,766.95,766.95,766.94,766.95,3.844
1790982420000,766.95,766.98,766.75,766.84,22.371
1790982480000,766.84,766.84,766.76,766.76,7.291
1790982540000,766.77,766.77,766.76,766.77,1.733
1790982600000,766.77,766.77,766.76,766.77,18.253
1790982660000,766.77,766.77,766.56,766.56,25.489
1790982720000,766.57,766.74,766.56,766.59,11.716
1790982780000,766.59,766.84,766.59,766.84,44.591
1790982840000,766.84,766.84,766.83,766.84,14.2
1790982900000,766.84,766.84,766.75,766.84,11.208
1790982960000,766.84,766.88,766.83,766.88,4.726
1790983020000,766.87,767.04,766.87,767.04,20.883
1790983080000,767.04,767.21,767.03,767.21,10.985
1790983140000,767.21,767.44,767.21,767.44,15.883
1790983200000,767.44,767.6,767.43,767.6,11.352
1790983260000,767.59,767.59,767.4,767.4,20.238
1790983320000,767.41,767.41,767.29,767.41,117.735
1790983380000,767.41,767.41,767.4,767.41,3.193
1790983440000,767.41,767.41,767.4,767.41,6.915
1790983500000,767.41,767.63,767.41,767.54,53.338
1790983560000,767.55,768.0,767.54,767.99,49.117
1790983620000,767.99,768.0,767.86,767.88,12.257
1790983680000,767.87,767.89,767.87,767.88,22.059
1790983740000,767.89,768.08,767.89,768.07,54.878
1790983800000,768.07,768.2,768.07,768.19,25.84
1790983860000,768.2,768.2,768.19,768.2,19.002
1790983920000,768.2,768.2,768.0,768.01,52.63
1790983980000,768.01,768.01,767.85,767.86,5.746
1790984040000,767.86,767.86,767.84,767.84,17.392
1790984100000,767.85,768.19,767.79,768.08,57.761
1790984160000,768.08,768.08,767.92,767.92,25.637
1790984220000,767.93,767.93,767.89,767.9,5.842
1790984280000,767.9,767.9,767.89,767.89,5.953
1790984340000,767.89,767.9,767.76,767.9,21.785
1790984400000,767.9,767.99,767.89,767.99,4.809
1790984460000,768.0,768.0,767.99,768.0,4.34
1790984520000,768.0,768.17,768.0,768.14,19.703
1790984580000,768.14,768.14,768.07,768.07,34.858
1790984640000,768.08,768.29,768.08,768.28,12.3
1790984700000,768.27,768.29,768.27,768.29,3.309
1790984760000,768.29,768.29,768.16,768.17,7.081
1790984820000,768.17,768.34,768.16,768.34,13.423
1790984880000,768.34,768.42,768.34,768.41,22.329
1790984940000,768.41,768.5,768.41,768.49,19.288
1790985000000,768.5,768.5,768.42,768.43,47.0
1790985060000,768.43,768.68,768.36,768.68,36.437
1790985120000,768.68,768.68,768.6,768.64,65.944
1790985180000,768.65,768.67,768.45,768.46,7.063
1790985240000,768.46,768.52,768.45,768.52,8.254
1790985300000,768.52,768.52,768.26,768.27,20.905
1790985360000,768.27,768.37,768.26,768.28,20.553
1790985420000,768.27,768.27,768.12,768.14,29.902
1790985480000,768.15,768.32,768.14,768.32,41.619
1790985540000,768.32,768.4,768.24,768.25,14.587
1790985600000,768.25,768.27,768.0,768.11,163.703
1790985660000,768.11,768.45,768.11,768.41,258.869
1790985720000,768.41,768.73,768.4,768.73,74.837
1790985780000,768.73,768.92,768.73,768.92,148.578
1790985840000,768.81,768.94,768.34,768.39,53.135
1790985900000,768.4,768.64,768.4,768.64,17.392
1790985960000,768.64,768.83,768.23,768.45,36.184
1790986020000,768.44,768.45,768.21,768.35,73.226
1790986080000,768.35,768.35,768.14,768.24,65.881
1790986140000,768.25,768.35,768.24,768.35,29.897
1790986200000,768.35,768.62,768.34,768.62,114.296
1790986260000,768.62,768.66,768.54,768.57,12.872
1790986320000,768.57,769.0,768.56,769.0,17.31
1790986380000,769.0,769.0,768.89,768.89,18.574
1790986440000,768.89,768.89,768.72,768.83,17.638
1790986500000,768.83,769.07,767.91,767.91,679.224
1790986560000,767.91,768.34,767.81,768.34,128.025
1790986620000,768.34,768.34,768.25,768.32,26.733
1790986680000,768.31,768.33,768.12,768.33,21.346
1790986740000,768.33,768.33,768.18,768.19,56.391
1790986800000,768.19,768.19,768.12,768.15,17.986
1790986860000,768.15,768.15,768.13,768.14,3.973
1790986920000,768.13,768.32,768.13,768.31,40.158
1790986980000,768.32,768.54,768.31,768.54,24.834
1790987040000,768.54,768.69,768.53,768.69,8.88
1790987100000,768.68,768.69,768.41,768.42,12.96
1790987160000,768.42,768.54,768.41,768.54,14.224
1790987220000,768.54,768.7,768.53,768.7,10.516
1790987280000,768.69,768.71,768.69,768.7,63.768
1790987340000,768.7,768.7,768.69,768.7,10.943
1790987400000,768.7,768.88,768.7,768.88,22.402
1790987460000,768.87,769.08,768.87,769.08,40.101
1790987520000,769.07,769.16,769.07,769.14,34.892
1790987580000,769.15,769.15,769.04,769.05,77.682
1790987640000,769.05,769.28,769.05,769.28,138.169
1790987700000,769.28,769.34,769.27,769.34,18.921
1790987760000,769.34,769.38,769.24,769.37,38.399
1790987820000,769.38,769.39,769.37,769.39,35.209
1790987880000,769.38,769.38,769.08,769.09,135.571
1790987940000,769.08,769.18,769.04,769.18,56.079
1790988000000,769.18,769.18,769.01,769.02,7.207
1790988060000,769.01,769.02,769.01,769.01,16.722
1790988120000,769.01,769.09,769.01,769.08,11.745
1790988180000,769.09,769.09,769.03,769.03,7.077
1790988240000,769.04,769.1,769.04,769.09,32.78
1790988300000,769.09,769.09,769.04,769.05,3.462
1790988360000,769.05,769.05,769.01,769.02,26.23
1790988420000,769.01,769.24,769.01,769.23,25.471
1790988480000,769.23,769.32,769.23,769.32,28.246
1790988540000,769.32,769.4,769.31,769.4,9.891
1790988600000,769.4,769.4,769.36,769.39,42.856
1790988660000,769.4,769.41,769.39,769.41,25.647
1790988720000,769.41,769.41,769.4,769.41,19.823
1790988780000,769.41,769.41,769.25,769.26,76.585
1790988840000,769.26,769.28,769.24,769.24,29.279
1790988900000,769.25,769.25,769.02,769.02,41.814
1790988960000,769.02,769.02,769.01,769.02,16.384
1790989020000,769.02,769.04,769.01,769.03,10.843
1790989080000,769.04,769.32,769.01,769.29,16.857
1790989140000,769.29,769.33,769.16,769.33,42.788
1790989200000,769.33,769.33,769.02,769.03,21.527
1790989260000,769.03,769.03,768.9,768.93,93.133
1790989320000,768.92,768.95,768.91,768.91,10.107
1790989380000,768.91,768.91,768.66,768.66,23.234
1790989440000,768.67,769.11,768.66,768.89,83.261
1790989500000,768.88,768.88,768.67,768.7,7.123
1790989560000,768.7,768.89,768.69,768.88,13.242
1790989620000,768.89,768.89,768.88,768.89,3.654
1790989680000,768.89,769.33,768.88,769.33,34.4
1790989740000,769.35,769.47,769.35,769.47,11.898
1790989800000,769.47,769.47,769.46,769.47,5.869
1790989860000,769.47,769.57,769.2,769.21,19.338
1790989920000,769.21,769.21,768.89,768.96,107.699
1790989980000,768.96,769.05,768.9,768.9,25.24
1790990040000,768.91,768.91,768.79,768.85,16.055
1790990100000,768.85,769.15,768.85,769.15,28.213
1790990160000,769.15,769.52,769.14,769.52,24.48
1790990220000,769.52,769.75,769.37,769.37,84.162
1790990280000,769.34,769.34,769.05,769.07,26.102
1790990340000,769.07,769.07,769.06,769.06,2.976
1790990400000,769.06,769.06,768.84,768.85,5.742
1790990460000,768.84,768.84,768.65,768.65,9.871
1790990520000,768.66,768.77,768.63,768.66,17.985
1790990580000,768.67,768.67,768.63,768.64,7.846
1790990640000,768.64,768.81,768.42,768.49,129.514
1790990700000,768.49,768.5,768.45,768.5,7.606
1790990760000,768.5,768.5,768.41,768.42,7.135
1790990820000,768.41,768.48,768.41,768.48,7.649
1790990880000,768.48,768.58,768.47,768.51,27.072
1790990940000,768.51,768.56,768.5,768.55,7.978
1790991000000,768.56,768.66,768.55,768.62,23.614
1790991060000,768.62,768.96,768.59,768.96,17.541
1790991120000,768.96,769.26,768.95,768.97,26.491
1790991180000,768.98,768.98,768.7,768.86,13.274
1790991240000,768.86,768.86,768.63,768.75,20.832
1790991300000,768.76,769.94,768.76,769.5,778.54
1790991360000,769.49,769.62,769.49,769.59,17.453
1790991420000,769.59,769.7,769.49,769.49,78.97
1790991480000,769.5,769.73,769.49,769.67,26.07
1790991540000,769.68,769.89,769.68,769.88,36.589
1790991600000,769.88,769.89,769.72,769.73,16.891
1790991660000,769.73,769.76,769.72,769.72,7.785
1790991720000,769.73,769.91,769.73,769.8,69.891
1790991780000,769.79,769.79,769.72,769.73,28.106
1790991840000,769.73,769.76,769.72,769.76,13.456
1790991900000,769.76,769.8,769.75,769.78,25.069
1790991960000,769.78,769.78,769.59,769.68,26.467
1790992020000,769.68,769.68,769.67,769.68,4.614
1790992080000,769.68,769.68,769.67,769.68,2.147
1790992140000,769.67,769.68,769.46,769.52,19.065
1790992200000,769.52,769.56,769.47,769.48,10.566
1790992260000,769.47,769.48,769.28,769.28,5.17
1790992320000,769.28,769.29,769.11,769.11,14.587
1790992380000,769.11,769.12,768.92,768.92,19.539
1790992440000,768.92,768.92,768.86,768.86,14.04
1790992500000,768.86,768.91,768.86,768.88,6.629
1790992560000,768.87,768.88,768.87,768.88,25.553
1790992620000,768.88,769.01,768.87,769.01,31.172
1790992680000,769.01,769.01,768.93,768.94,10.348
1790992740000,768.94,769.09,768.94,769.09,20.105
1790992800000,769.09,769.09,769.04,769.05,8.786
1790992860000,769.05,769.1,769.04,769.09,11.604
1790992920000,769.09,769.09,768.86,768.86,54.342
1790992980000,768.86,768.86,768.7,768.71,12.189
1790993040000,768.71,768.71,768.7,768.71,10.612
1790993100000,768.71,768.71,768.38,768.38,89.005
1790993160000,768.38,768.38,767.9,767.9,27.114
1790993220000,767.9,768.09,767.81,768.09,40.314
1790993280000,768.09,768.66,768.08,768.66,15.636
1790993340000,768.68,768.68,768.49,768.58,42.316
1790993400000,768.57,768.63,768.55,768.56,7.129
1790993460000,768.56,768.67,768.55,768.67,8.122
1790993520000,768.67,768.95,768.67,768.95,42.731
1790993580000,768.94,768.95,768.81,768.82,43.042
1790993640000,768.81,768.93,768.81,768.93,6.994
1790993700000,768.92,768.92,768.77,768.77,7.403
1790993760000,768.78,768.78,768.57,768.58,17.386
1790993820000,768.58,768.89,768.58,768.85,14.203
1790993880000,768.84,769.05,768.84,769.05,21.863
1790993940000,769.05,769.12,768.96,768.96,49.009
1790994000000,768.97,769.04,768.87,768.88,15.664
1790994060000,768.88,769.01,768.88,769.01,14.17
1790994120000,769.01,769.05,769.01,769.05,7.797
1790994180000,769.04,769.05,769.01,769.02,33.086
1790994240000,769.02,769.02,769.01,769.02,5.035
1790994300000,769.01,769.02,768.9,768.9,47.964
1790994360000,768.91,768.91,768.9,768.91,2.959
1790994420000,768.91,769.02,768.9,769.01,11.139
1790994480000,769.01,769.06,769.01,769.05,7.945
1790994540000,769.05,769.05,768.9,768.9,44.743
1790994600000,768.9,768.91,768.66,768.67,28.698
1790994660000,768.67,768.67,768.66,768.67,11.528
1790994720000,768.67,768.73,768.66,768.73,23.919
1790994780000,768.73,768.81,768.66,768.67,11.995
1790994840000,768.67,768.67,768.47,768.48,27.598
1790994900000,768.48,768.52,768.3,768.32,27.642
1790994960000,768.32,768.38,768.32,768.38,22.746
1790995020000,768.37,768.39,768.37,768.39,32.938
1790995080000,768.39,768.57,768.39,768.57,25.625
1790995140000,768.56,768.83,768.56,768.82,12.913
1790995200000,768.82,768.83,768.82,768.83,8.639
1790995260000,768.82,768.83,768.72,768.77,15.073
1790995320000,768.77,768.94,768.77,768.94,27.857
1790995380000,768.93,768.93,768.82,768.83,11.026
1790995440000,768.82,768.89,768.82,768.89,15.784
1790995500000,768.88,768.89,768.77,768.77,9.487
1790995560000,768.78,768.78,768.64,768.64,25.65
1790995620000,768.65,768.65,768.64,768.65,1.781
1790995680000,768.65,768.72,768.64,768.71,10.707
1790995740000,768.71,768.72,768.71,768.71,5.489
1790995800000,768.72,768.82,768.71,768.8,62.948
1790995860000,768.79,768.79,768.52,768.69,108.015
1790995920000,768.69,768.91,768.63,768.63,375.693
1790995980000,768.63,768.67,768.63,768.67,59.818
1790996040000,768.66,768.67,768.57,768.58,27.184
1790996100000,768.59,768.59,768.4,768.41,22.568
1790996160000,768.41,768.44,768.4,768.42,11.159
1790996220000,768.42,768.44,768.42,768.43,3.253
1790996280000,768.44,768.44,768.32,768.36,64.125
1790996340000,768.36,768.36,768.34,768.34,31.241
1790996400000,768.34,768.34,768.23,768.32,13.352
1790996460000,768.32,768.32,768.31,768.32,10.188
1790996520000,768.32,768.54,768.32,768.49,60.943
1790996580000,768.48,768.48,768.27,768.28,105.33
1790996640000,768.28,768.28,768.2,768.21,15.293
1790996700000,768.2,768.2,767.73,767.73,25.158
1790996760000,767.73,767.76,767.72,767.76,8.4
1790996820000,767.76,767.76,767.6,767.61,8.21
1790996880000,767.6,767.78,767.5,767.77,98.888
1790996940000,767.78,768.27,767.78,768.21,38.863
1790997000000,768.21,768.21,767.87,767.93,12.993
1790997060000,767.92,767.93,767.86,767.87,15.323
1790997120000,767.87,767.87,767.86,767.86,17.278
1790997180000,767.87,768.0,767.87,768.0,21.533
1790997240000,768.0,768.18,768.0,768.18,5.151
1790997300000,768.17,768.59,768.16,768.59,43.738
1790997360000,768.6,768.91,768.6,768.89,12.212
1790997420000,768.89,768.91,768.88,768.9,10.624
1790997480000,768.9,769.2,768.9,769.05,20.454
1790997540000,769.04,769.04,768.9,768.91,34.426
1790997600000,768.91,768.91,768.86,768.87,16.169
1790997660000,768.87,769.03,768.86,768.91,15.13
1790997720000,768.91,768.91,768.71,768.72,12.649
1790997780000,768.72,768.88,768.72,768.81,11.419
1790997840000,768.8,768.86,768.8,768.86,1.907
1790997900000,768.86,768.86,768.85,768.86,1.368
1790997960000,768.86,769.0,768.84,768.97,54.212
1790998020000,768.97,768.97,768.49,768.59,53.235
1790998080000,768.59,768.59,768.25,768.28,13.233
1790998140000,768.28,768.28,768.27,768.28,7.141
1790998200000,768.28,768.28,768.2,768.21,21.125
1790998260000,768.2,768.39,768.2,768.39,10.685
1790998320000,768.39,768.48,768.36,768.37,8.933
1790998380000,768.36,768.73,768.36,768.5,13.396
1790998440000,768.5,768.58,768.49,768.58,9.971
1790998500000,768.58,768.58,768.5,768.51,54.569
1790998560000,768.51,768.51,768.46,768.46,6.409
1790998620000,768.47,768.52,768.46,768.52,9.029
1790998680000,768.51,768.52,768.14,768.15,152.938
1790998740000,768.15,768.15,768.14,768.14,4.85
1790998800000,768.15,768.19,768.14,768.19,19.682
1790998860000,768.19,768.19,767.91,768.03,75.862
1790998920000,768.04,768.19,768.03,768.18,12.882
1790998980000,768.19,768.34,768.18,768.34,14.915
1790999040000,768.33,768.36,768.33,768.36,2.709
1790999100000,768.35,768.35,768.33,768.34,5.819
1790999160000,768.34,768.34,768.33,768.34,16.074
1790999220000,768.34,768.41,768.33,768.41,28.527
1790999280000,768.41,768.41,768.4,768.41,4.675
1790999340000,768.41,768.48,768.4,768.43,18.287
1790999400000,768.43,768.43,768.42,768.42,6.702
1790999460000,768.43,768.43,768.38,768.39,17.425
1790999520000,768.38,768.42,768.38,768.41,23.694
1790999580000,768.42,768.42,768.4,768.4,28.215
1790999640000,768.4,768.41,768.36,768.37,12.882
1790999700000,768.37,768.37,768.36,768.37,3.246
1790999760000,768.37,768.37,768.23,768.23,6.537
1790999820000,768.24,768.36,768.24,768.36,9.801
1790999880000,768.36,768.36,768.35,768.36,5.899
1790999940000,768.36,768.36,768.35,768.36,4.279
1791000000000,768.36,768.39,768.35,768.36,7.785
1791000060000,768.36,768.36,768.35,768.36,12.606
1791000120000,768.36,768.39,768.29,768.35,44.086
1791000180000,768.35,768.39,768.34,768.38,19.533
1791000240000,768.38,768.39,768.35,768.39,48.188
1791000300000,768.38,768.51,768.3,768.46,48.465
1791000360000,768.47,768.5,768.46,768.49,4.27
1791000420000,768.49,768.61,768.48,768.61,20.028
1791000480000,768.61,768.61,768.2,768.21,41.413
1791000540000,768.2,768.21,768.12,768.12,15.565
1791000600000,768.13,768.13,768.06,768.07,16.896
1791000660000,768.07,768.27,768.06,768.27,42.42
1791000720000,768.29,768.36,768.2,768.21,10.066
1791000780000,768.21,768.43,768.14,768.43,62.257
1791000840000,768.44,768.5,768.43,768.5,24.962
1791000900000,768.5,768.53,767.53,767.53,358.131
1791000960000,767.54,767.54,767.13,767.13,45.006
1791001020000,767.14,767.45,767.13,767.34,14.967
1791001080000,767.34,767.34,767.33,767.34,8.393
1791001140000,767.33,767.33,767.09,767.1,10.813
1791001200000,767.1,767.1,767.0,767.01,19.102
1791001260000,767.01,767.09,767.0,767.09,18.835
1791001320000,767.1,767.12,767.0,767.0,21.981
1791001380000,767.0,767.01,766.89,766.93,57.849
1791001440000,766.93,767.08,766.93,766.97,18.478
1791001500000,766.97,766.97,766.95,766.95,21.059
1791001560000,766.96,766.97,766.7,766.92,203.532
1791001620000,766.92,766.92,766.54,766.54,32.906
1791001680000,766.55,766.55,766.12,766.36,95.958
1791001740000,766.36,766.37,766.34,766.35,9.702
1791001800000,766.35,766.35,766.32,766.33,16.281
1791001860000,766.33,766.33,765.99,766.27,780.448
1791001920000,766.26,766.58,766.25,766.58,68.608
1791001980000,766.58,766.58,766.28,766.28,93.522
1791002040000,766.27,766.36,766.06,766.35,143.923
1791002100000,766.35,766.35,765.73,765.74,285.379
1791002160000,765.74,765.74,765.38,765.54,47.407
1791002220000,765.54,765.54,765.48,765.48,21.975
1791002280000,765.49,765.56,765.48,765.56,20.022
1791002340000,765.57,765.75,765.38,765.39,182.204
1791002400000,765.39,765.39,765.23,765.24,37.947
1791002460000,765.24,765.24,765.18,765.2,24.193
1791002520000,765.2,765.6,765.18,765.59,490.547
1791002580000,765.58,766.21,765.58,766.21,525.906
1791002640000,766.21,767.69,765.94,766.23,1156.01
1791002700000,766.23,766.46,766.23,766.38,34.919
1791002760000,766.39,766.58,766.38,766.58,19.577
1791002820000,766.58,766.76,766.58,766.76,30.459
1791002880000,766.75,766.86,766.68,766.78,19.692
1791002940000,766.78,766.81,766.74,766.8,30.497
1791003000000,766.81,766.81,766.53,766.54,26.724
1791003060000,766.54,766.57,766.51,766.54,20.236
1791003120000,766.54,766.93,766.54,766.93,30.723
1791003180000,766.92,767.08,766.92,766.95,61.526
1791003240000,766.95,767.26,766.94,767.26,29.282
1791003300000,767.26,767.26,767.14,767.15,16.91
1791003360000,767.15,767.15,767.14,767.15,7.99
1791003420000,767.15,767.15,767.02,767.03,13.426
1791003480000,767.03,767.07,767.02,767.07,63.937
1791003540000,767.07,767.07,767.02,767.02,20.934
1791003600000,767.03,767.03,766.76,766.8,101.716
1791003660000,766.8,766.8,766.61,766.62,17.808
1791003720000,766.62,766.73,766.54,766.73,32.725
1791003780000,766.73,766.73,766.72,766.73,16.599
1791003840000,766.73,766.8,766.72,766.8,28.975
1791003900000,766.79,767.0,766.79,766.93,42.998
1791003960000,766.93,767.1,766.75,767.1,55.535
1791004020000,767.1,767.12,766.95,767.07,42.24
1791004080000,767.07,767.19,767.07,767.19,34.38
1791004140000,767.19,767.52,767.19,767.51,32.923
1791004200000,767.52,767.52,767.35,767.36,19.106
1791004260000,767.36,767.37,767.35,767.37,20.202
1791004320000,767.37,767.37,767.02,767.02,33.53
1791004380000,767.05,767.05,766.98,766.99,14.994
1791004440000,766.99,767.06,766.99,767.05,15.459
1791004500000,767.06,767.19,767.05,767.07,14.592
1791004560000,767.08,767.13,767.07,767.13,11.115
1791004620000,767.12,767.36,767.12,767.35,7.552
1791004680000,767.36,767.36,767.35,767.36,8.676
1791004740000,767.35,767.36,767.29,767.3,11.877
1791004800000,767.3,767.3,767.29,767.3,6.772
1791004860000,767.29,767.29,767.18,767.26,17.317
1791004920000,767.27,767.37,767.27,767.37,13.183
1791004980000,767.36,767.39,767.27,767.28,11.123
1791005040000,767.27,767.46,767.27,767.45,17.223
1791005100000,767.45,767.46,767.29,767.33,11.759
1791005160000,767.33,767.33,767.19,767.28,83.305
1791005220000,767.28,767.33,767.18,767.19,77.578
1791005280000,767.18,767.2,767.18,767.2,43.268
1791005340000,767.2,767.2,767.19,767.2,23.322
1791005400000,767.2,767.36,767.19,767.36,13.883
1791005460000,767.36,767.41,767.36,767.41,15.572
1791005520000,767.41,767.41,767.4,767.4,7.339
1791005580000,767.41,767.41,767.4,767.41,17.158
1791005640000,767.4,767.4,767.29,767.29,19.474
1791005700000,767.3,767.3,767.07,767.08,65.77
1791005760000,767.07,767.13,767.0,767.13,12.598
1791005820000,767.13,767.17,767.12,767.17,18.337
1791005880000,767.16,767.25,767.16,767.24,9.626
1791005940000,767.24,767.25,767.24,767.24,7.893
1791006000000,767.25,767.25,767.04,767.12,26.948
1791006060000,767.12,767.12,766.97,766.98,36.325
1791006120000,766.98,767.0,766.97,767.0,12.738
1791006180000,767.0,767.08,766.99,767.07,14.406
1791006240000,767.08,767.08,767.0,767.0,26.284
1791006300000,767.01,767.01,766.99,766.99,28.257
1791006360000,766.99,767.0,766.99,767.0,14.374
1791006420000,767.0,767.28,766.99,767.09,80.299
1791006480000,767.09,767.16,767.09,767.12,12.954
1791006540000,767.11,767.12,767.11,767.11,6.5
1791006600000,767.12,767.12,767.04,767.05,21.893
1791006660000,767.04,767.18,767.02,767.18,20.324
1791006720000,767.18,767.18,767.04,767.05,14.564
1791006780000,767.05,767.05,766.98,766.99,25.844
1791006840000,766.98,767.09,766.98,767.09,15.807
1791006900000,767.08,767.17,767.08,767.17,13.355
1791006960000,767.17,767.17,767.16,767.17,9.865
1791007020000,767.17,767.17,767.11,767.11,19.649
1791007080000,767.12,767.12,767.07,767.08,5.959
1791007140000,767.07,767.07,767.04,767.05,11.851
1791007200000,767.05,767.17,767.01,767.02,24.746
1791007260000,767.02,767.35,767.02,767.35,24.919
1791007320000,767.35,767.35,767.3,767.3,19.23
1791007380000,767.3,767.3,767.21,767.28,14.978
1791007440000,767.29,767.29,767.11,767.12,28.922
1791007500000,767.11,767.11,766.94,767.02,27.112
1791007560000,767.02,767.02,766.81,766.92,43.609
1791007620000,766.92,766.95,766.91,766.95,34.636
1791007680000,766.95,767.1,766.95,767.1,54.782
1791007740000,767.1,767.28,767.1,767.13,46.133
1791007800000,767.12,767.13,766.99,767.04,58.926
1791007860000,767.04,767.06,767.03,767.06,10.169
1791007920000,767.06,767.18,766.91,766.94,24.704
1791007980000,766.94,766.94,766.77,766.77,8.631
1791008040000,766.76,766.77,766.62,766.63,28.497
1791008100000,766.62,766.63,766.59,766.6,19.837
1791008160000,766.59,766.6,766.59,766.59,8.25
1791008220000,766.59,766.6,766.59,766.6,5.552
1791008280000,766.59,766.6,766.59,766.6,4.006
1791008340000,766.6,766.69,766.59,766.6,40.665
1791008400000,766.61,766.61,766.52,766.53,28.79
1791008460000,766.53,766.53,766.52,766.53,4.74
1791008520000,766.53,766.53,766.23,766.23,29.887
1791008580000,766.23,766.24,766.22,766.23,21.485
1791008640000,766.22,766.23,766.12,766.13,10.498
1791008700000,766.12,766.13,765.9,766.13,97.317
1791008760000,766.13,766.41,766.12,766.41,43.353
1791008820000,766.41,766.41,766.28,766.28,50.033
1791008880000,766.29,766.32,766.09,766.09,46.656
1791008940000,766.1,766.1,766.04,766.05,20.727
1791009000000,766.05,766.39,766.04,766.39,26.521
1791009060000,766.4,766.4,766.21,766.27,26.908
1791009120000,766.26,766.71,766.26,766.71,31.877
1791009180000,766.7,766.7,766.64,766.65,18.658
1791009240000,766.64,766.64,766.47,766.59,26.469
1791009300000,766.59,766.65,766.51,766.6,95.108
1791009360000,766.59,766.6,766.19,766.6,89.888
1791009420000,766.59,766.69,766.54,766.69,43.921
1791009480000,766.69,766.69,766.47,766.48,43.207
1791009540000,766.47,766.47,766.44,766.44,30.412
1791009600000,766.44,766.45,766.2,766.33,95.002
1791009660000,766.33,766.35,766.32,766.35,16.287
1791009720000,766.35,766.44,766.26,766.26,51.046
1791009780000,766.26,766.36,765.97,765.97,96.821
1791009840000,765.97,766.19,765.97,766.14,23.798
1791009900000,766.14,766.14,766.11,766.12,11.43
1791009960000,766.11,766.11,765.74,765.74,18.345
1791010020000,765.75,766.08,765.75,766.07,40.59
1791010080000,766.07,766.1,766.07,766.09,26.664
1791010140000,766.09,766.09,765.74,765.74,63.683
1791010200000,765.74,765.75,765.62,765.67,67.981
1791010260000,765.68,765.72,765.68,765.71,18.384
1791010320000,765.71,766.15,765.71,766.15,44.156
1791010380000,766.15,766.4,766.1,766.24,113.73
1791010440000,766.24,766.25,765.96,766.08,170.798
1791010500000,766.07,766.29,766.07,766.13,70.831
1791010560000,766.13,766.13,766.12,766.12,16.812
1791010620000,766.12,766.13,766.12,766.13,12.017
1791010680000,766.13,766.13,766.12,766.13,18.958
1791010740000,766.12,766.28,766.12,766.15,65.359
1791010800000,766.17,766.26,766.12,766.12,22.552
1791010860000,766.13,766.13,766.11,766.12,9.816
1791010920000,766.11,766.12,765.87,765.93,38.79
1791010980000,765.94,766.07,765.94,766.04,35.473
1791011040000,766.05,766.05,765.93,765.94,18.133
1791011100000,765.93,765.95,765.92,765.95,18.5
1791011160000,765.95,765.95,765.92,765.92,13.698
1791011220000,765.93,765.93,765.73,765.74,38.346
1791011280000,765.74,765.74,765.7,765.71,40.096
1791011340000,765.7,765.71,765.56,765.56,23.013
1791011400000,765.57,765.57,765.46,765.47,201.796
1791011460000,765.47,765.47,765.45,765.46,63.637
1791011520000,765.46,765.75,765.45,765.64,353.779
1791011580000,765.64,765.78,765.64,765.77,42.317
1791011640000,765.77,765.92,765.59,765.62,95.893
1791011700000,765.61,765.74,765.59,765.74,12.312
1791011760000,765.74,765.81,765.64,765.79,47.445
1791011820000,765.79,765.79,765.78,765.78,16.993
1791011880000,765.78,765.79,765.72,765.72,19.936
1791011940000,765.72,765.72,765.71,765.72,7.725
1791012000000,765.72,765.78,765.71,765.78,18.921
1791012060000,765.77,765.82,765.59,765.59,41.066
1791012120000,765.59,765.59,765.4,765.41,15.548
1791012180000,765.4,765.41,765.31,765.31,26.067
1791012240000,765.32,765.41,765.32,765.41,19.124
1791012300000,765.4,765.52,765.4,765.52,32.217
1791012360000,765.52,765.52,765.51,765.51,18.472
1791012420000,765.51,766.08,765.51,765.98,77.157
1791012480000,765.97,765.97,765.92,765.92,11.966
1791012540000,765.93,766.01,765.92,766.01,9.31
1791012600000,766.01,766.04,765.99,766.04,31.855
1791012660000,766.04,766.04,765.92,765.93,22.995
1791012720000,765.93,765.94,765.84,765.85,78.669
1791012780000,765.85,765.88,765.84,765.88,19.04
1791012840000,765.88,766.03,765.87,766.03,36.462
1791012900000,766.03,766.36,765.97,766.36,35.706
1791012960000,766.36,766.36,766.24,766.25,12.888
1791013020000,766.25,766.25,766.08,766.11,33.749
1791013080000,766.1,766.11,766.1,766.11,13.65
1791013140000,766.11,766.11,766.0,766.0,18.829
1791013200000,766.01,766.01,765.81,765.81,32.059
1791013260000,765.81,765.82,765.65,765.65,51.922
1791013320000,765.66,765.66,765.44,765.44,42.266
1791013380000,765.44,765.45,765.39,765.4,20.591
1791013440000,765.4,765.4,765.25,765.25,19.088
1791013500000,765.26,765.26,765.21,765.21,57.66
1791013560000,765.21,765.78,765.21,765.78,103.631
1791013620000,765.78,766.01,765.78,765.91,54.775
1791013680000,765.92,766.01,765.91,765.92,48.946
1791013740000,765.92,765.93,765.62,765.7,105.011
1791013800000,765.7,765.86,765.69,765.86,24.832
1791013860000,765.86,765.92,765.61,765.65,14.554
1791013920000,765.65,765.72,765.55,765.55,53.671
1791013980000,765.55,765.55,765.13,765.16,39.631
1791014040000,765.15,765.28,765.01,765.28,136.933
1791014100000,765.28,765.28,765.22,765.25,51.625
1791014160000,765.26,765.43,765.22,765.43,18.388
1791014220000,765.42,765.43,765.25,765.25,28.009
1791014280000,765.26,765.39,765.11,765.39,37.855
1791014340000,765.39,765.49,765.17,765.35,41.003
1791014400000,765.36,765.51,765.2,765.51,41.021
1791014460000,765.51,765.59,765.33,765.33,19.018
1791014520000,765.32,765.42,765.23,765.23,25.986
1791014580000,765.22,765.22,764.87,765.11,172.132
1791014640000,765.12,765.44,765.12,765.43,30.766
1791014700000,765.44,765.54,765.43,765.53,16.327
1791014760000,765.54,765.59,765.48,765.55,26.873
1791014820000,765.54,765.54,765.48,765.49,15.269
1791014880000,765.49,765.86,765.49,765.85,34.279
1791014940000,765.85,765.86,765.65,765.78,67.833
1791015000000,765.79,765.79,765.56,765.57,43.97
1791015060000,765.57,765.68,765.39,765.56,32.803
1791015120000,765.57,765.57,765.41,765.57,33.775
1791015180000,765.56,765.56,765.4,765.41,51.585
1791015240000,765.41,765.5,765.27,765.49,33.627
1791015300000,765.49,765.5,765.34,765.34,48.83
1791015360000,765.35,765.47,765.31,765.47,13.325
1791015420000,765.47,765.47,765.22,765.23,87.694
1791015480000,765.23,765.48,765.23,765.45,75.66
1791015540000,765.45,765.45,765.44,765.45,8.165
1791015600000,765.45,765.45,765.22,765.23,39.211
1791015660000,765.23,765.23,765.22,765.22,14.277
1791015720000,765.23,765.23,765.13,765.13,100.29
1791015780000,765.13,765.13,764.88,764.88,64.94
1791015840000,764.88,764.89,764.88,764.88,17.234
1791015900000,764.89,764.89,764.83,764.84,28.341
1791015960000,764.83,764.97,764.83,764.96,34.155
1791016020000,764.97,765.21,764.95,765.21,75.17
1791016080000,765.2,765.39,765.15,765.39,24.737
1791016140000,765.39,765.7,765.39,765.45,60.795
1791016200000,765.45,765.66,765.44,765.54,27.818
1791016260000,765.53,765.54,765.34,765.42,22.723
1791016320000,765.43,765.48,765.42,765.47,16.093
1791016380000,765.47,765.48,765.43,765.48,32.196
1791016440000,765.48,765.64,765.48,765.64,12.71
1791016500000,765.63,765.76,765.63,765.76,10.973
1791016560000,765.76,765.8,765.75,765.8,12.016
1791016620000,765.8,765.8,765.76,765.76,20.448
1791016680000,765.77,765.77,765.44,765.51,39.809
1791016740000,765.51,765.67,765.51,765.62,14.094
1791016800000,765.62,765.68,765.62,765.67,11.246
1791016860000,765.67,765.72,765.63,765.63,6.052
1791016920000,765.64,765.71,765.55,765.56,49.576
1791016980000,765.56,765.69,765.55,765.67,42.664
1791017040000,765.68,765.87,765.67,765.86,32.174
1791017100000,765.86,765.98,765.86,765.95,79.129
1791017160000,765.95,765.97,765.94,765.96,15.457
1791017220000,765.97,765.97,765.71,765.71,53.904
1791017280000,765.71,765.72,765.71,765.71,10.182
1791017340000,765.72,765.72,765.71,765.72,9.686
1791017400000,765.72,765.84,765.71,765.84,24.342
1791017460000,765.83,765.84,765.83,765.84,10.668
1791017520000,765.83,766.4,765.83,766.09,100.583
1791017580000,766.09,766.19,766.08,766.19,15.732
1791017640000,766.19,766.2,766.19,766.2,21.932
1791017700000,766.2,766.32,766.2,766.31,18.903
1791017760000,766.32,766.32,766.31,766.31,20.299
1791017820000,766.31,766.31,766.25,766.27,45.948
1791017880000,766.27,766.3,766.19,766.19,84.961
1791017940000,766.19,766.49,766.19,766.32,49.375
1791018000000,766.32,766.76,766.32,766.72,23.332
1791018060000,766.73,766.73,766.67,766.69,28.339
1791018120000,766.69,766.73,766.68,766.69,44.615
1791018180000,766.69,766.86,766.67,766.86,77.744
1791018240000,766.86,766.86,766.81,766.82,41.111
1791018300000,766.83,766.94,766.82,766.93,42.775
1791018360000,766.93,766.97,766.93,766.97,14.642
1791018420000,766.97,766.99,766.96,766.98,46.45
1791018480000,766.98,767.02,766.98,767.01,28.127
1791018540000,767.01,767.27,767.01,767.27,54.344
1791018600000,767.28,767.56,767.28,767.55,860.71
1791018660000,767.56,767.59,767.56,767.58,11.224
1791018720000,767.59,767.74,767.58,767.73,26.833
1791018780000,767.73,767.74,767.6,767.61,13.232
1791018840000,767.61,767.65,767.61,767.64,28.11
1791018900000,767.65,767.65,767.44,767.45,100.455
1791018960000,767.44,767.45,766.79,766.89,209.754
1791019020000,766.89,767.07,766.88,767.07,19.767
1791019080000,767.06,767.26,767.06,767.26,9.721
1791019140000,767.26,767.6,767.25,767.26,87.689
1791019200000,767.25,767.35,767.15,767.35,39.274
1791019260000,767.35,767.35,767.07,767.1,29.76
1791019320000,767.09,767.34,767.09,767.34,22.309
1791019380000,767.35,767.39,767.34,767.39,26.383
1791019440000,767.39,767.39,767.33,767.34,66.688
1791019500000,767.33,767.33,767.25,767.25,11.747
1791019560000,767.26,768.0,767.15,767.62,764.148
1791019620000,767.62,767.96,767.61,767.95,66.483
1791019680000,767.94,767.94,767.88,767.89,7.904
1791019740000,767.88,767.89,767.88,767.89,20.635
1791019800000,767.88,767.95,767.82,767.95,26.362
1791019860000,767.96,768.0,767.95,767.99,30.516
1791019920000,768.0,768.0,767.99,768.0,6.627
1791019980000,768.0,768.12,767.99,768.0,47.263
1791020040000,768.0,768.06,768.0,768.06,4.095
1791020100000,768.05,768.05,767.98,767.98,80.079
1791020160000,767.99,767.99,767.76,767.76,10.999
1791020220000,767.76,767.76,767.75,767.76,7.979
1791020280000,767.75,767.76,767.72,767.75,24.525
1791020340000,767.75,767.76,767.75,767.75,3.85
1791020400000,767.76,767.76,767.7,767.72,7.234
1791020460000,767.72,767.77,767.71,767.72,24.921
1791020520000,767.72,767.75,767.72,767.74,6.604
1791020580000,767.75,767.76,767.75,767.75,11.966
1791020640000,767.76,767.84,767.75,767.84,8.935
1791020700000,767.83,767.83,767.75,767.76,38.885
1791020760000,767.76,767.82,767.75,767.81,12.607
1791020820000,767.81,767.82,767.75,767.75,90.317
1791020880000,767.75,767.76,767.75,767.76,18.827
1791020940000,767.75,767.76,767.72,767.73,21.797
1791021000000,767.73,767.82,767.72,767.81,27.625
1791021060000,767.82,767.82,767.81,767.82,8.594
1791021120000,767.82,767.82,767.74,767.74,18.802
1791021180000,767.75,767.75,767.6,767.6,5.808
1791021240000,767.6,767.61,767.51,767.51,6.739
1791021300000,767.52,767.7,767.52,767.7,14.891
1791021360000,767.7,767.7,767.6,767.65,54.304
1791021420000,767.65,767.66,767.58,767.58,4.872
1791021480000,767.59,767.59,767.58,767.58,9.89
1791021540000,767.59,767.61,767.58,767.61,8.867
1791021600000,767.6,767.6,767.5,767.55,17.103
1791021660000,767.55,767.57,767.54,767.57,11.126
1791021720000,767.57,767.57,767.56,767.57,7.293
1791021780000,767.57,767.6,767.57,767.59,44.387
1791021840000,767.59,767.91,767.59,767.91,55.29
1791021900000,767.9,767.91,767.9,767.9,16.351
1791021960000,767.9,768.06,767.9,768.06,29.467
1791022020000,768.07,768.07,767.96,767.97,28.215
1791022080000,767.97,768.2,767.96,768.2,45.474
1791022140000,768.2,768.41,768.19,768.41,27.868
1791022200000,768.41,768.41,768.4,768.41,8.01
1791022260000,768.41,769.0,768.4,768.74,552.014
1791022320000,768.73,768.73,768.44,768.45,24.682
1791022380000,768.45,768.45,768.44,768.44,22.964
1791022440000,768.45,768.45,768.4,768.43,8.064
1791022500000,768.43,768.43,768.42,768.43,3.998
1791022560000,768.42,768.43,768.42,768.43,12.288
1791022620000,768.42,768.78,768.42,768.66,233.412
1791022680000,768.65,768.66,768.65,768.66,10.849
1791022740000,768.65,768.71,768.65,768.71,21.263
1791022800000,768.71,768.75,768.67,768.68,34.408
1791022860000,768.68,768.68,768.48,768.53,41.492
1791022920000,768.53,768.54,768.53,768.54,2.65
1791022980000,768.54,768.54,768.53,768.54,11.515
1791023040000,768.54,768.54,768.53,768.54,7.621
1791023100000,768.54,768.62,768.53,768.62,24.493
1791023160000,768.61,768.62,768.61,768.61,9.671
1791023220000,768.62,768.68,768.61,768.67,23.942
1791023280000,768.68,769.0,768.68,768.99,20.072
1791023340000,769.0,769.18,768.99,769.17,67.931
1791023400000,769.17,769.17,769.1,769.11,6.788
1791023460000,769.1,769.2,769.1,769.19,30.915
1791023520000,769.2,769.2,769.19,769.19,23.711
1791023580000,769.19,769.2,769.0,769.01,44.471
1791023640000,769.01,769.11,769.0,769.11,49.89
1791023700000,769.11,769.11,768.54,768.63,83.81
1791023760000,768.62,768.63,768.11,768.43,66.482
1791023820000,768.43,768.64,768.43,768.64,19.952
1791023880000,768.63,768.64,768.63,768.64,10.81
1791023940000,768.64,768.68,768.63,768.68,6.625
1791024000000,768.68,768.68,768.55,768.59,44.396
1791024060000,768.59,768.59,768.41,768.42,161.908
1791024120000,768.42,768.42,768.35,768.35,4.235
1791024180000,768.36,768.36,768.33,768.34,10.796
1791024240000,768.34,768.34,768.33,768.34,4.45
1791024300000,768.34,768.34,768.33,768.34,12.943
1791024360000,768.34,768.36,768.33,768.36,16.885
1791024420000,768.36,768.36,768.35,768.35,12.536
1791024480000,768.36,768.38,768.35,768.37,33.784
1791024540000,768.38,768.38,768.25,768.25,25.049
1791024600000,768.26,768.26,768.25,768.26,27.335
1791024660000,768.26,768.26,768.25,768.25,1.538
1791024720000,768.26,768.31,768.26,768.31,2.137
1791024780000,768.31,768.57,768.3,768.57,17.031
1791024840000,768.57,768.57,768.56,768.57,10.372
1791024900000,768.57,768.68,768.56,768.68,30.707
1791024960000,768.67,768.7,768.67,768.7,22.065
1791025020000,768.69,768.78,768.69,768.78,7.313
1791025080000,768.77,768.78,768.77,768.78,7.444
1791025140000,768.77,768.78,768.77,768.78,8.364
1791025200000,768.78,768.96,768.77,768.95,57.811
1791025260000,768.95,768.96,768.95,768.96,14.166
1791025320000,768.95,768.95,768.73,768.77,73.483
1791025380000,768.76,768.96,768.76,768.95,44.244
1791025440000,768.96,769.2,768.96,769.2,100.057
1791025500000,769.19,769.2,769.19,769.19,6.401
1791025560000,769.2,769.33,769.19,769.32,37.017
1791025620000,769.33,769.87,769.32,769.86,32.358
1791025680000,769.87,769.87,769.65,769.7,74.569
1791025740000,769.7,769.83,769.7,769.82,13.332
1791025800000,769.82,769.83,769.72,769.75,27.083
1791025860000,769.75,769.76,769.6,769.61,42.048
1791025920000,769.61,769.76,769.6,769.75,37.0
1791025980000,769.76,769.76,769.32,769.33,41.213
1791026040000,769.32,769.33,769.28,769.29,10.45
1791026100000,769.29,769.29,769.25,769.26,5.056
1791026160000,769.26,769.26,769.17,769.17,10.924
1791026220000,769.17,769.3,769.12,769.3,23.755
1791026280000,769.3,769.57,769.29,769.57,41.427
1791026340000,769.56,769.57,769.49,769.5,12.524
1791026400000,769.5,769.5,768.99,768.99,63.584
1791026460000,768.99,769.0,768.99,768.99,12.891
1791026520000,769.0,769.0,768.93,768.96,3.813
1791026580000,768.96,769.18,768.95,769.18,42.925
1791026640000,769.17,769.18,769.17,769.17,7.219
1791026700000,769.17,769.18,769.17,769.18,6.971
1791026760000,769.17,769.18,769.17,769.17,5.667
1791026820000,769.18,769.18,769.17,769.17,26.851
1791026880000,769.17,769.18,769.13,769.14,27.539
1791026940000,769.14,769.18,769.13,769.18,13.015
1791027000000,769.17,769.18,769.12,769.12,30.177
1791027060000,769.13,769.17,769.12,769.17,16.095
1791027120000,769.17,769.17,769.16,769.17,8.353
1791027180000,769.16,769.17,769.1,769.1,28.879
1791027240000,769.11,769.11,769.1,769.11,12.294
1791027300000,769.11,769.23,769.1,769.23,31.378
1791027360000,769.22,769.23,769.22,769.23,22.621
1791027420000,769.23,769.23,768.84,769.2,69.609
1791027480000,769.2,769.74,769.18,769.62,36.13
1791027540000,769.61,769.62,769.57,769.58,18.315
1791027600000,769.58,769.8,769.57,769.8,21.785
1791027660000,769.8,769.8,769.68,769.74,102.037
1791027720000,769.74,769.75,769.67,769.68,14.988
1791027780000,769.67,769.8,769.67,769.79,32.061
1791027840000,769.8,770.0,769.8,769.99,34.232
1791027900000,769.99,770.0,769.74,769.78,118.755
1791027960000,769.77,769.89,769.77,769.89,12.804
1791028020000,769.9,769.9,769.89,769.9,10.241
1791028080000,769.89,770.09,769.79,770.03,166.443
1791028140000,770.04,770.04,769.72,769.72,24.442
1791028200000,769.71,769.85,769.71,769.84,13.764
1791028260000,769.85,769.85,769.84,769.85,4.03
1791028320000,769.85,769.85,769.84,769.85,7.879
1791028380000,769.84,769.89,769.84,769.88,35.031
1791028440000,769.89,769.97,769.87,769.88,42.709
1791028500000,769.88,769.94,769.87,769.94,26.01
1791028560000,769.93,769.94,769.9,769.9,19.34
1791028620000,769.9,769.91,769.86,769.87,123.637
1791028680000,769.87,769.9,769.86,769.89,46.509
1791028740000,769.89,770.26,769.89,770.25,40.616
1791028800000,770.26,770.4,769.86,769.87,257.195
1791028860000,769.87,769.87,769.86,769.86,5.125
1791028920000,769.86,769.87,769.49,769.66,62.902
1791028980000,769.67,769.69,769.66,769.68,29.769
1791029040000,769.68,770.52,769.68,770.52,118.214
1791029100000,770.53,770.89,770.52,770.89,73.718
1791029160000,770.89,770.92,770.89,770.91,26.058
1791029220000,770.92,770.98,770.88,770.88,72.241
1791029280000,770.88,770.89,770.82,770.82,43.185
1791029340000,770.82,770.83,770.74,770.74,13.776
1791029400000,770.75,770.75,770.74,770.75,9.516
1791029460000,770.74,770.75,770.74,770.75,4.662
1791029520000,770.75,770.85,770.74,770.84,21.292
1791029580000,770.85,771.0,770.84,770.99,109.809
1791029640000,770.99,771.09,770.99,771.08,24.618
1791029700000,771.08,771.08,770.42,770.42,45.045
1791029760000,770.42,770.45,770.4,770.45,5.602
1791029820000,770.44,770.48,770.44,770.48,10.631
1791029880000,770.47,770.72,770.47,770.63,37.218
1791029940000,770.63,770.63,770.62,770.62,4.302
1791030000000,770.62,770.88,770.51,770.87,51.447
1791030060000,770.87,771.3,770.86,771.21,54.455
1791030120000,771.21,771.22,770.99,771.13,83.318
1791030180000,771.13,771.77,771.13,771.73,161.411
1791030240000,771.72,771.72,771.45,771.46,60.136
1791030300000,771.46,771.67,771.07,771.08,54.71
1791030360000,771.08,771.34,771.05,771.23,83.344
1791030420000,771.23,771.41,771.13,771.14,50.859
1791030480000,771.14,771.22,771.13,771.16,34.817
1791030540000,771.16,771.16,770.63,770.72,99.381
1791030600000,770.72,770.75,770.62,770.63,36.267
1791030660000,770.63,770.72,770.62,770.68,5.173
1791030720000,770.67,770.67,770.47,770.67,36.929
1791030780000,770.67,770.89,770.67,770.89,17.585
1791030840000,770.88,770.88,770.82,770.83,7.538
1791030900000,770.82,770.93,770.82,770.92,25.239
1791030960000,770.91,770.95,770.87,770.95,28.942
1791031020000,770.94,771.25,770.94,771.13,30.424
1791031080000,771.13,771.14,771.04,771.1,28.456
1791031140000,771.11,771.41,771.04,771.33,81.171
1791031200000,771.33,771.54,771.32,771.45,33.524
1791031260000,771.45,771.45,770.94,770.94,150.368
1791031320000,770.94,771.07,770.82,770.82,27.197
1791031380000,770.83,771.01,770.83,770.98,70.891
1791031440000,770.99,771.18,770.98,771.18,38.789
1791031500000,771.18,771.25,771.17,771.25,23.271
1791031560000,771.24,771.43,771.24,771.42,17.791
1791031620000,771.42,771.64,771.42,771.64,27.627
1791031680000,771.64,771.73,771.63,771.73,17.045
1791031740000,771.73,771.95,771.71,771.82,50.85
1791031800000,771.82,771.85,771.81,771.85,28.11
1791031860000,771.85,771.85,771.72,771.73,49.63
1791031920000,771.73,771.99,771.72,771.95,63.053
1791031980000,771.95,771.99,771.94,771.99,15.03
1791032040000,771.99,771.99,771.98,771.99,11.795
1791032100000,771.99,772.0,771.98,772.0,11.542
1791032160000,771.99,772.0,771.79,771.8,12.933
1791032220000,771.8,771.82,771.8,771.8,30.438
1791032280000,771.81,771.81,771.72,771.72,42.022
1791032340000,771.71,771.71,771.64,771.65,35.547
1791032400000,771.65,771.65,771.4,771.41,13.614
1791032460000,771.41,771.41,771.38,771.4,13.982
1791032520000,771.4,771.67,771.33,771.66,54.548
1791032580000,771.66,772.01,771.66,772.0,73.573
1791032640000,772.0,772.01,771.95,771.96,13.671
1791032700000,771.96,771.96,771.95,771.96,11.762
1791032760000,771.97,772.35,771.96,772.35,73.967
1791032820000,772.35,772.35,772.24,772.25,58.837
1791032880000,772.24,772.24,772.04,772.06,42.507
1791032940000,772.05,772.47,772.05,772.47,26.441
1791033000000,772.48,772.78,772.48,772.77,100.458
1791033060000,772.78,772.78,772.52,772.52,51.452
1791033120000,772.53,772.53,772.48,772.48,25.537
1791033180000,772.49,772.74,772.4,772.74,96.689
1791033240000,772.74,772.8,772.72,772.72,49.381
1791033300000,772.72,772.73,772.44,772.45,23.276
1791033360000,772.45,772.66,772.45,772.5,21.093
1791033420000,772.51,772.51,772.03,772.04,45.108
1791033480000,772.03,772.08,771.84,772.05,60.861
1791033540000,772.06,772.06,772.03,772.04,14.833
1791033600000,772.04,772.04,771.81,771.81,16.728
1791033660000,771.81,771.85,771.79,771.81,71.179
1791033720000,771.81,771.81,771.8,771.81,6.37
1791033780000,771.81,771.98,771.74,771.98,33.524
1791033840000,771.97,772.16,771.88,772.14,72.812
1791033900000,772.15,772.31,772.14,772.26,91.703
1791033960000,772.26,772.27,772.26,772.27,26.469
1791034020000,772.26,772.27,772.26,772.26,5.543
1791034080000,772.27,772.74,772.27,772.73,44.946
1791034140000,772.74,772.74,772.65,772.67,35.074
1791034200000,772.67,772.67,772.56,772.57,26.718
1791034260000,772.57,772.59,772.56,772.59,8.131
1791034320000,772.59,772.59,772.58,772.59,11.408
1791034380000,772.58,772.59,772.4,772.45,53.877
1791034440000,772.46,772.82,772.46,772.82,71.278
1791034500000,772.82,772.98,771.9,772.47,284.285
1791034560000,772.48,773.06,772.47,773.06,56.642
1791034620000,773.06,773.48,773.06,773.39,183.706
1791034680000,773.39,773.7,773.39,773.6,64.105
1791034740000,773.6,773.72,773.49,773.49,36.221
1791034800000,773.5,774.27,773.5,774.17,130.116
1791034860000,774.17,774.47,774.17,774.35,51.314
1791034920000,774.36,774.37,774.02,774.28,109.439
1791034980000,774.27,774.27,773.91,774.08,37.227
1791035040000,774.07,774.08,773.6,773.61,54.979
1791035100000,773.6,773.61,773.54,773.54,22.868
1791035160000,773.54,773.55,773.52,773.52,24.464
1791035220000,773.53,773.53,773.37,773.38,7.505
1791035280000,773.38,774.17,773.37,774.16,58.686
1791035340000,774.17,774.54,774.16,774.53,100.869
1791035400000,774.53,774.53,773.96,773.97,49.963
1791035460000,773.96,773.97,773.95,773.95,31.809
1791035520000,773.95,774.1,773.94,774.09,11.609
1791035580000,774.09,774.32,774.09,774.31,49.809
1791035640000,774.31,774.31,774.26,774.27,9.508
1791035700000,774.26,774.27,774.26,774.26,9.986
1791035760000,774.27,774.52,774.26,774.52,43.471
1791035820000,774.51,774.51,774.28,774.34,36.887
1791035880000,774.35,774.36,774.34,774.36,6.803
1791035940000,774.36,774.5,774.35,774.5,15.637
1791036000000,774.5,774.57,774.49,774.54,61.428
1791036060000,774.53,774.88,774.31,774.63,175.641
1791036120000,774.63,774.64,774.11,774.11,49.876
1791036180000,774.12,774.28,774.04,774.28,88.649
1791036240000,774.28,774.51,774.25,774.41,46.543
1791036300000,774.41,774.68,774.39,774.57,66.794
1791036360000,774.57,774.58,774.35,774.35,138.622
1791036420000,774.35,774.76,774.35,774.75,84.57
1791036480000,774.76,775.28,774.75,775.0,259.89
1791036540000,775.0,775.01,774.72,774.72,65.663
1791036600000,774.72,774.98,774.71,774.97,32.483
1791036660000,774.98,774.98,774.53,774.53,49.255
1791036720000,774.52,774.7,774.31,774.7,35.289
1791036780000,774.7,775.04,774.69,775.04,43.518
1791036840000,775.04,775.04,774.94,774.95,44.413
1791036900000,774.95,775.2,774.95,775.04,154.455
1791036960000,775.04,775.28,774.97,774.98,94.335
1791037020000,774.97,775.11,774.7,774.71,83.437
1791037080000,774.71,775.27,774.7,775.27,54.989
1791037140000,775.26,775.45,775.04,775.04,95.001
1791037200000,775.04,775.05,774.66,774.66,45.427
1791037260000,774.65,775.44,774.65,775.0,86.096
1791037320000,774.99,775.12,774.99,775.1,99.846
1791037380000,775.09,775.38,775.08,775.38,23.027
1791037440000,775.37,775.42,775.37,775.42,18.519
1791037500000,775.42,775.45,775.42,775.45,20.099
1791037560000,775.44,776.24,775.44,776.23,300.557
1791037620000,776.24,776.43,776.23,776.42,114.073
1791037680000,776.42,776.58,776.32,776.49,117.431
1791037740000,776.49,776.49,776.19,776.39,77.902
1791037800000,776.39,776.84,776.39,776.8,149.745
1791037860000,776.8,777.21,776.8,777.08,219.413
1791037920000,777.07,777.14,776.82,777.09,91.258
1791037980000,777.09,777.18,777.02,777.02,51.487
1791038040000,777.02,777.03,776.66,776.85,141.885
1791038100000,776.86,776.86,776.53,776.76,144.204
1791038160000,776.76,776.88,776.76,776.87,60.389
1791038220000,776.88,777.1,776.87,777.07,108.848
1791038280000,777.07,777.16,776.49,776.59,143.729
1791038340000,776.58,776.69,776.24,776.24,209.823
1791038400000,776.25,776.42,775.67,775.67,58.456
1791038460000,775.67,775.78,775.29,775.55,119.897
1791038520000,775.54,776.02,775.46,776.01,84.769
1791038580000,776.02,777.11,776.01,777.1,148.874
1791038640000,777.1,777.62,777.1,777.42,173.371
1791038700000,777.43,777.77,777.43,777.76,90.508
1791038760000,777.75,777.76,777.42,777.47,92.327
1791038820000,777.48,778.0,777.47,777.92,116.083
1791038880000,777.92,777.96,777.66,777.73,130.938
1791038940000,777.73,777.95,777.73,777.78,23.112
1791039000000,777.78,777.95,777.64,777.95,58.535
1791039060000,777.95,778.25,777.95,778.25,136.884
1791039120000,778.24,778.44,778.24,778.39,77.665
1791039180000,778.4,778.43,778.32,778.35,92.813
1791039240000,778.35,778.45,778.35,778.41,40.093
1791039300000,778.4,778.55,777.85,778.0,206.255
1791039360000,778.0,778.44,777.99,778.44,117.209
1791039420000,778.44,778.73,778.43,778.53,189.64
1791039480000,778.53,778.54,778.45,778.45,43.683
1791039540000,778.46,778.53,778.44,778.52,39.076
1791039600000,778.53,778.53,777.89,777.89,131.261
1791039660000,777.89,777.93,777.85,777.93,62.459
1791039720000,777.93,778.15,777.93,778.15,43.218
1791039780000,778.14,778.5,778.14,778.49,103.833
1791039840000,778.5,778.8,778.5,778.77,199.432
1791039900000,778.76,778.96,778.76,778.96,57.769
1791039960000,778.95,779.1,778.33,778.34,323.508
1791040020000,778.34,778.62,777.96,777.99,168.197
1791040080000,778.0,779.01,778.0,778.93,207.893
1791040140000,778.94,778.94,778.28,778.28,115.917
1791040200000,778.28,778.28,777.83,777.84,56.394
1791040260000,777.83,777.84,777.43,777.54,59.91
1791040320000,777.54,777.79,777.54,777.72,57.228
1791040380000,777.72,778.0,777.72,777.95,62.873
1791040440000,777.94,777.95,777.43,777.74,114.489
1791040500000,777.73,777.74,776.41,776.68,625.403
1791040560000,776.69,777.09,775.96,776.31,595.415
1791040620000,776.32,777.05,776.32,776.7,150.655
1791040680000,776.7,776.8,776.49,776.59,62.407
1791040740000,776.6,776.7,776.56,776.62,69.419
1791040800000,776.62,777.11,776.61,777.11,85.474
1791040860000,777.1,777.25,776.85,777.08,90.3
1791040920000,777.07,777.2,777.04,777.05,38.067
1791040980000,777.06,777.06,776.63,776.86,97.198
1791041040000,776.86,776.86,776.68,776.68,22.782
1791041100000,776.68,776.85,776.67,776.85,22.116
1791041160000,776.84,776.84,776.71,776.75,24.204
1791041220000,776.75,777.13,776.74,777.12,60.395
1791041280000,777.13,777.13,776.9,776.9,14.775
1791041340000,776.91,776.91,776.78,776.78,10.302
1791041400000,776.78,777.18,776.78,777.18,25.866
1791041460000,777.18,777.25,776.81,776.81,70.04
1791041520000,776.82,776.89,776.7,776.83,64.774
1791041580000,776.82,776.83,776.61,776.65,31.777
1791041640000,776.64,776.65,776.46,776.53,41.698
1791041700000,776.53,776.53,776.25,776.39,49.834
1791041760000,776.39,776.61,776.38,776.58,60.031
1791041820000,776.59,776.87,776.58,776.87,60.103
1791041880000,776.87,777.43,776.87,777.43,74.848
1791041940000,777.43,777.5,777.36,777.5,51.296
1791042000000,777.5,777.61,777.49,777.59,55.462
1791042060000,777.58,777.61,777.57,777.57,74.793
1791042120000,777.58,778.01,777.57,778.01,177.417
1791042180000,778.01,778.48,778.01,778.47,56.485
1791042240000,778.48,778.56,778.37,778.37,88.045
1791042300000,778.37,778.44,778.36,778.44,14.714
1791042360000,778.44,778.54,778.44,778.54,19.138
1791042420000,778.53,778.56,778.41,778.56,96.937
1791042480000,778.56,778.69,778.55,778.69,27.838
1791042540000,778.69,778.69,778.68,778.68,10.441
1791042600000,778.69,778.69,778.68,778.69,27.563
1791042660000,778.69,778.86,778.68,778.86,38.251
1791042720000,778.86,778.86,778.73,778.85,70.462
1791042780000,778.85,779.12,778.8,778.95,153.105
1791042840000,778.95,779.25,778.94,779.24,73.362
1791042900000,779.25,779.25,778.81,778.84,115.87
1791042960000,778.85,778.99,778.74,778.93,61.96
1791043020000,778.92,778.92,778.32,778.32,92.452
1791043080000,778.33,778.44,778.32,778.32,33.258
1791043140000,778.33,778.67,778.15,778.66,246.874
1791043200000,778.66,778.84,778.36,778.36,93.249
1791043260000,778.37,778.37,777.8,777.81,56.748
1791043320000,777.81,777.97,777.57,777.58,80.355
1791043380000,777.57,777.57,777.23,777.25,44.081
1791043440000,777.26,777.96,777.26,777.69,73.384
1791043500000,777.69,777.69,777.3,777.38,38.055
1791043560000,777.39,777.39,777.28,777.29,38.724
1791043620000,777.29,777.48,777.28,777.34,70.388
1791043680000,777.32,777.85,777.28,777.84,90.65
1791043740000,777.85,778.07,777.81,777.89,88.072
1791043800000,777.9,778.03,777.69,777.69,137.328
1791043860000,777.69,778.11,777.65,778.07,110.495
1791043920000,778.08,778.22,778.08,778.12,18.713
1791043980000,778.13,778.16,777.9,777.91,22.726
1791044040000,777.91,778.1,777.74,777.74,104.542
1791044100000,777.74,777.74,777.27,777.27,28.438
1791044160000,777.27,777.57,777.2,777.21,90.146
1791044220000,777.2,777.36,777.12,777.36,38.864
1791044280000,777.35,777.35,777.2,777.21,31.195
1791044340000,777.21,777.36,777.2,777.31,15.2
1791044400000,777.32,777.42,776.85,776.85,73.133
1791044460000,776.86,776.86,776.47,776.63,46.113
1791044520000,776.63,776.94,776.63,776.94,74.89
1791044580000,776.94,777.3,776.93,777.3,26.904
1791044640000,777.29,777.6,777.29,777.58,46.989
1791044700000,777.58,777.88,777.58,777.81,42.466
1791044760000,777.82,777.82,777.8,777.8,24.964
1791044820000,777.8,777.85,777.8,777.84,20.113
1791044880000,777.85,778.01,777.82,778.01,39.899
1791044940000,778.01,778.33,778.01,778.16,85.214
1791045000000,778.16,778.26,778.15,778.26,23.229
1791045060000,778.25,778.26,778.2,778.22,23.655
1791045120000,778.23,778.65,778.22,778.65,146.424
1791045180000,778.66,778.87,778.63,778.87,84.909
1791045240000,778.87,778.87,778.71,778.72,36.64
1791045300000,778.72,778.94,778.71,778.92,31.671
1791045360000,778.92,779.64,778.92,779.64,310.915
1791045420000,779.64,779.65,778.94,779.12,150.308
1791045480000,779.12,779.63,779.12,779.63,47.669
1791045540000,779.62,779.8,779.62,779.64,208.639
1791045600000,779.64,779.88,779.63,779.87,152.309
1791045660000,779.88,780.5,779.87,780.26,807.415
1791045720000,780.25,780.31,780.18,780.19,178.56
1791045780000,780.19,780.37,780.18,780.29,77.069
1791045840000,780.28,780.53,780.12,780.53,195.998
1791045900000,780.52,780.83,780.52,780.8,171.063
1791045960000,780.79,780.98,780.6,780.97,145.708
1791046020000,780.97,781.0,780.5,780.51,239.174
1791046080000,780.51,780.63,780.36,780.37,37.736
1791046140000,780.37,780.37,779.63,779.63,53.205
1791046200000,779.63,779.63,779.53,779.58,102.556
1791046260000,779.58,779.77,779.37,779.47,120.917
1791046320000,779.47,780.19,779.47,780.13,216.766
1791046380000,780.13,780.15,779.87,779.87,25.665
1791046440000,779.88,779.88,779.55,779.56,29.471
1791046500000,779.56,779.75,779.56,779.75,4.677
1791046560000,779.76,780.0,779.75,779.85,22.147
1791046620000,779.84,780.0,779.75,780.0,107.17
1791046680000,780.0,780.0,779.99,780.0,14.393
1791046740000,780.0,780.0,779.99,780.0,31.226
1791046800000,780.0,780.06,779.95,780.06,109.108
1791046860000,780.07,780.24,780.0,780.21,49.585
1791046920000,780.21,780.95,780.21,780.88,162.914
1791046980000,780.88,782.38,780.88,782.1,684.297
1791047040000,782.1,783.0,782.05,782.91,520.408
1791047100000,782.91,785.0,782.9,784.47,2175.764
1791047160000,784.48,784.99,784.47,784.97,282.742
1791047220000,784.96,787.53,784.66,786.36,5937.593
1791047280000,786.36,788.27,786.36,788.11,959.943
1791047340000,788.11,789.74,787.96,789.72,1560.384
1791047400000,789.72,791.05,789.27,790.03,1653.396
1791047460000,790.03,790.32,787.4,789.38,1193.144
1791047520000,789.36,790.38,789.2,789.81,539.149
1791047580000,789.84,790.71,789.63,789.8,657.082
1791047640000,789.81,790.5,789.33,789.96,384.489
1791047700000,789.97,791.0,788.8,790.79,562.015
1791047760000,790.8,791.23,790.26,791.03,545.163
1791047820000,791.02,791.18,789.89,789.9,569.739
1791047880000,789.89,791.16,789.62,790.94,315.691
1791047940000,790.93,790.94,790.12,790.19,196.622
1791048000000,790.16,791.44,790.12,790.6,387.495
1791048060000,790.6,790.64,789.49,789.49,253.094
1791048120000,789.48,789.77,788.42,788.69,465.953
1791048180000,788.68,789.4,788.68,789.3,269.08
1791048240000,789.31,789.46,788.44,788.85,236.59
1791048300000,788.84,790.37,788.84,790.29,305.578
1791048360000,790.28,790.57,790.0,790.07,256.486
1791048420000,790.07,790.07,789.69,789.7,177.884
1791048480000,789.69,790.01,789.37,789.68,393.39
1791048540000,789.69,789.92,789.5,789.73,150.713
1791048600000,789.73,790.1,789.14,789.41,378.433
1791048660000,789.42,789.9,788.51,788.6,378.213
1791048720000,788.59,788.83,787.83,788.22,673.567
1791048780000,788.22,788.7,788.09,788.09,306.937
1791048840000,788.08,788.09,787.35,787.99,273.773
1791048900000,787.98,788.38,787.58,788.05,198.419
1791048960000,788.05,788.57,788.04,788.56,95.682
1791049020000,788.56,789.59,788.33,789.31,341.98
1791049080000,789.31,789.37,788.6,788.88,82.267
1791049140000,788.87,790.0,788.87,789.94,180.476
1791049200000,789.94,790.5,789.66,790.33,223.391
1791049260000,790.33,790.46,790.09,790.36,176.094
1791049320000,790.35,790.35,789.82,790.02,118.954
1791049380000,790.03,790.03,789.72,789.77,69.889
1791049440000,789.77,790.19,789.77,790.18,28.784
1791049500000,790.18,790.36,789.47,789.47,118.973
1791049560000,789.48,791.13,789.47,791.13,110.671
1791049620000,791.13,791.13,790.58,790.78,287.222
1791049680000,790.78,790.78,790.29,790.3,175.279
1791049740000,790.31,790.58,790.0,790.0,53.803
1791049800000,790.0,790.49,789.96,790.44,88.861
1791049860000,790.43,790.44,790.17,790.19,20.746
1791049920000,790.19,790.46,790.17,790.32,105.786
1791049980000,790.31,790.32,788.52,788.53,177.909
1791050040000,788.53,788.7,788.44,788.62,92.555
1791050100000,788.61,788.61,787.97,788.05,190.55
1791050160000,788.06,788.49,787.82,788.49,215.234
1791050220000,788.49,789.06,788.21,789.04,179.495
1791050280000,789.03,789.03,788.16,788.24,83.967
1791050340000,788.24,788.72,788.07,788.08,160.693
1791050400000,788.08,788.39,787.55,787.64,138.069
1791050460000,787.64,788.05,787.58,787.74,108.874
1791050520000,787.74,787.76,787.47,787.76,108.294
1791050580000,787.76,787.82,787.75,787.75,12.528
1791050640000,787.76,787.76,787.53,787.7,68.052
1791050700000,787.7,787.71,787.58,787.6,34.06
1791050760000,787.61,788.66,787.6,788.66,117.941
1791050820000,788.67,788.67,788.23,788.28,60.464
1791050880000,788.27,788.45,787.86,788.44,111.601
1791050940000,788.45,789.81,788.44,789.81,122.549
1791051000000,789.8,790.12,789.2,789.21,391.491
1791051060000,789.2,789.2,788.66,788.85,72.826
1791051120000,788.85,788.85,788.46,788.46,47.065
1791051180000,788.47,788.56,788.35,788.44,27.279
1791051240000,788.44,788.52,788.23,788.23,49.781
1791051300000,788.22,788.23,787.84,788.23,56.583
1791051360000,788.23,788.76,788.22,788.46,65.329
1791051420000,788.45,789.03,788.44,788.47,37.879
1791051480000,788.47,788.47,788.02,788.18,25.27
1791051540000,788.18,788.18,788.0,788.05,94.404
1791051600000,788.05,788.38,788.05,788.38,60.85
1791051660000,788.37,788.38,788.07,788.08,32.32
1791051720000,788.08,788.38,787.89,787.97,65.143
1791051780000,787.98,788.31,787.98,788.25,52.447
1791051840000,788.26,788.68,788.26,788.47,37.333
1791051900000,788.47,788.92,788.36,788.78,31.705
1791051960000,788.78,788.78,788.14,788.14,24.298
1791052020000,788.15,788.49,788.14,788.48,8.515
1791052080000,788.48,788.68,788.46,788.68,3.987
1791052140000,788.67,788.87,788.24,788.62,101.011
1791052200000,788.61,788.78,788.5,788.78,187.639
1791052260000,788.77,789.1,788.77,788.97,95.27
1791052320000,788.98,789.23,788.97,789.19,59.003
1791052380000,789.2,789.62,789.12,789.2,125.348
1791052440000,789.21,789.21,788.65,788.67,73.761
1791052500000,788.66,788.98,788.55,788.55,24.886
1791052560000,788.56,788.76,788.56,788.76,11.983
1791052620000,788.76,789.12,788.76,788.93,92.453
1791052680000,788.94,789.43,788.94,789.35,105.713
1791052740000,789.35,789.38,789.12,789.12,18.005
1791052800000,789.11,789.25,789.11,789.25,38.193
1791052860000,789.25,789.33,788.44,788.64,238.916
1791052920000,788.63,789.09,788.55,788.57,91.131
1791052980000,788.57,788.57,788.36,788.41,16.156
1791053040000,788.41,788.62,788.01,788.01,32.862
1791053100000,788.02,788.06,787.52,787.53,58.233
1791053160000,787.54,788.13,787.53,788.13,42.23
1791053220000,788.12,788.93,788.03,788.93,143.676
1791053280000,788.93,788.93,788.6,788.82,19.849
1791053340000,788.83,788.93,788.76,788.92,134.846
1791053400000,788.92,788.92,788.76,788.76,3.414
1791053460000,788.76,788.76,788.57,788.58,12.385
1791053520000,788.57,788.77,788.55,788.77,41.076
1791053580000,788.76,788.87,788.64,788.65,97.865
1791053640000,788.65,788.65,788.47,788.56,8.807
1791053700000,788.57,789.0,788.56,789.0,33.754
1791053760000,789.0,789.22,788.99,789.22,39.935
1791053820000,789.21,789.74,789.21,789.74,96.971
1791053880000,789.74,789.74,789.59,789.66,39.5
1791053940000,789.66,789.67,789.53,789.53,17.095
1791054000000,789.54,789.84,789.49,789.7,55.337
1791054060000,789.7,790.0,789.69,789.74,46.947
1791054120000,789.75,789.75,789.52,789.6,64.186
1791054180000,789.6,789.63,788.97,788.98,50.814
1791054240000,788.98,789.57,788.98,789.55,44.848
1791054300000,789.56,789.82,789.52,789.54,36.279
1791054360000,789.54,789.99,789.53,789.84,25.076
1791054420000,789.84,789.84,789.54,789.57,30.842
1791054480000,789.57,789.57,789.56,789.57,14.445
1791054540000,789.57,789.82,789.42,789.76,101.403
1791054600000,789.75,789.85,789.59,789.75,38.027
1791054660000,789.75,790.28,789.72,790.28,87.828
1791054720000,790.28,790.34,790.27,790.33,50.738
1791054780000,790.33,790.89,790.33,790.88,166.538
1791054840000,790.88,790.94,790.76,790.93,153.844
1791054900000,790.93,791.27,790.39,791.27,263.022
1791054960000,791.26,792.82,791.26,791.56,614.712
1791055020000,791.56,792.05,791.49,791.49,122.438
1791055080000,791.49,791.88,791.24,791.24,53.684
1791055140000,791.25,791.25,790.8,791.06,70.152
1791055200000,791.05,791.44,790.94,791.44,40.658
1791055260000,791.45,792.24,791.07,791.4,243.894
1791055320000,791.4,791.75,791.31,791.64,60.971
1791055380000,791.64,791.65,791.45,791.46,20.313
1791055440000,791.45,791.45,790.98,790.98,57.865
1791055500000,790.98,790.98,790.64,790.67,30.248
1791055560000,790.67,790.69,790.22,790.22,84.517
1791055620000,790.22,790.76,790.22,790.6,226.896
1791055680000,790.59,790.8,790.44,790.47,284.666
1791055740000,790.46,790.47,790.06,790.06,112.216
1791055800000,790.07,790.07,789.68,789.69,143.452
1791055860000,789.69,790.07,789.68,790.01,32.922
1791055920000,790.01,790.01,789.65,789.66,18.185
1791055980000,789.65,789.65,789.07,789.08,94.211
1791056040000,789.07,789.3,788.99,789.0,84.678
1791056100000,788.99,789.04,788.99,789.01,53.447
1791056160000,789.02,789.02,787.99,788.14,296.352
1791056220000,788.14,788.52,788.14,788.52,74.058
1791056280000,788.52,788.57,788.33,788.57,62.866
1791056340000,788.57,788.57,788.25,788.46,132.392
1791056400000,788.47,788.94,788.47,788.62,82.824
1791056460000,788.63,788.64,787.75,788.14,184.175
1791056520000,788.15,788.51,788.15,788.31,41.282
1791056580000,788.31,788.67,788.27,788.66,42.051
1791056640000,788.66,788.66,788.39,788.39,49.29
1791056700000,788.39,788.48,788.27,788.28,18.931
1791056760000,788.28,788.4,787.68,787.68,280.972
1791056820000,787.69,788.02,787.53,788.02,253.734
1791056880000,788.02,788.57,788.02,788.52,104.459
1791056940000,788.52,788.52,788.48,788.48,16.817
1791057000000,788.49,788.86,788.48,788.83,97.084
1791057060000,788.83,788.85,788.82,788.84,7.675
1791057120000,788.85,789.03,788.85,789.03,27.107
1791057180000,789.03,789.48,789.02,789.48,26.8
1791057240000,789.47,789.74,789.47,789.73,34.635
1791057300000,789.74,789.89,789.64,789.64,40.633
1791057360000,789.65,789.65,789.64,789.65,6.586
1791057420000,789.65,789.65,789.62,789.63,37.485
1791057480000,789.63,789.84,789.63,789.84,26.977
1791057540000,789.83,789.84,789.61,789.71,87.951
1791057600000,789.71,790.3,789.64,790.29,160.619
1791057660000,790.28,790.53,789.98,789.99,31.882
1791057720000,789.99,790.15,789.98,790.08,15.098
1791057780000,790.09,790.09,789.94,789.94,10.0
1791057840000,789.95,789.95,789.45,789.45,51.368
1791057900000,789.44,789.8,789.32,789.78,46.956
1791057960000,789.78,789.78,789.71,789.72,21.602
1791058020000,789.72,789.77,789.7,789.76,10.395
1791058080000,789.77,790.15,789.76,790.15,137.209
1791058140000,790.14,790.15,789.67,789.68,34.579
1791058200000,789.67,789.99,789.67,789.93,59.195
1791058260000,789.94,790.31,789.94,790.31,18.234
1791058320000,790.3,790.31,790.14,790.3,133.103
1791058380000,790.3,790.53,790.3,790.47,18.488
1791058440000,790.47,790.47,790.3,790.31,12.473
1791058500000,790.3,790.3,790.12,790.3,54.399
1791058560000,790.3,790.3,789.99,789.99,4.133
1791058620000,789.98,789.98,789.41,789.46,58.949
1791058680000,789.47,789.47,788.83,789.06,54.11
1791058740000,789.06,789.31,789.06,789.16,38.281
1791058800000,789.15,789.15,788.9,788.91,24.064
1791058860000,788.9,788.91,788.88,788.88,7.526
1791058920000,788.89,788.89,788.64,788.64,20.776
1791058980000,788.63,788.64,788.51,788.51,9.605
1791059040000,788.51,788.51,788.37,788.44,19.626
1791059100000,788.45,788.74,788.44,788.74,68.704
1791059160000,788.74,788.74,788.73,788.74,5.762
1791059220000,788.73,788.73,788.71,788.72,3.843
1791059280000,788.71,788.74,788.71,788.74,3.447
1791059340000,788.74,788.79,788.46,788.46,26.098
1791059400000,788.47,788.47,788.32,788.32,29.261
1791059460000,788.31,788.32,788.07,788.2,18.023
1791059520000,788.2,788.2,788.18,788.19,6.708
1791059580000,788.18,788.18,788.0,788.0,19.062
1791059640000,788.0,788.1,788.0,788.09,13.721
1791059700000,788.09,788.18,788.08,788.18,7.818
1791059760000,788.18,788.18,788.09,788.14,44.021
1791059820000,788.15,788.31,788.0,788.3,23.78
1791059880000,788.31,788.77,788.3,788.77,17.4
1791059940000,788.77,788.77,788.55,788.55,12.085
1791060000000,788.56,788.56,788.55,788.56,6.286
1791060060000,788.56,788.56,788.22,788.34,53.905
1791060120000,788.34,788.35,788.14,788.15,16.833
1791060180000,788.14,788.15,788.0,788.01,10.004
1791060240000,788.0,788.01,788.0,788.01,10.972
1791060300000,788.01,788.01,788.0,788.01,2.356
1791060360000,788.01,788.45,788.0,788.25,34.931
1791060420000,788.25,788.59,788.23,788.39,173.061
1791060480000,788.4,788.4,788.2,788.2,46.553
1791060540000,788.2,788.2,787.17,787.3,135.813
1791060600000,787.29,787.3,786.93,786.98,35.493
1791060660000,786.98,787.15,786.8,786.81,64.985
1791060720000,786.84,786.84,786.64,786.68,86.332
1791060780000,786.68,786.68,786.39,786.67,53.739
1791060840000,786.67,786.68,786.54,786.64,30.241
1791060900000,786.64,786.66,786.54,786.55,20.035
1791060960000,786.55,786.55,786.39,786.53,31.288
1791061020000,786.53,786.53,786.4,786.4,16.66
1791061080000,786.41,786.41,786.39,786.4,27.388
1791061140000,786.4,786.4,786.33,786.4,18.084
1791061200000,786.4,786.71,786.39,786.71,15.844
1791061260000,786.71,787.27,786.71,787.27,13.794
1791061320000,787.27,787.35,787.26,787.35,21.912
1791061380000,787.35,787.35,787.05,787.05,19.163
1791061440000,787.05,787.05,786.99,787.04,8.344
1791061500000,787.03,787.03,786.04,786.1,169.885
1791061560000,786.1,786.23,786.1,786.23,15.876
1791061620000,786.23,786.25,786.2,786.25,14.163
1791061680000,786.25,786.43,785.75,785.76,110.902
1791061740000,785.75,785.76,785.57,785.61,54.185
1791061800000,785.61,785.9,785.6,785.9,27.655
1791061860000,785.9,785.9,785.62,785.62,7.989
1791061920000,785.62,785.84,785.62,785.83,17.082
1791061980000,785.83,785.96,785.83,785.86,37.982
1791062040000,785.85,785.86,785.83,785.84,25.944
1791062100000,785.84,786.02,785.8,786.02,11.337
1791062160000,786.02,786.02,785.92,785.92,86.007
1791062220000,785.97,785.97,785.92,785.92,2.631
1791062280000,785.93,785.93,785.57,785.57,19.508
1791062340000,785.57,785.57,784.92,785.06,139.463
1791062400000,785.06,785.07,785.0,785.01,13.631
1791062460000,785.0,785.06,785.0,785.06,14.7
1791062520000,785.06,785.4,785.06,785.4,82.925
1791062580000,785.4,785.4,785.33,785.33,24.714
1791062640000,785.34,785.34,785.32,785.33,2.778
1791062700000,785.33,785.39,785.33,785.39,7.762
1791062760000,785.38,785.39,785.31,785.35,9.839
1791062820000,785.36,785.39,785.35,785.39,8.107
1791062880000,785.39,785.49,785.39,785.48,9.874
1791062940000,785.49,785.49,785.48,785.49,1.828
1791063000000,785.49,785.49,785.48,785.49,8.064
1791063060000,785.48,785.49,785.48,785.48,7.59
1791063120000,785.48,785.49,785.48,785.49,3.21
1791063180000,785.49,785.81,785.48,785.81,44.462
1791063240000,785.81,786.09,785.81,785.99,87.917
1791063300000,785.99,786.0,785.89,785.89,76.602
1791063360000,785.89,785.89,785.86,785.86,1.864
1791063420000,785.87,785.87,785.86,785.87,11.89
1791063480000,785.87,785.87,785.85,785.86,12.141
1791063540000,785.86,785.86,785.85,785.86,13.327
1791063600000,785.85,785.93,785.82,785.88,98.627
1791063660000,785.88,785.88,785.77,785.77,31.543
1791063720000,785.77,786.09,785.77,785.96,39.043
1791063780000,785.95,785.99,785.82,785.82,21.367
1791063840000,785.82,785.87,785.82,785.87,6.822
1791063900000,785.88,786.02,785.88,786.01,14.369
1791063960000,786.01,786.14,786.01,786.13,13.374
1791064020000,786.14,786.14,786.1,786.11,6.036
1791064080000,786.11,786.11,786.09,786.1,4.979
1791064140000,786.1,786.11,786.09,786.1,31.717
1791064200000,786.1,786.1,786.09,786.1,5.41
1791064260000,786.1,786.1,786.09,786.09,19.191
1791064320000,786.09,786.1,785.79,785.93,30.001
1791064380000,785.94,786.04,785.94,786.04,18.988
1791064440000,786.03,786.04,785.82,785.82,10.161
1791064500000,785.83,785.83,785.79,785.79,15.075
1791064560000,785.79,785.79,785.51,785.51,28.532
1791064620000,785.5,785.54,785.31,785.54,34.706
1791064680000,785.54,785.62,785.52,785.52,20.939
1791064740000,785.52,785.53,785.0,785.09,24.856
1791064800000,785.1,785.11,784.92,784.93,40.667
1791064860000,784.93,785.44,784.92,785.44,29.761
1791064920000,785.46,785.83,785.41,785.53,57.615
1791064980000,785.52,785.77,785.21,785.47,43.391
1791065040000,785.47,785.95,785.46,785.77,14.33
1791065100000,785.76,785.84,785.5,785.81,13.042
1791065160000,785.81,786.11,785.81,785.9,42.396
1791065220000,785.9,786.27,785.9,786.27,19.934
1791065280000,786.27,786.27,786.21,786.24,10.959
1791065340000,786.25,786.51,786.25,786.35,28.387
1791065400000,786.35,786.7,786.34,786.61,23.642
1791065460000,786.61,787.01,786.61,787.0,19.037
1791065520000,787.01,787.09,787.0,787.08,4.205
1791065580000,787.09,787.09,786.71,786.78,29.214
1791065640000,786.78,786.85,786.65,786.84,22.302
1791065700000,786.84,786.86,786.55,786.58,65.38
1791065760000,786.57,786.8,786.57,786.79,111.342
1791065820000,786.8,786.94,786.75,786.91,31.476
1791065880000,786.91,787.0,786.84,786.84,11.998
1791065940000,786.84,786.85,786.65,786.65,3.984
1791066000000,786.64,786.64,786.43,786.47,16.211
1791066060000,786.47,786.48,786.45,786.45,9.316
1791066120000,786.44,786.55,786.44,786.55,59.014
1791066180000,786.55,786.94,786.54,786.86,118.9
1791066240000,786.86,786.86,786.69,786.74,54.035
1791066300000,786.75,786.8,786.75,786.8,2.218
1791066360000,786.79,786.99,786.75,786.99,23.586
1791066420000,786.99,787.06,786.99,787.05,8.628
1791066480000,787.06,787.36,787.05,787.36,32.635
1791066540000,787.35,787.51,787.35,787.51,34.28
1791066600000,787.51,787.55,787.5,787.51,9.737
1791066660000,787.51,787.51,787.5,787.51,2.907
1791066720000,787.51,787.76,787.51,787.75,27.918
1791066780000,787.76,788.0,787.75,788.0,21.843
1791066840000,787.99,788.0,787.93,787.95,4.925
1791066900000,787.95,788.44,787.95,788.44,43.731
1791066960000,788.43,788.44,788.43,788.43,9.055
1791067020000,788.44,788.52,788.43,788.52,34.048
1791067080000,788.51,788.52,788.51,788.52,24.946
1791067140000,788.52,788.52,788.35,788.36,32.51
1791067200000,788.36,788.4,788.35,788.39,40.144
1791067260000,788.39,788.82,788.39,788.66,102.105
1791067320000,788.65,789.25,788.65,789.25,122.007
1791067380000,789.25,789.25,789.11,789.17,20.441
1791067440000,789.18,789.31,789.17,789.18,30.707
1791067500000,789.18,789.27,789.18,789.27,12.157
1791067560000,789.27,789.27,789.26,789.26,15.962
1791067620000,789.26,789.62,789.26,789.61,39.543
1791067680000,789.62,789.64,789.39,789.64,51.631
1791067740000,789.64,789.64,789.33,789.33,32.928
1791067800000,789.33,789.36,789.33,789.36,6.571
1791067860000,789.36,789.93,789.35,789.93,81.0
1791067920000,789.92,789.93,789.83,789.83,12.335
1791067980000,789.83,789.83,789.82,789.82,7.486
1791068040000,789.83,789.83,789.82,789.83,15.99
1791068100000,789.82,789.83,789.53,789.69,88.113
1791068160000,789.68,789.75,789.59,789.6,26.998
1791068220000,789.59,789.59,789.53,789.59,8.768
1791068280000,789.59,789.59,789.58,789.58,17.361
1791068340000,789.59,789.59,789.23,789.24,29.428
1791068400000,789.24,789.27,789.19,789.27,15.145
1791068460000,789.27,789.57,789.26,789.48,26.625
1791068520000,789.48,789.53,789.36,789.5,68.844
1791068580000,789.49,789.5,789.49,789.5,23.166
1791068640000,789.49,789.5,788.98,789.02,42.352
1791068700000,788.99,789.0,788.73,788.73,12.383
1791068760000,788.74,788.74,788.48,788.48,20.693
1791068820000,788.49,788.49,788.46,788.47,24.585
1791068880000,788.47,788.7,788.47,788.69,19.439
1791068940000,788.69,788.86,788.68,788.86,10.884
1791069000000,788.86,788.89,788.26,788.33,67.433
1791069060000,788.33,788.53,788.32,788.53,16.307
1791069120000,788.52,788.53,787.68,787.82,150.257
1791069180000,787.83,787.83,787.68,787.71,23.196
1791069240000,787.71,787.86,787.71,787.86,2.336
1791069300000,787.86,787.86,787.73,787.73,12.617
1791069360000,787.74,787.74,787.73,787.74,3.874
1791069420000,787.74,788.1,787.74,787.92,97.7
1791069480000,787.92,787.92,787.77,787.77,2.807
1791069540000,787.77,787.77,787.76,787.77,0.972
1791069600000,787.77,787.77,787.68,787.69,10.971
1791069660000,787.69,787.93,787.69,787.93,21.941
1791069720000,787.92,788.41,787.92,788.41,44.423
1791069780000,788.4,788.4,788.23,788.31,15.425
1791069840000,788.32,788.32,788.12,788.13,16.915
1791069900000,788.12,788.12,787.82,787.83,12.455
1791069960000,787.83,787.83,787.5,787.51,43.334
1791070020000,787.51,787.56,787.12,787.18,75.284
1791070080000,787.18,787.18,787.03,787.04,32.49
1791070140000,787.03,787.1,787.01,787.09,9.564
1791070200000,787.09,787.18,787.01,787.01,55.535
1791070260000,787.02,787.02,787.01,787.02,1.774
1791070320000,787.01,787.16,787.01,787.16,8.891
1791070380000,787.17,787.17,787.08,787.09,47.391
1791070440000,787.09,787.09,786.89,786.89,28.339
1791070500000,786.89,787.05,786.89,787.02,20.258
1791070560000,787.02,787.02,786.64,786.8,157.456
1791070620000,786.79,786.85,786.79,786.85,14.202
1791070680000,786.85,786.95,786.76,786.77,77.211
1791070740000,786.77,786.78,786.76,786.78,21.386
1791070800000,786.77,786.78,786.76,786.77,4.82
1791070860000,786.77,786.77,786.65,786.72,56.202
1791070920000,786.73,787.57,786.73,787.51,128.918
1791070980000,787.51,787.51,787.27,787.3,31.922
1791071040000,787.3,787.3,787.27,787.27,7.022
1791071100000,787.28,787.28,787.1,787.11,19.107
1791071160000,787.1,787.54,787.1,787.54,63.685
1791071220000,787.55,787.55,787.43,787.44,3.431
1791071280000,787.44,787.55,787.35,787.36,26.533
1791071340000,787.36,787.36,787.33,787.34,2.157
1791071400000,787.33,787.33,786.99,787.26,25.203
1791071460000,787.25,787.31,787.19,787.31,9.128
1791071520000,787.31,787.33,787.24,787.33,22.896
1791071580000,787.33,787.42,787.26,787.38,26.276
1791071640000,787.37,787.37,787.14,787.15,19.558
1791071700000,787.15,787.15,787.07,787.1,41.3
1791071760000,787.09,787.54,787.09,787.49,65.989
1791071820000,787.47,787.5,787.3,787.3,27.444
1791071880000,787.31,787.49,787.26,787.4,27.444
1791071940000,787.38,787.38,786.81,786.88,31.418
1791072000000,786.88,787.51,786.88,787.51,52.209
1791072060000,787.51,787.51,787.29,787.34,28.765
1791072120000,787.34,787.5,787.03,787.5,96.711
1791072180000,787.5,787.51,787.25,787.48,10.152
1791072240000,787.49,787.49,787.27,787.27,20.446
1791072300000,787.27,787.28,786.99,787.1,22.968
1791072360000,787.1,787.11,786.76,786.79,89.588
1791072420000,786.8,786.97,786.79,786.97,24.33
1791072480000,786.97,787.39,786.8,787.38,63.276
1791072540000,787.4,787.67,786.69,786.69,375.229
1791072600000,786.69,786.7,786.48,786.48,51.75
1791072660000,786.49,786.59,786.47,786.48,40.189
1791072720000,786.48,786.48,786.09,786.36,121.81
1791072780000,786.35,786.46,786.08,786.46,22.684
1791072840000,786.46,786.5,786.28,786.28,78.009
1791072900000,786.28,786.28,785.87,785.91,138.603
1791072960000,785.91,786.4,785.9,786.4,14.178
1791073020000,786.41,786.87,786.4,786.87,9.361
1791073080000,786.87,786.87,786.49,786.51,40.153
1791073140000,786.5,786.5,786.27,786.44,19.472
1791073200000,786.44,786.87,786.44,786.82,53.201
1791073260000,786.83,787.15,786.8,786.8,121.573
1791073320000,786.8,786.97,786.8,786.96,22.417
1791073380000,786.96,786.96,786.46,786.47,51.081
1791073440000,786.47,786.47,786.32,786.32,15.691
1791073500000,786.32,786.57,786.32,786.49,35.397
1791073560000,786.49,786.49,786.14,786.14,23.042
1791073620000,786.15,786.19,786.14,786.16,12.396
1791073680000,786.16,786.31,786.15,786.31,8.442
1791073740000,786.32,786.38,786.32,786.37,14.172
1791073800000,786.37,786.38,786.24,786.24,16.961
1791073860000,786.24,786.25,786.22,786.23,9.528
1791073920000,786.22,786.22,786.21,786.22,14.151
1791073980000,786.22,786.44,786.21,786.27,29.982
1791074040000,786.27,786.72,786.27,786.62,102.658
1791074100000,786.61,786.86,786.56,786.85,25.102
1791074160000,786.85,786.88,786.55,786.65,12.539
1791074220000,786.66,786.73,786.47,786.69,47.329
1791074280000,786.68,786.68,786.53,786.53,13.288
1791074340000,786.53,786.53,786.17,786.17,10.311
1791074400000,786.17,786.17,785.87,786.04,40.15
1791074460000,786.03,786.04,785.87,785.87,24.209
1791074520000,785.87,785.87,785.81,785.82,29.653
1791074580000,785.82,785.89,785.0,785.19,232.924
1791074640000,785.19,785.19,784.9,784.91,54.464
1791074700000,784.9,785.0,784.9,784.91,16.679
1791074760000,784.91,784.91,784.8,784.81,61.413
1791074820000,784.8,784.81,784.36,784.46,228.651
1791074880000,784.46,784.6,784.05,784.58,286.867
1791074940000,784.58,785.0,784.57,785.0,140.6
1791075000000,785.0,785.0,784.88,784.89,14.355
1791075060000,784.89,785.31,784.89,785.3,16.092
1791075120000,785.31,785.56,785.31,785.5,13.933
1791075180000,785.5,785.64,785.44,785.54,14.829
1791075240000,785.54,785.55,785.36,785.37,21.598
1791075300000,785.36,785.37,785.18,785.19,27.181
1791075360000,785.19,785.35,785.18,785.21,18.411
1791075420000,785.21,785.37,785.21,785.36,39.621
1791075480000,785.37,785.43,785.2,785.38,21.882
1791075540000,785.37,785.38,785.24,785.32,19.205
1791075600000,785.32,785.59,785.31,785.59,61.63
1791075660000,785.59,785.63,785.13,785.13,106.286
1791075720000,785.14,785.14,785.06,785.07,7.151
1791075780000,785.06,785.07,784.9,784.9,7.373
1791075840000,784.9,784.9,784.6,784.6,26.904
1791075900000,784.61,784.63,784.17,784.46,34.748
1791075960000,784.47,784.69,784.47,784.66,59.527
1791076020000,784.67,784.69,784.58,784.59,21.295
1791076080000,784.59,784.59,784.48,784.49,11.418
1791076140000,784.49,784.52,784.22,784.31,53.076
1791076200000,784.3,784.39,784.12,784.31,51.129
1791076260000,784.31,784.31,784.17,784.17,19.491
1791076320000,784.18,784.2,784.18,784.19,11.307
1791076380000,784.2,784.2,784.11,784.12,26.494
1791076440000,784.12,784.12,784.0,784.0,17.643
1791076500000,784.0,784.01,783.46,783.47,182.446
1791076560000,783.46,783.51,783.46,783.47,50.518
1791076620000,783.46,783.47,783.37,783.37,34.892
1791076680000,783.36,783.37,783.08,783.29,21.352
1791076740000,783.29,783.29,783.28,783.28,10.053
1791076800000,783.29,783.29,783.01,783.05,37.311
1791076860000,783.06,783.57,783.05,783.51,83.982
1791076920000,783.52,783.52,783.44,783.44,12.839
1791076980000,783.44,783.6,783.4,783.6,48.182
1791077040000,783.6,783.72,783.59,783.72,8.874
1791077100000,783.71,783.76,783.62,783.67,18.198
1791077160000,783.66,783.67,783.66,783.67,8.375
1791077220000,783.67,783.67,783.39,783.4,30.855
1791077280000,783.4,783.44,783.4,783.43,43.04
1791077340000,783.44,783.46,783.43,783.45,12.575
1791077400000,783.46,783.46,783.4,783.4,24.299
1791077460000,783.4,783.46,783.4,783.46,14.269
1791077520000,783.46,783.46,783.0,783.0,99.64
1791077580000,783.01,783.01,782.99,783.0,28.765
1791077640000,783.0,783.2,782.94,783.2,81.26
1791077700000,783.19,783.28,783.05,783.2,68.824
1791077760000,783.19,783.7,783.19,783.7,19.499
1791077820000,783.7,783.7,783.13,783.22,85.413
1791077880000,783.23,783.28,783.17,783.27,6.058
1791077940000,783.28,783.32,783.27,783.27,36.697
1791078000000,783.28,783.31,783.17,783.3,11.878
1791078060000,783.31,783.48,783.3,783.48,40.16
1791078120000,783.47,783.48,783.37,783.38,15.972
1791078180000,783.37,783.38,783.35,783.35,4.96
1791078240000,783.35,783.47,783.33,783.47,16.645
1791078300000,783.47,783.74,783.47,783.74,6.84
1791078360000,783.74,783.76,783.74,783.75,1.912
1791078420000,783.76,783.76,783.75,783.76,7.333
1791078480000,783.76,783.76,783.75,783.76,7.896
1791078540000,783.76,783.76,783.75,783.75,3.549
1791078600000,783.76,784.0,783.75,784.0,49.717
1791078660000,784.0,784.25,784.0,784.25,3.633
1791078720000,784.25,784.45,784.24,784.45,20.174
1791078780000,784.44,784.53,784.44,784.47,1.794
1791078840000,784.47,784.47,784.26,784.33,52.2
1791078900000,784.34,784.34,784.33,784.33,9.455
1791078960000,784.34,784.34,784.2,784.27,14.399
1791079020000,784.27,784.27,784.2,784.24,46.377
1791079080000,784.25,784.42,784.24,784.42,31.765
1791079140000,784.42,784.42,784.27,784.27,12.744
1791079200000,784.26,784.26,783.97,783.98,19.636
1791079260000,783.98,783.98,783.97,783.98,9.437
1791079320000,783.98,784.02,783.9,783.91,32.832
1791079380000,783.91,784.21,783.9,784.21,40.057
1791079440000,784.21,784.21,783.94,783.94,19.326
1791079500000,783.94,784.28,783.94,784.23,40.78
1791079560000,784.24,784.24,784.12,784.12,12.694
1791079620000,784.12,784.12,783.87,783.88,26.68
1791079680000,783.87,783.87,783.75,783.76,14.952
1791079740000,783.76,783.76,783.72,783.72,32.225
1791079800000,783.72,783.79,782.96,783.79,95.782
1791079860000,783.8,783.85,783.8,783.85,15.669
1791079920000,783.85,783.94,783.85,783.94,11.487
1791079980000,783.94,783.96,783.77,783.77,12.616
1791080040000,783.77,783.77,783.24,783.35,36.452
1791080100000,783.36,783.51,783.22,783.22,12.025
1791080160000,783.21,783.21,782.92,782.93,57.522
1791080220000,782.93,783.13,782.15,783.1,199.176
1791080280000,783.1,783.17,783.02,783.05,90.461
1791080340000,783.06,783.06,782.93,782.97,18.082
1791080400000,782.97,783.2,782.96,783.03,16.73
1791080460000,783.04,783.04,783.03,783.03,14.143
1791080520000,783.04,783.3,783.03,783.3,20.721
1791080580000,783.31,783.65,783.3,783.52,32.562
1791080640000,783.51,783.61,783.51,783.51,61.074
1791080700000,783.51,783.52,783.38,783.39,19.674
1791080760000,783.38,783.39,783.36,783.37,13.193
1791080820000,783.36,783.37,783.25,783.26,15.745
1791080880000,783.26,783.26,782.96,782.96,44.226
1791080940000,782.97,783.28,782.97,783.27,29.437
1791081000000,783.27,783.28,783.0,783.01,27.514
1791081060000,783.01,783.16,782.71,783.0,50.788
1791081120000,783.01,783.04,782.86,782.98,13.049
1791081180000,782.99,783.6,782.99,783.6,258.385
1791081240000,783.61,783.85,783.61,783.63,41.287
1791081300000,783.62,783.89,783.62,783.88,12.112
1791081360000,783.89,784.22,783.89,784.2,50.226
1791081420000,784.19,784.19,783.87,783.87,41.401
1791081480000,783.87,783.87,783.66,783.69,10.879
1791081540000,783.68,783.77,783.58,783.77,53.089
1791081600000,783.76,784.0,783.76,784.0,10.822
1791081660000,784.0,784.2,783.99,784.2,28.167
1791081720000,784.2,784.37,784.19,784.37,23.273
1791081780000,784.37,784.39,784.36,784.38,42.441
1791081840000,784.39,784.39,784.3,784.31,22.339
1791081900000,784.3,784.3,784.21,784.22,40.605
1791081960000,784.22,784.22,784.21,784.22,5.652
1791082020000,784.21,784.22,783.29,783.3,184.42
1791082080000,783.3,783.93,783.29,783.93,71.428
1791082140000,783.93,783.93,783.9,783.91,31.703
1791082200000,783.9,783.91,783.86,783.87,22.661
1791082260000,783.87,783.87,783.65,783.68,7.881
1791082320000,783.67,783.67,783.31,783.36,33.678
1791082380000,783.36,783.36,783.32,783.32,8.066
1791082440000,783.33,783.35,783.32,783.35,6.135
1791082500000,783.36,783.36,783.3,783.31,18.918
1791082560000,783.31,783.34,783.3,783.32,14.233
1791082620000,783.33,783.34,783.33,783.34,2.543
1791082680000,783.34,783.51,783.33,783.51,21.945
1791082740000,783.5,783.51,783.5,783.51,4.45
1791082800000,783.51,783.51,783.32,783.44,35.45
1791082860000,783.44,783.44,783.23,783.23,15.971
1791082920000,783.24,783.28,783.19,783.2,4.171
1791082980000,783.19,783.19,782.87,783.1,22.858
1791083040000,783.09,783.32,782.98,783.32,24.854
1791083100000,783.32,783.32,783.19,783.22,27.558
1791083160000,783.22,783.22,783.2,783.22,12.637
1791083220000,783.22,783.22,783.05,783.06,10.443
1791083280000,783.06,783.06,782.99,783.05,28.577
1791083340000,783.05,783.3,783.05,783.3,22.761
1791083400000,783.3,783.45,783.29,783.44,29.895
1791083460000,783.45,783.45,783.44,783.45,2.527
1791083520000,783.44,783.48,783.44,783.48,12.218
1791083580000,783.48,783.48,783.47,783.48,2.776
1791083640000,783.47,783.47,783.32,783.39,18.22
1791083700000,783.39,783.39,783.38,783.38,3.614
1791083760000,783.39,783.53,783.32,783.53,32.362
1791083820000,783.53,783.53,783.52,783.52,9.43
1791083880000,783.53,783.53,783.5,783.51,7.928
1791083940000,783.5,783.62,783.5,783.61,75.509
1791084000000,783.61,783.61,783.6,783.61,17.323
1791084060000,783.6,783.87,783.6,783.87,40.561
1791084120000,783.87,783.88,783.86,783.87,29.219
1791084180000,783.88,783.88,783.87,783.87,6.599
1791084240000,783.88,783.88,783.87,783.87,5.334
1791084300000,783.87,784.0,783.87,783.99,43.278
1791084360000,784.0,784.0,783.94,783.94,22.782
1791084420000,783.95,783.95,783.8,783.83,51.499
1791084480000,783.83,783.94,783.83,783.84,14.418
1791084540000,783.83,783.84,783.73,783.73,28.301
1791084600000,783.74,783.84,783.73,783.84,16.138
1791084660000,783.84,783.92,783.84,783.92,7.156
1791084720000,783.92,783.93,783.91,783.93,28.848
1791084780000,783.93,784.27,783.93,784.27,70.628
1791084840000,784.27,784.84,784.26,784.84,66.284
1791084900000,784.84,784.84,784.01,784.03,324.564
1791084960000,784.05,784.31,784.0,784.31,48.744
1791085020000,784.31,784.55,784.31,784.54,11.587
1791085080000,784.55,784.55,784.54,784.54,6.768
1791085140000,784.55,784.55,784.54,784.55,9.384
1791085200000,784.54,784.79,784.54,784.79,151.433
1791085260000,784.79,785.06,784.79,785.04,73.859
1791085320000,785.05,785.05,785.04,785.04,11.38
1791085380000,785.04,785.06,784.74,784.74,25.66
1791085440000,784.74,784.79,784.64,784.78,21.07
1791085500000,784.79,784.95,784.68,784.95,30.732
1791085560000,784.95,784.96,784.94,784.95,10.721
1791085620000,784.96,785.46,784.95,785.46,79.405
1791085680000,785.46,785.56,785.41,785.42,45.424
1791085740000,785.42,785.56,785.42,785.56,27.508
1791085800000,785.56,785.56,785.45,785.45,14.091
1791085860000,785.45,785.46,785.41,785.41,4.512
1791085920000,785.41,785.41,785.07,785.08,15.425
1791085980000,785.08,785.1,784.97,784.98,12.708
1791086040000,784.97,785.16,784.88,785.15,99.641
1791086100000,785.14,785.15,784.88,785.01,131.614
1791086160000,785.01,785.01,784.72,784.83,76.848
1791086220000,784.83,784.96,784.83,784.89,11.413
1791086280000,784.89,784.99,784.89,784.96,6.329
1791086340000,784.96,784.96,784.41,784.56,58.064
1791086400000,784.56,784.7,784.48,784.49,60.955
1791086460000,784.5,784.84,784.5,784.84,10.626
1791086520000,784.85,785.35,784.85,784.98,32.548
1791086580000,784.98,785.16,784.97,785.16,18.92
1791086640000,785.15,785.16,784.78,784.79,32.877
1791086700000,784.78,784.78,784.68,784.69,17.381
1791086760000,784.69,784.69,784.65,784.68,3.926
1791086820000,784.69,784.69,784.48,784.49,9.719
1791086880000,784.49,784.49,784.14,784.14,15.77
1791086940000,784.14,784.15,783.77,783.82,68.731
1791087000000,783.82,783.82,783.81,783.82,7.38
1791087060000,783.82,783.82,783.73,783.74,26.976
1791087120000,783.74,783.74,783.73,783.74,3.626
1791087180000,783.73,783.74,783.54,783.71,28.413
1791087240000,783.71,783.9,783.71,783.9,17.097
1791087300000,783.9,783.9,783.82,783.82,9.425
1791087360000,783.82,783.82,783.81,783.82,7.437
1791087420000,783.82,783.82,783.62,783.62,6.588
1791087480000,783.63,783.63,783.47,783.51,20.049
1791087540000,783.5,784.17,783.5,784.17,152.377
1791087600000,784.18,784.35,784.18,784.35,30.689
1791087660000,784.36,784.36,784.28,784.29,2.379
1791087720000,784.28,784.36,784.25,784.33,19.247
1791087780000,784.33,784.33,784.26,784.26,9.94
1791087840000,784.26,784.27,784.26,784.26,8.221
1791087900000,784.27,784.27,784.26,784.26,5.712
1791087960000,784.26,784.27,784.24,784.25,9.274
1791088020000,784.25,784.26,784.25,784.26,27.752
1791088080000,784.25,784.53,784.22,784.53,66.449
1791088140000,784.52,784.75,784.52,784.75,6.817
1791088200000,784.74,784.74,784.61,784.61,21.986
1791088260000,784.62,784.64,784.61,784.63,21.385
1791088320000,784.63,784.63,784.45,784.45,15.0
1791088380000,784.46,784.56,784.42,784.45,12.172
1791088440000,784.45,784.45,784.4,784.41,16.794
1791088500000,784.41,784.46,784.4,784.46,23.786
1791088560000,784.47,784.73,784.46,784.72,24.611
1791088620000,784.72,784.75,784.71,784.71,15.135
1791088680000,784.72,784.79,784.71,784.79,15.012
1791088740000,784.8,784.92,784.79,784.92,12.901
1791088800000,784.92,785.03,784.91,785.03,44.312
1791088860000,785.02,785.02,784.78,784.84,26.71
1791088920000,784.84,784.92,784.83,784.91,7.413
1791088980000,784.91,785.0,784.91,785.0,8.855
1791089040000,785.0,785.04,784.99,784.99,44.058
1791089100000,785.0,785.0,784.99,784.99,8.096
1791089160000,785.0,785.01,784.99,785.01,10.228
1791089220000,785.0,785.01,785.0,785.01,9.476
1791089280000,785.0,785.01,784.9,784.91,25.566
1791089340000,784.91,784.91,784.76,784.91,14.021
1791089400000,784.92,785.06,784.91,784.97,15.106
1791089460000,784.97,784.97,784.91,784.92,32.554
1791089520000,784.92,784.94,784.86,784.87,9.929
1791089580000,784.87,784.87,784.86,784.87,5.822
1791089640000,784.87,784.92,784.87,784.89,7.059
1791089700000,784.88,784.88,784.68,784.78,6.76
1791089760000,784.78,784.81,784.76,784.8,19.988
1791089820000,784.81,784.84,784.8,784.83,4.009
1791089880000,784.83,784.98,784.83,784.98,9.996
1791089940000,784.98,784.98,784.76,784.76,13.284
1791090000000,784.77,784.9,784.77,784.9,8.817
1791090060000,784.9,785.37,784.89,785.37,38.13
1791090120000,785.37,785.45,785.36,785.45,17.763
1791090180000,785.45,785.56,785.44,785.55,18.318
1791090240000,785.55,785.55,785.52,785.53,2.977
1791090300000,785.53,785.53,785.52,785.53,3.03
1791090360000,785.53,785.53,785.52,785.53,1.703
1791090420000,785.53,786.0,785.52,786.0,58.333
1791090480000,786.0,786.16,785.96,786.15,39.417
1791090540000,786.16,786.21,786.15,786.15,10.4
1791090600000,786.16,786.16,785.82,785.82,53.121
1791090660000,785.8,785.81,785.64,785.64,119.061
1791090720000,785.64,785.87,785.64,785.87,8.439
1791090780000,785.87,785.87,785.82,785.83,7.151
1791090840000,785.82,786.07,785.72,786.07,57.423
1791090900000,786.06,786.46,786.06,786.36,49.297
1791090960000,786.36,786.38,786.36,786.37,15.913
1791091020000,786.38,786.38,786.37,786.38,41.624
1791091080000,786.38,786.99,786.38,786.98,92.053
1791091140000,786.98,787.15,786.98,787.08,62.14
1791091200000,787.07,787.32,786.18,786.27,107.402
1791091260000,786.27,786.44,786.27,786.44,22.123
1791091320000,786.44,786.44,786.3,786.36,30.319
1791091380000,786.37,786.44,786.37,786.44,8.579
1791091440000,786.44,786.64,786.43,786.63,15.076
1791091500000,786.63,786.79,786.52,786.79,11.494
1791091560000,786.79,786.79,786.74,786.74,12.203
1791091620000,786.74,786.74,786.39,786.43,41.181
1791091680000,786.43,786.44,786.43,786.44,9.175
1791091740000,786.44,786.44,786.43,786.44,7.668
1791091800000,786.44,786.51,786.3,786.31,14.62
1791091860000,786.31,786.31,786.3,786.3,14.32
1791091920000,786.31,786.31,786.3,786.31,7.819
1791091980000,786.31,786.31,786.06,786.07,30.509
1791092040000,786.07,786.12,786.06,786.12,46.872
1791092100000,786.12,786.12,786.0,786.01,12.103
1791092160000,786.0,786.12,786.0,786.09,110.61
1791092220000,786.08,786.55,786.0,786.52,95.551
1791092280000,786.51,786.51,786.38,786.46,31.97
1791092340000,786.46,786.62,786.45,786.53,20.549
1791092400000,786.53,786.78,786.53,786.77,14.803
1791092460000,786.78,787.0,786.78,787.0,29.733
1791092520000,786.99,787.0,786.8,786.99,20.19
1791092580000,786.99,787.24,786.99,787.24,14.651
1791092640000,787.24,787.38,787.09,787.09,46.339
1791092700000,787.09,787.09,786.9,786.97,9.633
1791092760000,786.97,786.97,786.7,786.75,12.148
1791092820000,786.74,786.84,786.74,786.81,6.526
1791092880000,786.81,786.97,786.81,786.96,9.629
1791092940000,786.96,787.09,786.96,787.09,20.584
1791093000000,787.1,787.37,787.09,787.37,22.483
1791093060000,787.36,787.37,787.26,787.28,13.088
1791093120000,787.28,787.5,787.28,787.5,80.238
1791093180000,787.5,787.5,787.36,787.5,29.54
1791093240000,787.5,787.5,787.3,787.3,33.088
1791093300000,787.29,787.29,786.9,786.9,36.739
1791093360000,786.9,786.92,786.82,786.89,31.486
1791093420000,786.88,786.89,786.26,786.5,150.793
1791093480000,786.49,786.51,786.31,786.5,14.573
1791093540000,786.51,786.69,786.15,786.69,103.139
1791093600000,786.7,786.91,786.63,786.87,42.866
1791093660000,786.87,786.87,786.8,786.81,34.719
1791093720000,786.81,786.86,786.53,786.53,61.06
1791093780000,786.53,786.53,786.22,786.22,24.344
1791093840000,786.22,786.22,785.94,786.06,65.745
1791093900000,786.06,786.35,786.06,786.22,18.649
1791093960000,786.23,786.4,786.22,786.4,17.281
1791094020000,786.41,786.44,786.25,786.26,13.287
1791094080000,786.26,786.6,786.25,786.6,42.913
1791094140000,786.61,786.76,786.61,786.76,16.291
1791094200000,786.75,786.76,786.62,786.65,34.388
1791094260000,786.65,786.68,786.52,786.57,42.231
1791094320000,786.56,786.73,786.56,786.62,32.049
1791094380000,786.62,786.62,786.49,786.54,9.159
1791094440000,786.53,786.54,786.36,786.44,32.983
1791094500000,786.45,786.71,786.45,786.71,3.502
1791094560000,786.7,786.71,786.58,786.59,7.143
1791094620000,786.59,786.59,786.58,786.59,4.782
1791094680000,786.59,786.63,786.58,786.62,2.809
1791094740000,786.63,787.43,786.62,787.43,538.888
1791094800000,787.44,788.43,787.44,788.28,441.674
1791094860000,788.28,788.28,788.19,788.25,11.356
1791094920000,788.25,788.6,787.86,787.89,87.369
1791094980000,787.9,787.95,787.83,787.84,16.48
1791095040000,787.84,787.87,787.83,787.86,12.338
1791095100000,787.87,788.12,787.81,787.99,87.824
1791095160000,787.98,787.98,787.81,787.87,16.007
1791095220000,787.86,787.86,787.7,787.71,75.589
1791095280000,787.71,787.9,787.71,787.72,35.549
1791095340000,787.71,788.09,787.7,788.01,235.432
1791095400000,788.01,788.06,787.96,787.96,22.231
1791095460000,787.96,787.96,787.78,787.8,62.178
1791095520000,787.8,788.32,787.71,788.19,182.935
1791095580000,788.19,788.19,788.09,788.15,9.678
1791095640000,788.16,788.29,788.12,788.19,16.158
1791095700000,788.18,788.22,788.07,788.22,28.505
1791095760000,788.21,788.29,788.21,788.23,33.258
1791095820000,788.23,788.23,787.8,787.8,17.118
1791095880000,787.8,787.8,787.71,787.72,15.728
1791095940000,787.72,787.72,787.7,787.72,333.334
1791096000000,787.71,787.72,787.18,787.3,434.945
1791096060000,787.3,787.64,787.29,787.64,16.273
1791096120000,787.64,787.76,787.64,787.75,23.89
1791096180000,787.75,787.91,787.75,787.86,10.126
1791096240000,787.86,787.94,787.86,787.94,20.911
1791096300000,787.95,787.96,787.94,787.96,15.4
1791096360000,787.96,788.31,787.96,788.31,15.807
1791096420000,788.31,788.59,788.31,788.59,54.765
1791096480000,788.59,788.6,788.58,788.6,16.772
1791096540000,788.6,788.66,788.48,788.49,32.183
1791096600000,788.48,788.48,788.29,788.46,27.565
1791096660000,788.47,788.81,788.47,788.74,30.246
1791096720000,788.74,788.77,788.73,788.76,7.189
1791096780000,788.76,788.85,788.75,788.75,22.535
1791096840000,788.74,788.98,788.6,788.98,68.453
1791096900000,788.98,788.98,788.76,788.77,14.143
1791096960000,788.77,788.88,788.76,788.86,41.265
1791097020000,788.86,788.86,788.66,788.67,37.433
1791097080000,788.67,788.67,788.23,788.23,75.493
1791097140000,788.24,788.53,788.24,788.53,19.928
1791097200000,788.53,788.61,788.53,788.56,46.345
1791097260000,788.56,788.56,788.3,788.31,12.759
1791097320000,788.3,788.31,787.85,787.86,42.083
1791097380000,787.86,787.86,787.85,787.86,7.434
1791097440000,787.85,787.86,787.76,787.85,19.956
1791097500000,787.85,788.03,787.8,787.98,65.293
1791097560000,787.99,787.99,787.87,787.87,16.359
1791097620000,787.88,788.3,787.7,788.18,45.843
1791097680000,788.18,788.44,788.17,788.29,22.406
1791097740000,788.29,788.29,788.27,788.28,23.113
1791097800000,788.28,788.29,788.16,788.17,43.206
1791097860000,788.17,788.17,788.16,788.17,20.272
1791097920000,788.17,788.17,788.16,788.17,16.697
1791097980000,788.16,788.17,788.16,788.16,10.809
1791098040000,788.16,788.17,787.93,787.94,59.693
1791098100000,787.94,787.94,787.7,787.7,9.936
1791098160000,787.71,787.71,787.47,787.49,28.238
1791098220000,787.5,787.56,786.93,787.05,44.377
1791098280000,787.04,787.23,787.04,787.11,54.61
1791098340000,787.1,787.14,787.07,787.14,2.925
1791098400000,787.14,787.53,787.13,787.53,20.154
1791098460000,787.53,787.57,787.36,787.37,19.114
1791098520000,787.37,787.67,787.36,787.57,34.724
1791098580000,787.58,788.0,787.57,787.99,22.263
1791098640000,787.99,788.0,787.85,787.86,22.686
1791098700000,787.86,788.04,787.78,787.97,83.058
1791098760000,787.97,787.97,787.73,787.74,13.126
1791098820000,787.74,787.74,787.71,787.72,21.553
1791098880000,787.72,788.44,787.71,788.27,348.111
1791098940000,788.28,788.28,788.08,788.09,10.37
1791099000000,788.09,788.09,787.85,787.86,13.765
1791099060000,787.87,787.87,787.69,787.85,36.951
1791099120000,787.84,787.84,787.23,787.23,11.349
1791099180000,787.24,787.24,787.23,787.23,10.568
1791099240000,787.24,787.25,787.23,787.25,6.824
1791099300000,787.25,787.64,787.24,787.64,48.041
1791099360000,787.64,787.82,787.64,787.82,2.563
1791099420000,787.81,787.82,787.49,787.62,53.062
1791099480000,787.61,787.62,787.61,787.62,2.901
1791099540000,787.61,787.62,787.47,787.49,24.762
1791099600000,787.49,787.62,787.49,787.62,10.479
1791099660000,787.63,787.93,787.63,787.83,91.643
1791099720000,787.83,787.96,787.82,787.92,62.151
1791099780000,787.92,787.99,787.91,787.95,6.884
1791099840000,787.95,787.95,787.94,787.94,3.361
1791099900000,787.95,787.95,787.74,787.83,67.072
1791099960000,787.83,787.85,787.76,787.77,36.541
1791100020000,787.77,787.8,787.76,787.8,13.473
1791100080000,787.79,787.92,787.79,787.92,27.717
1791100140000,787.92,787.92,787.7,787.75,26.479
1791100200000,787.75,787.89,787.74,787.89,28.905
1791100260000,787.89,787.91,787.88,787.91,6.943
1791100320000,787.91,787.95,787.7,787.81,29.153
1791100380000,787.82,788.1,787.82,787.98,103.475
1791100440000,787.99,787.99,787.7,787.7,41.906
1791100500000,787.7,787.71,787.59,787.59,63.442
1791100560000,787.58,787.58,787.43,787.43,39.414
1791100620000,787.43,787.99,787.4,787.77,70.512
1791100680000,787.77,787.95,787.77,787.94,19.835
1791100740000,787.94,788.11,787.65,787.87,171.895
1791100800000,787.86,788.07,787.52,787.67,30.622
1791100860000,787.67,787.8,787.57,787.79,24.841
1791100920000,787.79,787.79,787.3,787.3,68.045
1791100980000,787.3,787.39,787.28,787.28,38.162
1791101040000,787.29,787.56,787.28,787.55,31.172
1791101100000,787.55,787.64,787.54,787.61,7.684
1791101160000,787.61,787.69,787.59,787.67,19.804
1791101220000,787.67,787.67,787.65,787.66,35.914
1791101280000,787.66,787.66,787.4,787.4,58.396
1791101340000,787.41,787.62,787.33,787.62,72.137
1791101400000,787.63,788.27,787.63,788.27,29.359
1791101460000,788.26,788.26,788.1,788.11,27.792
1791101520000,788.11,788.49,788.11,788.48,69.604
1791101580000,788.49,788.55,788.48,788.55,20.837
1791101640000,788.55,788.55,788.52,788.53,8.491
1791101700000,788.52,788.52,788.38,788.49,50.398
1791101760000,788.48,788.6,788.48,788.6,28.004
1791101820000,788.59,788.6,788.59,788.6,24.39
1791101880000,788.6,788.82,788.57,788.65,1055.92
1791101940000,788.66,788.66,788.56,788.64,10.882
1791102000000,788.64,788.64,788.39,788.39,20.267
1791102060000,788.4,788.6,788.4,788.47,33.018
1791102120000,788.47,788.76,788.46,788.7,9.487
1791102180000,788.71,788.78,788.7,788.73,5.703
1791102240000,788.72,788.72,788.34,788.34,58.182
1791102300000,788.34,788.46,788.19,788.4,47.651
1791102360000,788.4,788.46,788.26,788.46,90.506
1791102420000,788.46,788.63,788.42,788.42,69.667
1791102480000,788.42,788.63,788.42,788.61,52.779
1791102540000,788.61,788.88,788.61,788.71,46.795
1791102600000,788.7,788.83,788.7,788.75,24.053
1791102660000,788.76,788.76,788.58,788.58,64.071
1791102720000,788.59,788.81,788.59,788.8,71.558
1791102780000,788.81,788.84,788.7,788.71,14.729
1791102840000,788.71,789.1,788.7,789.1,98.471
1791102900000,789.1,789.1,789.06,789.07,15.36
1791102960000,789.07,789.17,789.07,789.17,35.789
1791103020000,789.16,789.16,788.75,788.76,38.539
1791103080000,788.76,788.76,788.7,788.7,17.724
1791103140000,788.71,788.87,788.68,788.87,13.045
1791103200000,788.86,788.9,788.85,788.85,51.539
1791103260000,788.85,789.04,788.85,789.03,28.502
1791103320000,789.03,789.04,788.53,788.54,34.363
1791103380000,788.54,788.56,788.53,788.56,7.46
1791103440000,788.56,788.56,788.55,788.56,7.656
1791103500000,788.56,788.56,788.51,788.56,29.809
1791103560000,788.55,788.9,788.55,788.85,59.448
1791103620000,788.85,788.87,788.84,788.84,8.027
1791103680000,788.85,788.87,788.84,788.87,16.894
1791103740000,788.87,788.9,788.86,788.86,10.372
1791103800000,788.86,788.86,788.72,788.84,52.73
1791103860000,788.84,788.84,788.8,788.8,9.555
1791103920000,788.8,788.95,788.75,788.95,82.265
1791103980000,788.95,789.18,788.94,789.17,11.046
1791104040000,789.17,790.0,789.17,789.68,339.207
1791104100000,789.68,789.69,789.34,789.38,85.234
1791104160000,789.37,789.7,789.37,789.69,13.427
1791104220000,789.69,789.75,789.1,789.1,45.099
1791104280000,789.11,789.69,789.1,789.68,176.003
1791104340000,789.69,789.69,789.68,789.68,10.7
1791104400000,789.68,790.3,789.68,789.99,107.716
1791104460000,790.0,790.09,789.47,789.51,97.288
1791104520000,789.51,789.51,789.4,789.41,100.988
1791104580000,789.41,790.0,789.4,789.85,33.883
1791104640000,789.85,790.0,789.85,789.97,46.426
1791104700000,789.97,789.97,789.69,789.73,42.931
1791104760000,789.73,789.91,789.72,789.82,11.892
1791104820000,789.82,790.0,789.81,789.99,41.342
1791104880000,790.0,790.97,790.0,790.55,86.662
1791104940000,790.55,791.34,790.55,791.01,265.126
1791105000000,791.01,791.68,791.01,791.44,760.532
1791105060000,791.45,792.47,791.44,791.6,336.068
1791105120000,791.6,792.21,791.45,792.16,70.822
1791105180000,792.15,792.4,792.01,792.04,53.882
1791105240000,792.05,792.5,792.05,792.2,137.641
1791105300000,792.2,792.37,792.16,792.16,45.51
1791105360000,792.17,792.5,791.56,791.57,45.13
1791105420000,791.57,793.77,791.57,793.77,327.645
1791105480000,793.76,794.42,793.59,794.36,363.104
1791105540000,794.36,794.74,793.03,793.03,247.894
1791105600000,793.04,793.53,792.85,792.89,98.542
1791105660000,792.89,793.43,792.86,793.43,71.304
1791105720000,793.42,794.57,793.42,794.12,253.55
1791105780000,794.13,794.68,794.06,794.54,136.413
1791105840000,794.54,795.0,794.36,794.4,192.282
1791105900000,794.4,794.75,794.19,794.41,100.078
1791105960000,794.41,794.44,793.99,794.13,86.742
1791106020000,794.16,794.39,794.11,794.12,22.319
1791106080000,794.12,794.12,793.92,793.97,23.695
1791106140000,793.96,793.97,793.26,793.26,58.073
1791106200000,793.27,795.0,793.21,794.6,1552.697
1791106260000,794.59,794.9,794.59,794.9,38.687
1791106320000,794.9,795.12,794.32,794.36,179.7
1791106380000,794.37,794.39,793.72,793.72,74.717
1791106440000,793.71,793.94,793.65,793.91,45.754
1791106500000,793.86,793.94,793.85,793.89,21.85
1791106560000,793.88,793.88,793.42,793.55,15.75
1791106620000,793.56,793.61,793.13,793.13,83.982
1791106680000,793.12,793.61,792.91,793.61,115.142
1791106740000,793.6,793.73,793.32,793.73,86.47
1791106800000,793.74,793.74,793.45,793.58,65.096
1791106860000,793.57,793.85,793.45,793.59,109.537
1791106920000,793.59,793.93,793.59,793.71,312.616
1791106980000,793.7,793.71,793.2,793.2,416.695
1791107040000,793.2,793.3,793.04,793.16,69.583
1791107100000,793.16,793.17,793.09,793.11,14.549
1791107160000,793.1,793.19,793.1,793.19,44.886
1791107220000,793.2,793.39,793.19,793.38,32.49
1791107280000,793.38,793.39,793.01,793.08,49.228
1791107340000,793.08,793.08,792.0,792.01,181.796
1791107400000,792.01,792.06,791.43,791.47,141.588
1791107460000,791.46,791.55,790.84,790.86,175.805
1791107520000,790.86,791.0,790.85,791.0,66.297
1791107580000,790.99,791.63,790.99,791.62,31.671
1791107640000,791.62,791.63,791.55,791.63,18.312
1791107700000,791.62,791.8,791.62,791.8,35.259
1791107760000,791.8,791.82,791.58,791.81,31.532
1791107820000,791.81,791.85,791.71,791.85,32.497
1791107880000,791.85,791.85,791.48,791.53,36.716
1791107940000,791.53,791.98,791.52,791.98,65.226
1791108000000,791.98,792.39,791.98,792.25,40.441
1791108060000,792.24,792.24,791.43,791.8,155.643
1791108120000,791.79,791.94,791.61,791.7,37.316
1791108180000,791.71,791.79,791.32,791.5,31.306
1791108240000,791.5,791.5,791.06,791.45,74.504
1791108300000,791.44,791.44,791.14,791.14,45.965
1791108360000,791.14,791.2,791.09,791.09,71.498
1791108420000,791.1,791.23,791.02,791.23,52.771
1791108480000,791.23,791.23,790.84,790.85,49.164
1791108540000,790.84,790.97,790.84,790.96,54.944
1791108600000,790.97,791.02,790.96,791.02,36.272
1791108660000,791.02,791.09,790.59,790.6,65.049
1791108720000,790.61,790.7,790.6,790.7,52.981
1791108780000,790.69,790.7,790.28,790.29,60.784
1791108840000,790.28,790.6,790.23,790.6,59.879
1791108900000,790.6,790.65,790.6,790.6,13.445
1791108960000,790.6,790.6,790.4,790.52,48.759
1791109020000,790.52,790.52,790.27,790.31,22.459
1791109080000,790.32,790.32,790.04,790.3,169.465
1791109140000,790.3,790.41,790.21,790.25,41.105
1791109200000,790.25,790.39,790.24,790.28,28.93
1791109260000,790.28,790.53,790.27,790.52,33.413
1791109320000,790.52,790.69,790.39,790.4,54.903
1791109380000,790.4,790.75,790.39,790.72,74.508
1791109440000,790.72,790.99,790.71,790.99,46.998
1791109500000,790.99,791.0,790.81,791.0,217.028
1791109560000,791.0,791.0,790.99,791.0,358.469
1791109620000,791.0,791.0,790.98,790.99,70.2
1791109680000,791.0,791.0,790.99,790.99,33.345
1791109740000,790.99,791.0,790.94,790.94,1281.049
1791109800000,790.94,791.0,790.89,790.98,125.172
1791109860000,790.99,791.0,790.98,791.0,68.608
1791109920000,790.99,791.0,790.36,790.36,140.402
1791109980000,790.37,790.59,790.36,790.59,54.567
1791110040000,790.58,790.58,789.58,789.58,166.595
1791110100000,789.58,789.59,789.26,789.35,83.495
1791110160000,789.34,789.34,788.88,789.17,76.113
1791110220000,789.17,789.41,789.17,789.36,50.364
1791110280000,789.33,789.54,789.24,789.38,28.365
1791110340000,789.37,789.37,789.17,789.17,20.838
1791110400000,789.18,789.18,789.11,789.15,11.57
1791110460000,789.15,789.6,789.08,789.48,208.286
1791110520000,789.48,789.51,789.4,789.41,32.9
1791110580000,789.41,789.51,789.27,789.38,35.122
1791110640000,789.37,789.51,789.35,789.45,26.303
1791110700000,789.45,789.45,789.35,789.36,22.463
1791110760000,789.36,789.44,789.25,789.26,22.498
1791110820000,789.26,789.26,788.95,788.96,40.463
1791110880000,788.95,789.0,788.95,788.97,9.803
1791110940000,788.97,788.97,788.91,788.92,24.954
1791111000000,788.92,788.95,788.83,788.95,45.062
1791111060000,788.94,789.2,788.94,789.11,158.959
1791111120000,789.12,789.35,789.12,789.35,36.581
1791111180000,789.34,789.49,789.34,789.49,18.877
1791111240000,789.48,789.49,789.48,789.48,8.02
1791111300000,789.49,789.49,789.48,789.49,19.938
1791111360000,789.48,789.49,789.32,789.33,39.235
1791111420000,789.33,789.33,789.0,789.0,57.163
1791111480000,789.01,789.01,788.95,788.96,24.602
1791111540000,788.95,788.96,788.75,788.76,35.754
1791111600000,788.76,788.76,788.53,788.54,36.193
1791111660000,788.53,788.54,788.26,788.51,66.397
1791111720000,788.5,788.54,788.48,788.49,14.641
1791111780000,788.49,788.57,788.48,788.57,12.289
1791111840000,788.56,788.57,788.36,788.37,29.684
1791111900000,788.37,788.62,788.23,788.49,45.91
1791111960000,788.49,788.64,788.48,788.54,19.62
1791112020000,788.54,788.54,788.48,788.51,13.599
1791112080000,788.5,788.51,788.37,788.41,30.496
1791112140000,788.4,788.41,788.4,788.4,5.874
1791112200000,788.4,788.52,788.4,788.43,36.199
1791112260000,788.44,788.56,788.21,788.22,46.908
1791112320000,788.21,788.22,788.0,788.0,48.446
1791112380000,788.01,788.01,787.81,787.82,95.151
1791112440000,787.82,787.82,787.6,787.69,45.128
1791112500000,787.69,787.88,787.68,787.88,89.105
1791112560000,787.88,788.22,787.87,788.21,68.61
1791112620000,788.22,788.49,788.21,788.49,67.133
1791112680000,788.48,788.52,788.43,788.52,80.544
1791112740000,788.51,788.81,788.51,788.81,48.514
1791112800000,788.81,788.91,788.8,788.9,30.905
1791112860000,788.9,788.91,788.61,788.62,96.085
1791112920000,788.61,788.69,788.61,788.69,15.833
1791112980000,788.68,789.22,788.68,789.22,158.456
1791113040000,789.22,789.33,788.99,788.99,111.597
1791113100000,788.99,789.16,788.99,789.16,43.549
1791113160000,789.16,789.59,789.16,789.43,112.23
1791113220000,789.42,789.43,789.23,789.26,68.472
1791113280000,789.26,789.36,789.04,789.04,23.614
1791113340000,789.04,789.04,788.75,788.75,16.818
1791113400000,788.76,789.46,788.75,789.46,33.108
1791113460000,789.45,789.54,789.45,789.53,21.848
1791113520000,789.53,789.53,789.22,789.35,39.826
1791113580000,789.35,789.35,789.25,789.27,9.3
1791113640000,789.27,789.28,788.92,788.93,15.463
1791113700000,788.92,789.03,788.87,788.9,20.703
1791113760000,788.91,788.97,788.9,788.94,18.362
1791113820000,788.95,789.18,788.91,789.18,15.379
1791113880000,789.17,789.18,789.04,789.05,18.12
1791113940000,789.04,789.05,788.93,788.95,24.372
1791114000000,788.96,789.17,788.87,788.89,130.929
1791114060000,788.88,788.89,788.2,788.4,136.751
1791114120000,788.4,788.4,788.27,788.28,24.71
1791114180000,788.28,788.49,788.02,788.03,35.343
1791114240000,788.03,788.03,787.8,787.8,31.645
1791114300000,787.81,787.81,787.28,787.76,63.809
1791114360000,787.77,787.89,787.77,787.86,9.78
1791114420000,787.86,788.07,787.86,788.07,14.388
1791114480000,788.07,788.24,787.94,787.97,38.458
1791114540000,787.97,788.16,787.96,788.16,19.22
1791114600000,788.16,788.21,788.16,788.2,8.843
1791114660000,788.21,788.21,788.04,788.05,35.267
1791114720000,788.05,788.16,788.04,788.15,19.817
1791114780000,788.14,788.15,788.04,788.1,30.782
1791114840000,788.1,788.37,788.1,788.36,25.164
1791114900000,788.37,788.58,788.37,788.58,37.303
1791114960000,788.58,788.75,788.48,788.49,61.49
1791115020000,788.48,788.5,788.47,788.49,45.318
1791115080000,788.5,788.56,788.25,788.52,60.639
1791115140000,788.51,788.68,788.51,788.67,34.859
1791115200000,788.68,788.73,788.6,788.67,27.105
1791115260000,788.67,789.0,788.66,789.0,44.232
1791115320000,789.0,789.1,788.9,789.02,144.162
1791115380000,789.02,789.09,788.66,788.67,37.579
1791115440000,788.67,789.06,788.55,789.01,124.988
1791115500000,789.01,789.05,789.01,789.03,17.939
1791115560000,789.03,789.2,789.02,789.19,53.961
1791115620000,789.19,789.57,789.18,789.57,70.911
1791115680000,789.57,789.6,789.56,789.59,9.705
1791115740000,789.6,789.66,789.36,789.59,175.401
1791115800000,789.6,789.66,789.58,789.58,37.324
1791115860000,789.58,789.7,789.52,789.54,18.211
1791115920000,789.53,789.53,789.15,789.15,19.748
1791115980000,789.15,789.15,788.3,788.62,99.004
1791116040000,788.62,788.62,788.41,788.42,29.558
1791116100000,788.41,788.41,788.07,788.07,112.499
1791116160000,788.08,788.42,787.75,787.76,194.491
1791116220000,787.75,787.91,787.16,787.77,109.883
1791116280000,787.78,788.38,787.78,788.37,26.864
1791116340000,788.37,788.41,788.16,788.41,75.941
1791116400000,788.4,788.51,788.21,788.45,72.851
1791116460000,788.45,788.61,788.38,788.56,19.302
1791116520000,788.56,788.72,788.55,788.66,53.546
1791116580000,788.67,788.67,788.36,788.36,32.779
1791116640000,788.37,788.53,788.36,788.51,27.177
1791116700000,788.51,788.55,788.5,788.51,7.809
1791116760000,788.51,788.52,788.36,788.37,30.51
1791116820000,788.36,788.49,788.36,788.48,16.817
1791116880000,788.48,788.7,788.48,788.58,55.697
1791116940000,788.59,788.75,788.27,788.28,94.909
1791117000000,788.27,788.54,788.27,788.54,13.048
1791117060000,788.54,788.78,788.53,788.78,17.087
1791117120000,788.78,788.85,788.56,788.64,31.903
1791117180000,788.64,788.94,788.64,788.93,12.551
1791117240000,788.93,788.93,788.85,788.86,7.096
1791117300000,788.86,788.92,788.85,788.89,30.683
1791117360000,788.89,789.05,788.88,788.97,51.116
1791117420000,788.96,788.97,788.9,788.91,27.325
1791117480000,788.9,788.91,788.8,788.88,32.16
1791117540000,788.87,788.87,788.72,788.73,28.994
1791117600000,788.73,788.91,788.72,788.9,45.255
1791117660000,788.9,789.12,788.89,789.01,33.928
1791117720000,789.01,789.01,788.83,788.84,60.463
1791117780000,788.84,788.84,788.54,788.65,205.792
1791117840000,788.64,788.65,788.23,788.23,112.034
1791117900000,788.24,788.5,788.11,788.12,245.411
1791117960000,788.11,788.12,787.92,787.99,121.456
1791118020000,788.0,788.34,788.0,788.11,81.796
1791118080000,788.12,788.32,788.1,788.32,49.729
1791118140000,788.32,788.85,788.32,788.85,60.742
1791118200000,788.84,788.88,788.84,788.88,35.049
1791118260000,788.87,788.88,788.75,788.83,33.482
1791118320000,788.83,788.9,788.76,788.9,76.831
1791118380000,788.91,789.06,788.9,789.05,32.745
1791118440000,789.05,789.06,788.61,788.69,39.36
1791118500000,788.69,788.88,788.5,788.78,105.175
1791118560000,788.79,788.86,788.77,788.86,36.956
1791118620000,788.85,789.02,788.79,788.9,81.263
1791118680000,788.91,788.94,788.91,788.94,22.236
1791118740000,788.94,788.94,788.75,788.75,40.207
1791118800000,788.75,788.98,788.74,788.98,30.068
1791118860000,788.97,789.2,788.97,789.16,67.789
1791118920000,789.16,789.44,789.16,789.43,79.163
1791118980000,789.44,789.44,789.26,789.43,65.081
1791119040000,789.43,789.47,789.17,789.17,47.51
1791119100000,789.18,789.18,788.75,788.77,83.316
1791119160000,788.78,789.07,788.77,789.07,31.435
1791119220000,789.07,789.15,789.02,789.03,41.653
1791119280000,789.03,789.26,788.93,789.22,21.55
1791119340000,789.21,789.42,789.13,789.39,69.532
1791119400000,789.39,789.39,789.2,789.21,35.924
1791119460000,789.21,789.4,789.19,789.4,33.769
1791119520000,789.4,789.68,789.32,789.68,39.528
1791119580000,789.69,790.3,789.68,790.29,449.934
1791119640000,790.27,790.27,790.18,790.21,54.366
1791119700000,790.21,790.3,790.09,790.1,135.74
1791119760000,790.1,790.52,790.1,790.52,83.344
1791119820000,790.52,790.6,790.51,790.59,39.13
1791119880000,790.59,790.7,790.53,790.55,45.513
1791119940000,790.55,790.64,790.34,790.34,141.045
1791120000000,790.34,790.36,790.22,790.35,51.063
1791120060000,790.35,790.63,790.35,790.48,85.377
1791120120000,790.49,790.52,790.48,790.52,35.632
1791120180000,790.52,790.52,790.08,790.24,27.646
1791120240000,790.24,790.34,790.24,790.34,21.059
1791120300000,790.33,790.34,790.25,790.26,22.124
1791120360000,790.26,790.26,790.0,790.0,60.939
1791120420000,790.0,790.14,789.77,790.14,54.336
1791120480000,790.14,790.22,790.08,790.09,25.321
1791120540000,790.09,790.2,790.08,790.19,27.831
1791120600000,790.18,790.29,790.18,790.28,18.69
1791120660000,790.27,790.29,790.27,790.29,21.154
1791120720000,790.29,790.32,790.28,790.31,41.387
1791120780000,790.32,790.32,790.07,790.11,53.434
1791120840000,790.12,790.28,790.01,790.01,36.13
1791120900000,790.0,790.0,789.63,789.66,69.099
1791120960000,789.65,790.27,789.65,790.27,106.158
1791121020000,790.27,790.31,790.17,790.3,61.903
1791121080000,790.3,790.33,790.16,790.21,62.218
1791121140000,790.2,790.2,790.07,790.07,10.445
1791121200000,790.07,790.07,789.79,789.8,13.622
1791121260000,789.79,789.93,789.79,789.86,33.37
1791121320000,789.86,789.88,789.85,789.87,8.054
1791121380000,789.87,790.1,789.87,790.01,55.501
1791121440000,790.01,790.01,789.85,789.85,24.15
1791121500000,789.86,789.86,789.8,789.81,21.49
1791121560000,789.8,790.1,789.8,790.1,43.059
1791121620000,790.1,790.1,789.9,789.9,19.231
1791121680000,789.9,790.06,789.9,790.06,5.788
1791121740000,790.06,790.32,790.06,790.29,50.163
1791121800000,790.28,790.29,789.95,789.95,37.214
1791121860000,789.94,789.95,789.86,789.87,32.11
1791121920000,789.87,790.1,789.87,790.09,8.575
1791121980000,790.1,790.1,790.02,790.02,12.043
1791122040000,790.02,790.03,789.89,789.89,29.63
1791122100000,789.9,789.9,789.85,789.89,14.009
1791122160000,789.89,789.9,789.79,789.8,14.495
1791122220000,789.8,789.8,789.42,789.43,39.66
1791122280000,789.43,789.43,789.35,789.36,12.937
1791122340000,789.36,789.45,789.35,789.44,15.884
1791122400000,789.45,789.68,789.37,789.38,48.675
1791122460000,789.38,789.38,789.37,789.38,8.897
1791122520000,789.38,789.49,788.8,788.8,49.004
1791122580000,788.8,788.8,788.62,788.75,22.781
1791122640000,788.75,788.85,788.64,788.64,18.286
1791122700000,788.63,788.64,788.45,788.48,44.162
1791122760000,788.47,788.48,788.16,788.2,63.098
1791122820000,788.21,788.3,787.6,787.61,173.827
1791122880000,787.61,788.12,787.6,787.99,64.656
1791122940000,787.98,788.09,787.88,787.88,118.201
1791123000000,787.88,787.93,787.37,787.45,75.472
1791123060000,787.46,787.62,787.16,787.16,62.93
1791123120000,787.16,787.51,787.16,787.26,75.085
1791123180000,787.26,787.44,787.25,787.44,46.096
1791123240000,787.44,787.59,787.42,787.42,54.29
1791123300000,787.42,787.43,785.42,786.13,487.21
1791123360000,786.14,786.78,786.14,786.62,108.523
1791123420000,786.63,786.63,786.45,786.45,72.161
1791123480000,786.45,786.61,786.4,786.52,99.814
1791123540000,786.52,786.55,786.36,786.37,18.976
1791123600000,786.36,786.53,786.24,786.4,23.482
1791123660000,786.4,786.57,786.39,786.43,59.593
1791123720000,786.44,786.55,786.11,786.55,80.246
1791123780000,786.54,786.71,786.54,786.65,32.904
1791123840000,786.65,786.72,786.65,786.71,11.862
1791123900000,786.71,786.72,786.65,786.7,38.155
1791123960000,786.71,786.72,786.56,786.59,41.889
1791124020000,786.6,787.09,786.6,787.09,36.758
1791124080000,787.09,787.09,786.74,786.8,20.644
1791124140000,786.79,787.09,786.79,787.09,11.229
1791124200000,787.09,787.16,786.97,787.15,25.71
1791124260000,787.16,787.42,787.15,787.36,32.191
1791124320000,787.36,787.5,787.22,787.33,20.944
1791124380000,787.34,787.43,787.19,787.2,29.197
1791124440000,787.2,787.29,787.2,787.24,17.415
1791124500000,787.23,787.46,787.23,787.46,14.303
1791124560000,787.47,787.47,786.9,786.9,30.76
1791124620000,786.89,786.89,786.61,786.61,14.23
1791124680000,786.61,786.62,786.52,786.62,15.703
1791124740000,786.61,786.96,786.61,786.95,13.965
1791124800000,786.96,786.96,786.95,786.96,4.338
1791124860000,786.96,786.96,786.86,786.91,39.371
1791124920000,786.92,786.96,786.6,786.67,89.364
1791124980000,786.66,786.67,786.61,786.62,25.616
1791125040000,786.62,786.62,786.54,786.55,19.706
1791125100000,786.55,786.55,786.54,786.55,7.616
1791125160000,786.55,786.55,786.36,786.36,62.011
1791125220000,786.37,786.5,786.16,786.32,86.158
1791125280000,786.32,786.53,786.23,786.23,24.317
1791125340000,786.23,786.3,786.07,786.29,26.234
1791125400000,786.3,786.3,786.15,786.29,35.177
1791125460000,786.29,786.55,786.28,786.55,116.089
1791125520000,786.54,787.09,786.54,787.08,46.897
1791125580000,787.09,787.09,786.86,786.87,16.089
1791125640000,786.87,786.97,786.86,786.97,13.947
1791125700000,786.97,787.17,786.97,787.16,21.056
1791125760000,787.17,787.2,787.05,787.05,38.237
1791125820000,787.05,787.06,786.97,786.97,22.512
1791125880000,786.97,787.04,786.96,786.97,22.919
1791125940000,786.96,787.16,786.96,787.15,12.654
1791126000000,787.16,787.16,787.15,787.15,10.213
1791126060000,787.16,787.17,787.04,787.17,31.917
1791126120000,787.17,787.38,787.17,787.32,44.724
1791126180000,787.32,787.71,787.31,787.7,160.044
1791126240000,787.71,788.16,787.59,787.64,66.349
1791126300000,787.65,787.65,787.44,787.63,40.168
1791126360000,787.63,787.8,787.47,787.69,50.142
1791126420000,787.7,787.96,787.7,787.73,16.109
1791126480000,787.73,787.73,787.46,787.46,38.593
1791126540000,787.47,787.57,787.46,787.49,9.22
1791126600000,787.49,787.55,787.45,787.55,17.675
1791126660000,787.56,787.8,787.56,787.8,15.087
1791126720000,787.8,787.8,787.65,787.65,32.98
1791126780000,787.66,787.84,787.65,787.84,19.515
1791126840000,787.84,787.94,787.83,787.89,24.23
1791126900000,787.9,787.9,787.64,787.64,48.922
1791126960000,787.63,787.64,787.56,787.56,15.313
1791127020000,787.57,787.83,787.56,787.67,61.411
1791127080000,787.66,787.7,787.48,787.68,136.9
1791127140000,787.68,788.15,787.68,788.1,90.328
1791127200000,788.11,788.38,787.97,788.38,157.675
1791127260000,788.37,788.64,788.23,788.24,68.584
1791127320000,788.24,788.24,788.19,788.24,36.798
1791127380000,788.23,788.32,788.01,788.01,29.578
1791127440000,788.0,788.01,787.75,787.79,19.244
1791127500000,787.79,787.88,787.62,787.62,19.742
1791127560000,787.61,787.61,787.5,787.6,27.36
1791127620000,787.6,787.84,787.42,787.84,61.251
1791127680000,787.83,787.83,787.77,787.78,10.406
1791127740000,787.78,787.78,787.5,787.51,28.542
1791127800000,787.51,787.6,787.45,787.54,18.465
1791127860000,787.54,787.6,787.47,787.6,15.598
1791127920000,787.6,787.6,787.45,787.45,25.935
1791127980000,787.45,787.45,787.28,787.45,19.406
1791128040000,787.45,787.45,787.4,787.4,10.072
1791128100000,787.39,787.39,787.33,787.34,29.267
1791128160000,787.34,787.34,787.14,787.14,24.034
1791128220000,787.15,787.15,787.0,787.0,25.133
1791128280000,787.0,787.01,786.87,787.0,94.062
1791128340000,787.01,787.03,787.0,787.02,21.074
1791128400000,787.02,787.07,787.02,787.07,28.945
1791128460000,787.07,787.25,787.07,787.16,47.918
1791128520000,787.16,787.16,787.15,787.16,24.286
1791128580000,787.16,787.18,787.15,787.17,14.552
1791128640000,787.17,787.22,787.17,787.22,19.27
1791128700000,787.22,787.34,787.21,787.34,11.899
1791128760000,787.34,787.58,787.33,787.58,28.94
1791128820000,787.58,787.67,787.58,787.67,14.009
1791128880000,787.68,787.96,787.68,787.83,58.39
1791128940000,787.83,787.84,787.48,787.48,36.752
1791129000000,787.49,787.49,787.38,787.39,5.917
1791129060000,787.39,787.48,787.39,787.47,28.506
1791129120000,787.48,787.5,787.4,787.41,23.706
1791129180000,787.41,787.41,787.4,787.41,16.258
1791129240000,787.4,787.6,787.4,787.48,78.461
1791129300000,787.48,787.48,787.47,787.48,8.829
1791129360000,787.48,787.48,787.47,787.47,18.987
1791129420000,787.47,787.48,787.47,787.47,21.406
1791129480000,787.47,787.48,787.47,787.48,38.692
1791129540000,787.48,787.48,787.14,787.14,55.59
1791129600000,787.15,787.39,787.14,787.39,17.201
1791129660000,787.39,787.6,787.13,787.13,77.664
1791129720000,787.13,787.16,786.7,786.72,56.446
1791129780000,786.71,786.78,786.46,786.46,30.658
1791129840000,786.47,786.78,786.46,786.77,29.431
1791129900000,786.78,786.78,786.53,786.54,15.521
1791129960000,786.54,786.54,786.52,786.52,20.633
1791130020000,786.52,786.54,786.52,786.53,31.396
1791130080000,786.54,786.91,786.54,786.91,7.022
1791130140000,786.92,787.4,786.92,787.39,19.211
1791130200000,787.4,788.01,787.39,787.83,100.783
1791130260000,787.82,787.83,787.74,787.82,52.03
1791130320000,787.82,788.03,787.82,788.03,31.154
1791130380000,788.02,788.13,788.02,788.13,33.14
1791130440000,788.14,788.48,788.1,788.47,51.736
1791130500000,788.48,788.48,788.22,788.29,28.631
1791130560000,788.29,788.29,788.12,788.19,19.927
1791130620000,788.2,788.2,787.65,787.74,39.221
1791130680000,787.75,788.18,787.75,788.14,32.04
1791130740000,788.14,788.15,788.1,788.13,27.331
1791130800000,788.13,788.71,788.13,788.71,62.208
1791130860000,788.7,788.74,788.55,788.62,5.765
1791130920000,788.62,788.62,788.55,788.56,7.713
1791130980000,788.56,788.62,788.22,788.62,29.06
1791131040000,788.61,788.91,788.51,788.77,55.99
1791131100000,788.77,788.77,788.56,788.67,11.094
1791131160000,788.67,788.7,788.61,788.61,14.86
1791131220000,788.62,788.62,788.59,788.59,13.732
1791131280000,788.6,788.7,788.6,788.66,29.552
1791131340000,788.67,788.67,788.66,788.66,8.453
1791131400000,788.67,789.0,788.55,788.99,30.455
1791131460000,789.0,789.0,788.96,788.97,6.184
1791131520000,788.97,789.19,788.96,789.04,39.82
1791131580000,789.04,789.04,788.85,788.89,24.179
1791131640000,788.89,788.98,788.83,788.98,31.13
1791131700000,788.99,789.0,788.62,788.65,75.474
1791131760000,788.65,789.03,788.54,789.03,45.788
1791131820000,789.03,789.28,789.03,789.27,22.785
1791131880000,789.28,789.28,788.6,788.65,55.053
1791131940000,788.66,788.85,788.65,788.82,22.473
1791132000000,788.83,788.83,788.77,788.77,11.643
1791132060000,788.77,789.13,788.77,789.12,30.797
1791132120000,789.13,789.31,788.95,789.25,92.039
1791132180000,789.25,789.25,789.24,789.24,4.714
1791132240000,789.25,789.25,788.81,788.82,101.414
1791132300000,788.82,788.99,788.77,788.99,15.196
1791132360000,788.99,788.99,788.5,788.51,19.325
1791132420000,788.51,788.73,788.51,788.73,15.979
1791132480000,788.74,788.83,788.73,788.82,14.025
1791132540000,788.83,789.31,788.82,789.23,46.778
1791132600000,789.23,789.23,788.76,788.77,39.864
1791132660000,788.77,789.05,788.77,788.9,91.903
1791132720000,788.9,788.96,788.72,788.72,37.067
1791132780000,788.72,788.73,788.54,788.54,38.847
1791132840000,788.55,788.55,788.54,788.54,21.049
1791132900000,788.55,788.79,788.54,788.79,12.998
1791132960000,788.79,789.0,788.78,788.99,8.266
1791133020000,789.0,789.0,788.93,788.94,10.053
1791133080000,788.94,788.94,788.72,788.91,27.505
1791133140000,788.91,788.92,788.67,788.67,20.596
1791133200000,788.67,788.84,788.66,788.84,21.37
1791133260000,788.84,788.84,788.79,788.79,15.027
1791133320000,788.77,788.85,788.75,788.85,15.761
1791133380000,788.84,788.85,788.8,788.8,10.96
1791133440000,788.81,789.15,788.8,789.15,26.139
1791133500000,789.14,789.35,789.14,789.35,6.99
1791133560000,789.34,789.34,789.31,789.32,13.351
1791133620000,789.32,789.32,789.0,789.01,17.579
1791133680000,789.01,789.01,788.75,788.95,34.243
1791133740000,788.96,788.97,788.54,788.54,62.623
1791133800000,788.53,788.53,788.43,788.44,21.563
1791133860000,788.43,788.44,788.32,788.41,65.34
1791133920000,788.41,788.43,788.32,788.42,18.952
1791133980000,788.43,788.55,788.41,788.55,36.361
1791134040000,788.55,788.64,788.55,788.64,10.139
1791134100000,788.64,788.71,788.63,788.71,9.554
1791134160000,788.71,788.84,788.71,788.84,13.114
1791134220000,788.83,788.94,788.83,788.94,53.186
1791134280000,788.93,788.93,788.8,788.8,23.081
1791134340000,788.8,788.84,788.55,788.83,18.683
1791134400000,788.83,788.84,788.83,788.83,9.207
1791134460000,788.83,788.84,788.83,788.84,18.441
1791134520000,788.84,788.84,788.5,788.51,72.344
1791134580000,788.51,788.91,788.51,788.89,15.208
1791134640000,788.88,788.98,788.87,788.97,4.834
1791134700000,788.97,789.07,788.95,789.05,52.791
1791134760000,789.04,789.1,789.04,789.05,10.111
1791134820000,789.04,789.29,789.04,789.25,85.489
1791134880000,789.25,789.25,789.17,789.19,55.989
1791134940000,789.19,789.19,789.18,789.19,6.092
1791135000000,789.18,789.32,789.18,789.32,9.519
1791135060000,789.32,789.36,789.32,789.35,10.194
1791135120000,789.36,789.36,789.13,789.13,32.187
1791135180000,789.14,789.14,789.1,789.1,6.283
1791135240000,789.09,789.09,788.99,789.0,2.948
1791135300000,788.99,789.11,788.99,789.0,60.664
1791135360000,789.0,789.0,788.8,788.93,59.431
1791135420000,788.94,788.94,788.89,788.94,28.352
1791135480000,788.94,788.94,788.54,788.59,14.698
1791135540000,788.59,788.84,788.59,788.72,29.988
1791135600000,788.73,788.73,788.72,788.72,23.563
1791135660000,788.73,788.73,788.62,788.63,3.862
1791135720000,788.63,788.7,788.5,788.6,18.832
1791135780000,788.61,788.61,788.5,788.51,8.879
1791135840000,788.51,788.94,788.51,788.93,25.069
1791135900000,788.94,788.99,788.69,788.99,40.668
1791135960000,789.0,789.08,789.0,789.01,5.048
1791136020000,789.0,789.04,788.99,789.03,7.678
1791136080000,789.03,789.04,788.64,788.64,7.535
1791136140000,788.63,788.87,788.63,788.87,8.976
1791136200000,788.86,788.86,788.68,788.69,18.83
1791136260000,788.68,788.72,788.68,788.72,15.063
1791136320000,788.71,788.72,788.53,788.54,11.351
1791136380000,788.54,788.6,788.5,788.5,32.05
1791136440000,788.5,788.5,788.23,788.23,70.482
1791136500000,788.24,788.34,788.23,788.29,6.623
1791136560000,788.29,788.29,788.28,788.28,6.2
1791136620000,788.29,788.4,788.24,788.24,11.104
1791136680000,788.24,788.35,788.23,788.34,10.022
1791136740000,788.34,788.43,788.34,788.34,10.132
1791136800000,788.35,788.45,788.27,788.33,10.283
1791136860000,788.34,788.34,788.3,788.31,4.897
1791136920000,788.31,788.47,788.18,788.47,11.857
1791136980000,788.47,788.68,788.47,788.67,13.503
1791137040000,788.67,788.67,788.54,788.55,11.279
1791137100000,788.55,788.65,788.55,788.65,18.371
1791137160000,788.65,788.65,788.6,788.61,3.956
1791137220000,788.61,788.67,788.6,788.67,17.667
1791137280000,788.67,788.67,788.66,788.66,3.386
1791137340000,788.67,788.67,788.66,788.67,5.622
1791137400000,788.67,788.67,788.55,788.66,21.429
1791137460000,788.66,788.66,788.65,788.65,4.767
1791137520000,788.65,788.66,788.65,788.66,14.947
1791137580000,788.66,788.66,788.61,788.61,14.885
1791137640000,788.62,788.79,788.61,788.79,38.315
1791137700000,788.79,788.87,788.79,788.87,13.685
1791137760000,788.87,788.99,788.87,788.98,16.425
1791137820000,788.99,788.99,788.83,788.93,19.148
1791137880000,788.94,789.23,788.94,789.23,10.225
1791137940000,789.23,789.31,789.06,789.06,16.142
1791138000000,789.07,789.22,789.06,789.22,18.161
1791138060000,789.22,789.24,789.07,789.07,30.767
1791138120000,789.08,789.08,789.07,789.08,2.943
1791138180000,789.07,789.08,788.93,788.94,12.227
1791138240000,788.94,788.94,788.93,788.94,1.871
1791138300000,788.93,789.0,788.93,789.0,9.889
1791138360000,788.99,789.01,788.99,789.01,10.001
1791138420000,789.0,789.0,788.99,788.99,3.613
1791138480000,789.0,789.0,788.99,788.99,7.661
1791138540000,788.99,789.01,788.99,789.0,4.016
1791138600000,789.0,789.05,789.0,789.05,8.509
1791138660000,789.05,789.05,788.8,789.03,22.198
1791138720000,789.03,789.11,789.03,789.09,45.467
1791138780000,789.08,789.08,788.4,788.41,38.731
1791138840000,788.41,788.42,788.29,788.42,11.61
1791138900000,788.42,788.63,788.41,788.62,4.53
1791138960000,788.63,788.9,788.62,788.9,13.26
1791139020000,788.89,788.89,788.82,788.82,24.533
1791139080000,788.82,788.83,788.77,788.78,16.128
1791139140000,788.77,788.78,788.77,788.78,4.017
1791139200000,788.77,788.9,788.77,788.89,14.897
1791139260000,788.9,789.01,788.89,789.01,38.976
1791139320000,789.01,789.03,788.93,789.03,7.335
1791139380000,789.04,789.04,788.96,788.97,25.773
1791139440000,788.96,788.97,788.96,788.97,6.868
1791139500000,788.97,788.97,788.88,788.88,6.682
1791139560000,788.89,788.89,788.88,788.88,3.438
1791139620000,788.89,788.89,788.87,788.88,2.686
1791139680000,788.88,788.88,788.78,788.78,7.737
1791139740000,788.79,788.89,788.77,788.88,2.571
1791139800000,788.88,788.91,788.85,788.85,4.751
1791139860000,788.85,788.85,788.78,788.82,7.688
1791139920000,788.83,788.83,788.82,788.83,2.491
1791139980000,788.82,788.83,788.82,788.82,5.976
1791140040000,788.83,788.9,788.83,788.89,7.161
1791140100000,788.9,788.9,788.89,788.89,1.952
1791140160000,788.9,789.28,788.89,789.27,22.65
1791140220000,789.28,789.28,789.24,789.25,6.852
1791140280000,789.25,789.25,789.24,789.24,3.319
1791140340000,789.25,789.28,789.02,789.27,49.58
1791140400000,789.28,789.38,789.27,789.34,118.682
1791140460000,789.34,789.58,789.22,789.54,93.682
1791140520000,789.54,789.54,789.43,789.44,5.613
1791140580000,789.43,789.44,789.43,789.44,2.774
1791140640000,789.44,789.64,789.43,789.64,14.784
1791140700000,789.64,789.64,789.59,789.6,2.75
1791140760000,789.6,789.6,789.38,789.38,13.867
1791140820000,789.39,789.39,788.75,788.82,83.242
1791140880000,788.83,788.86,788.82,788.86,6.125
1791140940000,788.86,788.86,788.69,788.84,27.568
1791141000000,788.84,788.86,788.78,788.8,16.626
1791141060000,788.8,788.83,788.8,788.82,19.993
1791141120000,788.83,788.83,788.8,788.81,3.378
1791141180000,788.81,788.96,788.8,788.96,5.153
1791141240000,788.96,789.0,788.92,788.92,10.286
1791141300000,788.92,788.98,788.91,788.97,24.74
1791141360000,788.98,789.09,788.97,789.09,6.432
1791141420000,789.09,789.1,789.09,789.1,9.312
1791141480000,789.1,789.1,789.09,789.09,4.827
1791141540000,789.1,789.11,789.09,789.1,5.192
1791141600000,789.11,789.11,789.1,789.11,3.365
1791141660000,789.11,789.11,789.1,789.11,4.258
1791141720000,789.11,789.11,788.88,788.89,21.38
1791141780000,788.89,788.89,788.88,788.89,7.064
1791141840000,788.88,788.88,788.8,788.86,4.406
1791141900000,788.86,789.09,788.86,789.03,37.873
1791141960000,789.03,789.03,788.96,788.96,1.274
1791142020000,788.96,789.02,788.96,789.02,7.931
1791142080000,789.01,789.02,788.98,788.99,9.47
1791142140000,788.98,788.99,788.98,788.99,4.731
1791142200000,788.98,789.09,788.98,789.09,2.98
1791142260000,789.09,789.41,789.08,789.41,20.617
1791142320000,789.41,789.41,789.11,789.11,4.435
1791142380000,789.11,789.4,789.11,789.4,19.834
1791142440000,789.39,789.7,789.39,789.66,18.599
1791142500000,789.66,789.78,789.65,789.74,42.747
1791142560000,789.74,789.74,789.67,789.69,7.759
1791142620000,789.68,789.69,789.56,789.56,9.89
1791142680000,789.56,789.56,789.2,789.21,19.197
1791142740000,789.21,789.36,789.21,789.35,3.061
1791142800000,789.36,789.39,789.06,789.07,26.053
1791142860000,789.07,789.26,789.06,789.08,80.424
1791142920000,789.08,789.13,788.96,788.97,3.84
1791142980000,788.97,789.32,788.97,789.14,57.339
1791143040000,789.14,789.24,789.02,789.24,35.146
1791143100000,789.25,789.29,789.25,789.28,9.369
1791143160000,789.29,789.34,789.28,789.32,14.448
1791143220000,789.33,789.34,789.32,789.34,4.757
1791143280000,789.33,789.42,789.33,789.42,6.625
1791143340000,789.41,789.42,789.41,789.41,1.872
1791143400000,789.41,789.42,789.18,789.3,31.667
1791143460000,789.29,789.41,789.29,789.41,7.987
1791143520000,789.4,789.43,789.4,789.42,27.889
1791143580000,789.43,789.43,789.42,789.43,0.74
1791143640000,789.43,789.47,789.43,789.46,3.923
1791143700000,789.46,789.54,789.36,789.37,31.246
1791143760000,789.37,789.37,789.36,789.37,9.014
1791143820000,789.37,789.37,789.36,789.37,3.917
1791143880000,789.37,789.37,789.34,789.36,13.512
1791143940000,789.36,789.53,789.35,789.52,25.773
1791144000000,789.53,789.53,789.2,789.2,66.232
1791144060000,789.21,789.35,789.2,789.21,11.711
1791144120000,789.21,789.47,789.18,789.45,33.255
1791144180000,789.44,789.45,789.42,789.43,6.238
1791144240000,789.43,789.49,789.42,789.48,8.972
1791144300000,789.48,789.48,789.19,789.19,12.774
1791144360000,789.18,789.31,789.15,789.3,35.153
1791144420000,789.3,789.31,789.22,789.23,38.283
1791144480000,789.23,789.3,789.22,789.3,7.14
1791144540000,789.3,789.3,789.29,789.3,8.029
1791144600000,789.29,789.34,789.29,789.34,11.644
1791144660000,789.34,789.34,788.95,789.12,57.667
1791144720000,789.12,789.64,789.12,789.59,27.393
1791144780000,789.6,789.64,789.6,789.64,5.201
1791144840000,789.64,789.75,789.63,789.75,2.315
1791144900000,789.74,789.99,789.74,789.99,18.275
1791144960000,789.99,789.99,789.98,789.99,7.12
1791145020000,789.98,789.99,789.98,789.99,2.98
1791145080000,789.99,790.02,789.98,790.02,89.995
1791145140000,790.01,790.1,789.97,790.1,28.66
1791145200000,790.1,790.26,790.09,790.26,5.504
1791145260000,790.26,790.26,790.25,790.26,5.516
1791145320000,790.25,790.3,790.09,790.3,68.614
1791145380000,790.29,790.34,790.29,790.34,5.051
1791145440000,790.35,790.35,790.34,790.34,12.341
1791145500000,790.35,790.35,790.23,790.24,10.85
1791145560000,790.23,790.23,789.84,789.88,66.587
1791145620000,789.89,789.94,789.89,789.94,10.439
1791145680000,789.94,790.29,789.93,790.22,23.395
1791145740000,790.22,790.23,790.22,790.23,1.221
1791145800000,790.23,790.23,789.95,789.96,27.798
1791145860000,789.95,789.95,789.71,789.71,27.422
1791145920000,789.71,790.0,789.7,789.9,54.743
1791145980000,789.89,790.16,789.84,790.15,33.666
1791146040000,790.16,790.26,790.15,790.26,7.063
1791146100000,790.25,790.41,790.25,790.38,37.178
1791146160000,790.38,790.38,790.37,790.38,1.672
1791146220000,790.38,790.49,790.35,790.4,23.741
1791146280000,790.4,790.5,790.01,790.07,49.198
1791146340000,790.06,790.26,790.06,790.26,7.155
1791146400000,790.26,790.26,790.25,790.26,0.87
1791146460000,790.26,790.26,790.13,790.17,21.344
1791146520000,790.17,790.4,790.04,790.38,80.94
1791146580000,790.38,790.89,790.37,790.89,47.292
1791146640000,790.89,790.89,790.88,790.88,13.477
1791146700000,790.88,791.0,790.8,790.99,315.509
1791146760000,790.98,791.61,790.98,791.43,901.69
1791146820000,791.43,791.87,791.42,791.72,78.593
1791146880000,791.72,791.77,791.64,791.74,8.906
1791146940000,791.73,791.73,791.1,791.11,39.195
1791147000000,791.11,791.32,791.11,791.25,53.351
1791147060000,791.24,791.3,791.22,791.23,12.517
1791147120000,791.22,791.67,791.22,791.67,17.334
1791147180000,791.67,791.84,791.43,791.43,44.474
1791147240000,791.44,791.55,791.44,791.52,23.957
1791147300000,791.53,791.56,791.28,791.52,13.696
1791147360000,791.52,791.72,791.42,791.72,35.652
1791147420000,791.72,791.72,791.51,791.67,53.894
1791147480000,791.67,791.83,791.66,791.82,28.223
1791147540000,791.82,791.83,791.68,791.77,16.608
1791147600000,791.77,792.49,791.77,791.92,96.241
1791147660000,791.92,791.92,791.59,791.69,46.878
1791147720000,791.7,792.06,791.6,792.06,33.218
1791147780000,792.07,792.33,792.07,792.17,22.251
1791147840000,792.17,792.17,792.01,792.02,8.13
1791147900000,792.01,792.01,791.91,791.96,18.143
1791147960000,791.96,791.96,791.64,791.81,30.783
1791148020000,791.81,791.98,791.8,791.98,19.726
1791148080000,791.98,792.32,791.97,792.32,17.83
1791148140000,792.32,792.54,792.28,792.44,29.9
1791148200000,792.45,793.93,792.44,793.55,228.196
1791148260000,793.55,795.8,793.53,795.14,517.932
1791148320000,795.13,795.52,794.84,795.19,143.33
1791148380000,795.19,795.27,794.13,794.29,115.381
1791148440000,794.29,794.32,793.89,793.89,23.326
1791148500000,793.88,793.88,793.43,793.43,38.86
1791148560000,793.42,793.65,793.28,793.58,79.905
1791148620000,793.58,793.58,792.87,792.87,67.288
1791148680000,792.87,792.93,792.71,792.71,6.125
1791148740000,792.71,792.71,792.34,792.34,33.841
1791148800000,792.35,792.46,792.12,792.13,37.008
1791148860000,792.14,792.45,791.92,792.19,31.988
1791148920000,792.19,792.83,792.11,792.83,233.141
1791148980000,792.84,793.04,792.83,793.04,39.117
1791149040000,793.04,793.08,792.94,793.08,27.337
1791149100000,793.08,793.56,793.08,793.41,44.805
1791149160000,793.41,793.56,793.4,793.43,12.977
1791149220000,793.43,793.56,793.43,793.48,8.766
1791149280000,793.46,793.51,793.46,793.5,22.242
1791149340000,793.5,793.5,793.14,793.15,55.277
1791149400000,793.14,793.54,793.13,793.54,101.41
1791149460000,793.55,793.58,793.46,793.47,46.529
1791149520000,793.47,793.64,793.46,793.63,22.936
1791149580000,793.64,793.68,793.59,793.59,29.854
1791149640000,793.59,793.64,793.59,793.64,18.964
1791149700000,793.64,793.67,793.63,793.67,35.661
1791149760000,793.67,793.95,793.67,793.95,14.475
1791149820000,793.95,794.2,793.94,794.2,35.168
1791149880000,794.19,794.19,793.82,794.0,8.885
1791149940000,794.0,794.0,793.89,793.95,19.612
1791150000000,793.94,794.0,793.83,793.97,50.201
1791150060000,793.97,794.0,793.61,793.61,20.172
1791150120000,793.6,793.61,793.59,793.6,15.344
1791150180000,793.6,793.88,793.59,793.88,18.401
1791150240000,793.88,793.88,793.64,793.73,16.472
1791150300000,793.74,794.0,793.74,794.0,5.964
1791150360000,793.99,794.28,793.99,794.27,41.337
1791150420000,794.27,794.5,794.17,794.18,34.354
1791150480000,794.18,794.35,794.12,794.19,7.477
1791150540000,794.2,794.2,793.99,794.1,103.592
1791150600000,794.11,794.26,794.1,794.26,13.108
1791150660000,794.26,794.3,794.21,794.22,7.029
1791150720000,794.21,794.33,794.2,794.24,8.804
1791150780000,794.24,794.3,793.76,793.76,49.326
1791150840000,793.76,793.77,793.54,793.54,16.048
1791150900000,793.54,793.62,793.14,793.14,18.785
1791150960000,793.15,793.15,793.07,793.07,9.78
1791151020000,793.07,793.07,792.8,792.81,5.884
1791151080000,792.8,792.8,792.68,792.78,50.917
1791151140000,792.78,792.79,792.52,792.65,35.286
1791151200000,792.65,793.79,792.65,793.6,28.361
1791151260000,793.61,793.72,793.41,793.52,13.779
1791151320000,793.52,795.15,793.52,794.36,310.692
1791151380000,794.36,794.82,793.4,794.73,208.109
1791151440000,794.73,795.34,794.64,795.18,26.908
1791151500000,795.18,795.18,794.25,794.75,63.515
1791151560000,794.75,795.5,794.75,795.15,75.768
1791151620000,795.15,795.15,794.56,794.56,11.818
1791151680000,794.55,794.61,794.28,794.61,28.21
1791151740000,794.63,794.96,794.6,794.6,13.82
1791151800000,794.59,794.59,794.12,794.14,12.191
1791151860000,794.13,794.5,793.97,794.41,40.468
1791151920000,794.4,794.41,794.25,794.28,26.33
1791151980000,794.27,795.05,794.27,794.96,12.825
1791152040000,794.95,795.33,794.75,794.96,35.271
1791152100000,794.96,797.52,794.71,796.14,2673.091
1791152160000,796.15,797.89,796.15,796.97,457.67
1791152220000,796.97,797.15,796.37,796.61,107.377
1791152280000,796.6,796.99,796.18,796.54,635.849
1791152340000,796.54,796.56,796.08,796.08,217.531
1791152400000,796.08,796.4,796.0,796.06,396.701
1791152460000,796.06,796.2,795.24,796.08,793.585
1791152520000,796.08,796.09,795.57,795.9,152.514
1791152580000,795.89,795.89,795.25,795.44,35.287
1791152640000,795.45,795.65,795.27,795.37,54.847
1791152700000,795.37,796.07,795.29,796.07,28.534
1791152760000,796.08,796.21,795.32,796.21,546.152
1791152820000,796.21,796.23,795.82,796.02,66.898
1791152880000,796.01,796.01,795.71,795.81,61.271
1791152940000,795.82,795.82,795.71,795.72,827.191
1791153000000,795.72,795.87,795.09,795.73,2387.965
1791153060000,795.74,795.81,794.95,795.1,89.791
1791153120000,795.11,795.65,795.02,795.42,62.937
1791153180000,795.41,795.44,795.01,795.07,40.728
1791153240000,795.07,795.67,795.07,795.65,50.239
1791153300000,795.66,796.05,795.65,795.87,162.462
1791153360000,795.88,796.48,795.88,796.39,27.107
1791153420000,796.41,796.48,795.95,795.95,30.376
1791153480000,795.96,796.03,795.43,795.6,61.263
1791153540000,795.6,795.89,795.26,795.28,39.49
1791153600000,795.29,795.53,795.25,795.36,58.398
1791153660000,795.36,795.77,795.36,795.76,19.818
1791153720000,795.77,796.1,795.77,796.1,121.59
1791153780000,796.11,796.21,796.04,796.04,19.193
1791153840000,796.04,796.04,795.8,795.8,11.842
1791153900000,795.8,795.8,795.5,795.51,30.895
1791153960000,795.49,795.51,795.49,795.51,15.119
1791154020000,795.51,795.51,795.12,795.46,26.573
1791154080000,795.46,795.47,794.65,794.91,521.358
1791154140000,794.91,794.91,794.69,794.69,6.983
1791154200000,794.69,794.99,794.68,794.69,95.603
1791154260000,794.69,794.69,794.54,794.68,89.262
1791154320000,794.69,795.2,794.68,795.2,55.187
1791154380000,795.19,795.49,795.18,795.49,4.64
1791154440000,795.49,795.53,795.39,795.52,15.256
1791154500000,795.52,795.52,795.44,795.45,20.338
1791154560000,795.45,795.83,795.45,795.66,33.859
1791154620000,795.65,795.65,795.32,795.33,18.57
1791154680000,795.33,795.38,795.22,795.38,19.565
1791154740000,795.38,795.43,795.37,795.43,17.389
1791154800000,795.43,796.21,795.42,795.93,69.859
1791154860000,795.93,795.96,795.7,795.83,16.971
1791154920000,795.83,795.86,795.48,795.48,14.618
1791154980000,795.48,795.57,795.37,795.46,15.228
1791155040000,795.45,795.64,795.34,795.62,42.422
1791155100000,795.61,795.62,795.11,795.19,58.109
1791155160000,795.18,795.2,794.9,794.9,48.406
1791155220000,794.9,794.9,794.5,794.51,22.357
1791155280000,794.51,795.44,794.51,795.44,156.579
1791155340000,795.44,795.82,795.44,795.52,26.382
1791155400000,795.59,796.18,795.59,795.93,123.76
1791155460000,795.93,795.93,795.64,795.85,15.409
1791155520000,795.85,796.04,795.63,795.84,57.101
1791155580000,795.83,796.24,795.83,796.24,77.364
1791155640000,796.24,796.38,796.23,796.37,42.349
1791155700000,796.38,796.55,796.28,796.55,92.781
1791155760000,796.54,797.08,796.54,797.05,159.127
1791155820000,797.05,797.34,796.8,796.8,139.963
1791155880000,796.81,797.02,796.3,796.3,64.839
1791155940000,796.3,796.8,796.29,796.71,30.874
1791156000000,796.71,796.85,796.63,796.68,39.183
1791156060000,796.68,796.77,796.22,796.35,71.267
1791156120000,796.35,796.35,795.99,795.99,28.17
1791156180000,795.98,795.98,795.73,795.8,65.929
1791156240000,795.81,796.0,795.81,795.91,38.514
1791156300000,795.91,796.03,795.91,796.03,8.974
1791156360000,796.03,796.44,796.02,796.39,18.334
1791156420000,796.39,796.58,796.04,796.4,56.33
1791156480000,796.41,796.6,796.28,796.28,46.004
1791156540000,796.27,796.28,796.08,796.09,38.442
1791156600000,796.08,796.25,796.02,796.24,28.688
1791156660000,796.25,796.48,795.93,795.93,21.627
1791156720000,795.93,795.93,795.57,795.8,53.657
1791156780000,795.81,796.08,795.81,795.82,13.093
1791156840000,795.82,795.82,795.42,795.42,24.557
1791156900000,795.41,795.41,794.95,794.98,57.572
1791156960000,794.99,795.09,794.74,794.87,141.23
1791157020000,794.86,794.93,794.83,794.92,43.143
1791157080000,794.91,794.91,794.61,794.62,48.844
1791157140000,794.62,794.7,794.61,794.63,10.748
1791157200000,794.64,795.08,794.63,795.08,35.625
1791157260000,795.07,795.08,794.8,794.8,10.879
1791157320000,794.79,795.08,794.64,795.08,44.844
1791157380000,795.07,795.36,795.07,795.14,53.093
1791157440000,795.14,795.38,795.14,795.37,23.613
1791157500000,795.37,795.37,794.94,794.99,45.442
1791157560000,794.99,795.26,794.99,795.21,153.845
1791157620000,795.21,795.39,795.21,795.39,17.205
1791157680000,795.39,795.39,795.3,795.31,4.021
1791157740000,795.3,795.33,795.12,795.33,29.388
1791157800000,795.33,795.49,795.14,795.49,13.849
1791157860000,795.49,795.72,795.49,795.55,15.12
1791157920000,795.55,795.71,795.4,795.48,11.035
1791157980000,795.47,795.48,795.24,795.4,51.236
1791158040000,795.4,795.43,795.26,795.43,40.46
1791158100000,795.43,795.43,795.42,795.43,3.253
1791158160000,795.42,795.49,795.14,795.3,21.833
1791158220000,795.31,795.47,795.31,795.47,31.521
1791158280000,795.48,795.48,795.27,795.27,13.916
1791158340000,795.27,795.43,795.19,795.43,186.464
1791158400000,795.42,795.43,795.21,795.21,20.338
1791158460000,795.21,795.21,794.27,794.35,72.165
1791158520000,794.34,794.58,793.58,793.6,160.508
1791158580000,793.61,794.26,793.61,793.99,136.667
1791158640000,793.99,794.7,793.99,794.7,31.325
1791158700000,794.71,794.82,794.55,794.56,34.79
1791158760000,794.56,794.82,794.56,794.81,5.866
1791158820000,794.82,794.82,794.6,794.61,27.557
1791158880000,794.61,794.96,794.6,794.92,54.928
1791158940000,794.91,794.91,794.54,794.54,73.948
1791159000000,794.54,795.0,794.44,795.0,14.938
1791159060000,795.0,795.16,794.83,794.83,25.928
1791159120000,794.83,794.83,794.14,794.28,49.153
1791159180000,794.28,794.65,794.13,794.65,41.645
1791159240000,794.67,794.74,794.47,794.57,5.783
1791159300000,794.57,795.14,794.56,795.04,57.594
1791159360000,795.04,795.16,794.79,794.89,25.166
1791159420000,794.89,795.09,794.89,794.98,10.534
1791159480000,794.98,794.99,794.45,794.83,343.486
1791159540000,794.83,795.31,794.78,795.21,140.803
1791159600000,795.22,795.31,794.98,795.25,29.012
1791159660000,795.25,795.43,794.9,794.9,24.796
1791159720000,794.88,794.88,794.45,794.6,31.59
1791159780000,794.6,794.85,794.55,794.74,56.864
1791159840000,794.72,794.72,794.53,794.63,68.79
1791159900000,794.63,794.63,793.96,793.96,108.905
1791159960000,793.96,794.18,793.7,793.72,59.146
1791160020000,793.71,793.87,793.62,793.8,15.619
1791160080000,793.8,794.0,793.29,793.36,107.343
1791160140000,793.38,793.51,793.38,793.5,24.845
1791160200000,793.51,793.62,793.5,793.57,64.306
1791160260000,793.57,793.57,793.13,793.36,40.645
1791160320000,793.36,793.75,793.3,793.75,13.52
1791160380000,793.75,794.14,793.6,794.14,23.161
1791160440000,794.15,794.15,793.88,793.89,27.43
1791160500000,793.89,794.05,793.74,794.05,15.362
1791160560000,794.06,794.1,793.71,793.83,190.56
1791160620000,793.82,793.83,793.49,793.5,16.082
1791160680000,793.5,793.68,793.5,793.64,27.528
1791160740000,793.64,793.95,793.64,793.94,20.457
1791160800000,793.94,794.28,793.94,794.27,20.364
1791160860000,794.27,794.42,794.16,794.42,27.164
1791160920000,794.42,794.82,794.31,794.82,53.95
1791160980000,794.81,794.99,794.49,794.62,27.28
1791161040000,794.61,794.9,794.55,794.9,10.61
1791161100000,794.89,794.89,794.47,794.48,21.155
1791161160000,794.48,794.88,794.47,794.75,59.62
1791161220000,794.76,794.82,794.63,794.81,47.689
1791161280000,794.82,795.28,794.82,795.1,21.156
1791161340000,795.11,795.32,794.93,795.32,68.301
1791161400000,795.32,795.32,795.02,795.18,49.504
1791161460000,795.17,796.0,795.17,795.72,72.699
1791161520000,795.71,795.92,795.62,795.92,9.051
1791161580000,795.92,796.1,795.82,795.86,30.825
1791161640000,795.84,795.85,795.63,795.84,14.679
1791161700000,795.84,796.12,795.8,796.12,53.795
1791161760000,796.11,796.37,796.11,796.12,32.982
1791161820000,796.12,796.26,796.12,796.26,6.041
1791161880000,796.28,796.7,796.25,796.65,50.204
1791161940000,796.65,796.7,796.64,796.7,36.187
1791162000000,796.7,796.7,796.0,796.0,75.968
1791162060000,796.0,796.0,795.55,795.7,132.393
1791162120000,795.72,795.8,795.42,795.54,26.216
1791162180000,795.54,795.66,795.42,795.43,27.256
1791162240000,795.43,795.99,795.43,795.9,38.44
1791162300000,795.89,795.92,795.73,795.89,32.637
1791162360000,795.9,796.0,795.76,795.77,6.595
1791162420000,795.78,795.78,795.52,795.53,17.217
1791162480000,795.53,795.92,795.42,795.92,24.606
1791162540000,795.92,795.92,795.66,795.66,11.335
1791162600000,795.66,795.88,795.51,795.87,18.685
1791162660000,795.88,796.5,795.83,796.5,83.49
1791162720000,796.5,796.64,796.21,796.32,7.683
1791162780000,796.32,796.78,796.31,796.78,19.894
1791162840000,796.78,797.43,796.77,797.38,75.228
1791162900000,797.38,797.47,796.82,796.83,48.242
1791162960000,796.82,796.98,796.68,796.98,233.618
1791163020000,797.0,798.0,797.0,798.0,151.372
1791163080000,798.0,799.89,797.9,798.35,1425.736
1791163140000,798.36,798.58,798.31,798.56,33.714
1791163200000,798.55,798.95,798.48,798.84,28.243
1791163260000,798.85,799.6,798.49,799.26,940.551
1791163320000,799.22,799.64,799.08,799.27,100.976
1791163380000,799.26,799.26,798.94,799.12,36.405
1791163440000,799.13,799.64,799.11,799.14,183.02
1791163500000,799.14,799.6,799.14,799.6,127.085
1791163560000,799.6,801.88,799.14,799.74,4224.816
1791163620000,799.71,799.82,799.42,799.67,132.354
1791163680000,799.67,800.16,799.67,799.98,124.219
1791163740000,799.97,800.16,799.61,799.62,26.389
1791163800000,799.62,799.62,798.49,798.49,180.917
1791163860000,798.49,798.5,797.24,797.25,107.392
1791163920000,797.25,797.53,797.06,797.51,100.975
1791163980000,797.49,797.49,797.06,797.19,58.222
1791164040000,797.19,797.19,796.87,797.01,43.678
1791164100000,797.0,797.47,796.9,797.46,64.666
1791164160000,797.46,798.21,797.46,798.14,73.941
1791164220000,798.12,798.4,797.95,798.17,104.512
1791164280000,798.17,798.4,797.6,797.95,299.176
1791164340000,797.96,797.97,797.64,797.82,53.909
1791164400000,797.82,798.07,797.71,798.07,33.554
1791164460000,798.07,798.5,798.06,798.44,86.893
1791164520000,798.43,798.5,798.27,798.49,54.15
1791164580000,798.48,798.52,798.48,798.52,35.859
1791164640000,798.51,798.97,798.51,798.9,74.954
1791164700000,798.89,799.52,798.89,799.36,29.12
1791164760000,799.36,800.4,799.36,800.39,170.259
1791164820000,800.39,800.93,800.35,800.78,115.447
1791164880000,800.77,800.86,800.59,800.74,91.86
1791164940000,800.75,800.91,800.41,800.41,99.688
1791165000000,800.41,800.42,799.58,799.59,48.384
1791165060000,799.59,799.72,798.97,799.71,209.792
1791165120000,799.71,800.0,799.5,799.99,31.233
1791165180000,799.99,800.14,799.72,799.85,61.778
1791165240000,799.86,799.9,798.87,798.97,112.581
1791165300000,798.98,799.29,798.98,799.2,32.153
1791165360000,799.2,799.2,798.83,798.83,60.553
1791165420000,798.84,799.23,798.83,799.22,52.806
1791165480000,799.23,799.36,798.94,799.36,43.944
1791165540000,799.35,799.72,799.35,799.72,111.44
1791165600000,799.73,799.9,799.68,799.86,67.204
1791165660000,799.86,800.01,799.53,799.79,379.825
1791165720000,799.79,800.44,799.79,800.44,89.221
1791165780000,800.44,800.83,800.42,800.81,120.342
1791165840000,800.81,802.31,800.64,801.34,856.551
1791165900000,801.34,802.34,801.34,802.16,242.56
1791165960000,802.17,804.08,801.74,804.03,1788.95
1791166020000,804.03,804.17,803.74,804.17,296.666
1791166080000,804.18,804.57,803.91,803.91,356.713
1791166140000,803.91,805.0,803.91,804.71,279.437
1791166200000,804.71,805.87,804.71,805.26,1864.978
1791166260000,805.25,805.71,805.14,805.2,165.805
1791166320000,805.2,805.6,805.13,805.6,156.751
1791166380000,805.6,806.25,805.42,806.24,636.171
1791166440000,806.24,806.4,805.77,806.01,99.456
1791166500000,806.0,808.29,805.71,807.81,2233.441
1791166560000,807.84,808.88,807.81,808.87,872.403
1791166620000,808.88,809.99,807.65,807.84,1863.701
1791166680000,807.83,809.7,807.59,809.52,905.361
1791166740000,809.52,809.74,808.97,809.09,302.057
1791166800000,809.08,809.51,808.47,808.81,341.729
1791166860000,808.81,808.85,807.79,808.23,285.988
1791166920000,808.23,808.58,807.81,807.96,457.588
1791166980000,807.96,808.02,807.01,807.71,282.797
1791167040000,807.72,808.0,806.52,806.53,435.16
1791167100000,806.52,806.86,805.65,805.66,261.625
1791167160000,805.65,805.94,805.0,805.94,250.964
1791167220000,805.94,806.15,805.66,805.93,130.791
1791167280000,805.92,805.92,805.36,805.89,210.672
1791167340000,805.88,806.4,805.11,805.11,238.806
1791167400000,805.1,805.63,805.01,805.17,316.01
1791167460000,805.16,805.48,804.46,804.47,169.555
1791167520000,804.47,804.92,804.46,804.84,116.387
1791167580000,804.83,804.84,804.49,804.6,111.407
1791167640000,804.61,805.18,804.61,804.73,130.21
1791167700000,804.73,805.96,804.72,805.79,100.623
1791167760000,805.79,805.8,805.25,805.43,66.093
1791167820000,805.42,805.88,804.8,805.88,313.042
1791167880000,805.87,805.88,804.96,805.05,258.18
1791167940000,805.04,805.26,804.86,804.89,267.454
1791168000000,804.88,804.99,804.6,804.99,207.314
1791168060000,805.0,805.3,804.98,805.1,505.955
1791168120000,805.09,805.4,804.68,804.81,166.646
1791168180000,804.8,804.8,803.58,803.95,284.129
1791168240000,803.95,803.95,803.38,803.4,229.566
1791168300000,803.4,803.7,803.29,803.5,836.324
1791168360000,803.5,803.5,803.29,803.32,149.547
1791168420000,803.31,803.32,803.11,803.19,152.656
1791168480000,803.18,803.18,802.75,802.89,270.152
1791168540000,802.9,802.9,802.43,802.43,135.206
1791168600000,802.44,802.5,802.36,802.5,157.039
1791168660000,802.5,802.5,802.09,802.19,129.217
1791168720000,802.18,802.18,801.96,801.96,97.7
1791168780000,801.97,802.1,801.81,802.09,313.266
1791168840000,802.09,802.2,801.91,801.99,250.561
1791168900000,801.99,801.99,801.55,801.59,189.235
1791168960000,801.59,801.73,801.47,801.49,230.283
1791169020000,801.5,801.55,800.94,801.2,262.494
1791169080000,801.19,801.9,801.19,801.62,1047.132
1791169140000,801.62,801.62,800.88,801.0,293.782
1791169200000,800.99,801.0,800.68,800.68,194.999
1791169260000,800.69,800.7,800.24,800.24,211.178
1791169320000,800.23,800.23,799.64,799.72,312.188
1791169380000,799.72,800.3,799.38,800.12,599.944
1791169440000,800.13,800.4,799.89,800.4,332.592
1791169500000,800.41,800.89,800.37,800.88,294.155
1791169560000,800.88,801.75,800.87,801.75,185.759
1791169620000,801.75,801.98,801.09,801.96,321.581
1791169680000,801.96,802.08,801.79,801.8,85.649
1791169740000,801.79,802.01,801.32,801.33,835.222
1791169800000,801.33,801.51,800.93,801.37,274.908
1791169860000,801.37,801.37,801.12,801.26,99.889
1791169920000,801.26,801.96,801.13,801.45,128.978
1791169980000,801.46,801.59,800.5,800.51,222.502
1791170040000,800.51,800.99,800.5,800.73,120.599
1791170100000,800.72,800.8,800.21,800.22,165.022
1791170160000,800.22,800.22,799.66,799.7,137.744
1791170220000,799.7,799.96,799.22,799.28,135.864
1791170280000,799.28,799.82,799.28,799.64,288.057
1791170340000,799.63,799.63,798.77,798.78,554.152
1791170400000,798.78,798.85,798.33,798.4,178.237
1791170460000,798.4,798.4,797.8,797.8,178.89
1791170520000,797.8,797.82,797.23,797.24,426.986
1791170580000,797.23,797.23,794.41,796.62,996.705
1791170640000,796.62,796.73,796.13,796.73,327.62
1791170700000,796.73,797.05,796.09,796.51,364.566
1791170760000,796.51,797.05,796.47,797.05,112.676
1791170820000,797.05,797.06,796.78,797.05,262.354
1791170880000,797.05,797.14,796.89,797.04,71.28
1791170940000,797.03,797.04,796.85,797.04,60.52
1791171000000,797.04,797.55,796.55,796.55,186.321
1791171060000,796.55,797.46,796.55,797.46,246.998
1791171120000,797.46,797.48,797.19,797.2,107.446
1791171180000,797.2,797.2,796.85,797.06,184.834
1791171240000,797.07,797.07,796.66,796.8,312.614
1791171300000,796.8,796.8,796.2,796.23,216.355
1791171360000,796.23,796.66,795.54,795.55,199.898
1791171420000,795.54,795.9,795.0,795.58,188.535
1791171480000,795.57,795.88,795.31,795.87,90.7
1791171540000,795.88,795.93,795.64,795.82,89.623
1791171600000,795.82,796.34,795.57,795.94,106.564
1791171660000,795.93,795.94,795.24,795.51,77.837
1791171720000,795.5,795.58,795.0,795.0,77.5
1791171780000,795.01,795.4,793.35,794.07,513.183
1791171840000,794.06,794.53,794.05,794.39,263.119
1791171900000,794.38,794.54,794.3,794.51,203.977
1791171960000,794.51,794.83,794.05,794.24,259.076
1791172020000,794.24,794.74,794.24,794.66,80.446
1791172080000,794.67,794.72,794.21,794.34,148.451
1791172140000,794.35,794.52,793.98,793.98,257.689
1791172200000,793.99,794.18,792.24,793.02,1005.965
1791172260000,793.02,793.15,792.68,792.9,268.36
1791172320000,792.91,793.37,792.89,793.37,101.612
1791172380000,793.36,793.5,793.14,793.26,147.249
1791172440000,793.26,793.3,793.01,793.09,71.799
1791172500000,793.09,793.37,793.09,793.19,88.498
1791172560000,793.2,793.35,793.14,793.14,73.144
1791172620000,793.14,793.23,790.43,790.94,533.325
1791172680000,790.94,792.56,790.72,791.5,644.786
1791172740000,791.5,792.37,791.47,792.15,187.648
1791172800000,792.14,792.15,791.31,791.42,196.274
1791172860000,791.41,792.12,791.29,792.1,153.174
1791172920000,792.1,792.22,791.58,791.69,100.119
1791172980000,791.69,791.74,791.18,791.7,135.186
1791173040000,791.7,791.7,791.25,791.25,97.003
1791173100000,791.25,791.58,791.1,791.25,144.035
1791173160000,791.25,792.14,791.12,792.07,121.437
1791173220000,792.07,792.68,792.04,792.04,225.962
1791173280000,792.04,792.26,791.34,791.99,137.197
1791173340000,791.98,792.35,791.71,792.12,124.909
1791173400000,792.12,792.22,791.53,791.68,59.851
1791173460000,791.67,791.86,791.38,791.7,64.935
1791173520000,791.69,791.76,791.41,791.69,66.566
1791173580000,791.68,791.84,791.61,791.73,48.471
1791173640000,791.74,792.1,791.55,791.8,215.342
1791173700000,791.79,791.81,791.18,791.57,66.828
1791173760000,791.56,791.83,791.2,791.83,47.411
1791173820000,791.82,791.92,791.28,791.34,67.918
1791173880000,791.32,791.48,791.1,791.11,109.17
1791173940000,791.12,791.65,790.99,791.51,57.775
1791174000000,791.5,791.56,791.09,791.24,45.212
1791174060000,791.23,791.23,790.38,790.84,148.942
1791174120000,790.84,791.14,790.2,791.11,208.663
1791174180000,791.11,791.86,791.11,791.57,181.748
1791174240000,791.57,792.26,791.57,792.24,69.428
1791174300000,792.24,792.73,792.13,792.13,93.541
1791174360000,792.12,792.22,791.12,791.45,166.43
1791174420000,791.44,791.44,790.78,790.78,74.596
1791174480000,790.77,790.78,790.27,790.28,64.619
1791174540000,790.28,790.45,789.91,790.21,186.171
1791174600000,790.21,790.75,790.07,790.62,70.807
1791174660000,790.61,790.86,790.24,790.24,123.335
1791174720000,790.24,790.24,788.37,788.72,461.685
1791174780000,788.71,789.69,788.31,789.63,140.759
1791174840000,789.66,790.0,789.64,789.76,182.298
1791174900000,789.76,790.09,789.34,789.34,158.689
1791174960000,789.33,789.76,789.25,789.65,94.704
1791175020000,789.64,790.36,789.48,790.13,116.101
1791175080000,790.13,790.16,789.59,789.64,204.117
1791175140000,789.64,789.83,789.51,789.83,109.244
1791175200000,789.83,790.0,789.72,790.0,125.589
1791175260000,790.0,790.77,789.64,790.7,207.98
1791175320000,790.67,790.68,790.1,790.29,64.894
1791175380000,790.28,790.5,790.26,790.33,56.694
1791175440000,790.33,790.93,790.33,790.84,117.269
1791175500000,790.84,791.47,790.58,791.47,66.319
1791175560000,791.45,791.45,790.91,790.97,123.214
1791175620000,790.98,790.98,790.31,790.31,95.664
1791175680000,790.31,790.75,790.31,790.72,205.591
1791175740000,790.72,790.84,789.66,789.69,203.521
1791175800000,789.69,790.01,789.45,789.46,193.622
1791175860000,789.46,789.95,789.33,789.83,201.883
1791175920000,789.82,789.82,789.01,789.01,70.23
1791175980000,789.0,789.01,788.76,788.84,135.845
1791176040000,788.83,788.97,788.67,788.94,55.795
1791176100000,788.94,789.4,788.83,789.06,83.194
1791176160000,789.05,789.24,788.83,789.19,43.879
1791176220000,789.19,789.71,789.19,789.67,56.208
1791176280000,789.66,789.69,789.4,789.49,66.381
1791176340000,789.5,789.67,789.5,789.59,34.024
1791176400000,789.6,789.74,789.36,789.53,64.417
1791176460000,789.53,789.57,789.28,789.57,121.425
1791176520000,789.56,789.8,789.4,789.41,139.254
1791176580000,789.41,789.78,789.41,789.77,95.009
1791176640000,789.76,790.25,789.66,790.13,65.925
1791176700000,790.14,790.73,790.14,790.72,71.483
1791176760000,790.73,790.73,790.29,790.48,44.773
1791176820000,790.47,790.47,790.11,790.13,51.921
1791176880000,790.13,790.13,789.56,789.7,43.738
1791176940000,789.71,789.9,789.48,789.54,71.905
1791177000000,789.53,789.6,789.28,789.3,57.464
1791177060000,789.3,789.3,789.06,789.22,25.228
1791177120000,789.21,789.58,789.21,789.58,71.787
1791177180000,789.58,789.66,789.46,789.48,98.452
1791177240000,789.47,789.47,789.13,789.2,29.321
1791177300000,789.21,789.5,789.08,789.09,59.963
1791177360000,789.09,789.5,789.06,789.5,44.187
