open_time_ms,open,high,low,close,volume
1790877480000,0.09479,0.09483,0.09476,0.09477,304067.0
1790877540000,0.09477,0.09494,0.09475,0.09494,571166.0
1790877600000,0.09493,0.09496,0.0947,0.09473,577655.0
1790877660000,0.09473,0.09495,0.0947,0.09494,1395073.0
1790877720000,0.09495,0.09499,0.09484,0.09499,829946.0
1790877780000,0.09499,0.095,0.09484,0.09484,404357.0
1790877840000,0.09485,0.09491,0.09479,0.09482,250074.0
1790877900000,0.09482,0.09487,0.09477,0.09479,133658.0
1790877960000,0.0948,0.09482,0.09472,0.09475,253528.0
1790878020000,0.09476,0.09482,0.09471,0.0948,681442.0
1790878080000,0.09481,0.09491,0.09478,0.09486,222769.0
1790878140000,0.09486,0.095,0.09486,0.095,153838.0
1790878200000,0.09499,0.09505,0.09492,0.09499,646424.0
1790878260000,0.09499,0.09506,0.09496,0.09504,130315.0
1790878320000,0.09504,0.09515,0.09504,0.09514,892455.0
1790878380000,0.09514,0.0952,0.09509,0.09514,315115.0
1790878440000,0.09514,0.09514,0.09503,0.09506,159546.0
1790878500000,0.09505,0.09513,0.09505,0.09505,1956548.0
1790878560000,0.09504,0.0951,0.09504,0.09508,77239.0
1790878620000,0.09509,0.09517,0.09508,0.09509,152059.0
1790878680000,0.0951,0.09523,0.0951,0.09519,56906.0
1790878740000,0.09519,0.09519,0.09506,0.09508,350407.0
1790878800000,0.09507,0.0951,0.09505,0.09508,138540.0
1790878860000,0.09507,0.09509,0.09502,0.09502,22044.0
1790878920000,0.09502,0.09507,0.09498,0.09506,504456.0
1790878980000,0.09506,0.09524,0.09503,0.09521,606856.0
1790879040000,0.09522,0.09524,0.09512,0.09513,166927.0
1790879100000,0.09512,0.09514,0.09509,0.09514,399813.0
1790879160000,0.09515,0.09516,0.09513,0.09515,84488.0
1790879220000,0.09515,0.09516,0.09507,0.09508,169540.0
1790879280000,0.09507,0.09513,0.09501,0.09504,247892.0
1790879340000,0.09504,0.09504,0.09497,0.09498,124607.0
1790879400000,0.09498,0.09498,0.09494,0.09495,104856.0
1790879460000,0.09495,0.09495,0.09487,0.09492,90116.0
1790879520000,0.09492,0.09503,0.0949,0.09498,81516.0
1790879580000,0.09498,0.09502,0.09495,0.09501,324123.0
1790879640000,0.09501,0.09519,0.09497,0.09518,172096.0
1790879700000,0.09519,0.09531,0.09514,0.09527,497301.0
1790879760000,0.09528,0.09528,0.09512,0.09519,182341.0
1790879820000,0.09518,0.09525,0.09508,0.09525,149358.0
1790879880000,0.09524,0.09548,0.09524,0.09544,418026.0
1790879940000,0.09544,0.09547,0.09532,0.09533,318639.0
1790880000000,0.09533,0.09533,0.09513,0.09514,565335.0
1790880060000,0.09513,0.09522,0.0951,0.09517,271281.0
1790880120000,0.09518,0.09525,0.09514,0.09514,208719.0
1790880180000,0.09515,0.09515,0.09505,0.09506,208362.0
1790880240000,0.09506,0.09515,0.09506,0.09511,280639.0
1790880300000,0.09511,0.09514,0.09508,0.0951,45966.0
1790880360000,0.09511,0.09513,0.09507,0.09508,288649.0
1790880420000,0.09508,0.09508,0.09499,0.095,49879.0
1790880480000,0.095,0.095,0.09488,0.0949,454483.0
1790880540000,0.09489,0.09491,0.09484,0.09484,121941.0
1790880600000,0.09485,0.09488,0.09481,0.09487,121370.0
1790880660000,0.09487,0.09487,0.09484,0.09485,18347.0
1790880720000,0.09485,0.09486,0.09476,0.09477,119725.0
1790880780000,0.09477,0.09487,0.09477,0.09487,160636.0
1790880840000,0.09486,0.09487,0.09482,0.09487,32770.0
1790880900000,0.09487,0.0949,0.09483,0.09486,52313.0
1790880960000,0.09487,0.09488,0.09485,0.09485,36580.0
1790881020000,0.09486,0.09494,0.09486,0.09494,114737.0
1790881080000,0.09494,0.09501,0.09493,0.095,156177.0
1790881140000,0.09501,0.09503,0.09499,0.095,66474.0
1790881200000,0.095,0.09506,0.09499,0.09504,31290.0
1790881260000,0.09505,0.09505,0.09485,0.09485,139013.0
1790881320000,0.09485,0.09487,0.09481,0.09485,87669.0
1790881380000,0.09485,0.09492,0.09478,0.09491,70385.0
1790881440000,0.09492,0.09497,0.09489,0.09494,75802.0
1790881500000,0.09495,0.095,0.09494,0.09498,119220.0
1790881560000,0.09499,0.09502,0.09494,0.095,87065.0
1790881620000,0.09501,0.09512,0.095,0.09505,465937.0
1790881680000,0.09505,0.09513,0.095,0.09513,72890.0
1790881740000,0.09513,0.09516,0.09512,0.09515,102558.0
1790881800000,0.09515,0.09522,0.09515,0.09518,141944.0
1790881860000,0.09519,0.0952,0.09503,0.09503,181578.0
1790881920000,0.09504,0.09505,0.09493,0.09494,155761.0
1790881980000,0.09495,0.09499,0.09493,0.09499,22316.0
1790882040000,0.09499,0.095,0.09492,0.09498,151615.0
1790882100000,0.09498,0.09501,0.09494,0.09501,35214.0
1790882160000,0.09502,0.09502,0.09496,0.09499,32539.0
1790882220000,0.09499,0.09499,0.09487,0.09487,44257.0
1790882280000,0.09486,0.09488,0.0948,0.09486,36488.0
1790882340000,0.09485,0.09492,0.09484,0.09487,127875.0
1790882400000,0.09486,0.09486,0.09478,0.09478,272603.0
1790882460000,0.09478,0.09482,0.09476,0.09478,439848.0
1790882520000,0.09478,0.09478,0.09462,0.09466,218100.0
1790882580000,0.09466,0.09468,0.09461,0.09465,132283.0
1790882640000,0.09464,0.09465,0.09461,0.09462,150576.0
1790882700000,0.09461,0.09467,0.0946,0.0946,600356.0
1790882760000,0.0946,0.09467,0.09459,0.09465,253220.0
1790882820000,0.09465,0.09465,0.0945,0.09451,196790.0
1790882880000,0.09451,0.09454,0.09448,0.09448,147815.0
1790882940000,0.09448,0.09453,0.09431,0.09437,1484745.0
1790883000000,0.09438,0.09446,0.09432,0.09443,324251.0
1790883060000,0.09444,0.09462,0.09444,0.09457,279348.0
1790883120000,0.09457,0.09477,0.09457,0.0947,496065.0
1790883180000,0.0947,0.09475,0.09462,0.09464,81155.0
1790883240000,0.09464,0.09464,0.09452,0.09461,108427.0
1790883300000,0.0946,0.0946,0.0945,0.09451,73853.0
1790883360000,0.09452,0.09454,0.09444,0.09444,744389.0
1790883420000,0.09444,0.09447,0.09437,0.09438,215687.0
1790883480000,0.09438,0.09445,0.09437,0.09443,134530.0
1790883540000,0.09443,0.09451,0.09442,0.09447,105480.0
1790883600000,0.09447,0.09451,0.0944,0.09451,60520.0
1790883660000,0.09452,0.09461,0.09451,0.09457,155696.0
1790883720000,0.09457,0.0946,0.09455,0.09458,64125.0
1790883780000,0.09457,0.09463,0.09456,0.09463,67136.0
1790883840000,0.09463,0.09463,0.09455,0.09458,495367.0
1790883900000,0.09459,0.09468,0.09455,0.09468,117679.0
1790883960000,0.09467,0.09473,0.09463,0.0947,256021.0
1790884020000,0.0947,0.09474,0.09467,0.09469,270858.0
1790884080000,0.09469,0.09472,0.09459,0.09459,47481.0
1790884140000,0.09459,0.09471,0.09459,0.09468,97083.0
1790884200000,0.09468,0.09488,0.09468,0.09487,337068.0
1790884260000,0.09487,0.09495,0.09487,0.09491,231719.0
1790884320000,0.0949,0.09492,0.09483,0.0949,465056.0
1790884380000,0.09489,0.09489,0.09481,0.09485,299171.0
1790884440000,0.09485,0.09486,0.09469,0.0947,123213.0
1790884500000,0.09469,0.09469,0.09453,0.0946,1486219.0
1790884560000,0.09461,0.09469,0.09459,0.09469,261061.0
1790884620000,0.09468,0.09471,0.09467,0.09469,71193.0
1790884680000,0.09468,0.09479,0.09468,0.09478,104914.0
1790884740000,0.09478,0.09486,0.09478,0.09485,169063.0
1790884800000,0.09484,0.09503,0.09484,0.095,688265.0
1790884860000,0.095,0.09504,0.09491,0.09499,208256.0
1790884920000,0.09499,0.09503,0.09492,0.09493,159147.0
1790884980000,0.09493,0.09496,0.09489,0.09489,149676.0
1790885040000,0.0949,0.09502,0.09489,0.095,258428.0
1790885100000,0.09501,0.09504,0.09495,0.09495,874963.0
1790885160000,0.09494,0.09498,0.09492,0.09497,47280.0
1790885220000,0.09496,0.095,0.09488,0.0949,210306.0
1790885280000,0.09489,0.09492,0.09485,0.09486,107679.0
1790885340000,0.09487,0.09491,0.09486,0.09489,184076.0
1790885400000,0.0949,0.0949,0.09484,0.09484,58502.0
1790885460000,0.09485,0.09489,0.09483,0.09485,87432.0
1790885520000,0.09485,0.0949,0.09483,0.09485,162529.0
1790885580000,0.09484,0.09491,0.09484,0.09491,3972.0
1790885640000,0.0949,0.09495,0.09488,0.09489,250292.0
1790885700000,0.09488,0.09498,0.09488,0.09492,76385.0
1790885760000,0.09493,0.095,0.09489,0.09489,318153.0
1790885820000,0.0949,0.09493,0.09489,0.09489,107056.0
1790885880000,0.0949,0.0949,0.09486,0.09489,142994.0
1790885940000,0.0949,0.0949,0.09485,0.0949,291525.0
1790886000000,0.09489,0.09498,0.09489,0.09496,54854.0
1790886060000,0.09496,0.09497,0.09485,0.09485,53204.0
1790886120000,0.09485,0.09489,0.09484,0.09488,95024.0
1790886180000,0.09489,0.09489,0.09481,0.09483,113209.0
1790886240000,0.09483,0.09486,0.09482,0.09482,52563.0
1790886300000,0.09482,0.09484,0.09481,0.09483,68554.0
1790886360000,0.09482,0.09485,0.09479,0.09479,52250.0
1790886420000,0.0948,0.09486,0.09479,0.09485,90273.0
1790886480000,0.09486,0.09488,0.09485,0.09488,15975.0
1790886540000,0.09487,0.09488,0.09484,0.09485,146366.0
1790886600000,0.09485,0.09489,0.09484,0.09487,155477.0
1790886660000,0.09486,0.09487,0.09484,0.09484,171361.0
1790886720000,0.09484,0.0949,0.09484,0.0949,52643.0
1790886780000,0.0949,0.0949,0.09485,0.09488,153435.0
1790886840000,0.09488,0.09489,0.09485,0.09486,61098.0
1790886900000,0.09485,0.09486,0.09478,0.09478,146610.0
1790886960000,0.09478,0.09478,0.09474,0.09476,239718.0
1790887020000,0.09475,0.09475,0.09466,0.09472,243519.0
1790887080000,0.09472,0.09473,0.09468,0.0947,128159.0
1790887140000,0.09469,0.09472,0.09468,0.0947,73571.0
1790887200000,0.09469,0.09469,0.09462,0.09464,170018.0
1790887260000,0.09465,0.09466,0.09454,0.09454,750348.0
1790887320000,0.09455,0.09456,0.0945,0.09454,199965.0
1790887380000,0.09454,0.09463,0.09454,0.09462,87124.0
1790887440000,0.09463,0.09464,0.09461,0.09462,44117.0
1790887500000,0.09462,0.09462,0.09452,0.09452,143298.0
1790887560000,0.09453,0.09469,0.09453,0.09464,247632.0
1790887620000,0.09465,0.09468,0.09462,0.09468,150221.0
1790887680000,0.09468,0.09472,0.09467,0.09467,73041.0
1790887740000,0.09468,0.09474,0.09466,0.09467,64517.0
1790887800000,0.09466,0.09474,0.09464,0.09473,120602.0
1790887860000,0.09473,0.09479,0.09467,0.09467,284552.0
1790887920000,0.09468,0.0947,0.09465,0.09469,42540.0
1790887980000,0.09468,0.09469,0.09464,0.09465,52786.0
1790888040000,0.09465,0.09465,0.09459,0.09462,16759.0
1790888100000,0.09463,0.0947,0.09462,0.09469,198795.0
1790888160000,0.09468,0.09469,0.09458,0.09459,142465.0
1790888220000,0.09458,0.09462,0.09458,0.09462,69835.0
1790888280000,0.09461,0.09461,0.09458,0.09458,26070.0
1790888340000,0.09459,0.09459,0.09457,0.09457,15288.0
1790888400000,0.09458,0.09458,0.09457,0.09457,18537.0
1790888460000,0.09457,0.09458,0.09455,0.09456,75971.0
1790888520000,0.09456,0.0946,0.09455,0.09455,135898.0
1790888580000,0.09456,0.09458,0.09454,0.09455,199738.0
1790888640000,0.09455,0.09458,0.09455,0.09456,24740.0
1790888700000,0.09457,0.09459,0.09454,0.09459,149788.0
1790888760000,0.09459,0.09462,0.09458,0.09462,83350.0
1790888820000,0.09461,0.09461,0.09459,0.09461,17929.0
1790888880000,0.0946,0.09461,0.09455,0.09456,50605.0
1790888940000,0.09455,0.09457,0.09454,0.09456,34345.0
1790889000000,0.09457,0.09457,0.09455,0.09455,258676.0
1790889060000,0.09456,0.09457,0.09448,0.09449,429277.0
1790889120000,0.09449,0.09452,0.09447,0.09447,59156.0
1790889180000,0.09448,0.09449,0.09445,0.09446,233816.0
1790889240000,0.09445,0.09447,0.09443,0.09444,535468.0
1790889300000,0.09444,0.09444,0.09433,0.09438,289059.0
1790889360000,0.09437,0.09438,0.0943,0.09437,96425.0
1790889420000,0.09438,0.09445,0.09438,0.0944,94452.0
1790889480000,0.0944,0.09443,0.09434,0.09437,386842.0
1790889540000,0.09437,0.09453,0.09436,0.09448,818181.0
1790889600000,0.09448,0.09466,0.09448,0.09453,889904.0
1790889660000,0.09452,0.09452,0.09442,0.09442,294689.0
1790889720000,0.09442,0.09443,0.09438,0.09442,190067.0
1790889780000,0.09442,0.09442,0.09436,0.09438,57708.0
1790889840000,0.09438,0.09438,0.09434,0.09435,179642.0
1790889900000,0.09435,0.09436,0.09432,0.09436,153720.0
1790889960000,0.09436,0.09437,0.09433,0.09437,189937.0
1790890020000,0.09436,0.09443,0.09433,0.09437,1051941.0
1790890080000,0.09436,0.09436,0.09427,0.09427,239396.0
1790890140000,0.09427,0.09427,0.09418,0.09418,346118.0
1790890200000,0.09419,0.09419,0.09414,0.09414,829924.0
1790890260000,0.09414,0.09414,0.0941,0.09412,281749.0
1790890320000,0.09412,0.09421,0.09406,0.09411,1778469.0
1790890380000,0.0941,0.0941,0.09406,0.09407,372121.0
1790890440000,0.09406,0.09408,0.09403,0.09403,469851.0
1790890500000,0.09402,0.09407,0.09395,0.09403,1691685.0
1790890560000,0.09404,0.09407,0.09404,0.09405,128083.0
1790890620000,0.09405,0.09406,0.0939,0.09394,318147.0
1790890680000,0.09394,0.09394,0.09387,0.09391,675738.0
1790890740000,0.09391,0.09394,0.09385,0.09389,708640.0
1790890800000,0.09389,0.09389,0.09378,0.09383,1657390.0
1790890860000,0.09384,0.09388,0.09383,0.09384,190684.0
1790890920000,0.09384,0.09385,0.0938,0.09385,128523.0
1790890980000,0.09385,0.09386,0.09381,0.09384,184275.0
1790891040000,0.09385,0.09385,0.09377,0.09378,75902.0
1790891100000,0.09377,0.09386,0.09377,0.09386,71566.0
1790891160000,0.09385,0.09395,0.09385,0.09391,85621.0
1790891220000,0.09392,0.09404,0.09391,0.094,454743.0
1790891280000,0.094,0.094,0.09396,0.09399,34002.0
1790891340000,0.094,0.094,0.09398,0.09399,57669.0
1790891400000,0.09399,0.094,0.09396,0.09397,135551.0
1790891460000,0.09397,0.09398,0.09392,0.09393,117541.0
1790891520000,0.09393,0.09393,0.09388,0.09388,107032.0
1790891580000,0.09387,0.09389,0.09383,0.09388,308481.0
1790891640000,0.09389,0.09402,0.09389,0.09395,126296.0
1790891700000,0.09395,0.09398,0.09394,0.09394,122960.0
1790891760000,0.09395,0.09405,0.09394,0.09399,157725.0
1790891820000,0.094,0.094,0.09389,0.09398,727232.0
1790891880000,0.09398,0.09401,0.09398,0.09401,50028.0
1790891940000,0.09401,0.09404,0.09399,0.09399,156443.0
1790892000000,0.09399,0.09417,0.09396,0.09416,1032146.0
1790892060000,0.09417,0.09427,0.09417,0.09426,152989.0
1790892120000,0.09427,0.09439,0.09426,0.09434,569536.0
1790892180000,0.09435,0.09439,0.09427,0.0943,642229.0
1790892240000,0.0943,0.09439,0.09423,0.09437,243636.0
1790892300000,0.09438,0.09443,0.09432,0.09438,117348.0
1790892360000,0.09437,0.09438,0.09428,0.09435,219135.0
1790892420000,0.09435,0.09441,0.09429,0.09429,184758.0
1790892480000,0.09429,0.09429,0.09417,0.09419,263565.0
1790892540000,0.09418,0.09421,0.09407,0.09414,766210.0
1790892600000,0.09414,0.09437,0.09414,0.09436,190198.0
1790892660000,0.09435,0.09435,0.09423,0.09423,178215.0
1790892720000,0.09423,0.0943,0.09419,0.09427,296064.0
1790892780000,0.09426,0.09426,0.09419,0.09421,166938.0
1790892840000,0.09422,0.09425,0.09416,0.09418,91701.0
1790892900000,0.09417,0.09417,0.09411,0.09414,174853.0
1790892960000,0.09414,0.09419,0.09413,0.09413,38185.0
1790893020000,0.09414,0.09427,0.09413,0.09427,270614.0
1790893080000,0.09426,0.09427,0.09416,0.09417,162298.0
1790893140000,0.09418,0.09422,0.09415,0.09418,134446.0
1790893200000,0.09419,0.09425,0.09414,0.09414,339338.0
1790893260000,0.09415,0.09428,0.09415,0.09428,192453.0
1790893320000,0.09428,0.09428,0.09421,0.09421,75617.0
1790893380000,0.09422,0.09422,0.09414,0.09419,200887.0
1790893440000,0.09418,0.09422,0.09418,0.0942,65118.0
1790893500000,0.09421,0.09423,0.0942,0.09421,24546.0
1790893560000,0.09421,0.09425,0.09421,0.09423,120653.0
1790893620000,0.09423,0.09424,0.09418,0.09422,192778.0
1790893680000,0.09421,0.09424,0.0942,0.09421,164275.0
1790893740000,0.09422,0.09423,0.09419,0.0942,151660.0
1790893800000,0.0942,0.09424,0.09417,0.09423,240119.0
1790893860000,0.09422,0.09423,0.09417,0.09419,66450.0
1790893920000,0.0942,0.09422,0.09417,0.09417,122579.0
1790893980000,0.09417,0.09419,0.09406,0.09407,224288.0
1790894040000,0.09408,0.0941,0.09407,0.09408,49611.0
1790894100000,0.09408,0.09421,0.09408,0.09418,72425.0
1790894160000,0.09418,0.09419,0.0941,0.0941,85233.0
1790894220000,0.0941,0.09414,0.0941,0.09413,57965.0
1790894280000,0.09414,0.09418,0.09413,0.09415,82461.0
1790894340000,0.09414,0.09415,0.09411,0.09413,59982.0
1790894400000,0.09414,0.09414,0.09409,0.09409,137142.0
1790894460000,0.0941,0.09413,0.09409,0.09413,64056.0
1790894520000,0.09413,0.09414,0.09404,0.09405,158078.0
1790894580000,0.09404,0.09405,0.09398,0.09398,348406.0
1790894640000,0.09399,0.094,0.09395,0.09396,64338.0
1790894700000,0.09396,0.09396,0.0939,0.0939,291510.0
1790894760000,0.09391,0.09391,0.09386,0.09387,87304.0
1790894820000,0.09387,0.09387,0.09386,0.09387,3064.0
1790894880000,0.09386,0.09388,0.09386,0.09386,75697.0
1790894940000,0.09387,0.09387,0.09385,0.09385,13376.0
1790895000000,0.09385,0.09386,0.09385,0.09386,15847.0
1790895060000,0.09386,0.09386,0.09383,0.09383,150802.0
1790895120000,0.09384,0.09404,0.09383,0.09403,89401.0
1790895180000,0.09403,0.09408,0.09403,0.09408,171684.0
1790895240000,0.09407,0.09419,0.09407,0.09417,171977.0
1790895300000,0.09417,0.09422,0.09417,0.09417,90658.0
1790895360000,0.09417,0.09421,0.09417,0.09417,119995.0
1790895420000,0.09416,0.09417,0.09413,0.09416,65293.0
1790895480000,0.09416,0.09419,0.09415,0.09419,62464.0
1790895540000,0.09419,0.09422,0.09418,0.09419,59237.0
1790895600000,0.09418,0.09419,0.09409,0.0941,220419.0
1790895660000,0.09411,0.09411,0.09404,0.09409,116528.0
1790895720000,0.09408,0.09409,0.09404,0.09408,61456.0
1790895780000,0.09408,0.09417,0.09408,0.09416,91632.0
1790895840000,0.09415,0.09418,0.09409,0.09409,53297.0
1790895900000,0.0941,0.09414,0.09408,0.09408,113706.0
1790895960000,0.09409,0.09413,0.09406,0.09411,99490.0
1790896020000,0.09411,0.09414,0.09406,0.09406,99308.0
1790896080000,0.09406,0.09407,0.09405,0.09405,22982.0
1790896140000,0.09406,0.09406,0.09405,0.09405,933.0
1790896200000,0.09406,0.09408,0.09406,0.09407,36710.0
1790896260000,0.09407,0.09409,0.09406,0.09409,73153.0
1790896320000,0.09408,0.09409,0.09407,0.09408,1062.0
1790896380000,0.09407,0.09408,0.09405,0.09408,158577.0
1790896440000,0.09408,0.09411,0.09407,0.0941,49862.0
1790896500000,0.09411,0.09412,0.09408,0.09409,36991.0
1790896560000,0.09409,0.09417,0.09408,0.09417,224418.0
1790896620000,0.09418,0.09422,0.09417,0.09419,103518.0
1790896680000,0.09418,0.09425,0.09418,0.09423,30417.0
1790896740000,0.09423,0.09424,0.09422,0.09423,17515.0
1790896800000,0.09424,0.09427,0.09422,0.09425,104886.0
1790896860000,0.09426,0.09426,0.09422,0.09423,30468.0
1790896920000,0.09423,0.09425,0.09422,0.09425,37680.0
1790896980000,0.09425,0.09426,0.09422,0.09422,37733.0
1790897040000,0.09422,0.09424,0.09422,0.09422,80173.0
1790897100000,0.09423,0.09423,0.09417,0.09418,155027.0
1790897160000,0.09419,0.0942,0.09418,0.09419,23572.0
1790897220000,0.09419,0.09422,0.09419,0.09421,49443.0
1790897280000,0.09422,0.09422,0.09418,0.09419,55893.0
1790897340000,0.09419,0.09421,0.09418,0.09419,140229.0
1790897400000,0.09418,0.09419,0.09415,0.09415,55137.0
1790897460000,0.09415,0.09416,0.09412,0.09415,53956.0
1790897520000,0.09416,0.0942,0.09416,0.09418,50792.0
1790897580000,0.09419,0.0942,0.09418,0.0942,26832.0
1790897640000,0.0942,0.09425,0.0942,0.09424,75540.0
1790897700000,0.09424,0.09429,0.09424,0.09428,43963.0
1790897760000,0.09429,0.09429,0.09426,0.09429,43082.0
1790897820000,0.09429,0.09429,0.09424,0.09424,65844.0
1790897880000,0.09425,0.09433,0.09424,0.09433,111557.0
1790897940000,0.09432,0.09433,0.09432,0.09432,12544.0
1790898000000,0.09432,0.09433,0.09428,0.09433,154878.0
1790898060000,0.09433,0.09433,0.0943,0.09431,23080.0
1790898120000,0.0943,0.0943,0.09428,0.09429,98613.0
1790898180000,0.09428,0.09432,0.09428,0.09432,79486.0
1790898240000,0.09431,0.09433,0.09425,0.09425,71696.0
1790898300000,0.09424,0.09424,0.09417,0.09419,149134.0
1790898360000,0.09418,0.09418,0.09417,0.09418,2818.0
1790898420000,0.09417,0.0942,0.09417,0.09419,48720.0
1790898480000,0.09419,0.0942,0.09418,0.0942,29586.0
1790898540000,0.09419,0.09435,0.09419,0.09434,118948.0
1790898600000,0.09433,0.09438,0.09431,0.09435,139358.0
1790898660000,0.09434,0.0944,0.09429,0.09432,180183.0
1790898720000,0.09433,0.09433,0.09427,0.0943,233354.0
1790898780000,0.09429,0.09439,0.09429,0.09438,77646.0
1790898840000,0.09438,0.09438,0.09431,0.09434,183756.0
1790898900000,0.09434,0.09436,0.09432,0.09433,54259.0
1790898960000,0.09434,0.09436,0.09433,0.09436,93859.0
1790899020000,0.09436,0.09439,0.09436,0.09439,54986.0
1790899080000,0.09439,0.09442,0.09437,0.09439,195387.0
1790899140000,0.09438,0.09441,0.09436,0.09437,67378.0
1790899200000,0.09436,0.09436,0.09427,0.09427,144862.0
1790899260000,0.09427,0.0943,0.09425,0.09427,211231.0
1790899320000,0.09426,0.09426,0.09422,0.09424,193906.0
1790899380000,0.09425,0.09425,0.09422,0.09423,78302.0
1790899440000,0.09423,0.09423,0.0942,0.09421,163082.0
1790899500000,0.09421,0.09432,0.09421,0.09432,290708.0
1790899560000,0.09433,0.09433,0.09429,0.09431,151267.0
1790899620000,0.09432,0.09435,0.09428,0.09428,180327.0
1790899680000,0.09427,0.09428,0.09421,0.09422,320717.0
1790899740000,0.09422,0.09425,0.09422,0.09422,75388.0
1790899800000,0.09422,0.09434,0.09422,0.09432,51455.0
1790899860000,0.09433,0.09433,0.09424,0.09424,33226.0
1790899920000,0.09425,0.09425,0.09424,0.09425,292132.0
1790899980000,0.09425,0.09434,0.09425,0.0943,159552.0
1790900040000,0.0943,0.09435,0.0943,0.0943,26296.0
1790900100000,0.0943,0.09442,0.09427,0.09442,268124.0
1790900160000,0.09443,0.09444,0.09426,0.09429,430581.0
1790900220000,0.0943,0.09443,0.0943,0.09438,168419.0
1790900280000,0.09439,0.09446,0.09439,0.09445,65641.0
1790900340000,0.09445,0.09447,0.09445,0.09446,145852.0
1790900400000,0.09447,0.09452,0.09447,0.09451,109192.0
1790900460000,0.09451,0.09452,0.09444,0.09444,103515.0
1790900520000,0.09444,0.09446,0.09442,0.09445,113295.0
1790900580000,0.09445,0.0945,0.09445,0.0945,45721.0
1790900640000,0.0945,0.0945,0.09449,0.09449,19875.0
1790900700000,0.09448,0.09449,0.09443,0.09443,152516.0
1790900760000,0.09443,0.09444,0.09436,0.09437,856880.0
1790900820000,0.09437,0.09437,0.09433,0.09435,74186.0
1790900880000,0.09436,0.09436,0.09433,0.09434,42666.0
1790900940000,0.09433,0.09434,0.09433,0.09433,49030.0
1790901000000,0.09432,0.09432,0.09419,0.09419,171495.0
1790901060000,0.09419,0.09425,0.09418,0.09422,269631.0
1790901120000,0.09422,0.09425,0.09421,0.09424,44781.0
1790901180000,0.09423,0.09427,0.09417,0.09417,76158.0
1790901240000,0.09417,0.09419,0.09413,0.09415,67469.0
1790901300000,0.09416,0.09418,0.09415,0.09418,53003.0
1790901360000,0.09417,0.09424,0.09417,0.09417,26295.0
1790901420000,0.09416,0.09416,0.09406,0.09407,72473.0
1790901480000,0.09406,0.09407,0.09402,0.09404,131028.0
1790901540000,0.09405,0.09414,0.09404,0.09411,96191.0
1790901600000,0.09411,0.09422,0.09408,0.09419,196920.0
1790901660000,0.09418,0.09422,0.09412,0.09413,194823.0
1790901720000,0.09412,0.09416,0.09412,0.09414,38782.0
1790901780000,0.09415,0.09419,0.09414,0.09418,139749.0
1790901840000,0.09418,0.09425,0.09416,0.09418,586556.0
1790901900000,0.09418,0.09421,0.09416,0.09416,63729.0
1790901960000,0.09416,0.09424,0.09413,0.09423,87039.0
1790902020000,0.09424,0.09429,0.0942,0.09429,171558.0
1790902080000,0.0943,0.09434,0.09428,0.09433,16031.0
1790902140000,0.09433,0.09433,0.09429,0.0943,167335.0
1790902200000,0.09429,0.09429,0.09418,0.09418,162240.0
1790902260000,0.09417,0.09421,0.09416,0.0942,49687.0
1790902320000,0.09421,0.09421,0.09416,0.09416,135196.0
1790902380000,0.09416,0.09419,0.09415,0.09419,150963.0
1790902440000,0.09418,0.09419,0.09414,0.09415,105467.0
1790902500000,0.09415,0.09418,0.09411,0.09412,36502.0
1790902560000,0.09411,0.09411,0.09402,0.09405,318413.0
1790902620000,0.09406,0.09412,0.09405,0.09412,401028.0
1790902680000,0.09411,0.09412,0.09408,0.09411,106931.0
1790902740000,0.0941,0.0941,0.09404,0.09407,102465.0
1790902800000,0.09406,0.09407,0.09401,0.09401,193078.0
1790902860000,0.09401,0.09404,0.09398,0.09399,247803.0
1790902920000,0.09398,0.09399,0.09394,0.09398,84267.0
1790902980000,0.09398,0.09398,0.09394,0.09395,40000.0
1790903040000,0.09394,0.09398,0.09394,0.09397,60919.0
1790903100000,0.09396,0.09399,0.09394,0.09399,169215.0
1790903160000,0.09398,0.09398,0.09389,0.0939,109956.0
1790903220000,0.09389,0.09391,0.09389,0.09391,563944.0
1790903280000,0.0939,0.09398,0.0939,0.09394,602130.0
1790903340000,0.09395,0.09397,0.09388,0.09388,313351.0
1790903400000,0.09389,0.0939,0.09386,0.09389,98222.0
1790903460000,0.09389,0.09389,0.09386,0.09389,26585.0
1790903520000,0.09389,0.09391,0.09385,0.09385,135985.0
1790903580000,0.09384,0.09384,0.09378,0.09378,3005069.0
1790903640000,0.09379,0.09382,0.09378,0.09379,231369.0
1790903700000,0.09379,0.09381,0.09378,0.09379,488781.0
1790903760000,0.09379,0.0939,0.09372,0.0939,2473438.0
1790903820000,0.09391,0.09394,0.09386,0.09386,143881.0
1790903880000,0.09386,0.09386,0.09375,0.0938,388630.0
1790903940000,0.09379,0.09379,0.09373,0.09375,1129243.0
1790904000000,0.09374,0.09374,0.09318,0.09322,7870350.0
1790904060000,0.09322,0.09335,0.0932,0.09332,956288.0
1790904120000,0.09331,0.09332,0.09316,0.09331,1179595.0
1790904180000,0.09331,0.09342,0.09331,0.09334,442990.0
1790904240000,0.09335,0.09352,0.09334,0.0935,233652.0
1790904300000,0.0935,0.09356,0.09344,0.09344,229053.0
1790904360000,0.09343,0.09344,0.0933,0.09339,346635.0
1790904420000,0.09339,0.09345,0.09336,0.09337,225256.0
1790904480000,0.09336,0.09339,0.09336,0.09338,136746.0
1790904540000,0.09338,0.09346,0.09337,0.09346,220694.0
1790904600000,0.09345,0.09352,0.09345,0.09346,377602.0
1790904660000,0.09347,0.09354,0.09345,0.09354,227614.0
1790904720000,0.09354,0.09358,0.09351,0.09351,70781.0
1790904780000,0.09352,0.09362,0.09351,0.0936,277241.0
1790904840000,0.09361,0.09362,0.09345,0.09346,600753.0
1790904900000,0.09345,0.09348,0.09338,0.09341,131843.0
1790904960000,0.09341,0.09347,0.0934,0.09341,177655.0
1790905020000,0.09342,0.09351,0.09342,0.09342,138494.0
1790905080000,0.09342,0.09345,0.09341,0.09344,158168.0
1790905140000,0.09345,0.09345,0.09342,0.09342,167203.0
1790905200000,0.09341,0.09343,0.09338,0.09342,183321.0
1790905260000,0.09342,0.09342,0.09336,0.09337,38913.0
1790905320000,0.09337,0.09339,0.09326,0.09327,2988852.0
1790905380000,0.09327,0.0933,0.09326,0.09329,2746463.0
1790905440000,0.09328,0.0933,0.09323,0.09326,1738191.0
1790905500000,0.09326,0.09331,0.09324,0.09329,1177586.0
1790905560000,0.0933,0.09334,0.0932,0.09329,3054153.0
1790905620000,0.09328,0.09328,0.09317,0.09327,1506685.0
1790905680000,0.09327,0.09331,0.09321,0.09324,126030.0
1790905740000,0.09325,0.09331,0.09325,0.09328,109522.0
1790905800000,0.09327,0.09342,0.09326,0.09342,44721.0
1790905860000,0.09343,0.0936,0.0934,0.09358,233462.0
1790905920000,0.09357,0.09375,0.09357,0.09373,675248.0
1790905980000,0.09374,0.09387,0.09365,0.09383,2945840.0
1790906040000,0.09382,0.09382,0.09346,0.09358,4928851.0
1790906100000,0.09358,0.09383,0.09352,0.09382,411095.0
1790906160000,0.09383,0.0941,0.09383,0.09388,1110156.0
1790906220000,0.09389,0.09395,0.09388,0.09395,822156.0
1790906280000,0.09396,0.09397,0.09388,0.0939,754714.0
1790906340000,0.0939,0.09392,0.09383,0.09386,48535.0
1790906400000,0.09386,0.09389,0.09376,0.09384,152286.0
1790906460000,0.09385,0.09395,0.09382,0.09387,583315.0
1790906520000,0.09388,0.09396,0.09388,0.09396,84317.0
1790906580000,0.09397,0.09397,0.09388,0.0939,48741.0
1790906640000,0.0939,0.09403,0.09386,0.09403,63100.0
1790906700000,0.09403,0.09417,0.09402,0.09413,795996.0
1790906760000,0.09412,0.09414,0.0941,0.09413,335365.0
1790906820000,0.09412,0.09414,0.0941,0.09411,118679.0
1790906880000,0.09412,0.0942,0.09412,0.0942,448870.0
1790906940000,0.09419,0.09428,0.09417,0.09428,523234.0
1790907000000,0.09428,0.09429,0.09421,0.09424,81854.0
1790907060000,0.09424,0.09424,0.09409,0.09409,50022.0
1790907120000,0.09408,0.09411,0.09402,0.09405,221166.0
1790907180000,0.09406,0.09415,0.09404,0.09415,80072.0
1790907240000,0.09414,0.0942,0.09414,0.09415,114730.0
1790907300000,0.09416,0.09418,0.09413,0.09418,51963.0
1790907360000,0.09419,0.09424,0.09414,0.09423,2227475.0
1790907420000,0.09422,0.09427,0.09417,0.09417,1303888.0
1790907480000,0.09417,0.09417,0.09406,0.09406,253429.0
1790907540000,0.09406,0.09418,0.09405,0.0941,295942.0
1790907600000,0.0941,0.0941,0.09401,0.09402,53935.0
1790907660000,0.09403,0.09404,0.09391,0.09394,1389359.0
1790907720000,0.09394,0.09395,0.0938,0.09383,616110.0
1790907780000,0.09383,0.09404,0.09383,0.09403,283626.0
1790907840000,0.09402,0.09402,0.09374,0.09375,491760.0
1790907900000,0.09375,0.0938,0.09372,0.09376,477986.0
1790907960000,0.09376,0.09393,0.09376,0.0939,271328.0
1790908020000,0.0939,0.09395,0.09387,0.09389,173894.0
1790908080000,0.0939,0.09392,0.09379,0.09383,109484.0
1790908140000,0.09382,0.09385,0.09379,0.09383,488904.0
1790908200000,0.09383,0.09388,0.09371,0.09372,381192.0
1790908260000,0.09372,0.09375,0.09367,0.09367,710184.0
1790908320000,0.09366,0.09375,0.09363,0.09374,477873.0
1790908380000,0.09375,0.0939,0.09375,0.09387,202930.0
1790908440000,0.09387,0.0939,0.09374,0.09375,113489.0
1790908500000,0.09374,0.09386,0.09373,0.09381,253829.0
1790908560000,0.0938,0.09383,0.09376,0.09382,154940.0
1790908620000,0.09383,0.09384,0.09377,0.09382,146922.0
1790908680000,0.09383,0.09384,0.0938,0.0938,92492.0
1790908740000,0.09381,0.09381,0.09377,0.09379,222800.0
1790908800000,0.09379,0.0938,0.09376,0.09379,43315.0
1790908860000,0.0938,0.09386,0.0938,0.09383,156888.0
1790908920000,0.09384,0.09384,0.0938,0.09384,169316.0
1790908980000,0.09383,0.09398,0.09383,0.09398,293209.0
1790909040000,0.09398,0.09401,0.09398,0.094,106001.0
1790909100000,0.09401,0.09405,0.094,0.09405,405304.0
1790909160000,0.09405,0.09408,0.09402,0.09405,472653.0
1790909220000,0.09405,0.0941,0.09405,0.0941,15405.0
1790909280000,0.09411,0.09414,0.09408,0.0941,91431.0
1790909340000,0.09411,0.09429,0.09411,0.09429,321970.0
1790909400000,0.09429,0.09433,0.09422,0.0943,345686.0
1790909460000,0.09431,0.09431,0.09417,0.09417,411657.0
1790909520000,0.09416,0.09429,0.09413,0.09428,159591.0
1790909580000,0.09427,0.09427,0.09414,0.09418,503690.0
1790909640000,0.09417,0.0942,0.09413,0.09417,209361.0
1790909700000,0.09418,0.09429,0.09418,0.09429,521174.0
1790909760000,0.09428,0.0943,0.09425,0.09427,443506.0
1790909820000,0.09428,0.09433,0.09428,0.09431,45009.0
1790909880000,0.09431,0.09434,0.09428,0.0943,206411.0
1790909940000,0.0943,0.09432,0.09429,0.09431,175234.0
1790910000000,0.09431,0.09438,0.09429,0.09438,586705.0
1790910060000,0.09438,0.09455,0.09438,0.09453,1587612.0
1790910120000,0.09454,0.09471,0.09454,0.0946,1915486.0
1790910180000,0.0946,0.09467,0.09451,0.09452,400267.0
1790910240000,0.09451,0.09451,0.09437,0.09451,566700.0
1790910300000,0.09451,0.09457,0.09442,0.09443,468936.0
1790910360000,0.09443,0.09446,0.0943,0.0943,331775.0
1790910420000,0.09431,0.09439,0.0943,0.09435,425537.0
1790910480000,0.09434,0.09435,0.09422,0.09423,190531.0
1790910540000,0.09423,0.09428,0.09419,0.09419,115872.0
1790910600000,0.09419,0.09426,0.09419,0.09423,124624.0
1790910660000,0.09424,0.09431,0.09424,0.0943,73818.0
1790910720000,0.09429,0.09429,0.09421,0.09421,189849.0
1790910780000,0.09422,0.0945,0.09422,0.09447,795142.0
1790910840000,0.09446,0.09446,0.09429,0.09429,215541.0
1790910900000,0.09429,0.09438,0.09429,0.09433,144816.0
1790910960000,0.09433,0.09437,0.0943,0.09431,284950.0
1790911020000,0.09432,0.09434,0.09419,0.09419,181539.0
1790911080000,0.09419,0.09423,0.09419,0.0942,126572.0
1790911140000,0.0942,0.09428,0.0942,0.09426,515509.0
1790911200000,0.09425,0.09427,0.09423,0.09425,669372.0
1790911260000,0.09424,0.09435,0.09424,0.0943,147713.0
1790911320000,0.09429,0.09433,0.09425,0.09428,91642.0
1790911380000,0.09428,0.09429,0.09423,0.09423,50631.0
1790911440000,0.09424,0.0943,0.09423,0.09429,284006.0
1790911500000,0.09429,0.09431,0.09425,0.09429,150738.0
1790911560000,0.09429,0.09435,0.09425,0.09426,161870.0
1790911620000,0.09425,0.09427,0.09423,0.09427,104284.0
1790911680000,0.09427,0.09427,0.09421,0.09422,60651.0
1790911740000,0.09422,0.09425,0.09422,0.09422,178768.0
1790911800000,0.09422,0.09433,0.09421,0.09433,260861.0
1790911860000,0.09433,0.09451,0.09433,0.09449,273964.0
1790911920000,0.09449,0.09462,0.09439,0.09456,366662.0
1790911980000,0.09457,0.09463,0.09451,0.09458,238661.0
1790912040000,0.09459,0.09461,0.09451,0.09456,206108.0
1790912100000,0.09455,0.09471,0.09452,0.09469,5676406.0
1790912160000,0.09469,0.09475,0.09443,0.09444,796521.0
1790912220000,0.09445,0.09446,0.09432,0.0944,121890.0
1790912280000,0.0944,0.0945,0.0944,0.09447,266686.0
1790912340000,0.09447,0.09453,0.09445,0.09453,215522.0
1790912400000,0.09454,0.09459,0.09452,0.09458,110699.0
1790912460000,0.09458,0.09461,0.09456,0.09457,104229.0
1790912520000,0.09457,0.09461,0.09456,0.09458,217479.0
1790912580000,0.09459,0.09463,0.09459,0.0946,142480.0
1790912640000,0.0946,0.09465,0.09458,0.09462,218789.0
1790912700000,0.09462,0.09474,0.09461,0.09463,632367.0
1790912760000,0.09463,0.09466,0.09459,0.09461,430579.0
1790912820000,0.09462,0.09471,0.09462,0.0947,621279.0
1790912880000,0.0947,0.0947,0.09467,0.09467,198909.0
1790912940000,0.09466,0.09466,0.09458,0.0946,172300.0
1790913000000,0.09459,0.09463,0.09454,0.09456,168803.0
1790913060000,0.09456,0.09456,0.09454,0.09454,37500.0
1790913120000,0.09454,0.09458,0.09453,0.09458,88234.0
1790913180000,0.09457,0.09483,0.09456,0.09481,732091.0
1790913240000,0.09481,0.09486,0.09472,0.09474,200124.0
1790913300000,0.09474,0.09486,0.09474,0.09484,1920018.0
1790913360000,0.09485,0.09488,0.09476,0.09488,239233.0
1790913420000,0.09488,0.09488,0.0948,0.09488,376413.0
1790913480000,0.09488,0.09488,0.09482,0.09482,114674.0
1790913540000,0.09483,0.09485,0.0948,0.09481,100689.0
1790913600000,0.09481,0.09495,0.09481,0.09491,1152468.0
1790913660000,0.09492,0.095,0.09492,0.095,573766.0
1790913720000,0.095,0.095,0.09487,0.09496,2196194.0
1790913780000,0.09496,0.09498,0.09493,0.09493,469511.0
1790913840000,0.09493,0.09493,0.09486,0.09487,231179.0
1790913900000,0.09487,0.09487,0.09481,0.09481,194723.0
1790913960000,0.09481,0.09488,0.09475,0.09478,263997.0
1790914020000,0.09478,0.09487,0.09477,0.09484,311235.0
1790914080000,0.09484,0.09485,0.0948,0.09484,249432.0
1790914140000,0.09484,0.09488,0.09482,0.09483,100485.0
1790914200000,0.09482,0.09487,0.09482,0.09483,109727.0
1790914260000,0.09484,0.09486,0.09482,0.09482,449979.0
1790914320000,0.09481,0.09482,0.09476,0.0948,499156.0
1790914380000,0.09479,0.0948,0.09476,0.09477,229290.0
1790914440000,0.09477,0.09477,0.09471,0.09471,186828.0
1790914500000,0.09471,0.09475,0.09469,0.09472,146409.0
1790914560000,0.09473,0.09487,0.09473,0.09485,224140.0
1790914620000,0.09484,0.09486,0.09473,0.09473,105865.0
1790914680000,0.09472,0.09482,0.09472,0.09479,200066.0
1790914740000,0.09478,0.09507,0.09478,0.09494,2245368.0
1790914800000,0.09494,0.09563,0.09494,0.09547,6919681.0
1790914860000,0.09547,0.09576,0.09544,0.09569,2520410.0
1790914920000,0.09569,0.09576,0.09557,0.0956,1306644.0
1790914980000,0.0956,0.09591,0.09555,0.09588,3433165.0
1790915040000,0.09588,0.09596,0.09574,0.0959,6431999.0
1790915100000,0.0959,0.09609,0.09589,0.09606,1906191.0
1790915160000,0.09606,0.09632,0.09606,0.09632,3755832.0
1790915220000,0.09631,0.09644,0.09627,0.09643,2348789.0
1790915280000,0.09643,0.09647,0.09632,0.09646,1737863.0
1790915340000,0.09645,0.09661,0.09636,0.09657,3395614.0
1790915400000,0.09657,0.09667,0.09648,0.09659,2590665.0
1790915460000,0.09659,0.09662,0.09637,0.09644,2403465.0
1790915520000,0.09645,0.09654,0.09629,0.09633,1988215.0
1790915580000,0.09633,0.09634,0.0962,0.09623,1041891.0
1790915640000,0.09622,0.09624,0.09611,0.09612,2567150.0
1790915700000,0.09612,0.09614,0.09596,0.09598,1750577.0
1790915760000,0.09599,0.09605,0.09597,0.09604,1927558.0
1790915820000,0.09604,0.0963,0.09604,0.0962,1224488.0
1790915880000,0.0962,0.09629,0.09619,0.09626,664916.0
1790915940000,0.09626,0.09643,0.09623,0.09641,1582398.0
1790916000000,0.09641,0.09656,0.09627,0.09629,2040652.0
1790916060000,0.09628,0.09639,0.09622,0.09629,1883386.0
1790916120000,0.09629,0.0964,0.09629,0.09637,1125123.0
1790916180000,0.09636,0.09644,0.09636,0.09644,765048.0
1790916240000,0.09643,0.09648,0.09636,0.09641,1044406.0
1790916300000,0.09642,0.09642,0.09626,0.09628,508402.0
1790916360000,0.09627,0.09645,0.09627,0.09642,596466.0
1790916420000,0.09642,0.09652,0.09632,0.09652,1456934.0
1790916480000,0.09653,0.09676,0.09652,0.09676,1337800.0
1790916540000,0.09676,0.09693,0.09671,0.09671,6160176.0
1790916600000,0.09672,0.09689,0.09667,0.09679,1940685.0
1790916660000,0.0968,0.09698,0.09673,0.09686,1788240.0
1790916720000,0.09686,0.09706,0.09681,0.09705,3776370.0
1790916780000,0.09705,0.09705,0.0968,0.09681,2206762.0
1790916840000,0.09682,0.09691,0.09672,0.09678,883381.0
1790916900000,0.09678,0.09689,0.09677,0.09681,1082995.0
1790916960000,0.09681,0.09684,0.09676,0.09681,424416.0
1790917020000,0.09681,0.09684,0.09677,0.09679,557566.0
1790917080000,0.09679,0.09679,0.09671,0.09674,622634.0
1790917140000,0.09674,0.09681,0.09672,0.09677,442834.0
1790917200000,0.09677,0.09681,0.09665,0.09669,1264786.0
1790917260000,0.0967,0.09678,0.09665,0.09668,981786.0
1790917320000,0.09668,0.09668,0.09653,0.09655,1554049.0
1790917380000,0.09656,0.09659,0.09653,0.09656,337504.0
1790917440000,0.09655,0.09656,0.09639,0.09641,1245974.0
1790917500000,0.0964,0.0964,0.09632,0.09634,749317.0
1790917560000,0.09633,0.09645,0.09632,0.09642,407058.0
1790917620000,0.09641,0.09647,0.09634,0.09637,390151.0
1790917680000,0.09636,0.0965,0.09636,0.09647,297837.0
1790917740000,0.09648,0.09649,0.09631,0.09633,793351.0
1790917800000,0.09632,0.09636,0.09625,0.09626,3137512.0
1790917860000,0.09626,0.09643,0.09625,0.0964,3920511.0
1790917920000,0.0964,0.09647,0.09636,0.09641,767957.0
1790917980000,0.09641,0.09641,0.09634,0.09639,706098.0
1790918040000,0.09638,0.0964,0.09635,0.09637,321359.0
1790918100000,0.09637,0.09638,0.09633,0.09636,542931.0
1790918160000,0.09636,0.0964,0.09627,0.09627,521522.0
1790918220000,0.09627,0.09631,0.09618,0.09626,482445.0
1790918280000,0.09626,0.09639,0.09624,0.09629,1391347.0
1790918340000,0.09628,0.09632,0.09613,0.09623,386495.0
1790918400000,0.09621,0.09628,0.09619,0.0962,307665.0
1790918460000,0.09619,0.09619,0.0961,0.09611,340563.0
1790918520000,0.09612,0.09622,0.09612,0.09621,505633.0
1790918580000,0.09621,0.09624,0.09615,0.0962,842515.0
1790918640000,0.09621,0.09623,0.09614,0.09614,471277.0
1790918700000,0.09614,0.09615,0.09608,0.09609,452014.0
1790918760000,0.09608,0.09615,0.09607,0.09609,371549.0
1790918820000,0.09608,0.0962,0.09608,0.09618,214484.0
1790918880000,0.09618,0.09621,0.09614,0.09614,849149.0
1790918940000,0.09615,0.09625,0.09614,0.09624,883720.0
1790919000000,0.09623,0.09626,0.09611,0.09623,560120.0
1790919060000,0.09622,0.09639,0.0962,0.09639,1050492.0
1790919120000,0.09639,0.0964,0.09635,0.0964,406864.0
1790919180000,0.0964,0.0964,0.09625,0.09631,651102.0
1790919240000,0.0963,0.0964,0.09627,0.09638,137367.0
1790919300000,0.09637,0.09637,0.09618,0.09626,1817861.0
1790919360000,0.09627,0.09627,0.09615,0.09617,837027.0
1790919420000,0.09617,0.09617,0.09598,0.09607,1452236.0
1790919480000,0.09608,0.09609,0.09582,0.09583,891568.0
1790919540000,0.09582,0.09588,0.09561,0.09561,1159863.0
1790919600000,0.09561,0.09577,0.09552,0.09571,1039838.0
1790919660000,0.09572,0.09586,0.09569,0.09582,879062.0
1790919720000,0.09582,0.09591,0.09581,0.09591,587521.0
1790919780000,0.0959,0.09599,0.09586,0.09592,1008835.0
1790919840000,0.09592,0.09601,0.09592,0.09596,377397.0
1790919900000,0.09596,0.09599,0.0958,0.0958,506270.0
1790919960000,0.09581,0.09585,0.0958,0.09582,291352.0
1790920020000,0.09582,0.09582,0.09569,0.0957,3135999.0
1790920080000,0.0957,0.09585,0.09569,0.09581,232311.0
1790920140000,0.0958,0.0958,0.09573,0.09574,725817.0
1790920200000,0.09574,0.09578,0.09574,0.09575,186449.0
1790920260000,0.09575,0.09586,0.09575,0.09585,164891.0
1790920320000,0.09586,0.09586,0.09577,0.09577,289168.0
1790920380000,0.09577,0.09578,0.09565,0.09575,694368.0
1790920440000,0.09575,0.09576,0.09567,0.09572,354233.0
1790920500000,0.09573,0.09587,0.09573,0.0958,482916.0
1790920560000,0.09581,0.09581,0.09577,0.09579,187445.0
1790920620000,0.09579,0.09582,0.09575,0.09582,228646.0
1790920680000,0.09582,0.09588,0.0958,0.09588,1469565.0
1790920740000,0.09587,0.0959,0.09584,0.09584,470360.0
1790920800000,0.09584,0.09592,0.09574,0.09582,1859255.0
1790920860000,0.09581,0.09611,0.09581,0.0961,857412.0
1790920920000,0.0961,0.09612,0.096,0.09604,1028089.0
1790920980000,0.09603,0.0961,0.09598,0.09602,1190549.0
1790921040000,0.09603,0.09605,0.09597,0.09602,683028.0
1790921100000,0.09602,0.09608,0.09595,0.09596,267178.0
1790921160000,0.09595,0.09611,0.09595,0.096,1751671.0
1790921220000,0.096,0.09602,0.09594,0.09601,119172.0
1790921280000,0.096,0.096,0.09581,0.09582,221442.0
1790921340000,0.09582,0.09587,0.09581,0.09584,227905.0
1790921400000,0.09584,0.09602,0.0958,0.09602,593499.0
1790921460000,0.09602,0.0961,0.09594,0.09595,331983.0
1790921520000,0.09594,0.09598,0.0959,0.09592,158271.0
1790921580000,0.09592,0.09595,0.0959,0.09595,111220.0
1790921640000,0.09595,0.09595,0.09585,0.09585,253077.0
1790921700000,0.09586,0.09598,0.09585,0.09595,454110.0
1790921760000,0.09596,0.09597,0.09586,0.09586,403264.0
1790921820000,0.09585,0.09587,0.09579,0.09582,203015.0
1790921880000,0.09583,0.09583,0.09579,0.0958,280085.0
1790921940000,0.09579,0.09583,0.09576,0.09583,380198.0
1790922000000,0.09583,0.09592,0.0958,0.09592,652480.0
1790922060000,0.09592,0.09606,0.09592,0.09602,701717.0
1790922120000,0.09601,0.0961,0.09594,0.09597,382853.0
1790922180000,0.09597,0.09608,0.09595,0.09606,142093.0
1790922240000,0.09606,0.0961,0.09602,0.0961,407281.0
1790922300000,0.0961,0.09615,0.09609,0.09609,489158.0
1790922360000,0.09609,0.09612,0.09601,0.09608,777757.0
1790922420000,0.09609,0.09612,0.09605,0.09611,525136.0
1790922480000,0.09612,0.09614,0.09608,0.09612,147699.0
1790922540000,0.09612,0.09614,0.09609,0.09613,310933.0
1790922600000,0.09613,0.09619,0.09609,0.09611,1115997.0
1790922660000,0.09612,0.09614,0.09604,0.0961,186316.0
1790922720000,0.09611,0.09629,0.09611,0.09626,1185923.0
1790922780000,0.09626,0.09627,0.09619,0.09623,302674.0
1790922840000,0.09624,0.09626,0.09615,0.09616,55540.0
1790922900000,0.09615,0.0962,0.09598,0.096,999407.0
1790922960000,0.09599,0.09606,0.09593,0.09598,168474.0
1790923020000,0.09598,0.096,0.09593,0.09599,131653.0
1790923080000,0.09598,0.09602,0.09593,0.09597,217584.0
1790923140000,0.09598,0.09611,0.09598,0.09611,72389.0
1790923200000,0.09611,0.09613,0.09603,0.09604,208547.0
1790923260000,0.09604,0.09605,0.09598,0.09602,323995.0
1790923320000,0.09602,0.09605,0.096,0.09605,352070.0
1790923380000,0.09604,0.09607,0.09601,0.09607,537399.0
1790923440000,0.09607,0.09609,0.09605,0.09608,190275.0
1790923500000,0.09607,0.09607,0.09596,0.09597,370077.0
1790923560000,0.09598,0.09606,0.09598,0.09606,317523.0
1790923620000,0.09606,0.09607,0.09599,0.09599,98765.0
1790923680000,0.096,0.096,0.09595,0.09597,186394.0
1790923740000,0.09597,0.09602,0.09597,0.09599,162124.0
1790923800000,0.09599,0.09611,0.09599,0.09611,92071.0
1790923860000,0.09612,0.09617,0.09608,0.0961,602943.0
1790923920000,0.09609,0.09609,0.09594,0.09597,301091.0
1790923980000,0.09597,0.09599,0.09595,0.09599,30484.0
1790924040000,0.09599,0.09608,0.09597,0.09608,47320.0
1790924100000,0.09607,0.09613,0.09607,0.09609,27886.0
1790924160000,0.09609,0.0961,0.096,0.09601,85466.0
1790924220000,0.09601,0.09604,0.09592,0.09593,201387.0
1790924280000,0.09593,0.09599,0.09584,0.09594,1020790.0
1790924340000,0.09593,0.09593,0.09588,0.0959,247037.0
1790924400000,0.09589,0.0959,0.09579,0.09579,263540.0
1790924460000,0.09579,0.09601,0.09579,0.09593,692734.0
1790924520000,0.09592,0.09592,0.09574,0.09579,336952.0
1790924580000,0.09579,0.0959,0.09574,0.0959,627917.0
1790924640000,0.0959,0.09599,0.09583,0.09583,566151.0
1790924700000,0.09582,0.09595,0.0958,0.09593,826914.0
1790924760000,0.09593,0.09605,0.09588,0.09604,311009.0
1790924820000,0.09603,0.09605,0.09592,0.09595,318848.0
1790924880000,0.09594,0.09596,0.09589,0.09589,158048.0
1790924940000,0.0959,0.09591,0.09585,0.09587,161055.0
1790925000000,0.09588,0.09592,0.09586,0.09592,112129.0
1790925060000,0.09592,0.09595,0.0959,0.09595,174605.0
1790925120000,0.09594,0.09596,0.09587,0.09589,84564.0
1790925180000,0.09589,0.09598,0.09589,0.09593,209523.0
1790925240000,0.09592,0.09594,0.09588,0.09589,55759.0
1790925300000,0.09588,0.09592,0.09583,0.09591,141610.0
1790925360000,0.09592,0.09596,0.09577,0.09577,240809.0
1790925420000,0.09576,0.09584,0.09576,0.09582,149959.0
1790925480000,0.09581,0.09586,0.09579,0.09584,407213.0
1790925540000,0.09585,0.09587,0.09579,0.0958,252053.0
1790925600000,0.0958,0.0958,0.09574,0.09574,771465.0
1790925660000,0.09574,0.09574,0.09568,0.09573,700065.0
1790925720000,0.09573,0.0958,0.09572,0.09572,694162.0
1790925780000,0.09572,0.09572,0.09565,0.09566,170660.0
1790925840000,0.09567,0.09573,0.09563,0.09567,2223123.0
1790925900000,0.09567,0.09571,0.09565,0.09566,1203381.0
1790925960000,0.09566,0.09572,0.09564,0.09572,179951.0
1790926020000,0.09571,0.09576,0.09567,0.09567,2110059.0
1790926080000,0.09567,0.09571,0.09566,0.0957,147736.0
1790926140000,0.09569,0.09571,0.09566,0.09567,158987.0
1790926200000,0.09566,0.09566,0.09544,0.09544,901652.0
1790926260000,0.09543,0.09561,0.09542,0.09558,538240.0
1790926320000,0.09559,0.09569,0.09558,0.09565,226682.0
1790926380000,0.09564,0.0957,0.09561,0.09567,209692.0
1790926440000,0.09568,0.09573,0.09568,0.09572,306019.0
1790926500000,0.09572,0.09576,0.09572,0.09572,118512.0
1790926560000,0.09573,0.09575,0.09568,0.09571,343239.0
1790926620000,0.09572,0.09582,0.09565,0.09566,1154742.0
1790926680000,0.09567,0.09574,0.09564,0.09571,1246553.0
1790926740000,0.09572,0.09579,0.09572,0.09572,241818.0
1790926800000,0.09572,0.09579,0.09571,0.09575,288617.0
1790926860000,0.09576,0.09582,0.09575,0.09582,216245.0
1790926920000,0.09582,0.09593,0.09582,0.09592,286141.0
1790926980000,0.09593,0.09599,0.09592,0.09599,105523.0
1790927040000,0.09599,0.096,0.09591,0.09594,692007.0
1790927100000,0.09595,0.09617,0.09595,0.09616,217353.0
1790927160000,0.09617,0.09624,0.09614,0.09614,2738612.0
1790927220000,0.09613,0.09614,0.09605,0.09614,739097.0
1790927280000,0.09615,0.09618,0.09611,0.09612,161593.0
1790927340000,0.09611,0.09624,0.09611,0.09622,736410.0
1790927400000,0.09623,0.09626,0.09614,0.0962,1232932.0
1790927460000,0.09619,0.0962,0.09612,0.09617,277007.0
1790927520000,0.09617,0.09621,0.09613,0.09614,387733.0
1790927580000,0.09613,0.09625,0.09613,0.09624,281065.0
1790927640000,0.09624,0.09638,0.09624,0.09636,251931.0
1790927700000,0.09636,0.09642,0.09633,0.0964,370316.0
1790927760000,0.0964,0.09653,0.0964,0.09652,324009.0
1790927820000,0.09651,0.09657,0.09646,0.09656,432544.0
1790927880000,0.09656,0.0966,0.0964,0.0964,713113.0
1790927940000,0.09641,0.09647,0.09641,0.09647,464751.0
1790928000000,0.09648,0.09655,0.09642,0.09645,409312.0
1790928060000,0.09646,0.09654,0.09642,0.09652,399689.0
1790928120000,0.09653,0.09665,0.0965,0.09665,285757.0
1790928180000,0.09664,0.0967,0.09662,0.09668,460733.0
1790928240000,0.09668,0.09671,0.09653,0.09653,1031148.0
1790928300000,0.09654,0.09654,0.0964,0.09644,1331352.0
1790928360000,0.09644,0.09655,0.09643,0.09655,1361853.0
1790928420000,0.09654,0.09655,0.0964,0.09642,440450.0
1790928480000,0.09641,0.09644,0.09634,0.09636,1521609.0
1790928540000,0.09636,0.09642,0.09636,0.0964,230575.0
1790928600000,0.09639,0.09648,0.09639,0.09645,723659.0
1790928660000,0.09644,0.09645,0.09635,0.09645,685401.0
1790928720000,0.09646,0.09646,0.09641,0.09642,89131.0
1790928780000,0.09643,0.0965,0.09639,0.0965,330704.0
1790928840000,0.09649,0.0965,0.0964,0.09641,213011.0
1790928900000,0.0964,0.0965,0.09638,0.0965,822794.0
1790928960000,0.09651,0.09668,0.09649,0.09664,447587.0
1790929020000,0.09664,0.09721,0.09664,0.09708,3245460.0
1790929080000,0.09709,0.09725,0.09701,0.09718,3400709.0
1790929140000,0.09718,0.09755,0.09716,0.09754,3927942.0
1790929200000,0.09755,0.09758,0.09738,0.09758,2941785.0
1790929260000,0.09758,0.09785,0.09752,0.09763,6196070.0
1790929320000,0.09762,0.0979,0.09759,0.09787,4347087.0
1790929380000,0.09787,0.09796,0.09768,0.09768,8229751.0
1790929440000,0.09768,0.09771,0.09735,0.09735,1871844.0
1790929500000,0.09735,0.09747,0.09731,0.09743,606880.0
1790929560000,0.09742,0.09758,0.09741,0.09742,1116722.0
1790929620000,0.09742,0.09743,0.0973,0.0973,275372.0
1790929680000,0.0973,0.09741,0.09729,0.09737,622370.0
1790929740000,0.09736,0.09746,0.09736,0.09746,1581021.0
1790929800000,0.09746,0.09773,0.09744,0.09767,1148468.0
1790929860000,0.09766,0.09772,0.09755,0.09771,693591.0
1790929920000,0.09771,0.09771,0.09755,0.09755,507260.0
1790929980000,0.09755,0.09759,0.09746,0.09747,361293.0
1790930040000,0.09746,0.09754,0.0974,0.09752,938833.0
1790930100000,0.09753,0.09754,0.09746,0.0975,511649.0
1790930160000,0.09749,0.09765,0.09749,0.09754,810583.0
1790930220000,0.09755,0.09765,0.09755,0.09764,302869.0
1790930280000,0.09764,0.09767,0.0976,0.09762,317363.0
1790930340000,0.09762,0.09763,0.09757,0.09763,433843.0
1790930400000,0.09762,0.09778,0.09759,0.09774,1142763.0
1790930460000,0.09773,0.09773,0.0976,0.09761,441008.0
1790930520000,0.0976,0.09763,0.09756,0.09757,1481178.0
1790930580000,0.09756,0.09759,0.09753,0.09753,813759.0
1790930640000,0.09753,0.09754,0.09749,0.09749,271931.0
1790930700000,0.09748,0.09748,0.09739,0.09742,330934.0
1790930760000,0.09743,0.09746,0.09741,0.09741,364119.0
1790930820000,0.0974,0.09741,0.09729,0.09731,950526.0
1790930880000,0.09732,0.09733,0.09726,0.09727,361681.0
1790930940000,0.09727,0.09727,0.09726,0.09726,21091.0
1790931000000,0.09727,0.09735,0.09724,0.09735,311139.0
1790931060000,0.09734,0.09737,0.09722,0.09722,293480.0
1790931120000,0.09723,0.09725,0.09719,0.0972,640698.0
1790931180000,0.09719,0.0972,0.09712,0.09712,698514.0
1790931240000,0.09712,0.09712,0.09689,0.09698,5669176.0
1790931300000,0.09699,0.09724,0.09699,0.09723,2711680.0
1790931360000,0.09724,0.09724,0.09718,0.09718,233864.0
1790931420000,0.09717,0.0972,0.09712,0.09717,220747.0
1790931480000,0.09717,0.09717,0.09713,0.09713,130375.0
1790931540000,0.09713,0.09714,0.09704,0.09713,747822.0
1790931600000,0.09713,0.09713,0.09706,0.09707,600972.0
1790931660000,0.09707,0.09707,0.09689,0.0969,783017.0
1790931720000,0.09689,0.09694,0.09685,0.0969,767618.0
1790931780000,0.0969,0.09701,0.09686,0.097,1390956.0
1790931840000,0.097,0.09702,0.09694,0.09701,649166.0
1790931900000,0.09702,0.09711,0.09702,0.09706,185368.0
1790931960000,0.09706,0.09713,0.09701,0.09705,565869.0
1790932020000,0.09705,0.09717,0.09704,0.09714,705261.0
1790932080000,0.09714,0.09724,0.09709,0.09717,599102.0
1790932140000,0.09716,0.09728,0.09716,0.09728,319034.0
1790932200000,0.09729,0.09735,0.09728,0.09734,927184.0
1790932260000,0.09733,0.09743,0.09733,0.09742,394975.0
1790932320000,0.09742,0.09743,0.09734,0.09741,707184.0
1790932380000,0.09741,0.09747,0.0974,0.09743,189532.0
1790932440000,0.09744,0.09746,0.09729,0.09734,421065.0
1790932500000,0.09735,0.09736,0.09727,0.0973,288159.0
1790932560000,0.09729,0.09737,0.09727,0.09737,558585.0
1790932620000,0.09737,0.09749,0.09734,0.09747,669598.0
1790932680000,0.09746,0.09748,0.09734,0.09736,1103752.0
1790932740000,0.09736,0.09741,0.09734,0.09741,283811.0
1790932800000,0.09741,0.09744,0.09738,0.0974,349846.0
1790932860000,0.09739,0.09748,0.09738,0.09743,863580.0
1790932920000,0.09743,0.09746,0.09737,0.09738,317839.0
1790932980000,0.09739,0.0974,0.09737,0.09738,167241.0
1790933040000,0.09737,0.09737,0.09729,0.0973,457498.0
1790933100000,0.09729,0.09729,0.09707,0.09712,649442.0
1790933160000,0.09711,0.09726,0.09707,0.0971,1539576.0
1790933220000,0.09711,0.09711,0.09695,0.097,1069771.0
1790933280000,0.097,0.097,0.09678,0.09679,1990320.0
1790933340000,0.0968,0.09683,0.09661,0.09675,2413169.0
1790933400000,0.09674,0.09689,0.09674,0.09689,1698037.0
1790933460000,0.09688,0.09706,0.09683,0.09706,454258.0
1790933520000,0.09706,0.09711,0.09703,0.09703,735297.0
1790933580000,0.09704,0.0971,0.09692,0.09693,497919.0
1790933640000,0.09693,0.09705,0.09692,0.09696,315523.0
1790933700000,0.09696,0.09696,0.09674,0.09676,462964.0
1790933760000,0.09675,0.09687,0.0967,0.0967,385655.0
1790933820000,0.0967,0.09684,0.0967,0.09675,233442.0
1790933880000,0.09674,0.09685,0.09674,0.09685,305063.0
1790933940000,0.09685,0.09693,0.09685,0.09689,640218.0
1790934000000,0.09689,0.09698,0.09687,0.09691,842450.0
1790934060000,0.0969,0.09695,0.09686,0.09686,326982.0
1790934120000,0.09686,0.0969,0.09681,0.0969,308293.0
1790934180000,0.0969,0.09694,0.09682,0.09694,799924.0
1790934240000,0.09694,0.09694,0.09687,0.09688,446304.0
1790934300000,0.09688,0.09689,0.09681,0.09684,581082.0
1790934360000,0.09684,0.0969,0.09675,0.09678,2347591.0
1790934420000,0.09678,0.09683,0.09675,0.09678,999476.0
1790934480000,0.09678,0.0969,0.09678,0.0969,428405.0
1790934540000,0.09689,0.097,0.09684,0.09687,329725.0
1790934600000,0.09687,0.097,0.09686,0.09695,902064.0
1790934660000,0.09694,0.09704,0.09694,0.09701,590109.0
1790934720000,0.09701,0.09708,0.09697,0.09704,678953.0
1790934780000,0.09704,0.09709,0.097,0.09706,525522.0
1790934840000,0.09706,0.09709,0.09704,0.09706,628541.0
1790934900000,0.09706,0.09714,0.09705,0.09714,389251.0
1790934960000,0.09713,0.09716,0.09712,0.09712,353453.0
1790935020000,0.09713,0.09713,0.09708,0.0971,480708.0
1790935080000,0.0971,0.0971,0.09695,0.09702,1888356.0
1790935140000,0.09702,0.09703,0.09696,0.09697,327859.0
1790935200000,0.09697,0.09702,0.09695,0.09701,136864.0
1790935260000,0.09701,0.09701,0.09695,0.09699,64409.0
1790935320000,0.09699,0.09701,0.09691,0.09693,204198.0
1790935380000,0.09693,0.09695,0.09684,0.09693,823925.0
1790935440000,0.09693,0.097,0.09688,0.097,81663.0
1790935500000,0.097,0.09706,0.09697,0.097,317907.0
1790935560000,0.097,0.09702,0.09685,0.09686,243738.0
1790935620000,0.09687,0.097,0.09686,0.09688,549263.0
1790935680000,0.09688,0.09695,0.09688,0.09694,175686.0
1790935740000,0.09695,0.09695,0.0968,0.0968,320633.0
1790935800000,0.0968,0.09681,0.09677,0.09677,162301.0
1790935860000,0.09678,0.0968,0.09676,0.09678,151408.0
1790935920000,0.09677,0.09683,0.09677,0.09682,50134.0
1790935980000,0.09682,0.09682,0.09676,0.09679,239063.0
1790936040000,0.09679,0.09681,0.09676,0.09677,209228.0
1790936100000,0.09678,0.09682,0.09676,0.09682,76621.0
1790936160000,0.09682,0.0969,0.09681,0.09685,74364.0
1790936220000,0.09684,0.09684,0.09673,0.09676,46264.0
1790936280000,0.09676,0.09688,0.09672,0.09673,367014.0
1790936340000,0.09673,0.09676,0.09671,0.09675,183685.0
1790936400000,0.09676,0.09682,0.09675,0.09678,71830.0
1790936460000,0.09678,0.09679,0.0967,0.09674,262362.0
1790936520000,0.09673,0.09675,0.0966,0.09661,1242671.0
1790936580000,0.0966,0.09662,0.09649,0.0965,3807238.0
1790936640000,0.09649,0.09651,0.09641,0.09648,2242974.0
1790936700000,0.09648,0.09648,0.09635,0.09646,4857027.0
1790936760000,0.09646,0.09658,0.09644,0.09657,278060.0
1790936820000,0.09657,0.09669,0.09654,0.09669,187175.0
1790936880000,0.0967,0.09682,0.09668,0.09682,287500.0
1790936940000,0.09682,0.09685,0.0968,0.0968,327439.0
1790937000000,0.0968,0.09683,0.09674,0.09674,107272.0
1790937060000,0.09673,0.09675,0.09667,0.09667,532456.0
1790937120000,0.09667,0.09682,0.09665,0.09676,162849.0
1790937180000,0.09677,0.09684,0.09676,0.09679,126185.0
1790937240000,0.0968,0.09691,0.0968,0.09686,463436.0
1790937300000,0.09686,0.09697,0.09684,0.09697,307836.0
1790937360000,0.09696,0.09704,0.09691,0.09693,937829.0
1790937420000,0.09693,0.09697,0.09686,0.09688,307350.0
1790937480000,0.09689,0.09697,0.09689,0.09697,117472.0
1790937540000,0.09698,0.09703,0.09693,0.09696,194315.0
1790937600000,0.09697,0.09701,0.09694,0.097,321145.0
1790937660000,0.09701,0.09701,0.09698,0.09701,260858.0
1790937720000,0.09701,0.09703,0.09695,0.09697,419483.0
1790937780000,0.09696,0.09699,0.09687,0.09688,1376776.0
1790937840000,0.09688,0.09692,0.09688,0.0969,123632.0
1790937900000,0.09691,0.09692,0.09688,0.0969,421479.0
1790937960000,0.0969,0.0969,0.09683,0.09685,226288.0
1790938020000,0.09685,0.09686,0.09682,0.09682,92890.0
1790938080000,0.09683,0.09683,0.09676,0.0968,123251.0
1790938140000,0.09681,0.09685,0.09675,0.09677,302488.0
1790938200000,0.09676,0.09676,0.09671,0.09672,579291.0
1790938260000,0.09671,0.09674,0.09666,0.09667,310420.0
1790938320000,0.09667,0.09667,0.09664,0.09665,80186.0
1790938380000,0.09664,0.09665,0.09663,0.09664,64582.0
1790938440000,0.09663,0.09676,0.09663,0.09671,1021982.0
1790938500000,0.09671,0.09679,0.09665,0.09665,117577.0
1790938560000,0.09664,0.09671,0.09664,0.09667,309387.0
1790938620000,0.09668,0.09669,0.09665,0.09667,181524.0
1790938680000,0.09667,0.09669,0.09664,0.09668,97872.0
1790938740000,0.09668,0.09668,0.09662,0.09663,112647.0
1790938800000,0.09663,0.09668,0.09657,0.09657,320162.0
1790938860000,0.09657,0.09663,0.09653,0.09659,419417.0
1790938920000,0.0966,0.09669,0.09658,0.09665,299576.0
1790938980000,0.09666,0.09667,0.09658,0.09664,167235.0
1790939040000,0.09664,0.09677,0.09663,0.09676,83031.0
1790939100000,0.09676,0.09679,0.09673,0.09677,122062.0
1790939160000,0.09677,0.09684,0.09676,0.09681,180245.0
1790939220000,0.09681,0.09684,0.09677,0.09677,186468.0
1790939280000,0.09677,0.09679,0.09671,0.09679,101388.0
1790939340000,0.09678,0.09687,0.09678,0.09686,94630.0
1790939400000,0.09685,0.09688,0.09683,0.09684,228152.0
1790939460000,0.09684,0.09686,0.09682,0.09682,87107.0
1790939520000,0.09683,0.09683,0.09679,0.09681,103984.0
1790939580000,0.09682,0.09683,0.09679,0.09679,233089.0
1790939640000,0.09679,0.0968,0.09675,0.09679,124812.0
1790939700000,0.0968,0.09688,0.0968,0.09688,207834.0
1790939760000,0.09688,0.09688,0.09676,0.09676,211714.0
1790939820000,0.09675,0.09691,0.09673,0.09688,631873.0
1790939880000,0.09688,0.09688,0.09681,0.09682,112022.0
1790939940000,0.09681,0.09687,0.09681,0.09687,99982.0
1790940000000,0.09686,0.0969,0.09685,0.09689,133402.0
1790940060000,0.09689,0.09691,0.09683,0.09683,945374.0
1790940120000,0.09684,0.09691,0.09684,0.09687,405421.0
1790940180000,0.09687,0.09687,0.09683,0.09683,66870.0
1790940240000,0.09684,0.09686,0.09678,0.09683,727874.0
1790940300000,0.09683,0.09685,0.09675,0.09679,248924.0
1790940360000,0.09679,0.0968,0.09677,0.09679,44067.0
1790940420000,0.09679,0.0968,0.09675,0.09678,174369.0
1790940480000,0.09679,0.0968,0.09678,0.09678,49062.0
1790940540000,0.09678,0.09684,0.09677,0.09681,376612.0
1790940600000,0.09682,0.09683,0.09678,0.09678,181436.0
1790940660000,0.09678,0.09692,0.09678,0.09691,255161.0
1790940720000,0.09692,0.09693,0.09682,0.09689,254238.0
1790940780000,0.0969,0.09693,0.09686,0.09692,240760.0
1790940840000,0.09691,0.09695,0.09689,0.09689,79411.0
1790940900000,0.0969,0.09693,0.09688,0.09689,50336.0
1790940960000,0.09689,0.09697,0.09688,0.09697,116703.0
1790941020000,0.09696,0.09697,0.09695,0.09696,71043.0
1790941080000,0.09696,0.09697,0.0969,0.0969,57818.0
1790941140000,0.0969,0.09694,0.0969,0.09691,115857.0
1790941200000,0.09691,0.09691,0.09685,0.09686,264772.0
1790941260000,0.09686,0.09687,0.09677,0.09679,623027.0
1790941320000,0.09678,0.0968,0.09677,0.09677,72196.0
1790941380000,0.09678,0.09678,0.09668,0.09668,648092.0
1790941440000,0.09668,0.09679,0.09661,0.09679,486836.0
1790941500000,0.09678,0.09681,0.0967,0.09681,371019.0
1790941560000,0.0968,0.0968,0.09675,0.09675,116580.0
1790941620000,0.09675,0.09675,0.0967,0.09672,96747.0
1790941680000,0.09673,0.09676,0.0967,0.09674,153324.0
1790941740000,0.09674,0.09674,0.09664,0.09673,741109.0
1790941800000,0.09673,0.09674,0.09667,0.09668,318601.0
1790941860000,0.09669,0.09673,0.09667,0.0967,269527.0
1790941920000,0.09669,0.09679,0.09669,0.09676,115356.0
1790941980000,0.09676,0.09677,0.09668,0.09669,55176.0
1790942040000,0.09668,0.09672,0.09667,0.09671,43270.0
1790942100000,0.09671,0.09672,0.09655,0.09655,1112816.0
1790942160000,0.09655,0.09658,0.09653,0.09658,242753.0
1790942220000,0.09658,0.09658,0.09654,0.09654,140278.0
1790942280000,0.09655,0.09659,0.09654,0.09654,122422.0
1790942340000,0.09655,0.09658,0.09649,0.09652,557870.0
1790942400000,0.09653,0.09653,0.09646,0.09648,218198.0
1790942460000,0.09647,0.09647,0.09621,0.09628,1745333.0
1790942520000,0.09627,0.09627,0.09615,0.09618,814644.0
1790942580000,0.09617,0.09633,0.09615,0.09623,730005.0
1790942640000,0.09623,0.09635,0.09623,0.0963,264029.0
1790942700000,0.0963,0.09643,0.0963,0.09634,349174.0
1790942760000,0.09635,0.09648,0.09634,0.09648,145914.0
1790942820000,0.09647,0.09649,0.09645,0.09648,156776.0
1790942880000,0.09648,0.09653,0.09642,0.09653,317573.0
1790942940000,0.09652,0.09655,0.09645,0.09648,199700.0
1790943000000,0.09647,0.09658,0.09642,0.09656,522685.0
1790943060000,0.09655,0.09657,0.09653,0.09656,65415.0
1790943120000,0.09656,0.09656,0.09645,0.09652,230033.0
1790943180000,0.09651,0.09651,0.09639,0.09643,695804.0
1790943240000,0.09642,0.09643,0.09639,0.0964,892804.0
1790943300000,0.09641,0.09652,0.09639,0.0965,112491.0
1790943360000,0.09649,0.09663,0.09649,0.09657,593434.0
1790943420000,0.09656,0.0966,0.09654,0.09657,337203.0
1790943480000,0.09657,0.09661,0.09657,0.09661,106743.0
1790943540000,0.0966,0.09671,0.09655,0.09664,980739.0
1790943600000,0.09663,0.09668,0.09661,0.09664,224292.0
1790943660000,0.09663,0.09668,0.09662,0.09667,152162.0
1790943720000,0.09668,0.09675,0.09667,0.09671,133185.0
1790943780000,0.0967,0.0967,0.09655,0.09656,97628.0
1790943840000,0.09657,0.09661,0.09644,0.0965,316949.0
1790943900000,0.0965,0.09688,0.09646,0.09686,1702163.0
1790943960000,0.09686,0.09686,0.09674,0.0968,1128870.0
1790944020000,0.0968,0.0969,0.0968,0.09687,334184.0
1790944080000,0.09688,0.09689,0.09677,0.09685,251045.0
1790944140000,0.09685,0.09706,0.09685,0.09696,855620.0
1790944200000,0.09696,0.09761,0.09679,0.09714,21773231.0
1790944260000,0.09715,0.09751,0.09707,0.09713,3410639.0
1790944320000,0.09713,0.09721,0.09703,0.0972,747043.0
1790944380000,0.09719,0.09719,0.09684,0.09703,1119871.0
1790944440000,0.09703,0.09715,0.09691,0.09712,480412.0
1790944500000,0.09713,0.09714,0.09699,0.09706,225715.0
1790944560000,0.09705,0.09725,0.09696,0.0972,981395.0
1790944620000,0.09721,0.09739,0.0972,0.09738,1119172.0
1790944680000,0.09737,0.09739,0.09726,0.09729,1474093.0
1790944740000,0.09729,0.09737,0.09722,0.09727,376394.0
1790944800000,0.09727,0.09728,0.09714,0.09722,416320.0
1790944860000,0.09722,0.09723,0.09686,0.09695,521646.0
1790944920000,0.09694,0.09706,0.09685,0.09698,568707.0
1790944980000,0.09697,0.09698,0.09655,0.09671,2162150.0
1790945040000,0.0967,0.09693,0.09669,0.09677,397585.0
1790945100000,0.09676,0.09696,0.09672,0.09694,545523.0
1790945160000,0.09694,0.09718,0.09694,0.09714,347783.0
1790945220000,0.09714,0.09718,0.09709,0.09715,326386.0
1790945280000,0.09715,0.0972,0.09711,0.09712,287630.0
1790945340000,0.09712,0.09722,0.09712,0.09715,694802.0
1790945400000,0.09714,0.09724,0.09708,0.09719,685929.0
1790945460000,0.09719,0.0972,0.09703,0.09709,337683.0
1790945520000,0.0971,0.09724,0.09709,0.09718,286099.0
1790945580000,0.09718,0.09722,0.09712,0.09716,308608.0
1790945640000,0.09716,0.09716,0.09707,0.09715,239544.0
1790945700000,0.09715,0.09721,0.09715,0.09721,1169847.0
1790945760000,0.0972,0.0973,0.0972,0.09728,13005924.0
1790945820000,0.09729,0.0973,0.09721,0.09728,825094.0
1790945880000,0.09728,0.0973,0.09719,0.09719,1080085.0
1790945940000,0.0972,0.0972,0.09716,0.09716,281124.0
1790946000000,0.09716,0.09717,0.09707,0.09715,687712.0
1790946060000,0.09716,0.09732,0.09716,0.09729,514167.0
1790946120000,0.09728,0.09731,0.09715,0.09719,1084108.0
1790946180000,0.0972,0.09736,0.09717,0.09736,311470.0
1790946240000,0.09736,0.09741,0.09735,0.09735,197611.0
1790946300000,0.09735,0.09739,0.09721,0.09721,695414.0
1790946360000,0.09721,0.09728,0.09716,0.09716,503355.0
1790946420000,0.09717,0.09725,0.09711,0.09719,2236132.0
1790946480000,0.09718,0.09722,0.0971,0.09711,217424.0
1790946540000,0.09712,0.09715,0.097,0.09708,3980129.0
1790946600000,0.09708,0.09716,0.09706,0.09715,450500.0
1790946660000,0.09715,0.09715,0.097,0.09705,752415.0
1790946720000,0.09705,0.09709,0.09702,0.09707,658130.0
1790946780000,0.09706,0.09709,0.09704,0.09707,451026.0
1790946840000,0.09706,0.09712,0.09702,0.09702,299955.0
1790946900000,0.09703,0.09708,0.09696,0.09704,371308.0
1790946960000,0.09705,0.09713,0.09702,0.09709,275995.0
1790947020000,0.09709,0.09715,0.097,0.097,432361.0
1790947080000,0.09701,0.09706,0.09694,0.09695,815816.0
1790947140000,0.09694,0.09707,0.09692,0.097,198489.0
1790947200000,0.09699,0.09709,0.09698,0.09709,225331.0
1790947260000,0.09708,0.09713,0.09704,0.09704,413601.0
1790947320000,0.09703,0.0971,0.09696,0.09706,244408.0
1790947380000,0.09706,0.09709,0.09698,0.09709,984358.0
1790947440000,0.09709,0.0971,0.097,0.09702,210125.0
1790947500000,0.09703,0.09709,0.09697,0.09704,289220.0
1790947560000,0.09704,0.09708,0.09694,0.09697,106407.0
1790947620000,0.09697,0.09698,0.09689,0.0969,157088.0
1790947680000,0.09691,0.09701,0.09691,0.09696,220445.0
1790947740000,0.09695,0.09696,0.0969,0.09691,156132.0
1790947800000,0.09692,0.0971,0.09685,0.09709,588136.0
1790947860000,0.09708,0.09731,0.09703,0.09731,970672.0
1790947920000,0.09731,0.09735,0.09724,0.0973,1027192.0
1790947980000,0.0973,0.09736,0.09729,0.09731,724650.0
1790948040000,0.09732,0.09742,0.09727,0.09739,766982.0
1790948100000,0.09739,0.09756,0.09738,0.09751,524511.0
1790948160000,0.09751,0.09765,0.09751,0.09765,706985.0
1790948220000,0.09765,0.09774,0.09764,0.09764,1214695.0
1790948280000,0.09764,0.09774,0.09746,0.09753,442136.0
1790948340000,0.09752,0.09772,0.0975,0.09764,788330.0
1790948400000,0.09765,0.09768,0.09759,0.09759,639952.0
1790948460000,0.09758,0.09758,0.09736,0.09741,1416965.0
1790948520000,0.09742,0.09744,0.09726,0.0973,1012708.0
1790948580000,0.0973,0.09746,0.09727,0.09735,426886.0
1790948640000,0.09734,0.0974,0.09727,0.09734,456463.0
1790948700000,0.09734,0.09746,0.09732,0.09743,614715.0
1790948760000,0.09744,0.09746,0.0973,0.09734,600741.0
1790948820000,0.09734,0.0974,0.09731,0.09734,426633.0
1790948880000,0.09733,0.09733,0.09702,0.09716,1108576.0
1790948940000,0.09715,0.09729,0.09715,0.09716,770817.0
1790949000000,0.09716,0.09717,0.09695,0.097,1290655.0
1790949060000,0.09699,0.09699,0.09681,0.09685,535465.0
1790949120000,0.09684,0.09697,0.09682,0.09693,641262.0
1790949180000,0.09692,0.097,0.09683,0.09699,495643.0
1790949240000,0.09698,0.09702,0.09682,0.09682,252720.0
1790949300000,0.09682,0.09688,0.09666,0.09685,1120739.0
1790949360000,0.09684,0.09695,0.09669,0.09669,437271.0
1790949420000,0.09668,0.09683,0.0965,0.09669,1009869.0
1790949480000,0.0967,0.09679,0.09662,0.09678,389264.0
1790949540000,0.09678,0.09678,0.09661,0.09662,281365.0
1790949600000,0.09662,0.09665,0.09652,0.09662,392546.0
1790949660000,0.09663,0.09676,0.09648,0.09675,1173590.0
1790949720000,0.09676,0.09688,0.09673,0.09682,484676.0
1790949780000,0.09683,0.09689,0.09672,0.0968,268314.0
1790949840000,0.0968,0.097,0.09679,0.097,339326.0
1790949900000,0.097,0.09706,0.0969,0.0969,1434791.0
1790949960000,0.09689,0.09691,0.09662,0.09665,551096.0
1790950020000,0.09664,0.09664,0.09644,0.09644,877417.0
1790950080000,0.09644,0.09654,0.09636,0.09648,1098469.0
1790950140000,0.09648,0.09662,0.09642,0.09647,687315.0
1790950200000,0.09646,0.09653,0.0963,0.09633,703591.0
1790950260000,0.09632,0.09639,0.09615,0.09631,3085118.0
1790950320000,0.09632,0.09652,0.09631,0.0965,1089385.0
1790950380000,0.0965,0.09656,0.09647,0.09651,619103.0
1790950440000,0.0965,0.09651,0.09641,0.09643,561003.0
1790950500000,0.09643,0.09647,0.09627,0.09629,486540.0
1790950560000,0.09628,0.09642,0.09622,0.0964,692746.0
1790950620000,0.09639,0.09648,0.09639,0.09647,573589.0
1790950680000,0.09647,0.09665,0.09647,0.09653,446046.0
1790950740000,0.09654,0.09673,0.09652,0.09673,386987.0
1790950800000,0.09673,0.0968,0.09668,0.09678,337068.0
1790950860000,0.09678,0.0969,0.09672,0.09686,411746.0
1790950920000,0.09686,0.09686,0.09666,0.09672,447129.0
1790950980000,0.09672,0.09673,0.09663,0.0967,644821.0
1790951040000,0.09671,0.09676,0.09669,0.09669,235886.0
1790951100000,0.09669,0.0967,0.09651,0.09651,195695.0
1790951160000,0.09652,0.09654,0.09645,0.09646,465042.0
1790951220000,0.09645,0.09652,0.09633,0.09633,490614.0
1790951280000,0.09632,0.09642,0.09627,0.09639,1629628.0
1790951340000,0.09639,0.0964,0.09598,0.09607,7516075.0
1790951400000,0.09607,0.0961,0.09583,0.09603,4731729.0
1790951460000,0.09602,0.09613,0.09599,0.09605,1500456.0
1790951520000,0.09604,0.09617,0.09596,0.09612,1601881.0
1790951580000,0.09612,0.09612,0.09587,0.096,1130776.0
1790951640000,0.096,0.09601,0.09562,0.09579,5115799.0
1790951700000,0.0958,0.09609,0.09575,0.09603,1916210.0
1790951760000,0.09603,0.09608,0.09588,0.09598,1179499.0
1790951820000,0.09599,0.096,0.09576,0.09578,957244.0
1790951880000,0.09579,0.09599,0.09579,0.09594,1230953.0
1790951940000,0.09594,0.09598,0.09591,0.09597,815823.0
1790952000000,0.09597,0.09598,0.0959,0.09596,574379.0
1790952060000,0.09597,0.09607,0.0959,0.09607,976044.0
1790952120000,0.09607,0.0962,0.09606,0.0961,432269.0
1790952180000,0.09611,0.09614,0.09606,0.09608,357923.0
1790952240000,0.09608,0.09609,0.09596,0.09604,890892.0
1790952300000,0.09605,0.09615,0.09598,0.09602,950938.0
1790952360000,0.09602,0.0962,0.09602,0.09619,602763.0
1790952420000,0.0962,0.09626,0.09603,0.09622,3595027.0
1790952480000,0.09623,0.09623,0.09615,0.09622,601364.0
1790952540000,0.09623,0.09623,0.09612,0.09617,544126.0
1790952600000,0.09616,0.09616,0.09603,0.09607,605659.0
1790952660000,0.09606,0.09606,0.09585,0.09592,731645.0
1790952720000,0.09593,0.09598,0.09568,0.09593,1607038.0
1790952780000,0.09592,0.09593,0.09571,0.09571,919678.0
1790952840000,0.09571,0.09572,0.09528,0.0953,5339623.0
1790952900000,0.09529,0.0954,0.09481,0.09538,19655411.0
1790952960000,0.09538,0.09558,0.09528,0.09556,1868190.0
1790953020000,0.09556,0.09556,0.09542,0.09552,791604.0
1790953080000,0.09552,0.09555,0.09547,0.09548,567564.0
1790953140000,0.09547,0.0955,0.09537,0.09542,1113178.0
1790953200000,0.09543,0.09553,0.09542,0.09543,212513.0
1790953260000,0.09544,0.09556,0.09536,0.09555,654330.0
1790953320000,0.09555,0.09555,0.09537,0.09539,1256961.0
1790953380000,0.09539,0.09545,0.0953,0.09538,868303.0
1790953440000,0.09538,0.09542,0.09524,0.0953,540055.0
1790953500000,0.09529,0.09533,0.09509,0.0951,1369870.0
1790953560000,0.0951,0.09515,0.09498,0.09515,1339550.0
1790953620000,0.09514,0.09517,0.09483,0.09488,1333409.0
1790953680000,0.09489,0.09516,0.09486,0.09513,1157597.0
1790953740000,0.09513,0.09522,0.09505,0.0952,911740.0
1790953800000,0.09519,0.09541,0.09519,0.09535,909234.0
1790953860000,0.09535,0.09537,0.09521,0.09533,368228.0
1790953920000,0.09534,0.09541,0.09518,0.0952,482212.0
1790953980000,0.0952,0.09531,0.09516,0.09531,412134.0
1790954040000,0.09531,0.09538,0.09531,0.09538,325751.0
1790954100000,0.09538,0.09548,0.09531,0.09532,856551.0
1790954160000,0.09531,0.09531,0.09501,0.09501,426766.0
1790954220000,0.095,0.09519,0.095,0.09514,988588.0
1790954280000,0.09515,0.09531,0.09515,0.09529,540791.0
1790954340000,0.0953,0.09535,0.09516,0.0952,507501.0
1790954400000,0.09521,0.09527,0.09513,0.09514,710740.0
1790954460000,0.09514,0.09525,0.09513,0.0952,166713.0
1790954520000,0.0952,0.09524,0.09506,0.09507,1025138.0
1790954580000,0.09507,0.0951,0.09503,0.09508,1256413.0
1790954640000,0.09508,0.09511,0.09476,0.09481,1760872.0
1790954700000,0.09482,0.09493,0.09477,0.09491,280479.0
1790954760000,0.0949,0.09513,0.09488,0.09511,339322.0
1790954820000,0.0951,0.09523,0.09508,0.09517,229680.0
1790954880000,0.09517,0.09526,0.09516,0.0952,183553.0
1790954940000,0.0952,0.09521,0.09504,0.09515,318387.0
1790955000000,0.09514,0.0952,0.09501,0.09508,657630.0
1790955060000,0.09508,0.09519,0.09501,0.09503,326701.0
1790955120000,0.09504,0.09507,0.09493,0.095,283215.0
1790955180000,0.09501,0.09517,0.09499,0.09515,220597.0
1790955240000,0.09516,0.09519,0.09499,0.09501,194585.0
1790955300000,0.09501,0.09515,0.09497,0.09511,266557.0
1790955360000,0.0951,0.09513,0.09502,0.09507,385205.0
1790955420000,0.09507,0.09515,0.09495,0.09498,240811.0
1790955480000,0.09498,0.09506,0.09492,0.09503,280095.0
1790955540000,0.09504,0.09505,0.09494,0.09498,314199.0
1790955600000,0.09497,0.09497,0.09486,0.09489,269901.0
1790955660000,0.09488,0.095,0.09483,0.095,351050.0
1790955720000,0.09499,0.09516,0.09497,0.09516,797269.0
1790955780000,0.09516,0.09521,0.09498,0.09498,273388.0
1790955840000,0.09499,0.095,0.09495,0.09499,528644.0
1790955900000,0.09499,0.09504,0.09492,0.09494,378753.0
1790955960000,0.09493,0.09497,0.09486,0.09493,380023.0
1790956020000,0.09494,0.095,0.09492,0.09498,1302637.0
1790956080000,0.09499,0.09514,0.09499,0.09502,639218.0
1790956140000,0.09502,0.09512,0.095,0.09512,428188.0
1790956200000,0.09513,0.0952,0.09507,0.09513,253826.0
1790956260000,0.09513,0.09529,0.0951,0.09523,635220.0
1790956320000,0.09523,0.09524,0.09505,0.0951,274632.0
1790956380000,0.0951,0.09512,0.09504,0.09505,273738.0
1790956440000,0.09504,0.09515,0.09496,0.095,719665.0
1790956500000,0.09499,0.09502,0.09488,0.09502,351133.0
1790956560000,0.09501,0.09513,0.09498,0.09505,779411.0
1790956620000,0.09505,0.09509,0.09503,0.09504,163565.0
1790956680000,0.09504,0.09506,0.09496,0.09502,263166.0
1790956740000,0.09501,0.09513,0.095,0.09512,217777.0
1790956800000,0.09513,0.09519,0.0951,0.09517,287182.0
1790956860000,0.09518,0.09532,0.09518,0.09532,615948.0
1790956920000,0.09532,0.09535,0.09525,0.0953,605025.0
1790956980000,0.0953,0.09532,0.09525,0.09525,172542.0
1790957040000,0.09524,0.09531,0.0952,0.0953,791256.0
1790957100000,0.09531,0.09533,0.09523,0.09523,277303.0
1790957160000,0.09524,0.0953,0.09513,0.09516,1009010.0
1790957220000,0.09517,0.09525,0.09509,0.09509,119275.0
1790957280000,0.09509,0.09518,0.09502,0.09512,473516.0
1790957340000,0.09512,0.09517,0.09506,0.09513,170825.0
1790957400000,0.09512,0.09518,0.09502,0.09503,434198.0
1790957460000,0.09503,0.09505,0.09497,0.09497,980619.0
1790957520000,0.09498,0.09503,0.09493,0.09497,406669.0
1790957580000,0.09497,0.09518,0.09497,0.09504,409408.0
1790957640000,0.09505,0.0951,0.09504,0.09507,299438.0
1790957700000,0.09508,0.09516,0.09505,0.09513,783802.0
1790957760000,0.09512,0.09522,0.0951,0.09521,221621.0
1790957820000,0.09522,0.09532,0.09521,0.09528,786387.0
1790957880000,0.09528,0.09542,0.09525,0.0953,465325.0
1790957940000,0.09531,0.09543,0.09531,0.09543,410711.0
1790958000000,0.09544,0.09545,0.0954,0.09543,279745.0
1790958060000,0.09543,0.09562,0.09539,0.09551,5608716.0
1790958120000,0.09552,0.09552,0.09533,0.09535,775406.0
1790958180000,0.09534,0.09534,0.09515,0.09518,510741.0
1790958240000,0.09518,0.09522,0.09505,0.0951,396728.0
1790958300000,0.09511,0.09529,0.09511,0.09515,504839.0
1790958360000,0.09516,0.09521,0.09514,0.09516,176339.0
1790958420000,0.09515,0.09525,0.09509,0.09522,406773.0
1790958480000,0.09521,0.09521,0.09512,0.09513,209215.0
1790958540000,0.09512,0.09512,0.09502,0.09504,91121.0
1790958600000,0.09504,0.09512,0.09504,0.09506,283972.0
1790958660000,0.09507,0.09507,0.09495,0.09496,207195.0
1790958720000,0.09496,0.09499,0.0949,0.09493,555830.0
1790958780000,0.09494,0.09504,0.09494,0.09502,349935.0
1790958840000,0.09502,0.09513,0.09502,0.09504,213811.0
1790958900000,0.09504,0.09513,0.09502,0.09505,154431.0
1790958960000,0.09505,0.09511,0.09503,0.09511,227157.0
1790959020000,0.0951,0.09512,0.09501,0.09502,234064.0
1790959080000,0.09502,0.09505,0.09494,0.09496,139884.0
1790959140000,0.09496,0.095,0.09488,0.0949,136398.0
1790959200000,0.0949,0.09493,0.09487,0.09489,1304713.0
1790959260000,0.09489,0.0949,0.09472,0.09473,379181.0
1790959320000,0.09474,0.09481,0.09471,0.09481,279432.0
1790959380000,0.09481,0.09498,0.09481,0.09498,433512.0
1790959440000,0.09498,0.09509,0.09497,0.09509,135430.0
1790959500000,0.09509,0.09523,0.09509,0.09523,280601.0
1790959560000,0.09522,0.09526,0.09518,0.09521,281426.0
1790959620000,0.09521,0.09524,0.09517,0.09517,856308.0
1790959680000,0.09518,0.09521,0.0951,0.09511,118365.0
1790959740000,0.09511,0.09516,0.0951,0.09513,403833.0
1790959800000,0.09513,0.09517,0.09508,0.09513,85685.0
1790959860000,0.09514,0.09529,0.09507,0.09509,426848.0
1790959920000,0.0951,0.09511,0.09503,0.09503,77227.0
1790959980000,0.09503,0.09508,0.095,0.09501,265758.0
1790960040000,0.09502,0.09506,0.09498,0.09499,131706.0
1790960100000,0.095,0.09503,0.09494,0.09494,210924.0
1790960160000,0.09494,0.09494,0.09484,0.09492,188425.0
1790960220000,0.09491,0.09501,0.09491,0.09495,492718.0
1790960280000,0.09495,0.09504,0.09495,0.095,160447.0
1790960340000,0.09499,0.09502,0.09495,0.095,278203.0
1790960400000,0.09501,0.09508,0.09497,0.09507,207078.0
1790960460000,0.09507,0.09519,0.09506,0.09517,141161.0
1790960520000,0.09518,0.0952,0.09516,0.0952,188466.0
1790960580000,0.09519,0.09519,0.09511,0.09513,51401.0
1790960640000,0.09512,0.09514,0.09503,0.09506,557685.0
1790960700000,0.09505,0.09512,0.09504,0.09508,153563.0
1790960760000,0.09509,0.09512,0.09494,0.09495,116996.0
1790960820000,0.09494,0.09498,0.0949,0.09492,190111.0
1790960880000,0.09491,0.09501,0.09491,0.09493,154861.0
1790960940000,0.09493,0.09497,0.09492,0.09494,71032.0
1790961000000,0.09494,0.09494,0.09492,0.09492,84759.0
1790961060000,0.09492,0.09494,0.09486,0.0949,333324.0
1790961120000,0.0949,0.09498,0.09486,0.09496,98018.0
1790961180000,0.09496,0.09496,0.09478,0.09481,116669.0
1790961240000,0.09482,0.09486,0.09465,0.09469,711562.0
1790961300000,0.09469,0.09477,0.0944,0.09447,2704576.0
1790961360000,0.09448,0.09471,0.09446,0.09471,935390.0
1790961420000,0.09471,0.09476,0.09465,0.09471,235519.0
1790961480000,0.09472,0.09483,0.09471,0.09482,245756.0
1790961540000,0.09483,0.09495,0.09483,0.09494,312904.0
1790961600000,0.09494,0.09495,0.09483,0.09492,296696.0
1790961660000,0.09492,0.09492,0.09478,0.09488,221630.0
1790961720000,0.09488,0.09494,0.09486,0.09488,228487.0
1790961780000,0.09488,0.09488,0.09477,0.09477,184261.0
1790961840000,0.09478,0.09478,0.09459,0.09469,1778998.0
1790961900000,0.09469,0.09472,0.09463,0.09472,1052700.0
1790961960000,0.09471,0.09475,0.09465,0.09469,175910.0
1790962020000,0.0947,0.0947,0.09461,0.09466,87994.0
1790962080000,0.09465,0.09468,0.09463,0.09465,214737.0
1790962140000,0.09465,0.09469,0.09462,0.09466,144229.0
1790962200000,0.09467,0.09473,0.09463,0.09467,601021.0
1790962260000,0.09466,0.09476,0.09465,0.09467,115294.0
1790962320000,0.09468,0.09469,0.09455,0.09468,295444.0
1790962380000,0.09468,0.09477,0.09467,0.09476,218674.0
1790962440000,0.09477,0.09484,0.09476,0.09478,152325.0
1790962500000,0.09479,0.09479,0.09471,0.09471,407853.0
1790962560000,0.09472,0.09474,0.09463,0.09464,496208.0
1790962620000,0.09465,0.09468,0.09453,0.09453,103569.0
1790962680000,0.09453,0.09458,0.09448,0.09448,375047.0
1790962740000,0.09448,0.0945,0.09431,0.09434,1271691.0
1790962800000,0.09434,0.09437,0.0943,0.09436,2482901.0
1790962860000,0.09436,0.09439,0.09431,0.09434,222858.0
1790962920000,0.09433,0.09435,0.09424,0.09424,1373351.0
1790962980000,0.09424,0.09431,0.09419,0.09431,984869.0
1790963040000,0.09431,0.09435,0.09429,0.09434,295417.0
1790963100000,0.09433,0.09438,0.09429,0.09429,288089.0
1790963160000,0.0943,0.09439,0.09428,0.09439,213031.0
1790963220000,0.0944,0.09445,0.09438,0.09445,175893.0
1790963280000,0.09445,0.0945,0.09445,0.09449,67796.0
1790963340000,0.09449,0.09461,0.09448,0.0946,154578.0
1790963400000,0.0946,0.09467,0.09445,0.09451,416583.0
1790963460000,0.09451,0.09464,0.09449,0.09463,95713.0
1790963520000,0.09462,0.09466,0.09457,0.09459,345302.0
1790963580000,0.0946,0.09461,0.0945,0.09452,220502.0
1790963640000,0.09453,0.09453,0.0945,0.0945,77340.0
1790963700000,0.09451,0.09452,0.09448,0.0945,76348.0
1790963760000,0.09449,0.0945,0.09447,0.09449,109484.0
1790963820000,0.09449,0.09452,0.09446,0.09446,45575.0
1790963880000,0.09446,0.09449,0.09445,0.09448,43986.0
1790963940000,0.09448,0.09455,0.09447,0.09451,446917.0
1790964000000,0.09451,0.09466,0.0945,0.09461,193158.0
1790964060000,0.09462,0.09464,0.09452,0.09455,396112.0
1790964120000,0.09455,0.09455,0.0945,0.09452,169553.0
1790964180000,0.09452,0.09453,0.09445,0.09446,526586.0
1790964240000,0.09445,0.09451,0.0944,0.09449,648928.0
1790964300000,0.09449,0.09449,0.09437,0.09437,265623.0
1790964360000,0.09438,0.09441,0.09435,0.09441,392986.0
1790964420000,0.09441,0.09442,0.09436,0.09442,318081.0
1790964480000,0.09442,0.09442,0.09436,0.09437,240814.0
1790964540000,0.09438,0.09438,0.09428,0.09428,942954.0
1790964600000,0.09428,0.09434,0.09428,0.09434,131539.0
1790964660000,0.09434,0.0944,0.09434,0.09439,541803.0
1790964720000,0.09439,0.09445,0.09438,0.09438,348432.0
1790964780000,0.09437,0.09447,0.09437,0.09446,151704.0
1790964840000,0.09447,0.0945,0.09443,0.09449,147671.0
1790964900000,0.09449,0.09449,0.09445,0.09445,80412.0
1790964960000,0.09445,0.09446,0.09413,0.09413,1753165.0
1790965020000,0.09414,0.0942,0.09401,0.09411,2160510.0
1790965080000,0.09412,0.09418,0.09396,0.09397,6338311.0
1790965140000,0.09397,0.09398,0.0938,0.09382,3156175.0
1790965200000,0.09382,0.09383,0.09371,0.09373,1953865.0
1790965260000,0.09374,0.09374,0.09367,0.09368,1116264.0
1790965320000,0.09367,0.09371,0.09366,0.09367,501792.0
1790965380000,0.09368,0.09371,0.09358,0.09359,1012233.0
1790965440000,0.0936,0.09362,0.09354,0.09359,1331313.0
1790965500000,0.09358,0.09365,0.0935,0.09351,424969.0
1790965560000,0.09351,0.09354,0.09345,0.09349,846336.0
1790965620000,0.09348,0.09348,0.09336,0.09343,752584.0
1790965680000,0.09343,0.09345,0.09337,0.09339,510823.0
1790965740000,0.09339,0.09342,0.09338,0.09341,235757.0
1790965800000,0.09342,0.09344,0.09328,0.09331,1378689.0
1790965860000,0.0933,0.09333,0.09323,0.09326,3962432.0
1790965920000,0.09326,0.09331,0.09283,0.09293,23206566.0
1790965980000,0.09293,0.09303,0.09275,0.0929,2060043.0
1790966040000,0.0929,0.093,0.09289,0.09292,1103257.0
1790966100000,0.09291,0.09291,0.092,0.0925,15324006.0
1790966160000,0.0925,0.09259,0.09236,0.09249,4803572.0
1790966220000,0.09249,0.09262,0.09232,0.09234,4349347.0
1790966280000,0.09234,0.09235,0.09205,0.09208,4095939.0
1790966340000,0.09207,0.09207,0.09102,0.09108,30732487.0
1790966400000,0.09109,0.09167,0.09067,0.09159,28349708.0
1790966460000,0.0916,0.09172,0.09112,0.09125,4727750.0
1790966520000,0.09126,0.09129,0.09096,0.09119,4074237.0
1790966580000,0.0912,0.09144,0.09069,0.09073,3388201.0
1790966640000,0.09072,0.09106,0.09051,0.09097,8318026.0
1790966700000,0.09098,0.09108,0.09083,0.09096,1549138.0
1790966760000,0.09097,0.09114,0.09084,0.09106,2362227.0
1790966820000,0.09107,0.09108,0.09031,0.09046,6393328.0
1790966880000,0.09046,0.09073,0.09046,0.09059,2774303.0
1790966940000,0.0906,0.09075,0.09057,0.09066,1607360.0
1790967000000,0.09065,0.09072,0.09058,0.09069,1048576.0
1790967060000,0.09069,0.09109,0.09067,0.09106,2021689.0
1790967120000,0.09107,0.0913,0.09106,0.0912,2420387.0
1790967180000,0.09119,0.0912,0.091,0.09104,1760421.0
1790967240000,0.09103,0.09113,0.091,0.09113,1523463.0
1790967300000,0.09113,0.09113,0.09088,0.09096,1159035.0
1790967360000,0.09096,0.09097,0.09083,0.09087,1575272.0
1790967420000,0.09087,0.09103,0.09085,0.09093,758632.0
1790967480000,0.09092,0.09109,0.09088,0.09104,775747.0
1790967540000,0.09104,0.09111,0.09103,0.09109,632831.0
1790967600000,0.09109,0.09124,0.09104,0.09123,1478785.0
1790967660000,0.09124,0.09139,0.09124,0.09136,725280.0
1790967720000,0.09136,0.09137,0.09119,0.09122,1075180.0
1790967780000,0.09121,0.09125,0.09111,0.09118,1197250.0
1790967840000,0.09117,0.09127,0.09116,0.09122,1106281.0
1790967900000,0.09123,0.0914,0.09123,0.09134,1105708.0
1790967960000,0.09135,0.09138,0.09124,0.09127,7456474.0
1790968020000,0.09127,0.09132,0.09113,0.09121,1885501.0
1790968080000,0.09122,0.09123,0.09113,0.09114,1011707.0
1790968140000,0.09114,0.09122,0.09101,0.09109,4184273.0
1790968200000,0.0911,0.09113,0.09096,0.09101,1753710.0
1790968260000,0.09102,0.09102,0.09093,0.09094,1220530.0
1790968320000,0.09094,0.09098,0.09082,0.09084,2528590.0
1790968380000,0.09083,0.09098,0.09081,0.09097,1322614.0
1790968440000,0.09098,0.09098,0.09085,0.0909,823616.0
1790968500000,0.09091,0.09099,0.09085,0.09087,748500.0
1790968560000,0.09087,0.09088,0.09065,0.09077,2788044.0
1790968620000,0.09077,0.09097,0.09068,0.09075,1985582.0
1790968680000,0.09075,0.09096,0.09064,0.09096,1648104.0
1790968740000,0.09096,0.09098,0.09089,0.0909,1614432.0
1790968800000,0.09091,0.09094,0.09081,0.09083,983366.0
1790968860000,0.09083,0.09093,0.09074,0.09082,1085264.0
1790968920000,0.09081,0.09092,0.09079,0.09087,505380.0
1790968980000,0.09088,0.09098,0.09084,0.09093,737113.0
1790969040000,0.09094,0.09125,0.09092,0.09121,1180604.0
1790969100000,0.09121,0.09129,0.09108,0.09112,756324.0
1790969160000,0.09112,0.09126,0.09112,0.0912,420288.0
1790969220000,0.0912,0.09133,0.09119,0.09129,271252.0
1790969280000,0.09129,0.09131,0.09122,0.09129,305203.0
1790969340000,0.09128,0.09129,0.09117,0.09121,492435.0
1790969400000,0.09121,0.09149,0.09119,0.09144,776017.0
1790969460000,0.09144,0.09149,0.0914,0.09147,857666.0
1790969520000,0.09146,0.09148,0.09138,0.09141,676046.0
1790969580000,0.0914,0.09142,0.09134,0.09141,504970.0
1790969640000,0.09141,0.09152,0.09133,0.09152,528502.0
1790969700000,0.09152,0.09161,0.0915,0.09157,349075.0
1790969760000,0.09158,0.0916,0.09155,0.09158,222685.0
1790969820000,0.09158,0.09166,0.09158,0.09163,295887.0
1790969880000,0.09162,0.09166,0.09161,0.09162,397952.0
1790969940000,0.09163,0.09167,0.09162,0.09165,502845.0
1790970000000,0.09166,0.09166,0.0916,0.09161,1383339.0
1790970060000,0.0916,0.09165,0.0916,0.09165,312130.0
1790970120000,0.09165,0.09167,0.09155,0.09157,2211124.0
1790970180000,0.09158,0.09162,0.09157,0.09158,312781.0
1790970240000,0.09158,0.0916,0.09152,0.09157,721117.0
1790970300000,0.09157,0.09167,0.09155,0.09156,354150.0
1790970360000,0.09155,0.09166,0.09152,0.09165,576965.0
1790970420000,0.09165,0.09168,0.09144,0.09146,716798.0
1790970480000,0.09145,0.09147,0.09138,0.0914,404300.0
1790970540000,0.0914,0.09154,0.0914,0.0915,658639.0
1790970600000,0.0915,0.09153,0.09141,0.09145,616170.0
1790970660000,0.09146,0.09155,0.09146,0.09147,432677.0
1790970720000,0.09148,0.09148,0.0914,0.09141,228440.0
1790970780000,0.09142,0.09146,0.0914,0.09141,245547.0
1790970840000,0.09141,0.09145,0.09137,0.09141,451775.0
1790970900000,0.09141,0.0915,0.0914,0.09146,263230.0
1790970960000,0.09146,0.0915,0.09141,0.09141,254529.0
1790971020000,0.09141,0.09142,0.09138,0.09141,74102.0
1790971080000,0.09141,0.09153,0.09141,0.09146,737222.0
1790971140000,0.09145,0.09152,0.09141,0.09149,633432.0
1790971200000,0.09149,0.09159,0.09148,0.09156,946238.0
1790971260000,0.09157,0.09157,0.09147,0.09157,894754.0
1790971320000,0.09158,0.09163,0.09148,0.0915,1339390.0
1790971380000,0.0915,0.0915,0.09134,0.0914,962373.0
1790971440000,0.09141,0.09143,0.09136,0.0914,657490.0
1790971500000,0.0914,0.09156,0.09137,0.09155,833453.0
1790971560000,0.09155,0.09159,0.09143,0.09146,1919482.0
1790971620000,0.09145,0.09148,0.09141,0.09144,348566.0
1790971680000,0.09145,0.09149,0.09138,0.09147,950984.0
1790971740000,0.09147,0.09148,0.09141,0.09146,732178.0
1790971800000,0.09145,0.09149,0.09142,0.09149,557922.0
1790971860000,0.09149,0.09163,0.09148,0.0916,572636.0
1790971920000,0.09161,0.09164,0.09156,0.09157,1484316.0
1790971980000,0.09158,0.09162,0.09148,0.09151,876902.0
1790972040000,0.09152,0.0916,0.0915,0.09159,335181.0
1790972100000,0.09159,0.09161,0.09155,0.09157,256226.0
1790972160000,0.09157,0.09158,0.09152,0.09152,114059.0
1790972220000,0.09153,0.09153,0.0914,0.0914,817807.0
1790972280000,0.0914,0.09155,0.09137,0.09154,1133511.0
1790972340000,0.09155,0.0917,0.09153,0.09154,4048216.0
1790972400000,0.09154,0.09161,0.0915,0.0916,423801.0
1790972460000,0.0916,0.09163,0.09153,0.09163,482388.0
1790972520000,0.09162,0.09165,0.09153,0.09165,999955.0
1790972580000,0.09165,0.09178,0.09164,0.09178,1228702.0
1790972640000,0.09177,0.09179,0.09167,0.09176,2702848.0
1790972700000,0.09177,0.0918,0.09172,0.09176,757068.0
1790972760000,0.09177,0.09181,0.09176,0.09176,128727.0
1790972820000,0.09177,0.09177,0.09165,0.09167,2543468.0
1790972880000,0.09167,0.09168,0.09154,0.09159,862588.0
1790972940000,0.09159,0.09166,0.09158,0.09165,656368.0
1790973000000,0.09164,0.0917,0.09161,0.09169,718769.0
1790973060000,0.09168,0.0917,0.09162,0.09165,568848.0
1790973120000,0.09165,0.0918,0.09165,0.09179,335013.0
1790973180000,0.09179,0.09183,0.09179,0.09182,236058.0
1790973240000,0.09181,0.09183,0.09173,0.09174,184266.0
1790973300000,0.09173,0.09177,0.09166,0.09169,512310.0
1790973360000,0.09169,0.0917,0.09165,0.09167,373036.0
1790973420000,0.09166,0.09169,0.09164,0.09169,123381.0
1790973480000,0.09169,0.0917,0.09165,0.0917,140330.0
1790973540000,0.0917,0.0917,0.0916,0.0916,266460.0
1790973600000,0.09161,0.09161,0.09154,0.09155,422275.0
1790973660000,0.09155,0.09156,0.09141,0.09147,3454163.0
1790973720000,0.09146,0.09146,0.09135,0.09135,781598.0
1790973780000,0.09136,0.09143,0.09134,0.09139,1419953.0
1790973840000,0.09138,0.09139,0.09133,0.09135,364822.0
1790973900000,0.09134,0.09138,0.09128,0.09138,187065.0
1790973960000,0.09138,0.09145,0.09125,0.09145,1303980.0
1790974020000,0.09144,0.09145,0.09134,0.09145,1201314.0
1790974080000,0.09144,0.09145,0.09124,0.09127,931095.0
1790974140000,0.09127,0.09132,0.09126,0.0913,326819.0
1790974200000,0.09129,0.09149,0.09126,0.09149,504426.0
1790974260000,0.09148,0.09156,0.09146,0.09156,403140.0
1790974320000,0.09155,0.09161,0.09153,0.09161,159043.0
1790974380000,0.09161,0.09161,0.09146,0.09153,1850504.0
1790974440000,0.09153,0.09154,0.0915,0.0915,325158.0
1790974500000,0.0915,0.0915,0.09137,0.09137,353148.0
1790974560000,0.09137,0.09137,0.09128,0.09129,181363.0
1790974620000,0.09129,0.09129,0.09119,0.09123,1386649.0
1790974680000,0.09123,0.0913,0.09123,0.09129,400538.0
1790974740000,0.09128,0.09139,0.09126,0.09129,1492630.0
1790974800000,0.09129,0.09143,0.09128,0.09143,287077.0
1790974860000,0.09143,0.09164,0.09143,0.09164,112878.0
1790974920000,0.09165,0.09169,0.09157,0.09158,629653.0
1790974980000,0.09157,0.09159,0.09155,0.09159,317842.0
1790975040000,0.09159,0.0916,0.09156,0.0916,99792.0
1790975100000,0.09159,0.09162,0.09158,0.09162,389936.0
1790975160000,0.09163,0.09172,0.09162,0.09171,860198.0
1790975220000,0.09172,0.09173,0.09162,0.09163,833220.0
1790975280000,0.09163,0.09165,0.09162,0.09164,280255.0
1790975340000,0.09164,0.09168,0.09163,0.09168,164094.0
1790975400000,0.09168,0.09176,0.09168,0.09176,322407.0
1790975460000,0.09176,0.0918,0.09176,0.09177,40448.0
1790975520000,0.09176,0.09178,0.0917,0.09171,479448.0
1790975580000,0.09171,0.09171,0.09163,0.09163,206500.0
1790975640000,0.09162,0.09165,0.0916,0.09165,112901.0
1790975700000,0.09164,0.09174,0.09164,0.09172,365485.0
1790975760000,0.09172,0.09172,0.09168,0.0917,414232.0
1790975820000,0.0917,0.0917,0.09169,0.0917,37578.0
1790975880000,0.09169,0.09178,0.09169,0.09172,793649.0
1790975940000,0.09171,0.09171,0.09166,0.09167,274432.0
1790976000000,0.09168,0.09168,0.09166,0.09168,114577.0
1790976060000,0.09168,0.09173,0.09168,0.09171,165594.0
1790976120000,0.09172,0.09178,0.09171,0.09171,271020.0
1790976180000,0.09171,0.09171,0.09165,0.09165,611786.0
1790976240000,0.09166,0.09166,0.09161,0.09165,365147.0
1790976300000,0.09164,0.09165,0.09161,0.09163,581241.0
1790976360000,0.09164,0.09165,0.09135,0.09139,3933409.0
1790976420000,0.0914,0.09143,0.09139,0.09143,132664.0
1790976480000,0.09143,0.09147,0.09133,0.09134,1877522.0
1790976540000,0.09134,0.09134,0.0913,0.09134,301205.0
1790976600000,0.09134,0.09135,0.09133,0.09133,330711.0
1790976660000,0.09133,0.09145,0.09127,0.09144,794838.0
1790976720000,0.09144,0.09146,0.09143,0.09143,146188.0
1790976780000,0.09142,0.09146,0.0914,0.09146,233780.0
1790976840000,0.09147,0.09155,0.09147,0.09151,222843.0
1790976900000,0.09152,0.09175,0.09152,0.09175,599890.0
1790976960000,0.09176,0.09178,0.09175,0.09176,244947.0
1790977020000,0.09176,0.09185,0.09175,0.09185,174526.0
1790977080000,0.09184,0.09187,0.09182,0.09185,368409.0
1790977140000,0.09186,0.09191,0.09185,0.09191,260426.0
1790977200000,0.0919,0.0919,0.09178,0.09179,374530.0
1790977260000,0.0918,0.0918,0.09176,0.09178,249672.0
1790977320000,0.09177,0.09181,0.09177,0.0918,109290.0
1790977380000,0.09181,0.09185,0.09178,0.09178,617862.0
1790977440000,0.09179,0.09184,0.09174,0.09184,203210.0
1790977500000,0.09183,0.09191,0.09182,0.09187,51881.0
1790977560000,0.09187,0.0919,0.09186,0.09186,33444.0
1790977620000,0.09185,0.09189,0.09185,0.09189,37411.0
1790977680000,0.09188,0.09192,0.09185,0.09185,136583.0
1790977740000,0.09185,0.0919,0.09185,0.09188,253807.0
1790977800000,0.09188,0.09189,0.09177,0.09184,434931.0
1790977860000,0.09185,0.09193,0.09185,0.09193,262325.0
1790977920000,0.09194,0.09199,0.09194,0.09199,64350.0
1790977980000,0.09199,0.09206,0.09198,0.09206,245907.0
1790978040000,0.09206,0.09209,0.09198,0.09206,789243.0
1790978100000,0.09205,0.09209,0.09205,0.09209,142582.0
1790978160000,0.09208,0.09209,0.09205,0.09207,145876.0
1790978220000,0.09207,0.09211,0.09207,0.09209,282620.0
1790978280000,0.0921,0.09214,0.09209,0.09213,42166.0
1790978340000,0.09213,0.09216,0.09211,0.09214,146948.0
1790978400000,0.09214,0.09219,0.09212,0.09216,479511.0
1790978460000,0.09217,0.09226,0.09217,0.09219,600684.0
1790978520000,0.09219,0.09221,0.09197,0.09207,1560532.0
1790978580000,0.09207,0.09219,0.09207,0.09211,1073626.0
1790978640000,0.09211,0.09216,0.09208,0.09209,667813.0
1790978700000,0.09209,0.09209,0.09206,0.09206,474729.0
1790978760000,0.09207,0.09209,0.09204,0.09209,470342.0
1790978820000,0.09209,0.09226,0.09208,0.09219,1656439.0
1790978880000,0.0922,0.0922,0.0921,0.09211,277029.0
1790978940000,0.09212,0.09213,0.09209,0.09212,511690.0
1790979000000,0.09212,0.09215,0.09211,0.09214,605704.0
1790979060000,0.09214,0.09219,0.09212,0.09215,2516855.0
1790979120000,0.09216,0.09217,0.09204,0.09207,651223.0
1790979180000,0.09206,0.09207,0.09199,0.092,859794.0
1790979240000,0.092,0.09202,0.09196,0.09202,609441.0
1790979300000,0.09202,0.09202,0.09197,0.09197,136792.0
1790979360000,0.09196,0.09198,0.0919,0.09198,271400.0
1790979420000,0.09198,0.09198,0.09186,0.09193,706433.0
1790979480000,0.09192,0.09193,0.09183,0.09193,411936.0
1790979540000,0.09193,0.09196,0.09192,0.09196,222184.0
1790979600000,0.09197,0.09205,0.09196,0.092,692018.0
1790979660000,0.092,0.09212,0.092,0.09212,321292.0
1790979720000,0.09213,0.09213,0.09202,0.09202,388140.0
1790979780000,0.09203,0.09205,0.09201,0.09202,184833.0
1790979840000,0.09203,0.09216,0.09202,0.09215,415395.0
1790979900000,0.09215,0.09217,0.09212,0.09214,243472.0
1790979960000,0.09213,0.09218,0.09213,0.09214,235866.0
1790980020000,0.09214,0.09217,0.09213,0.09216,272729.0
1790980080000,0.09216,0.09218,0.09213,0.09216,78359.0
1790980140000,0.09216,0.09224,0.09216,0.09223,467525.0
1790980200000,0.09223,0.09228,0.09223,0.09228,173424.0
1790980260000,0.09228,0.09233,0.09223,0.09224,1418519.0
1790980320000,0.09223,0.09227,0.09223,0.09224,160287.0
1790980380000,0.09224,0.09227,0.09224,0.09224,280797.0
1790980440000,0.09224,0.09227,0.09218,0.09227,149929.0
1790980500000,0.09226,0.0923,0.09225,0.09229,186961.0
1790980560000,0.09229,0.09231,0.09228,0.0923,153422.0
1790980620000,0.09229,0.09231,0.09229,0.0923,122144.0
1790980680000,0.09231,0.09231,0.09225,0.09225,288963.0
1790980740000,0.09224,0.09225,0.09215,0.09216,499139.0
1790980800000,0.09215,0.0922,0.09215,0.0922,171520.0
1790980860000,0.0922,0.09227,0.0922,0.09222,412197.0
1790980920000,0.09222,0.09225,0.0922,0.09222,255472.0
1790980980000,0.09222,0.09229,0.09222,0.09228,322759.0
1790981040000,0.09228,0.0923,0.09226,0.09229,139863.0
1790981100000,0.0923,0.09239,0.0923,0.09238,319318.0
1790981160000,0.09239,0.09239,0.0923,0.09233,180815.0
1790981220000,0.09234,0.09242,0.09234,0.09237,122620.0
1790981280000,0.09237,0.09239,0.09235,0.09239,101371.0
1790981340000,0.09239,0.09242,0.09238,0.0924,111406.0
1790981400000,0.09239,0.0924,0.09234,0.0924,510478.0
1790981460000,0.09239,0.09243,0.09237,0.09243,109065.0
1790981520000,0.09242,0.09247,0.09242,0.09245,124647.0
1790981580000,0.09245,0.09245,0.09239,0.09244,492100.0
1790981640000,0.09243,0.0925,0.0924,0.0925,359419.0
1790981700000,0.09249,0.09253,0.09246,0.09251,356927.0
1790981760000,0.09251,0.09251,0.09246,0.09246,288180.0
1790981820000,0.09246,0.09246,0.09243,0.09245,165654.0
1790981880000,0.09244,0.09244,0.09241,0.09244,134037.0
1790981940000,0.09243,0.09244,0.09242,0.09244,19726.0
1790982000000,0.09244,0.09246,0.09243,0.09245,194809.0
1790982060000,0.09246,0.09246,0.09232,0.09238,1122546.0
1790982120000,0.09237,0.09244,0.09235,0.09243,201697.0
1790982180000,0.09243,0.09247,0.09242,0.09246,27180.0
1790982240000,0.09246,0.09249,0.09243,0.09249,684933.0
1790982300000,0.09249,0.09249,0.09242,0.09246,191975.0
1790982360000,0.09245,0.09246,0.09245,0.09246,12946.0
1790982420000,0.09246,0.09248,0.0924,0.09245,300330.0
1790982480000,0.09244,0.09244,0.09239,0.09239,290728.0
1790982540000,0.09239,0.09242,0.09234,0.09238,1242820.0
1790982600000,0.09237,0.0924,0.09236,0.09238,373432.0
1790982660000,0.09239,0.09239,0.09237,0.09238,90316.0
1790982720000,0.09238,0.09241,0.09237,0.09241,278777.0
1790982780000,0.09241,0.09244,0.09241,0.09244,48319.0
1790982840000,0.09244,0.09245,0.09244,0.09245,21263.0
1790982900000,0.09245,0.09249,0.09245,0.09248,1357033.0
1790982960000,0.09248,0.09254,0.09248,0.09249,189434.0
1790983020000,0.09249,0.09251,0.09246,0.09251,79239.0
1790983080000,0.09251,0.0926,0.0925,0.09259,353465.0
1790983140000,0.09259,0.09264,0.09258,0.09263,400417.0
1790983200000,0.09263,0.09267,0.09263,0.09264,301889.0
1790983260000,0.09264,0.09264,0.09259,0.0926,204411.0
1790983320000,0.0926,0.09263,0.0926,0.09262,36551.0
1790983380000,0.09261,0.09261,0.09257,0.09257,64924.0
1790983440000,0.09257,0.09261,0.09257,0.09261,96241.0
1790983500000,0.09261,0.09261,0.09259,0.09261,117578.0
1790983560000,0.09262,0.09274,0.09262,0.09268,623440.0
1790983620000,0.09268,0.09268,0.09265,0.09265,31029.0
1790983680000,0.09266,0.09269,0.09266,0.09269,67975.0
1790983740000,0.09268,0.09271,0.09264,0.09269,647758.0
1790983800000,0.09268,0.09273,0.09267,0.0927,143883.0
1790983860000,0.09271,0.09273,0.09268,0.09273,258799.0
1790983920000,0.09272,0.09275,0.09268,0.09269,294021.0
1790983980000,0.09269,0.09272,0.09267,0.0927,140838.0
1790984040000,0.09269,0.09275,0.09267,0.09272,267672.0
1790984100000,0.09273,0.09283,0.09272,0.09283,754334.0
1790984160000,0.09283,0.09284,0.09277,0.09279,1291868.0
1790984220000,0.09279,0.09281,0.09277,0.0928,50681.0
1790984280000,0.0928,0.09285,0.09277,0.09283,1021272.0
1790984340000,0.09282,0.09288,0.0928,0.09286,325802.0
1790984400000,0.09286,0.09288,0.09284,0.09288,58645.0
1790984460000,0.09288,0.09292,0.09288,0.09291,328028.0
1790984520000,0.0929,0.09291,0.0929,0.09291,112772.0
1790984580000,0.09291,0.09301,0.0929,0.09295,671030.0
1790984640000,0.09295,0.09298,0.09294,0.09297,190533.0
1790984700000,0.09297,0.09298,0.09296,0.09298,71771.0
1790984760000,0.09297,0.09299,0.09293,0.09299,559982.0
1790984820000,0.09299,0.09304,0.09298,0.09303,172294.0
1790984880000,0.09304,0.09304,0.09298,0.093,123922.0
1790984940000,0.09301,0.09304,0.09296,0.09301,567114.0
1790985000000,0.09301,0.09303,0.09299,0.093,644136.0
1790985060000,0.093,0.09303,0.09294,0.09302,748685.0
1790985120000,0.09303,0.09304,0.093,0.09304,163599.0
1790985180000,0.09303,0.09306,0.09301,0.09304,530243.0
1790985240000,0.09304,0.09304,0.09301,0.09302,409263.0
1790985300000,0.09301,0.09301,0.09296,0.09296,233467.0
1790985360000,0.09297,0.09298,0.09294,0.09296,487740.0
1790985420000,0.09296,0.09297,0.09295,0.09296,55563.0
1790985480000,0.09297,0.09297,0.09295,0.09295,168321.0
1790985540000,0.09295,0.09295,0.09293,0.09293,18711.0
1790985600000,0.09294,0.09298,0.09286,0.09287,808394.0
1790985660000,0.09286,0.09291,0.09284,0.09286,836510.0
1790985720000,0.09286,0.09293,0.09286,0.09293,787426.0
1790985780000,0.09293,0.09294,0.09291,0.09291,216989.0
1790985840000,0.09292,0.09293,0.09288,0.09288,147466.0
1790985900000,0.09288,0.09294,0.09288,0.0929,319302.0
1790985960000,0.09291,0.09298,0.09288,0.09288,498615.0
1790986020000,0.09288,0.09289,0.09286,0.09286,593954.0
1790986080000,0.09287,0.09287,0.09281,0.09283,486037.0
1790986140000,0.09283,0.09288,0.09282,0.09283,534058.0
1790986200000,0.09282,0.09297,0.09282,0.09295,879543.0
1790986260000,0.09296,0.09296,0.09289,0.09291,467462.0
1790986320000,0.09291,0.09303,0.09291,0.09302,301022.0
1790986380000,0.09302,0.09304,0.09297,0.093,740595.0
1790986440000,0.09299,0.09306,0.09294,0.09304,367275.0
1790986500000,0.09305,0.09315,0.09305,0.09309,413997.0
1790986560000,0.09309,0.09317,0.09309,0.09316,171028.0
1790986620000,0.09316,0.09316,0.09295,0.09296,2021993.0
1790986680000,0.09296,0.093,0.09296,0.09298,195108.0
1790986740000,0.09299,0.09302,0.09295,0.09301,290162.0
1790986800000,0.09302,0.09304,0.093,0.09304,140666.0
1790986860000,0.09304,0.09311,0.09301,0.0931,275941.0
1790986920000,0.0931,0.09323,0.09309,0.09322,784680.0
1790986980000,0.09322,0.09325,0.0932,0.09321,552047.0
1790987040000,0.09321,0.09327,0.09321,0.09327,248967.0
1790987100000,0.09327,0.09328,0.09322,0.09324,95404.0
1790987160000,0.09324,0.09325,0.09323,0.09325,68350.0
1790987220000,0.09324,0.09343,0.09324,0.09343,1423500.0
1790987280000,0.09343,0.09346,0.09338,0.09345,682103.0
1790987340000,0.09346,0.09352,0.09341,0.09343,1398538.0
1790987400000,0.09343,0.09344,0.09337,0.09344,285083.0
1790987460000,0.09343,0.09356,0.09341,0.09342,987223.0
1790987520000,0.09342,0.09351,0.09342,0.09348,825617.0
1790987580000,0.09349,0.09355,0.09344,0.09344,1193792.0
1790987640000,0.09344,0.09345,0.09339,0.09341,181901.0
1790987700000,0.09341,0.09343,0.0934,0.09341,77481.0
1790987760000,0.0934,0.09343,0.09339,0.09341,97382.0
1790987820000,0.09342,0.09345,0.09342,0.09343,25657.0
1790987880000,0.09342,0.09342,0.09327,0.09329,980233.0
1790987940000,0.09329,0.09329,0.09323,0.09328,3661283.0
1790988000000,0.09329,0.09331,0.09321,0.09325,2583430.0
1790988060000,0.09325,0.09329,0.0932,0.09325,625656.0
1790988120000,0.09325,0.0933,0.09325,0.09329,133158.0
1790988180000,0.09329,0.09329,0.09328,0.09329,182998.0
1790988240000,0.09329,0.09337,0.09329,0.09336,189790.0
1790988300000,0.09337,0.0934,0.09334,0.09334,117662.0
1790988360000,0.09334,0.09339,0.09334,0.09336,21614.0
1790988420000,0.09336,0.09336,0.09333,0.09334,27933.0
1790988480000,0.09333,0.09335,0.09332,0.09335,30714.0
1790988540000,0.09335,0.09336,0.09334,0.09335,44332.0
1790988600000,0.09334,0.0934,0.09334,0.09339,89683.0
1790988660000,0.0934,0.0934,0.09336,0.09338,569568.0
1790988720000,0.09337,0.09338,0.09336,0.09336,95810.0
1790988780000,0.09335,0.09335,0.09332,0.09332,91993.0
1790988840000,0.09333,0.09333,0.09332,0.09332,71045.0
1790988900000,0.09331,0.09332,0.09325,0.09328,148280.0
1790988960000,0.09329,0.0933,0.09328,0.0933,67848.0
1790989020000,0.09329,0.09331,0.09329,0.09329,147571.0
1790989080000,0.09328,0.09328,0.09325,0.09326,49301.0
1790989140000,0.09326,0.09332,0.09324,0.09331,722730.0
1790989200000,0.0933,0.0933,0.09322,0.09323,126701.0
1790989260000,0.09322,0.09322,0.09318,0.0932,207472.0
1790989320000,0.0932,0.0932,0.09316,0.09316,140486.0
1790989380000,0.09315,0.09315,0.09312,0.09314,153361.0
1790989440000,0.09314,0.09332,0.09313,0.09326,698372.0
1790989500000,0.09325,0.09328,0.09323,0.09326,155899.0
1790989560000,0.09326,0.09335,0.09326,0.09334,263933.0
1790989620000,0.09335,0.09338,0.09334,0.09335,213640.0
1790989680000,0.09335,0.09346,0.09334,0.09345,703062.0
1790989740000,0.09345,0.09347,0.09342,0.09342,289249.0
1790989800000,0.09342,0.09345,0.09339,0.09344,494991.0
1790989860000,0.09343,0.09348,0.09337,0.09338,291203.0
1790989920000,0.09339,0.09339,0.09334,0.09335,207035.0
1790989980000,0.09335,0.09338,0.09332,0.09332,69444.0
1790990040000,0.09332,0.09336,0.09329,0.09336,95888.0
1790990100000,0.09336,0.09351,0.09336,0.09349,157029.0
1790990160000,0.09349,0.09361,0.09349,0.09361,632008.0
1790990220000,0.0936,0.09364,0.0934,0.09341,1019130.0
1790990280000,0.09341,0.09344,0.09336,0.0934,564054.0
1790990340000,0.0934,0.09342,0.09334,0.09334,135596.0
1790990400000,0.09334,0.09335,0.09332,0.09334,71831.0
1790990460000,0.09333,0.09334,0.09324,0.09325,108528.0
1790990520000,0.09325,0.09332,0.09325,0.09328,393640.0
1790990580000,0.09328,0.09331,0.09326,0.09331,140220.0
1790990640000,0.09331,0.09339,0.09331,0.09335,144910.0
1790990700000,0.09336,0.09338,0.09336,0.09337,103383.0
1790990760000,0.09337,0.09337,0.09333,0.09334,134578.0
1790990820000,0.09334,0.09334,0.09331,0.09334,15180.0
1790990880000,0.09333,0.09337,0.09331,0.09333,163893.0
1790990940000,0.09332,0.09337,0.09331,0.09337,93811.0
1790991000000,0.09337,0.09339,0.0933,0.0933,36614.0
1790991060000,0.0933,0.09341,0.0933,0.09341,109983.0
1790991120000,0.09341,0.09344,0.09336,0.09336,574910.0
1790991180000,0.09336,0.09336,0.0933,0.0933,14908.0
1790991240000,0.0933,0.0933,0.09325,0.09327,262163.0
1790991300000,0.09326,0.09332,0.09326,0.09331,662182.0
1790991360000,0.09332,0.09333,0.09327,0.09328,164476.0
1790991420000,0.09328,0.09332,0.09327,0.09328,570756.0
1790991480000,0.09327,0.09328,0.09324,0.09324,389860.0
1790991540000,0.09325,0.09337,0.09325,0.09337,553802.0
1790991600000,0.09336,0.09337,0.09331,0.09331,57389.0
1790991660000,0.09331,0.09335,0.09331,0.09332,80059.0
1790991720000,0.09332,0.09337,0.09332,0.09332,31777.0
1790991780000,0.09332,0.09332,0.09328,0.09329,79650.0
1790991840000,0.09329,0.0933,0.09329,0.09329,101524.0
1790991900000,0.09328,0.09328,0.09326,0.09326,358098.0
1790991960000,0.09325,0.09327,0.09323,0.09324,575034.0
1790992020000,0.09323,0.09326,0.09323,0.09324,40692.0
1790992080000,0.09325,0.09325,0.09322,0.09323,346927.0
1790992140000,0.09322,0.09322,0.09319,0.0932,257780.0
1790992200000,0.0932,0.09322,0.09319,0.09321,93198.0
1790992260000,0.09321,0.09321,0.09314,0.09315,119788.0
1790992320000,0.09314,0.09315,0.09314,0.09315,113258.0
1790992380000,0.09316,0.09317,0.09313,0.09316,119726.0
1790992440000,0.09316,0.09318,0.09313,0.09313,291750.0
1790992500000,0.09314,0.09316,0.09311,0.09311,87387.0
1790992560000,0.09311,0.09316,0.09311,0.09316,208994.0
1790992620000,0.09316,0.09316,0.09314,0.09314,52413.0
1790992680000,0.09313,0.09317,0.09313,0.09317,197226.0
1790992740000,0.09317,0.09318,0.09315,0.09316,79446.0
1790992800000,0.09317,0.09321,0.09315,0.0932,114192.0
1790992860000,0.09321,0.09323,0.0932,0.09323,162885.0
1790992920000,0.09323,0.0933,0.09321,0.09325,288948.0
1790992980000,0.09324,0.09324,0.09316,0.09316,100968.0
1790993040000,0.09317,0.09318,0.09317,0.09318,6072.0
1790993100000,0.09318,0.09318,0.0931,0.09311,29321.0
1790993160000,0.09311,0.09311,0.09301,0.09303,137307.0
1790993220000,0.09302,0.09306,0.09299,0.09304,896935.0
1790993280000,0.09305,0.09312,0.09303,0.09312,151909.0
1790993340000,0.09313,0.09313,0.09307,0.09312,145403.0
1790993400000,0.09313,0.09313,0.09307,0.09312,140746.0
1790993460000,0.09312,0.09313,0.0931,0.09313,32640.0
1790993520000,0.09313,0.09321,0.09313,0.09321,42938.0
1790993580000,0.0932,0.09321,0.09318,0.09321,58500.0
1790993640000,0.09322,0.09327,0.09322,0.09326,250175.0
1790993700000,0.09327,0.09328,0.09325,0.09326,79445.0
1790993760000,0.09326,0.09327,0.09323,0.09325,37731.0
1790993820000,0.09324,0.09333,0.09324,0.09331,269176.0
1790993880000,0.09331,0.09338,0.0933,0.09338,1043247.0
1790993940000,0.09338,0.09339,0.09337,0.09337,27255.0
1790994000000,0.09338,0.09338,0.09332,0.09333,80360.0
1790994060000,0.09333,0.09335,0.0933,0.0933,130329.0
1790994120000,0.09329,0.09329,0.09328,0.09328,92795.0
1790994180000,0.09328,0.0933,0.09327,0.09327,20628.0
1790994240000,0.09327,0.09329,0.09327,0.09327,16691.0
1790994300000,0.09327,0.09327,0.09324,0.09324,24091.0
1790994360000,0.09325,0.09329,0.09324,0.09328,44946.0
1790994420000,0.09329,0.09329,0.09328,0.09328,3171.0
1790994480000,0.09328,0.09329,0.09327,0.09329,22243.0
1790994540000,0.0933,0.0933,0.09325,0.09325,174614.0
1790994600000,0.09326,0.09326,0.0932,0.09321,114076.0
1790994660000,0.09322,0.09322,0.09321,0.09322,26167.0
1790994720000,0.09322,0.09325,0.09321,0.09324,124992.0
1790994780000,0.09324,0.09324,0.09321,0.09321,169440.0
1790994840000,0.09321,0.09322,0.0932,0.09322,131704.0
1790994900000,0.09321,0.09322,0.09318,0.09318,131653.0
1790994960000,0.09318,0.09324,0.09318,0.09321,317543.0
1790995020000,0.09321,0.09321,0.0932,0.0932,28754.0
1790995080000,0.09321,0.09326,0.0932,0.09325,41519.0
1790995140000,0.09325,0.09329,0.09322,0.09328,540419.0
1790995200000,0.09328,0.09328,0.09326,0.09327,99282.0
1790995260000,0.09328,0.0933,0.09325,0.0933,45602.0
1790995320000,0.0933,0.09332,0.09327,0.0933,173496.0
1790995380000,0.0933,0.0933,0.09323,0.09324,44475.0
1790995440000,0.09324,0.09327,0.09321,0.09324,245506.0
1790995500000,0.09325,0.09325,0.0932,0.09321,85682.0
1790995560000,0.0932,0.09321,0.09315,0.09316,81900.0
1790995620000,0.09316,0.09317,0.09315,0.09316,36427.0
1790995680000,0.09315,0.09316,0.09313,0.09314,44845.0
1790995740000,0.09314,0.09314,0.09313,0.09314,19453.0
1790995800000,0.09315,0.09321,0.09315,0.09318,435866.0
1790995860000,0.09317,0.09318,0.09312,0.09318,167598.0
1790995920000,0.09317,0.09318,0.09314,0.09315,401180.0
1790995980000,0.09316,0.09319,0.09315,0.09319,411909.0
1790996040000,0.09318,0.0932,0.09317,0.0932,34101.0
1790996100000,0.09319,0.0932,0.09316,0.09317,86614.0
1790996160000,0.09317,0.09317,0.09314,0.09314,61657.0
1790996220000,0.09314,0.09315,0.09312,0.09312,258126.0
1790996280000,0.09312,0.09312,0.09304,0.09304,246094.0
1790996340000,0.09305,0.09305,0.09303,0.09304,32803.0
1790996400000,0.09303,0.09306,0.09301,0.09306,130249.0
1790996460000,0.09307,0.0931,0.09306,0.0931,146536.0
1790996520000,0.0931,0.09317,0.09309,0.09314,366976.0
1790996580000,0.09314,0.09315,0.09308,0.09308,93282.0
1790996640000,0.09308,0.09309,0.09304,0.09304,52815.0
1790996700000,0.09304,0.09304,0.09298,0.09298,284422.0
1790996760000,0.09297,0.09299,0.09293,0.09293,569687.0
1790996820000,0.09293,0.09295,0.09292,0.09294,71085.0
1790996880000,0.09294,0.09298,0.09293,0.09294,190674.0
1790996940000,0.09294,0.09298,0.09293,0.09298,147178.0
1790997000000,0.09297,0.09298,0.09293,0.09296,90600.0
1790997060000,0.09296,0.09296,0.09294,0.09294,114706.0
1790997120000,0.09294,0.09295,0.09292,0.09292,88333.0
1790997180000,0.09292,0.09298,0.09291,0.09296,48107.0
1790997240000,0.09296,0.093,0.09296,0.093,16601.0
1790997300000,0.093,0.09313,0.09298,0.09311,435138.0
1790997360000,0.09311,0.09319,0.09311,0.09317,357958.0
1790997420000,0.09317,0.09321,0.09315,0.09315,296698.0
1790997480000,0.09314,0.09317,0.09314,0.09314,73888.0
1790997540000,0.09313,0.09313,0.0931,0.09311,14848.0
1790997600000,0.0931,0.09311,0.09306,0.09311,91564.0
1790997660000,0.09311,0.09317,0.09311,0.09317,69375.0
1790997720000,0.09316,0.09316,0.09311,0.09313,93724.0
1790997780000,0.09314,0.09316,0.09312,0.09315,59707.0
1790997840000,0.09315,0.09316,0.09315,0.09316,17949.0
1790997900000,0.09316,0.09319,0.09316,0.09318,63017.0
1790997960000,0.09318,0.09324,0.09318,0.09322,63314.0
1790998020000,0.09321,0.09321,0.09311,0.09314,53392.0
1790998080000,0.09314,0.09314,0.0931,0.09311,35961.0
1790998140000,0.09311,0.09311,0.09305,0.09306,112572.0
1790998200000,0.09306,0.09306,0.09302,0.09306,564852.0
1790998260000,0.09305,0.09309,0.09304,0.09309,54022.0
1790998320000,0.09309,0.09312,0.09308,0.09311,364290.0
1790998380000,0.09312,0.09318,0.09312,0.09316,329882.0
1790998440000,0.09316,0.09319,0.09316,0.09319,110730.0
1790998500000,0.09319,0.09321,0.09318,0.09319,626009.0
1790998560000,0.09319,0.0932,0.09318,0.09319,154796.0
1790998620000,0.09319,0.09319,0.09317,0.09318,25167.0
1790998680000,0.09318,0.09318,0.09315,0.09315,778914.0
1790998740000,0.09316,0.09316,0.09315,0.09316,41854.0
1790998800000,0.09315,0.09316,0.09315,0.09316,139231.0
1790998860000,0.09315,0.09316,0.09315,0.09316,47145.0
1790998920000,0.09316,0.09317,0.09315,0.09316,252738.0
1790998980000,0.09317,0.0932,0.09317,0.0932,107830.0
1790999040000,0.0932,0.09321,0.09319,0.0932,39416.0
1790999100000,0.0932,0.09321,0.09318,0.09321,73330.0
1790999160000,0.09321,0.09322,0.09321,0.09322,31505.0
1790999220000,0.09321,0.09325,0.09321,0.09325,62079.0
1790999280000,0.09325,0.0933,0.09325,0.0933,105929.0
1790999340000,0.0933,0.0933,0.09329,0.0933,38722.0
1790999400000,0.0933,0.09332,0.09329,0.0933,65070.0
1790999460000,0.0933,0.09331,0.09328,0.0933,180484.0
1790999520000,0.0933,0.09332,0.0933,0.09331,58470.0
1790999580000,0.09331,0.09335,0.09331,0.09333,117126.0
1790999640000,0.09333,0.09333,0.0933,0.09331,67856.0
1790999700000,0.09331,0.09332,0.0933,0.09332,191951.0
1790999760000,0.09332,0.09332,0.09329,0.09329,69443.0
1790999820000,0.0933,0.09333,0.0933,0.09332,104050.0
1790999880000,0.09332,0.09333,0.09331,0.09332,62807.0
1790999940000,0.09332,0.09332,0.0933,0.09331,403772.0
1791000000000,0.09331,0.09332,0.0933,0.09331,78492.0
1791000060000,0.09331,0.09331,0.0933,0.09331,65198.0
1791000120000,0.0933,0.09331,0.09328,0.0933,188608.0
1791000180000,0.09329,0.09331,0.09328,0.09328,246581.0
1791000240000,0.09329,0.09329,0.09327,0.09329,71960.0
1791000300000,0.09328,0.09328,0.09323,0.09325,99862.0
1791000360000,0.09325,0.09325,0.09323,0.09323,37687.0
1791000420000,0.09323,0.09325,0.09322,0.09322,91426.0
1791000480000,0.09322,0.09322,0.09309,0.09309,392099.0
1791000540000,0.09309,0.09309,0.09305,0.09305,134338.0
1791000600000,0.09305,0.09307,0.09305,0.09305,238909.0
1791000660000,0.09305,0.09312,0.09305,0.09312,235605.0
1791000720000,0.09313,0.09314,0.09309,0.0931,74933.0
1791000780000,0.09309,0.09315,0.09309,0.09315,203331.0
1791000840000,0.09315,0.09322,0.09315,0.09322,43004.0
1791000900000,0.09321,0.09322,0.09313,0.09313,321292.0
1791000960000,0.09313,0.09313,0.09301,0.09303,227312.0
1791001020000,0.09303,0.09311,0.09302,0.0931,148952.0
1791001080000,0.0931,0.09311,0.09307,0.0931,87704.0
1791001140000,0.09309,0.09309,0.09298,0.09299,574635.0
1791001200000,0.09299,0.09299,0.09296,0.09297,46744.0
1791001260000,0.09297,0.09301,0.09296,0.093,230237.0
1791001320000,0.093,0.093,0.09296,0.09297,89598.0
1791001380000,0.09298,0.09304,0.09298,0.09304,27602.0
1791001440000,0.09304,0.09307,0.09304,0.09304,89631.0
1791001500000,0.09304,0.09304,0.093,0.09303,87431.0
1791001560000,0.09303,0.09303,0.09297,0.09297,51701.0
1791001620000,0.09297,0.09298,0.09289,0.09289,460129.0
1791001680000,0.09289,0.09301,0.09289,0.09298,1138850.0
1791001740000,0.09299,0.09299,0.09294,0.09294,216273.0
1791001800000,0.09294,0.09295,0.09293,0.09293,109154.0
1791001860000,0.09293,0.09299,0.09291,0.09297,639379.0
1791001920000,0.09297,0.09304,0.09297,0.09304,53482.0
1791001980000,0.09304,0.09304,0.09296,0.09296,256108.0
1791002040000,0.09295,0.09295,0.09287,0.0929,1069462.0
1791002100000,0.0929,0.0929,0.09283,0.09287,167294.0
1791002160000,0.09286,0.09286,0.09279,0.0928,1885636.0
1791002220000,0.09281,0.09286,0.0928,0.09286,269775.0
1791002280000,0.09286,0.09288,0.09284,0.09288,60191.0
1791002340000,0.09288,0.09293,0.09288,0.09289,53189.0
1791002400000,0.09288,0.09288,0.09284,0.09286,29226.0
1791002460000,0.09286,0.09286,0.09282,0.09285,951785.0
1791002520000,0.09285,0.09285,0.09282,0.09285,344085.0
1791002580000,0.09286,0.09291,0.09286,0.09291,196825.0
1791002640000,0.09292,0.09298,0.09292,0.09297,403295.0
1791002700000,0.09298,0.09302,0.09298,0.093,58132.0
1791002760000,0.09301,0.09303,0.09298,0.09303,145519.0
1791002820000,0.09304,0.0931,0.09303,0.0931,278673.0
1791002880000,0.09309,0.09312,0.09308,0.0931,92937.0
1791002940000,0.09311,0.09313,0.0931,0.09311,48593.0
1791003000000,0.0931,0.0931,0.09302,0.09302,147049.0
1791003060000,0.09303,0.09304,0.09297,0.093,48712.0
1791003120000,0.093,0.09307,0.09299,0.09307,185907.0
1791003180000,0.09308,0.09309,0.093,0.09302,66023.0
1791003240000,0.09302,0.09303,0.093,0.09301,61933.0
1791003300000,0.093,0.093,0.09298,0.09299,160849.0
1791003360000,0.093,0.093,0.09298,0.09299,8957.0
1791003420000,0.09298,0.09299,0.09295,0.09295,82376.0
1791003480000,0.09295,0.09298,0.09295,0.09297,385242.0
1791003540000,0.09297,0.09298,0.09295,0.09295,696358.0
1791003600000,0.09295,0.09295,0.09292,0.09293,310498.0
1791003660000,0.09293,0.09294,0.09288,0.09289,510101.0
1791003720000,0.09288,0.0929,0.09288,0.09289,35798.0
1791003780000,0.0929,0.0929,0.09289,0.09289,176682.0
1791003840000,0.09289,0.09294,0.09289,0.09292,116683.0
1791003900000,0.09292,0.09295,0.09292,0.09293,71018.0
1791003960000,0.09292,0.09295,0.09292,0.09295,123506.0
1791004020000,0.09295,0.09299,0.09295,0.09296,68902.0
1791004080000,0.09297,0.09301,0.09295,0.09301,137916.0
1791004140000,0.09302,0.09313,0.09301,0.09313,185061.0
1791004200000,0.09313,0.09316,0.09308,0.09308,93660.0
1791004260000,0.09308,0.09309,0.09308,0.09308,10491.0
1791004320000,0.09307,0.09308,0.09303,0.09306,318947.0
1791004380000,0.09306,0.09308,0.09304,0.09304,183068.0
1791004440000,0.09305,0.09306,0.09304,0.09306,252466.0
1791004500000,0.09305,0.09306,0.09305,0.09305,50718.0
1791004560000,0.09305,0.09308,0.09304,0.09305,26650.0
1791004620000,0.09305,0.09312,0.09305,0.09311,267215.0
1791004680000,0.09311,0.09311,0.09308,0.09309,14842.0
1791004740000,0.09309,0.09311,0.09308,0.09309,384352.0
1791004800000,0.09308,0.09311,0.09304,0.09305,46719.0
1791004860000,0.09304,0.09307,0.09303,0.09305,288254.0
1791004920000,0.09305,0.09311,0.09304,0.0931,706043.0
1791004980000,0.09311,0.09312,0.09307,0.09307,382294.0
1791005040000,0.09308,0.09312,0.09308,0.0931,567220.0
1791005100000,0.0931,0.09311,0.09309,0.09311,202062.0
1791005160000,0.09312,0.09313,0.09311,0.09313,31710.0
1791005220000,0.09313,0.09317,0.09313,0.09317,22871.0
1791005280000,0.09316,0.09316,0.09313,0.09314,54644.0
1791005340000,0.09314,0.09315,0.09312,0.09312,247639.0
1791005400000,0.09313,0.09319,0.09313,0.09319,72366.0
1791005460000,0.0932,0.09321,0.09318,0.09319,149164.0
1791005520000,0.0932,0.09323,0.0932,0.09321,97413.0
1791005580000,0.09322,0.09324,0.09314,0.09315,292663.0
1791005640000,0.09315,0.09316,0.09312,0.09312,32160.0
1791005700000,0.09313,0.09315,0.09306,0.09306,317740.0
1791005760000,0.09305,0.09309,0.09304,0.09307,39086.0
1791005820000,0.09307,0.09309,0.09306,0.09308,29129.0
1791005880000,0.09308,0.09311,0.09306,0.09307,93445.0
1791005940000,0.09307,0.09308,0.09306,0.09308,21330.0
1791006000000,0.09307,0.09307,0.09304,0.09304,132442.0
1791006060000,0.09304,0.09304,0.09301,0.09302,223187.0
1791006120000,0.09302,0.09302,0.09301,0.09301,145770.0
1791006180000,0.09301,0.09302,0.09301,0.09302,179705.0
1791006240000,0.09302,0.09303,0.09302,0.09302,13844.0
1791006300000,0.09303,0.09304,0.09302,0.09304,20942.0
1791006360000,0.09303,0.09306,0.09303,0.09305,43257.0
1791006420000,0.09306,0.09311,0.09306,0.09306,28935.0
1791006480000,0.09307,0.0931,0.09303,0.09304,39785.0
1791006540000,0.09303,0.09304,0.09303,0.09303,7371.0
1791006600000,0.09303,0.09304,0.093,0.09301,96777.0
1791006660000,0.093,0.09305,0.09299,0.09302,46872.0
1791006720000,0.09302,0.09303,0.093,0.09301,16236.0
1791006780000,0.093,0.093,0.09298,0.09299,42806.0
1791006840000,0.09298,0.09302,0.09298,0.09301,134462.0
1791006900000,0.09302,0.09302,0.093,0.09302,18785.0
1791006960000,0.09301,0.09303,0.09298,0.09303,42036.0
1791007020000,0.09302,0.09303,0.09302,0.09302,1646.0
1791007080000,0.09301,0.09302,0.09298,0.09298,54774.0
1791007140000,0.09299,0.093,0.09298,0.093,51711.0
1791007200000,0.093,0.09302,0.09299,0.09302,35036.0
1791007260000,0.09301,0.09311,0.09301,0.0931,34169.0
1791007320000,0.09309,0.09313,0.09307,0.09308,22129.0
1791007380000,0.09307,0.09309,0.09303,0.09309,51174.0
1791007440000,0.09309,0.09309,0.09302,0.09302,68555.0
1791007500000,0.09302,0.09302,0.09297,0.09299,83229.0
1791007560000,0.09299,0.09299,0.09292,0.09292,457235.0
1791007620000,0.09293,0.09297,0.09291,0.09297,855091.0
1791007680000,0.09297,0.093,0.09297,0.09297,25423.0
1791007740000,0.09297,0.09299,0.09293,0.09294,163762.0
1791007800000,0.09294,0.09294,0.09292,0.09292,23390.0
1791007860000,0.09292,0.09292,0.09291,0.09291,34534.0
1791007920000,0.09292,0.09295,0.09291,0.09294,266495.0
1791007980000,0.09294,0.09294,0.0929,0.09291,20678.0
1791008040000,0.09291,0.09292,0.0929,0.09291,27019.0
1791008100000,0.0929,0.09292,0.0929,0.09292,74534.0
1791008160000,0.09291,0.09292,0.09291,0.09291,25283.0
1791008220000,0.0929,0.09294,0.0929,0.0929,82460.0
1791008280000,0.09291,0.09294,0.09291,0.09294,38810.0
1791008340000,0.09294,0.09294,0.0929,0.09293,49580.0
1791008400000,0.09293,0.09293,0.09291,0.09292,17993.0
1791008460000,0.09291,0.09296,0.09291,0.09296,17745.0
1791008520000,0.09296,0.09297,0.09291,0.09292,79636.0
1791008580000,0.09292,0.09294,0.09291,0.09294,49775.0
1791008640000,0.09293,0.09293,0.0929,0.09291,552054.0
1791008700000,0.0929,0.09291,0.09288,0.09291,174291.0
1791008760000,0.09291,0.09297,0.09291,0.09296,92604.0
1791008820000,0.09295,0.09297,0.09294,0.09295,311969.0
1791008880000,0.09295,0.09296,0.09288,0.0929,228176.0
1791008940000,0.09291,0.09293,0.0929,0.0929,122357.0
1791009000000,0.0929,0.09297,0.0929,0.09297,71764.0
1791009060000,0.09296,0.09297,0.09291,0.09297,77068.0
1791009120000,0.09297,0.09303,0.09297,0.09302,391664.0
1791009180000,0.09302,0.09305,0.09296,0.09297,285968.0
1791009240000,0.09296,0.09297,0.09293,0.09297,63984.0
1791009300000,0.09296,0.09297,0.09291,0.09292,152688.0
1791009360000,0.09292,0.09293,0.09284,0.09293,333157.0
1791009420000,0.09292,0.09298,0.09292,0.09298,378412.0
1791009480000,0.09297,0.09299,0.09295,0.09296,116983.0
1791009540000,0.09296,0.09302,0.09295,0.093,205297.0
1791009600000,0.093,0.09301,0.09299,0.093,30078.0
1791009660000,0.093,0.09301,0.093,0.09301,153449.0
1791009720000,0.093,0.09301,0.09297,0.093,260658.0
1791009780000,0.09301,0.09301,0.09292,0.09296,441947.0
1791009840000,0.09295,0.093,0.09295,0.09298,663971.0
1791009900000,0.09297,0.093,0.09296,0.09298,34465.0
1791009960000,0.09297,0.09298,0.09293,0.09298,60736.0
1791010020000,0.09298,0.09304,0.09298,0.09304,45416.0
1791010080000,0.09304,0.09304,0.093,0.093,24741.0
1791010140000,0.09301,0.09301,0.09292,0.09298,175293.0
1791010200000,0.09298,0.09298,0.09294,0.09295,88458.0
1791010260000,0.09295,0.09295,0.09293,0.09294,31481.0
1791010320000,0.09294,0.09302,0.09294,0.09302,90257.0
1791010380000,0.09301,0.09304,0.09299,0.093,113840.0
1791010440000,0.09299,0.093,0.09294,0.09295,60794.0
1791010500000,0.09296,0.093,0.09296,0.09297,51595.0
1791010560000,0.09298,0.09298,0.09293,0.09294,11279.0
1791010620000,0.09294,0.09296,0.09294,0.09296,4023.0
1791010680000,0.09295,0.09296,0.09292,0.09293,67954.0
1791010740000,0.09292,0.09299,0.09292,0.09297,1411642.0
1791010800000,0.09296,0.09297,0.09291,0.09291,27400.0
1791010860000,0.09292,0.09295,0.09292,0.09294,19131.0
1791010920000,0.09295,0.09295,0.09293,0.09294,32976.0
1791010980000,0.09295,0.09295,0.09294,0.09295,12438.0
1791011040000,0.09295,0.09295,0.09291,0.09294,311089.0
1791011100000,0.09294,0.09295,0.09293,0.09294,18645.0
1791011160000,0.09293,0.09294,0.09293,0.09294,17599.0
1791011220000,0.09294,0.09294,0.0929,0.09291,29165.0
1791011280000,0.0929,0.09291,0.09288,0.0929,60982.0
1791011340000,0.0929,0.09291,0.09287,0.09288,32465.0
1791011400000,0.09287,0.0929,0.09287,0.09289,66963.0
1791011460000,0.0929,0.0929,0.09289,0.09289,21624.0
1791011520000,0.09288,0.09294,0.09288,0.09293,89901.0
1791011580000,0.09293,0.09294,0.09292,0.09294,8231.0
1791011640000,0.09295,0.09295,0.0929,0.0929,170541.0
1791011700000,0.09289,0.09291,0.09289,0.09291,105910.0
1791011760000,0.09292,0.09293,0.0929,0.09292,209571.0
1791011820000,0.09292,0.09293,0.09292,0.09293,107991.0
1791011880000,0.09292,0.09292,0.0929,0.09291,18496.0
1791011940000,0.09291,0.09291,0.09289,0.0929,48051.0
1791012000000,0.09289,0.0929,0.09287,0.09287,41868.0
1791012060000,0.09287,0.09287,0.09277,0.09279,265234.0
1791012120000,0.09278,0.09278,0.09273,0.09273,72203.0
1791012180000,0.09274,0.09274,0.09273,0.09274,126483.0
1791012240000,0.09274,0.09274,0.09273,0.09274,24671.0
1791012300000,0.09273,0.09279,0.09273,0.09279,169069.0
1791012360000,0.09278,0.09278,0.09274,0.09275,106977.0
1791012420000,0.09275,0.09276,0.09274,0.09276,35785.0
1791012480000,0.09277,0.09279,0.09277,0.09279,65248.0
1791012540000,0.09279,0.09281,0.09279,0.09281,55533.0
1791012600000,0.0928,0.09282,0.0928,0.09281,44674.0
1791012660000,0.09282,0.09282,0.09279,0.09279,76949.0
1791012720000,0.09279,0.09284,0.09276,0.09277,272345.0
1791012780000,0.09277,0.09278,0.09276,0.09278,67896.0
1791012840000,0.09278,0.0928,0.09276,0.09276,353994.0
1791012900000,0.09276,0.09281,0.09275,0.09281,641402.0
1791012960000,0.09281,0.09283,0.09276,0.09278,247331.0
1791013020000,0.09278,0.09278,0.09274,0.09276,125520.0
1791013080000,0.09276,0.09277,0.09275,0.09277,46036.0
1791013140000,0.09276,0.09276,0.09273,0.09274,110447.0
1791013200000,0.09274,0.09274,0.09269,0.0927,194730.0
1791013260000,0.0927,0.0927,0.09267,0.09268,161346.0
1791013320000,0.09267,0.09267,0.0926,0.0926,377387.0
1791013380000,0.09261,0.09263,0.09261,0.09263,27546.0
1791013440000,0.09263,0.09263,0.09259,0.09259,62579.0
1791013500000,0.09259,0.09263,0.09257,0.09262,776857.0
1791013560000,0.09262,0.09272,0.09261,0.0927,670204.0
1791013620000,0.0927,0.09277,0.0927,0.09272,150200.0
1791013680000,0.09272,0.09276,0.09271,0.09272,35457.0
1791013740000,0.09272,0.09275,0.09271,0.09275,50032.0
1791013800000,0.09274,0.09281,0.09274,0.09281,37948.0
1791013860000,0.09281,0.09285,0.09276,0.09276,202207.0
1791013920000,0.09276,0.09277,0.09275,0.09275,11402.0
1791013980000,0.09275,0.09275,0.09266,0.09266,100245.0
1791014040000,0.09266,0.09275,0.09266,0.09275,69387.0
1791014100000,0.09274,0.09274,0.09271,0.09272,62400.0
1791014160000,0.09271,0.09272,0.0927,0.09272,20510.0
1791014220000,0.09271,0.09272,0.09271,0.09271,37261.0
1791014280000,0.09271,0.09271,0.09267,0.09267,63824.0
1791014340000,0.09268,0.09272,0.09267,0.09267,238092.0
1791014400000,0.09268,0.09272,0.09266,0.09271,39878.0
1791014460000,0.09272,0.09273,0.09263,0.09263,396761.0
1791014520000,0.09264,0.09266,0.09254,0.09254,231856.0
1791014580000,0.09254,0.09254,0.09249,0.09254,326285.0
1791014640000,0.09253,0.09262,0.09253,0.09261,434008.0
1791014700000,0.0926,0.09264,0.09258,0.09264,151327.0
1791014760000,0.09264,0.09267,0.09263,0.09265,141002.0
1791014820000,0.09265,0.09265,0.09262,0.09263,589955.0
1791014880000,0.09262,0.09271,0.09262,0.09271,303535.0
1791014940000,0.09271,0.09273,0.09263,0.09267,548033.0
1791015000000,0.09268,0.09271,0.09268,0.09271,77879.0
1791015060000,0.09271,0.09272,0.09271,0.09272,11518.0
1791015120000,0.09272,0.09277,0.09272,0.09273,155404.0
1791015180000,0.09273,0.09274,0.09273,0.09274,14229.0
1791015240000,0.09274,0.09277,0.09273,0.09276,290359.0
1791015300000,0.09276,0.09276,0.09268,0.09272,488205.0
1791015360000,0.09272,0.09272,0.09265,0.09271,168632.0
1791015420000,0.0927,0.0927,0.09267,0.09267,75904.0
1791015480000,0.09267,0.09271,0.09267,0.09271,894993.0
1791015540000,0.09271,0.09271,0.09269,0.0927,540106.0
1791015600000,0.0927,0.0927,0.0926,0.09262,984942.0
1791015660000,0.09261,0.09261,0.09255,0.09257,710723.0
1791015720000,0.09257,0.09258,0.09255,0.09256,314335.0
1791015780000,0.09256,0.09256,0.0925,0.0925,249069.0
1791015840000,0.09251,0.09252,0.09248,0.09251,1314899.0
1791015900000,0.0925,0.0925,0.09243,0.09249,555321.0
1791015960000,0.09249,0.0925,0.09247,0.09248,1289551.0
1791016020000,0.09248,0.09258,0.09247,0.09257,986138.0
1791016080000,0.09257,0.09257,0.09254,0.09255,49062.0
1791016140000,0.09256,0.09267,0.09253,0.09253,912625.0
1791016200000,0.09253,0.09257,0.09251,0.09253,258474.0
1791016260000,0.09252,0.09252,0.09244,0.09247,375484.0
1791016320000,0.09248,0.0925,0.09247,0.0925,29356.0
1791016380000,0.0925,0.0925,0.09246,0.09247,367430.0
1791016440000,0.09247,0.0925,0.09247,0.09247,713924.0
1791016500000,0.09247,0.09252,0.09247,0.09251,396852.0
1791016560000,0.09251,0.09258,0.09251,0.09256,176308.0
1791016620000,0.09257,0.09257,0.09254,0.09256,32381.0
1791016680000,0.09255,0.09255,0.09252,0.09253,146015.0
1791016740000,0.09252,0.09254,0.09252,0.09253,78875.0
1791016800000,0.09253,0.09256,0.09252,0.09256,31739.0
1791016860000,0.09257,0.09258,0.09257,0.09257,26901.0
1791016920000,0.09258,0.09258,0.09254,0.09255,119507.0
1791016980000,0.09255,0.09261,0.09255,0.09258,275320.0
1791017040000,0.09258,0.09259,0.09258,0.09259,19615.0
1791017100000,0.09259,0.09261,0.09259,0.09261,140615.0
1791017160000,0.0926,0.09262,0.0926,0.09262,264037.0
1791017220000,0.09262,0.09262,0.09254,0.09254,432210.0
1791017280000,0.09254,0.09257,0.09254,0.09256,52410.0
1791017340000,0.09256,0.09256,0.09254,0.09255,50441.0
1791017400000,0.09255,0.09256,0.09254,0.09255,23968.0
1791017460000,0.09254,0.09255,0.09253,0.09253,187279.0
1791017520000,0.09253,0.09256,0.09252,0.09255,91587.0
1791017580000,0.09255,0.09258,0.09254,0.09257,131302.0
1791017640000,0.09257,0.09261,0.09255,0.09261,829322.0
1791017700000,0.0926,0.09264,0.0926,0.09264,941489.0
1791017760000,0.09264,0.09264,0.09261,0.09261,64160.0
1791017820000,0.09261,0.09261,0.09258,0.09258,218726.0
1791017880000,0.09257,0.09259,0.09254,0.09254,287769.0
1791017940000,0.09254,0.09259,0.09251,0.09252,845472.0
1791018000000,0.09252,0.09256,0.09252,0.09256,52557.0
1791018060000,0.09255,0.09256,0.09255,0.09256,48581.0
1791018120000,0.09256,0.09259,0.09256,0.09259,51851.0
1791018180000,0.09258,0.09264,0.09258,0.09264,87160.0
1791018240000,0.09263,0.09264,0.09262,0.09264,43675.0
1791018300000,0.09264,0.09266,0.09263,0.09263,80363.0
1791018360000,0.09263,0.09263,0.0926,0.0926,120186.0
1791018420000,0.09261,0.09264,0.09261,0.09262,120658.0
1791018480000,0.09263,0.09283,0.09263,0.09279,1683812.0
1791018540000,0.09279,0.09284,0.09277,0.09283,230523.0
1791018600000,0.09283,0.09287,0.09283,0.09286,34004.0
1791018660000,0.09286,0.09287,0.09286,0.09286,77035.0
1791018720000,0.09286,0.09288,0.09284,0.09286,679274.0
1791018780000,0.09287,0.09287,0.09282,0.09283,352148.0
1791018840000,0.09283,0.09283,0.09279,0.0928,10246.0
1791018900000,0.09279,0.09279,0.09275,0.09275,105122.0
1791018960000,0.09275,0.09275,0.09271,0.09273,71069.0
1791019020000,0.09272,0.09273,0.09272,0.09273,26939.0
1791019080000,0.09273,0.09279,0.09273,0.09278,42346.0
1791019140000,0.09279,0.09287,0.09265,0.09267,2535691.0
1791019200000,0.09267,0.09268,0.09266,0.09268,47201.0
1791019260000,0.09267,0.09267,0.09264,0.09265,75376.0
1791019320000,0.09266,0.09266,0.09265,0.09265,17587.0
1791019380000,0.09266,0.09266,0.09261,0.09261,26730.0
1791019440000,0.09262,0.09262,0.09257,0.09258,143513.0
1791019500000,0.09258,0.09259,0.09256,0.09258,25813.0
1791019560000,0.09258,0.09261,0.09258,0.09261,195209.0
1791019620000,0.09261,0.09265,0.09261,0.09264,42003.0
1791019680000,0.09265,0.09265,0.0926,0.09261,40363.0
1791019740000,0.09261,0.09262,0.0926,0.09261,1028359.0
1791019800000,0.09261,0.09262,0.09261,0.09262,34248.0
1791019860000,0.09261,0.09262,0.0926,0.0926,335372.0
1791019920000,0.0926,0.09263,0.0926,0.09263,195390.0
1791019980000,0.09263,0.09269,0.09263,0.09269,32301.0
1791020040000,0.09269,0.09269,0.09266,0.09269,221292.0
1791020100000,0.09268,0.09269,0.09266,0.09267,373157.0
1791020160000,0.09267,0.09268,0.09266,0.09267,20575.0
1791020220000,0.09267,0.09267,0.09262,0.09265,58833.0
1791020280000,0.09264,0.09265,0.09263,0.09264,24573.0
1791020340000,0.09264,0.09265,0.09264,0.09265,7786.0
1791020400000,0.09264,0.09269,0.09264,0.09269,51578.0
1791020460000,0.09269,0.09271,0.09269,0.09271,55032.0
1791020520000,0.09271,0.09272,0.09269,0.0927,357270.0
1791020580000,0.09269,0.09271,0.09269,0.09271,46058.0
1791020640000,0.09271,0.09272,0.09269,0.0927,514326.0
1791020700000,0.0927,0.09271,0.0927,0.09271,19859.0
1791020760000,0.09271,0.09272,0.0927,0.09271,19018.0
1791020820000,0.09272,0.09273,0.09269,0.0927,288431.0
1791020880000,0.09271,0.09273,0.0927,0.09273,43883.0
1791020940000,0.09272,0.09272,0.09269,0.0927,50616.0
1791021000000,0.0927,0.09275,0.0927,0.09275,163833.0
1791021060000,0.09275,0.09284,0.09275,0.09284,431693.0
1791021120000,0.09283,0.09284,0.09282,0.09283,62650.0
1791021180000,0.09283,0.09283,0.09277,0.09278,21369.0
1791021240000,0.09278,0.09279,0.09274,0.09275,364391.0
1791021300000,0.09275,0.09279,0.09275,0.09278,330876.0
1791021360000,0.09277,0.09279,0.09277,0.09279,28037.0
1791021420000,0.09279,0.0928,0.09276,0.09276,190510.0
1791021480000,0.09276,0.09277,0.09275,0.09277,37867.0
1791021540000,0.09277,0.09278,0.09276,0.09276,133954.0
1791021600000,0.09276,0.0928,0.09276,0.0928,122292.0
1791021660000,0.0928,0.0928,0.09279,0.09279,16528.0
1791021720000,0.09278,0.09281,0.09278,0.0928,84155.0
1791021780000,0.0928,0.09283,0.09278,0.0928,96902.0
1791021840000,0.0928,0.09283,0.0928,0.09283,52261.0
1791021900000,0.09282,0.09284,0.09281,0.09283,95467.0
1791021960000,0.09283,0.09286,0.09283,0.09284,180069.0
1791022020000,0.09285,0.09285,0.09281,0.09281,54875.0
1791022080000,0.0928,0.09281,0.09278,0.09281,89908.0
1791022140000,0.0928,0.09283,0.0928,0.09283,68908.0
1791022200000,0.09283,0.09284,0.09282,0.09283,104658.0
1791022260000,0.09284,0.09289,0.09284,0.09289,35424.0
1791022320000,0.09289,0.09289,0.09287,0.09288,74241.0
1791022380000,0.09288,0.09288,0.09286,0.09286,13953.0
1791022440000,0.09287,0.09287,0.09286,0.09287,54945.0
1791022500000,0.09286,0.09286,0.09284,0.09285,29891.0
1791022560000,0.09285,0.09286,0.09285,0.09286,65595.0
1791022620000,0.09286,0.09287,0.09285,0.09287,95911.0
1791022680000,0.09288,0.09289,0.09287,0.09289,81973.0
1791022740000,0.09289,0.09289,0.09286,0.09287,40142.0
1791022800000,0.09286,0.09287,0.09286,0.09287,23922.0
1791022860000,0.09287,0.09287,0.09285,0.09286,69055.0
1791022920000,0.09287,0.09287,0.09285,0.09286,37699.0
1791022980000,0.09286,0.09286,0.09282,0.09282,47886.0
1791023040000,0.09282,0.09282,0.09281,0.09281,428.0
1791023100000,0.09281,0.09281,0.09279,0.09281,50842.0
1791023160000,0.0928,0.09281,0.09278,0.09279,98176.0
1791023220000,0.09279,0.09283,0.09279,0.09283,148460.0
1791023280000,0.09282,0.09289,0.09282,0.09289,248022.0
1791023340000,0.09289,0.09289,0.09283,0.09283,212096.0
1791023400000,0.09283,0.09288,0.09282,0.09287,230814.0
1791023460000,0.09286,0.09289,0.09286,0.09288,56358.0
1791023520000,0.09288,0.09288,0.09283,0.09284,139325.0
1791023580000,0.09283,0.09288,0.09279,0.09286,609749.0
1791023640000,0.09286,0.09289,0.09285,0.09288,48851.0
1791023700000,0.09289,0.09294,0.09282,0.09284,709074.0
1791023760000,0.09284,0.09289,0.09284,0.09288,76555.0
1791023820000,0.09288,0.0929,0.09287,0.0929,96889.0
1791023880000,0.0929,0.09292,0.0929,0.09291,44735.0
1791023940000,0.09292,0.09292,0.09291,0.09291,141726.0
1791024000000,0.09291,0.09292,0.09289,0.09291,235718.0
1791024060000,0.09291,0.09292,0.0929,0.09291,238434.0
1791024120000,0.09292,0.09292,0.09286,0.09286,327071.0
1791024180000,0.09287,0.09292,0.09287,0.09291,1214778.0
1791024240000,0.09291,0.09292,0.09291,0.09292,269147.0
1791024300000,0.09291,0.09292,0.09291,0.09291,46121.0
1791024360000,0.09292,0.09292,0.09291,0.09291,37504.0
1791024420000,0.09291,0.09292,0.09291,0.09291,86219.0
1791024480000,0.09292,0.09293,0.09287,0.09287,2600730.0
1791024540000,0.09287,0.09288,0.09285,0.09285,222064.0
1791024600000,0.09285,0.09288,0.09285,0.09285,387054.0
1791024660000,0.09286,0.0929,0.09286,0.0929,81571.0
1791024720000,0.09291,0.09293,0.0929,0.09292,41286.0
1791024780000,0.09293,0.09293,0.09292,0.09293,36013.0
1791024840000,0.09294,0.09296,0.09292,0.09292,41997.0
1791024900000,0.09291,0.09295,0.0929,0.09295,667033.0
1791024960000,0.09295,0.09296,0.09294,0.09296,24476.0
1791025020000,0.09295,0.09296,0.09293,0.09294,24590.0
1791025080000,0.09294,0.09294,0.09293,0.09293,144917.0
1791025140000,0.09293,0.09294,0.0929,0.0929,351680.0
1791025200000,0.09289,0.09289,0.09285,0.09285,103689.0
1791025260000,0.09285,0.09285,0.0928,0.09281,277703.0
1791025320000,0.09281,0.09282,0.09278,0.09279,305840.0
1791025380000,0.09279,0.09283,0.09278,0.09283,122960.0
1791025440000,0.09282,0.09282,0.09278,0.09282,88357.0
1791025500000,0.09283,0.09283,0.09278,0.09279,28782.0
1791025560000,0.09279,0.09283,0.09279,0.09282,64520.0
1791025620000,0.09283,0.09292,0.09283,0.09288,96877.0
1791025680000,0.09287,0.09287,0.0928,0.0928,100503.0
1791025740000,0.09281,0.09286,0.09281,0.09281,61935.0
1791025800000,0.09281,0.09282,0.09279,0.09279,241012.0
1791025860000,0.09279,0.0928,0.09278,0.09279,50509.0
1791025920000,0.09279,0.09283,0.09278,0.09279,392193.0
1791025980000,0.09279,0.09279,0.09275,0.09275,52245.0
1791026040000,0.09275,0.09275,0.09274,0.09274,95062.0
1791026100000,0.09274,0.09274,0.09266,0.09268,613768.0
1791026160000,0.09269,0.09273,0.09269,0.09273,138045.0
1791026220000,0.09272,0.09278,0.09272,0.09275,174804.0
1791026280000,0.09275,0.09282,0.09273,0.0928,713639.0
1791026340000,0.0928,0.0928,0.09274,0.09274,43061.0
1791026400000,0.09274,0.09275,0.09273,0.09274,37670.0
1791026460000,0.09273,0.09274,0.09272,0.09272,20223.0
1791026520000,0.09273,0.09273,0.09269,0.0927,78414.0
1791026580000,0.0927,0.0927,0.09268,0.09268,83130.0
1791026640000,0.09268,0.09268,0.09267,0.09267,17024.0
1791026700000,0.09268,0.09271,0.09268,0.09269,96918.0
1791026760000,0.09268,0.09269,0.09268,0.09268,13883.0
1791026820000,0.09269,0.09269,0.09266,0.09269,100277.0
1791026880000,0.09268,0.09272,0.09268,0.09271,31888.0
1791026940000,0.09272,0.09274,0.09272,0.09274,31799.0
1791027000000,0.09274,0.09278,0.09274,0.09278,65574.0
1791027060000,0.09277,0.09279,0.09277,0.09279,74184.0
1791027120000,0.09278,0.09281,0.09278,0.09281,27661.0
1791027180000,0.09281,0.09283,0.09277,0.09279,288950.0
1791027240000,0.09278,0.09283,0.09278,0.09282,86755.0
1791027300000,0.09282,0.0929,0.09282,0.0929,111113.0
1791027360000,0.09289,0.09293,0.09288,0.09288,130478.0
1791027420000,0.09288,0.09289,0.09285,0.09286,129538.0
1791027480000,0.09286,0.09287,0.09282,0.09287,240474.0
1791027540000,0.09288,0.09293,0.09288,0.09292,79779.0
1791027600000,0.09293,0.09293,0.09291,0.09291,10620.0
1791027660000,0.09292,0.09292,0.09284,0.09286,285416.0
1791027720000,0.09286,0.09286,0.0928,0.09281,211526.0
1791027780000,0.09282,0.09282,0.09278,0.09278,58882.0
1791027840000,0.09279,0.09281,0.09279,0.09279,142552.0
1791027900000,0.09279,0.09282,0.09279,0.09282,52657.0
1791027960000,0.09281,0.09282,0.09281,0.09281,7942.0
1791028020000,0.09281,0.09282,0.0928,0.09281,43332.0
1791028080000,0.09281,0.09288,0.0928,0.09284,332734.0
1791028140000,0.09285,0.09285,0.09283,0.09283,54227.0
1791028200000,0.09283,0.09284,0.09282,0.09284,23177.0
1791028260000,0.09284,0.09284,0.09281,0.09282,30493.0
1791028320000,0.09282,0.09284,0.09281,0.09283,60387.0
1791028380000,0.09284,0.09285,0.09283,0.09283,50017.0
1791028440000,0.09283,0.09283,0.0928,0.09281,23817.0
1791028500000,0.09281,0.09282,0.0928,0.09282,61844.0
1791028560000,0.09282,0.09284,0.09279,0.09279,321086.0
1791028620000,0.0928,0.0928,0.09278,0.09279,24522.0
1791028680000,0.09279,0.09279,0.09278,0.09278,10941.0
1791028740000,0.09279,0.09279,0.09277,0.09278,38064.0
1791028800000,0.09278,0.09282,0.09277,0.09281,656846.0
1791028860000,0.09282,0.09285,0.09282,0.09283,142358.0
1791028920000,0.09284,0.09286,0.09283,0.09284,84744.0
1791028980000,0.09285,0.09291,0.09285,0.09288,286066.0
1791029040000,0.09288,0.09295,0.09286,0.09295,786635.0
1791029100000,0.09294,0.09295,0.0929,0.0929,76378.0
1791029160000,0.0929,0.09291,0.0929,0.0929,27102.0
1791029220000,0.0929,0.09294,0.09289,0.09293,182018.0
1791029280000,0.09293,0.09294,0.0929,0.0929,152272.0
1791029340000,0.09291,0.09291,0.09286,0.09286,224929.0
1791029400000,0.09286,0.09288,0.09286,0.09288,66773.0
1791029460000,0.09288,0.09294,0.09288,0.09294,102052.0
1791029520000,0.09294,0.09294,0.09292,0.09292,23570.0
1791029580000,0.09292,0.09293,0.09289,0.09292,240472.0
1791029640000,0.09292,0.09292,0.09291,0.09291,9850.0
1791029700000,0.0929,0.0929,0.09282,0.09282,310421.0
1791029760000,0.09282,0.09285,0.09279,0.09285,138714.0
1791029820000,0.09284,0.09285,0.09283,0.09285,71655.0
1791029880000,0.09285,0.09296,0.09285,0.09294,144655.0
1791029940000,0.09293,0.09293,0.09288,0.0929,324089.0
1791030000000,0.0929,0.09294,0.09289,0.0929,513225.0
1791030060000,0.0929,0.09297,0.0929,0.09296,78935.0
1791030120000,0.09295,0.09295,0.09291,0.09293,212524.0
1791030180000,0.09293,0.09297,0.09292,0.09295,393475.0
1791030240000,0.09295,0.09298,0.09295,0.09298,630314.0
1791030300000,0.09297,0.09302,0.0929,0.09291,624983.0
1791030360000,0.09291,0.09291,0.09287,0.09288,112795.0
1791030420000,0.09288,0.0929,0.09288,0.09289,44082.0
1791030480000,0.09289,0.09289,0.09288,0.09288,3853.0
1791030540000,0.09289,0.09289,0.0928,0.09281,433316.0
1791030600000,0.09281,0.09281,0.0928,0.09281,8754.0
1791030660000,0.09281,0.09281,0.09278,0.09279,194860.0
1791030720000,0.09278,0.09288,0.09278,0.09287,691711.0
1791030780000,0.09288,0.09288,0.09284,0.09285,75123.0
1791030840000,0.09286,0.09286,0.09282,0.09282,28108.0
1791030900000,0.09283,0.09286,0.09282,0.09282,236773.0
1791030960000,0.09281,0.09282,0.0928,0.09281,84543.0
1791031020000,0.09282,0.09282,0.09277,0.09277,256769.0
1791031080000,0.09276,0.09277,0.09274,0.09274,111340.0
1791031140000,0.09274,0.09285,0.09272,0.09282,665780.0
1791031200000,0.09281,0.09282,0.0928,0.0928,39392.0
1791031260000,0.09281,0.09281,0.09275,0.09275,124159.0
1791031320000,0.09276,0.09276,0.09267,0.09268,764171.0
1791031380000,0.09268,0.09268,0.09263,0.09264,350761.0
1791031440000,0.09263,0.09264,0.09262,0.09264,194111.0
1791031500000,0.09263,0.09265,0.0926,0.09263,347086.0
1791031560000,0.09264,0.09266,0.09261,0.09261,108652.0
1791031620000,0.09261,0.09269,0.09257,0.09266,1124015.0
1791031680000,0.09267,0.09269,0.09266,0.09266,73882.0
1791031740000,0.09265,0.09265,0.09261,0.09263,84155.0
1791031800000,0.09264,0.09264,0.09263,0.09264,70416.0
1791031860000,0.09264,0.09268,0.09264,0.09268,142788.0
1791031920000,0.09268,0.0927,0.09268,0.0927,121586.0
1791031980000,0.0927,0.09273,0.09268,0.09272,60128.0
1791032040000,0.09272,0.09273,0.0927,0.09272,330605.0
1791032100000,0.09272,0.09275,0.09272,0.09275,33478.0
1791032160000,0.09276,0.09278,0.09276,0.09277,122773.0
1791032220000,0.09278,0.09278,0.09276,0.09276,20305.0
1791032280000,0.09276,0.09276,0.09276,0.09276,159161.0
1791032340000,0.09275,0.09276,0.09274,0.09274,30580.0
1791032400000,0.09274,0.09274,0.09271,0.09273,124145.0
1791032460000,0.09273,0.09277,0.09273,0.09277,304057.0
1791032520000,0.09276,0.09277,0.09273,0.09274,246939.0
1791032580000,0.09275,0.09283,0.09275,0.09283,256166.0
1791032640000,0.09283,0.09284,0.09273,0.09274,245080.0
1791032700000,0.09273,0.09275,0.09272,0.09274,60586.0
1791032760000,0.09275,0.0928,0.09275,0.09279,92163.0
1791032820000,0.09278,0.09278,0.09274,0.09274,182192.0
1791032880000,0.09273,0.09273,0.09269,0.0927,84248.0
1791032940000,0.0927,0.09274,0.09269,0.09274,59627.0
1791033000000,0.09273,0.09273,0.09268,0.0927,161471.0
1791033060000,0.0927,0.09271,0.09264,0.09265,219305.0
1791033120000,0.09264,0.09265,0.09262,0.09264,122229.0
1791033180000,0.09264,0.09265,0.09261,0.09265,102753.0
1791033240000,0.09266,0.09266,0.09265,0.09266,22953.0
1791033300000,0.09265,0.09265,0.09261,0.09262,80166.0
1791033360000,0.09262,0.09266,0.09262,0.09265,77680.0
1791033420000,0.09264,0.09264,0.09257,0.09257,273292.0
1791033480000,0.09258,0.09261,0.09254,0.09258,205304.0
1791033540000,0.09259,0.09259,0.09255,0.09256,66163.0
1791033600000,0.09256,0.09257,0.09254,0.09255,610864.0
1791033660000,0.09255,0.09257,0.09252,0.09255,380930.0
1791033720000,0.09255,0.09257,0.09254,0.09256,386244.0
1791033780000,0.09255,0.09257,0.09254,0.09256,185571.0
1791033840000,0.09256,0.09256,0.09255,0.09256,97325.0
1791033900000,0.09256,0.0926,0.09256,0.09257,187272.0
1791033960000,0.09257,0.0926,0.09257,0.0926,82444.0
1791034020000,0.09261,0.09261,0.0926,0.0926,31261.0
1791034080000,0.09261,0.09264,0.09261,0.09264,80791.0
1791034140000,0.09264,0.09267,0.09264,0.09266,45039.0
1791034200000,0.09267,0.09269,0.09265,0.09266,172379.0
1791034260000,0.09266,0.09269,0.09266,0.09267,280936.0
1791034320000,0.09268,0.0927,0.09268,0.0927,4388.0
1791034380000,0.0927,0.09272,0.0927,0.09271,82264.0
1791034440000,0.09272,0.09278,0.09272,0.09278,201482.0
1791034500000,0.09278,0.0928,0.09277,0.09278,206103.0
1791034560000,0.09278,0.09281,0.09275,0.09275,366148.0
1791034620000,0.09275,0.09276,0.0927,0.09272,188380.0
1791034680000,0.09273,0.09278,0.09271,0.09276,163994.0
1791034740000,0.09276,0.09278,0.09275,0.09277,38800.0
1791034800000,0.09277,0.09278,0.09277,0.09277,169774.0
1791034860000,0.09278,0.09284,0.09278,0.09284,160558.0
1791034920000,0.09283,0.09283,0.09282,0.09283,85926.0
1791034980000,0.09282,0.09282,0.09278,0.0928,242208.0
1791035040000,0.09281,0.09281,0.09273,0.09273,140069.0
1791035100000,0.09273,0.09274,0.09273,0.09273,27537.0
1791035160000,0.09273,0.09279,0.09273,0.09278,90856.0
1791035220000,0.09277,0.09278,0.09275,0.09276,80794.0
1791035280000,0.09276,0.0928,0.09275,0.09279,217916.0
1791035340000,0.09279,0.0928,0.09278,0.09279,39356.0
1791035400000,0.09278,0.0928,0.09278,0.09279,47458.0
1791035460000,0.0928,0.09281,0.09279,0.09281,28743.0
1791035520000,0.0928,0.09284,0.0928,0.09284,76253.0
1791035580000,0.09284,0.09284,0.09283,0.09284,15411.0
1791035640000,0.09283,0.09285,0.09283,0.09284,29591.0
1791035700000,0.09285,0.09285,0.09284,0.09284,906.0
1791035760000,0.09285,0.09287,0.09284,0.09287,57601.0
1791035820000,0.09286,0.09288,0.09286,0.09287,31595.0
1791035880000,0.09288,0.09288,0.09287,0.09287,190990.0
1791035940000,0.09288,0.09292,0.09287,0.09292,312442.0
1791036000000,0.09292,0.09293,0.09291,0.09293,69454.0
1791036060000,0.09292,0.09292,0.09289,0.09291,208505.0
1791036120000,0.0929,0.09291,0.09287,0.09288,2035098.0
1791036180000,0.09288,0.09288,0.0928,0.09281,8078173.0
1791036240000,0.09281,0.09282,0.09278,0.09278,193419.0
1791036300000,0.09279,0.09282,0.09278,0.09278,177475.0
1791036360000,0.09279,0.09279,0.0927,0.0927,619353.0
1791036420000,0.09269,0.0928,0.09269,0.09279,204777.0
1791036480000,0.0928,0.0928,0.09276,0.09276,232289.0
1791036540000,0.09277,0.09279,0.09276,0.09276,400591.0
1791036600000,0.09277,0.09277,0.09274,0.09274,17876.0
1791036660000,0.09274,0.09275,0.0927,0.0927,42167.0
1791036720000,0.0927,0.09271,0.09268,0.0927,55574.0
1791036780000,0.09271,0.09273,0.09269,0.09273,129360.0
1791036840000,0.09272,0.09273,0.09271,0.09272,27628.0
1791036900000,0.09272,0.09274,0.09271,0.09273,45121.0
1791036960000,0.09274,0.09281,0.09274,0.09277,187982.0
1791037020000,0.09277,0.0928,0.09276,0.09278,34571.0
1791037080000,0.09277,0.09283,0.09277,0.09283,43719.0
1791037140000,0.09282,0.09283,0.09279,0.09279,96621.0
1791037200000,0.0928,0.09286,0.0928,0.09283,428437.0
1791037260000,0.09283,0.09285,0.09282,0.09283,59699.0
1791037320000,0.09283,0.09288,0.09283,0.09288,46360.0
1791037380000,0.09288,0.09291,0.09288,0.0929,158430.0
1791037440000,0.09289,0.09292,0.09287,0.09287,30040.0
1791037500000,0.09287,0.09292,0.09287,0.0929,132303.0
1791037560000,0.09291,0.09297,0.09291,0.09296,261907.0
1791037620000,0.09296,0.09304,0.09296,0.09304,485626.0
1791037680000,0.09303,0.09308,0.09303,0.09306,282082.0
1791037740000,0.09307,0.0931,0.09305,0.0931,197114.0
1791037800000,0.09309,0.09316,0.09309,0.09311,323535.0
1791037860000,0.09312,0.09317,0.09311,0.09315,694358.0
1791037920000,0.09315,0.09319,0.09309,0.0931,789782.0
1791037980000,0.09309,0.09311,0.09306,0.09309,381253.0
1791038040000,0.09308,0.09312,0.09308,0.0931,103452.0
1791038100000,0.09309,0.09309,0.09303,0.09303,328695.0
1791038160000,0.09303,0.09305,0.09303,0.09303,175673.0
1791038220000,0.09303,0.09304,0.09299,0.09303,211472.0
1791038280000,0.09304,0.09306,0.09297,0.09305,576153.0
1791038340000,0.09305,0.0931,0.093,0.09302,470372.0
1791038400000,0.09303,0.0931,0.09303,0.09307,103447.0
1791038460000,0.09307,0.0931,0.09307,0.09308,137377.0
1791038520000,0.09307,0.0931,0.09306,0.09309,615609.0
1791038580000,0.09308,0.09311,0.09308,0.09311,250348.0
1791038640000,0.0931,0.09318,0.0931,0.09318,125612.0
1791038700000,0.09317,0.09331,0.09317,0.09331,813488.0
1791038760000,0.0933,0.09335,0.09328,0.09332,832322.0
1791038820000,0.09332,0.0934,0.09332,0.09338,778853.0
1791038880000,0.09338,0.09341,0.09337,0.0934,380642.0
1791038940000,0.0934,0.09348,0.0934,0.09347,390304.0
1791039000000,0.09347,0.0935,0.09346,0.09348,274776.0
1791039060000,0.09348,0.09349,0.09344,0.09344,149019.0
1791039120000,0.09344,0.09344,0.09334,0.09335,957185.0
1791039180000,0.09335,0.09338,0.09335,0.09337,105306.0
1791039240000,0.09338,0.09339,0.09334,0.09334,919002.0
1791039300000,0.09335,0.09338,0.09334,0.09335,204172.0
1791039360000,0.09334,0.0934,0.09334,0.09339,449706.0
1791039420000,0.0934,0.0934,0.0933,0.09331,394980.0
1791039480000,0.09331,0.09339,0.09331,0.09335,120639.0
1791039540000,0.09334,0.09337,0.09334,0.09335,128824.0
1791039600000,0.09335,0.09335,0.09319,0.09319,360948.0
1791039660000,0.09318,0.09323,0.0931,0.09314,763126.0
1791039720000,0.09315,0.09321,0.09312,0.09313,84326.0
1791039780000,0.09313,0.09314,0.09309,0.09311,126643.0
1791039840000,0.09311,0.09316,0.09311,0.09314,61401.0
1791039900000,0.09314,0.0932,0.09314,0.09319,85860.0
1791039960000,0.09318,0.09321,0.09318,0.09318,101057.0
1791040020000,0.09318,0.09318,0.09313,0.09314,565996.0
1791040080000,0.09314,0.09322,0.09314,0.09321,305614.0
1791040140000,0.0932,0.09322,0.09318,0.09319,92564.0
1791040200000,0.09319,0.0932,0.09316,0.09318,553985.0
1791040260000,0.09318,0.09319,0.09316,0.09316,304877.0
1791040320000,0.09316,0.09317,0.09314,0.09315,53962.0
1791040380000,0.09314,0.09315,0.09314,0.09314,21516.0
1791040440000,0.09313,0.09325,0.0931,0.09325,1473321.0
1791040500000,0.09325,0.09326,0.09312,0.09313,573807.0
1791040560000,0.09314,0.09318,0.09314,0.09318,71794.0
1791040620000,0.09318,0.09323,0.09317,0.09322,70787.0
1791040680000,0.09323,0.09323,0.09317,0.09318,98362.0
1791040740000,0.09318,0.09321,0.09316,0.09317,50424.0
1791040800000,0.09317,0.09321,0.09317,0.0932,154484.0
1791040860000,0.09321,0.09331,0.09321,0.09331,532303.0
1791040920000,0.09332,0.09332,0.09326,0.09326,70972.0
1791040980000,0.09326,0.09328,0.09326,0.09327,70807.0
1791041040000,0.09328,0.09328,0.09321,0.09321,73692.0
1791041100000,0.0932,0.09321,0.09319,0.09321,361437.0
1791041160000,0.09322,0.09326,0.09322,0.09326,59630.0
1791041220000,0.09326,0.09328,0.09325,0.09328,23753.0
1791041280000,0.09329,0.09329,0.09324,0.09324,206352.0
1791041340000,0.09324,0.09326,0.09324,0.09325,40486.0
1791041400000,0.09326,0.09328,0.09326,0.09327,43155.0
1791041460000,0.09328,0.0933,0.09321,0.09321,84995.0
1791041520000,0.09322,0.09324,0.09321,0.09323,62306.0
1791041580000,0.09324,0.09324,0.09318,0.09318,169021.0
1791041640000,0.09318,0.09324,0.09315,0.09324,60876.0
1791041700000,0.09324,0.09324,0.09302,0.09311,1550325.0
1791041760000,0.09311,0.09311,0.09301,0.09303,242536.0
1791041820000,0.09303,0.09306,0.09302,0.09305,293510.0
1791041880000,0.09305,0.09316,0.09305,0.09316,262327.0
1791041940000,0.09316,0.09316,0.09312,0.09312,45422.0
1791042000000,0.09312,0.09312,0.0931,0.09311,53487.0
1791042060000,0.09311,0.0932,0.09309,0.09318,365868.0
1791042120000,0.09319,0.09319,0.0931,0.0931,298015.0
1791042180000,0.0931,0.09315,0.09309,0.09315,53193.0
1791042240000,0.09314,0.09317,0.09311,0.09311,192433.0
1791042300000,0.09311,0.0932,0.09311,0.0932,268466.0
1791042360000,0.0932,0.09322,0.0932,0.09322,226592.0
1791042420000,0.09321,0.09321,0.09314,0.09315,158828.0
1791042480000,0.09314,0.09315,0.09311,0.09315,588046.0
1791042540000,0.09315,0.09318,0.09314,0.09315,471341.0
1791042600000,0.09316,0.09318,0.09316,0.09317,109556.0
1791042660000,0.09316,0.09317,0.09314,0.09314,70788.0
1791042720000,0.09314,0.09314,0.09311,0.09313,580147.0
1791042780000,0.09313,0.09313,0.09312,0.09312,21965.0
1791042840000,0.09312,0.09313,0.0931,0.09313,393386.0
1791042900000,0.09313,0.09315,0.09313,0.09314,361654.0
1791042960000,0.09314,0.09314,0.09312,0.09312,27231.0
1791043020000,0.09313,0.09313,0.09308,0.09309,411322.0
1791043080000,0.09309,0.09313,0.09309,0.09312,49925.0
1791043140000,0.09312,0.09313,0.09312,0.09312,20794.0
1791043200000,0.09312,0.09315,0.09312,0.09312,254375.0
1791043260000,0.09313,0.09313,0.09304,0.09305,330376.0
1791043320000,0.09306,0.09306,0.09301,0.09301,57185.0
1791043380000,0.09301,0.09303,0.09301,0.09303,131751.0
1791043440000,0.09303,0.0931,0.09302,0.0931,91007.0
1791043500000,0.09309,0.0931,0.09306,0.09306,386253.0
1791043560000,0.09306,0.09306,0.09303,0.09303,126468.0
1791043620000,0.09303,0.09305,0.09303,0.09305,52715.0
1791043680000,0.09305,0.09313,0.09304,0.09313,269916.0
1791043740000,0.09314,0.09314,0.09308,0.0931,161608.0
1791043800000,0.09311,0.09311,0.09308,0.09309,21967.0
1791043860000,0.09309,0.0931,0.09306,0.09309,179441.0
1791043920000,0.09309,0.09312,0.09309,0.0931,160571.0
1791043980000,0.0931,0.0931,0.09305,0.09305,34678.0
1791044040000,0.09306,0.09308,0.09306,0.09307,27883.0
1791044100000,0.09306,0.09308,0.09304,0.09304,34027.0
1791044160000,0.09305,0.09305,0.09299,0.09299,129551.0
1791044220000,0.09299,0.09299,0.09295,0.09297,55066.0
1791044280000,0.09296,0.09298,0.09295,0.09296,204594.0
1791044340000,0.09295,0.09299,0.09295,0.09299,434586.0
1791044400000,0.09298,0.09301,0.09298,0.09298,142983.0
1791044460000,0.09298,0.093,0.09295,0.09295,182710.0
1791044520000,0.09295,0.09297,0.09293,0.09295,198559.0
1791044580000,0.09295,0.09295,0.09294,0.09294,42034.0
1791044640000,0.09293,0.09293,0.09289,0.09291,83393.0
1791044700000,0.0929,0.09297,0.0929,0.09292,105784.0
1791044760000,0.09292,0.09295,0.09291,0.09294,314046.0
1791044820000,0.09294,0.093,0.09294,0.093,614262.0
1791044880000,0.093,0.09301,0.09299,0.09301,24867.0
1791044940000,0.093,0.09302,0.093,0.09302,48102.0
1791045000000,0.09302,0.09307,0.09302,0.09307,44633.0
1791045060000,0.09306,0.09307,0.09305,0.09306,43244.0
1791045120000,0.09307,0.09315,0.09307,0.09315,38470.0
1791045180000,0.09315,0.09315,0.09312,0.09315,42531.0
1791045240000,0.09315,0.09316,0.09312,0.09313,51526.0
1791045300000,0.09313,0.09313,0.09306,0.09307,80781.0
1791045360000,0.09307,0.0931,0.09306,0.09308,88951.0
1791045420000,0.09309,0.09309,0.09305,0.09308,36927.0
1791045480000,0.09308,0.09311,0.09308,0.09311,161870.0
1791045540000,0.09311,0.09318,0.09311,0.09317,110205.0
1791045600000,0.09317,0.09324,0.09317,0.09324,514240.0
1791045660000,0.09324,0.09328,0.09324,0.09328,642482.0
1791045720000,0.09328,0.09328,0.09318,0.09318,176382.0
1791045780000,0.09319,0.09319,0.09316,0.09319,123573.0
1791045840000,0.09319,0.09319,0.09315,0.09318,77331.0
1791045900000,0.09318,0.0932,0.09317,0.09317,37332.0
1791045960000,0.09317,0.09317,0.09314,0.09314,385649.0
1791046020000,0.09315,0.09319,0.09315,0.09315,356163.0
1791046080000,0.09314,0.09315,0.09311,0.09311,27177.0
1791046140000,0.09312,0.09314,0.09312,0.09312,21508.0
1791046200000,0.09311,0.09313,0.09311,0.09311,27242.0
1791046260000,0.09312,0.09315,0.0931,0.09311,211956.0
1791046320000,0.09311,0.09311,0.09307,0.0931,143897.0
1791046380000,0.09309,0.0931,0.09306,0.09307,20785.0
1791046440000,0.09306,0.09306,0.09305,0.09305,36157.0
1791046500000,0.09306,0.09306,0.09304,0.09304,11304.0
1791046560000,0.09304,0.09305,0.09302,0.09304,361481.0
1791046620000,0.09303,0.09308,0.09303,0.09308,156762.0
1791046680000,0.09308,0.09311,0.09307,0.09307,385286.0
1791046740000,0.09307,0.09309,0.09306,0.09309,553696.0
1791046800000,0.09309,0.09311,0.09308,0.09311,324739.0
1791046860000,0.09311,0.09313,0.09309,0.09309,32077.0
1791046920000,0.09308,0.09309,0.09308,0.09309,8272.0
1791046980000,0.09309,0.09311,0.09308,0.09311,36332.0
1791047040000,0.09312,0.09313,0.09311,0.09313,19871.0
1791047100000,0.09314,0.09319,0.09314,0.09317,73053.0
1791047160000,0.09317,0.09319,0.09317,0.09319,23471.0
1791047220000,0.09319,0.0933,0.09318,0.09324,158812.0
1791047280000,0.09325,0.09328,0.09325,0.09327,337598.0
1791047340000,0.09327,0.09337,0.09327,0.09337,1116556.0
1791047400000,0.09337,0.09342,0.09335,0.09335,1358381.0
1791047460000,0.09335,0.09336,0.09334,0.09334,71081.0
1791047520000,0.09334,0.09337,0.09334,0.09335,237824.0
1791047580000,0.09336,0.09336,0.09333,0.09333,106622.0
1791047640000,0.09334,0.09338,0.09333,0.09333,408260.0
1791047700000,0.09333,0.09335,0.0933,0.09335,154232.0
1791047760000,0.09335,0.09337,0.09335,0.09336,29572.0
1791047820000,0.09336,0.09336,0.09329,0.0933,158890.0
1791047880000,0.0933,0.09338,0.0933,0.09338,58786.0
1791047940000,0.09338,0.09341,0.09336,0.09337,158578.0
1791048000000,0.09336,0.09341,0.09336,0.0934,56513.0
1791048060000,0.09341,0.09342,0.09336,0.09337,102556.0
1791048120000,0.09337,0.09342,0.09337,0.09341,44832.0
1791048180000,0.09342,0.09343,0.09342,0.09342,64848.0
1791048240000,0.09342,0.09343,0.0934,0.0934,78602.0
1791048300000,0.09339,0.09339,0.09334,0.09334,28290.0
1791048360000,0.09334,0.09335,0.09332,0.09332,118710.0
1791048420000,0.09331,0.09335,0.0933,0.09334,278880.0
1791048480000,0.09334,0.09334,0.09331,0.09332,280396.0
1791048540000,0.09332,0.09333,0.09331,0.09331,33163.0
1791048600000,0.09332,0.09332,0.09323,0.09323,395599.0
1791048660000,0.09323,0.09324,0.09317,0.09317,600292.0
1791048720000,0.09316,0.09327,0.09314,0.09323,405774.0
1791048780000,0.09323,0.09324,0.0932,0.0932,28454.0
1791048840000,0.09319,0.09325,0.09317,0.09325,78295.0
1791048900000,0.09326,0.09327,0.09324,0.09325,24148.0
1791048960000,0.09324,0.09325,0.09321,0.09322,83731.0
1791049020000,0.09322,0.09325,0.09319,0.09325,433876.0
1791049080000,0.09325,0.09325,0.09318,0.09318,71104.0
1791049140000,0.09318,0.09323,0.09318,0.09323,197684.0
1791049200000,0.09322,0.09326,0.09321,0.09323,291280.0
1791049260000,0.09322,0.09325,0.0932,0.09323,90066.0
1791049320000,0.09324,0.09324,0.0932,0.0932,32416.0
1791049380000,0.09321,0.09323,0.0932,0.09321,371951.0
1791049440000,0.0932,0.09327,0.09319,0.09325,312299.0
1791049500000,0.09325,0.09325,0.09316,0.09316,101971.0
1791049560000,0.09317,0.09326,0.09316,0.09326,103435.0
1791049620000,0.09326,0.09326,0.09316,0.09319,404522.0
1791049680000,0.09319,0.09322,0.09317,0.09318,274717.0
1791049740000,0.09317,0.09323,0.09317,0.0932,274000.0
1791049800000,0.09319,0.09331,0.09318,0.09329,546070.0
1791049860000,0.09329,0.09329,0.09323,0.09325,30935.0
1791049920000,0.09324,0.09331,0.09324,0.09331,53833.0
1791049980000,0.09331,0.09332,0.09316,0.09318,928066.0
1791050040000,0.09319,0.09323,0.09319,0.09322,206774.0
1791050100000,0.09322,0.09322,0.0932,0.09321,10998.0
1791050160000,0.0932,0.09322,0.09319,0.09321,55161.0
1791050220000,0.09321,0.09323,0.09319,0.09323,328408.0
1791050280000,0.09322,0.09324,0.0932,0.09323,471390.0
1791050340000,0.09324,0.09326,0.09324,0.09326,23171.0
1791050400000,0.09326,0.09326,0.09321,0.09321,123734.0
1791050460000,0.09322,0.0933,0.09322,0.0933,29482.0
1791050520000,0.0933,0.09334,0.09329,0.0933,209008.0
1791050580000,0.09329,0.0933,0.09326,0.09326,84161.0
1791050640000,0.09327,0.09327,0.09323,0.09326,154030.0
1791050700000,0.09326,0.09327,0.09325,0.09325,35163.0
1791050760000,0.09325,0.0933,0.09325,0.0933,174766.0
1791050820000,0.09329,0.09332,0.09327,0.09328,139167.0
1791050880000,0.09327,0.09327,0.09326,0.09327,67159.0
1791050940000,0.09327,0.09331,0.09327,0.09327,202667.0
1791051000000,0.09327,0.09327,0.09312,0.09313,1975874.0
1791051060000,0.09312,0.09314,0.0931,0.09313,176151.0
1791051120000,0.09314,0.09318,0.09312,0.09318,41064.0
1791051180000,0.09319,0.09319,0.09317,0.09319,50387.0
1791051240000,0.09319,0.09319,0.09318,0.09319,82251.0
1791051300000,0.09318,0.09321,0.09318,0.09321,26324.0
1791051360000,0.09322,0.09322,0.09316,0.09316,59638.0
1791051420000,0.09316,0.09316,0.0931,0.0931,25287.0
1791051480000,0.0931,0.09311,0.09306,0.09309,36177.0
1791051540000,0.09309,0.09309,0.09303,0.09309,699659.0
1791051600000,0.09308,0.09311,0.09307,0.09308,27094.0
1791051660000,0.09307,0.09311,0.09307,0.09311,36322.0
1791051720000,0.09312,0.09312,0.09308,0.09308,16673.0
1791051780000,0.09309,0.09311,0.09309,0.09309,32596.0
1791051840000,0.0931,0.0931,0.09308,0.09309,94477.0
1791051900000,0.09309,0.09311,0.09309,0.09311,11002.0
1791051960000,0.0931,0.09311,0.0931,0.09311,3047.0
1791052020000,0.0931,0.09311,0.0931,0.09311,27624.0
1791052080000,0.09311,0.09315,0.09311,0.09315,292869.0
1791052140000,0.09315,0.09317,0.09314,0.09316,25482.0
1791052200000,0.09316,0.09318,0.09315,0.09315,187959.0
1791052260000,0.09314,0.09315,0.0931,0.0931,201028.0
1791052320000,0.0931,0.09311,0.0931,0.09311,30435.0
1791052380000,0.09311,0.09312,0.0931,0.09311,86625.0
1791052440000,0.09311,0.09312,0.09309,0.09312,69439.0
1791052500000,0.09312,0.09312,0.0931,0.0931,14675.0
1791052560000,0.09311,0.09318,0.0931,0.09318,680755.0
1791052620000,0.09319,0.09322,0.09316,0.09317,109709.0
1791052680000,0.09317,0.09322,0.09317,0.09321,254684.0
1791052740000,0.0932,0.09322,0.09318,0.0932,197953.0
1791052800000,0.0932,0.09324,0.0932,0.09323,47046.0
1791052860000,0.09324,0.09324,0.09321,0.09322,13867.0
1791052920000,0.09321,0.09329,0.09321,0.09328,87252.0
1791052980000,0.09328,0.09329,0.09328,0.09328,25732.0
1791053040000,0.09329,0.09331,0.09328,0.09329,20898.0
1791053100000,0.09329,0.09329,0.09322,0.09322,243033.0
1791053160000,0.09322,0.09326,0.09322,0.09325,5505.0
1791053220000,0.09325,0.09325,0.09318,0.09319,133125.0
1791053280000,0.09319,0.09319,0.09314,0.09314,9769.0
1791053340000,0.09315,0.09315,0.09311,0.09312,31655.0
1791053400000,0.09311,0.09312,0.0931,0.0931,19403.0
1791053460000,0.0931,0.0931,0.09307,0.09308,47922.0
1791053520000,0.09308,0.0931,0.09308,0.0931,142342.0
1791053580000,0.0931,0.0931,0.09308,0.09309,15764.0
1791053640000,0.0931,0.0931,0.09309,0.0931,97526.0
1791053700000,0.0931,0.09311,0.0931,0.0931,20245.0
1791053760000,0.0931,0.09312,0.0931,0.09312,37311.0
1791053820000,0.09312,0.09315,0.09312,0.09314,16676.0
1791053880000,0.09315,0.09318,0.09315,0.09317,40497.0
1791053940000,0.09317,0.0932,0.09316,0.09319,22937.0
1791054000000,0.09318,0.09319,0.09316,0.09318,291277.0
1791054060000,0.09319,0.09321,0.09313,0.09313,79414.0
1791054120000,0.09313,0.09314,0.09308,0.09308,132113.0
1791054180000,0.09309,0.09309,0.09304,0.09305,63658.0
1791054240000,0.09304,0.09308,0.09303,0.09307,185994.0
1791054300000,0.09308,0.0931,0.09306,0.09307,12048.0
1791054360000,0.09307,0.09313,0.09307,0.09311,5995.0
1791054420000,0.09311,0.09311,0.09309,0.09311,15722.0
1791054480000,0.09311,0.09312,0.09311,0.09312,9494.0
1791054540000,0.09312,0.09312,0.0931,0.0931,28621.0
1791054600000,0.09309,0.09309,0.09307,0.09308,23779.0
1791054660000,0.09309,0.0931,0.09308,0.0931,35561.0
1791054720000,0.0931,0.0931,0.09309,0.0931,2847.0
1791054780000,0.09309,0.0931,0.09308,0.0931,215990.0
1791054840000,0.0931,0.09313,0.0931,0.09311,101801.0
1791054900000,0.09312,0.09316,0.09312,0.09316,201962.0
1791054960000,0.09317,0.09322,0.09317,0.09318,100218.0
1791055020000,0.09318,0.09318,0.09314,0.09318,105231.0
1791055080000,0.09317,0.09317,0.09315,0.09315,65614.0
1791055140000,0.09314,0.09315,0.09307,0.09315,160155.0
1791055200000,0.09314,0.09314,0.09311,0.09312,50571.0
1791055260000,0.09311,0.09313,0.09311,0.09313,42326.0
1791055320000,0.09313,0.09315,0.09313,0.09315,98441.0
1791055380000,0.09315,0.09316,0.09315,0.09315,68959.0
1791055440000,0.09315,0.09318,0.09315,0.09315,187435.0
1791055500000,0.09316,0.09316,0.09315,0.09315,84582.0
1791055560000,0.09316,0.09318,0.09315,0.09315,53483.0
1791055620000,0.09315,0.09318,0.09315,0.09318,13200.0
1791055680000,0.09319,0.09319,0.09318,0.09318,7248.0
1791055740000,0.09319,0.09319,0.09316,0.09316,47001.0
1791055800000,0.09315,0.09316,0.09314,0.09314,23979.0
1791055860000,0.09314,0.09316,0.09314,0.09315,50244.0
1791055920000,0.09315,0.09315,0.09313,0.09314,1357.0
1791055980000,0.09313,0.09314,0.09313,0.09313,1118.0
1791056040000,0.09313,0.09313,0.09311,0.09312,9859.0
1791056100000,0.09312,0.09313,0.09311,0.09312,52572.0
1791056160000,0.09313,0.09316,0.0931,0.09311,322142.0
1791056220000,0.09312,0.09314,0.09311,0.09314,29056.0
1791056280000,0.09314,0.0932,0.09314,0.0932,336291.0
1791056340000,0.09319,0.09319,0.09317,0.09317,35101.0
1791056400000,0.09316,0.09317,0.09314,0.09314,29893.0
1791056460000,0.09315,0.09319,0.09313,0.09319,663735.0
1791056520000,0.09318,0.09318,0.09315,0.09315,51653.0
1791056580000,0.09316,0.09316,0.09315,0.09315,2457.0
1791056640000,0.09315,0.09316,0.09313,0.09313,53533.0
1791056700000,0.09313,0.09313,0.09312,0.09312,7696.0
1791056760000,0.09313,0.09313,0.09312,0.09312,26521.0
1791056820000,0.09311,0.09311,0.09304,0.09308,373843.0
1791056880000,0.09309,0.09311,0.09309,0.0931,26426.0
1791056940000,0.09311,0.09311,0.09308,0.09309,105569.0
1791057000000,0.09308,0.09314,0.09308,0.09313,363581.0
1791057060000,0.09312,0.09313,0.09312,0.09313,9477.0
1791057120000,0.09312,0.09313,0.09311,0.09311,45776.0
1791057180000,0.09311,0.09312,0.09311,0.09312,15058.0
1791057240000,0.09311,0.09319,0.09307,0.09318,945098.0
1791057300000,0.09319,0.09319,0.09316,0.09316,49173.0
1791057360000,0.09315,0.09315,0.09312,0.09313,2936.0
1791057420000,0.09313,0.09313,0.09311,0.09312,24305.0
1791057480000,0.09312,0.09314,0.09312,0.09314,85059.0
1791057540000,0.09315,0.09315,0.09314,0.09315,16271.0
1791057600000,0.09314,0.09319,0.09314,0.09319,91458.0
1791057660000,0.09319,0.09325,0.09319,0.09324,52466.0
1791057720000,0.09325,0.09326,0.09324,0.09325,25304.0
1791057780000,0.09325,0.09329,0.09324,0.09328,88889.0
1791057840000,0.09327,0.09328,0.09325,0.09325,283004.0
1791057900000,0.09324,0.09327,0.09324,0.09324,49070.0
1791057960000,0.09325,0.09325,0.09322,0.09323,72782.0
1791058020000,0.09324,0.09324,0.09321,0.09323,39641.0
1791058080000,0.09322,0.09325,0.09322,0.09324,27701.0
1791058140000,0.09324,0.09324,0.09322,0.09322,6593.0
1791058200000,0.09322,0.09323,0.09318,0.09318,93962.0
1791058260000,0.09318,0.09322,0.09318,0.09322,130943.0
1791058320000,0.09322,0.09322,0.09318,0.09321,599398.0
1791058380000,0.09321,0.09323,0.0932,0.09323,245798.0
1791058440000,0.09323,0.09323,0.09322,0.09322,169043.0
1791058500000,0.09323,0.09324,0.09321,0.09324,309662.0
1791058560000,0.09324,0.09326,0.09322,0.09323,310028.0
1791058620000,0.09323,0.09324,0.09323,0.09323,15388.0
1791058680000,0.09324,0.09324,0.09322,0.09324,117426.0
1791058740000,0.09324,0.09333,0.09323,0.09332,528285.0
1791058800000,0.09332,0.09335,0.09329,0.09332,982682.0
1791058860000,0.09331,0.09333,0.09331,0.09331,491471.0
1791058920000,0.09331,0.09331,0.09322,0.09322,708178.0
1791058980000,0.09321,0.09325,0.09321,0.09324,79909.0
1791059040000,0.09325,0.09327,0.09324,0.09327,170703.0
1791059100000,0.09326,0.09328,0.09326,0.09328,59108.0
1791059160000,0.09329,0.09333,0.09329,0.09333,97808.0
1791059220000,0.09332,0.09332,0.0933,0.09331,24763.0
1791059280000,0.0933,0.09331,0.09329,0.09329,189596.0
1791059340000,0.09329,0.0933,0.09328,0.09328,78069.0
1791059400000,0.09327,0.09329,0.09325,0.09326,854814.0
1791059460000,0.09325,0.09326,0.09323,0.09324,159451.0
1791059520000,0.09325,0.09325,0.09324,0.09325,6631.0
1791059580000,0.09324,0.09325,0.09324,0.09325,32786.0
1791059640000,0.09325,0.09326,0.09324,0.09326,40021.0
1791059700000,0.09326,0.09326,0.09325,0.09326,269747.0
1791059760000,0.09326,0.0933,0.09325,0.09329,74542.0
1791059820000,0.09329,0.09329,0.09323,0.09324,87602.0
1791059880000,0.09323,0.09324,0.09322,0.09324,164399.0
1791059940000,0.09323,0.09324,0.09322,0.09322,19814.0
1791060000000,0.09322,0.09322,0.09321,0.09321,57308.0
1791060060000,0.09322,0.09322,0.09321,0.09322,34349.0
1791060120000,0.09323,0.09325,0.09323,0.09325,338488.0
1791060180000,0.09325,0.09325,0.0932,0.09321,321410.0
1791060240000,0.09322,0.09324,0.09321,0.09324,26788.0
1791060300000,0.09323,0.09324,0.09323,0.09323,15513.0
1791060360000,0.09324,0.09328,0.09324,0.09325,479964.0
1791060420000,0.09326,0.09326,0.09323,0.09324,104246.0
1791060480000,0.09325,0.09325,0.09323,0.09323,32815.0
1791060540000,0.09323,0.09323,0.09316,0.09319,206131.0
1791060600000,0.09319,0.09322,0.09317,0.09322,214434.0
1791060660000,0.09321,0.09324,0.09311,0.09318,1558731.0
1791060720000,0.09318,0.09321,0.09317,0.0932,62959.0
1791060780000,0.09321,0.09321,0.09316,0.09318,61912.0
1791060840000,0.09319,0.0932,0.09318,0.09319,36367.0
1791060900000,0.09319,0.09319,0.09317,0.09317,5150.0
1791060960000,0.09318,0.09319,0.09317,0.09318,12639.0
1791061020000,0.09319,0.09319,0.09317,0.09317,56810.0
1791061080000,0.09317,0.09318,0.09317,0.09317,755.0
1791061140000,0.09318,0.09318,0.09316,0.09316,134839.0
1791061200000,0.09317,0.09318,0.09316,0.09318,23633.0
1791061260000,0.09319,0.0932,0.09317,0.09319,72351.0
1791061320000,0.09319,0.09319,0.09315,0.09315,118334.0
1791061380000,0.09314,0.09314,0.0931,0.0931,613757.0
1791061440000,0.09311,0.09311,0.09306,0.09306,2974355.0
1791061500000,0.09306,0.09306,0.09293,0.09295,643378.0
1791061560000,0.09295,0.09299,0.09295,0.09296,61335.0
1791061620000,0.09296,0.09297,0.09295,0.09296,163024.0
1791061680000,0.09296,0.09297,0.09295,0.09295,35073.0
1791061740000,0.09295,0.09295,0.09289,0.09289,126999.0
1791061800000,0.09289,0.09294,0.09289,0.09294,106791.0
1791061860000,0.09294,0.09294,0.09293,0.09293,13780.0
1791061920000,0.09294,0.09299,0.09294,0.09299,46291.0
1791061980000,0.09298,0.093,0.09296,0.09298,183954.0
1791062040000,0.09298,0.09298,0.09297,0.09297,2093.0
1791062100000,0.09298,0.09299,0.09298,0.09299,25239.0
1791062160000,0.09299,0.09304,0.09298,0.09304,30987.0
1791062220000,0.09303,0.09304,0.09299,0.093,34863.0
1791062280000,0.09299,0.093,0.09298,0.093,94217.0
1791062340000,0.09299,0.09299,0.09294,0.09295,137037.0
1791062400000,0.09295,0.09296,0.09293,0.09293,44042.0
1791062460000,0.09293,0.09294,0.09293,0.09293,5835.0
1791062520000,0.09294,0.09297,0.09292,0.09295,455768.0
1791062580000,0.09294,0.09295,0.09294,0.09295,3502.0
1791062640000,0.09294,0.09295,0.09292,0.09292,170355.0
1791062700000,0.09292,0.09292,0.09289,0.09291,167825.0
1791062760000,0.09291,0.09291,0.09289,0.0929,98559.0
1791062820000,0.0929,0.09291,0.09283,0.09285,773433.0
1791062880000,0.09286,0.09288,0.09285,0.09288,252549.0
1791062940000,0.09288,0.09288,0.09283,0.09286,340622.0
1791063000000,0.09285,0.09287,0.09285,0.09287,96067.0
1791063060000,0.09287,0.09287,0.09286,0.09287,22513.0
1791063120000,0.09287,0.09287,0.09286,0.09287,35087.0
1791063180000,0.09287,0.09288,0.09287,0.09288,18301.0
1791063240000,0.09288,0.09294,0.09288,0.09292,457037.0
1791063300000,0.09293,0.09296,0.09291,0.09291,503431.0
1791063360000,0.09292,0.09292,0.0929,0.09291,33671.0
1791063420000,0.09291,0.09291,0.09289,0.09289,665546.0
1791063480000,0.09288,0.09289,0.09286,0.09289,155423.0
1791063540000,0.0929,0.09293,0.0929,0.09292,119916.0
1791063600000,0.09292,0.09292,0.09289,0.09289,118965.0
1791063660000,0.09289,0.09289,0.09286,0.09287,354508.0
1791063720000,0.09286,0.09286,0.09285,0.09285,198191.0
1791063780000,0.09286,0.09287,0.09283,0.09284,325151.0
1791063840000,0.09285,0.09286,0.09285,0.09285,9473.0
1791063900000,0.09285,0.0929,0.09285,0.0929,100953.0
1791063960000,0.09289,0.09294,0.09289,0.09293,25579.0
1791064020000,0.09293,0.09295,0.09293,0.09295,116390.0
1791064080000,0.09294,0.09295,0.09294,0.09295,22900.0
1791064140000,0.09294,0.09295,0.09294,0.09294,6202.0
1791064200000,0.09295,0.09297,0.09295,0.09297,6729.0
1791064260000,0.09297,0.09299,0.09296,0.09298,40580.0
1791064320000,0.09298,0.09299,0.09292,0.09292,143648.0
1791064380000,0.09293,0.09293,0.09291,0.09293,41489.0
1791064440000,0.09292,0.09293,0.0929,0.0929,30434.0
1791064500000,0.09291,0.09294,0.0929,0.09294,28817.0
1791064560000,0.09293,0.09294,0.0929,0.0929,273968.0
1791064620000,0.0929,0.09295,0.0929,0.09295,20386.0
1791064680000,0.09295,0.09295,0.09294,0.09294,1855.0
1791064740000,0.09295,0.09295,0.09289,0.09294,109572.0
1791064800000,0.09294,0.09294,0.09293,0.09294,8631.0
1791064860000,0.09294,0.09294,0.0929,0.0929,3730.0
1791064920000,0.09291,0.09296,0.09285,0.09286,771689.0
1791064980000,0.09287,0.09295,0.09273,0.09286,787990.0
1791065040000,0.09287,0.09296,0.09287,0.09293,162169.0
1791065100000,0.09292,0.09293,0.09286,0.09293,62254.0
1791065160000,0.09293,0.09297,0.09286,0.09288,533337.0
1791065220000,0.09288,0.09298,0.09288,0.09296,128809.0
1791065280000,0.09296,0.09299,0.09295,0.09298,38063.0
1791065340000,0.09299,0.09303,0.09296,0.09298,133924.0
1791065400000,0.09298,0.09302,0.09297,0.09302,60806.0
1791065460000,0.09302,0.09304,0.09301,0.09304,257634.0
1791065520000,0.09304,0.09306,0.09303,0.09306,39999.0
1791065580000,0.09306,0.09306,0.09304,0.09306,54189.0
1791065640000,0.09306,0.09307,0.09303,0.09305,42253.0
1791065700000,0.09305,0.09306,0.0929,0.0929,1772670.0
1791065760000,0.0929,0.09292,0.09288,0.09291,87206.0
1791065820000,0.09292,0.09297,0.09292,0.09293,201616.0
1791065880000,0.09292,0.09297,0.09292,0.09297,39604.0
1791065940000,0.09297,0.09297,0.09295,0.09296,25526.0
1791066000000,0.09296,0.09297,0.09296,0.09296,2829.0
1791066060000,0.09296,0.09296,0.09292,0.09292,181013.0
1791066120000,0.09292,0.09295,0.09291,0.09291,124878.0
1791066180000,0.09291,0.09291,0.09291,0.09291,4323.0
1791066240000,0.09292,0.09292,0.09292,0.09292,6782.0
1791066300000,0.09292,0.09294,0.09291,0.09294,105889.0
1791066360000,0.09294,0.09296,0.09291,0.09296,65102.0
1791066420000,0.09295,0.09296,0.09293,0.09294,99461.0
1791066480000,0.09294,0.09299,0.09294,0.09299,50068.0
1791066540000,0.09299,0.09299,0.09297,0.09297,57042.0
1791066600000,0.09298,0.09301,0.09297,0.09301,38550.0
1791066660000,0.09301,0.09301,0.09299,0.09301,174354.0
1791066720000,0.09301,0.09302,0.093,0.09302,124718.0
1791066780000,0.09302,0.09302,0.093,0.09302,38558.0
1791066840000,0.09302,0.09302,0.093,0.09301,48903.0
1791066900000,0.09302,0.09305,0.09302,0.09305,35611.0
1791066960000,0.09304,0.09305,0.09304,0.09305,174740.0
1791067020000,0.09304,0.09305,0.09304,0.09305,3842.0
1791067080000,0.09305,0.09306,0.09303,0.09306,104895.0
1791067140000,0.09306,0.09306,0.09304,0.09304,13191.0
1791067200000,0.09304,0.09305,0.09302,0.09303,125924.0
1791067260000,0.09303,0.09303,0.093,0.09301,64017.0
1791067320000,0.09302,0.09302,0.09301,0.09302,17796.0
1791067380000,0.09302,0.09302,0.09301,0.09301,9791.0
1791067440000,0.09301,0.09304,0.093,0.093,563858.0
1791067500000,0.09299,0.09299,0.09298,0.09298,96746.0
1791067560000,0.09299,0.09299,0.09295,0.09295,23870.0
1791067620000,0.09295,0.09301,0.09295,0.09296,510180.0
1791067680000,0.09295,0.09296,0.09294,0.09296,85569.0
1791067740000,0.09296,0.09298,0.09293,0.09298,138828.0
1791067800000,0.09297,0.09297,0.09295,0.09295,420276.0
1791067860000,0.09294,0.09303,0.09294,0.09302,551450.0
1791067920000,0.09303,0.09303,0.09298,0.09299,36977.0
1791067980000,0.09299,0.093,0.09298,0.09298,61690.0
1791068040000,0.09298,0.09298,0.09298,0.09298,30571.0
1791068100000,0.09298,0.09298,0.09295,0.09295,74222.0
1791068160000,0.09295,0.09295,0.09293,0.09293,42115.0
1791068220000,0.09293,0.09294,0.09291,0.09292,42210.0
1791068280000,0.09292,0.09293,0.09292,0.09293,58767.0
1791068340000,0.09294,0.09294,0.0929,0.09293,340116.0
1791068400000,0.09294,0.09294,0.0929,0.0929,13956.0
1791068460000,0.09289,0.09291,0.09289,0.0929,32740.0
1791068520000,0.09291,0.09291,0.0929,0.0929,12023.0
1791068580000,0.09291,0.09291,0.09288,0.09288,44589.0
1791068640000,0.09287,0.09287,0.09284,0.09284,3859.0
1791068700000,0.09284,0.09284,0.09282,0.09282,190803.0
1791068760000,0.09282,0.09283,0.09279,0.09279,94332.0
1791068820000,0.0928,0.0928,0.09279,0.09279,10938.0
1791068880000,0.0928,0.09282,0.09279,0.09282,92944.0
1791068940000,0.09282,0.09285,0.09281,0.09285,113853.0
1791069000000,0.09285,0.09286,0.09284,0.09286,40264.0
1791069060000,0.09287,0.09287,0.09286,0.09286,47770.0
1791069120000,0.09287,0.09287,0.09285,0.09286,20911.0
1791069180000,0.09285,0.09287,0.09284,0.09287,109119.0
1791069240000,0.09287,0.09291,0.09287,0.09291,53466.0
1791069300000,0.0929,0.09291,0.0929,0.0929,27830.0
1791069360000,0.0929,0.09292,0.0929,0.09292,82842.0
1791069420000,0.09291,0.09295,0.09291,0.09291,529905.0
1791069480000,0.0929,0.09292,0.0929,0.09291,41979.0
1791069540000,0.0929,0.0929,0.0929,0.0929,150714.0
1791069600000,0.0929,0.0929,0.09289,0.0929,56370.0
1791069660000,0.09289,0.09289,0.09286,0.09287,248868.0
1791069720000,0.09287,0.09293,0.09287,0.09293,871197.0
1791069780000,0.09294,0.09294,0.09291,0.09293,5742.0
1791069840000,0.09292,0.09293,0.09292,0.09293,9896.0
1791069900000,0.09293,0.09294,0.09292,0.09293,31504.0
1791069960000,0.09294,0.09294,0.09289,0.09291,392438.0
1791070020000,0.09291,0.09291,0.09286,0.09287,100337.0
1791070080000,0.09287,0.09288,0.09285,0.09285,168973.0
1791070140000,0.09285,0.09286,0.09285,0.09286,129.0
1791070200000,0.09286,0.09289,0.09286,0.09289,28236.0
1791070260000,0.09289,0.09289,0.09288,0.09288,48508.0
1791070320000,0.09288,0.0929,0.09288,0.0929,216867.0
1791070380000,0.0929,0.0929,0.09289,0.0929,22107.0
1791070440000,0.0929,0.09291,0.0929,0.09291,6374.0
1791070500000,0.0929,0.0929,0.09286,0.09286,24582.0
1791070560000,0.09285,0.09288,0.09285,0.09288,14480.0
1791070620000,0.09289,0.09289,0.09288,0.09289,5180.0
1791070680000,0.09288,0.09289,0.09288,0.09289,15075.0
1791070740000,0.09289,0.09289,0.09288,0.09289,73928.0
1791070800000,0.09288,0.09288,0.09287,0.09288,18005.0
1791070860000,0.09287,0.09287,0.09287,0.09287,2042.0
1791070920000,0.09287,0.09289,0.09287,0.09289,57073.0
1791070980000,0.09288,0.09289,0.09287,0.09288,116973.0
1791071040000,0.09289,0.09289,0.09288,0.09288,15529.0
1791071100000,0.09289,0.09289,0.09289,0.09289,2062.0
1791071160000,0.09288,0.0929,0.09288,0.09289,24193.0
1791071220000,0.0929,0.0929,0.0929,0.0929,1498.0
1791071280000,0.0929,0.09292,0.09289,0.09292,89790.0
1791071340000,0.09292,0.09293,0.09292,0.09293,10259.0
1791071400000,0.09292,0.09293,0.09292,0.09292,80936.0
1791071460000,0.09292,0.09292,0.0929,0.0929,26314.0
1791071520000,0.0929,0.0929,0.09287,0.09287,48609.0
1791071580000,0.09287,0.09287,0.09286,0.09286,67315.0
1791071640000,0.09286,0.09286,0.09275,0.09278,1119019.0
1791071700000,0.09279,0.09279,0.09278,0.09279,30745.0
1791071760000,0.09278,0.09285,0.09278,0.09281,508839.0
1791071820000,0.09281,0.09283,0.09279,0.0928,247817.0
1791071880000,0.0928,0.09283,0.09279,0.09282,205306.0
1791071940000,0.09281,0.09282,0.09279,0.09282,65966.0
1791072000000,0.09282,0.09289,0.0928,0.09286,1105294.0
1791072060000,0.09286,0.09287,0.09285,0.09286,314206.0
1791072120000,0.09286,0.09293,0.0928,0.09292,2010455.0
1791072180000,0.09292,0.09294,0.09291,0.09291,29121.0
1791072240000,0.09291,0.09291,0.09287,0.09287,71893.0
1791072300000,0.09288,0.0929,0.09287,0.0929,21651.0
1791072360000,0.09289,0.09289,0.09285,0.09286,48303.0
1791072420000,0.09286,0.09286,0.09283,0.09284,33098.0
1791072480000,0.09284,0.09286,0.09282,0.09286,345422.0
1791072540000,0.09286,0.09287,0.09285,0.09285,6274.0
1791072600000,0.09284,0.09285,0.09281,0.09282,58775.0
1791072660000,0.09282,0.09283,0.09282,0.09283,62985.0
1791072720000,0.09284,0.09285,0.09283,0.09285,35965.0
1791072780000,0.09284,0.09289,0.09284,0.09289,19101.0
1791072840000,0.09289,0.09289,0.09288,0.09288,81639.0
1791072900000,0.09287,0.09287,0.09286,0.09286,26843.0
1791072960000,0.09286,0.0929,0.09286,0.09289,48634.0
1791073020000,0.09289,0.09297,0.09289,0.09297,241567.0
1791073080000,0.09297,0.09297,0.09292,0.09294,542899.0
1791073140000,0.09294,0.09296,0.09294,0.09294,193464.0
1791073200000,0.09294,0.09299,0.09293,0.09293,779520.0
1791073260000,0.09294,0.09299,0.09294,0.09297,52416.0
1791073320000,0.09298,0.093,0.09298,0.09298,37089.0
1791073380000,0.09298,0.09299,0.09296,0.09297,225649.0
1791073440000,0.09297,0.09299,0.09297,0.09297,50150.0
1791073500000,0.09297,0.093,0.09295,0.09297,647707.0
1791073560000,0.09297,0.09298,0.09293,0.09293,66508.0
1791073620000,0.09294,0.09296,0.09292,0.09294,138996.0
1791073680000,0.09293,0.09297,0.09293,0.09295,571681.0
1791073740000,0.09294,0.093,0.09294,0.093,314882.0
1791073800000,0.09299,0.09302,0.09299,0.09299,38632.0
1791073860000,0.09299,0.09299,0.09297,0.09297,30444.0
1791073920000,0.09297,0.09299,0.09296,0.09299,80281.0
1791073980000,0.09298,0.093,0.09296,0.09297,73488.0
1791074040000,0.09298,0.09307,0.09297,0.09307,667149.0
1791074100000,0.09306,0.09314,0.09306,0.09312,158141.0
1791074160000,0.09312,0.09313,0.09307,0.09307,30998.0
1791074220000,0.09306,0.09306,0.093,0.09301,22783.0
1791074280000,0.09301,0.09301,0.093,0.09301,1030.0
1791074340000,0.093,0.09303,0.093,0.09302,91708.0
1791074400000,0.09301,0.09302,0.09301,0.09301,7909.0
1791074460000,0.09301,0.09302,0.093,0.093,29184.0
1791074520000,0.093,0.093,0.09297,0.09298,14986.0
1791074580000,0.09299,0.09301,0.09298,0.09299,6652.0
1791074640000,0.09299,0.093,0.09297,0.09298,50701.0
1791074700000,0.09298,0.09298,0.09298,0.09298,8179.0
1791074760000,0.09297,0.09298,0.09297,0.09297,10218.0
1791074820000,0.09297,0.09297,0.09294,0.09294,45064.0
1791074880000,0.09294,0.09294,0.09293,0.09294,42775.0
1791074940000,0.09294,0.09294,0.09293,0.09294,12565.0
1791075000000,0.09293,0.09293,0.0929,0.0929,73289.0
1791075060000,0.0929,0.09291,0.0929,0.0929,3553.0
1791075120000,0.09289,0.0929,0.09289,0.0929,32223.0
1791075180000,0.0929,0.09293,0.0929,0.09291,86527.0
1791075240000,0.0929,0.09291,0.09286,0.09287,38728.0
1791075300000,0.09287,0.09288,0.09285,0.09285,322023.0
1791075360000,0.09285,0.09286,0.09285,0.09286,57179.0
1791075420000,0.09285,0.09288,0.09285,0.09288,43453.0
1791075480000,0.09287,0.0929,0.09287,0.0929,284669.0
1791075540000,0.09289,0.09291,0.09287,0.09291,764226.0
1791075600000,0.09291,0.09295,0.09291,0.09295,161799.0
1791075660000,0.09295,0.09297,0.09288,0.0929,2318674.0
1791075720000,0.0929,0.09291,0.09288,0.09289,640759.0
1791075780000,0.09288,0.0929,0.09287,0.09287,82935.0
1791075840000,0.09287,0.09288,0.09286,0.09286,268541.0
1791075900000,0.09286,0.09287,0.09286,0.09286,83800.0
1791075960000,0.09286,0.09297,0.09286,0.09291,333858.0
1791076020000,0.09291,0.09291,0.09286,0.09287,57850.0
1791076080000,0.09287,0.09287,0.09286,0.09287,8292.0
1791076140000,0.09287,0.09288,0.09287,0.09287,113530.0
1791076200000,0.09287,0.09295,0.09286,0.09295,694389.0
1791076260000,0.09294,0.09295,0.09292,0.09292,17453.0
1791076320000,0.09291,0.09292,0.0929,0.09291,156658.0
1791076380000,0.09291,0.09291,0.09288,0.0929,41122.0
1791076440000,0.09291,0.09292,0.0929,0.09291,82097.0
1791076500000,0.0929,0.0929,0.09284,0.09284,35813.0
1791076560000,0.09283,0.09283,0.0928,0.09281,77767.0
1791076620000,0.09281,0.09281,0.09276,0.09276,78294.0
1791076680000,0.09276,0.09276,0.09274,0.09274,16711.0
1791076740000,0.09275,0.09275,0.09274,0.09275,65690.0
1791076800000,0.09275,0.09275,0.09274,0.09274,21352.0
1791076860000,0.09275,0.09279,0.09275,0.09279,128039.0
1791076920000,0.09279,0.0928,0.09279,0.09279,43079.0
1791076980000,0.09278,0.09278,0.09276,0.09276,12350.0
1791077040000,0.09276,0.09278,0.09276,0.09277,42907.0
1791077100000,0.09277,0.09277,0.09276,0.09276,1573.0
1791077160000,0.09276,0.09276,0.09275,0.09276,20021.0
1791077220000,0.09276,0.09276,0.09272,0.09274,113439.0
1791077280000,0.09274,0.09274,0.09272,0.09272,20070.0
1791077340000,0.09273,0.09273,0.0927,0.09272,141594.0
1791077400000,0.09272,0.09272,0.09267,0.09268,665954.0
1791077460000,0.09269,0.09272,0.09269,0.09272,77627.0
1791077520000,0.09272,0.09272,0.09268,0.09268,184562.0
1791077580000,0.09268,0.09268,0.09268,0.09268,25360.0
1791077640000,0.09268,0.09276,0.09268,0.09276,237898.0
1791077700000,0.09275,0.09275,0.0927,0.09274,311520.0
1791077760000,0.09275,0.09284,0.09275,0.09282,624694.0
1791077820000,0.09283,0.09283,0.09275,0.09276,409488.0
1791077880000,0.09276,0.09277,0.09274,0.09275,86086.0
1791077940000,0.09275,0.09276,0.09274,0.09275,195103.0
1791078000000,0.09275,0.09275,0.09274,0.09275,3886.0
1791078060000,0.09276,0.09278,0.09276,0.09278,64796.0
1791078120000,0.09277,0.09278,0.09276,0.09276,4359.0
1791078180000,0.09276,0.09277,0.09276,0.09277,6083.0
1791078240000,0.09276,0.09277,0.09274,0.09276,80428.0
1791078300000,0.09276,0.09276,0.09275,0.09276,741.0
1791078360000,0.09275,0.09277,0.09275,0.09277,59245.0
1791078420000,0.09277,0.09277,0.09275,0.09275,14450.0
1791078480000,0.09276,0.09278,0.09275,0.09278,109635.0
1791078540000,0.09278,0.09278,0.09276,0.09278,155271.0
1791078600000,0.09279,0.09279,0.09277,0.09277,53686.0
1791078660000,0.09278,0.09278,0.09277,0.09277,4480.0
1791078720000,0.09277,0.09279,0.09276,0.09276,128916.0
1791078780000,0.09276,0.09277,0.09275,0.09277,237846.0
1791078840000,0.09276,0.09277,0.09275,0.09276,49704.0
1791078900000,0.09275,0.09276,0.09275,0.09276,169521.0
1791078960000,0.09276,0.09276,0.09274,0.09275,115532.0
1791079020000,0.09275,0.09276,0.09271,0.09275,353552.0
1791079080000,0.09274,0.09283,0.09274,0.09281,379734.0
1791079140000,0.09281,0.09281,0.09278,0.0928,164747.0
1791079200000,0.0928,0.09284,0.0928,0.09284,415538.0
1791079260000,0.09284,0.09287,0.09283,0.09286,96652.0
1791079320000,0.09287,0.09287,0.09283,0.09284,100097.0
1791079380000,0.09283,0.09289,0.09283,0.09289,96670.0
1791079440000,0.09288,0.09295,0.09288,0.09295,56414.0
1791079500000,0.09295,0.093,0.09295,0.09298,190827.0
1791079560000,0.09297,0.09297,0.09289,0.09289,217532.0
1791079620000,0.09289,0.09291,0.09284,0.09284,211381.0
1791079680000,0.09283,0.09283,0.09281,0.09283,30270.0
1791079740000,0.09282,0.09283,0.09282,0.09283,32373.0
1791079800000,0.09282,0.09288,0.09279,0.09286,1154817.0
1791079860000,0.09286,0.09286,0.09285,0.09286,18325.0
1791079920000,0.09286,0.09287,0.09286,0.09286,6275.0
1791079980000,0.09286,0.09286,0.0928,0.09281,74411.0
1791080040000,0.09281,0.09281,0.09276,0.09277,50409.0
1791080100000,0.09277,0.09277,0.09276,0.09276,3088.0
1791080160000,0.09277,0.09281,0.09276,0.09277,1276176.0
1791080220000,0.09277,0.09277,0.09271,0.09275,666207.0
1791080280000,0.09275,0.09278,0.09274,0.09277,166238.0
1791080340000,0.09278,0.09278,0.09275,0.09275,984.0
1791080400000,0.09276,0.09277,0.09276,0.09277,14584.0
1791080460000,0.09276,0.09279,0.09276,0.09276,151795.0
1791080520000,0.09276,0.09279,0.09275,0.09278,97886.0
1791080580000,0.09278,0.09284,0.09278,0.09279,61905.0
1791080640000,0.09278,0.09279,0.09276,0.09277,37457.0
1791080700000,0.09276,0.09287,0.09275,0.09279,1978278.0
1791080760000,0.09279,0.09281,0.09279,0.09281,109213.0
1791080820000,0.09281,0.09284,0.0928,0.09284,236519.0
1791080880000,0.09284,0.09284,0.09279,0.09279,248680.0
1791080940000,0.09279,0.09282,0.09279,0.09281,82811.0
1791081000000,0.09282,0.09282,0.0928,0.09281,50904.0
1791081060000,0.0928,0.09282,0.09276,0.09281,311481.0
1791081120000,0.09281,0.09281,0.09279,0.09279,15710.0
1791081180000,0.09279,0.09287,0.09279,0.09287,141348.0
1791081240000,0.09287,0.09289,0.09284,0.09284,758113.0
1791081300000,0.09284,0.09285,0.09284,0.09284,244040.0
1791081360000,0.09284,0.09284,0.09282,0.09284,147314.0
1791081420000,0.09284,0.09285,0.09282,0.09282,40150.0
1791081480000,0.09283,0.09284,0.09281,0.09283,361755.0
1791081540000,0.09284,0.0929,0.09284,0.09285,532846.0
1791081600000,0.09284,0.09287,0.0928,0.09282,1833706.0
1791081660000,0.09283,0.09286,0.09283,0.09284,327480.0
1791081720000,0.09285,0.09292,0.09285,0.09289,392610.0
1791081780000,0.09289,0.09298,0.09288,0.0929,1679998.0
1791081840000,0.09289,0.09291,0.09284,0.09284,533478.0
1791081900000,0.09285,0.09287,0.09284,0.09286,235369.0
1791081960000,0.09286,0.09286,0.09281,0.09283,256454.0
1791082020000,0.09282,0.09282,0.09276,0.09276,157430.0
1791082080000,0.09277,0.09284,0.09274,0.09283,838559.0
1791082140000,0.09283,0.09284,0.09283,0.09283,17793.0
1791082200000,0.09284,0.09284,0.09283,0.09283,195637.0
1791082260000,0.09283,0.09283,0.09276,0.09276,617008.0
1791082320000,0.09276,0.09276,0.0927,0.0927,175586.0
1791082380000,0.0927,0.09275,0.09268,0.09273,678833.0
1791082440000,0.09272,0.09273,0.0927,0.09272,244520.0
1791082500000,0.09273,0.09274,0.09272,0.09274,27058.0
1791082560000,0.09274,0.09277,0.09274,0.09277,160039.0
1791082620000,0.09278,0.09278,0.09277,0.09278,130202.0
1791082680000,0.09278,0.09278,0.09276,0.09276,11155.0
1791082740000,0.09277,0.09277,0.09276,0.09277,3469.0
1791082800000,0.09276,0.09276,0.09272,0.09276,249788.0
1791082860000,0.09275,0.09275,0.09267,0.09269,547623.0
1791082920000,0.09269,0.09269,0.09267,0.09267,57774.0
1791082980000,0.09267,0.09268,0.09261,0.09263,725091.0
1791083040000,0.09262,0.09267,0.09262,0.09266,127514.0
1791083100000,0.09266,0.09266,0.09265,0.09265,15637.0
1791083160000,0.09265,0.09266,0.09265,0.09266,20033.0
1791083220000,0.09266,0.09268,0.09265,0.09268,146427.0
1791083280000,0.09268,0.09268,0.09267,0.09268,13970.0
1791083340000,0.09268,0.09269,0.09268,0.09268,98578.0
1791083400000,0.09269,0.09269,0.09268,0.09269,57128.0
1791083460000,0.09268,0.09269,0.09268,0.09269,7325.0
1791083520000,0.09269,0.09269,0.09268,0.09269,83138.0
1791083580000,0.09269,0.0927,0.09267,0.09268,120655.0
1791083640000,0.09268,0.09268,0.09267,0.09267,114537.0
1791083700000,0.09267,0.0927,0.09265,0.09265,498437.0
1791083760000,0.09264,0.09265,0.09263,0.09264,239625.0
1791083820000,0.09263,0.09264,0.09259,0.0926,460382.0
1791083880000,0.0926,0.09263,0.09259,0.09259,477704.0
1791083940000,0.0926,0.0926,0.09257,0.0926,106275.0
1791084000000,0.0926,0.0926,0.09252,0.09259,717518.0
1791084060000,0.09258,0.09264,0.09257,0.09264,404459.0
1791084120000,0.09263,0.09269,0.09263,0.09269,79632.0
1791084180000,0.09268,0.09272,0.09268,0.09271,648560.0
1791084240000,0.09271,0.09271,0.09266,0.09268,304942.0
1791084300000,0.09267,0.09269,0.09267,0.09269,237734.0
1791084360000,0.09269,0.09269,0.09267,0.09267,438887.0
1791084420000,0.09267,0.09268,0.09262,0.09264,359359.0
1791084480000,0.09264,0.09266,0.09264,0.09266,141426.0
1791084540000,0.09266,0.09267,0.09266,0.09266,32143.0
1791084600000,0.09266,0.09267,0.09265,0.09267,65735.0
1791084660000,0.09267,0.0927,0.09267,0.0927,211364.0
1791084720000,0.0927,0.09271,0.09269,0.09271,236789.0
1791084780000,0.09271,0.09273,0.09271,0.09273,194865.0
1791084840000,0.09273,0.09283,0.09273,0.09282,309995.0
1791084900000,0.09283,0.09289,0.09271,0.09271,1729582.0
1791084960000,0.09271,0.09271,0.09267,0.0927,96340.0
1791085020000,0.0927,0.09273,0.0927,0.09271,109933.0
1791085080000,0.0927,0.09273,0.0927,0.09273,46495.0
1791085140000,0.09272,0.09273,0.09271,0.09272,86663.0
1791085200000,0.09272,0.09273,0.09271,0.09273,185884.0
1791085260000,0.09273,0.09277,0.09271,0.09271,45419.0
1791085320000,0.09272,0.09275,0.09272,0.09273,413447.0
1791085380000,0.09274,0.09275,0.09273,0.09273,176834.0
1791085440000,0.09273,0.09273,0.09272,0.09273,2209.0
1791085500000,0.09273,0.09273,0.09272,0.09273,69606.0
1791085560000,0.09273,0.09273,0.09266,0.09266,28213.0
1791085620000,0.09266,0.09268,0.09265,0.09268,36879.0
1791085680000,0.09267,0.09269,0.09267,0.09268,27872.0
1791085740000,0.09267,0.09268,0.09266,0.09267,206740.0
1791085800000,0.09267,0.09268,0.09265,0.09266,230448.0
1791085860000,0.09266,0.09266,0.09265,0.09265,271602.0
1791085920000,0.09266,0.09268,0.09264,0.09264,635423.0
1791085980000,0.09264,0.09265,0.09264,0.09265,77251.0
1791086040000,0.09265,0.09265,0.09264,0.09265,34677.0
1791086100000,0.09265,0.09268,0.09265,0.09268,281305.0
1791086160000,0.09267,0.09268,0.09264,0.09265,340957.0
1791086220000,0.09264,0.09265,0.09264,0.09264,84680.0
1791086280000,0.09264,0.09265,0.09263,0.09265,129067.0
1791086340000,0.09264,0.09265,0.09264,0.09265,80528.0
1791086400000,0.09266,0.09266,0.09264,0.09264,59429.0
1791086460000,0.09264,0.09266,0.09264,0.09266,45207.0
1791086520000,0.09266,0.09267,0.09265,0.09267,384335.0
1791086580000,0.09267,0.0927,0.09266,0.0927,50707.0
1791086640000,0.0927,0.09271,0.09268,0.09268,262903.0
1791086700000,0.09268,0.09269,0.09268,0.09269,14895.0
1791086760000,0.09269,0.09269,0.09268,0.09269,23440.0
1791086820000,0.09269,0.09269,0.09268,0.09269,26049.0
1791086880000,0.09268,0.09268,0.09267,0.09267,1153.0
1791086940000,0.09268,0.09268,0.09267,0.09267,32453.0
1791087000000,0.09268,0.09268,0.09266,0.09266,107234.0
1791087060000,0.09266,0.09267,0.09264,0.09264,97816.0
1791087120000,0.09264,0.09265,0.09263,0.09264,173168.0
1791087180000,0.09264,0.09264,0.09263,0.09263,297907.0
1791087240000,0.09264,0.09265,0.09264,0.09264,49833.0
1791087300000,0.09265,0.09265,0.09264,0.09264,22087.0
1791087360000,0.09265,0.09266,0.09265,0.09266,58962.0
1791087420000,0.09266,0.09267,0.09265,0.09267,53635.0
1791087480000,0.09267,0.0927,0.09267,0.0927,178403.0
1791087540000,0.0927,0.09272,0.0927,0.09272,371219.0
1791087600000,0.09271,0.09272,0.09268,0.09268,478447.0
1791087660000,0.09268,0.0927,0.09268,0.09269,52020.0
1791087720000,0.09269,0.09271,0.09269,0.0927,67578.0
1791087780000,0.09271,0.09271,0.0927,0.0927,6158.0
1791087840000,0.0927,0.09271,0.0927,0.0927,24953.0
1791087900000,0.0927,0.09271,0.09268,0.09268,269702.0
1791087960000,0.09268,0.0927,0.09267,0.09268,101662.0
1791088020000,0.09267,0.09269,0.09267,0.09269,81695.0
1791088080000,0.0927,0.0927,0.09269,0.0927,13995.0
1791088140000,0.0927,0.09271,0.0927,0.0927,32068.0
1791088200000,0.0927,0.09271,0.0927,0.09271,45118.0
1791088260000,0.09271,0.09271,0.09271,0.09271,9682.0
1791088320000,0.09271,0.09274,0.09271,0.09274,424086.0
1791088380000,0.09273,0.09274,0.09273,0.09273,6374.0
1791088440000,0.09273,0.09274,0.09271,0.09272,45442.0
1791088500000,0.09271,0.09271,0.09269,0.09269,19325.0
1791088560000,0.09269,0.0927,0.09268,0.09268,57658.0
1791088620000,0.09268,0.09268,0.09265,0.09266,14408.0
1791088680000,0.09266,0.09266,0.09265,0.09265,168042.0
1791088740000,0.09265,0.09267,0.09265,0.09267,51299.0
1791088800000,0.09266,0.09267,0.09266,0.09266,1758.0
1791088860000,0.09266,0.09267,0.09263,0.09266,186676.0
1791088920000,0.09265,0.09265,0.09264,0.09264,132909.0
1791088980000,0.09265,0.09265,0.09264,0.09264,47862.0
1791089040000,0.09265,0.09265,0.09264,0.09264,79211.0
1791089100000,0.09265,0.09265,0.09265,0.09265,94945.0
1791089160000,0.09265,0.09266,0.09265,0.09265,19269.0
1791089220000,0.09266,0.09267,0.09265,0.09267,382667.0
1791089280000,0.09267,0.0927,0.09267,0.09269,60918.0
1791089340000,0.09269,0.09271,0.09269,0.0927,27903.0
1791089400000,0.09271,0.09271,0.0927,0.0927,113256.0
1791089460000,0.0927,0.09271,0.0927,0.09271,35626.0
1791089520000,0.09271,0.09271,0.0927,0.09271,27756.0
1791089580000,0.09271,0.09271,0.09266,0.09267,567944.0
1791089640000,0.09266,0.09267,0.09266,0.09266,90132.0
1791089700000,0.09266,0.09266,0.09265,0.09265,54583.0
1791089760000,0.09265,0.09268,0.09265,0.09268,130968.0
1791089820000,0.09268,0.09269,0.09268,0.09269,80628.0
1791089880000,0.09269,0.09273,0.09269,0.09273,104315.0
1791089940000,0.09273,0.09274,0.09273,0.09274,4845.0
1791090000000,0.09274,0.09276,0.09274,0.09275,319636.0
1791090060000,0.09276,0.0928,0.09276,0.0928,273193.0
1791090120000,0.09281,0.09284,0.0928,0.09282,345420.0
1791090180000,0.09281,0.09281,0.0928,0.09281,42502.0
1791090240000,0.09281,0.09281,0.0928,0.0928,3744.0
1791090300000,0.0928,0.09281,0.0928,0.0928,112526.0
1791090360000,0.09281,0.09281,0.09277,0.09277,336115.0
1791090420000,0.09278,0.09279,0.09277,0.09278,51263.0
1791090480000,0.09278,0.09278,0.09277,0.09278,49111.0
1791090540000,0.09277,0.0928,0.09277,0.0928,129652.0
1791090600000,0.09279,0.09279,0.09276,0.09276,40345.0
1791090660000,0.09276,0.09277,0.09271,0.09273,268080.0
1791090720000,0.09272,0.09273,0.09272,0.09273,2372.0
1791090780000,0.09273,0.09275,0.09273,0.09275,101726.0
1791090840000,0.09275,0.09275,0.09272,0.09273,11056.0
1791090900000,0.09272,0.09277,0.09272,0.09274,621690.0
1791090960000,0.09273,0.09273,0.09272,0.09273,43793.0
1791091020000,0.09272,0.09274,0.09272,0.09272,214899.0
1791091080000,0.09271,0.09274,0.09271,0.09274,43411.0
1791091140000,0.09274,0.09278,0.09274,0.09276,522622.0
1791091200000,0.09276,0.09279,0.09276,0.09276,501382.0
1791091260000,0.09275,0.09276,0.09274,0.09275,58829.0
1791091320000,0.09276,0.09276,0.09274,0.09275,39427.0
1791091380000,0.09274,0.09275,0.09274,0.09275,16777.0
1791091440000,0.09275,0.09277,0.09275,0.09277,166111.0
1791091500000,0.09277,0.09278,0.09276,0.09278,80201.0
1791091560000,0.09279,0.09279,0.09278,0.09279,141500.0
1791091620000,0.09278,0.09279,0.09278,0.09278,66741.0
1791091680000,0.09279,0.0928,0.09278,0.09278,504431.0
1791091740000,0.09278,0.09279,0.09278,0.09278,9171.0
1791091800000,0.09278,0.09279,0.09277,0.09277,347713.0
1791091860000,0.09277,0.09278,0.09277,0.09277,5369.0
1791091920000,0.09277,0.09277,0.09276,0.09277,96225.0
1791091980000,0.09276,0.09277,0.09276,0.09277,7596.0
1791092040000,0.09276,0.09277,0.09276,0.09277,9525.0
1791092100000,0.09277,0.0928,0.09276,0.0928,85290.0
1791092160000,0.0928,0.0928,0.09279,0.09279,33734.0
1791092220000,0.09279,0.0928,0.09279,0.0928,19455.0
1791092280000,0.0928,0.09283,0.0928,0.09282,110761.0
1791092340000,0.09282,0.09284,0.09282,0.09283,39051.0
1791092400000,0.09283,0.09286,0.09283,0.09284,68338.0
1791092460000,0.09285,0.0929,0.09285,0.09289,192995.0
1791092520000,0.09289,0.09289,0.09287,0.09288,15994.0
1791092580000,0.09288,0.0929,0.09287,0.0929,96542.0
1791092640000,0.0929,0.09294,0.0929,0.09291,104319.0
1791092700000,0.09292,0.09292,0.09287,0.09289,197268.0
1791092760000,0.09288,0.09289,0.09284,0.09284,213456.0
1791092820000,0.09284,0.09285,0.09284,0.09285,3326.0
1791092880000,0.09285,0.09285,0.09284,0.09284,107874.0
1791092940000,0.09285,0.09285,0.09284,0.09285,6026.0
1791093000000,0.09285,0.09287,0.09285,0.09287,246032.0
1791093060000,0.09287,0.09287,0.09284,0.09285,12583.0
1791093120000,0.09284,0.09285,0.09284,0.09284,61414.0
1791093180000,0.09283,0.09283,0.0928,0.09283,307984.0
1791093240000,0.09282,0.09284,0.09282,0.09284,260813.0
1791093300000,0.09284,0.09284,0.09282,0.09282,115518.0
1791093360000,0.09283,0.09283,0.09282,0.09282,10841.0
1791093420000,0.09282,0.09283,0.09281,0.09282,162904.0
1791093480000,0.09281,0.09282,0.0928,0.09282,345692.0
1791093540000,0.09281,0.09282,0.09281,0.09281,117271.0
1791093600000,0.09282,0.09282,0.09281,0.09282,36860.0
1791093660000,0.09282,0.09282,0.0928,0.09281,24910.0
1791093720000,0.09281,0.09281,0.0928,0.0928,1438479.0
1791093780000,0.0928,0.09281,0.09276,0.09277,1139124.0
1791093840000,0.09277,0.09279,0.09276,0.09278,117710.0
1791093900000,0.09279,0.09285,0.09279,0.09285,372611.0
1791093960000,0.09285,0.09286,0.09285,0.09285,338862.0
1791094020000,0.09285,0.09285,0.09281,0.09283,608966.0
1791094080000,0.09283,0.09286,0.09283,0.09286,324214.0
1791094140000,0.09285,0.09286,0.09284,0.09286,243106.0
1791094200000,0.09285,0.09285,0.09283,0.09285,383124.0
1791094260000,0.09284,0.09286,0.09283,0.09284,308140.0
1791094320000,0.09284,0.09284,0.09283,0.09284,187757.0
1791094380000,0.09284,0.09284,0.09281,0.09281,240910.0
1791094440000,0.09282,0.09282,0.09277,0.0928,530349.0
1791094500000,0.0928,0.09284,0.09279,0.09284,68116.0
1791094560000,0.09284,0.09286,0.09281,0.09284,235384.0
1791094620000,0.09283,0.09284,0.09283,0.09284,5475.0
1791094680000,0.09284,0.09286,0.09283,0.09285,372222.0
1791094740000,0.09284,0.09293,0.09284,0.09293,212225.0
1791094800000,0.09294,0.09294,0.09293,0.09294,47385.0
1791094860000,0.09295,0.09299,0.09295,0.09299,134957.0
1791094920000,0.09299,0.09305,0.09285,0.09285,1465687.0
1791094980000,0.09285,0.09286,0.09284,0.09284,404254.0
1791095040000,0.09285,0.09285,0.09283,0.09284,44665.0
1791095100000,0.09284,0.09284,0.09279,0.09281,158566.0
1791095160000,0.0928,0.0928,0.09275,0.09276,326421.0
1791095220000,0.09277,0.09279,0.09276,0.09279,114183.0
1791095280000,0.09279,0.09279,0.09277,0.09277,140088.0
1791095340000,0.09277,0.09281,0.09275,0.0928,272613.0
1791095400000,0.0928,0.09281,0.09277,0.09279,167558.0
1791095460000,0.09278,0.09279,0.09277,0.09279,189886.0
1791095520000,0.09278,0.09294,0.09278,0.09292,1662955.0
1791095580000,0.09291,0.09295,0.09291,0.09294,116210.0
1791095640000,0.09295,0.09295,0.09292,0.09292,17951.0
1791095700000,0.09293,0.09294,0.09292,0.09293,156548.0
1791095760000,0.09293,0.09299,0.09292,0.09299,334763.0
1791095820000,0.09299,0.09299,0.09293,0.09293,40927.0
1791095880000,0.09292,0.09293,0.09292,0.09293,26364.0
1791095940000,0.09292,0.09293,0.09292,0.09293,62298.0
1791096000000,0.09293,0.09294,0.09293,0.09293,7543.0
1791096060000,0.09293,0.09294,0.09293,0.09293,17041.0
1791096120000,0.09293,0.09294,0.09292,0.09292,81367.0
1791096180000,0.09293,0.09293,0.09287,0.09287,71242.0
1791096240000,0.09287,0.09289,0.09287,0.09289,81809.0
1791096300000,0.09289,0.09289,0.09287,0.09289,38682.0
1791096360000,0.09289,0.09293,0.09289,0.09292,85080.0
1791096420000,0.09293,0.09294,0.09292,0.09293,31756.0
1791096480000,0.09293,0.09297,0.09293,0.09296,112420.0
1791096540000,0.09297,0.093,0.09297,0.09299,139182.0
1791096600000,0.093,0.093,0.09298,0.09299,140923.0
1791096660000,0.09299,0.09304,0.09299,0.09304,222293.0
1791096720000,0.09304,0.09304,0.09303,0.09304,35268.0
1791096780000,0.09305,0.09315,0.09305,0.09315,506698.0
1791096840000,0.09315,0.0932,0.09314,0.0932,275959.0
1791096900000,0.0932,0.09325,0.09316,0.09317,291625.0
1791096960000,0.09317,0.09319,0.09311,0.09311,164299.0
1791097020000,0.09312,0.09312,0.09306,0.09308,223098.0
1791097080000,0.09308,0.09308,0.09305,0.09306,197599.0
1791097140000,0.09307,0.09307,0.09303,0.09306,139160.0
1791097200000,0.09305,0.09309,0.09305,0.09307,134208.0
1791097260000,0.09306,0.09307,0.09306,0.09306,7885.0
1791097320000,0.09305,0.0931,0.09305,0.0931,64106.0
1791097380000,0.09309,0.09311,0.09309,0.09311,6923.0
1791097440000,0.09312,0.09314,0.09311,0.09313,134172.0
1791097500000,0.09314,0.09316,0.09313,0.09316,86154.0
1791097560000,0.09317,0.09318,0.09316,0.09317,38736.0
1791097620000,0.09316,0.09316,0.09316,0.09316,65335.0
1791097680000,0.09316,0.09317,0.09315,0.09316,170081.0
1791097740000,0.09315,0.09318,0.09314,0.09315,220519.0
1791097800000,0.09315,0.09316,0.09313,0.09313,111613.0
1791097860000,0.09313,0.09315,0.09311,0.09315,201172.0
1791097920000,0.09314,0.09316,0.09314,0.09316,97142.0
1791097980000,0.09316,0.09319,0.09315,0.09318,219188.0
1791098040000,0.09318,0.09323,0.09318,0.0932,228401.0
1791098100000,0.09321,0.09322,0.09318,0.09318,120475.0
1791098160000,0.09318,0.09318,0.09315,0.09315,54643.0
1791098220000,0.09315,0.09315,0.09303,0.09303,185864.0
1791098280000,0.09303,0.09305,0.09303,0.09305,46135.0
1791098340000,0.09304,0.09304,0.09303,0.09303,60503.0
1791098400000,0.09303,0.09308,0.09303,0.09308,79032.0
1791098460000,0.09308,0.09314,0.09308,0.09312,283401.0
1791098520000,0.09312,0.09312,0.09308,0.0931,126816.0
1791098580000,0.0931,0.09317,0.09309,0.09316,185489.0
1791098640000,0.09315,0.09315,0.09313,0.09314,89527.0
1791098700000,0.09314,0.09319,0.09311,0.09313,874944.0
1791098760000,0.09313,0.09313,0.09309,0.09309,81144.0
1791098820000,0.09309,0.0931,0.09309,0.09309,12501.0
1791098880000,0.0931,0.0931,0.09309,0.09309,38878.0
1791098940000,0.09309,0.09309,0.09307,0.09307,16986.0
1791099000000,0.09308,0.0931,0.09303,0.09304,751985.0
1791099060000,0.09303,0.09309,0.093,0.09305,356598.0
1791099120000,0.09304,0.09304,0.09298,0.09299,129298.0
1791099180000,0.09298,0.09298,0.09298,0.09298,16644.0
1791099240000,0.09298,0.09301,0.09298,0.09301,54072.0
1791099300000,0.093,0.09307,0.093,0.09307,419427.0
1791099360000,0.09307,0.09307,0.09305,0.09307,60301.0
1791099420000,0.09307,0.09307,0.09303,0.09304,26557.0
1791099480000,0.09304,0.09304,0.09303,0.09304,1379.0
1791099540000,0.09304,0.09304,0.093,0.093,48815.0
1791099600000,0.09301,0.09307,0.093,0.09306,74556.0
1791099660000,0.09305,0.09311,0.09304,0.09308,218301.0
1791099720000,0.09309,0.09314,0.09308,0.09313,67677.0
1791099780000,0.09313,0.09314,0.09311,0.09314,101980.0
1791099840000,0.09314,0.09314,0.09311,0.09312,26174.0
1791099900000,0.09312,0.09316,0.09312,0.09315,200411.0
1791099960000,0.09314,0.09315,0.09313,0.09313,13609.0
1791100020000,0.09313,0.09315,0.09311,0.09315,150803.0
1791100080000,0.09314,0.09319,0.09313,0.09319,357004.0
1791100140000,0.09318,0.09318,0.09318,0.09318,2859.0
1791100200000,0.09319,0.0932,0.09318,0.09318,16545.0
1791100260000,0.09318,0.09319,0.09317,0.09319,93187.0
1791100320000,0.09319,0.09319,0.09318,0.09318,131490.0
1791100380000,0.09319,0.09321,0.09315,0.09318,382679.0
1791100440000,0.09319,0.0932,0.09318,0.09318,349425.0
1791100500000,0.09319,0.09322,0.09319,0.09321,184510.0
1791100560000,0.09321,0.09323,0.09319,0.0932,574236.0
1791100620000,0.09319,0.09339,0.09319,0.09334,767840.0
1791100680000,0.09334,0.09339,0.09334,0.09339,128783.0
1791100740000,0.09339,0.09349,0.09339,0.09347,391276.0
1791100800000,0.09349,0.09353,0.09339,0.09341,1021460.0
1791100860000,0.09341,0.09354,0.09341,0.09351,280518.0
1791100920000,0.09351,0.09355,0.09335,0.09336,837163.0
1791100980000,0.09336,0.09343,0.09333,0.09334,221696.0
1791101040000,0.09334,0.09336,0.09334,0.09334,103670.0
1791101100000,0.09334,0.09336,0.09333,0.09333,507640.0
1791101160000,0.09332,0.09334,0.0933,0.0933,101283.0
1791101220000,0.09331,0.09332,0.09329,0.09329,71385.0
1791101280000,0.09329,0.0933,0.09328,0.09328,35948.0
1791101340000,0.09329,0.09334,0.09329,0.09334,274140.0
1791101400000,0.09334,0.09342,0.09334,0.09338,875615.0
1791101460000,0.09339,0.09339,0.09334,0.09334,106528.0
1791101520000,0.09334,0.09335,0.0933,0.09333,91462.0
1791101580000,0.09333,0.09339,0.09333,0.09339,246546.0
1791101640000,0.09339,0.09339,0.09331,0.09334,412624.0
1791101700000,0.09333,0.09334,0.09333,0.09334,97059.0
1791101760000,0.09334,0.0934,0.09333,0.09336,224127.0
1791101820000,0.09335,0.09338,0.09335,0.09337,74322.0
1791101880000,0.09338,0.09342,0.09337,0.09337,204581.0
1791101940000,0.09337,0.09338,0.09332,0.09333,452709.0
1791102000000,0.09333,0.09334,0.0933,0.09331,80172.0
1791102060000,0.0933,0.09331,0.0933,0.0933,36048.0
1791102120000,0.0933,0.0933,0.09329,0.09329,48157.0
1791102180000,0.0933,0.09332,0.0933,0.09332,115108.0
1791102240000,0.09331,0.09332,0.09331,0.09332,29249.0
1791102300000,0.09332,0.09334,0.09331,0.09334,151353.0
1791102360000,0.09335,0.09341,0.09332,0.09341,406860.0
1791102420000,0.09341,0.09343,0.09336,0.09339,399814.0
1791102480000,0.09338,0.0934,0.09337,0.09337,257640.0
1791102540000,0.09337,0.09337,0.09332,0.09332,264018.0
1791102600000,0.09333,0.09334,0.09328,0.09328,710329.0
1791102660000,0.09328,0.09329,0.09317,0.09317,704946.0
1791102720000,0.09317,0.09325,0.09317,0.09325,20682.0
1791102780000,0.09324,0.09324,0.09318,0.09319,191619.0
1791102840000,0.09318,0.09323,0.09318,0.09323,60803.0
1791102900000,0.09323,0.09323,0.0932,0.09321,238722.0
1791102960000,0.0932,0.09324,0.0932,0.09323,124271.0
1791103020000,0.09323,0.09323,0.09319,0.0932,79921.0
1791103080000,0.0932,0.0932,0.09313,0.09316,351651.0
1791103140000,0.09316,0.09316,0.0931,0.09312,200070.0
1791103200000,0.09311,0.09313,0.09311,0.09313,76053.0
1791103260000,0.09313,0.09317,0.09312,0.09315,210873.0
1791103320000,0.09315,0.09316,0.09308,0.09313,647299.0
1791103380000,0.09312,0.09317,0.09312,0.09314,104658.0
1791103440000,0.09314,0.09315,0.09312,0.09313,159398.0
1791103500000,0.09314,0.09314,0.09312,0.09314,54868.0
1791103560000,0.09314,0.09317,0.09314,0.09317,30631.0
1791103620000,0.09316,0.09321,0.09315,0.09319,64591.0
1791103680000,0.09318,0.09319,0.09315,0.09317,170511.0
1791103740000,0.09318,0.09318,0.09316,0.09316,63846.0
1791103800000,0.09316,0.09321,0.09314,0.09314,297638.0
1791103860000,0.09314,0.09314,0.09311,0.09312,59034.0
1791103920000,0.09313,0.09314,0.09312,0.09312,17285.0
1791103980000,0.09312,0.09312,0.0931,0.09312,82096.0
1791104040000,0.09312,0.09313,0.09312,0.09313,9261.0
1791104100000,0.09313,0.09313,0.09312,0.09312,12438.0
1791104160000,0.09313,0.09313,0.09312,0.09313,50672.0
1791104220000,0.09313,0.09313,0.09312,0.09313,24270.0
1791104280000,0.09312,0.09315,0.09312,0.09315,73776.0
1791104340000,0.09315,0.09316,0.09314,0.09315,20027.0
1791104400000,0.09316,0.09317,0.09315,0.09317,52701.0
1791104460000,0.09317,0.09317,0.09313,0.09314,46411.0
1791104520000,0.09314,0.09314,0.09309,0.09309,47781.0
1791104580000,0.09309,0.0931,0.09308,0.09309,152609.0
1791104640000,0.09309,0.0931,0.09308,0.09309,160511.0
1791104700000,0.0931,0.0931,0.09306,0.09306,19365.0
1791104760000,0.09306,0.09307,0.09304,0.09306,121562.0
1791104820000,0.09307,0.09319,0.09307,0.09316,576731.0
1791104880000,0.09316,0.09318,0.09315,0.09318,40318.0
1791104940000,0.09317,0.09322,0.09317,0.09321,49125.0
1791105000000,0.09322,0.0933,0.09322,0.09329,145797.0
1791105060000,0.09329,0.09332,0.09328,0.09331,143278.0
1791105120000,0.09331,0.09331,0.09328,0.09328,204857.0
1791105180000,0.09329,0.0933,0.09329,0.0933,5328.0
1791105240000,0.0933,0.0933,0.09327,0.09327,52888.0
1791105300000,0.09328,0.0933,0.09327,0.09328,95354.0
1791105360000,0.09329,0.09329,0.09326,0.09327,130959.0
1791105420000,0.09327,0.09327,0.09326,0.09326,83131.0
1791105480000,0.09326,0.09333,0.09326,0.09332,170630.0
1791105540000,0.09332,0.09339,0.09332,0.09339,263286.0
1791105600000,0.09338,0.09339,0.09336,0.09337,3972.0
1791105660000,0.09337,0.09338,0.09337,0.09338,5358.0
1791105720000,0.09338,0.09343,0.09338,0.09343,137894.0
1791105780000,0.09343,0.09344,0.09343,0.09344,47496.0
1791105840000,0.09344,0.0935,0.09344,0.09348,108749.0
1791105900000,0.09349,0.09353,0.09349,0.09353,524169.0
1791105960000,0.09352,0.09352,0.0934,0.09342,312150.0
1791106020000,0.09342,0.09346,0.09339,0.0934,236515.0
1791106080000,0.0934,0.0934,0.09334,0.09334,118473.0
1791106140000,0.09335,0.09341,0.09335,0.09337,32851.0
1791106200000,0.09336,0.09338,0.09332,0.09332,63589.0
1791106260000,0.09332,0.09332,0.0933,0.0933,22332.0
1791106320000,0.0933,0.09331,0.09329,0.09329,19591.0
1791106380000,0.09329,0.09329,0.09328,0.09328,8398.0
1791106440000,0.09328,0.09328,0.09327,0.09327,43717.0
1791106500000,0.09327,0.09328,0.09325,0.09326,29088.0
1791106560000,0.09326,0.09326,0.09325,0.09325,43780.0
1791106620000,0.09325,0.09329,0.09325,0.09328,96409.0
1791106680000,0.09329,0.09329,0.09325,0.09326,22724.0
1791106740000,0.09326,0.0933,0.09325,0.0933,79113.0
1791106800000,0.0933,0.09339,0.0933,0.09339,49249.0
1791106860000,0.0934,0.09345,0.0934,0.09342,86190.0
1791106920000,0.09343,0.09348,0.09342,0.09348,128041.0
1791106980000,0.09347,0.09347,0.09336,0.09342,1286062.0
1791107040000,0.09343,0.09345,0.0934,0.0934,66620.0
1791107100000,0.09341,0.09345,0.09341,0.09345,80606.0
1791107160000,0.09345,0.09347,0.09344,0.09347,422801.0
1791107220000,0.09348,0.09353,0.09347,0.09351,195491.0
1791107280000,0.09351,0.09354,0.09351,0.09353,149324.0
1791107340000,0.09352,0.09355,0.09338,0.09339,677298.0
1791107400000,0.09339,0.09339,0.09335,0.09336,113185.0
1791107460000,0.09336,0.09336,0.09333,0.09333,115671.0
1791107520000,0.09334,0.09336,0.09333,0.09336,9059.0
1791107580000,0.09336,0.09339,0.09336,0.09337,19561.0
1791107640000,0.09338,0.09338,0.09334,0.09336,34654.0
1791107700000,0.09336,0.09338,0.09336,0.09337,82448.0
1791107760000,0.09336,0.0934,0.09336,0.09336,26257.0
1791107820000,0.09337,0.09337,0.09333,0.09336,9674.0
1791107880000,0.09336,0.09345,0.09335,0.09341,566935.0
1791107940000,0.09341,0.09342,0.09339,0.09342,434318.0
1791108000000,0.09342,0.0935,0.09341,0.09345,1014547.0
1791108060000,0.09345,0.09345,0.09341,0.09343,429265.0
1791108120000,0.09343,0.0936,0.09342,0.0936,990513.0
1791108180000,0.0936,0.09364,0.09357,0.09357,785849.0
1791108240000,0.09356,0.09359,0.0935,0.09355,453640.0
1791108300000,0.09355,0.09356,0.0935,0.09351,164714.0
1791108360000,0.09351,0.09353,0.0935,0.0935,115502.0
1791108420000,0.09349,0.09349,0.09336,0.0934,901875.0
1791108480000,0.09339,0.0934,0.09338,0.09339,518340.0
1791108540000,0.09339,0.0934,0.09335,0.09338,786219.0
1791108600000,0.09338,0.09338,0.09333,0.09335,533829.0
1791108660000,0.09336,0.09337,0.09335,0.09337,537959.0
1791108720000,0.09337,0.09337,0.09336,0.09337,425919.0
1791108780000,0.09337,0.09337,0.09335,0.09337,448672.0
1791108840000,0.09337,0.09345,0.09337,0.09344,365405.0
1791108900000,0.09345,0.09347,0.09343,0.09347,42186.0
1791108960000,0.09347,0.09349,0.09345,0.09345,261716.0
1791109020000,0.09346,0.09346,0.09341,0.09342,27189.0
1791109080000,0.09342,0.09349,0.0934,0.09348,861658.0
1791109140000,0.09349,0.09352,0.0934,0.09343,262915.0
1791109200000,0.09343,0.09344,0.09338,0.09338,29734.0
1791109260000,0.09338,0.09343,0.09338,0.09342,38051.0
1791109320000,0.09342,0.09347,0.09339,0.09339,97546.0
1791109380000,0.09339,0.09342,0.09338,0.09339,28889.0
1791109440000,0.09338,0.09339,0.09338,0.09338,72268.0
1791109500000,0.09338,0.09341,0.09337,0.09339,211720.0
1791109560000,0.09339,0.09339,0.09336,0.09338,353455.0
1791109620000,0.09338,0.09344,0.09337,0.09343,274281.0
1791109680000,0.09343,0.09343,0.09337,0.09341,172392.0
1791109740000,0.0934,0.0934,0.09333,0.09336,318384.0
1791109800000,0.09336,0.0934,0.09336,0.09338,372192.0
1791109860000,0.09338,0.09344,0.09338,0.09343,246603.0
1791109920000,0.09343,0.09343,0.09339,0.0934,666262.0
1791109980000,0.09339,0.09349,0.09339,0.09345,498025.0
1791110040000,0.09344,0.09344,0.09337,0.09337,314865.0
1791110100000,0.09337,0.09339,0.09336,0.09337,515659.0
1791110160000,0.09337,0.09339,0.09334,0.09335,343292.0
1791110220000,0.09335,0.09338,0.0933,0.09333,1014406.0
1791110280000,0.09333,0.09338,0.09333,0.09337,77288.0
1791110340000,0.09336,0.09336,0.09331,0.09334,219142.0
1791110400000,0.09333,0.09334,0.0933,0.0933,62207.0
1791110460000,0.0933,0.09346,0.0933,0.09346,1126263.0
1791110520000,0.09346,0.09348,0.09345,0.09347,353874.0
1791110580000,0.09347,0.0935,0.09345,0.0935,215464.0
1791110640000,0.0935,0.0935,0.09345,0.09349,246165.0
1791110700000,0.09348,0.0935,0.09348,0.0935,373659.0
1791110760000,0.0935,0.0935,0.09345,0.09345,55789.0
1791110820000,0.09345,0.09348,0.09342,0.09343,313245.0
1791110880000,0.09343,0.09347,0.09342,0.09344,232138.0
1791110940000,0.09344,0.09345,0.09343,0.09344,57441.0
1791111000000,0.09345,0.09345,0.09344,0.09345,69352.0
1791111060000,0.09344,0.09345,0.09344,0.09345,102386.0
1791111120000,0.09346,0.09346,0.09343,0.09343,154094.0
1791111180000,0.09344,0.09348,0.09343,0.09348,146741.0
1791111240000,0.09347,0.09348,0.09347,0.09348,58649.0
1791111300000,0.09348,0.09348,0.09347,0.09347,46265.0
1791111360000,0.09347,0.09348,0.09343,0.09346,267950.0
1791111420000,0.09345,0.09345,0.0934,0.09341,116993.0
1791111480000,0.0934,0.09341,0.09339,0.0934,192981.0
1791111540000,0.0934,0.0934,0.09337,0.09337,131162.0
1791111600000,0.09338,0.09343,0.09338,0.09339,353015.0
1791111660000,0.09339,0.0934,0.09335,0.09336,487275.0
1791111720000,0.09335,0.09337,0.09333,0.09336,323392.0
1791111780000,0.09335,0.09336,0.09334,0.09335,13029.0
1791111840000,0.09335,0.09337,0.09335,0.09336,196538.0
1791111900000,0.09336,0.09344,0.09335,0.09344,44285.0
1791111960000,0.09344,0.09345,0.09342,0.09342,7169.0
1791112020000,0.09343,0.09343,0.0934,0.09341,35178.0
1791112080000,0.09341,0.09342,0.09341,0.09341,6955.0
1791112140000,0.09341,0.09341,0.0934,0.09341,44519.0
1791112200000,0.0934,0.09342,0.0934,0.09342,24848.0
1791112260000,0.09342,0.09347,0.09341,0.09347,267786.0
1791112320000,0.09347,0.09347,0.09344,0.09344,91137.0
1791112380000,0.09343,0.09343,0.09342,0.09343,30172.0
1791112440000,0.09343,0.09343,0.09341,0.09342,58327.0
1791112500000,0.09342,0.09343,0.09341,0.09342,134880.0
1791112560000,0.09343,0.09344,0.09342,0.09343,14839.0
1791112620000,0.09342,0.09342,0.09339,0.09341,33247.0
1791112680000,0.0934,0.09341,0.0934,0.09341,442.0
1791112740000,0.0934,0.09341,0.0934,0.09341,14280.0
1791112800000,0.09342,0.09345,0.0934,0.09344,88499.0
1791112860000,0.09345,0.09348,0.09343,0.09343,212420.0
1791112920000,0.09343,0.09344,0.0934,0.09343,18898.0
1791112980000,0.09343,0.09344,0.09343,0.09344,116389.0
1791113040000,0.09344,0.09344,0.09343,0.09343,7788.0
1791113100000,0.09343,0.09346,0.09342,0.09346,9798.0
1791113160000,0.09346,0.09347,0.09345,0.09347,44885.0
1791113220000,0.09347,0.0936,0.09347,0.09358,1967151.0
1791113280000,0.09357,0.09379,0.09356,0.09374,2264357.0
1791113340000,0.09373,0.09373,0.09372,0.09373,58457.0
1791113400000,0.09372,0.09374,0.09369,0.09369,624142.0
1791113460000,0.09369,0.09372,0.09365,0.0937,285094.0
1791113520000,0.0937,0.0937,0.09362,0.09362,468931.0
1791113580000,0.09362,0.09367,0.09362,0.09365,1124868.0
1791113640000,0.09364,0.09366,0.09364,0.09365,277964.0
1791113700000,0.09365,0.09366,0.09363,0.09364,400844.0
1791113760000,0.09364,0.09364,0.0936,0.0936,585958.0
1791113820000,0.0936,0.0936,0.09355,0.09356,138981.0
1791113880000,0.09356,0.09356,0.09351,0.09353,380337.0
1791113940000,0.09352,0.09353,0.09351,0.09352,119155.0
1791114000000,0.09353,0.09353,0.09346,0.09346,73879.0
1791114060000,0.09345,0.09347,0.09345,0.09346,70795.0
1791114120000,0.09347,0.09347,0.09342,0.09343,99829.0
1791114180000,0.09343,0.09348,0.09343,0.09344,104165.0
1791114240000,0.09343,0.09345,0.09343,0.09345,90497.0
1791114300000,0.09345,0.09349,0.09345,0.09349,41633.0
1791114360000,0.09348,0.09351,0.09348,0.0935,54356.0
1791114420000,0.09351,0.09354,0.0935,0.09354,100820.0
1791114480000,0.09354,0.09357,0.09351,0.09351,455665.0
1791114540000,0.0935,0.09351,0.09349,0.09351,123605.0
1791114600000,0.09351,0.09351,0.0935,0.09351,10893.0
1791114660000,0.0935,0.09351,0.0935,0.0935,113241.0
1791114720000,0.0935,0.09351,0.0935,0.09351,21275.0
1791114780000,0.0935,0.09354,0.0935,0.09354,459353.0
1791114840000,0.09353,0.09354,0.09344,0.09347,1244516.0
1791114900000,0.09347,0.09348,0.09346,0.09348,174819.0
1791114960000,0.09349,0.0935,0.09348,0.09349,90488.0
1791115020000,0.09349,0.09349,0.09347,0.09348,52471.0
1791115080000,0.09348,0.09348,0.09347,0.09348,111419.0
1791115140000,0.09349,0.09349,0.09347,0.09349,35475.0
1791115200000,0.09348,0.0935,0.09347,0.09347,141935.0
1791115260000,0.09346,0.09356,0.09346,0.09355,1004093.0
1791115320000,0.09355,0.09359,0.09354,0.09356,62546.0
1791115380000,0.09355,0.09356,0.09348,0.09348,14637.0
1791115440000,0.09349,0.09363,0.09348,0.09362,624673.0
1791115500000,0.09363,0.09375,0.09363,0.09375,1391740.0
1791115560000,0.09375,0.09381,0.09375,0.09381,731979.0
1791115620000,0.09381,0.09382,0.09378,0.09381,99431.0
1791115680000,0.09381,0.09381,0.09371,0.09371,99738.0
1791115740000,0.09372,0.09373,0.09365,0.09366,476462.0
1791115800000,0.09365,0.09367,0.09365,0.09367,125430.0
1791115860000,0.09366,0.09367,0.09364,0.09365,52307.0
1791115920000,0.09364,0.09364,0.09361,0.09363,156600.0
1791115980000,0.09364,0.09364,0.09363,0.09364,20241.0
1791116040000,0.09364,0.09364,0.09347,0.09347,2414841.0
1791116100000,0.09347,0.09349,0.09342,0.09342,150912.0
1791116160000,0.09342,0.09343,0.0934,0.0934,147866.0
1791116220000,0.0934,0.09349,0.09337,0.09345,372274.0
1791116280000,0.09346,0.0936,0.09346,0.09355,307266.0
1791116340000,0.09355,0.09355,0.09348,0.0935,158338.0
1791116400000,0.09351,0.09355,0.0935,0.09353,150122.0
1791116460000,0.09353,0.09358,0.0935,0.09354,134496.0
1791116520000,0.09355,0.09359,0.09354,0.09359,61476.0
1791116580000,0.09357,0.09359,0.09355,0.09359,121818.0
1791116640000,0.09359,0.0936,0.09352,0.09359,304544.0
1791116700000,0.09359,0.09362,0.09356,0.09357,282122.0
1791116760000,0.09357,0.09358,0.09355,0.09356,50422.0
1791116820000,0.09356,0.09358,0.09356,0.09357,84364.0
1791116880000,0.09357,0.0936,0.09353,0.09355,346859.0
1791116940000,0.09355,0.09359,0.09354,0.09359,57777.0
1791117000000,0.09359,0.09364,0.09358,0.09363,98293.0
1791117060000,0.09364,0.0937,0.09364,0.09369,474429.0
1791117120000,0.09369,0.09372,0.09356,0.09358,594831.0
1791117180000,0.09358,0.09363,0.09358,0.09362,123827.0
1791117240000,0.09363,0.09363,0.09359,0.09362,25211.0
1791117300000,0.09363,0.09364,0.09362,0.09362,136940.0
1791117360000,0.09362,0.09363,0.09361,0.09362,51775.0
1791117420000,0.09361,0.09361,0.09359,0.09359,180649.0
1791117480000,0.09359,0.0936,0.09357,0.09359,66249.0
1791117540000,0.09358,0.09358,0.09354,0.09354,131440.0
1791117600000,0.09355,0.09357,0.09352,0.09353,66625.0
1791117660000,0.09352,0.09354,0.09351,0.09354,87081.0
1791117720000,0.09354,0.09354,0.09353,0.09354,16811.0
1791117780000,0.09354,0.09354,0.09353,0.09353,4781.0
1791117840000,0.09354,0.09354,0.09348,0.09349,249141.0
1791117900000,0.0935,0.09352,0.09348,0.09349,219840.0
1791117960000,0.0935,0.09351,0.09345,0.09346,355133.0
1791118020000,0.09345,0.09346,0.09342,0.09343,115011.0
1791118080000,0.09343,0.09346,0.09343,0.09345,48587.0
1791118140000,0.09346,0.09348,0.09345,0.09348,96518.0
1791118200000,0.09348,0.09352,0.09347,0.09352,83118.0
1791118260000,0.09352,0.09352,0.09347,0.09347,38884.0
1791118320000,0.09348,0.09348,0.09347,0.09348,23126.0
1791118380000,0.09348,0.09348,0.09347,0.09347,49857.0
1791118440000,0.09347,0.09347,0.0934,0.09341,164924.0
1791118500000,0.09341,0.09345,0.09339,0.09343,263913.0
1791118560000,0.09342,0.09343,0.09341,0.09343,411499.0
1791118620000,0.09342,0.09343,0.09338,0.0934,492170.0
1791118680000,0.09341,0.09343,0.0934,0.0934,108053.0
1791118740000,0.0934,0.09343,0.0934,0.0934,125019.0
1791118800000,0.0934,0.09342,0.09339,0.09342,54564.0
1791118860000,0.09342,0.09346,0.09342,0.09344,258140.0
1791118920000,0.09345,0.09345,0.09342,0.09342,80460.0
1791118980000,0.09343,0.09346,0.09343,0.09345,122363.0
1791119040000,0.09346,0.09346,0.09343,0.09346,237015.0
1791119100000,0.09346,0.09347,0.09346,0.09347,17315.0
1791119160000,0.09347,0.09352,0.09346,0.09352,51034.0
1791119220000,0.09351,0.09352,0.09347,0.09347,28776.0
1791119280000,0.09346,0.09346,0.09344,0.09346,228762.0
1791119340000,0.09347,0.09348,0.09345,0.09345,258160.0
1791119400000,0.09346,0.09348,0.09345,0.09347,72607.0
1791119460000,0.09348,0.09348,0.09344,0.09344,22693.0
1791119520000,0.09345,0.09347,0.09344,0.09347,24750.0
1791119580000,0.09347,0.09349,0.09347,0.09349,15481.0
1791119640000,0.09349,0.0935,0.09349,0.09349,6022.0
1791119700000,0.0935,0.09353,0.0935,0.09353,18463.0
1791119760000,0.09353,0.09357,0.09353,0.09357,34442.0
1791119820000,0.09356,0.09357,0.09348,0.09348,83550.0
1791119880000,0.09348,0.09349,0.09347,0.09349,66368.0
1791119940000,0.09349,0.09349,0.09348,0.09348,90893.0
1791120000000,0.09348,0.09351,0.09348,0.0935,25059.0
1791120060000,0.0935,0.09354,0.0935,0.09354,45893.0
1791120120000,0.09354,0.09355,0.09354,0.09354,12283.0
1791120180000,0.09354,0.09355,0.09353,0.09353,18170.0
1791120240000,0.09353,0.09354,0.0935,0.0935,78177.0
1791120300000,0.09351,0.09353,0.09351,0.09353,21393.0
1791120360000,0.09353,0.09354,0.0935,0.09352,112804.0
1791120420000,0.09351,0.09354,0.09351,0.09353,15097.0
1791120480000,0.09353,0.09355,0.09353,0.09354,12878.0
1791120540000,0.09355,0.09355,0.09353,0.09354,93627.0
1791120600000,0.09354,0.09357,0.09354,0.09357,107774.0
1791120660000,0.09356,0.0936,0.09356,0.0936,152294.0
1791120720000,0.0936,0.0936,0.09357,0.09357,55457.0
1791120780000,0.09358,0.09363,0.09358,0.09362,157436.0
1791120840000,0.09362,0.09363,0.09362,0.09362,209991.0
1791120900000,0.09361,0.09361,0.09351,0.09356,476882.0
1791120960000,0.09355,0.09365,0.09355,0.09365,114977.0
1791121020000,0.09366,0.09372,0.09365,0.09372,351835.0
1791121080000,0.09372,0.0938,0.09367,0.09367,2129071.0
1791121140000,0.09367,0.0937,0.09364,0.09366,477322.0
1791121200000,0.09366,0.09366,0.09358,0.09361,199260.0
1791121260000,0.0936,0.09363,0.09359,0.09359,40494.0
1791121320000,0.09359,0.0936,0.09356,0.09356,42234.0
1791121380000,0.09357,0.09365,0.09355,0.09356,952363.0
1791121440000,0.09355,0.09356,0.09351,0.09352,151423.0
1791121500000,0.09352,0.09354,0.09352,0.09352,14208.0
1791121560000,0.09352,0.09367,0.09352,0.09364,772609.0
1791121620000,0.09365,0.09366,0.09359,0.0936,135894.0
1791121680000,0.09359,0.09363,0.09359,0.09363,22804.0
1791121740000,0.09364,0.09367,0.09362,0.09365,122193.0
1791121800000,0.09365,0.09367,0.09363,0.09363,505731.0
1791121860000,0.09364,0.09364,0.09361,0.09362,10716.0
1791121920000,0.09361,0.09363,0.09361,0.09363,101453.0
1791121980000,0.09363,0.09364,0.0936,0.09362,80897.0
1791122040000,0.09362,0.09364,0.09362,0.09362,129206.0
1791122100000,0.09362,0.09362,0.09357,0.09357,26429.0
1791122160000,0.09358,0.09358,0.09357,0.09358,14679.0
1791122220000,0.09358,0.0936,0.09358,0.09359,84609.0
1791122280000,0.09358,0.09358,0.09355,0.09357,47268.0
1791122340000,0.09357,0.09359,0.09356,0.09359,20964.0
1791122400000,0.09358,0.09363,0.09358,0.09359,25732.0
1791122460000,0.09359,0.09361,0.09359,0.09361,122864.0
1791122520000,0.09361,0.09361,0.09356,0.09356,352290.0
1791122580000,0.09356,0.09356,0.09352,0.09354,37820.0
1791122640000,0.09354,0.0936,0.09354,0.09357,185073.0
1791122700000,0.09357,0.09358,0.09356,0.09358,21104.0
1791122760000,0.09357,0.09357,0.09353,0.09356,31332.0
1791122820000,0.09356,0.09357,0.09352,0.09353,29774.0
1791122880000,0.09352,0.09355,0.09352,0.09353,177160.0
1791122940000,0.09354,0.09354,0.09349,0.0935,465183.0
1791123000000,0.09349,0.09354,0.09349,0.09351,184871.0
1791123060000,0.09351,0.09352,0.09342,0.09342,512709.0
1791123120000,0.09343,0.0935,0.09342,0.09346,273072.0
1791123180000,0.09346,0.09349,0.09342,0.09343,166937.0
1791123240000,0.09344,0.0935,0.09344,0.09348,56780.0
1791123300000,0.09347,0.09349,0.09344,0.09344,72068.0
1791123360000,0.09345,0.09346,0.09344,0.09346,13247.0
1791123420000,0.09346,0.09348,0.09345,0.09348,102416.0
1791123480000,0.09348,0.09355,0.09347,0.09353,685876.0
1791123540000,0.09352,0.09353,0.09347,0.09347,239142.0
1791123600000,0.09346,0.09347,0.09344,0.09344,45711.0
1791123660000,0.09345,0.09349,0.09345,0.09349,173253.0
1791123720000,0.09349,0.09354,0.09345,0.09353,398091.0
1791123780000,0.09353,0.09354,0.09353,0.09353,17914.0
1791123840000,0.09353,0.09353,0.09351,0.09351,112781.0
1791123900000,0.09352,0.09356,0.09352,0.09356,357298.0
1791123960000,0.09356,0.09361,0.09356,0.09359,70152.0
1791124020000,0.0936,0.09363,0.0936,0.09363,508776.0
1791124080000,0.09364,0.09364,0.09357,0.09357,149500.0
1791124140000,0.09358,0.09362,0.09358,0.09359,63954.0
1791124200000,0.09359,0.0936,0.09357,0.09359,11465.0
1791124260000,0.0936,0.09369,0.0936,0.09369,157512.0
1791124320000,0.09368,0.09373,0.09364,0.09368,1678804.0
1791124380000,0.09367,0.09371,0.09364,0.09366,287663.0
1791124440000,0.09367,0.09368,0.09363,0.09365,1192658.0
1791124500000,0.09365,0.09376,0.09365,0.09376,1252060.0
1791124560000,0.09376,0.09378,0.09359,0.0936,666348.0
1791124620000,0.09359,0.09359,0.09356,0.09357,183501.0
1791124680000,0.09357,0.09364,0.09357,0.09363,722012.0
1791124740000,0.09363,0.09364,0.09363,0.09363,252517.0
1791124800000,0.09363,0.09366,0.09363,0.09365,112563.0
1791124860000,0.09365,0.09368,0.09365,0.09368,150791.0
1791124920000,0.09369,0.09372,0.09366,0.09371,255184.0
1791124980000,0.09371,0.09376,0.09371,0.09376,814994.0
1791125040000,0.09375,0.09384,0.09375,0.09378,440299.0
1791125100000,0.09378,0.09388,0.09377,0.09388,790200.0
1791125160000,0.09387,0.0939,0.09382,0.09382,719303.0
1791125220000,0.09381,0.09399,0.09378,0.09388,1319287.0
1791125280000,0.09389,0.09404,0.09389,0.09391,891502.0
1791125340000,0.0939,0.09399,0.09383,0.09397,452611.0
1791125400000,0.09396,0.094,0.09395,0.09397,209205.0
1791125460000,0.09397,0.09397,0.09385,0.09392,139359.0
1791125520000,0.09393,0.09402,0.09393,0.09402,318312.0
1791125580000,0.09402,0.0941,0.09399,0.09408,534163.0
1791125640000,0.09407,0.0941,0.09405,0.09407,510969.0
1791125700000,0.09408,0.09409,0.09404,0.09404,175898.0
1791125760000,0.09404,0.09406,0.09404,0.09405,190223.0
1791125820000,0.09405,0.09405,0.094,0.09404,207895.0
1791125880000,0.09403,0.09403,0.09399,0.09402,125341.0
1791125940000,0.09401,0.09402,0.09398,0.09398,65244.0
1791126000000,0.09399,0.09409,0.09398,0.09408,394163.0
1791126060000,0.09408,0.09412,0.09402,0.09407,443374.0
1791126120000,0.09407,0.09413,0.09406,0.09413,212024.0
1791126180000,0.09412,0.09428,0.09412,0.09428,444269.0
1791126240000,0.09428,0.09458,0.09428,0.09437,3320460.0
1791126300000,0.09437,0.09439,0.09431,0.09433,365856.0
1791126360000,0.09432,0.09432,0.09421,0.09421,494207.0
1791126420000,0.09421,0.09428,0.09419,0.09422,165915.0
1791126480000,0.09422,0.09422,0.09411,0.09412,211869.0
1791126540000,0.09412,0.09413,0.09407,0.09412,165479.0
1791126600000,0.09412,0.09417,0.09411,0.09416,109951.0
1791126660000,0.09416,0.09421,0.09414,0.09415,346374.0
1791126720000,0.09416,0.09417,0.09411,0.09412,150395.0
1791126780000,0.09412,0.09428,0.09412,0.09428,141042.0
1791126840000,0.09428,0.09431,0.09425,0.0943,419690.0
1791126900000,0.0943,0.0943,0.09422,0.09422,273712.0
1791126960000,0.09423,0.09434,0.09422,0.09432,1168198.0
1791127020000,0.09432,0.09437,0.09432,0.09435,215890.0
1791127080000,0.09436,0.09436,0.09421,0.09426,1139100.0
1791127140000,0.09425,0.09434,0.09422,0.09429,537624.0
1791127200000,0.09429,0.09448,0.09427,0.09448,616708.0
1791127260000,0.09448,0.09454,0.09425,0.09425,1500588.0
1791127320000,0.09426,0.09428,0.09413,0.09424,1556580.0
1791127380000,0.09423,0.09426,0.09419,0.0942,487601.0
1791127440000,0.0942,0.0942,0.09411,0.09412,358300.0
1791127500000,0.09412,0.09413,0.09403,0.09404,236934.0
1791127560000,0.09404,0.09405,0.09401,0.09402,272684.0
1791127620000,0.09401,0.09421,0.09401,0.09419,1387163.0
1791127680000,0.09419,0.09421,0.09417,0.09421,149800.0
1791127740000,0.09421,0.09421,0.09411,0.09411,120705.0
1791127800000,0.09412,0.09418,0.09409,0.09413,213810.0
1791127860000,0.09413,0.09421,0.09411,0.09414,194495.0
1791127920000,0.09416,0.09418,0.09416,0.09416,124937.0
1791127980000,0.09415,0.09418,0.09412,0.09417,418892.0
1791128040000,0.09417,0.09419,0.09416,0.09416,142783.0
1791128100000,0.09416,0.09421,0.09416,0.0942,127286.0
1791128160000,0.09419,0.0942,0.09412,0.09417,162656.0
1791128220000,0.09417,0.09417,0.09407,0.09409,113328.0
1791128280000,0.09409,0.0941,0.09408,0.09408,77530.0
1791128340000,0.09408,0.09408,0.09402,0.09402,116415.0
1791128400000,0.09401,0.09434,0.09401,0.09433,1524820.0
1791128460000,0.09434,0.09439,0.09433,0.09433,157841.0
1791128520000,0.09434,0.09436,0.09432,0.09435,83531.0
1791128580000,0.09435,0.09439,0.09429,0.09434,1933716.0
1791128640000,0.09433,0.09434,0.09424,0.09433,1562166.0
1791128700000,0.09432,0.09432,0.09427,0.09428,147116.0
1791128760000,0.09428,0.09433,0.09428,0.09432,101286.0
1791128820000,0.09432,0.09435,0.09431,0.09432,242992.0
1791128880000,0.09433,0.09445,0.09433,0.09438,381606.0
1791128940000,0.09438,0.09445,0.09433,0.09433,1687272.0
1791129000000,0.09434,0.09442,0.09427,0.09442,1887657.0
1791129060000,0.09443,0.09444,0.09433,0.09436,111034.0
1791129120000,0.09435,0.09436,0.0943,0.09431,114486.0
1791129180000,0.09432,0.09433,0.0943,0.09433,178689.0
1791129240000,0.09432,0.09433,0.09429,0.09429,130882.0
1791129300000,0.0943,0.09432,0.0943,0.0943,83275.0
1791129360000,0.0943,0.0943,0.09425,0.09428,256067.0
1791129420000,0.09429,0.0943,0.09426,0.09427,150059.0
1791129480000,0.09427,0.0943,0.09426,0.09428,403602.0
1791129540000,0.09427,0.09427,0.09419,0.09419,130452.0
1791129600000,0.09419,0.09428,0.09419,0.09427,141933.0
1791129660000,0.09428,0.09429,0.09417,0.09417,128818.0
1791129720000,0.09418,0.0943,0.09403,0.0943,1365390.0
1791129780000,0.0943,0.09442,0.09425,0.09429,1448238.0
1791129840000,0.09429,0.09434,0.09427,0.09431,162891.0
1791129900000,0.09431,0.09431,0.09427,0.09429,280191.0
1791129960000,0.09428,0.09428,0.09421,0.09421,106992.0
1791130020000,0.09422,0.0943,0.09422,0.09428,129742.0
1791130080000,0.09428,0.09434,0.09427,0.09433,167283.0
1791130140000,0.09433,0.09437,0.0943,0.09436,325960.0
1791130200000,0.09435,0.09442,0.09434,0.09438,388575.0
1791130260000,0.09437,0.09443,0.09433,0.09442,272729.0
1791130320000,0.09441,0.09443,0.0944,0.0944,323650.0
1791130380000,0.0944,0.09441,0.09437,0.09438,140064.0
1791130440000,0.09438,0.09441,0.09432,0.09439,194330.0
1791130500000,0.0944,0.09443,0.09439,0.0944,135195.0
1791130560000,0.0944,0.09443,0.09436,0.09442,279483.0
1791130620000,0.09441,0.09442,0.09432,0.09433,268984.0
1791130680000,0.09432,0.0944,0.09432,0.0944,68292.0
1791130740000,0.0944,0.0944,0.09434,0.09434,47828.0
1791130800000,0.09434,0.09435,0.09432,0.09432,82370.0
1791130860000,0.09433,0.09433,0.09429,0.09429,509618.0
1791130920000,0.09429,0.0943,0.09424,0.09427,423798.0
1791130980000,0.09428,0.0943,0.09419,0.09429,182110.0
1791131040000,0.09429,0.09431,0.09427,0.09429,266293.0
1791131100000,0.0943,0.0943,0.09425,0.09428,215191.0
1791131160000,0.09428,0.09431,0.09425,0.09428,102279.0
1791131220000,0.09428,0.09429,0.09425,0.09425,272626.0
1791131280000,0.09425,0.09435,0.09425,0.09433,563201.0
1791131340000,0.09432,0.09432,0.0943,0.0943,21936.0
1791131400000,0.0943,0.09438,0.09429,0.09433,311925.0
1791131460000,0.09434,0.09441,0.09433,0.09437,300802.0
1791131520000,0.09437,0.0944,0.09437,0.09438,60191.0
1791131580000,0.09438,0.09443,0.09437,0.09441,144818.0
1791131640000,0.09441,0.09443,0.0944,0.09442,126999.0
1791131700000,0.09443,0.09454,0.09442,0.09454,834829.0
1791131760000,0.09455,0.09455,0.0945,0.09452,82251.0
1791131820000,0.09452,0.09452,0.09431,0.09432,930562.0
1791131880000,0.09431,0.09437,0.09421,0.09437,777553.0
1791131940000,0.09437,0.09442,0.09435,0.09438,502708.0
1791132000000,0.09439,0.09442,0.09435,0.09437,441151.0
1791132060000,0.09437,0.09445,0.09435,0.09445,470376.0
1791132120000,0.09445,0.09451,0.09442,0.09447,450131.0
1791132180000,0.09447,0.09448,0.09444,0.09446,310694.0
1791132240000,0.09447,0.09447,0.09443,0.09443,77881.0
1791132300000,0.09443,0.09443,0.09439,0.09439,264064.0
1791132360000,0.09439,0.09449,0.09438,0.09445,1280193.0
1791132420000,0.09444,0.09456,0.09444,0.09447,1236018.0
1791132480000,0.09448,0.0947,0.09447,0.09463,3332871.0
1791132540000,0.09463,0.09464,0.0945,0.09456,931679.0
1791132600000,0.09456,0.09457,0.09447,0.09452,199799.0
1791132660000,0.09453,0.09471,0.09449,0.09463,936317.0
1791132720000,0.09462,0.09462,0.09456,0.09457,198328.0
1791132780000,0.09457,0.09473,0.09457,0.09466,728750.0
1791132840000,0.09465,0.09466,0.09462,0.09465,183087.0
1791132900000,0.09465,0.09475,0.09461,0.09474,366891.0
1791132960000,0.09473,0.09478,0.09467,0.09467,237948.0
1791133020000,0.09468,0.09468,0.09465,0.09468,134800.0
1791133080000,0.09467,0.09467,0.09459,0.09459,65339.0
1791133140000,0.09458,0.09459,0.09454,0.09455,31900.0
1791133200000,0.09455,0.09462,0.09455,0.09461,936314.0
1791133260000,0.09462,0.09466,0.09457,0.09458,421628.0
1791133320000,0.09457,0.09465,0.09456,0.09459,221931.0
1791133380000,0.09458,0.0946,0.09457,0.0946,250627.0
1791133440000,0.0946,0.09464,0.0946,0.09461,454138.0
1791133500000,0.09461,0.095,0.09461,0.09489,5228699.0
1791133560000,0.0949,0.09504,0.09489,0.09494,1704108.0
1791133620000,0.09493,0.09508,0.09491,0.09492,1996018.0
1791133680000,0.09493,0.09529,0.09491,0.09525,3471152.0
1791133740000,0.09526,0.09538,0.09523,0.09526,6442036.0
1791133800000,0.09525,0.09529,0.0951,0.09512,1613731.0
1791133860000,0.09511,0.09517,0.0951,0.09511,423289.0
1791133920000,0.0951,0.09518,0.095,0.09517,430612.0
1791133980000,0.09517,0.09517,0.0951,0.09511,552759.0
1791134040000,0.09512,0.09516,0.09506,0.09507,566279.0
1791134100000,0.09506,0.09522,0.09504,0.09519,755070.0
1791134160000,0.09519,0.09537,0.09518,0.09526,1687461.0
1791134220000,0.09526,0.09547,0.09519,0.09522,2501751.0
1791134280000,0.09522,0.09523,0.09506,0.09506,921867.0
1791134340000,0.09506,0.09506,0.09495,0.09496,979328.0
1791134400000,0.09496,0.09503,0.09496,0.09502,545009.0
1791134460000,0.09501,0.09505,0.09498,0.09499,196634.0
1791134520000,0.09498,0.09503,0.09496,0.09497,634520.0
1791134580000,0.09497,0.09511,0.09497,0.09502,801738.0
1791134640000,0.09503,0.09507,0.09501,0.09502,374119.0
1791134700000,0.09502,0.09512,0.09497,0.09512,436357.0
1791134760000,0.09513,0.09514,0.0951,0.09513,314637.0
1791134820000,0.09512,0.09528,0.09508,0.09527,981102.0
1791134880000,0.09528,0.09533,0.09524,0.09529,1495122.0
1791134940000,0.09529,0.0953,0.09522,0.09525,618220.0
1791135000000,0.09524,0.09529,0.09523,0.09527,538149.0
1791135060000,0.09528,0.09529,0.09518,0.09524,659984.0
1791135120000,0.09525,0.09527,0.09517,0.09527,807022.0
1791135180000,0.09527,0.09527,0.09515,0.09517,812950.0
1791135240000,0.09517,0.09519,0.09515,0.09516,149114.0
1791135300000,0.09516,0.09541,0.09516,0.09532,2368227.0
1791135360000,0.09532,0.09535,0.09524,0.09527,1424012.0
1791135420000,0.09527,0.0953,0.09522,0.09522,1265792.0
1791135480000,0.09521,0.09525,0.09518,0.09524,502533.0
1791135540000,0.09524,0.09528,0.09522,0.09528,1573969.0
1791135600000,0.09528,0.09545,0.09522,0.09544,2115327.0
1791135660000,0.09544,0.0956,0.09543,0.09553,2743220.0
1791135720000,0.09552,0.09576,0.09537,0.09576,1924428.0
1791135780000,0.09575,0.096,0.09569,0.09594,6800585.0
1791135840000,0.09594,0.09611,0.09589,0.09605,3791988.0
1791135900000,0.09604,0.09616,0.09587,0.09614,3382739.0
1791135960000,0.09614,0.09624,0.09597,0.096,2570990.0
1791136020000,0.09601,0.09619,0.09601,0.09606,1314696.0
1791136080000,0.09606,0.09622,0.09604,0.09606,1149335.0
1791136140000,0.09605,0.09607,0.09568,0.09568,2393667.0
1791136200000,0.09567,0.09582,0.09566,0.09579,1426301.0
1791136260000,0.0958,0.0959,0.09577,0.09589,872390.0
1791136320000,0.09589,0.09593,0.09578,0.09593,723951.0
1791136380000,0.09593,0.09593,0.09571,0.09574,2081705.0
1791136440000,0.09573,0.09574,0.09548,0.09551,931100.0
1791136500000,0.09551,0.09559,0.09546,0.09548,509359.0
1791136560000,0.09549,0.09551,0.09545,0.09545,322847.0
1791136620000,0.09546,0.0956,0.09546,0.09548,820205.0
1791136680000,0.09549,0.09552,0.09542,0.09552,589979.0
1791136740000,0.09552,0.09556,0.09544,0.09545,449918.0
1791136800000,0.09544,0.0955,0.09541,0.09543,637473.0
1791136860000,0.09542,0.09542,0.09533,0.09541,277138.0
1791136920000,0.09541,0.09542,0.09528,0.09539,459420.0
1791136980000,0.09539,0.0956,0.09539,0.09545,559093.0
1791137040000,0.09545,0.09554,0.09544,0.09552,476501.0
1791137100000,0.09551,0.09563,0.09549,0.09558,490599.0
1791137160000,0.09559,0.09566,0.09558,0.09566,427434.0
1791137220000,0.09566,0.09567,0.09553,0.09555,226389.0
1791137280000,0.09555,0.09561,0.09539,0.09542,1396675.0
1791137340000,0.09542,0.09543,0.09526,0.09528,1608122.0
1791137400000,0.09528,0.09537,0.09528,0.09537,296401.0
1791137460000,0.09536,0.09536,0.09533,0.09535,207589.0
1791137520000,0.09534,0.09534,0.09524,0.09526,796859.0
1791137580000,0.09527,0.09533,0.09527,0.09532,329284.0
1791137640000,0.09532,0.09532,0.0952,0.09523,545096.0
1791137700000,0.09522,0.09532,0.0952,0.09532,141608.0
1791137760000,0.09533,0.09544,0.09532,0.09541,168049.0
1791137820000,0.09542,0.09544,0.09529,0.09535,772537.0
1791137880000,0.09534,0.09539,0.09529,0.09536,705454.0
1791137940000,0.09537,0.0954,0.09534,0.09534,400788.0
1791138000000,0.09534,0.09534,0.09528,0.09532,544710.0
1791138060000,0.09531,0.09533,0.09531,0.09532,88603.0
1791138120000,0.09532,0.09532,0.09526,0.09532,161710.0
1791138180000,0.09532,0.09532,0.09521,0.09525,489359.0
1791138240000,0.09525,0.09528,0.09525,0.09527,50997.0
1791138300000,0.09527,0.09539,0.09525,0.09537,399052.0
1791138360000,0.09537,0.0954,0.09534,0.09538,131824.0
1791138420000,0.09537,0.09549,0.09535,0.09548,343683.0
1791138480000,0.09548,0.09552,0.09548,0.09549,149030.0
1791138540000,0.09549,0.0955,0.09544,0.0955,449642.0
1791138600000,0.0955,0.09553,0.09549,0.09553,127515.0
1791138660000,0.09553,0.09567,0.09553,0.09566,375489.0
1791138720000,0.09567,0.09571,0.09563,0.09564,402327.0
1791138780000,0.09564,0.09565,0.09548,0.09548,253364.0
1791138840000,0.09549,0.09552,0.09547,0.09547,205953.0
1791138900000,0.09547,0.09558,0.09546,0.09558,189570.0
1791138960000,0.09557,0.0956,0.09555,0.09555,74725.0
1791139020000,0.09554,0.09554,0.09548,0.0955,103242.0
1791139080000,0.0955,0.0955,0.09547,0.09548,162549.0
1791139140000,0.09547,0.09547,0.09544,0.09544,350187.0
1791139200000,0.09543,0.09544,0.09543,0.09543,16377.0
1791139260000,0.09543,0.09554,0.09539,0.0955,1073064.0
1791139320000,0.0955,0.09562,0.0955,0.09559,369525.0
1791139380000,0.09559,0.0956,0.09552,0.09552,314047.0
1791139440000,0.09552,0.09555,0.09548,0.09551,173046.0
1791139500000,0.09551,0.09551,0.09543,0.09543,314809.0
1791139560000,0.09543,0.09545,0.09539,0.09544,619095.0
1791139620000,0.09544,0.09544,0.09539,0.0954,89784.0
1791139680000,0.09539,0.0954,0.09529,0.09529,445276.0
1791139740000,0.09528,0.09528,0.09519,0.09522,368549.0
1791139800000,0.09521,0.09522,0.09514,0.09516,308586.0
1791139860000,0.09516,0.09517,0.09513,0.09516,506028.0
1791139920000,0.09515,0.09516,0.09513,0.09515,405717.0
1791139980000,0.09514,0.09516,0.09513,0.09515,647793.0
1791140040000,0.09515,0.0952,0.09515,0.0952,1060453.0
1791140100000,0.0952,0.09525,0.09518,0.09519,808683.0
1791140160000,0.09519,0.09522,0.09518,0.09518,496720.0
1791140220000,0.09518,0.09518,0.09509,0.09514,979101.0
1791140280000,0.09515,0.09518,0.09515,0.09518,237546.0
1791140340000,0.09518,0.09518,0.09506,0.09511,1284249.0
1791140400000,0.09511,0.09513,0.09509,0.09511,703874.0
1791140460000,0.09511,0.09527,0.09507,0.09527,1294190.0
1791140520000,0.09527,0.09534,0.09527,0.09531,671153.0
1791140580000,0.09531,0.09536,0.09531,0.09533,431241.0
1791140640000,0.09533,0.09546,0.09533,0.09541,582289.0
1791140700000,0.09541,0.09547,0.0954,0.09544,562047.0
1791140760000,0.09544,0.0955,0.09544,0.09549,200951.0
1791140820000,0.0955,0.09551,0.09528,0.09531,1980174.0
1791140880000,0.09531,0.09532,0.0953,0.0953,185649.0
1791140940000,0.0953,0.09533,0.0953,0.09533,100477.0
1791141000000,0.09532,0.09533,0.09532,0.09532,266984.0
1791141060000,0.09532,0.09539,0.09532,0.09537,184926.0
1791141120000,0.09537,0.09537,0.09533,0.09536,413003.0
1791141180000,0.09536,0.09538,0.09536,0.09538,48196.0
1791141240000,0.09538,0.0954,0.09538,0.09539,52197.0
1791141300000,0.09539,0.09552,0.09539,0.0955,191268.0
1791141360000,0.09551,0.09562,0.0955,0.09559,834238.0
1791141420000,0.0956,0.09567,0.09556,0.09567,272559.0
1791141480000,0.09567,0.09571,0.09563,0.09563,311495.0
1791141540000,0.09563,0.09568,0.09562,0.09562,253642.0
1791141600000,0.09563,0.09569,0.09561,0.09563,664773.0
1791141660000,0.09563,0.09569,0.09556,0.09556,179941.0
1791141720000,0.09556,0.09556,0.09551,0.09556,72178.0
1791141780000,0.09556,0.0956,0.09553,0.09554,118929.0
1791141840000,0.09554,0.09557,0.09553,0.09555,84267.0
1791141900000,0.09555,0.09559,0.09552,0.09553,19836.0
1791141960000,0.09554,0.09556,0.09546,0.09546,64472.0
1791142020000,0.09546,0.09549,0.09544,0.09549,118954.0
1791142080000,0.09549,0.0955,0.09549,0.09549,29859.0
1791142140000,0.0955,0.09553,0.09546,0.09546,39503.0
1791142200000,0.09547,0.09553,0.09547,0.09553,31837.0
1791142260000,0.09552,0.09563,0.09552,0.09561,181192.0
1791142320000,0.09561,0.09561,0.09549,0.09549,118311.0
1791142380000,0.0955,0.09559,0.09547,0.09547,390261.0
1791142440000,0.09548,0.09578,0.09547,0.09568,1682401.0
1791142500000,0.09569,0.09569,0.09563,0.09563,285335.0
1791142560000,0.09563,0.09563,0.09558,0.09559,639225.0
1791142620000,0.09559,0.09559,0.09557,0.09558,60417.0
1791142680000,0.09557,0.09558,0.09554,0.09554,672318.0
1791142740000,0.09554,0.09555,0.09546,0.09554,720885.0
1791142800000,0.09555,0.09558,0.09546,0.09548,765779.0
1791142860000,0.09547,0.09555,0.0954,0.09541,845286.0
1791142920000,0.09541,0.09542,0.09532,0.09536,423428.0
1791142980000,0.09536,0.09551,0.09536,0.09548,1947721.0
1791143040000,0.09547,0.09551,0.09546,0.09551,254740.0
1791143100000,0.09552,0.09555,0.09549,0.09549,654209.0
1791143160000,0.0955,0.09554,0.0955,0.09551,590914.0
1791143220000,0.09551,0.09555,0.09551,0.09555,305728.0
1791143280000,0.09555,0.09556,0.09553,0.09553,236441.0
1791143340000,0.09553,0.09557,0.09548,0.0955,1218046.0
1791143400000,0.0955,0.09554,0.09541,0.09543,1003699.0
1791143460000,0.09543,0.09544,0.0954,0.0954,460912.0
1791143520000,0.0954,0.09545,0.09538,0.09543,310267.0
1791143580000,0.09544,0.09544,0.09538,0.09541,694422.0
1791143640000,0.09541,0.09541,0.09539,0.09539,192918.0
1791143700000,0.09539,0.09545,0.09539,0.09542,763604.0
1791143760000,0.09542,0.09543,0.09539,0.0954,232467.0
1791143820000,0.0954,0.09541,0.09539,0.0954,121533.0
1791143880000,0.0954,0.09544,0.0954,0.09543,371321.0
1791143940000,0.09543,0.09544,0.09542,0.09543,194682.0
1791144000000,0.09543,0.09543,0.09539,0.09542,51992.0
1791144060000,0.09541,0.09541,0.09529,0.09532,303328.0
1791144120000,0.09531,0.09548,0.09529,0.09548,2048321.0
1791144180000,0.09549,0.0955,0.09545,0.09545,517883.0
1791144240000,0.09546,0.09548,0.09545,0.09547,171141.0
1791144300000,0.09547,0.09547,0.09538,0.09538,249795.0
1791144360000,0.09537,0.09538,0.09535,0.09538,55171.0
1791144420000,0.09538,0.09539,0.09535,0.09535,89479.0
1791144480000,0.09535,0.09536,0.09531,0.09532,94160.0
1791144540000,0.09532,0.09537,0.09531,0.09534,342652.0
1791144600000,0.09535,0.0954,0.09534,0.09539,120376.0
1791144660000,0.0954,0.0954,0.09533,0.09536,367091.0
1791144720000,0.09535,0.09541,0.09535,0.0954,345591.0
1791144780000,0.0954,0.0954,0.09539,0.0954,69282.0
1791144840000,0.0954,0.09543,0.09539,0.0954,110798.0
1791144900000,0.0954,0.09542,0.09539,0.09541,93561.0
1791144960000,0.09542,0.09553,0.09542,0.09553,265381.0
1791145020000,0.09553,0.09556,0.09553,0.09556,8146.0
1791145080000,0.09557,0.09557,0.09551,0.09553,159010.0
1791145140000,0.09554,0.09562,0.09553,0.09556,255296.0
1791145200000,0.09556,0.0956,0.09555,0.0956,28598.0
1791145260000,0.0956,0.09561,0.09558,0.09559,87793.0
1791145320000,0.09559,0.09561,0.09557,0.09561,90115.0
1791145380000,0.0956,0.0956,0.09555,0.09558,63648.0
1791145440000,0.09558,0.09559,0.09553,0.09556,359245.0
1791145500000,0.09556,0.09557,0.09553,0.09554,134184.0
1791145560000,0.09554,0.09554,0.09547,0.09548,1123402.0
1791145620000,0.09549,0.09551,0.09549,0.0955,60475.0
1791145680000,0.09551,0.09557,0.09549,0.09555,697020.0
1791145740000,0.09554,0.09554,0.09552,0.09553,20794.0
1791145800000,0.09553,0.09556,0.09541,0.09541,876277.0
1791145860000,0.09542,0.09549,0.09541,0.09547,364038.0
1791145920000,0.09546,0.0955,0.09546,0.09548,447702.0
1791145980000,0.09547,0.09565,0.09547,0.09559,970722.0
1791146040000,0.0956,0.0957,0.0956,0.09568,473084.0
1791146100000,0.09569,0.09573,0.09569,0.09572,795716.0
1791146160000,0.09572,0.09575,0.09569,0.09569,661650.0
1791146220000,0.09569,0.09575,0.09569,0.0957,547099.0
1791146280000,0.09569,0.09575,0.0955,0.09551,1931926.0
1791146340000,0.09552,0.09555,0.0955,0.09551,1605085.0
1791146400000,0.0955,0.09557,0.09549,0.09554,359167.0
1791146460000,0.09553,0.09553,0.09548,0.09549,365336.0
1791146520000,0.09549,0.09549,0.09543,0.09544,173548.0
1791146580000,0.09544,0.09558,0.09544,0.09556,693675.0
1791146640000,0.09555,0.09555,0.09545,0.09546,134763.0
1791146700000,0.09545,0.09548,0.09541,0.09541,267661.0
1791146760000,0.09542,0.09543,0.09537,0.09537,198582.0
1791146820000,0.09538,0.09573,0.09538,0.0957,3485746.0
1791146880000,0.09569,0.09572,0.09565,0.09565,346968.0
1791146940000,0.09565,0.09565,0.09558,0.09561,487797.0
1791147000000,0.0956,0.09568,0.0956,0.09568,370717.0
1791147060000,0.09568,0.09568,0.09561,0.09561,163455.0
1791147120000,0.09561,0.09567,0.09561,0.09564,363055.0
1791147180000,0.09565,0.09568,0.09564,0.09564,283916.0
1791147240000,0.09564,0.0957,0.09564,0.09569,812336.0
1791147300000,0.09569,0.09579,0.09569,0.09579,1637782.0
1791147360000,0.09578,0.09586,0.09578,0.09582,1787589.0
1791147420000,0.09582,0.09582,0.09579,0.09581,121823.0
1791147480000,0.09582,0.09583,0.09581,0.09581,228741.0
1791147540000,0.09581,0.09588,0.09581,0.09586,862557.0
1791147600000,0.09586,0.09592,0.09586,0.09592,201688.0
1791147660000,0.09592,0.09596,0.09589,0.09595,921847.0
1791147720000,0.09595,0.09598,0.09592,0.09598,416594.0
1791147780000,0.09598,0.09606,0.09597,0.09605,1679340.0
1791147840000,0.09604,0.0961,0.09602,0.09606,1084105.0
1791147900000,0.09605,0.09611,0.09605,0.0961,397341.0
1791147960000,0.09609,0.09612,0.09605,0.09609,601440.0
1791148020000,0.09609,0.09616,0.09598,0.09615,864931.0
1791148080000,0.09614,0.09646,0.09614,0.09641,1235909.0
1791148140000,0.09642,0.09658,0.09635,0.09654,3260287.0
1791148200000,0.09654,0.09657,0.09641,0.09654,1766537.0
1791148260000,0.09655,0.09661,0.09646,0.09655,2057219.0
1791148320000,0.09654,0.09655,0.09646,0.09646,490700.0
1791148380000,0.09647,0.09668,0.09645,0.09657,2356602.0
1791148440000,0.09656,0.0966,0.0965,0.0965,740357.0
1791148500000,0.09649,0.0968,0.09644,0.09675,3457091.0
1791148560000,0.09674,0.09688,0.09674,0.09682,3699514.0
1791148620000,0.09683,0.09687,0.09673,0.09679,1974004.0
1791148680000,0.0968,0.0968,0.09669,0.09673,789353.0
1791148740000,0.09673,0.0968,0.09657,0.09671,4296554.0
1791148800000,0.0967,0.09684,0.09663,0.09664,1214530.0
1791148860000,0.09665,0.09673,0.09654,0.09663,1050375.0
1791148920000,0.09662,0.09667,0.09649,0.09662,1697691.0
1791148980000,0.09663,0.09675,0.09661,0.09674,774960.0
1791149040000,0.09674,0.09686,0.09666,0.09682,643267.0
1791149100000,0.09683,0.09698,0.09679,0.09679,4149041.0
1791149160000,0.09679,0.09691,0.09679,0.09688,650131.0
1791149220000,0.09687,0.09695,0.09685,0.09688,1083822.0
1791149280000,0.09688,0.097,0.09688,0.09697,2964164.0
1791149340000,0.09696,0.09703,0.09677,0.0968,1750466.0
1791149400000,0.09679,0.09695,0.09677,0.09691,1024499.0
1791149460000,0.09691,0.09732,0.0969,0.09727,3717198.0
1791149520000,0.09727,0.0973,0.09718,0.09726,731263.0
1791149580000,0.09726,0.0973,0.09709,0.09715,1229349.0
1791149640000,0.09715,0.09724,0.09684,0.09687,2247795.0
1791149700000,0.09687,0.09691,0.09666,0.09679,1014638.0
1791149760000,0.09678,0.09689,0.09674,0.09684,686968.0
1791149820000,0.09683,0.09686,0.09676,0.09677,507176.0
1791149880000,0.09677,0.097,0.09677,0.0969,1383298.0
1791149940000,0.09689,0.09689,0.09669,0.09685,653568.0
1791150000000,0.09684,0.09713,0.09682,0.09704,650411.0
1791150060000,0.09704,0.09705,0.09695,0.09695,691600.0
1791150120000,0.09694,0.09694,0.0969,0.09693,118408.0
1791150180000,0.09692,0.09695,0.09688,0.0969,560202.0
1791150240000,0.09691,0.09701,0.0969,0.09699,591747.0
1791150300000,0.09698,0.09712,0.09698,0.09711,778658.0
1791150360000,0.09711,0.09719,0.0971,0.09712,581050.0
1791150420000,0.09712,0.09726,0.09711,0.09711,580030.0
1791150480000,0.0971,0.09715,0.09707,0.09713,465561.0
1791150540000,0.09712,0.09723,0.0971,0.09722,901774.0
1791150600000,0.09723,0.09743,0.09723,0.09738,1682366.0
1791150660000,0.09738,0.09749,0.09735,0.09743,1041320.0
1791150720000,0.09742,0.0976,0.09742,0.09753,2653592.0
1791150780000,0.09754,0.09754,0.09688,0.09703,2960272.0
1791150840000,0.09701,0.09701,0.09669,0.09669,1296198.0
1791150900000,0.09669,0.09673,0.09643,0.0965,1539445.0
1791150960000,0.0965,0.0966,0.09646,0.09653,414313.0
1791151020000,0.09652,0.09652,0.09634,0.09637,1147125.0
1791151080000,0.09637,0.09645,0.09632,0.09644,531911.0
1791151140000,0.09643,0.09643,0.0963,0.09636,1103159.0
1791151200000,0.09637,0.09673,0.09636,0.09668,734720.0
1791151260000,0.09668,0.09678,0.09665,0.09678,725141.0
1791151320000,0.09679,0.09712,0.09679,0.09699,2642250.0
1791151380000,0.097,0.09703,0.0968,0.09701,1112661.0
1791151440000,0.097,0.09712,0.09695,0.09704,857013.0
1791151500000,0.09704,0.09704,0.09673,0.09675,1720753.0
1791151560000,0.09674,0.09691,0.0967,0.09672,580632.0
1791151620000,0.09671,0.09671,0.09658,0.09658,520484.0
1791151680000,0.09657,0.09663,0.09652,0.09662,789247.0
1791151740000,0.09663,0.09667,0.09659,0.09659,233215.0
1791151800000,0.09658,0.0966,0.09647,0.09653,412181.0
1791151860000,0.09653,0.09665,0.09652,0.09664,528083.0
1791151920000,0.09665,0.09665,0.0966,0.09661,131180.0
1791151980000,0.09661,0.09675,0.09661,0.09672,466222.0
1791152040000,0.09672,0.09679,0.09667,0.09672,382027.0
1791152100000,0.09672,0.09675,0.09666,0.09671,335173.0
1791152160000,0.09671,0.09697,0.09665,0.09675,2698320.0
1791152220000,0.09676,0.09685,0.0967,0.0968,591135.0
1791152280000,0.09679,0.09685,0.09671,0.09677,790734.0
1791152340000,0.09677,0.09691,0.09673,0.09676,578457.0
1791152400000,0.09677,0.09695,0.09677,0.09691,768321.0
1791152460000,0.09692,0.09698,0.09685,0.09696,781921.0
1791152520000,0.09696,0.09703,0.09695,0.09702,1374814.0
1791152580000,0.09703,0.09703,0.09692,0.09701,725413.0
1791152640000,0.09701,0.09706,0.09687,0.09687,1351444.0
1791152700000,0.09687,0.09708,0.09685,0.09706,1302040.0
1791152760000,0.09707,0.09707,0.09686,0.09694,575220.0
1791152820000,0.09694,0.09694,0.09679,0.09682,519995.0
1791152880000,0.09682,0.09682,0.09669,0.0967,1315293.0
1791152940000,0.0967,0.0967,0.09658,0.09661,274145.0
1791153000000,0.09661,0.0967,0.09654,0.09666,514151.0
1791153060000,0.09666,0.09671,0.09652,0.09662,1949333.0
1791153120000,0.09663,0.09674,0.09663,0.09668,259508.0
1791153180000,0.09668,0.09671,0.0965,0.09657,432915.0
1791153240000,0.09657,0.09669,0.09657,0.09667,398298.0
1791153300000,0.09667,0.0968,0.09665,0.09669,530011.0
1791153360000,0.09669,0.09682,0.09666,0.09681,321469.0
1791153420000,0.09681,0.09684,0.09666,0.09667,449205.0
1791153480000,0.09668,0.09676,0.09662,0.09663,378104.0
1791153540000,0.09664,0.09665,0.09658,0.09658,122976.0
1791153600000,0.09658,0.0966,0.09652,0.09656,211697.0
1791153660000,0.09656,0.09667,0.09656,0.09667,61377.0
1791153720000,0.09668,0.09684,0.09668,0.09682,557468.0
1791153780000,0.09682,0.09689,0.09665,0.09673,693535.0
1791153840000,0.09673,0.09677,0.09668,0.09668,248309.0
1791153900000,0.09668,0.0967,0.09661,0.09661,315924.0
1791153960000,0.09661,0.09662,0.09659,0.09659,103157.0
1791154020000,0.0966,0.09661,0.09651,0.09657,444689.0
1791154080000,0.09657,0.09657,0.0965,0.09651,380942.0
1791154140000,0.09651,0.09651,0.09635,0.09642,328481.0
1791154200000,0.09642,0.09642,0.0962,0.09631,4632745.0
1791154260000,0.09631,0.0964,0.09631,0.09639,312058.0
1791154320000,0.09638,0.09647,0.09638,0.09647,358655.0
1791154380000,0.09646,0.09654,0.09642,0.09653,353320.0
1791154440000,0.09652,0.09655,0.09647,0.09655,300229.0
1791154500000,0.09654,0.09654,0.09645,0.09647,102180.0
1791154560000,0.09648,0.09655,0.09648,0.09648,315259.0
1791154620000,0.09648,0.09648,0.09639,0.09643,170637.0
1791154680000,0.09643,0.09643,0.0963,0.09637,2374961.0
1791154740000,0.09637,0.09639,0.09634,0.09636,265651.0
1791154800000,0.09637,0.09647,0.09635,0.09637,693552.0
1791154860000,0.09636,0.09637,0.09629,0.0963,354536.0
1791154920000,0.09631,0.09634,0.09618,0.09622,796187.0
1791154980000,0.09622,0.09633,0.09622,0.09629,571897.0
1791155040000,0.09629,0.09634,0.09626,0.09628,743005.0
1791155100000,0.09628,0.09631,0.09622,0.09628,1302958.0
1791155160000,0.09627,0.0963,0.09627,0.09627,488119.0
1791155220000,0.09626,0.09626,0.09618,0.09618,897036.0
1791155280000,0.09618,0.09626,0.09618,0.09623,640014.0
1791155340000,0.09623,0.09624,0.09617,0.09619,514028.0
1791155400000,0.09619,0.09643,0.09619,0.09637,1453875.0
1791155460000,0.09636,0.09636,0.09628,0.09633,574765.0
1791155520000,0.09634,0.0964,0.09632,0.0964,337220.0
1791155580000,0.0964,0.09646,0.09638,0.09644,690752.0
1791155640000,0.09643,0.09648,0.09638,0.09645,1833917.0
1791155700000,0.09645,0.09648,0.09641,0.09644,491375.0
1791155760000,0.09643,0.09646,0.09639,0.09643,1288699.0
1791155820000,0.09643,0.09654,0.09638,0.09638,1143636.0
1791155880000,0.09638,0.09641,0.09627,0.09629,503484.0
1791155940000,0.0963,0.09641,0.0963,0.09639,571246.0
1791156000000,0.09639,0.09645,0.09635,0.09639,774649.0
1791156060000,0.09638,0.09641,0.09631,0.09637,467399.0
1791156120000,0.09637,0.09637,0.09628,0.09628,263275.0
1791156180000,0.09627,0.09629,0.09624,0.09627,257434.0
1791156240000,0.09626,0.09633,0.09626,0.09627,233009.0
1791156300000,0.09627,0.09629,0.09626,0.09629,33534.0
1791156360000,0.09629,0.09638,0.09627,0.09637,214658.0
1791156420000,0.09636,0.0964,0.09626,0.09635,354698.0
1791156480000,0.09635,0.09641,0.0963,0.0963,253400.0
1791156540000,0.09629,0.0963,0.09626,0.09627,743941.0
1791156600000,0.09627,0.09629,0.09622,0.09625,155651.0
1791156660000,0.09626,0.0963,0.09617,0.09619,1204844.0
1791156720000,0.09618,0.09624,0.09617,0.09621,1525251.0
1791156780000,0.09622,0.09628,0.09614,0.09615,736913.0
1791156840000,0.09614,0.09614,0.096,0.09605,1359815.0
1791156900000,0.09606,0.09607,0.09598,0.09599,937854.0
1791156960000,0.09598,0.096,0.09582,0.09588,1193354.0
1791157020000,0.09588,0.09593,0.09587,0.09588,592992.0
1791157080000,0.09588,0.09591,0.09576,0.09579,1336787.0
1791157140000,0.0958,0.09583,0.0958,0.09582,239595.0
1791157200000,0.09582,0.09588,0.09581,0.09583,2000014.0
1791157260000,0.09582,0.09582,0.09578,0.09578,1893013.0
1791157320000,0.09577,0.09586,0.09574,0.09586,5770379.0
1791157380000,0.09586,0.09592,0.09582,0.09585,1528925.0
1791157440000,0.09586,0.09589,0.09585,0.09588,39268.0
1791157500000,0.09589,0.09589,0.09576,0.09578,498275.0
1791157560000,0.09579,0.09583,0.09578,0.09582,253612.0
1791157620000,0.09582,0.09585,0.09581,0.09583,154446.0
1791157680000,0.09584,0.09587,0.09583,0.09585,177561.0
1791157740000,0.09586,0.09589,0.09586,0.09589,468921.0
1791157800000,0.09589,0.09592,0.09585,0.09591,351242.0
1791157860000,0.09591,0.09593,0.0959,0.0959,108956.0
1791157920000,0.0959,0.09592,0.09588,0.09589,152618.0
1791157980000,0.09589,0.09589,0.09583,0.09585,779935.0
1791158040000,0.09585,0.0959,0.09585,0.0959,157967.0
1791158100000,0.0959,0.0959,0.09585,0.09585,177658.0
1791158160000,0.09584,0.09591,0.09584,0.09591,308765.0
1791158220000,0.0959,0.0959,0.09586,0.09589,135164.0
1791158280000,0.09589,0.09592,0.09589,0.0959,152377.0
1791158340000,0.0959,0.09592,0.0959,0.09591,12632.0
1791158400000,0.09591,0.09591,0.09579,0.09579,487797.0
1791158460000,0.09579,0.09581,0.09564,0.09571,886417.0
1791158520000,0.09572,0.09576,0.09558,0.09561,638957.0
1791158580000,0.09561,0.09569,0.0956,0.09567,307011.0
1791158640000,0.09567,0.09577,0.09567,0.09577,329726.0
1791158700000,0.09578,0.09582,0.09575,0.09581,280349.0
1791158760000,0.09582,0.09585,0.0958,0.09585,261325.0
1791158820000,0.09585,0.09585,0.09575,0.09575,209229.0
1791158880000,0.09576,0.09582,0.09576,0.09581,222679.0
1791158940000,0.0958,0.0958,0.0957,0.0957,415418.0
1791159000000,0.0957,0.09584,0.0957,0.09584,320691.0
1791159060000,0.09585,0.0959,0.09584,0.09584,126324.0
1791159120000,0.09583,0.09585,0.09571,0.09576,449879.0
1791159180000,0.09576,0.09589,0.09576,0.09589,88761.0
1791159240000,0.09589,0.09589,0.09584,0.09585,238441.0
1791159300000,0.09585,0.096,0.09585,0.09597,689984.0
1791159360000,0.09597,0.09602,0.09592,0.09594,1896022.0
1791159420000,0.09594,0.096,0.09594,0.09594,567308.0
1791159480000,0.09593,0.09594,0.09585,0.09593,200995.0
1791159540000,0.09592,0.09599,0.0959,0.09599,284665.0
1791159600000,0.09598,0.09601,0.09596,0.09599,636833.0
1791159660000,0.09599,0.096,0.09593,0.09593,303003.0
1791159720000,0.09592,0.09594,0.09589,0.09592,299311.0
1791159780000,0.09593,0.09595,0.0959,0.09591,166211.0
1791159840000,0.09592,0.09592,0.09585,0.09589,202216.0
1791159900000,0.09588,0.09588,0.0958,0.09581,453972.0
1791159960000,0.09581,0.09585,0.09577,0.09577,478995.0
1791160020000,0.09576,0.09579,0.09574,0.09578,154383.0
1791160080000,0.09579,0.09582,0.09569,0.09569,709383.0
1791160140000,0.09568,0.09568,0.09559,0.0956,374564.0
1791160200000,0.09561,0.09565,0.09558,0.09559,384243.0
1791160260000,0.09559,0.09563,0.09556,0.09562,263722.0
1791160320000,0.09562,0.09574,0.09562,0.09573,194502.0
1791160380000,0.09574,0.09581,0.09571,0.09581,617356.0
1791160440000,0.09582,0.09582,0.09576,0.09576,199043.0
1791160500000,0.09576,0.09576,0.09569,0.09576,117878.0
1791160560000,0.09575,0.09579,0.09575,0.09578,102966.0
1791160620000,0.09577,0.09577,0.09568,0.0957,267784.0
1791160680000,0.09571,0.09579,0.09571,0.09578,42457.0
1791160740000,0.09578,0.09587,0.09578,0.09587,67367.0
1791160800000,0.09588,0.09595,0.09588,0.09595,117583.0
1791160860000,0.09594,0.09612,0.09593,0.09611,532081.0
1791160920000,0.09611,0.09617,0.0961,0.09616,265979.0
1791160980000,0.09616,0.09619,0.0961,0.09611,567896.0
1791161040000,0.09611,0.09616,0.09611,0.09614,97879.0
1791161100000,0.09614,0.09614,0.0961,0.09613,291082.0
1791161160000,0.09613,0.09616,0.09613,0.09613,445013.0
1791161220000,0.09613,0.09617,0.0961,0.09617,45639.0
1791161280000,0.09618,0.09631,0.09618,0.09627,2463532.0
1791161340000,0.09628,0.09634,0.09621,0.09633,1363558.0
1791161400000,0.09634,0.09634,0.0962,0.09621,816349.0
1791161460000,0.09621,0.09639,0.09621,0.09626,1059549.0
1791161520000,0.09626,0.09631,0.09624,0.09631,308156.0
1791161580000,0.09631,0.09634,0.09628,0.09629,200440.0
1791161640000,0.09628,0.09628,0.09615,0.09621,317822.0
1791161700000,0.0962,0.09631,0.09619,0.0963,188206.0
1791161760000,0.0963,0.09631,0.09624,0.09627,285262.0
1791161820000,0.09627,0.09637,0.09627,0.09637,282730.0
1791161880000,0.09636,0.09643,0.09635,0.09638,600255.0
1791161940000,0.09639,0.09642,0.09634,0.09638,205435.0
1791162000000,0.09638,0.09638,0.09628,0.0963,506579.0
1791162060000,0.0963,0.09637,0.0963,0.09636,486067.0
1791162120000,0.09637,0.09638,0.0963,0.09631,970488.0
1791162180000,0.09632,0.09636,0.09627,0.09627,607384.0
1791162240000,0.09627,0.09633,0.09627,0.09631,854294.0
1791162300000,0.09631,0.09635,0.09629,0.0963,349974.0
1791162360000,0.0963,0.09631,0.09626,0.09627,565170.0
1791162420000,0.09627,0.09627,0.0962,0.0962,638944.0
1791162480000,0.09619,0.09631,0.09614,0.09624,469449.0
1791162540000,0.09624,0.09634,0.09624,0.09631,287169.0
1791162600000,0.09631,0.09646,0.09631,0.09646,297660.0
1791162660000,0.09646,0.09667,0.09646,0.09662,1192537.0
1791162720000,0.09662,0.09664,0.09657,0.09657,434275.0
1791162780000,0.09656,0.09664,0.09656,0.09662,161090.0
1791162840000,0.09662,0.09672,0.09659,0.09672,621826.0
1791162900000,0.09673,0.09679,0.09666,0.09674,937148.0
1791162960000,0.09675,0.09685,0.09668,0.09678,875242.0
1791163020000,0.09679,0.09689,0.09675,0.09689,606346.0
1791163080000,0.09689,0.09694,0.09679,0.09683,949141.0
1791163140000,0.09684,0.09686,0.09682,0.09685,227537.0
1791163200000,0.09686,0.09691,0.09682,0.09689,369388.0
1791163260000,0.09688,0.09696,0.09684,0.09684,1167612.0
1791163320000,0.09684,0.09689,0.09673,0.09673,585590.0
1791163380000,0.09672,0.09675,0.09665,0.09672,328103.0
1791163440000,0.09673,0.09684,0.09673,0.0968,1184343.0
1791163500000,0.0968,0.09687,0.0968,0.09687,418520.0
1791163560000,0.09688,0.09691,0.09684,0.09685,218704.0
1791163620000,0.09686,0.0969,0.09682,0.09689,131381.0
1791163680000,0.0969,0.09691,0.09687,0.09691,224081.0
1791163740000,0.0969,0.0969,0.09666,0.0967,130320.0
1791163800000,0.09669,0.09669,0.0965,0.09651,260781.0
1791163860000,0.0965,0.0965,0.09629,0.09632,655931.0
1791163920000,0.09632,0.09636,0.09627,0.0963,451343.0
1791163980000,0.09629,0.09631,0.09623,0.09627,194678.0
1791164040000,0.09627,0.09627,0.09613,0.09617,634012.0
1791164100000,0.09616,0.09621,0.09613,0.09615,156392.0
1791164160000,0.09615,0.0962,0.09604,0.09613,455864.0
1791164220000,0.09613,0.09618,0.0961,0.09614,203866.0
1791164280000,0.09613,0.09617,0.09606,0.09613,171413.0
1791164340000,0.09613,0.09614,0.0961,0.09614,186461.0
1791164400000,0.09614,0.09616,0.09612,0.09613,162856.0
1791164460000,0.09613,0.09626,0.09612,0.09623,156598.0
1791164520000,0.09623,0.09623,0.09615,0.09617,259640.0
1791164580000,0.09617,0.09617,0.09611,0.09611,34934.0
1791164640000,0.09611,0.09616,0.09611,0.09616,42183.0
1791164700000,0.09616,0.09626,0.09616,0.09626,676102.0
1791164760000,0.09626,0.09628,0.09625,0.09628,301941.0
1791164820000,0.09629,0.0963,0.09626,0.0963,144302.0
1791164880000,0.0963,0.09635,0.09629,0.09632,95318.0
1791164940000,0.09632,0.09633,0.09625,0.09626,1225574.0
1791165000000,0.09626,0.0963,0.09615,0.09618,1448541.0
1791165060000,0.09618,0.09623,0.09616,0.09621,245464.0
1791165120000,0.09621,0.09625,0.09618,0.09624,146550.0
1791165180000,0.09624,0.09624,0.09614,0.09614,136760.0
1791165240000,0.09615,0.09618,0.09611,0.09611,383719.0
1791165300000,0.09612,0.0962,0.09612,0.09617,337720.0
1791165360000,0.09616,0.09617,0.09612,0.09612,43643.0
1791165420000,0.09612,0.09619,0.09609,0.09618,241082.0
1791165480000,0.09618,0.09618,0.09612,0.09613,309330.0
1791165540000,0.09614,0.09618,0.09614,0.09616,210234.0
1791165600000,0.09616,0.09624,0.09614,0.09624,227627.0
1791165660000,0.09625,0.09628,0.09617,0.0962,220499.0
1791165720000,0.0962,0.09626,0.09618,0.09624,209034.0
1791165780000,0.09624,0.09634,0.09624,0.09633,275275.0
1791165840000,0.09634,0.09639,0.09632,0.09632,628906.0
1791165900000,0.09632,0.0964,0.09632,0.0964,94306.0
1791165960000,0.0964,0.09645,0.0964,0.09644,125914.0
1791166020000,0.09644,0.09648,0.0964,0.09642,267523.0
1791166080000,0.09642,0.09644,0.09642,0.09642,110599.0
1791166140000,0.09643,0.09648,0.09643,0.09648,334626.0
1791166200000,0.09649,0.09655,0.09649,0.09653,145806.0
1791166260000,0.09653,0.09661,0.09653,0.09658,117303.0
1791166320000,0.09658,0.09659,0.09654,0.09656,267376.0
1791166380000,0.09657,0.09667,0.09653,0.09667,264899.0
1791166440000,0.09667,0.09669,0.09662,0.09666,667089.0
1791166500000,0.09666,0.09679,0.09663,0.09679,672679.0
1791166560000,0.0968,0.09684,0.09674,0.09675,680976.0
1791166620000,0.09675,0.09676,0.09661,0.09661,443767.0
1791166680000,0.0966,0.09671,0.09656,0.09667,364243.0
1791166740000,0.09666,0.09666,0.09652,0.09655,1042289.0
1791166800000,0.09656,0.09663,0.09656,0.09659,404941.0
1791166860000,0.09658,0.09662,0.09652,0.09656,446701.0
1791166920000,0.09655,0.09657,0.0965,0.09654,433711.0
1791166980000,0.09653,0.09657,0.09649,0.09651,356634.0
1791167040000,0.09652,0.09656,0.0965,0.09651,196125.0
1791167100000,0.0965,0.09654,0.09646,0.09646,424565.0
1791167160000,0.09647,0.09647,0.09637,0.09641,338399.0
1791167220000,0.0964,0.09649,0.09638,0.09647,531910.0
1791167280000,0.09646,0.09647,0.09643,0.09643,498342.0
1791167340000,0.09643,0.09644,0.09635,0.09635,879383.0
1791167400000,0.09636,0.09643,0.09636,0.0964,174849.0
1791167460000,0.09639,0.0964,0.09625,0.09627,605444.0
1791167520000,0.09626,0.09648,0.09623,0.09648,985739.0
1791167580000,0.09648,0.09648,0.09636,0.09637,414937.0
1791167640000,0.09637,0.09639,0.09632,0.09633,188381.0
1791167700000,0.09633,0.09644,0.09629,0.09641,297619.0
1791167760000,0.0964,0.09643,0.09639,0.09641,345558.0
1791167820000,0.0964,0.09644,0.09634,0.09643,363410.0
1791167880000,0.09642,0.09653,0.09642,0.09643,825540.0
1791167940000,0.09642,0.09657,0.09642,0.09649,154192.0
1791168000000,0.09649,0.09653,0.09644,0.09647,187578.0
1791168060000,0.09648,0.0966,0.09648,0.09654,130438.0
1791168120000,0.09653,0.09661,0.09652,0.09657,713967.0
1791168180000,0.09657,0.09659,0.09647,0.09651,521119.0
1791168240000,0.09652,0.09655,0.09647,0.09651,274484.0
1791168300000,0.09651,0.0966,0.09651,0.09654,119950.0
1791168360000,0.09653,0.09655,0.09647,0.09648,414965.0
1791168420000,0.09649,0.09651,0.09644,0.09645,377818.0
1791168480000,0.09645,0.09645,0.09641,0.09645,184642.0
1791168540000,0.09646,0.09647,0.0963,0.0963,343084.0
1791168600000,0.09631,0.09633,0.09631,0.09632,25225.0
1791168660000,0.09632,0.09632,0.09631,0.09631,42721.0
1791168720000,0.09631,0.09632,0.09629,0.0963,512412.0
1791168780000,0.09629,0.09638,0.09629,0.09635,107613.0
1791168840000,0.09636,0.09637,0.09635,0.09636,44607.0
1791168900000,0.09635,0.09635,0.0963,0.09633,64232.0
1791168960000,0.09633,0.09636,0.09631,0.09633,134044.0
1791169020000,0.09633,0.09633,0.09626,0.0963,600948.0
1791169080000,0.09629,0.0963,0.09625,0.09625,165992.0
1791169140000,0.09625,0.09625,0.0962,0.09622,159163.0
1791169200000,0.09622,0.09622,0.09616,0.09619,132633.0
1791169260000,0.09619,0.09626,0.09618,0.09619,159652.0
1791169320000,0.09618,0.09619,0.09614,0.09616,141661.0
1791169380000,0.09615,0.09624,0.09615,0.0962,273138.0
1791169440000,0.0962,0.0962,0.09613,0.09617,141953.0
1791169500000,0.09616,0.09617,0.09614,0.09614,15932.0
1791169560000,0.09615,0.09615,0.09611,0.09613,848459.0
1791169620000,0.09613,0.09613,0.09611,0.09612,276544.0
1791169680000,0.09612,0.09616,0.09611,0.09615,266394.0
1791169740000,0.09614,0.09614,0.0961,0.09612,131842.0
1791169800000,0.09611,0.09618,0.0961,0.09615,426333.0
1791169860000,0.09615,0.09621,0.09613,0.09618,669435.0
1791169920000,0.09617,0.09619,0.09615,0.09616,800174.0
1791169980000,0.09616,0.09616,0.09614,0.09614,480220.0
1791170040000,0.09614,0.09627,0.09612,0.09626,1615079.0
1791170100000,0.09626,0.09626,0.0961,0.09613,1082154.0
1791170160000,0.09612,0.0962,0.0961,0.0962,207934.0
1791170220000,0.09621,0.09622,0.0961,0.0961,459779.0
1791170280000,0.0961,0.09613,0.0961,0.09611,2515637.0
1791170340000,0.09611,0.09612,0.09604,0.09605,2521379.0
1791170400000,0.09604,0.09605,0.09596,0.09601,792995.0
1791170460000,0.09601,0.09601,0.09594,0.09594,905790.0
1791170520000,0.09595,0.09598,0.09588,0.09588,1188864.0
1791170580000,0.09588,0.09617,0.09572,0.09612,5037392.0
1791170640000,0.09612,0.09619,0.0961,0.09619,568622.0
1791170700000,0.0962,0.09631,0.0962,0.09624,757888.0
1791170760000,0.09624,0.09625,0.09618,0.09619,493934.0
1791170820000,0.0962,0.0962,0.09617,0.09618,114524.0
1791170880000,0.09619,0.09622,0.09616,0.09622,63637.0
1791170940000,0.09622,0.09631,0.09622,0.09631,96138.0
1791171000000,0.0963,0.09631,0.09626,0.09628,43972.0
1791171060000,0.09627,0.09632,0.09627,0.09629,207451.0
1791171120000,0.09629,0.0964,0.09629,0.0964,429524.0
1791171180000,0.0964,0.09647,0.09636,0.09646,380904.0
1791171240000,0.09646,0.09646,0.09637,0.09637,1538640.0
1791171300000,0.09637,0.09638,0.09633,0.09633,339761.0
1791171360000,0.09633,0.09633,0.09622,0.09623,1212728.0
1791171420000,0.09622,0.09626,0.09615,0.09622,3417879.0
1791171480000,0.09622,0.09637,0.09621,0.09637,412394.0
1791171540000,0.09638,0.09648,0.09638,0.09644,659023.0
1791171600000,0.09645,0.09649,0.09634,0.09637,199450.0
1791171660000,0.09636,0.09637,0.09631,0.09637,281676.0
1791171720000,0.09638,0.09639,0.09631,0.09631,183131.0
1791171780000,0.09632,0.09637,0.09627,0.09627,216908.0
1791171840000,0.09627,0.09629,0.09625,0.09626,170766.0
1791171900000,0.09626,0.09628,0.09625,0.09626,139608.0
1791171960000,0.09626,0.09626,0.09619,0.09621,1139656.0
1791172020000,0.09622,0.09622,0.09618,0.09619,510199.0
1791172080000,0.09619,0.0962,0.09616,0.09618,247847.0
1791172140000,0.09617,0.09623,0.09617,0.09618,2877443.0
1791172200000,0.09619,0.09619,0.0961,0.0961,1503337.0
1791172260000,0.09609,0.09609,0.09606,0.09607,151766.0
1791172320000,0.09607,0.09607,0.09602,0.09605,256433.0
1791172380000,0.09605,0.09606,0.09602,0.09605,217607.0
1791172440000,0.09604,0.09607,0.0959,0.09607,788051.0
1791172500000,0.09607,0.09611,0.09603,0.09603,529202.0
1791172560000,0.09603,0.09604,0.096,0.09601,259354.0
1791172620000,0.096,0.09602,0.09579,0.0958,253180.0
1791172680000,0.0958,0.096,0.09578,0.0958,708458.0
1791172740000,0.0958,0.09594,0.09575,0.09589,457324.0
1791172800000,0.0959,0.09592,0.09583,0.09583,880824.0
1791172860000,0.09583,0.09594,0.09578,0.09594,619451.0
1791172920000,0.09593,0.096,0.09587,0.09587,474063.0
1791172980000,0.09586,0.09589,0.09578,0.09589,1040282.0
1791173040000,0.09588,0.09588,0.09577,0.09577,205122.0
1791173100000,0.09576,0.09582,0.09572,0.09578,304233.0
1791173160000,0.09577,0.09591,0.09574,0.09591,434652.0
1791173220000,0.0959,0.09594,0.09581,0.09581,32321.0
1791173280000,0.09581,0.09585,0.09566,0.0958,470856.0
1791173340000,0.0958,0.09585,0.09576,0.0958,132762.0
1791173400000,0.0958,0.09582,0.0957,0.09576,267131.0
1791173460000,0.09575,0.0958,0.09573,0.09577,385374.0
1791173520000,0.09577,0.0958,0.09576,0.09579,602461.0
1791173580000,0.0958,0.09584,0.0958,0.0958,414372.0
1791173640000,0.0958,0.09582,0.09575,0.0958,449845.0
1791173700000,0.09581,0.09581,0.09577,0.09581,61987.0
1791173760000,0.0958,0.0958,0.09566,0.09576,315352.0
1791173820000,0.09576,0.09578,0.09555,0.09557,369992.0
1791173880000,0.09558,0.09559,0.09545,0.0955,1389199.0
1791173940000,0.0955,0.09558,0.09549,0.09554,723015.0
1791174000000,0.09554,0.0956,0.09551,0.09552,409035.0
1791174060000,0.09552,0.09553,0.09546,0.09548,103670.0
1791174120000,0.09547,0.09558,0.09539,0.09554,2008728.0
1791174180000,0.09555,0.09566,0.09555,0.09566,112345.0
1791174240000,0.09566,0.0958,0.09564,0.09575,1378515.0
1791174300000,0.09576,0.09593,0.09576,0.09579,755325.0
1791174360000,0.09578,0.0958,0.09566,0.0957,542156.0
1791174420000,0.0957,0.0957,0.09562,0.09562,74259.0
1791174480000,0.09562,0.09565,0.09557,0.09558,277911.0
1791174540000,0.09558,0.09558,0.09552,0.09555,147422.0
1791174600000,0.09555,0.09557,0.09546,0.0955,408370.0
1791174660000,0.09551,0.09555,0.09541,0.09541,513963.0
1791174720000,0.0954,0.0954,0.09479,0.09481,4330081.0
1791174780000,0.09481,0.09508,0.09475,0.09508,1563990.0
1791174840000,0.09508,0.09509,0.09493,0.09493,307340.0
1791174900000,0.09493,0.09495,0.09477,0.09481,654123.0
1791174960000,0.09481,0.09496,0.09479,0.0949,412344.0
1791175020000,0.09489,0.09503,0.09487,0.095,249898.0
1791175080000,0.09501,0.09501,0.09485,0.09486,810728.0
1791175140000,0.09487,0.09491,0.09487,0.0949,2264929.0
1791175200000,0.09491,0.09503,0.0949,0.09498,1103744.0
1791175260000,0.09498,0.0951,0.09493,0.0951,634124.0
1791175320000,0.09509,0.09516,0.09507,0.09512,364703.0
1791175380000,0.09511,0.09518,0.09511,0.09516,215214.0
1791175440000,0.09516,0.09523,0.09516,0.09523,553587.0
1791175500000,0.09523,0.09535,0.09519,0.09534,417065.0
1791175560000,0.09535,0.09535,0.09522,0.09532,162196.0
1791175620000,0.09533,0.09537,0.09533,0.09536,132330.0
1791175680000,0.09536,0.09544,0.09536,0.09544,203545.0
1791175740000,0.09544,0.09547,0.09537,0.09538,523961.0
1791175800000,0.09538,0.09538,0.09518,0.09518,925121.0
1791175860000,0.09518,0.09529,0.09518,0.09527,1121298.0
1791175920000,0.09527,0.09527,0.09506,0.09506,702697.0
1791175980000,0.09506,0.09507,0.09501,0.09504,374054.0
1791176040000,0.09504,0.09512,0.09503,0.09511,159042.0
1791176100000,0.09511,0.0952,0.09511,0.09516,115053.0
1791176160000,0.09516,0.0952,0.09511,0.09518,221452.0
1791176220000,0.09519,0.09525,0.09518,0.09525,169026.0
1791176280000,0.09526,0.09529,0.09523,0.09523,671777.0
1791176340000,0.09523,0.09525,0.0952,0.09522,98432.0
1791176400000,0.09521,0.09525,0.0952,0.09524,191950.0
1791176460000,0.09524,0.09524,0.09517,0.0952,324669.0
1791176520000,0.09521,0.09522,0.09515,0.09515,59201.0
1791176580000,0.09516,0.09524,0.09516,0.09523,657727.0
1791176640000,0.09523,0.09531,0.09521,0.09525,177754.0
1791176700000,0.09526,0.09545,0.09526,0.09542,757463.0
1791176760000,0.09542,0.09542,0.09532,0.09536,209010.0
1791176820000,0.09535,0.09538,0.09535,0.09536,70859.0
1791176880000,0.09535,0.09535,0.09526,0.09533,328914.0
1791176940000,0.09534,0.09541,0.09534,0.09538,99713.0
1791177000000,0.09538,0.09538,0.09529,0.09529,65188.0
1791177060000,0.09529,0.09529,0.09524,0.09525,342203.0
1791177120000,0.09526,0.09531,0.09524,0.09529,302691.0
1791177180000,0.0953,0.09533,0.09528,0.09529,41234.0
1791177240000,0.09528,0.09529,0.0952,0.09521,164606.0
1791177300000,0.09521,0.09521,0.09515,0.09517,74265.0
1791177360000,0.09517,0.0952,0.09515,0.0952,16890.0
