open_time_ms,open,high,low,close,volume
1790877480000,0.3353,0.3354,0.3353,0.3353,19189.6
1790877540000,0.3354,0.3354,0.3353,0.3354,17475.5
1790877600000,0.3353,0.3354,0.3353,0.3354,7045.7
1790877660000,0.3353,0.3354,0.3353,0.3353,10587.5
1790877720000,0.3354,0.3355,0.3354,0.3355,33572.1
1790877780000,0.3354,0.3355,0.3354,0.3354,5120.4
1790877840000,0.3355,0.3355,0.3354,0.3355,11993.2
1790877900000,0.3355,0.3355,0.3352,0.3352,104513.2
1790877960000,0.3353,0.3353,0.3352,0.3352,6611.6
1790878020000,0.3352,0.3353,0.3352,0.3352,50371.2
1790878080000,0.3352,0.3353,0.3352,0.3352,11713.9
1790878140000,0.3352,0.3354,0.3352,0.3354,11557.2
1790878200000,0.3354,0.3354,0.3352,0.3353,13211.9
1790878260000,0.3353,0.3353,0.3352,0.3353,5232.4
1790878320000,0.3352,0.3353,0.3352,0.3352,23059.0
1790878380000,0.3353,0.3353,0.3352,0.3353,11506.8
1790878440000,0.3352,0.3353,0.3352,0.3353,7499.5
1790878500000,0.3353,0.3353,0.3352,0.3353,14103.8
1790878560000,0.3353,0.3353,0.3352,0.3353,8471.9
1790878620000,0.3352,0.3353,0.3352,0.3353,5831.6
1790878680000,0.3353,0.3354,0.3352,0.3354,58283.3
1790878740000,0.3354,0.3354,0.3353,0.3354,19631.5
1790878800000,0.3353,0.3354,0.3353,0.3354,9451.0
1790878860000,0.3354,0.3355,0.3353,0.3355,24275.8
1790878920000,0.3355,0.3356,0.3354,0.3356,9214.5
1790878980000,0.3355,0.3357,0.3355,0.3357,11384.5
1790879040000,0.3356,0.3357,0.3356,0.3356,19193.9
1790879100000,0.3357,0.3357,0.3356,0.3357,5379.9
1790879160000,0.3356,0.3357,0.3356,0.3357,9378.5
1790879220000,0.3356,0.3357,0.3356,0.3357,10919.8
1790879280000,0.3356,0.3357,0.3356,0.3356,17999.8
1790879340000,0.3357,0.3357,0.3356,0.3356,11782.4
1790879400000,0.3356,0.3357,0.3356,0.3357,13076.1
1790879460000,0.3356,0.3357,0.3356,0.3357,5777.3
1790879520000,0.3357,0.3358,0.3356,0.3358,66765.3
1790879580000,0.3357,0.3357,0.3355,0.3355,100753.6
1790879640000,0.3356,0.3356,0.3355,0.3356,55688.5
1790879700000,0.3356,0.3358,0.3356,0.3357,41642.4
1790879760000,0.3358,0.3358,0.3357,0.3357,39389.9
1790879820000,0.3358,0.3358,0.3357,0.3357,55347.3
1790879880000,0.3357,0.3357,0.3356,0.3357,42518.8
1790879940000,0.3357,0.3358,0.3356,0.3358,92145.1
1790880000000,0.3358,0.3358,0.3357,0.3358,5273.1
1790880060000,0.3358,0.3358,0.3357,0.3358,9715.9
1790880120000,0.3357,0.3358,0.3357,0.3358,20172.7
1790880180000,0.3358,0.3358,0.3354,0.3355,69799.6
1790880240000,0.3354,0.3355,0.3354,0.3355,23073.3
1790880300000,0.3355,0.3355,0.3354,0.3355,5204.5
1790880360000,0.3354,0.3355,0.3354,0.3355,5270.7
1790880420000,0.3354,0.3355,0.3354,0.3355,20520.7
1790880480000,0.3354,0.3356,0.3354,0.3355,58236.4
1790880540000,0.3355,0.3356,0.3355,0.3355,17296.7
1790880600000,0.3356,0.3358,0.3355,0.3357,13601.9
1790880660000,0.3357,0.3358,0.3357,0.3358,7292.6
1790880720000,0.3358,0.3358,0.3357,0.3358,9537.0
1790880780000,0.3358,0.3358,0.3357,0.3358,34094.1
1790880840000,0.3358,0.3359,0.3358,0.3359,158538.9
1790880900000,0.3359,0.3359,0.3358,0.3359,7339.8
1790880960000,0.3358,0.3359,0.3358,0.3359,2273.2
1790881020000,0.3358,0.3362,0.3358,0.3362,356397.6
1790881080000,0.3361,0.3362,0.3361,0.3362,7685.8
1790881140000,0.3362,0.3362,0.3361,0.3362,4558.9
1790881200000,0.3362,0.3363,0.3361,0.3361,114100.9
1790881260000,0.3361,0.3362,0.3361,0.3361,10566.0
1790881320000,0.3361,0.3361,0.3359,0.3359,40537.5
1790881380000,0.3359,0.3361,0.3359,0.3361,37236.8
1790881440000,0.3361,0.3362,0.336,0.3362,107399.8
1790881500000,0.3361,0.3362,0.3361,0.3361,3788.2
1790881560000,0.3362,0.3362,0.3361,0.3361,3845.6
1790881620000,0.3362,0.3362,0.3361,0.3362,9040.9
1790881680000,0.3361,0.3362,0.3361,0.3361,84866.0
1790881740000,0.3361,0.3362,0.3361,0.3361,6828.0
1790881800000,0.3361,0.3365,0.3361,0.3364,565150.9
1790881860000,0.3363,0.3364,0.3362,0.3363,19064.2
1790881920000,0.3363,0.3363,0.3361,0.3362,26587.0
1790881980000,0.3362,0.3362,0.336,0.336,8786.9
1790882040000,0.3361,0.3361,0.336,0.336,19440.1
1790882100000,0.336,0.3361,0.336,0.3361,8818.2
1790882160000,0.336,0.3361,0.336,0.3361,14993.6
1790882220000,0.336,0.3361,0.336,0.336,10291.1
1790882280000,0.336,0.3361,0.3359,0.336,117073.1
1790882340000,0.3359,0.336,0.3359,0.3359,9690.8
1790882400000,0.3359,0.336,0.3359,0.3359,11571.3
1790882460000,0.3359,0.3362,0.3359,0.3361,296164.6
1790882520000,0.3362,0.3362,0.3359,0.336,119604.8
1790882580000,0.336,0.3361,0.336,0.3361,43042.5
1790882640000,0.336,0.3361,0.336,0.3361,25639.3
1790882700000,0.3361,0.3361,0.336,0.336,12539.7
1790882760000,0.336,0.3361,0.336,0.3361,11429.3
1790882820000,0.3361,0.3361,0.336,0.336,10529.5
1790882880000,0.336,0.3361,0.3359,0.336,49205.6
1790882940000,0.336,0.336,0.3359,0.336,20121.3
1790883000000,0.3359,0.3361,0.3359,0.3361,29398.3
1790883060000,0.3361,0.3363,0.3361,0.3363,120479.2
1790883120000,0.3363,0.3364,0.3362,0.3363,192800.5
1790883180000,0.3362,0.3363,0.3362,0.3363,42172.3
1790883240000,0.3362,0.3363,0.336,0.336,94405.6
1790883300000,0.3361,0.3361,0.336,0.3361,12892.0
1790883360000,0.336,0.3361,0.336,0.336,42487.1
1790883420000,0.3361,0.3363,0.336,0.3363,157081.3
1790883480000,0.3363,0.3363,0.3361,0.3363,150032.4
1790883540000,0.3362,0.3364,0.3362,0.3363,19219.1
1790883600000,0.3363,0.3364,0.3363,0.3364,5365.1
1790883660000,0.3363,0.3364,0.3361,0.3361,220911.3
1790883720000,0.3361,0.3362,0.336,0.336,22464.1
1790883780000,0.3361,0.3361,0.3359,0.3359,27038.7
1790883840000,0.336,0.3361,0.3359,0.336,78274.8
1790883900000,0.3361,0.3361,0.336,0.3361,9896.7
1790883960000,0.336,0.3361,0.336,0.3361,14902.1
1790884020000,0.3361,0.3361,0.336,0.3361,31218.4
1790884080000,0.336,0.3361,0.336,0.3361,20044.5
1790884140000,0.3361,0.3361,0.336,0.336,20667.7
1790884200000,0.3361,0.3362,0.3361,0.3362,194087.8
1790884260000,0.3362,0.3362,0.3361,0.3361,14216.6
1790884320000,0.3362,0.3362,0.3361,0.3362,9013.1
1790884380000,0.3361,0.3362,0.3361,0.3361,22511.4
1790884440000,0.3361,0.3362,0.3361,0.3362,32352.2
1790884500000,0.3361,0.3362,0.3361,0.3362,5703.5
1790884560000,0.3362,0.3362,0.3361,0.3361,16310.1
1790884620000,0.3361,0.3362,0.3361,0.3361,7249.2
1790884680000,0.3361,0.3362,0.3361,0.3361,4465.9
1790884740000,0.3362,0.3362,0.3361,0.3362,16199.0
1790884800000,0.3361,0.3364,0.3361,0.3363,113298.0
1790884860000,0.3364,0.3364,0.3361,0.3361,150902.8
1790884920000,0.3362,0.3362,0.3361,0.3362,30483.5
1790884980000,0.3362,0.3362,0.3361,0.3361,13450.5
1790885040000,0.3362,0.3362,0.3361,0.3361,12236.8
1790885100000,0.3362,0.3362,0.3361,0.3362,27992.9
1790885160000,0.3361,0.3362,0.3361,0.3362,17207.4
1790885220000,0.3362,0.3362,0.3361,0.3362,4231.8
1790885280000,0.3361,0.3362,0.3361,0.3362,6449.8
1790885340000,0.3362,0.3362,0.3361,0.3361,34410.3
1790885400000,0.3362,0.3362,0.3361,0.3361,5924.2
1790885460000,0.3361,0.3362,0.3358,0.3358,265900.7
1790885520000,0.3359,0.3359,0.3357,0.3357,248734.8
1790885580000,0.3357,0.3358,0.3357,0.3357,9166.9
1790885640000,0.3357,0.336,0.3357,0.336,26314.0
1790885700000,0.3359,0.336,0.3359,0.336,20723.6
1790885760000,0.336,0.336,0.3359,0.3359,22612.4
1790885820000,0.336,0.336,0.3359,0.3359,9571.3
1790885880000,0.3359,0.3359,0.3357,0.3357,143901.1
1790885940000,0.3357,0.3358,0.3357,0.3357,13140.7
1790886000000,0.3357,0.3358,0.3357,0.3357,12357.5
1790886060000,0.3357,0.3358,0.3357,0.3357,8109.2
1790886120000,0.3357,0.3358,0.3357,0.3357,8588.9
1790886180000,0.3357,0.3358,0.3357,0.3357,7797.2
1790886240000,0.3357,0.3358,0.3356,0.3356,21504.5
1790886300000,0.3356,0.3357,0.3356,0.3356,3981.4
1790886360000,0.3356,0.3357,0.3356,0.3356,11009.5
1790886420000,0.3356,0.3357,0.3356,0.3356,5285.5
1790886480000,0.3357,0.3357,0.3356,0.3357,136607.2
1790886540000,0.3356,0.3357,0.3356,0.3356,8692.3
1790886600000,0.3357,0.3357,0.3356,0.3356,10679.4
1790886660000,0.3357,0.3358,0.3356,0.3357,5642.7
1790886720000,0.3358,0.3358,0.3357,0.3358,2689.0
1790886780000,0.3357,0.3358,0.3356,0.3357,39262.1
1790886840000,0.3357,0.3357,0.3356,0.3357,5979.7
1790886900000,0.3357,0.3357,0.3356,0.3357,58795.6
1790886960000,0.3356,0.3357,0.3356,0.3356,15784.7
1790887020000,0.3356,0.3357,0.3356,0.3357,4532.2
1790887080000,0.3356,0.3357,0.3356,0.3357,7190.4
1790887140000,0.3357,0.3357,0.3356,0.3356,10833.1
1790887200000,0.3356,0.3357,0.3356,0.3357,8399.0
1790887260000,0.3357,0.3357,0.3356,0.3357,38455.9
1790887320000,0.3357,0.3357,0.3356,0.3356,4366.1
1790887380000,0.3357,0.3357,0.3356,0.3356,6464.1
1790887440000,0.3357,0.3357,0.3356,0.3357,6203.4
1790887500000,0.3357,0.3357,0.3356,0.3356,5004.8
1790887560000,0.3357,0.336,0.3357,0.3359,71998.2
1790887620000,0.336,0.336,0.3359,0.336,23799.6
1790887680000,0.3359,0.336,0.3359,0.3359,9240.0
1790887740000,0.336,0.336,0.3359,0.3359,5345.2
1790887800000,0.336,0.336,0.3358,0.3359,56493.1
1790887860000,0.3359,0.3359,0.3358,0.3358,18392.4
1790887920000,0.3359,0.3359,0.3356,0.3357,46445.3
1790887980000,0.3356,0.3357,0.3355,0.3356,21351.3
1790888040000,0.3356,0.3356,0.3355,0.3355,5381.7
1790888100000,0.3355,0.3356,0.3355,0.3355,18721.6
1790888160000,0.3356,0.3356,0.3355,0.3355,13187.3
1790888220000,0.3355,0.3356,0.3354,0.3355,30920.5
1790888280000,0.3355,0.3355,0.3354,0.3355,8935.5
1790888340000,0.3355,0.3355,0.3354,0.3355,3847.9
1790888400000,0.3355,0.3355,0.3354,0.3355,11080.3
1790888460000,0.3355,0.3355,0.3354,0.3355,5334.2
1790888520000,0.3354,0.3355,0.3354,0.3354,7059.9
1790888580000,0.3354,0.3356,0.3354,0.3355,40790.5
1790888640000,0.3356,0.3356,0.3355,0.3356,3282.4
1790888700000,0.3356,0.3356,0.3355,0.3356,1437.2
1790888760000,0.3356,0.3356,0.3355,0.3356,8093.7
1790888820000,0.3356,0.3356,0.3355,0.3356,12016.9
1790888880000,0.3356,0.3356,0.3355,0.3355,25922.0
1790888940000,0.3356,0.3356,0.3355,0.3356,116650.6
1790889000000,0.3355,0.3355,0.3354,0.3355,28211.6
1790889060000,0.3354,0.3355,0.3354,0.3354,36146.2
1790889120000,0.3355,0.3355,0.3354,0.3354,22024.8
1790889180000,0.3355,0.3355,0.3354,0.3355,12237.1
1790889240000,0.3354,0.3355,0.3354,0.3354,12244.2
1790889300000,0.3354,0.3355,0.3354,0.3354,13956.7
1790889360000,0.3354,0.3355,0.3354,0.3355,7870.0
1790889420000,0.3354,0.3355,0.3354,0.3355,5300.1
1790889480000,0.3354,0.3355,0.3354,0.3355,16507.6
1790889540000,0.3354,0.3355,0.3354,0.3354,3461.4
1790889600000,0.3355,0.3356,0.3354,0.3356,43166.2
1790889660000,0.3355,0.3356,0.3355,0.3356,9824.0
1790889720000,0.3355,0.3356,0.3355,0.3356,4222.2
1790889780000,0.3356,0.3356,0.3355,0.3356,10724.3
1790889840000,0.3356,0.3356,0.3354,0.3355,46119.6
1790889900000,0.3354,0.3355,0.3354,0.3354,9342.9
1790889960000,0.3355,0.3355,0.3354,0.3355,13012.8
1790890020000,0.3354,0.3355,0.3354,0.3355,9499.7
1790890080000,0.3355,0.3355,0.3354,0.3354,8934.5
1790890140000,0.3355,0.3355,0.3354,0.3354,18521.6
1790890200000,0.3355,0.3355,0.3354,0.3355,15119.2
1790890260000,0.3354,0.3355,0.3354,0.3354,6690.4
1790890320000,0.3355,0.3355,0.3354,0.3354,7901.7
1790890380000,0.3355,0.3355,0.3354,0.3355,8573.2
1790890440000,0.3354,0.3355,0.3354,0.3354,56057.3
1790890500000,0.3354,0.3355,0.3354,0.3355,75229.7
1790890560000,0.3354,0.3355,0.3353,0.3354,138168.1
1790890620000,0.3355,0.3355,0.3354,0.3355,13307.8
1790890680000,0.3354,0.3355,0.3354,0.3354,14964.2
1790890740000,0.3354,0.3355,0.3354,0.3354,6197.6
1790890800000,0.3355,0.3355,0.3354,0.3355,25980.0
1790890860000,0.3354,0.3355,0.3354,0.3355,3599.9
1790890920000,0.3354,0.3355,0.3354,0.3354,16913.4
1790890980000,0.3354,0.3354,0.3353,0.3353,80724.0
1790891040000,0.3353,0.3354,0.3353,0.3353,10537.5
1790891100000,0.3353,0.3354,0.3353,0.3353,16736.3
1790891160000,0.3353,0.3354,0.3353,0.3353,3130.8
1790891220000,0.3353,0.3354,0.3353,0.3354,3088.3
1790891280000,0.3353,0.3354,0.3353,0.3353,9912.8
1790891340000,0.3353,0.3354,0.3353,0.3354,4475.4
1790891400000,0.3354,0.3354,0.3353,0.3354,22445.3
1790891460000,0.3353,0.3354,0.3353,0.3354,25872.0
1790891520000,0.3353,0.3354,0.3353,0.3353,8691.1
1790891580000,0.3353,0.3354,0.3353,0.3353,7376.6
1790891640000,0.3353,0.3354,0.3353,0.3353,16701.8
1790891700000,0.3353,0.3354,0.3353,0.3354,25403.3
1790891760000,0.3353,0.3354,0.3353,0.3354,4187.4
1790891820000,0.3353,0.3354,0.3353,0.3353,9686.7
1790891880000,0.3354,0.3354,0.3353,0.3354,70816.7
1790891940000,0.3353,0.3354,0.3353,0.3353,7241.6
1790892000000,0.3353,0.3354,0.3353,0.3353,6810.5
1790892060000,0.3354,0.3355,0.3353,0.3354,54989.3
1790892120000,0.3354,0.3355,0.3354,0.3355,7696.4
1790892180000,0.3354,0.3355,0.3354,0.3355,19720.6
1790892240000,0.3354,0.3355,0.3354,0.3355,9738.9
1790892300000,0.3354,0.3355,0.3354,0.3354,33822.7
1790892360000,0.3354,0.3355,0.3354,0.3354,7540.2
1790892420000,0.3354,0.3355,0.3354,0.3355,11051.2
1790892480000,0.3354,0.3354,0.3353,0.3354,50173.4
1790892540000,0.3353,0.3354,0.3353,0.3353,9062.2
1790892600000,0.3353,0.3354,0.3353,0.3353,72117.2
1790892660000,0.3354,0.3354,0.3353,0.3353,3751.2
1790892720000,0.3354,0.3354,0.3352,0.3352,400869.5
1790892780000,0.3352,0.3353,0.3352,0.3352,13190.2
1790892840000,0.3352,0.3353,0.3352,0.3352,9847.1
1790892900000,0.3352,0.3353,0.3352,0.3352,14401.7
1790892960000,0.3352,0.3354,0.3352,0.3353,100467.7
1790893020000,0.3353,0.3354,0.3353,0.3353,13674.6
1790893080000,0.3354,0.3354,0.3353,0.3353,15720.1
1790893140000,0.3353,0.3353,0.3352,0.3352,44700.7
1790893200000,0.3353,0.3353,0.3352,0.3352,6775.5
1790893260000,0.3352,0.3353,0.3352,0.3352,11688.1
1790893320000,0.3352,0.3353,0.3352,0.3352,10096.5
1790893380000,0.3352,0.3353,0.3352,0.3352,9199.7
1790893440000,0.3352,0.3353,0.3352,0.3352,7122.7
1790893500000,0.3352,0.3353,0.3352,0.3352,3927.3
1790893560000,0.3353,0.3353,0.3352,0.3353,5232.6
1790893620000,0.3352,0.3353,0.3352,0.3352,6182.3
1790893680000,0.3353,0.3353,0.3352,0.3352,7416.7
1790893740000,0.3353,0.3353,0.3352,0.3353,5707.0
1790893800000,0.3352,0.3353,0.3352,0.3353,24269.5
1790893860000,0.3352,0.3353,0.3352,0.3353,2363.3
1790893920000,0.3352,0.3353,0.3352,0.3353,12700.1
1790893980000,0.3352,0.3353,0.3352,0.3352,8760.6
1790894040000,0.3352,0.3353,0.3352,0.3353,5663.5
1790894100000,0.3352,0.3353,0.3352,0.3353,18961.4
1790894160000,0.3352,0.3354,0.3352,0.3353,119258.6
1790894220000,0.3353,0.3354,0.3352,0.3353,22398.0
1790894280000,0.3353,0.3353,0.3352,0.3353,20415.8
1790894340000,0.3352,0.3353,0.3352,0.3352,283041.4
1790894400000,0.3352,0.3353,0.3352,0.3352,131249.7
1790894460000,0.3353,0.3353,0.3352,0.3352,21425.3
1790894520000,0.3352,0.3353,0.3352,0.3352,11531.6
1790894580000,0.3352,0.3353,0.3352,0.3352,38151.8
1790894640000,0.3353,0.3353,0.3351,0.3352,78410.1
1790894700000,0.3351,0.3352,0.3351,0.3352,38915.7
1790894760000,0.3351,0.3352,0.3351,0.3351,5443.3
1790894820000,0.3351,0.3352,0.3351,0.3351,8618.0
1790894880000,0.3351,0.3352,0.3351,0.3351,3735.4
1790894940000,0.3352,0.3352,0.3351,0.3351,24227.3
1790895000000,0.3351,0.3352,0.3351,0.3351,12046.0
1790895060000,0.3351,0.3352,0.3351,0.3351,4323.0
1790895120000,0.3351,0.3352,0.3351,0.3351,9127.0
1790895180000,0.3351,0.3352,0.3351,0.3352,4968.6
1790895240000,0.3351,0.3352,0.3351,0.3352,9948.1
1790895300000,0.3352,0.3352,0.3351,0.3352,6148.8
1790895360000,0.3352,0.3352,0.3351,0.3352,5357.1
1790895420000,0.3351,0.3352,0.3351,0.3352,4250.9
1790895480000,0.3351,0.3352,0.3351,0.3352,10966.3
1790895540000,0.3352,0.3352,0.3351,0.3352,9687.9
1790895600000,0.3351,0.3351,0.335,0.335,387176.2
1790895660000,0.335,0.3351,0.335,0.3351,13834.5
1790895720000,0.335,0.3351,0.335,0.3351,22120.0
1790895780000,0.335,0.3351,0.335,0.335,13054.2
1790895840000,0.335,0.3351,0.335,0.335,5611.4
1790895900000,0.335,0.3351,0.335,0.335,11440.1
1790895960000,0.335,0.3351,0.335,0.335,67575.5
1790896020000,0.335,0.3351,0.335,0.335,15531.4
1790896080000,0.335,0.3351,0.335,0.3351,15084.4
1790896140000,0.335,0.3351,0.335,0.335,4922.3
1790896200000,0.335,0.3351,0.335,0.335,19670.5
1790896260000,0.335,0.3351,0.335,0.3351,19519.1
1790896320000,0.3351,0.3351,0.335,0.3351,6225.9
1790896380000,0.3351,0.3351,0.335,0.335,6599.7
1790896440000,0.335,0.3351,0.335,0.335,8226.3
1790896500000,0.335,0.3351,0.335,0.3351,9700.0
1790896560000,0.335,0.3351,0.335,0.335,17106.6
1790896620000,0.335,0.3351,0.335,0.3351,3255.4
1790896680000,0.335,0.3351,0.335,0.335,7199.2
1790896740000,0.335,0.3351,0.335,0.3351,3180.2
1790896800000,0.3351,0.3351,0.335,0.335,8938.1
1790896860000,0.335,0.3351,0.335,0.335,21454.2
1790896920000,0.335,0.3351,0.335,0.335,2257.7
1790896980000,0.335,0.3351,0.335,0.335,4995.7
1790897040000,0.335,0.3351,0.335,0.3351,15805.2
1790897100000,0.335,0.3351,0.335,0.3351,7858.4
1790897160000,0.3351,0.3351,0.335,0.3351,9223.3
1790897220000,0.335,0.3351,0.335,0.335,8280.6
1790897280000,0.335,0.3351,0.335,0.335,2980.4
1790897340000,0.335,0.3351,0.335,0.335,3926.7
1790897400000,0.335,0.3351,0.335,0.335,2748.0
1790897460000,0.335,0.3351,0.335,0.335,4533.1
1790897520000,0.335,0.3351,0.335,0.335,5726.2
1790897580000,0.335,0.3351,0.335,0.335,9991.4
1790897640000,0.335,0.3351,0.335,0.335,200667.5
1790897700000,0.335,0.3351,0.3349,0.3349,251769.5
1790897760000,0.3349,0.335,0.3349,0.3349,23183.7
1790897820000,0.3349,0.335,0.3349,0.3349,23397.3
1790897880000,0.335,0.335,0.3349,0.335,2929.5
1790897940000,0.3349,0.335,0.3349,0.3349,11583.7
1790898000000,0.3349,0.335,0.3349,0.335,3604.2
1790898060000,0.3349,0.335,0.3349,0.3349,5382.1
1790898120000,0.335,0.335,0.3349,0.3349,9236.1
1790898180000,0.335,0.335,0.3349,0.3349,8004.1
1790898240000,0.3349,0.335,0.3349,0.335,35078.2
1790898300000,0.3349,0.335,0.3349,0.3349,6435.8
1790898360000,0.3349,0.3349,0.3349,0.3349,3420.6
1790898420000,0.3349,0.335,0.3349,0.335,8545.4
1790898480000,0.3349,0.335,0.3349,0.3349,17232.2
1790898540000,0.335,0.335,0.3349,0.3349,3599.9
1790898600000,0.335,0.335,0.3349,0.3349,44601.6
1790898660000,0.3349,0.335,0.3349,0.335,11453.7
1790898720000,0.335,0.335,0.3349,0.3349,18068.7
1790898780000,0.3349,0.335,0.3349,0.335,14817.9
1790898840000,0.3349,0.335,0.3349,0.335,289362.0
1790898900000,0.335,0.335,0.3349,0.3349,16608.8
1790898960000,0.335,0.335,0.3349,0.3349,53642.8
1790899020000,0.335,0.335,0.3349,0.3349,121570.4
1790899080000,0.335,0.335,0.3349,0.335,8448.3
1790899140000,0.3349,0.335,0.3348,0.3348,544726.0
1790899200000,0.3348,0.3349,0.3348,0.3348,199154.8
1790899260000,0.3348,0.3348,0.3347,0.3347,36383.6
1790899320000,0.3348,0.3348,0.3347,0.3347,120459.3
1790899380000,0.3347,0.3347,0.3345,0.3345,334436.5
1790899440000,0.3345,0.3346,0.3344,0.3344,250844.8
1790899500000,0.3345,0.3345,0.3344,0.3344,92903.8
1790899560000,0.3345,0.3345,0.3344,0.3344,15942.7
1790899620000,0.3344,0.3345,0.3344,0.3345,30843.4
1790899680000,0.3344,0.3345,0.3344,0.3345,70553.0
1790899740000,0.3344,0.3345,0.3344,0.3344,54224.1
1790899800000,0.3344,0.3345,0.3344,0.3345,81496.1
1790899860000,0.3344,0.3345,0.3344,0.3344,95052.4
1790899920000,0.3344,0.3345,0.3344,0.3344,39574.6
1790899980000,0.3344,0.3345,0.3343,0.3343,105494.5
1790900040000,0.3343,0.3344,0.3343,0.3343,21026.0
1790900100000,0.3344,0.3344,0.3343,0.3344,78141.4
1790900160000,0.3344,0.3344,0.3343,0.3344,19952.4
1790900220000,0.3344,0.3346,0.3343,0.3345,153319.9
1790900280000,0.3344,0.3345,0.3343,0.3343,47093.0
1790900340000,0.3344,0.3344,0.3343,0.3344,18352.7
1790900400000,0.3343,0.3344,0.3343,0.3344,36564.4
1790900460000,0.3343,0.3344,0.3343,0.3343,11142.8
1790900520000,0.3343,0.3344,0.3343,0.3344,6771.5
1790900580000,0.3344,0.3344,0.3343,0.3343,30368.8
1790900640000,0.3343,0.3344,0.3343,0.3344,13126.8
1790900700000,0.3344,0.3344,0.3343,0.3343,17472.2
1790900760000,0.3344,0.3344,0.3343,0.3343,50311.4
1790900820000,0.3343,0.3344,0.3343,0.3343,93155.6
1790900880000,0.3344,0.3344,0.3343,0.3343,27923.8
1790900940000,0.3344,0.3344,0.3343,0.3344,41536.3
1790901000000,0.3343,0.3344,0.3343,0.3343,96492.1
1790901060000,0.3343,0.3344,0.3343,0.3343,131718.8
1790901120000,0.3343,0.3346,0.3343,0.3346,139883.6
1790901180000,0.3345,0.3346,0.3343,0.3344,93678.9
1790901240000,0.3344,0.3345,0.3344,0.3345,4835.0
1790901300000,0.3345,0.3346,0.3344,0.3346,6183.4
1790901360000,0.3345,0.3346,0.3345,0.3346,11284.7
1790901420000,0.3346,0.3346,0.3345,0.3345,5620.3
1790901480000,0.3345,0.3346,0.3345,0.3345,7278.1
1790901540000,0.3345,0.3346,0.3344,0.3344,35202.0
1790901600000,0.3345,0.3345,0.3344,0.3344,7731.2
1790901660000,0.3344,0.3345,0.3344,0.3345,3888.8
1790901720000,0.3345,0.3345,0.3344,0.3344,3998.6
1790901780000,0.3344,0.3345,0.3344,0.3345,7577.8
1790901840000,0.3344,0.3345,0.3344,0.3344,3779.5
1790901900000,0.3344,0.3345,0.3344,0.3345,5758.9
1790901960000,0.3344,0.3345,0.3344,0.3345,2481.1
1790902020000,0.3345,0.3345,0.3344,0.3345,6491.6
1790902080000,0.3344,0.3345,0.3344,0.3344,12102.3
1790902140000,0.3345,0.3345,0.3344,0.3345,5227.9
1790902200000,0.3344,0.3345,0.3344,0.3344,10952.4
1790902260000,0.3344,0.3345,0.3344,0.3344,6423.7
1790902320000,0.3345,0.3345,0.3344,0.3345,5319.6
1790902380000,0.3345,0.3345,0.3344,0.3345,1523.4
1790902440000,0.3344,0.3345,0.3344,0.3344,7154.6
1790902500000,0.3344,0.3345,0.3343,0.3343,27203.2
1790902560000,0.3344,0.3344,0.3343,0.3343,53400.3
1790902620000,0.3343,0.3344,0.3343,0.3343,17785.3
1790902680000,0.3344,0.3344,0.3343,0.3343,4226.1
1790902740000,0.3344,0.3344,0.3343,0.3343,5222.2
1790902800000,0.3343,0.3344,0.3343,0.3343,17857.7
1790902860000,0.3343,0.3344,0.3343,0.3344,5677.2
1790902920000,0.3343,0.3344,0.3343,0.3344,5869.2
1790902980000,0.3343,0.3344,0.3343,0.3344,27773.4
1790903040000,0.3344,0.3344,0.3343,0.3343,5500.2
1790903100000,0.3344,0.3344,0.3343,0.3343,8556.9
1790903160000,0.3343,0.3344,0.3343,0.3343,7356.5
1790903220000,0.3344,0.3344,0.3343,0.3343,8792.7
1790903280000,0.3344,0.3344,0.3343,0.3344,6666.2
1790903340000,0.3343,0.3344,0.3343,0.3344,14735.9
1790903400000,0.3343,0.3344,0.3343,0.3344,13788.7
1790903460000,0.3343,0.3344,0.3343,0.3343,5936.3
1790903520000,0.3344,0.3344,0.3343,0.3343,6483.6
1790903580000,0.3343,0.3344,0.3343,0.3344,51900.7
1790903640000,0.3343,0.3344,0.3343,0.3344,2772.5
1790903700000,0.3344,0.3344,0.3343,0.3343,5158.2
1790903760000,0.3344,0.3344,0.3343,0.3343,2994.6
1790903820000,0.3344,0.3344,0.3343,0.3343,7158.0
1790903880000,0.3343,0.3344,0.3343,0.3344,3514.8
1790903940000,0.3343,0.3344,0.3343,0.3343,25304.1
1790904000000,0.3344,0.3344,0.3343,0.3344,11312.4
1790904060000,0.3343,0.3343,0.3342,0.3342,42936.5
1790904120000,0.3342,0.3343,0.3342,0.3342,11092.4
1790904180000,0.3343,0.3343,0.3342,0.3343,3807.2
1790904240000,0.3342,0.3345,0.3342,0.3345,50837.9
1790904300000,0.3345,0.3346,0.3344,0.3345,59488.9
1790904360000,0.3345,0.3345,0.3343,0.3343,11871.5
1790904420000,0.3343,0.3344,0.3343,0.3343,4055.4
1790904480000,0.3344,0.3344,0.3343,0.3343,3075.7
1790904540000,0.3344,0.3344,0.3343,0.3343,5228.7
1790904600000,0.3343,0.3344,0.3343,0.3344,10541.8
1790904660000,0.3344,0.3344,0.3343,0.3343,9248.0
1790904720000,0.3343,0.3344,0.3343,0.3344,6301.0
1790904780000,0.3343,0.3344,0.3343,0.3344,15064.9
1790904840000,0.3344,0.3344,0.3343,0.3343,9473.3
1790904900000,0.3344,0.3344,0.3343,0.3344,3664.2
1790904960000,0.3343,0.3344,0.3343,0.3343,23448.4
1790905020000,0.3344,0.3344,0.3343,0.3343,8149.5
1790905080000,0.3343,0.3344,0.3343,0.3343,3871.6
1790905140000,0.3343,0.3344,0.3343,0.3343,8344.3
1790905200000,0.3343,0.3344,0.3343,0.3343,2547.6
1790905260000,0.3344,0.3344,0.3343,0.3344,3655.2
1790905320000,0.3343,0.3344,0.3343,0.3344,39748.0
1790905380000,0.3344,0.3344,0.3343,0.3343,5012.7
1790905440000,0.3343,0.3344,0.3343,0.3344,6086.4
1790905500000,0.3344,0.3344,0.3343,0.3343,3248.6
1790905560000,0.3344,0.3345,0.3344,0.3345,38835.6
1790905620000,0.3345,0.3345,0.3344,0.3344,5674.5
1790905680000,0.3344,0.3345,0.3344,0.3344,3533.2
1790905740000,0.3344,0.3345,0.3344,0.3345,3519.8
1790905800000,0.3345,0.3345,0.3344,0.3344,24900.2
1790905860000,0.3345,0.3345,0.3344,0.3345,19494.9
1790905920000,0.3345,0.3345,0.3344,0.3345,5551.7
1790905980000,0.3345,0.3346,0.3344,0.3345,117087.9
1790906040000,0.3346,0.3346,0.3345,0.3345,18970.0
1790906100000,0.3346,0.3346,0.3345,0.3346,6741.9
1790906160000,0.3346,0.3346,0.3345,0.3346,23130.8
1790906220000,0.3345,0.3346,0.3345,0.3345,10596.6
1790906280000,0.3346,0.3346,0.3345,0.3346,6570.9
1790906340000,0.3346,0.3346,0.3345,0.3345,15554.4
1790906400000,0.3345,0.3346,0.3345,0.3345,60310.6
1790906460000,0.3345,0.3346,0.3345,0.3346,16807.6
1790906520000,0.3346,0.3346,0.3345,0.3345,17091.5
1790906580000,0.3345,0.3345,0.3344,0.3345,14325.4
1790906640000,0.3345,0.3345,0.3344,0.3344,4566.4
1790906700000,0.3344,0.3345,0.3344,0.3345,26609.9
1790906760000,0.3344,0.3345,0.3344,0.3344,32442.9
1790906820000,0.3345,0.3345,0.3344,0.3344,6826.1
1790906880000,0.3344,0.3345,0.3344,0.3345,30512.6
1790906940000,0.3345,0.3346,0.3344,0.3345,50487.9
1790907000000,0.3345,0.3346,0.3345,0.3345,9737.0
1790907060000,0.3345,0.3345,0.3344,0.3344,13829.0
1790907120000,0.3344,0.3345,0.3344,0.3344,3990.6
1790907180000,0.3345,0.3345,0.3344,0.3344,19187.9
1790907240000,0.3345,0.3345,0.3344,0.3345,8178.1
1790907300000,0.3344,0.3346,0.3344,0.3345,76275.4
1790907360000,0.3345,0.3346,0.3345,0.3346,8127.8
1790907420000,0.3346,0.3346,0.3345,0.3346,6442.7
1790907480000,0.3345,0.3346,0.3345,0.3346,37247.4
1790907540000,0.3346,0.3346,0.3345,0.3345,2174.3
1790907600000,0.3346,0.3346,0.3345,0.3346,3026.9
1790907660000,0.3346,0.3346,0.3345,0.3346,4491.1
1790907720000,0.3345,0.3346,0.3345,0.3346,16711.3
1790907780000,0.3346,0.3346,0.3345,0.3346,3154.1
1790907840000,0.3345,0.3346,0.3345,0.3345,4709.5
1790907900000,0.3346,0.3346,0.3345,0.3346,13926.3
1790907960000,0.3346,0.3347,0.3345,0.3347,292992.1
1790908020000,0.3347,0.3347,0.3346,0.3346,6445.3
1790908080000,0.3346,0.3347,0.3345,0.3345,42971.5
1790908140000,0.3346,0.3346,0.3345,0.3345,15151.1
1790908200000,0.3345,0.3346,0.3345,0.3345,4076.0
1790908260000,0.3346,0.3346,0.3345,0.3346,2302.9
1790908320000,0.3345,0.3346,0.3345,0.3346,18825.9
1790908380000,0.3345,0.3346,0.3345,0.3346,42086.6
1790908440000,0.3346,0.3346,0.3345,0.3346,4934.1
1790908500000,0.3345,0.3346,0.3345,0.3345,4834.0
1790908560000,0.3345,0.3346,0.3345,0.3345,3523.4
1790908620000,0.3346,0.3346,0.3345,0.3346,3056.4
1790908680000,0.3345,0.3346,0.3345,0.3346,3936.0
1790908740000,0.3346,0.3346,0.3345,0.3346,4404.4
1790908800000,0.3346,0.3346,0.3344,0.3345,25560.2
1790908860000,0.3344,0.3345,0.3344,0.3345,5196.6
1790908920000,0.3344,0.3345,0.3344,0.3345,4628.4
1790908980000,0.3345,0.3345,0.3344,0.3344,2286.7
1790909040000,0.3345,0.3345,0.3344,0.3344,24995.6
1790909100000,0.3344,0.3345,0.3344,0.3345,2325.6
1790909160000,0.3345,0.3345,0.3344,0.3344,19928.2
1790909220000,0.3344,0.3345,0.3344,0.3345,12351.8
1790909280000,0.3345,0.3345,0.3344,0.3345,13975.2
1790909340000,0.3344,0.3345,0.3344,0.3344,23300.6
1790909400000,0.3344,0.3345,0.3344,0.3345,10844.5
1790909460000,0.3344,0.3345,0.3344,0.3344,7347.5
1790909520000,0.3345,0.3345,0.3344,0.3345,16944.2
1790909580000,0.3345,0.3345,0.3344,0.3345,7115.2
1790909640000,0.3344,0.3345,0.3344,0.3344,19886.4
1790909700000,0.3345,0.3346,0.3345,0.3345,76773.5
1790909760000,0.3346,0.3346,0.3345,0.3346,5724.9
1790909820000,0.3345,0.3346,0.3345,0.3345,4675.7
1790909880000,0.3346,0.3346,0.3345,0.3346,8149.7
1790909940000,0.3346,0.3346,0.3345,0.3346,143735.4
1790910000000,0.3345,0.3346,0.3345,0.3346,5870.9
1790910060000,0.3346,0.3347,0.3345,0.3347,104931.3
1790910120000,0.3347,0.3347,0.3346,0.3347,26660.0
1790910180000,0.3346,0.3347,0.3345,0.3345,226714.3
1790910240000,0.3346,0.3346,0.3345,0.3345,17481.0
1790910300000,0.3346,0.3347,0.3346,0.3347,60201.9
1790910360000,0.3346,0.3347,0.3345,0.3346,219115.9
1790910420000,0.3346,0.3346,0.3345,0.3346,18792.8
1790910480000,0.3345,0.3346,0.3345,0.3346,5102.6
1790910540000,0.3346,0.3346,0.3345,0.3346,8300.4
1790910600000,0.3346,0.3346,0.3345,0.3346,3395.8
1790910660000,0.3346,0.3346,0.3345,0.3346,9022.2
1790910720000,0.3345,0.3346,0.3345,0.3346,4291.8
1790910780000,0.3346,0.3347,0.3345,0.3347,29570.4
1790910840000,0.3346,0.3347,0.3346,0.3347,1949.5
1790910900000,0.3347,0.3347,0.3346,0.3347,12965.4
1790910960000,0.3347,0.3347,0.3346,0.3346,8892.7
1790911020000,0.3347,0.3347,0.3345,0.3346,125293.0
1790911080000,0.3345,0.3345,0.3344,0.3344,8100.9
1790911140000,0.3345,0.3345,0.3344,0.3345,5553.2
1790911200000,0.3344,0.3345,0.3344,0.3344,9152.8
1790911260000,0.3345,0.3346,0.3344,0.3346,79221.6
1790911320000,0.3345,0.3346,0.3345,0.3346,11562.8
1790911380000,0.3345,0.3346,0.3344,0.3345,17216.4
1790911440000,0.3345,0.3345,0.3344,0.3345,6522.7
1790911500000,0.3345,0.3345,0.3344,0.3345,4577.7
1790911560000,0.3344,0.3345,0.3344,0.3344,9484.3
1790911620000,0.3345,0.3345,0.3344,0.3345,10464.2
1790911680000,0.3344,0.3345,0.3344,0.3345,3092.3
1790911740000,0.3344,0.3345,0.3344,0.3345,13417.9
1790911800000,0.3345,0.3346,0.3344,0.3345,7925.8
1790911860000,0.3345,0.3346,0.3345,0.3346,10910.4
1790911920000,0.3345,0.3346,0.3345,0.3345,9196.5
1790911980000,0.3346,0.3346,0.3345,0.3346,6214.9
1790912040000,0.3345,0.3346,0.3345,0.3345,16107.1
1790912100000,0.3345,0.3346,0.3345,0.3346,4139.4
1790912160000,0.3346,0.3346,0.3345,0.3346,9881.8
1790912220000,0.3346,0.3346,0.3345,0.3345,6267.5
1790912280000,0.3345,0.3346,0.3345,0.3345,11120.1
1790912340000,0.3345,0.3346,0.3345,0.3346,3607.3
1790912400000,0.3346,0.3347,0.3345,0.3346,39589.3
1790912460000,0.3346,0.3347,0.3346,0.3346,6594.7
1790912520000,0.3346,0.3346,0.3345,0.3346,9472.6
1790912580000,0.3346,0.3346,0.3345,0.3346,6241.4
1790912640000,0.3345,0.3346,0.3345,0.3345,12318.2
1790912700000,0.3346,0.3346,0.3345,0.3346,17098.8
1790912760000,0.3345,0.3346,0.3345,0.3345,10040.6
1790912820000,0.3345,0.3346,0.3345,0.3346,29331.4
1790912880000,0.3346,0.3346,0.3345,0.3346,4854.3
1790912940000,0.3345,0.3346,0.3345,0.3346,4546.4
1790913000000,0.3345,0.3346,0.3345,0.3346,4517.4
1790913060000,0.3345,0.3346,0.3345,0.3345,22018.3
1790913120000,0.3345,0.3346,0.3345,0.3346,32229.4
1790913180000,0.3346,0.3346,0.3345,0.3346,10412.9
1790913240000,0.3346,0.3346,0.3345,0.3346,17254.7
1790913300000,0.3345,0.3346,0.3345,0.3346,23931.1
1790913360000,0.3345,0.3346,0.3345,0.3345,18703.7
1790913420000,0.3345,0.3346,0.3345,0.3345,5197.6
1790913480000,0.3346,0.3346,0.3345,0.3346,6348.3
1790913540000,0.3345,0.3346,0.3345,0.3345,6196.3
1790913600000,0.3346,0.3346,0.3345,0.3346,72356.7
1790913660000,0.3346,0.3347,0.3346,0.3346,48491.0
1790913720000,0.3346,0.3347,0.3345,0.3346,18362.7
1790913780000,0.3346,0.3346,0.3345,0.3346,32398.6
1790913840000,0.3346,0.3346,0.3344,0.3344,49925.3
1790913900000,0.3344,0.3345,0.3344,0.3344,13185.2
1790913960000,0.3345,0.3345,0.3344,0.3345,10025.9
1790914020000,0.3344,0.3345,0.3344,0.3345,6726.4
1790914080000,0.3345,0.3345,0.3344,0.3345,3975.9
1790914140000,0.3345,0.3345,0.3344,0.3344,12842.5
1790914200000,0.3344,0.3345,0.3344,0.3345,2799.0
1790914260000,0.3344,0.3345,0.3344,0.3345,28578.1
1790914320000,0.3345,0.3345,0.3344,0.3344,6421.3
1790914380000,0.3344,0.3345,0.3344,0.3345,10036.0
1790914440000,0.3344,0.3345,0.3344,0.3344,9823.4
1790914500000,0.3345,0.3345,0.3344,0.3345,15849.3
1790914560000,0.3344,0.3346,0.3344,0.3345,58026.9
1790914620000,0.3346,0.3346,0.3345,0.3346,5769.3
1790914680000,0.3346,0.3346,0.3345,0.3346,28378.6
1790914740000,0.3345,0.3347,0.3345,0.3347,145319.0
1790914800000,0.3347,0.3349,0.3346,0.3349,741349.9
1790914860000,0.3349,0.3351,0.3348,0.3351,311130.5
1790914920000,0.335,0.3351,0.335,0.3351,164336.9
1790914980000,0.3351,0.3352,0.335,0.3352,643121.7
1790915040000,0.3352,0.3352,0.3351,0.3352,68008.1
1790915100000,0.3351,0.3353,0.3351,0.3353,507215.0
1790915160000,0.3352,0.3354,0.3352,0.3354,316112.4
1790915220000,0.3354,0.3354,0.3353,0.3354,44234.8
1790915280000,0.3354,0.3354,0.3353,0.3353,24680.9
1790915340000,0.3353,0.3354,0.3353,0.3354,9584.4
1790915400000,0.3354,0.3354,0.3353,0.3354,72289.0
1790915460000,0.3354,0.3354,0.3353,0.3353,46371.9
1790915520000,0.3354,0.3354,0.3353,0.3354,38249.0
1790915580000,0.3353,0.3354,0.3351,0.3351,310803.9
1790915640000,0.3351,0.3352,0.3351,0.3352,10919.3
1790915700000,0.3352,0.3352,0.3351,0.3352,19963.1
1790915760000,0.3352,0.3352,0.3351,0.3352,14500.9
1790915820000,0.3351,0.3353,0.3351,0.3353,74321.5
1790915880000,0.3353,0.3353,0.3352,0.3352,8386.1
1790915940000,0.3353,0.3354,0.3352,0.3354,54427.9
1790916000000,0.3354,0.3355,0.3353,0.3354,206821.5
1790916060000,0.3353,0.3354,0.3353,0.3354,73453.7
1790916120000,0.3354,0.3354,0.3353,0.3354,7924.1
1790916180000,0.3353,0.3354,0.3353,0.3354,8219.2
1790916240000,0.3353,0.3354,0.3353,0.3353,11055.6
1790916300000,0.3353,0.3353,0.3352,0.3353,25428.8
1790916360000,0.3352,0.3353,0.3352,0.3352,118581.4
1790916420000,0.3353,0.3353,0.3352,0.3353,14075.7
1790916480000,0.3353,0.3354,0.3353,0.3353,38880.3
1790916540000,0.3354,0.3354,0.3353,0.3354,87382.9
1790916600000,0.3353,0.3355,0.3353,0.3355,27753.3
1790916660000,0.3355,0.3355,0.3354,0.3354,58395.2
1790916720000,0.3354,0.3355,0.3354,0.3354,8795.7
1790916780000,0.3354,0.3355,0.3354,0.3355,49980.1
1790916840000,0.3355,0.3355,0.3354,0.3354,70549.5
1790916900000,0.3353,0.3354,0.3353,0.3354,93019.7
1790916960000,0.3354,0.3354,0.3352,0.3353,24486.3
1790917020000,0.3353,0.3353,0.3352,0.3353,35388.2
1790917080000,0.3352,0.3353,0.3351,0.3353,28386.4
1790917140000,0.3352,0.3353,0.3352,0.3353,21355.5
1790917200000,0.3353,0.3353,0.3352,0.3352,124783.2
1790917260000,0.3352,0.3353,0.3352,0.3353,11528.2
1790917320000,0.3353,0.3353,0.3352,0.3353,13064.5
1790917380000,0.3352,0.3353,0.3352,0.3352,126072.0
1790917440000,0.3352,0.3353,0.3352,0.3353,20563.2
1790917500000,0.3353,0.3353,0.3352,0.3352,8888.8
1790917560000,0.3353,0.3353,0.3352,0.3353,4156.3
1790917620000,0.3352,0.3353,0.3352,0.3352,9458.6
1790917680000,0.3353,0.3353,0.3352,0.3353,19994.4
1790917740000,0.3353,0.3353,0.3352,0.3352,13774.1
1790917800000,0.3352,0.3352,0.3351,0.3352,48762.2
1790917860000,0.3352,0.3352,0.3351,0.3351,11255.4
1790917920000,0.3352,0.3352,0.3351,0.3352,21281.4
1790917980000,0.3351,0.3352,0.3351,0.3351,3228.0
1790918040000,0.3352,0.3352,0.3351,0.3352,20032.1
1790918100000,0.3351,0.3352,0.3351,0.3352,12804.6
1790918160000,0.3351,0.3352,0.335,0.335,35986.4
1790918220000,0.3351,0.3351,0.335,0.3351,32892.3
1790918280000,0.335,0.3351,0.335,0.335,34589.1
1790918340000,0.335,0.3351,0.335,0.3351,7613.3
1790918400000,0.335,0.3351,0.335,0.335,6113.9
1790918460000,0.3351,0.3351,0.335,0.3351,6489.2
1790918520000,0.335,0.3351,0.335,0.335,8514.6
1790918580000,0.3351,0.3351,0.335,0.3351,172194.7
1790918640000,0.3351,0.3351,0.335,0.335,7790.3
1790918700000,0.335,0.3351,0.335,0.335,9230.1
1790918760000,0.3351,0.3351,0.3346,0.3346,2562570.4
1790918820000,0.3346,0.3346,0.3345,0.3345,43214.0
1790918880000,0.3345,0.3346,0.3345,0.3346,255593.2
1790918940000,0.3346,0.3346,0.3345,0.3346,16074.9
1790919000000,0.3346,0.3346,0.3345,0.3345,15053.9
1790919060000,0.3345,0.3346,0.3345,0.3346,11729.9
1790919120000,0.3346,0.3346,0.3345,0.3346,132889.5
1790919180000,0.3346,0.3346,0.3344,0.3344,214309.5
1790919240000,0.3345,0.3345,0.3344,0.3345,8618.6
1790919300000,0.3345,0.3346,0.3344,0.3346,84480.7
1790919360000,0.3346,0.3346,0.3345,0.3346,23602.5
1790919420000,0.3345,0.3346,0.3344,0.3344,53790.6
1790919480000,0.3345,0.3345,0.3342,0.3342,598212.0
1790919540000,0.3343,0.3343,0.3342,0.3343,53406.3
1790919600000,0.3342,0.3343,0.3342,0.3342,23019.4
1790919660000,0.3343,0.3343,0.3342,0.3343,153102.2
1790919720000,0.3343,0.3343,0.3342,0.3343,62189.2
1790919780000,0.3342,0.3343,0.3342,0.3343,52303.3
1790919840000,0.3343,0.3346,0.3342,0.3345,433869.8
1790919900000,0.3344,0.3346,0.3344,0.3346,17158.1
1790919960000,0.3345,0.3346,0.3345,0.3346,30499.7
1790920020000,0.3346,0.3346,0.3344,0.3344,169705.5
1790920080000,0.3345,0.3345,0.3344,0.3344,5635.1
1790920140000,0.3344,0.3345,0.3344,0.3345,22997.5
1790920200000,0.3344,0.3345,0.3343,0.3343,19201.4
1790920260000,0.3344,0.3344,0.3343,0.3344,10904.1
1790920320000,0.3343,0.3344,0.3343,0.3344,18041.4
1790920380000,0.3343,0.3343,0.3341,0.3341,634274.1
1790920440000,0.334,0.3343,0.334,0.3343,197534.8
1790920500000,0.3342,0.3343,0.3342,0.3343,12996.0
1790920560000,0.3343,0.3344,0.3342,0.3344,41600.3
1790920620000,0.3344,0.3344,0.3342,0.3343,217919.5
1790920680000,0.3342,0.3343,0.3342,0.3343,7396.0
1790920740000,0.3342,0.3343,0.3342,0.3343,5070.4
1790920800000,0.3342,0.3343,0.3342,0.3342,10403.5
1790920860000,0.3342,0.3342,0.3341,0.3342,12572.9
1790920920000,0.3342,0.3342,0.3341,0.3342,5965.0
1790920980000,0.3342,0.3342,0.3341,0.3342,9454.5
1790921040000,0.3342,0.3342,0.3341,0.3341,17963.5
1790921100000,0.3342,0.3342,0.3341,0.3341,14684.4
1790921160000,0.3342,0.3342,0.3341,0.3342,9931.7
1790921220000,0.3342,0.3342,0.3341,0.3342,19627.2
1790921280000,0.3342,0.3342,0.3341,0.3342,17398.7
1790921340000,0.3342,0.3342,0.3341,0.3342,8621.2
1790921400000,0.3342,0.3342,0.3341,0.3342,15167.6
1790921460000,0.3342,0.3342,0.3341,0.3342,7474.7
1790921520000,0.3342,0.3342,0.3341,0.3341,10701.4
1790921580000,0.3342,0.3342,0.3341,0.3342,18451.0
1790921640000,0.3342,0.3342,0.3341,0.3342,21063.3
1790921700000,0.3342,0.3342,0.3341,0.3342,31759.1
1790921760000,0.3341,0.3342,0.3341,0.3341,7202.1
1790921820000,0.3342,0.3342,0.3341,0.3342,4512.9
1790921880000,0.3342,0.3342,0.3341,0.3341,16859.7
1790921940000,0.3341,0.3342,0.3341,0.3342,58003.7
1790922000000,0.3341,0.3342,0.3341,0.3341,9469.4
1790922060000,0.3342,0.3343,0.3342,0.3342,49902.4
1790922120000,0.3342,0.3343,0.3342,0.3342,12868.5
1790922180000,0.3342,0.3343,0.3342,0.3343,15606.6
1790922240000,0.3342,0.3343,0.3342,0.3342,7308.3
1790922300000,0.3343,0.3343,0.3342,0.3343,40449.6
1790922360000,0.3342,0.3343,0.3342,0.3343,3631.0
1790922420000,0.3343,0.3343,0.3342,0.3343,9716.8
1790922480000,0.3343,0.3343,0.3342,0.3343,27629.1
1790922540000,0.3343,0.3343,0.3342,0.3343,5282.3
1790922600000,0.3343,0.3345,0.3342,0.3345,248268.3
1790922660000,0.3344,0.3345,0.3344,0.3344,19991.2
1790922720000,0.3345,0.3345,0.3344,0.3344,6669.8
1790922780000,0.3345,0.3345,0.3343,0.3344,183867.9
1790922840000,0.3343,0.3344,0.3343,0.3343,15651.6
1790922900000,0.3344,0.3344,0.3343,0.3344,8537.9
1790922960000,0.3344,0.3344,0.3342,0.3343,23150.9
1790923020000,0.3342,0.3343,0.3342,0.3343,50168.0
1790923080000,0.3343,0.3343,0.3342,0.3343,12402.7
1790923140000,0.3343,0.3344,0.3343,0.3344,17142.3
1790923200000,0.3343,0.3344,0.3343,0.3343,6806.1
1790923260000,0.3344,0.3344,0.3342,0.3343,65343.8
1790923320000,0.3343,0.3343,0.3342,0.3343,6370.0
1790923380000,0.3342,0.3343,0.3342,0.3343,5762.8
1790923440000,0.3343,0.3343,0.3342,0.3342,27174.7
1790923500000,0.3343,0.3343,0.3342,0.3342,6142.5
1790923560000,0.3342,0.3343,0.3342,0.3343,10016.2
1790923620000,0.3343,0.3343,0.3342,0.3343,4628.8
1790923680000,0.3343,0.3343,0.3342,0.3342,6981.9
1790923740000,0.3342,0.3343,0.3341,0.3342,121593.9
1790923800000,0.3341,0.3342,0.3341,0.3342,12231.9
1790923860000,0.3342,0.3342,0.3341,0.3342,14668.7
1790923920000,0.3341,0.3342,0.3341,0.3342,41276.0
1790923980000,0.3342,0.3342,0.3341,0.3341,18015.8
1790924040000,0.3342,0.3342,0.3341,0.3341,6621.9
1790924100000,0.3342,0.3343,0.3342,0.3342,28952.0
1790924160000,0.3343,0.3343,0.3342,0.3343,38554.9
1790924220000,0.3343,0.3343,0.3342,0.3343,5933.3
1790924280000,0.3343,0.3343,0.3342,0.3343,21291.0
1790924340000,0.3343,0.3343,0.3342,0.3342,13154.7
1790924400000,0.3343,0.3343,0.3342,0.3343,6004.1
1790924460000,0.3343,0.3343,0.3342,0.3342,3933.6
1790924520000,0.3343,0.3343,0.3342,0.3343,10592.2
1790924580000,0.3342,0.3343,0.3341,0.3342,27633.6
1790924640000,0.3341,0.3342,0.3341,0.3342,18713.1
1790924700000,0.3342,0.3342,0.3341,0.3341,20055.1
1790924760000,0.3342,0.3342,0.3341,0.3342,26982.0
1790924820000,0.3342,0.3342,0.3341,0.3342,20942.9
1790924880000,0.3342,0.3342,0.3341,0.3342,14886.7
1790924940000,0.3342,0.3343,0.3341,0.3343,52822.4
1790925000000,0.3342,0.3343,0.3342,0.3343,6636.0
1790925060000,0.3343,0.3343,0.3342,0.3343,39907.6
1790925120000,0.3343,0.3343,0.3342,0.3343,6318.4
1790925180000,0.3342,0.3343,0.3342,0.3342,21900.5
1790925240000,0.3343,0.3344,0.3342,0.3343,113562.3
1790925300000,0.3343,0.3344,0.3343,0.3344,10274.3
1790925360000,0.3344,0.3344,0.3343,0.3343,14982.2
1790925420000,0.3343,0.3344,0.3343,0.3343,14594.8
1790925480000,0.3344,0.3344,0.3343,0.3344,27646.9
1790925540000,0.3343,0.3344,0.3343,0.3344,28225.5
1790925600000,0.3344,0.3344,0.3343,0.3343,23358.6
1790925660000,0.3344,0.3344,0.3343,0.3344,3855.2
1790925720000,0.3344,0.3344,0.3343,0.3344,11566.8
1790925780000,0.3344,0.3344,0.3342,0.3343,56259.2
1790925840000,0.3342,0.3343,0.3342,0.3343,9968.1
1790925900000,0.3343,0.3343,0.3342,0.3343,18931.9
1790925960000,0.3343,0.3343,0.3342,0.3343,8659.1
1790926020000,0.3343,0.3343,0.3342,0.3342,48570.0
1790926080000,0.3343,0.3343,0.3342,0.3342,5200.4
1790926140000,0.3343,0.3343,0.3342,0.3343,8403.6
1790926200000,0.3342,0.3343,0.3341,0.3341,116948.8
1790926260000,0.3341,0.3342,0.3341,0.3342,14026.1
1790926320000,0.3342,0.3342,0.3341,0.3341,8444.9
1790926380000,0.3341,0.3342,0.3341,0.3342,11339.1
1790926440000,0.3341,0.3342,0.3341,0.3342,4999.6
1790926500000,0.3342,0.3342,0.3341,0.3342,21558.9
1790926560000,0.3342,0.3342,0.3341,0.3341,3573.5
1790926620000,0.3341,0.3342,0.3341,0.3341,32721.9
1790926680000,0.3342,0.3342,0.3341,0.3342,6663.1
1790926740000,0.3342,0.3342,0.3341,0.3342,7680.8
1790926800000,0.3342,0.3342,0.3341,0.3342,10034.9
1790926860000,0.3342,0.3342,0.3341,0.3342,6128.5
1790926920000,0.3342,0.3342,0.3341,0.3342,38788.2
1790926980000,0.3341,0.3344,0.3341,0.3344,83524.0
1790927040000,0.3344,0.3344,0.3343,0.3344,23310.9
1790927100000,0.3344,0.3344,0.3343,0.3344,5082.5
1790927160000,0.3343,0.3344,0.3343,0.3344,6940.6
1790927220000,0.3344,0.3344,0.3343,0.3344,33127.5
1790927280000,0.3343,0.3345,0.3343,0.3344,145528.8
1790927340000,0.3344,0.3344,0.3343,0.3344,12496.4
1790927400000,0.3344,0.3346,0.3343,0.3345,667646.8
1790927460000,0.3346,0.3346,0.3345,0.3346,49618.3
1790927520000,0.3346,0.3346,0.3345,0.3346,103822.9
1790927580000,0.3345,0.3345,0.3344,0.3345,65464.4
1790927640000,0.3345,0.3346,0.3345,0.3346,78025.5
1790927700000,0.3345,0.3346,0.3345,0.3346,6313.8
1790927760000,0.3346,0.3346,0.3345,0.3345,16267.7
1790927820000,0.3346,0.3347,0.3345,0.3347,66198.7
1790927880000,0.3346,0.3347,0.3346,0.3347,22649.7
1790927940000,0.3346,0.3346,0.3345,0.3346,55691.0
1790928000000,0.3346,0.3346,0.3345,0.3345,29798.4
1790928060000,0.3345,0.3346,0.3345,0.3345,11524.3
1790928120000,0.3345,0.3347,0.3345,0.3346,24262.9
1790928180000,0.3347,0.3347,0.3345,0.3346,71373.5
1790928240000,0.3345,0.3346,0.3345,0.3346,11500.2
1790928300000,0.3345,0.3346,0.3344,0.3345,28711.5
1790928360000,0.3345,0.3346,0.3345,0.3346,13762.1
1790928420000,0.3345,0.3346,0.3345,0.3346,27177.9
1790928480000,0.3346,0.3346,0.3345,0.3346,8053.4
1790928540000,0.3346,0.3346,0.3345,0.3345,13757.1
1790928600000,0.3345,0.3346,0.3345,0.3346,12761.9
1790928660000,0.3346,0.3346,0.3344,0.3344,52585.5
1790928720000,0.3345,0.3345,0.3344,0.3345,18144.6
1790928780000,0.3344,0.3345,0.3344,0.3344,26552.4
1790928840000,0.3345,0.3345,0.3344,0.3345,44185.5
1790928900000,0.3344,0.3345,0.3344,0.3344,211016.0
1790928960000,0.3344,0.3346,0.3344,0.3346,10464.2
1790929020000,0.3346,0.3347,0.3345,0.3346,141560.4
1790929080000,0.3347,0.3348,0.3346,0.3348,327876.9
1790929140000,0.3347,0.3348,0.3347,0.3347,17299.8
1790929200000,0.3348,0.3348,0.3346,0.3347,72164.4
1790929260000,0.3347,0.3347,0.3346,0.3346,99081.9
1790929320000,0.3345,0.3346,0.3345,0.3345,11307.7
1790929380000,0.3346,0.3347,0.3345,0.3346,57201.1
1790929440000,0.3347,0.3347,0.3346,0.3346,25324.5
1790929500000,0.3346,0.3347,0.3346,0.3346,16896.3
1790929560000,0.3346,0.3347,0.3346,0.3347,6789.2
1790929620000,0.3347,0.3347,0.3346,0.3347,9830.4
1790929680000,0.3346,0.3347,0.3346,0.3347,34873.9
1790929740000,0.3347,0.3347,0.3346,0.3347,12251.5
1790929800000,0.3346,0.3347,0.3346,0.3347,7470.7
1790929860000,0.3346,0.3347,0.3346,0.3347,41996.5
1790929920000,0.3347,0.3347,0.3345,0.3346,111575.0
1790929980000,0.3346,0.3346,0.3345,0.3345,53946.9
1790930040000,0.3345,0.3346,0.3344,0.3345,75332.2
1790930100000,0.3344,0.3345,0.3344,0.3345,18964.0
1790930160000,0.3344,0.3345,0.3344,0.3345,30220.6
1790930220000,0.3344,0.3346,0.3344,0.3345,37533.6
1790930280000,0.3346,0.3346,0.3345,0.3346,5224.1
1790930340000,0.3345,0.3346,0.3345,0.3345,9062.8
1790930400000,0.3345,0.3346,0.3345,0.3346,8696.9
1790930460000,0.3345,0.3346,0.3345,0.3346,7819.0
1790930520000,0.3345,0.3345,0.3344,0.3344,81301.4
1790930580000,0.3344,0.3345,0.3344,0.3345,27580.5
1790930640000,0.3344,0.3345,0.3344,0.3345,30989.0
1790930700000,0.3345,0.3345,0.3344,0.3345,17573.6
1790930760000,0.3344,0.3345,0.3344,0.3345,14662.4
1790930820000,0.3344,0.3345,0.3344,0.3344,8843.9
1790930880000,0.3344,0.3345,0.3344,0.3345,24237.2
1790930940000,0.3345,0.3346,0.3344,0.3346,312604.3
1790931000000,0.3346,0.3348,0.3345,0.3348,637072.4
1790931060000,0.3348,0.3349,0.3347,0.3349,817592.1
1790931120000,0.3348,0.3349,0.3348,0.3349,604029.4
1790931180000,0.3349,0.3349,0.3345,0.3345,317010.8
1790931240000,0.3346,0.3346,0.3345,0.3346,30610.8
1790931300000,0.3345,0.3346,0.3345,0.3346,12503.0
1790931360000,0.3346,0.3346,0.3345,0.3345,10871.4
1790931420000,0.3346,0.3346,0.3345,0.3345,11936.4
1790931480000,0.3345,0.3346,0.3345,0.3346,8633.1
1790931540000,0.3346,0.3346,0.3345,0.3346,23069.7
1790931600000,0.3346,0.3346,0.3345,0.3345,8788.0
1790931660000,0.3345,0.3346,0.3345,0.3346,22946.4
1790931720000,0.3345,0.3346,0.3345,0.3345,53131.3
1790931780000,0.3346,0.3347,0.3345,0.3346,27769.2
1790931840000,0.3346,0.3347,0.3345,0.3346,54982.4
1790931900000,0.3345,0.3346,0.3345,0.3345,6868.3
1790931960000,0.3346,0.3346,0.3345,0.3346,6921.1
1790932020000,0.3345,0.3346,0.3345,0.3345,52283.2
1790932080000,0.3345,0.3346,0.3345,0.3346,6043.3
1790932140000,0.3345,0.3347,0.3345,0.3346,192816.0
1790932200000,0.3346,0.3347,0.3346,0.3346,37647.5
1790932260000,0.3347,0.3347,0.3346,0.3346,7046.8
1790932320000,0.3347,0.3349,0.3346,0.3349,549594.0
1790932380000,0.3348,0.3349,0.3348,0.3348,22304.5
1790932440000,0.3348,0.3349,0.3348,0.3348,30780.3
1790932500000,0.3347,0.3348,0.3346,0.3347,50661.8
1790932560000,0.3346,0.3347,0.3346,0.3346,15000.5
1790932620000,0.3347,0.3348,0.3346,0.3348,19527.1
1790932680000,0.3348,0.3348,0.3347,0.3348,22295.1
1790932740000,0.3347,0.3348,0.3347,0.3348,11967.8
1790932800000,0.3348,0.3348,0.3346,0.3347,18761.1
1790932860000,0.3347,0.3347,0.3346,0.3346,12155.4
1790932920000,0.3346,0.3347,0.3346,0.3347,10870.5
1790932980000,0.3347,0.3347,0.3346,0.3347,5479.4
1790933040000,0.3347,0.3347,0.3346,0.3347,39634.3
1790933100000,0.3346,0.3347,0.3346,0.3346,22761.1
1790933160000,0.3347,0.3347,0.3346,0.3347,26954.2
1790933220000,0.3347,0.3347,0.3346,0.3346,21494.6
1790933280000,0.3346,0.3347,0.3346,0.3347,14731.8
1790933340000,0.3347,0.3347,0.3346,0.3346,33536.8
1790933400000,0.3347,0.3347,0.3346,0.3347,4674.6
1790933460000,0.3346,0.3347,0.3346,0.3347,8647.0
1790933520000,0.3347,0.3347,0.3346,0.3346,22298.8
1790933580000,0.3347,0.3347,0.3346,0.3347,28857.6
1790933640000,0.3346,0.3347,0.3345,0.3346,36853.0
1790933700000,0.3346,0.3346,0.3345,0.3346,21815.2
1790933760000,0.3346,0.3346,0.3345,0.3346,25307.8
1790933820000,0.3345,0.3347,0.3345,0.3347,53707.3
1790933880000,0.3347,0.3347,0.3346,0.3347,16903.5
1790933940000,0.3347,0.3347,0.3346,0.3347,18805.9
1790934000000,0.3346,0.3347,0.3346,0.3346,22463.8
1790934060000,0.3347,0.3347,0.3346,0.3347,12303.9
1790934120000,0.3346,0.3346,0.3345,0.3346,58345.7
1790934180000,0.3345,0.3346,0.3345,0.3346,14073.3
1790934240000,0.3346,0.3347,0.3345,0.3347,204536.1
1790934300000,0.3346,0.3347,0.3346,0.3346,22686.2
1790934360000,0.3346,0.3347,0.3346,0.3347,20982.9
1790934420000,0.3347,0.3347,0.3345,0.3346,103388.2
1790934480000,0.3346,0.3346,0.3345,0.3345,22869.3
1790934540000,0.3345,0.3346,0.3345,0.3345,17371.7
1790934600000,0.3346,0.3346,0.3345,0.3345,45903.7
1790934660000,0.3345,0.3346,0.3345,0.3346,40801.4
1790934720000,0.3345,0.3346,0.3345,0.3345,14643.0
1790934780000,0.3346,0.3346,0.3345,0.3346,14810.0
1790934840000,0.3346,0.3346,0.3345,0.3346,12614.1
1790934900000,0.3345,0.3346,0.3345,0.3346,27832.8
1790934960000,0.3346,0.3347,0.3345,0.3347,52613.6
1790935020000,0.3346,0.3347,0.3346,0.3347,20641.4
1790935080000,0.3346,0.3347,0.3345,0.3346,21415.8
1790935140000,0.3346,0.3347,0.3345,0.3346,112511.3
1790935200000,0.3346,0.3346,0.3345,0.3346,12158.5
1790935260000,0.3345,0.3346,0.3345,0.3346,13932.9
1790935320000,0.3346,0.3346,0.3345,0.3345,10597.5
1790935380000,0.3346,0.3346,0.3345,0.3346,38178.0
1790935440000,0.3345,0.3346,0.3345,0.3346,17170.1
1790935500000,0.3345,0.3346,0.3345,0.3346,9153.4
1790935560000,0.3346,0.3346,0.3345,0.3346,5216.8
1790935620000,0.3345,0.3346,0.3345,0.3346,20915.4
1790935680000,0.3346,0.3346,0.3345,0.3346,9702.5
1790935740000,0.3346,0.3346,0.3345,0.3345,5823.8
1790935800000,0.3345,0.3346,0.3345,0.3346,9590.3
1790935860000,0.3346,0.3346,0.3345,0.3346,9385.3
1790935920000,0.3346,0.3346,0.3345,0.3346,8365.5
1790935980000,0.3345,0.3346,0.3344,0.3345,112350.0
1790936040000,0.3345,0.3345,0.3344,0.3345,17171.9
1790936100000,0.3344,0.3345,0.3344,0.3344,29320.8
1790936160000,0.3344,0.3345,0.3344,0.3345,25286.1
1790936220000,0.3345,0.3345,0.3344,0.3345,11499.3
1790936280000,0.3345,0.3346,0.3344,0.3346,18922.4
1790936340000,0.3345,0.3346,0.3345,0.3346,24524.0
1790936400000,0.3346,0.3346,0.3345,0.3345,5985.0
1790936460000,0.3345,0.3346,0.3345,0.3345,5821.7
1790936520000,0.3345,0.3346,0.3345,0.3346,50734.9
1790936580000,0.3345,0.3346,0.3345,0.3345,18500.6
1790936640000,0.3346,0.3346,0.3344,0.3345,99295.4
1790936700000,0.3344,0.3345,0.3344,0.3345,37166.7
1790936760000,0.3345,0.3345,0.3344,0.3344,191731.8
1790936820000,0.3344,0.3345,0.3344,0.3345,147203.7
1790936880000,0.3344,0.3345,0.3344,0.3344,11661.6
1790936940000,0.3345,0.3345,0.3344,0.3345,25539.0
1790937000000,0.3344,0.3345,0.3344,0.3345,13818.8
1790937060000,0.3344,0.3345,0.3344,0.3345,34146.5
1790937120000,0.3345,0.3345,0.3344,0.3345,7091.9
1790937180000,0.3345,0.3345,0.3344,0.3345,14398.9
1790937240000,0.3344,0.3346,0.3344,0.3346,35187.0
1790937300000,0.3345,0.3349,0.3345,0.3349,927798.9
1790937360000,0.3348,0.3349,0.3348,0.3348,78547.0
1790937420000,0.3348,0.3349,0.3348,0.3348,24207.0
1790937480000,0.3349,0.3349,0.3348,0.3349,33930.9
1790937540000,0.3348,0.3349,0.3348,0.3349,14971.1
1790937600000,0.3348,0.3349,0.3348,0.3348,9772.9
1790937660000,0.3349,0.3349,0.3348,0.3348,21910.4
1790937720000,0.3349,0.335,0.3348,0.335,132045.3
1790937780000,0.3349,0.3351,0.3349,0.3351,245756.4
1790937840000,0.335,0.3351,0.335,0.3351,52529.2
1790937900000,0.335,0.3351,0.3349,0.3349,142780.3
1790937960000,0.3349,0.335,0.3349,0.335,15028.5
1790938020000,0.3349,0.335,0.3349,0.335,46610.1
1790938080000,0.335,0.335,0.3349,0.335,14617.9
1790938140000,0.3349,0.335,0.3349,0.335,33852.6
1790938200000,0.335,0.335,0.3349,0.3349,19576.3
1790938260000,0.335,0.335,0.3349,0.335,21794.1
1790938320000,0.3349,0.335,0.3349,0.335,38102.7
1790938380000,0.3349,0.3351,0.3349,0.3349,122701.9
1790938440000,0.3349,0.335,0.3349,0.3349,15850.5
1790938500000,0.3349,0.335,0.3349,0.335,51663.3
1790938560000,0.3349,0.335,0.3349,0.335,14324.9
1790938620000,0.3349,0.3351,0.3349,0.3351,133099.1
1790938680000,0.335,0.3351,0.335,0.335,34889.0
1790938740000,0.3351,0.3352,0.335,0.3351,732815.0
1790938800000,0.3351,0.3352,0.3351,0.3351,43942.0
1790938860000,0.3351,0.3352,0.3351,0.3351,35617.2
1790938920000,0.3351,0.3352,0.3351,0.3352,26818.8
1790938980000,0.3352,0.3352,0.3351,0.3351,19948.2
1790939040000,0.3351,0.3353,0.335,0.3351,132759.0
1790939100000,0.335,0.3351,0.335,0.3351,23166.8
1790939160000,0.3351,0.3351,0.335,0.3351,62117.4
1790939220000,0.335,0.3351,0.335,0.3351,37643.6
1790939280000,0.335,0.3351,0.335,0.335,19836.7
1790939340000,0.335,0.3351,0.335,0.335,27818.9
1790939400000,0.3351,0.3351,0.335,0.335,35667.3
1790939460000,0.335,0.3351,0.335,0.3351,24465.8
1790939520000,0.3351,0.3351,0.335,0.3351,35532.7
1790939580000,0.335,0.3351,0.335,0.335,29847.0
1790939640000,0.335,0.3351,0.335,0.3351,33240.8
1790939700000,0.3351,0.3351,0.335,0.335,35884.6
1790939760000,0.335,0.3351,0.335,0.3351,29325.7
1790939820000,0.3351,0.3351,0.3349,0.335,32570.7
1790939880000,0.3349,0.335,0.3349,0.3349,27422.9
1790939940000,0.335,0.335,0.3349,0.3349,26201.3
1790940000000,0.3349,0.335,0.3349,0.335,19774.5
1790940060000,0.3349,0.335,0.3349,0.3349,21215.1
1790940120000,0.335,0.335,0.3349,0.335,15623.8
1790940180000,0.335,0.3351,0.3349,0.3351,123629.6
1790940240000,0.335,0.3351,0.335,0.3351,19094.6
1790940300000,0.3351,0.3351,0.335,0.3351,10172.5
1790940360000,0.3351,0.3351,0.335,0.3351,22769.6
1790940420000,0.3351,0.3351,0.335,0.3351,21657.8
1790940480000,0.335,0.3351,0.335,0.335,12378.2
1790940540000,0.3351,0.3351,0.335,0.3351,13333.0
1790940600000,0.335,0.3351,0.335,0.3351,16598.9
1790940660000,0.335,0.3352,0.335,0.3352,42366.1
1790940720000,0.3352,0.3352,0.3351,0.3352,16737.9
1790940780000,0.3352,0.3352,0.3351,0.3352,21716.0
1790940840000,0.3351,0.3352,0.3351,0.3352,19969.5
1790940900000,0.3352,0.3352,0.3351,0.3352,36361.9
1790940960000,0.3352,0.3352,0.3351,0.3352,17752.0
1790941020000,0.3351,0.3353,0.3351,0.3353,6889.1
1790941080000,0.3352,0.3353,0.3352,0.3353,402886.0
1790941140000,0.3352,0.3353,0.3352,0.3353,65315.4
1790941200000,0.3352,0.3353,0.3352,0.3353,23138.6
1790941260000,0.3353,0.3353,0.3352,0.3353,216286.8
1790941320000,0.3353,0.3353,0.3352,0.3352,13309.6
1790941380000,0.3353,0.3353,0.3352,0.3352,137129.5
1790941440000,0.3353,0.3353,0.3352,0.3353,42131.6
1790941500000,0.3353,0.3354,0.3352,0.3353,50368.2
1790941560000,0.3354,0.3354,0.3353,0.3354,43600.4
1790941620000,0.3354,0.3354,0.3352,0.3353,52741.4
1790941680000,0.3352,0.3353,0.3352,0.3352,24275.5
1790941740000,0.3353,0.3353,0.3352,0.3353,16894.6
1790941800000,0.3353,0.3353,0.3352,0.3353,11148.3
1790941860000,0.3352,0.3353,0.3351,0.3352,77232.7
1790941920000,0.3353,0.3353,0.3351,0.3352,6889.7
1790941980000,0.3352,0.3352,0.3351,0.3352,8175.7
1790942040000,0.3351,0.3352,0.3351,0.3351,11112.2
1790942100000,0.3352,0.3352,0.3351,0.3351,11230.2
1790942160000,0.3351,0.3351,0.335,0.3351,10232.0
1790942220000,0.3351,0.3351,0.335,0.335,14916.0
1790942280000,0.3351,0.3351,0.3348,0.3349,133045.6
1790942340000,0.3349,0.3349,0.3347,0.3348,18945.0
1790942400000,0.3348,0.3348,0.3347,0.3347,16584.8
1790942460000,0.3348,0.3348,0.3347,0.3348,71319.6
1790942520000,0.3348,0.3348,0.3347,0.3348,44858.6
1790942580000,0.3348,0.3349,0.3347,0.3348,70185.0
1790942640000,0.3349,0.3349,0.3348,0.3349,23929.2
1790942700000,0.3349,0.3349,0.3348,0.3349,40952.2
1790942760000,0.3349,0.3349,0.3348,0.3348,10484.2
1790942820000,0.3349,0.3349,0.3348,0.3348,20835.6
1790942880000,0.3349,0.3349,0.3348,0.3349,14530.0
1790942940000,0.3349,0.335,0.3348,0.3349,33518.3
1790943000000,0.335,0.335,0.3349,0.335,16727.7
1790943060000,0.335,0.335,0.3347,0.3348,27392.0
1790943120000,0.3348,0.3348,0.3347,0.3347,77792.0
1790943180000,0.3348,0.3348,0.3347,0.3347,36017.4
1790943240000,0.3348,0.3348,0.3347,0.3348,25852.2
1790943300000,0.3348,0.3348,0.3347,0.3347,4626.3
1790943360000,0.3347,0.3348,0.3347,0.3348,83434.8
1790943420000,0.3348,0.3348,0.3347,0.3348,11855.6
1790943480000,0.3347,0.3349,0.3347,0.3348,59925.7
1790943540000,0.3348,0.3349,0.3348,0.3348,16472.1
1790943600000,0.3349,0.3349,0.3348,0.3348,50464.4
1790943660000,0.3349,0.3349,0.3347,0.3347,11823.3
1790943720000,0.3348,0.3348,0.3347,0.3348,13720.8
1790943780000,0.3348,0.3348,0.3347,0.3347,19468.1
1790943840000,0.3348,0.3348,0.3347,0.3347,13280.9
1790943900000,0.3347,0.3348,0.3347,0.3348,15261.9
1790943960000,0.3348,0.3348,0.3347,0.3348,12083.9
1790944020000,0.3347,0.3348,0.3347,0.3347,10208.4
1790944080000,0.3348,0.3349,0.3347,0.3349,21453.7
1790944140000,0.3348,0.3349,0.3348,0.3348,52747.3
1790944200000,0.3348,0.3352,0.3348,0.335,643857.0
1790944260000,0.3351,0.3352,0.3351,0.3352,192597.9
1790944320000,0.3352,0.3352,0.3351,0.3352,13370.7
1790944380000,0.3352,0.3352,0.335,0.335,33879.2
1790944440000,0.3351,0.3351,0.335,0.335,13481.1
1790944500000,0.3351,0.3351,0.335,0.3351,9165.7
1790944560000,0.3351,0.3352,0.335,0.3351,190121.8
1790944620000,0.3352,0.3352,0.3351,0.3351,10066.0
1790944680000,0.3352,0.3352,0.335,0.3351,61290.3
1790944740000,0.3351,0.3351,0.335,0.335,18566.5
1790944800000,0.335,0.3351,0.335,0.3351,15903.5
1790944860000,0.3351,0.3351,0.3349,0.335,51067.5
1790944920000,0.335,0.335,0.3349,0.3349,19629.0
1790944980000,0.335,0.335,0.3349,0.3349,67508.2
1790945040000,0.3349,0.335,0.3348,0.335,78683.6
1790945100000,0.3349,0.335,0.3349,0.3349,64526.8
1790945160000,0.335,0.3351,0.3349,0.335,19551.8
1790945220000,0.3351,0.3351,0.335,0.335,8877.4
1790945280000,0.3351,0.3351,0.335,0.3351,19557.9
1790945340000,0.3351,0.3351,0.335,0.3351,11705.6
1790945400000,0.335,0.3351,0.3347,0.3348,989970.0
1790945460000,0.3347,0.3348,0.3347,0.3347,23900.8
1790945520000,0.3347,0.3348,0.3347,0.3347,24105.9
1790945580000,0.3347,0.3348,0.3347,0.3347,120133.1
1790945640000,0.3348,0.3349,0.3347,0.3349,19784.6
1790945700000,0.3348,0.3349,0.3348,0.3349,19625.4
1790945760000,0.3349,0.3349,0.3348,0.3349,42127.8
1790945820000,0.3349,0.3349,0.3348,0.3348,29457.3
1790945880000,0.3348,0.3349,0.3348,0.3349,19665.1
1790945940000,0.3348,0.3349,0.3348,0.3349,9572.5
1790946000000,0.3349,0.335,0.3348,0.3349,40887.1
1790946060000,0.335,0.335,0.3349,0.335,42477.8
1790946120000,0.335,0.335,0.3349,0.3349,30661.1
1790946180000,0.335,0.335,0.3349,0.3349,14007.7
1790946240000,0.335,0.335,0.3349,0.335,16752.4
1790946300000,0.335,0.335,0.3348,0.3349,47233.4
1790946360000,0.3349,0.3349,0.3348,0.3348,37487.1
1790946420000,0.3349,0.3349,0.3347,0.3348,35325.3
1790946480000,0.3348,0.3348,0.3347,0.3348,13077.5
1790946540000,0.3347,0.3348,0.3347,0.3347,77344.2
1790946600000,0.3347,0.3348,0.3347,0.3348,12213.1
1790946660000,0.3348,0.3348,0.3347,0.3348,9701.7
1790946720000,0.3347,0.3348,0.3347,0.3347,31086.9
1790946780000,0.3348,0.3348,0.3347,0.3347,8449.1
1790946840000,0.3348,0.3348,0.3347,0.3348,11376.9
1790946900000,0.3347,0.3348,0.3347,0.3347,12513.4
1790946960000,0.3348,0.3348,0.3347,0.3347,29500.1
1790947020000,0.3348,0.3349,0.3348,0.3349,24459.6
1790947080000,0.3349,0.3349,0.3348,0.3348,124545.9
1790947140000,0.3349,0.3349,0.3348,0.3349,6607.3
1790947200000,0.3349,0.335,0.3348,0.335,13693.8
1790947260000,0.335,0.335,0.3349,0.3349,8280.4
1790947320000,0.335,0.335,0.3348,0.3349,154073.9
1790947380000,0.3348,0.3349,0.3348,0.3348,7555.1
1790947440000,0.3349,0.3349,0.3348,0.3348,50256.7
1790947500000,0.3349,0.3349,0.3348,0.3349,41748.6
1790947560000,0.3349,0.3349,0.3348,0.3349,20894.9
1790947620000,0.3349,0.3349,0.3347,0.3348,56955.4
1790947680000,0.3348,0.3349,0.3348,0.3349,13770.6
1790947740000,0.3349,0.335,0.3348,0.3349,24038.2
1790947800000,0.3349,0.335,0.3348,0.3349,20687.2
1790947860000,0.335,0.335,0.3348,0.335,69102.6
1790947920000,0.335,0.3351,0.3349,0.3351,7899.3
1790947980000,0.335,0.3351,0.335,0.335,23598.5
1790948040000,0.335,0.3351,0.335,0.3351,24365.2
1790948100000,0.335,0.3351,0.335,0.335,82261.6
1790948160000,0.3351,0.3351,0.335,0.3351,24894.8
1790948220000,0.3351,0.3351,0.335,0.335,149586.8
1790948280000,0.3351,0.3351,0.335,0.3351,35173.2
1790948340000,0.335,0.3351,0.335,0.335,28945.4
1790948400000,0.3351,0.3352,0.3351,0.3351,280517.4
1790948460000,0.3351,0.3352,0.3349,0.3349,127696.2
1790948520000,0.3349,0.335,0.3349,0.3349,15627.3
1790948580000,0.3349,0.335,0.3349,0.335,6355.9
1790948640000,0.335,0.335,0.3349,0.335,18102.3
1790948700000,0.3349,0.335,0.3348,0.3348,106990.9
1790948760000,0.3348,0.3349,0.3348,0.3349,21925.3
1790948820000,0.3348,0.3349,0.3348,0.3349,23041.0
1790948880000,0.3348,0.3349,0.3348,0.3348,40414.0
1790948940000,0.3349,0.3349,0.3348,0.3349,6626.1
1790949000000,0.3348,0.3349,0.3348,0.3349,19685.9
1790949060000,0.3349,0.3349,0.3348,0.3348,27972.1
1790949120000,0.3349,0.3349,0.3348,0.3349,15747.5
1790949180000,0.3349,0.3349,0.3348,0.3348,21296.5
1790949240000,0.3348,0.3349,0.3348,0.3348,15371.9
1790949300000,0.3348,0.3349,0.3348,0.3349,57274.3
1790949360000,0.3348,0.3349,0.3348,0.3349,8756.3
1790949420000,0.3349,0.3349,0.3348,0.3348,25194.1
1790949480000,0.3348,0.3349,0.3348,0.3348,7743.8
1790949540000,0.3349,0.3349,0.3348,0.3348,28804.9
1790949600000,0.3348,0.3349,0.3348,0.3348,13381.1
1790949660000,0.3349,0.3349,0.3347,0.3347,29979.3
1790949720000,0.3348,0.335,0.3347,0.335,143712.0
1790949780000,0.3349,0.3351,0.3349,0.335,61531.6
1790949840000,0.3351,0.3351,0.335,0.3351,4780.3
1790949900000,0.3351,0.3351,0.335,0.3351,19481.3
1790949960000,0.335,0.3351,0.3349,0.3349,46226.6
1790950020000,0.3349,0.335,0.3348,0.3349,69383.3
1790950080000,0.335,0.335,0.3348,0.3349,26451.8
1790950140000,0.3349,0.3349,0.3348,0.3348,25939.5
1790950200000,0.3348,0.3349,0.3348,0.3349,20592.6
1790950260000,0.3349,0.3349,0.3348,0.3349,37002.1
1790950320000,0.3349,0.3349,0.3348,0.3348,44595.9
1790950380000,0.3349,0.3349,0.3348,0.3348,21944.3
1790950440000,0.3348,0.3349,0.3348,0.3349,100633.5
1790950500000,0.3349,0.3349,0.3348,0.3348,25159.4
1790950560000,0.3348,0.3349,0.3348,0.3349,14047.7
1790950620000,0.3349,0.335,0.3348,0.335,78510.1
1790950680000,0.335,0.335,0.3349,0.3349,103171.3
1790950740000,0.335,0.335,0.3349,0.3349,25024.1
1790950800000,0.335,0.335,0.3349,0.335,18193.2
1790950860000,0.335,0.3351,0.335,0.335,65461.6
1790950920000,0.3351,0.3351,0.335,0.3351,12674.9
1790950980000,0.3351,0.3351,0.335,0.3351,12548.2
1790951040000,0.3351,0.3351,0.335,0.335,39477.5
1790951100000,0.3351,0.3351,0.3349,0.335,26022.6
1790951160000,0.335,0.335,0.3349,0.335,15984.2
1790951220000,0.3349,0.335,0.3348,0.3348,8103.7
1790951280000,0.3349,0.3351,0.3349,0.3351,204157.7
1790951340000,0.3351,0.3352,0.3351,0.3352,22044.9
1790951400000,0.3352,0.3352,0.335,0.335,56264.7
1790951460000,0.3351,0.3351,0.335,0.3351,23505.6
1790951520000,0.335,0.3352,0.335,0.3352,33808.0
1790951580000,0.3352,0.3352,0.3351,0.3351,30172.4
1790951640000,0.3351,0.3352,0.335,0.3351,53614.2
1790951700000,0.335,0.3351,0.335,0.3351,13902.4
1790951760000,0.335,0.3351,0.335,0.3351,14616.1
1790951820000,0.3351,0.3351,0.335,0.335,23319.3
1790951880000,0.3351,0.3351,0.335,0.3351,9938.3
1790951940000,0.335,0.3351,0.335,0.335,11141.2
1790952000000,0.3351,0.3351,0.335,0.3351,20671.9
1790952060000,0.335,0.3351,0.335,0.3351,11547.3
1790952120000,0.335,0.3351,0.335,0.335,10493.2
1790952180000,0.3351,0.3351,0.335,0.3351,6866.1
1790952240000,0.335,0.3351,0.335,0.3351,18213.7
1790952300000,0.3351,0.3351,0.335,0.335,10125.9
1790952360000,0.3351,0.3351,0.335,0.335,19019.2
1790952420000,0.3351,0.3351,0.335,0.3351,16705.1
1790952480000,0.3351,0.3351,0.335,0.3351,7645.2
1790952540000,0.335,0.3351,0.335,0.3351,9498.0
1790952600000,0.335,0.3351,0.335,0.3351,83533.3
1790952660000,0.3351,0.3351,0.3349,0.335,62158.2
1790952720000,0.335,0.335,0.3349,0.335,15222.6
1790952780000,0.335,0.335,0.3349,0.3349,11606.6
1790952840000,0.3349,0.3349,0.3347,0.3347,77420.4
1790952900000,0.3348,0.3348,0.3346,0.3347,351064.4
1790952960000,0.3346,0.3349,0.3346,0.3348,119284.3
1790953020000,0.3349,0.335,0.3349,0.335,71983.1
1790953080000,0.3349,0.335,0.3349,0.335,22056.6
1790953140000,0.335,0.335,0.3349,0.335,36746.6
1790953200000,0.335,0.3351,0.3349,0.335,61561.0
1790953260000,0.335,0.3351,0.335,0.3351,8745.0
1790953320000,0.3351,0.3351,0.335,0.3351,47796.9
1790953380000,0.3351,0.3351,0.335,0.335,26810.0
1790953440000,0.3349,0.3351,0.3349,0.3351,72781.2
1790953500000,0.3351,0.3351,0.335,0.335,50175.0
1790953560000,0.3351,0.3351,0.335,0.335,30365.1
1790953620000,0.3351,0.3351,0.335,0.3351,17653.0
1790953680000,0.3351,0.3351,0.335,0.3351,32140.9
1790953740000,0.335,0.3351,0.335,0.335,44754.4
1790953800000,0.3351,0.3353,0.335,0.3353,429201.6
1790953860000,0.3353,0.3353,0.3352,0.3353,32748.5
1790953920000,0.3352,0.3353,0.3352,0.3352,23796.4
1790953980000,0.3353,0.3353,0.3352,0.3353,11649.7
1790954040000,0.3353,0.3353,0.3352,0.3353,8072.3
1790954100000,0.3353,0.3353,0.3352,0.3352,14860.0
1790954160000,0.3353,0.3353,0.3352,0.3353,16665.7
1790954220000,0.3353,0.3353,0.3352,0.3352,12703.3
1790954280000,0.3353,0.3353,0.3352,0.3352,15160.6
1790954340000,0.3353,0.3353,0.3352,0.3352,11694.2
1790954400000,0.3353,0.3353,0.3351,0.3352,11388.9
1790954460000,0.3352,0.3354,0.3351,0.3353,122771.1
1790954520000,0.3353,0.3354,0.3353,0.3353,15220.0
1790954580000,0.3354,0.3354,0.3353,0.3353,21753.4
1790954640000,0.3354,0.3355,0.3353,0.3353,352543.7
1790954700000,0.3354,0.3354,0.3353,0.3353,54413.3
1790954760000,0.3353,0.3354,0.3353,0.3354,17338.7
1790954820000,0.3353,0.3354,0.3353,0.3353,36776.8
1790954880000,0.3354,0.3355,0.3354,0.3355,46296.8
1790954940000,0.3355,0.3355,0.3354,0.3355,16150.7
1790955000000,0.3355,0.3357,0.3354,0.3356,713965.7
1790955060000,0.3357,0.3357,0.3356,0.3357,21516.1
1790955120000,0.3357,0.3357,0.3356,0.3357,17187.5
1790955180000,0.3356,0.3357,0.3356,0.3357,72048.6
1790955240000,0.3357,0.3357,0.3356,0.3357,56988.8
1790955300000,0.3357,0.3357,0.3356,0.3357,17906.2
1790955360000,0.3356,0.3357,0.3356,0.3357,15682.6
1790955420000,0.3357,0.3357,0.3356,0.3357,28922.4
1790955480000,0.3357,0.3357,0.3356,0.3357,14614.8
1790955540000,0.3357,0.3357,0.3356,0.3356,25765.4
1790955600000,0.3357,0.3357,0.3356,0.3356,17471.8
1790955660000,0.3356,0.3356,0.3355,0.3356,23259.2
1790955720000,0.3356,0.3356,0.3355,0.3356,47771.2
1790955780000,0.3356,0.3357,0.3356,0.3357,59943.3
1790955840000,0.3357,0.3357,0.3356,0.3357,15970.2
1790955900000,0.3357,0.3357,0.3356,0.3356,8725.0
1790955960000,0.3357,0.3357,0.3356,0.3357,28111.3
1790956020000,0.3356,0.3357,0.3356,0.3357,19787.4
1790956080000,0.3357,0.3357,0.3356,0.3356,11608.8
1790956140000,0.3357,0.3357,0.3356,0.3357,41986.7
1790956200000,0.3357,0.3359,0.3357,0.3358,579265.3
1790956260000,0.3359,0.3359,0.3358,0.3358,39531.7
1790956320000,0.3358,0.3359,0.3358,0.3359,21093.7
1790956380000,0.3359,0.3359,0.3358,0.3358,68919.7
1790956440000,0.3358,0.3361,0.3358,0.336,905442.8
1790956500000,0.336,0.3361,0.336,0.3361,22154.3
1790956560000,0.336,0.3361,0.336,0.3361,14413.9
1790956620000,0.336,0.3363,0.336,0.3362,644163.7
1790956680000,0.3363,0.3363,0.3362,0.3363,155671.2
1790956740000,0.3363,0.3363,0.3362,0.3363,35464.9
1790956800000,0.3363,0.3365,0.3362,0.3364,1038863.8
1790956860000,0.3365,0.3368,0.3365,0.3367,1113059.1
1790956920000,0.3368,0.3369,0.3367,0.3367,175260.1
1790956980000,0.3367,0.3368,0.3367,0.3367,36887.3
1790957040000,0.3368,0.3368,0.3366,0.3366,63983.9
1790957100000,0.3367,0.3369,0.3366,0.3369,123075.2
1790957160000,0.3369,0.3369,0.3368,0.3368,25138.7
1790957220000,0.3369,0.337,0.3368,0.337,416834.3
1790957280000,0.3369,0.337,0.3367,0.3368,172671.0
1790957340000,0.3367,0.3368,0.3367,0.3368,96076.2
1790957400000,0.3368,0.3369,0.3368,0.3369,51794.0
1790957460000,0.3369,0.3369,0.3368,0.3369,10179.9
1790957520000,0.3369,0.3369,0.3366,0.3366,156870.4
1790957580000,0.3366,0.3367,0.3366,0.3367,17696.5
1790957640000,0.3367,0.3367,0.3366,0.3367,44450.8
1790957700000,0.3367,0.3367,0.3366,0.3366,58410.2
1790957760000,0.3366,0.3367,0.3365,0.3366,68271.3
1790957820000,0.3365,0.3367,0.3365,0.3366,65332.2
1790957880000,0.3367,0.3367,0.3366,0.3366,31844.3
1790957940000,0.3367,0.3367,0.3363,0.3363,908010.4
1790958000000,0.3363,0.3365,0.3363,0.3365,426814.1
1790958060000,0.3365,0.3365,0.3364,0.3364,25739.6
1790958120000,0.3365,0.3365,0.3363,0.3363,109122.4
1790958180000,0.3363,0.3364,0.3361,0.3362,239023.1
1790958240000,0.3362,0.3362,0.3361,0.3361,47722.5
1790958300000,0.3362,0.3363,0.3361,0.3362,78998.0
1790958360000,0.3362,0.3362,0.3361,0.3361,38431.7
1790958420000,0.3362,0.3362,0.336,0.3361,221099.0
1790958480000,0.3362,0.3362,0.3361,0.3361,17498.3
1790958540000,0.3362,0.3362,0.3361,0.3361,19073.7
1790958600000,0.3361,0.3361,0.336,0.336,20964.5
1790958660000,0.3361,0.3361,0.336,0.3361,48280.7
1790958720000,0.3361,0.3361,0.3359,0.3359,247467.3
1790958780000,0.3359,0.336,0.3359,0.336,23945.1
1790958840000,0.3359,0.336,0.3359,0.3359,16625.0
1790958900000,0.336,0.336,0.3359,0.3359,35877.5
1790958960000,0.336,0.336,0.3359,0.3359,10950.4
1790959020000,0.336,0.336,0.3359,0.336,18170.5
1790959080000,0.336,0.336,0.3359,0.336,46046.9
1790959140000,0.3359,0.3362,0.3359,0.336,23418.8
1790959200000,0.336,0.3361,0.336,0.3361,27677.8
1790959260000,0.3361,0.3361,0.3359,0.336,52848.5
1790959320000,0.336,0.336,0.3358,0.3358,365528.5
1790959380000,0.3359,0.3359,0.3357,0.3358,358468.8
1790959440000,0.3358,0.3358,0.3357,0.3358,15835.7
1790959500000,0.3358,0.3359,0.3357,0.3358,73274.2
1790959560000,0.3359,0.3359,0.3358,0.3358,14518.4
1790959620000,0.3358,0.3359,0.3358,0.3359,11480.7
1790959680000,0.3359,0.3359,0.3358,0.3358,21052.6
1790959740000,0.3358,0.3359,0.3358,0.3359,17143.2
1790959800000,0.3359,0.3359,0.3358,0.3359,36046.3
1790959860000,0.336,0.336,0.3359,0.336,8978.2
1790959920000,0.3359,0.336,0.3359,0.3359,62287.1
1790959980000,0.336,0.336,0.3359,0.336,27681.2
1790960040000,0.336,0.336,0.3358,0.3358,29983.0
1790960100000,0.3359,0.3359,0.3357,0.3358,18055.1
1790960160000,0.3358,0.3358,0.3357,0.3358,38406.5
1790960220000,0.3358,0.336,0.3358,0.3359,37895.3
1790960280000,0.336,0.336,0.3358,0.3359,30297.1
1790960340000,0.3358,0.3359,0.3358,0.3359,22401.4
1790960400000,0.3359,0.3359,0.3358,0.3358,26451.5
1790960460000,0.3359,0.336,0.3358,0.336,51532.7
1790960520000,0.336,0.3362,0.336,0.3361,511351.3
1790960580000,0.3362,0.3362,0.3361,0.3362,16215.1
1790960640000,0.3361,0.3362,0.3361,0.3362,27238.2
1790960700000,0.3362,0.3362,0.3361,0.3361,13424.4
1790960760000,0.3362,0.3362,0.3361,0.3362,7841.3
1790960820000,0.3362,0.3362,0.3361,0.3362,15904.4
1790960880000,0.3361,0.3362,0.3361,0.3361,38204.2
1790960940000,0.3362,0.3362,0.3361,0.3361,14867.1
1790961000000,0.3361,0.3362,0.3361,0.3362,27359.3
1790961060000,0.3362,0.3362,0.3361,0.3361,7877.0
1790961120000,0.3361,0.3363,0.3361,0.3362,144335.5
1790961180000,0.3363,0.3363,0.3362,0.3362,15838.9
1790961240000,0.3362,0.3363,0.3362,0.3362,22779.2
1790961300000,0.3362,0.3362,0.3361,0.3361,104412.7
1790961360000,0.3361,0.3363,0.3361,0.3363,52853.5
1790961420000,0.3363,0.3363,0.3362,0.3362,41992.4
1790961480000,0.3363,0.3363,0.3362,0.3363,43649.7
1790961540000,0.3362,0.3363,0.3362,0.3363,103765.2
1790961600000,0.3363,0.3363,0.3362,0.3363,30864.4
1790961660000,0.3363,0.3364,0.3362,0.3363,100951.3
1790961720000,0.3363,0.3364,0.3363,0.3364,12685.4
1790961780000,0.3364,0.3364,0.3363,0.3363,27962.2
1790961840000,0.3364,0.3364,0.336,0.3361,162622.3
1790961900000,0.336,0.3361,0.336,0.3361,42052.4
1790961960000,0.3361,0.3361,0.336,0.3361,75527.7
1790962020000,0.3361,0.3361,0.336,0.336,7430.0
1790962080000,0.3361,0.3361,0.336,0.3361,10828.8
1790962140000,0.336,0.3361,0.336,0.3361,16891.2
1790962200000,0.336,0.3361,0.336,0.3361,7015.6
1790962260000,0.336,0.3362,0.336,0.3361,110317.3
1790962320000,0.3362,0.3362,0.3361,0.3362,13904.0
1790962380000,0.3362,0.3362,0.3361,0.3361,21319.9
1790962440000,0.3361,0.3362,0.3361,0.3361,5982.0
1790962500000,0.3361,0.3362,0.3361,0.3362,3774.7
1790962560000,0.3361,0.3362,0.3361,0.3361,6096.1
1790962620000,0.3362,0.3362,0.3361,0.3361,6698.6
1790962680000,0.3362,0.3362,0.3361,0.3362,22277.7
1790962740000,0.3362,0.3362,0.3361,0.3362,28041.6
1790962800000,0.3361,0.3361,0.336,0.3361,15428.1
1790962860000,0.3361,0.3361,0.336,0.3361,102785.1
1790962920000,0.3361,0.3361,0.336,0.336,43552.3
1790962980000,0.336,0.3361,0.336,0.3361,43527.2
1790963040000,0.3361,0.3362,0.336,0.3361,70678.9
1790963100000,0.3361,0.3361,0.336,0.3361,12911.7
1790963160000,0.336,0.3362,0.336,0.3362,18287.7
1790963220000,0.3362,0.3362,0.3361,0.3361,10796.5
1790963280000,0.3362,0.3363,0.3361,0.3362,52713.7
1790963340000,0.3362,0.3364,0.3362,0.3364,73256.0
1790963400000,0.3364,0.3364,0.3363,0.3364,100196.2
1790963460000,0.3363,0.3364,0.3362,0.3362,28930.1
1790963520000,0.3362,0.3363,0.3362,0.3363,7970.6
1790963580000,0.3363,0.3363,0.3361,0.3362,21423.6
1790963640000,0.3361,0.3362,0.3361,0.3361,48305.9
1790963700000,0.3361,0.3364,0.3361,0.3364,391029.1
1790963760000,0.3364,0.3364,0.3363,0.3364,17166.9
1790963820000,0.3363,0.3364,0.3363,0.3363,6721.5
1790963880000,0.3364,0.3364,0.3363,0.3363,50990.0
1790963940000,0.3364,0.3365,0.3363,0.3364,131304.9
1790964000000,0.3364,0.3364,0.3363,0.3363,10556.4
1790964060000,0.3363,0.3365,0.3363,0.3364,116765.1
1790964120000,0.3363,0.3364,0.3362,0.3362,39473.2
1790964180000,0.3362,0.3364,0.3362,0.3363,71381.5
1790964240000,0.3363,0.3364,0.3363,0.3364,48000.1
1790964300000,0.3364,0.3364,0.3362,0.3363,36235.8
1790964360000,0.3363,0.3363,0.3359,0.3359,696088.3
1790964420000,0.3359,0.336,0.3359,0.336,32082.3
1790964480000,0.3361,0.3361,0.3359,0.336,45181.6
1790964540000,0.336,0.336,0.3359,0.3359,3271.9
1790964600000,0.336,0.336,0.3359,0.336,16927.6
1790964660000,0.336,0.336,0.3359,0.336,116080.3
1790964720000,0.3359,0.3361,0.3359,0.336,39625.8
1790964780000,0.3361,0.3361,0.336,0.3361,11464.2
1790964840000,0.336,0.3361,0.336,0.3361,4162.3
1790964900000,0.336,0.3361,0.336,0.336,9938.3
1790964960000,0.3361,0.3362,0.336,0.3361,56674.7
1790965020000,0.3361,0.3362,0.3361,0.3362,21399.5
1790965080000,0.3361,0.3362,0.3361,0.3361,16526.6
1790965140000,0.3361,0.3362,0.336,0.3361,63746.5
1790965200000,0.3361,0.3361,0.336,0.3361,8344.4
1790965260000,0.336,0.3361,0.336,0.336,13502.8
1790965320000,0.336,0.3361,0.336,0.3361,12765.2
1790965380000,0.336,0.3361,0.336,0.336,10133.5
1790965440000,0.336,0.3361,0.336,0.3361,22847.1
1790965500000,0.3361,0.3361,0.336,0.336,22370.1
1790965560000,0.3361,0.3361,0.3359,0.3359,22382.5
1790965620000,0.3359,0.336,0.3359,0.336,17997.0
1790965680000,0.3359,0.336,0.3359,0.336,15667.2
1790965740000,0.336,0.336,0.3359,0.336,25103.6
1790965800000,0.336,0.336,0.3359,0.3359,13645.1
1790965860000,0.3359,0.336,0.3359,0.336,31050.7
1790965920000,0.3359,0.336,0.3359,0.336,25405.8
1790965980000,0.336,0.336,0.3358,0.3359,33728.3
1790966040000,0.3359,0.3359,0.3358,0.3359,9080.9
1790966100000,0.3359,0.3359,0.3358,0.3359,32637.4
1790966160000,0.3358,0.3359,0.3358,0.3358,30100.6
1790966220000,0.3358,0.3359,0.3358,0.3358,59624.1
1790966280000,0.3358,0.3359,0.3357,0.3357,167759.4
1790966340000,0.3357,0.3358,0.3353,0.3353,1355847.8
1790966400000,0.3353,0.3354,0.3352,0.3353,600532.2
1790966460000,0.3353,0.3354,0.3352,0.3352,46066.3
1790966520000,0.3352,0.3354,0.3352,0.3354,65034.8
1790966580000,0.3353,0.3354,0.3352,0.3352,159035.9
1790966640000,0.3352,0.3353,0.3352,0.3352,142173.7
1790966700000,0.3352,0.3353,0.3352,0.3352,27319.3
1790966760000,0.3353,0.3353,0.3352,0.3352,153510.1
1790966820000,0.3352,0.3353,0.3351,0.3351,215540.5
1790966880000,0.3351,0.3352,0.3351,0.3351,99825.4
1790966940000,0.3351,0.3352,0.3351,0.3351,68403.3
1790967000000,0.3352,0.3352,0.3351,0.3352,20560.6
1790967060000,0.3351,0.3353,0.3351,0.3352,85896.0
1790967120000,0.3352,0.3353,0.3352,0.3352,24238.9
1790967180000,0.3353,0.3353,0.3351,0.3352,26195.2
1790967240000,0.3352,0.3352,0.3351,0.3352,9533.2
1790967300000,0.3352,0.3353,0.3351,0.3351,73734.2
1790967360000,0.3352,0.3352,0.3351,0.3352,11957.8
1790967420000,0.3352,0.3352,0.3351,0.3352,13536.6
1790967480000,0.3352,0.3353,0.3351,0.3353,109765.3
1790967540000,0.3353,0.3353,0.3352,0.3353,15464.1
1790967600000,0.3353,0.3353,0.3352,0.3353,4036.3
1790967660000,0.3353,0.3353,0.3352,0.3352,6760.5
1790967720000,0.3352,0.3353,0.3352,0.3352,5873.2
1790967780000,0.3353,0.3353,0.3352,0.3352,7828.7
1790967840000,0.3352,0.3353,0.3352,0.3352,50319.8
1790967900000,0.3353,0.3353,0.3351,0.3352,16144.2
1790967960000,0.3352,0.3352,0.3351,0.3352,23256.9
1790968020000,0.3352,0.3352,0.3351,0.3351,10036.9
1790968080000,0.3351,0.3352,0.3351,0.3352,12708.1
1790968140000,0.3352,0.3352,0.3351,0.3352,21315.8
1790968200000,0.3351,0.3352,0.3351,0.3351,16756.9
1790968260000,0.3351,0.3352,0.3351,0.3351,20290.8
1790968320000,0.3351,0.3352,0.3351,0.3352,46904.0
1790968380000,0.3352,0.3352,0.3349,0.3349,483745.5
1790968440000,0.335,0.335,0.3349,0.335,18181.2
1790968500000,0.335,0.335,0.3349,0.335,11692.4
1790968560000,0.3349,0.335,0.3349,0.335,58271.5
1790968620000,0.335,0.335,0.3349,0.335,43283.6
1790968680000,0.3349,0.335,0.3349,0.335,30521.8
1790968740000,0.3349,0.335,0.3349,0.3349,4553.1
1790968800000,0.335,0.335,0.3349,0.335,25722.1
1790968860000,0.3349,0.335,0.3349,0.3349,13001.1
1790968920000,0.335,0.335,0.3349,0.335,9740.2
1790968980000,0.3349,0.335,0.3349,0.3349,63178.3
1790969040000,0.3349,0.3351,0.3349,0.335,38164.4
1790969100000,0.335,0.3351,0.335,0.3351,40801.5
1790969160000,0.3351,0.3351,0.335,0.3351,7241.6
1790969220000,0.335,0.3351,0.335,0.335,10470.2
1790969280000,0.3351,0.3351,0.335,0.335,6232.4
1790969340000,0.3351,0.3351,0.335,0.335,4162.2
1790969400000,0.3351,0.3351,0.335,0.3351,13254.8
1790969460000,0.335,0.3351,0.335,0.335,8979.5
1790969520000,0.3351,0.3351,0.335,0.335,9504.9
1790969580000,0.335,0.3351,0.335,0.335,13404.3
1790969640000,0.335,0.3351,0.335,0.335,14346.3
1790969700000,0.335,0.3351,0.335,0.3351,14539.8
1790969760000,0.3351,0.3351,0.335,0.335,18959.8
1790969820000,0.335,0.3351,0.335,0.3351,10003.3
1790969880000,0.335,0.3351,0.335,0.3351,12740.6
1790969940000,0.3351,0.3351,0.335,0.3351,10981.5
1790970000000,0.335,0.3351,0.335,0.335,16479.4
1790970060000,0.3351,0.3351,0.335,0.3351,8193.1
1790970120000,0.3351,0.3351,0.335,0.335,8976.3
1790970180000,0.3351,0.3351,0.335,0.335,13406.0
1790970240000,0.335,0.3351,0.335,0.3351,12317.0
1790970300000,0.3351,0.3351,0.335,0.3351,7874.0
1790970360000,0.3351,0.3351,0.335,0.335,4884.1
1790970420000,0.3351,0.3351,0.335,0.335,23641.6
1790970480000,0.3351,0.3351,0.335,0.3351,5752.3
1790970540000,0.3351,0.3351,0.335,0.335,8817.2
1790970600000,0.335,0.3351,0.335,0.335,26636.7
1790970660000,0.335,0.3351,0.335,0.3351,17528.2
1790970720000,0.3351,0.3351,0.335,0.3351,30348.0
1790970780000,0.3351,0.3351,0.3349,0.3349,23298.6
1790970840000,0.335,0.335,0.3349,0.3349,10462.2
1790970900000,0.335,0.335,0.3349,0.3349,9723.4
1790970960000,0.335,0.335,0.3349,0.3349,10690.7
1790971020000,0.335,0.335,0.3349,0.3349,17348.0
1790971080000,0.335,0.335,0.3349,0.335,27392.1
1790971140000,0.3349,0.335,0.3349,0.3349,9072.6
1790971200000,0.335,0.3351,0.3349,0.335,199046.0
1790971260000,0.335,0.3351,0.3349,0.335,28215.7
1790971320000,0.335,0.335,0.3349,0.3349,3294.6
1790971380000,0.335,0.335,0.3348,0.3349,321915.9
1790971440000,0.3348,0.3349,0.3348,0.3348,38579.3
1790971500000,0.3349,0.3349,0.3348,0.3349,44298.6
1790971560000,0.3349,0.3349,0.3348,0.3348,9228.1
1790971620000,0.3349,0.3349,0.3348,0.3348,26142.2
1790971680000,0.3349,0.3349,0.3348,0.3349,9201.2
1790971740000,0.3348,0.3349,0.3348,0.3348,14177.5
1790971800000,0.3349,0.3349,0.3348,0.3349,6849.0
1790971860000,0.3348,0.3349,0.3348,0.3348,53349.6
1790971920000,0.3349,0.3349,0.3348,0.3348,9054.7
1790971980000,0.3348,0.3349,0.3346,0.3346,433428.6
1790972040000,0.3347,0.3347,0.3346,0.3347,9866.9
1790972100000,0.3346,0.3347,0.3346,0.3347,4337.3
1790972160000,0.3346,0.3347,0.3346,0.3346,5185.8
1790972220000,0.3347,0.3347,0.3346,0.3347,6715.5
1790972280000,0.3347,0.3347,0.3346,0.3346,11469.7
1790972340000,0.3346,0.3347,0.3346,0.3347,165587.8
1790972400000,0.3347,0.3347,0.3346,0.3347,7395.0
1790972460000,0.3347,0.3347,0.3346,0.3347,23755.4
1790972520000,0.3346,0.3347,0.3346,0.3346,3855.6
1790972580000,0.3347,0.3347,0.3346,0.3347,19155.8
1790972640000,0.3347,0.3347,0.3346,0.3347,10001.0
1790972700000,0.3346,0.3348,0.3346,0.3346,57821.9
1790972760000,0.3347,0.3347,0.3346,0.3346,14728.2
1790972820000,0.3346,0.3347,0.3346,0.3347,2217.3
1790972880000,0.3347,0.3347,0.3346,0.3346,13872.9
1790972940000,0.3346,0.3347,0.3346,0.3346,24417.5
1790973000000,0.3346,0.3347,0.3346,0.3347,15045.1
1790973060000,0.3347,0.3347,0.3346,0.3346,19453.9
1790973120000,0.3347,0.3347,0.3346,0.3347,8602.6
1790973180000,0.3347,0.3348,0.3346,0.3348,27601.3
1790973240000,0.3348,0.3348,0.3347,0.3347,6842.2
1790973300000,0.3348,0.3348,0.3347,0.3348,5872.9
1790973360000,0.3347,0.3348,0.3346,0.3346,42983.2
1790973420000,0.3346,0.3347,0.3346,0.3346,19024.7
1790973480000,0.3346,0.3347,0.3346,0.3347,18206.9
1790973540000,0.3347,0.3347,0.3346,0.3346,15429.9
1790973600000,0.3347,0.3347,0.3346,0.3347,20249.9
1790973660000,0.3346,0.3347,0.3345,0.3345,398068.0
1790973720000,0.3346,0.3346,0.3345,0.3346,11747.2
1790973780000,0.3345,0.3346,0.3345,0.3345,10981.8
1790973840000,0.3346,0.3346,0.3345,0.3345,17595.8
1790973900000,0.3345,0.3346,0.3345,0.3345,31276.6
1790973960000,0.3346,0.3346,0.3345,0.3346,93960.7
1790974020000,0.3346,0.3346,0.3345,0.3345,63039.2
1790974080000,0.3346,0.3346,0.3345,0.3346,8947.2
1790974140000,0.3345,0.3346,0.3345,0.3345,19155.0
1790974200000,0.3346,0.3346,0.3345,0.3346,29504.5
1790974260000,0.3345,0.3346,0.3345,0.3345,5173.1
1790974320000,0.3346,0.3346,0.3345,0.3345,18773.1
1790974380000,0.3345,0.3346,0.3345,0.3346,10595.3
1790974440000,0.3346,0.3346,0.3345,0.3345,16338.3
1790974500000,0.3345,0.3346,0.3345,0.3345,13025.4
1790974560000,0.3345,0.3346,0.3345,0.3345,22780.9
1790974620000,0.3346,0.3346,0.3345,0.3345,7135.9
1790974680000,0.3346,0.3346,0.3345,0.3345,11812.4
1790974740000,0.3345,0.3346,0.3345,0.3345,4593.1
1790974800000,0.3345,0.3346,0.3345,0.3346,15840.3
1790974860000,0.3345,0.3346,0.3345,0.3345,5849.6
1790974920000,0.3346,0.3346,0.3345,0.3345,352677.7
1790974980000,0.3345,0.3345,0.3343,0.3343,262415.8
1790975040000,0.3344,0.3344,0.3343,0.3343,19630.0
1790975100000,0.3344,0.3344,0.3343,0.3344,4992.8
1790975160000,0.3344,0.3344,0.3343,0.3343,8261.3
1790975220000,0.3344,0.3344,0.3343,0.3343,11624.5
1790975280000,0.3344,0.3344,0.3343,0.3344,14502.5
1790975340000,0.3344,0.3344,0.3343,0.3344,5369.6
1790975400000,0.3344,0.3344,0.3343,0.3344,4803.9
1790975460000,0.3344,0.3344,0.3343,0.3344,22992.1
1790975520000,0.3344,0.3344,0.3343,0.3343,4467.7
1790975580000,0.3343,0.3344,0.3343,0.3344,25846.1
1790975640000,0.3344,0.3344,0.3343,0.3344,13471.9
1790975700000,0.3344,0.3344,0.3343,0.3344,9428.8
1790975760000,0.3344,0.3344,0.3343,0.3343,27142.7
1790975820000,0.3343,0.3344,0.3343,0.3344,7564.3
1790975880000,0.3344,0.3344,0.3343,0.3343,12162.2
1790975940000,0.3343,0.3344,0.3343,0.3344,42103.9
1790976000000,0.3344,0.3344,0.3343,0.3343,10162.8
1790976060000,0.3344,0.3344,0.3343,0.3343,8425.7
1790976120000,0.3343,0.3344,0.3343,0.3343,6647.9
1790976180000,0.3343,0.3344,0.3343,0.3344,37571.6
1790976240000,0.3344,0.3344,0.3343,0.3344,37766.8
1790976300000,0.3343,0.3344,0.3343,0.3343,4152.5
1790976360000,0.3343,0.3344,0.3343,0.3343,16813.3
1790976420000,0.3344,0.3344,0.3343,0.3344,14459.6
1790976480000,0.3343,0.3344,0.3343,0.3343,24565.2
1790976540000,0.3343,0.3344,0.3342,0.3342,425286.3
1790976600000,0.3343,0.3343,0.3342,0.3343,22939.6
1790976660000,0.3342,0.3343,0.3342,0.3342,19483.2
1790976720000,0.3342,0.3343,0.3342,0.3343,9225.3
1790976780000,0.3342,0.3343,0.3342,0.3343,13045.2
1790976840000,0.3342,0.3343,0.3342,0.3342,37008.7
1790976900000,0.3343,0.3343,0.3342,0.3343,11356.1
1790976960000,0.3343,0.3344,0.3343,0.3343,34267.2
1790977020000,0.3343,0.3344,0.3343,0.3343,10358.8
1790977080000,0.3344,0.3344,0.3343,0.3344,2934.3
1790977140000,0.3344,0.3344,0.3343,0.3344,8222.3
1790977200000,0.3344,0.3344,0.3343,0.3343,20561.0
1790977260000,0.3343,0.3344,0.3343,0.3344,12649.7
1790977320000,0.3343,0.3344,0.3342,0.3342,28118.8
1790977380000,0.3342,0.3343,0.3342,0.3342,60504.3
1790977440000,0.3343,0.3343,0.3342,0.3343,27923.8
1790977500000,0.3343,0.3343,0.3342,0.3343,10087.4
1790977560000,0.3342,0.3343,0.3342,0.3343,13423.6
1790977620000,0.3342,0.3343,0.3342,0.3342,35019.7
1790977680000,0.3342,0.3343,0.3342,0.3342,14689.1
1790977740000,0.3342,0.3343,0.3342,0.3343,24526.4
1790977800000,0.3342,0.3343,0.3342,0.3343,5116.6
1790977860000,0.3342,0.3343,0.3342,0.3342,9582.5
1790977920000,0.3342,0.3343,0.3342,0.3343,13905.0
1790977980000,0.3342,0.3344,0.3342,0.3343,51231.9
1790978040000,0.3344,0.3344,0.3343,0.3344,3267.2
1790978100000,0.3343,0.3344,0.3343,0.3343,7995.7
1790978160000,0.3344,0.3344,0.3343,0.3344,5699.0
1790978220000,0.3343,0.3344,0.3343,0.3344,6990.6
1790978280000,0.3343,0.3344,0.3343,0.3343,12496.9
1790978340000,0.3344,0.3344,0.3343,0.3344,11829.6
1790978400000,0.3344,0.3344,0.3343,0.3343,10740.1
1790978460000,0.3344,0.3345,0.3343,0.3344,79069.7
1790978520000,0.3344,0.3344,0.3343,0.3344,11887.6
1790978580000,0.3344,0.3344,0.3343,0.3343,10252.7
1790978640000,0.3343,0.3344,0.3343,0.3343,5210.1
1790978700000,0.3343,0.3344,0.3343,0.3344,8789.0
1790978760000,0.3344,0.3344,0.3343,0.3344,11660.2
1790978820000,0.3344,0.3344,0.3343,0.3343,35964.9
1790978880000,0.3344,0.3344,0.3343,0.3343,32638.1
1790978940000,0.3343,0.3344,0.3343,0.3344,3629.2
1790979000000,0.3343,0.3344,0.3343,0.3343,7512.3
1790979060000,0.3344,0.3344,0.3342,0.3343,11672.1
1790979120000,0.3342,0.3343,0.3342,0.3343,8356.7
1790979180000,0.3343,0.3343,0.3342,0.3343,5394.4
1790979240000,0.3342,0.3344,0.3342,0.3343,133200.6
1790979300000,0.3344,0.3344,0.3343,0.3343,3382.0
1790979360000,0.3344,0.3344,0.3342,0.3342,308959.5
1790979420000,0.3342,0.3343,0.3342,0.3342,17005.3
1790979480000,0.3342,0.3343,0.3342,0.3343,2773.0
1790979540000,0.3342,0.3343,0.3342,0.3342,18136.8
1790979600000,0.3343,0.3344,0.3342,0.3344,50019.5
1790979660000,0.3343,0.3344,0.3343,0.3343,11615.3
1790979720000,0.3343,0.3344,0.3343,0.3343,13415.0
1790979780000,0.3343,0.3344,0.3343,0.3344,63549.1
1790979840000,0.3343,0.3344,0.3343,0.3343,25923.2
1790979900000,0.3343,0.3344,0.3343,0.3343,30786.7
1790979960000,0.3343,0.3344,0.3343,0.3343,39058.4
1790980020000,0.3343,0.3344,0.3342,0.3343,54655.4
1790980080000,0.3342,0.3343,0.3342,0.3343,20107.7
1790980140000,0.3343,0.3344,0.3342,0.3344,49227.7
1790980200000,0.3344,0.3344,0.3343,0.3343,5592.8
1790980260000,0.3344,0.3345,0.3344,0.3344,21202.3
1790980320000,0.3344,0.3345,0.3344,0.3345,7858.0
1790980380000,0.3345,0.3345,0.3344,0.3345,8488.3
1790980440000,0.3344,0.3345,0.3344,0.3345,9561.6
1790980500000,0.3345,0.3345,0.3344,0.3344,11032.4
1790980560000,0.3345,0.3345,0.3344,0.3345,3547.1
1790980620000,0.3344,0.3345,0.3344,0.3344,3577.5
1790980680000,0.3345,0.3345,0.3344,0.3345,6293.8
1790980740000,0.3344,0.3345,0.3344,0.3344,6656.5
1790980800000,0.3345,0.3345,0.3344,0.3344,6558.4
1790980860000,0.3344,0.3345,0.3344,0.3345,21476.5
1790980920000,0.3345,0.3345,0.3344,0.3345,12976.8
1790980980000,0.3345,0.3345,0.3344,0.3345,7313.9
1790981040000,0.3345,0.3345,0.3344,0.3345,12330.9
1790981100000,0.3345,0.3345,0.3344,0.3344,9544.7
1790981160000,0.3345,0.3345,0.3344,0.3345,9357.6
1790981220000,0.3345,0.3345,0.3344,0.3345,8373.4
1790981280000,0.3344,0.3345,0.3344,0.3345,6133.7
1790981340000,0.3345,0.3346,0.3344,0.3345,73842.0
1790981400000,0.3346,0.3346,0.3345,0.3346,10130.8
1790981460000,0.3345,0.3346,0.3345,0.3346,3726.5
1790981520000,0.3346,0.3346,0.3345,0.3345,20387.6
1790981580000,0.3346,0.3346,0.3345,0.3345,4769.8
1790981640000,0.3345,0.3346,0.3345,0.3345,7746.0
1790981700000,0.3345,0.3346,0.3345,0.3345,8107.8
1790981760000,0.3346,0.3346,0.3345,0.3346,93240.5
1790981820000,0.3346,0.3346,0.3345,0.3345,19446.5
1790981880000,0.3346,0.3346,0.3345,0.3345,14324.5
1790981940000,0.3345,0.3346,0.3345,0.3346,23340.8
1790982000000,0.3346,0.3346,0.3345,0.3345,22634.1
1790982060000,0.3346,0.3346,0.3345,0.3346,15968.2
1790982120000,0.3346,0.3346,0.3345,0.3346,38713.1
1790982180000,0.3346,0.3347,0.3346,0.3347,410887.9
1790982240000,0.3347,0.3348,0.3346,0.3347,186306.2
1790982300000,0.3348,0.3348,0.3347,0.3347,75954.2
1790982360000,0.3347,0.3348,0.3347,0.3348,2358.3
1790982420000,0.3347,0.3348,0.3347,0.3347,2376.0
1790982480000,0.3348,0.3348,0.3347,0.3347,14065.7
1790982540000,0.3348,0.3348,0.3346,0.3347,29568.7
1790982600000,0.3346,0.3347,0.3346,0.3346,11563.7
1790982660000,0.3346,0.3347,0.3346,0.3347,5605.2
1790982720000,0.3347,0.3347,0.3346,0.3347,2147.1
1790982780000,0.3347,0.3347,0.3346,0.3346,3572.3
1790982840000,0.3347,0.3347,0.3346,0.3346,19920.4
1790982900000,0.3346,0.3347,0.3346,0.3347,24235.8
1790982960000,0.3346,0.3347,0.3346,0.3346,5435.7
1790983020000,0.3347,0.3347,0.3346,0.3346,6445.0
1790983080000,0.3347,0.3347,0.3346,0.3346,8469.8
1790983140000,0.3347,0.3347,0.3346,0.3346,40869.2
1790983200000,0.3346,0.3348,0.3346,0.3348,48901.7
1790983260000,0.3348,0.3348,0.3347,0.3347,8847.5
1790983320000,0.3348,0.3348,0.3347,0.3347,3175.0
1790983380000,0.3348,0.3348,0.3347,0.3347,5366.8
1790983440000,0.3348,0.3348,0.3347,0.3348,9120.9
1790983500000,0.3348,0.3348,0.3347,0.3348,10279.1
1790983560000,0.3348,0.3348,0.3347,0.3347,192925.7
1790983620000,0.3346,0.3347,0.3346,0.3347,9563.5
1790983680000,0.3347,0.3347,0.3346,0.3346,4269.5
1790983740000,0.3346,0.3346,0.3345,0.3346,239630.5
1790983800000,0.3347,0.3347,0.3346,0.3347,36468.9
1790983860000,0.3346,0.3347,0.3346,0.3347,5550.8
1790983920000,0.3347,0.3347,0.3346,0.3346,8265.0
1790983980000,0.3347,0.3347,0.3346,0.3347,5076.9
1790984040000,0.3347,0.3347,0.3346,0.3346,21063.8
1790984100000,0.3347,0.3347,0.3346,0.3347,7391.2
1790984160000,0.3347,0.3347,0.3346,0.3346,2194.4
1790984220000,0.3347,0.3347,0.3346,0.3346,2802.2
1790984280000,0.3347,0.3347,0.3346,0.3346,3255.4
1790984340000,0.3346,0.3346,0.3345,0.3346,8629.7
1790984400000,0.3346,0.3346,0.3345,0.3346,21837.0
1790984460000,0.3346,0.3346,0.3345,0.3346,9888.7
1790984520000,0.3346,0.3346,0.3345,0.3345,7612.0
1790984580000,0.3346,0.3347,0.3345,0.3345,16382.2
1790984640000,0.3346,0.3346,0.3345,0.3346,4825.9
1790984700000,0.3346,0.3346,0.3345,0.3346,4376.1
1790984760000,0.3346,0.3346,0.3345,0.3345,8052.0
1790984820000,0.3345,0.3347,0.3345,0.3347,113306.1
1790984880000,0.3347,0.3347,0.3346,0.3347,38857.8
1790984940000,0.3347,0.3347,0.3346,0.3346,13023.5
1790985000000,0.3346,0.3347,0.3346,0.3347,8277.0
1790985060000,0.3346,0.3347,0.3346,0.3346,13279.4
1790985120000,0.3346,0.3347,0.3346,0.3347,14972.6
1790985180000,0.3346,0.3347,0.3346,0.3347,9159.7
1790985240000,0.3346,0.3347,0.3346,0.3347,8845.2
1790985300000,0.3347,0.3347,0.3346,0.3346,10057.0
1790985360000,0.3347,0.3347,0.3346,0.3347,13617.9
1790985420000,0.3347,0.3347,0.3346,0.3347,19007.5
1790985480000,0.3346,0.3347,0.3346,0.3346,10164.6
1790985540000,0.3346,0.3347,0.3346,0.3347,19853.3
1790985600000,0.3346,0.3346,0.3344,0.3344,88417.9
1790985660000,0.3344,0.3345,0.3344,0.3345,6632.7
1790985720000,0.3344,0.3345,0.3344,0.3344,17430.7
1790985780000,0.3345,0.3346,0.3344,0.3345,37421.9
1790985840000,0.3346,0.3346,0.3345,0.3346,4725.3
1790985900000,0.3345,0.3346,0.3345,0.3346,15520.8
1790985960000,0.3346,0.3346,0.3345,0.3346,5864.1
1790986020000,0.3345,0.3345,0.3344,0.3344,21976.0
1790986080000,0.3345,0.3345,0.3344,0.3344,9310.6
1790986140000,0.3344,0.3345,0.3344,0.3345,1567.9
1790986200000,0.3344,0.3345,0.3344,0.3345,107845.4
1790986260000,0.3346,0.3346,0.3345,0.3345,9677.0
1790986320000,0.3345,0.3347,0.3345,0.3347,15503.4
1790986380000,0.3347,0.3347,0.3346,0.3346,5201.1
1790986440000,0.3346,0.3347,0.3346,0.3347,5846.9
1790986500000,0.3347,0.3347,0.3346,0.3346,6319.8
1790986560000,0.3347,0.3347,0.3346,0.3346,18297.9
1790986620000,0.3347,0.3347,0.3346,0.3347,3349.4
1790986680000,0.3347,0.3347,0.3346,0.3346,22363.1
1790986740000,0.3346,0.3346,0.3345,0.3346,4222.0
1790986800000,0.3346,0.3346,0.3345,0.3345,2023.6
1790986860000,0.3345,0.3346,0.3345,0.3345,9872.5
1790986920000,0.3345,0.3346,0.3345,0.3345,13728.2
1790986980000,0.3345,0.3346,0.3345,0.3345,17830.9
1790987040000,0.3346,0.3346,0.3345,0.3346,35628.1
1790987100000,0.3345,0.3346,0.3345,0.3345,6328.7
1790987160000,0.3346,0.3346,0.3345,0.3346,12221.2
1790987220000,0.3345,0.3345,0.3344,0.3345,273421.5
1790987280000,0.3344,0.3345,0.3344,0.3344,17592.9
1790987340000,0.3345,0.3345,0.3344,0.3344,157709.1
1790987400000,0.3344,0.3345,0.3344,0.3345,15964.7
1790987460000,0.3344,0.3345,0.3344,0.3344,13984.2
1790987520000,0.3345,0.3345,0.3344,0.3345,11225.9
1790987580000,0.3345,0.3346,0.3345,0.3346,13054.3
1790987640000,0.3345,0.3346,0.3345,0.3345,21849.6
1790987700000,0.3345,0.3346,0.3345,0.3345,4475.8
1790987760000,0.3346,0.3346,0.3345,0.3346,8113.6
1790987820000,0.3345,0.3346,0.3345,0.3345,6071.4
1790987880000,0.3346,0.3346,0.3344,0.3345,6030.5
1790987940000,0.3345,0.3345,0.3344,0.3345,3031.2
1790988000000,0.3344,0.3345,0.3344,0.3345,3693.3
1790988060000,0.3345,0.3345,0.3344,0.3345,6064.8
1790988120000,0.3345,0.3345,0.3344,0.3345,16008.0
1790988180000,0.3345,0.3345,0.3344,0.3344,11085.1
1790988240000,0.3344,0.3345,0.3344,0.3344,3513.9
1790988300000,0.3345,0.3345,0.3344,0.3345,3303.5
1790988360000,0.3344,0.3345,0.3344,0.3344,2827.7
1790988420000,0.3345,0.3345,0.3344,0.3345,19534.6
1790988480000,0.3344,0.3345,0.3344,0.3345,4369.3
1790988540000,0.3344,0.3346,0.3344,0.3345,102560.6
1790988600000,0.3346,0.3346,0.3345,0.3346,7235.3
1790988660000,0.3346,0.3346,0.3345,0.3346,13032.5
1790988720000,0.3346,0.3346,0.3345,0.3345,3728.9
1790988780000,0.3346,0.3346,0.3345,0.3346,3603.9
1790988840000,0.3345,0.3346,0.3345,0.3346,38922.5
1790988900000,0.3346,0.3346,0.3345,0.3345,3144.5
1790988960000,0.3346,0.3346,0.3345,0.3346,5971.8
1790989020000,0.3346,0.3346,0.3345,0.3346,3288.8
1790989080000,0.3345,0.3346,0.3345,0.3345,3786.3
1790989140000,0.3346,0.3346,0.3345,0.3345,8306.7
1790989200000,0.3346,0.3346,0.3345,0.3346,6597.1
1790989260000,0.3345,0.3346,0.3345,0.3346,4238.2
1790989320000,0.3345,0.3346,0.3345,0.3346,7146.9
1790989380000,0.3346,0.3346,0.3345,0.3345,7148.2
1790989440000,0.3345,0.3348,0.3345,0.3348,160011.3
1790989500000,0.3348,0.3348,0.3347,0.3348,12098.7
1790989560000,0.3347,0.3348,0.3347,0.3348,19241.0
1790989620000,0.3348,0.3348,0.3347,0.3347,32368.6
1790989680000,0.3348,0.3348,0.3347,0.3348,3972.4
1790989740000,0.3348,0.3348,0.3347,0.3348,4139.8
1790989800000,0.3348,0.3348,0.3347,0.3347,3440.2
1790989860000,0.3348,0.3349,0.3347,0.3349,82632.8
1790989920000,0.3349,0.3349,0.3348,0.3349,1909.7
1790989980000,0.3349,0.3349,0.3348,0.3349,8254.6
1790990040000,0.3348,0.3349,0.3348,0.3349,10596.9
1790990100000,0.3349,0.3349,0.3348,0.3349,3666.3
1790990160000,0.3348,0.3349,0.3348,0.3349,11525.7
1790990220000,0.3349,0.3349,0.3348,0.3348,13901.1
1790990280000,0.3349,0.3349,0.3348,0.3349,6762.5
1790990340000,0.3349,0.3349,0.3347,0.3347,33175.7
1790990400000,0.3348,0.3349,0.3348,0.3348,26829.4
1790990460000,0.3349,0.3349,0.3348,0.3349,3954.6
1790990520000,0.3348,0.3349,0.3348,0.3348,9010.1
1790990580000,0.3349,0.3349,0.3348,0.3348,9573.3
1790990640000,0.3349,0.3349,0.3348,0.3349,17648.0
1790990700000,0.3348,0.3349,0.3348,0.3348,7371.9
1790990760000,0.3349,0.3349,0.3348,0.3348,32769.7
1790990820000,0.3349,0.3349,0.3348,0.3348,17358.1
1790990880000,0.3349,0.3349,0.3348,0.3348,9926.2
1790990940000,0.3347,0.3348,0.3347,0.3348,13273.7
1790991000000,0.3348,0.3348,0.3347,0.3347,8060.8
1790991060000,0.3347,0.3348,0.3347,0.3347,6525.1
1790991120000,0.3348,0.3348,0.3347,0.3347,5850.6
1790991180000,0.3348,0.3348,0.3347,0.3348,5781.0
1790991240000,0.3348,0.3348,0.3347,0.3347,5852.5
1790991300000,0.3347,0.3349,0.3347,0.3349,72654.2
1790991360000,0.3349,0.3349,0.3348,0.3349,6801.7
1790991420000,0.3349,0.3349,0.3348,0.3348,9821.9
1790991480000,0.3349,0.3349,0.3348,0.3348,17743.8
1790991540000,0.3349,0.3349,0.3348,0.3349,4833.5
1790991600000,0.3348,0.3349,0.3348,0.3348,4019.4
1790991660000,0.3349,0.335,0.3348,0.3349,537811.3
1790991720000,0.335,0.335,0.3349,0.3349,11348.1
1790991780000,0.3349,0.335,0.3349,0.335,35879.7
1790991840000,0.335,0.335,0.3349,0.335,6430.4
1790991900000,0.335,0.335,0.3349,0.3349,5075.8
1790991960000,0.3349,0.335,0.3349,0.335,23620.5
1790992020000,0.335,0.335,0.3349,0.3349,2986.0
1790992080000,0.335,0.335,0.3349,0.3349,2301.7
1790992140000,0.335,0.335,0.3349,0.3349,2984.6
1790992200000,0.335,0.335,0.3348,0.3349,73660.8
1790992260000,0.3349,0.3349,0.3348,0.3349,10807.3
1790992320000,0.3348,0.3349,0.3348,0.3348,12859.9
1790992380000,0.3348,0.3349,0.3347,0.3347,40027.8
1790992440000,0.3347,0.3348,0.3346,0.3347,27232.4
1790992500000,0.3346,0.3347,0.3346,0.3346,12890.3
1790992560000,0.3346,0.3347,0.3346,0.3347,10536.4
1790992620000,0.3347,0.3347,0.3346,0.3347,5214.1
1790992680000,0.3347,0.3347,0.3346,0.3346,4956.4
1790992740000,0.3347,0.3347,0.3346,0.3346,14031.8
1790992800000,0.3347,0.3347,0.3346,0.3347,3746.0
1790992860000,0.3346,0.3347,0.3346,0.3346,6677.6
1790992920000,0.3346,0.3347,0.3346,0.3347,53459.2
1790992980000,0.3346,0.3347,0.3346,0.3347,6635.6
1790993040000,0.3346,0.3347,0.3346,0.3346,4873.2
1790993100000,0.3346,0.3347,0.3345,0.3346,18710.1
1790993160000,0.3345,0.3346,0.3345,0.3346,9990.7
1790993220000,0.3346,0.3346,0.3345,0.3345,5563.2
1790993280000,0.3346,0.3346,0.3345,0.3346,4195.7
1790993340000,0.3345,0.3346,0.3345,0.3346,3039.8
1790993400000,0.3346,0.3346,0.3345,0.3345,36710.6
1790993460000,0.3345,0.3346,0.3345,0.3345,135364.4
1790993520000,0.3345,0.3346,0.3345,0.3345,15314.3
1790993580000,0.3346,0.3346,0.3345,0.3346,7252.0
1790993640000,0.3345,0.3346,0.3345,0.3346,7075.9
1790993700000,0.3345,0.3346,0.3345,0.3346,9936.4
1790993760000,0.3345,0.3346,0.3345,0.3345,4670.0
1790993820000,0.3345,0.3346,0.3345,0.3345,19075.6
1790993880000,0.3346,0.3346,0.3345,0.3346,2427.6
1790993940000,0.3345,0.3346,0.3345,0.3345,4688.8
1790994000000,0.3346,0.3346,0.3345,0.3346,3594.7
1790994060000,0.3346,0.3346,0.3345,0.3346,11384.1
1790994120000,0.3345,0.3346,0.3345,0.3346,5501.3
1790994180000,0.3346,0.3346,0.3345,0.3346,11798.4
1790994240000,0.3346,0.3346,0.3345,0.3346,6212.6
1790994300000,0.3346,0.3346,0.3345,0.3345,5375.6
1790994360000,0.3345,0.3346,0.3345,0.3345,2962.4
1790994420000,0.3346,0.3346,0.3345,0.3345,14823.5
1790994480000,0.3346,0.3346,0.3345,0.3345,5971.7
1790994540000,0.3346,0.3346,0.3345,0.3345,10764.6
1790994600000,0.3346,0.3346,0.3345,0.3346,3303.7
1790994660000,0.3345,0.3346,0.3345,0.3346,5249.4
1790994720000,0.3346,0.3346,0.3345,0.3345,7723.0
1790994780000,0.3346,0.3346,0.3345,0.3346,4398.7
1790994840000,0.3346,0.3346,0.3345,0.3345,8658.7
1790994900000,0.3345,0.3346,0.3345,0.3346,2067.4
1790994960000,0.3346,0.3346,0.3345,0.3346,1870.4
1790995020000,0.3346,0.3346,0.3345,0.3346,12182.9
1790995080000,0.3345,0.3346,0.3344,0.3344,348634.9
1790995140000,0.3344,0.3345,0.3344,0.3344,171418.0
1790995200000,0.3344,0.3345,0.3344,0.3344,70124.0
1790995260000,0.3344,0.3345,0.3344,0.3345,6719.6
1790995320000,0.3344,0.3345,0.3344,0.3345,8238.8
1790995380000,0.3345,0.3345,0.3344,0.3345,15380.7
1790995440000,0.3344,0.3345,0.3344,0.3345,8443.7
1790995500000,0.3344,0.3345,0.3344,0.3345,7752.5
1790995560000,0.3344,0.3345,0.3344,0.3345,9863.6
1790995620000,0.3344,0.3345,0.3344,0.3345,9665.1
1790995680000,0.3344,0.3345,0.3344,0.3344,12041.1
1790995740000,0.3344,0.3345,0.3344,0.3345,9566.8
1790995800000,0.3344,0.3345,0.3344,0.3345,16317.2
1790995860000,0.3344,0.3345,0.3344,0.3345,12982.2
1790995920000,0.3344,0.3345,0.3344,0.3345,5475.9
1790995980000,0.3344,0.3345,0.3344,0.3345,5233.3
1790996040000,0.3344,0.3345,0.3344,0.3344,36965.6
1790996100000,0.3344,0.3345,0.3344,0.3345,30426.6
1790996160000,0.3345,0.3345,0.3344,0.3345,8524.4
1790996220000,0.3344,0.3345,0.3344,0.3345,16509.4
1790996280000,0.3345,0.3345,0.3344,0.3344,10902.3
1790996340000,0.3345,0.3345,0.3344,0.3344,8213.4
1790996400000,0.3344,0.3345,0.3344,0.3345,19844.0
1790996460000,0.3345,0.3345,0.3344,0.3345,6353.1
1790996520000,0.3345,0.3345,0.3344,0.3345,6267.0
1790996580000,0.3344,0.3345,0.3344,0.3344,7709.8
1790996640000,0.3344,0.3345,0.3344,0.3344,106286.0
1790996700000,0.3344,0.3345,0.3344,0.3345,16673.0
1790996760000,0.3344,0.3345,0.3344,0.3345,16606.4
1790996820000,0.3344,0.3345,0.3344,0.3344,15654.8
1790996880000,0.3344,0.3345,0.3344,0.3344,8551.2
1790996940000,0.3344,0.3345,0.3344,0.3345,7393.9
1790997000000,0.3344,0.3345,0.3344,0.3345,27477.2
1790997060000,0.3344,0.3345,0.3344,0.3345,6617.4
1790997120000,0.3344,0.3345,0.3344,0.3345,18392.1
1790997180000,0.3345,0.3345,0.3344,0.3345,8993.0
1790997240000,0.3344,0.3345,0.3344,0.3345,10552.5
1790997300000,0.3344,0.3345,0.3344,0.3345,7153.8
1790997360000,0.3344,0.3345,0.3344,0.3344,7672.8
1790997420000,0.3344,0.3345,0.3344,0.3345,11383.9
1790997480000,0.3344,0.3345,0.3344,0.3345,7704.7
1790997540000,0.3344,0.3344,0.3343,0.3344,35766.6
1790997600000,0.3343,0.3344,0.3343,0.3343,9529.3
1790997660000,0.3344,0.3344,0.3343,0.3344,20799.9
1790997720000,0.3344,0.3344,0.3343,0.3344,10651.8
1790997780000,0.3343,0.3344,0.3343,0.3343,14153.8
1790997840000,0.3344,0.3344,0.3343,0.3344,9478.2
1790997900000,0.3343,0.3344,0.3343,0.3343,8849.8
1790997960000,0.3343,0.3344,0.3343,0.3344,9902.7
1790998020000,0.3343,0.3344,0.3343,0.3343,9804.0
1790998080000,0.3343,0.3344,0.3343,0.3343,23823.7
1790998140000,0.3343,0.3344,0.3343,0.3344,6698.7
1790998200000,0.3344,0.3344,0.3343,0.3344,12971.6
1790998260000,0.3343,0.3344,0.3343,0.3344,9894.0
1790998320000,0.3343,0.3344,0.3343,0.3344,24478.5
1790998380000,0.3344,0.3344,0.3343,0.3344,7935.4
1790998440000,0.3344,0.3344,0.3343,0.3344,8957.5
1790998500000,0.3344,0.3344,0.3343,0.3344,32445.4
1790998560000,0.3344,0.3344,0.3343,0.3344,10779.2
1790998620000,0.3343,0.3344,0.3343,0.3344,19080.6
1790998680000,0.3343,0.3344,0.3343,0.3344,23382.7
1790998740000,0.3343,0.3344,0.3343,0.3343,14392.9
1790998800000,0.3343,0.3344,0.3343,0.3343,7875.7
1790998860000,0.3343,0.3344,0.3343,0.3344,7023.5
1790998920000,0.3343,0.3344,0.3343,0.3343,5126.9
1790998980000,0.3344,0.3344,0.3343,0.3344,9497.9
1790999040000,0.3344,0.3344,0.3343,0.3344,11055.4
1790999100000,0.3344,0.3344,0.3343,0.3343,14870.8
1790999160000,0.3343,0.3344,0.3343,0.3343,51140.4
1790999220000,0.3343,0.3344,0.3343,0.3343,34230.3
1790999280000,0.3343,0.3344,0.3343,0.3343,70288.5
1790999340000,0.3343,0.3344,0.3343,0.3343,95828.3
1790999400000,0.3343,0.3344,0.3343,0.3344,47885.0
1790999460000,0.3343,0.3344,0.3343,0.3343,27708.8
1790999520000,0.3343,0.3344,0.3343,0.3343,83831.5
1790999580000,0.3343,0.3344,0.3343,0.3344,8914.0
1790999640000,0.3344,0.3344,0.3343,0.3343,8612.8
1790999700000,0.3343,0.3344,0.3343,0.3343,6030.2
1790999760000,0.3343,0.3344,0.3343,0.3343,20956.6
1790999820000,0.3343,0.3344,0.3343,0.3343,33897.9
1790999880000,0.3343,0.3344,0.3343,0.3344,8378.1
1790999940000,0.3343,0.3344,0.3343,0.3344,9420.8
1791000000000,0.3343,0.3344,0.3342,0.3343,326865.7
1791000060000,0.3343,0.3343,0.3342,0.3343,9671.5
1791000120000,0.3342,0.3344,0.3342,0.3343,414779.4
1791000180000,0.3343,0.3344,0.3343,0.3344,66994.6
1791000240000,0.3343,0.3343,0.3342,0.3343,48682.6
1791000300000,0.3342,0.3343,0.3342,0.3342,14643.6
1791000360000,0.3342,0.3343,0.3342,0.3342,10066.4
1791000420000,0.3343,0.3343,0.3342,0.3342,18612.1
1791000480000,0.3342,0.3343,0.3342,0.3343,78481.4
1791000540000,0.3342,0.3343,0.3342,0.3343,19958.2
1791000600000,0.3342,0.3343,0.3342,0.3343,7585.4
1791000660000,0.3342,0.3343,0.3342,0.3343,17501.9
1791000720000,0.3343,0.3343,0.3342,0.3342,8586.5
1791000780000,0.3343,0.3343,0.3342,0.3343,9975.3
1791000840000,0.3343,0.3343,0.3342,0.3343,8046.9
1791000900000,0.3342,0.3343,0.3342,0.3342,10846.4
1791000960000,0.3342,0.3343,0.3342,0.3342,12250.9
1791001020000,0.3343,0.3343,0.3342,0.3343,7582.8
1791001080000,0.3342,0.3343,0.3342,0.3343,6730.7
1791001140000,0.3342,0.3343,0.3342,0.3342,9837.3
1791001200000,0.3342,0.3343,0.3342,0.3342,9841.7
1791001260000,0.3342,0.3343,0.3342,0.3343,6554.1
1791001320000,0.3342,0.3343,0.3342,0.3343,11492.4
1791001380000,0.3343,0.3343,0.3342,0.3343,8141.2
1791001440000,0.3343,0.3343,0.3342,0.3343,6713.5
1791001500000,0.3342,0.3343,0.3342,0.3343,5792.8
1791001560000,0.3343,0.3343,0.3342,0.3343,10373.9
1791001620000,0.3343,0.3343,0.3342,0.3343,8620.2
1791001680000,0.3342,0.3343,0.3342,0.3342,13958.6
1791001740000,0.3343,0.3343,0.3342,0.3343,19831.9
1791001800000,0.3342,0.3344,0.3342,0.3343,15375.2
1791001860000,0.3343,0.3344,0.3343,0.3343,18895.7
1791001920000,0.3343,0.3344,0.3343,0.3344,10336.9
1791001980000,0.3343,0.3344,0.3343,0.3343,15017.3
1791002040000,0.3343,0.3344,0.3343,0.3344,7351.7
1791002100000,0.3344,0.3344,0.3343,0.3343,10896.4
1791002160000,0.3343,0.3344,0.3343,0.3344,25475.4
1791002220000,0.3343,0.3344,0.3343,0.3343,22915.0
1791002280000,0.3344,0.3345,0.3343,0.3345,16121.2
1791002340000,0.3344,0.3345,0.3344,0.3344,8038.8
1791002400000,0.3345,0.3345,0.3344,0.3345,18597.3
1791002460000,0.3345,0.3345,0.3344,0.3344,10355.9
1791002520000,0.3344,0.3345,0.3344,0.3344,8500.3
1791002580000,0.3344,0.3344,0.3343,0.3344,12963.0
1791002640000,0.3344,0.3344,0.3343,0.3344,18518.0
1791002700000,0.3343,0.3344,0.3343,0.3343,6715.6
1791002760000,0.3343,0.3344,0.3343,0.3343,22512.1
1791002820000,0.3343,0.3344,0.3343,0.3343,14882.5
1791002880000,0.3343,0.3344,0.3343,0.3344,12263.6
1791002940000,0.3344,0.3344,0.3343,0.3344,25720.5
1791003000000,0.3344,0.3344,0.3343,0.3344,8424.6
1791003060000,0.3343,0.3344,0.3343,0.3343,30665.9
1791003120000,0.3343,0.3344,0.3343,0.3343,8432.6
1791003180000,0.3343,0.3345,0.3343,0.3345,74063.1
1791003240000,0.3345,0.3346,0.3344,0.3345,33771.3
1791003300000,0.3346,0.3346,0.3345,0.3346,15597.4
1791003360000,0.3345,0.3346,0.3345,0.3346,21688.1
1791003420000,0.3345,0.3346,0.3345,0.3345,9048.5
1791003480000,0.3345,0.3346,0.3345,0.3345,7691.2
1791003540000,0.3345,0.3346,0.3345,0.3345,25909.4
1791003600000,0.3345,0.3346,0.3344,0.3345,136778.4
1791003660000,0.3344,0.3345,0.3344,0.3345,10307.9
1791003720000,0.3345,0.3345,0.3344,0.3345,14633.9
1791003780000,0.3344,0.3345,0.3344,0.3345,20181.0
1791003840000,0.3345,0.3346,0.3344,0.3346,100696.1
1791003900000,0.3345,0.3347,0.3345,0.3347,201193.8
1791003960000,0.3346,0.3347,0.3346,0.3347,17016.2
1791004020000,0.3347,0.3347,0.3346,0.3347,19084.3
1791004080000,0.3347,0.3347,0.3346,0.3347,10522.9
1791004140000,0.3346,0.3347,0.3346,0.3347,18941.0
1791004200000,0.3346,0.3347,0.3346,0.3347,14195.6
1791004260000,0.3346,0.3347,0.3346,0.3347,8732.9
1791004320000,0.3346,0.3347,0.3346,0.3347,13906.8
1791004380000,0.3347,0.3347,0.3346,0.3347,10630.0
1791004440000,0.3347,0.3347,0.3346,0.3347,8898.0
1791004500000,0.3347,0.3347,0.3346,0.3346,16831.1
1791004560000,0.3346,0.3348,0.3346,0.3348,23851.1
1791004620000,0.3348,0.3348,0.3347,0.3347,135553.4
1791004680000,0.3347,0.3348,0.3347,0.3348,8997.4
1791004740000,0.3348,0.3348,0.3347,0.3348,10595.5
1791004800000,0.3347,0.3348,0.3347,0.3348,26927.0
1791004860000,0.3348,0.3348,0.3347,0.3348,12124.7
1791004920000,0.3348,0.3348,0.3347,0.3348,7426.2
1791004980000,0.3348,0.3348,0.3347,0.3348,17819.4
1791005040000,0.3348,0.3348,0.3347,0.3348,12736.5
1791005100000,0.3348,0.335,0.3347,0.3349,724275.9
1791005160000,0.3349,0.3351,0.3349,0.3351,78966.5
1791005220000,0.335,0.3351,0.335,0.3351,18165.4
1791005280000,0.335,0.3351,0.335,0.3351,8246.4
1791005340000,0.3351,0.3351,0.335,0.3351,12673.9
1791005400000,0.335,0.3351,0.335,0.3351,73835.1
1791005460000,0.335,0.3351,0.335,0.3351,9534.3
1791005520000,0.335,0.3351,0.335,0.3351,8672.1
1791005580000,0.335,0.3351,0.335,0.335,14359.2
1791005640000,0.335,0.3351,0.335,0.3351,6121.2
1791005700000,0.335,0.3351,0.3349,0.335,62104.3
1791005760000,0.3349,0.335,0.3349,0.335,23029.7
1791005820000,0.335,0.335,0.3349,0.335,18841.4
1791005880000,0.3349,0.335,0.3349,0.335,22140.9
1791005940000,0.3349,0.335,0.3349,0.335,11681.8
1791006000000,0.3349,0.335,0.3349,0.335,30256.4
1791006060000,0.335,0.335,0.3349,0.335,23447.1
1791006120000,0.3349,0.335,0.3348,0.3349,17378.9
1791006180000,0.3349,0.3349,0.3348,0.3349,11262.9
1791006240000,0.3349,0.3349,0.3348,0.3349,9504.4
1791006300000,0.3348,0.3349,0.3348,0.3349,16035.2
1791006360000,0.3349,0.3349,0.3348,0.3349,20276.0
1791006420000,0.3348,0.335,0.3348,0.335,31693.1
1791006480000,0.3349,0.335,0.3349,0.3349,7118.1
1791006540000,0.335,0.335,0.3349,0.3349,10734.2
1791006600000,0.3349,0.3349,0.3348,0.3349,13454.4
1791006660000,0.3349,0.3349,0.3348,0.3348,9312.9
1791006720000,0.3349,0.3349,0.3348,0.3348,8878.4
1791006780000,0.3349,0.3349,0.3348,0.3349,11889.3
1791006840000,0.3348,0.3349,0.3348,0.3349,9400.5
1791006900000,0.3349,0.3349,0.3348,0.3349,30962.1
1791006960000,0.3349,0.3349,0.3348,0.3349,10087.8
1791007020000,0.3349,0.3349,0.3348,0.3348,9592.5
1791007080000,0.3348,0.3349,0.3348,0.3349,7163.6
1791007140000,0.3348,0.3349,0.3348,0.3348,13772.3
1791007200000,0.3348,0.3352,0.3348,0.3352,440295.1
1791007260000,0.3351,0.3354,0.3351,0.3354,835962.7
1791007320000,0.3354,0.3355,0.3353,0.3355,490617.3
1791007380000,0.3355,0.3355,0.3354,0.3355,15162.7
1791007440000,0.3355,0.3355,0.3354,0.3355,27136.8
1791007500000,0.3355,0.3355,0.3354,0.3354,4707.3
1791007560000,0.3354,0.3356,0.3354,0.3356,360291.2
1791007620000,0.3356,0.3356,0.3355,0.3356,18544.0
1791007680000,0.3355,0.3356,0.3355,0.3356,210928.9
1791007740000,0.3355,0.3356,0.3355,0.3356,26285.8
1791007800000,0.3356,0.3359,0.3355,0.3358,1156344.7
1791007860000,0.3359,0.3359,0.3358,0.3358,34245.9
1791007920000,0.3359,0.3359,0.3357,0.3358,138054.2
1791007980000,0.3358,0.3358,0.3357,0.3358,9453.6
1791008040000,0.3357,0.3358,0.3357,0.3357,58126.7
1791008100000,0.3356,0.3357,0.3356,0.3357,5395.1
1791008160000,0.3356,0.3357,0.3356,0.3356,8214.6
1791008220000,0.3356,0.3357,0.3356,0.3357,11911.0
1791008280000,0.3357,0.3357,0.3356,0.3357,13240.5
1791008340000,0.3357,0.3357,0.3356,0.3357,10488.1
1791008400000,0.3357,0.3357,0.3356,0.3357,7740.9
1791008460000,0.3357,0.3357,0.3356,0.3356,4771.0
1791008520000,0.3357,0.3357,0.3356,0.3356,6253.2
1791008580000,0.3357,0.3357,0.3356,0.3357,11534.7
1791008640000,0.3357,0.3357,0.3355,0.3356,122385.0
1791008700000,0.3356,0.3356,0.3355,0.3355,23300.9
1791008760000,0.3356,0.3356,0.3352,0.3353,721552.5
1791008820000,0.3353,0.3353,0.3352,0.3353,21843.9
1791008880000,0.3353,0.3353,0.335,0.335,55654.3
1791008940000,0.3351,0.3351,0.335,0.335,55572.4
1791009000000,0.335,0.3351,0.335,0.3351,11019.7
1791009060000,0.3351,0.3351,0.335,0.3351,20473.4
1791009120000,0.3351,0.3351,0.335,0.3351,15697.7
1791009180000,0.335,0.3352,0.335,0.3351,67029.4
1791009240000,0.3351,0.3351,0.335,0.335,27265.3
1791009300000,0.3351,0.3351,0.335,0.335,8091.6
1791009360000,0.335,0.3351,0.335,0.3351,27473.3
1791009420000,0.3351,0.3352,0.335,0.3351,32463.0
1791009480000,0.3352,0.3352,0.3351,0.3351,25686.1
1791009540000,0.3352,0.3352,0.3351,0.3352,10456.0
1791009600000,0.3351,0.3353,0.3351,0.3353,63109.5
1791009660000,0.3353,0.3353,0.3352,0.3353,6384.9
1791009720000,0.3353,0.3353,0.3352,0.3353,21034.4
1791009780000,0.3352,0.3353,0.3352,0.3353,16712.4
1791009840000,0.3353,0.3353,0.3352,0.3353,31236.1
1791009900000,0.3353,0.3353,0.3352,0.3353,4875.5
1791009960000,0.3353,0.3353,0.3352,0.3353,4988.8
1791010020000,0.3352,0.3353,0.3352,0.3353,12044.0
1791010080000,0.3352,0.3353,0.3352,0.3353,10891.5
1791010140000,0.3353,0.3353,0.3351,0.3351,21904.4
1791010200000,0.3351,0.3352,0.3351,0.3351,10401.8
1791010260000,0.3352,0.3352,0.3351,0.3352,11014.7
1791010320000,0.3351,0.3352,0.3351,0.3352,50082.9
1791010380000,0.3351,0.3352,0.3351,0.3351,5271.6
1791010440000,0.3352,0.3352,0.3351,0.3351,10207.7
1791010500000,0.3352,0.3352,0.3351,0.3352,60072.4
1791010560000,0.3352,0.3352,0.3351,0.3352,20401.1
1791010620000,0.3352,0.3352,0.3351,0.3351,24650.5
1791010680000,0.3352,0.3352,0.3351,0.3351,4346.5
1791010740000,0.3352,0.3352,0.3351,0.3352,7038.7
1791010800000,0.3352,0.3352,0.3351,0.3352,18037.2
1791010860000,0.3352,0.3352,0.3351,0.3352,71465.8
1791010920000,0.3351,0.3352,0.3351,0.3351,13551.6
1791010980000,0.3352,0.3353,0.3351,0.3353,38135.7
1791011040000,0.3353,0.3353,0.3352,0.3353,11843.3
1791011100000,0.3353,0.3353,0.3352,0.3353,17892.2
1791011160000,0.3353,0.3353,0.3352,0.3352,9855.4
1791011220000,0.3353,0.3353,0.3352,0.3353,21254.6
1791011280000,0.3352,0.3353,0.3352,0.3353,24569.6
1791011340000,0.3353,0.3353,0.3352,0.3353,24914.6
1791011400000,0.3353,0.3353,0.3352,0.3353,17782.0
1791011460000,0.3353,0.3353,0.3352,0.3353,28653.9
1791011520000,0.3352,0.3354,0.3352,0.3354,65583.6
1791011580000,0.3354,0.3354,0.3353,0.3354,31332.2
1791011640000,0.3354,0.3354,0.3353,0.3354,37064.0
1791011700000,0.3354,0.3354,0.3353,0.3354,20822.5
1791011760000,0.3353,0.3354,0.3353,0.3354,39998.8
1791011820000,0.3354,0.3355,0.3353,0.3355,141327.9
1791011880000,0.3355,0.3355,0.3353,0.3353,47725.3
1791011940000,0.3353,0.3354,0.3353,0.3354,16001.6
1791012000000,0.3354,0.3354,0.3352,0.3352,14542.5
1791012060000,0.3352,0.3353,0.3352,0.3352,9730.0
1791012120000,0.3352,0.3353,0.3352,0.3353,15981.7
1791012180000,0.3352,0.3353,0.3352,0.3353,12486.8
1791012240000,0.3353,0.3353,0.3352,0.3353,19598.4
1791012300000,0.3353,0.3353,0.3352,0.3353,6386.3
1791012360000,0.3353,0.3353,0.3352,0.3353,10663.6
1791012420000,0.3352,0.3353,0.3352,0.3353,9217.2
1791012480000,0.3353,0.3353,0.3352,0.3353,14850.0
1791012540000,0.3353,0.3353,0.3352,0.3353,9836.3
1791012600000,0.3353,0.3353,0.3352,0.3352,16716.3
1791012660000,0.3353,0.3353,0.3352,0.3352,30981.3
1791012720000,0.3353,0.3354,0.3352,0.3354,38180.1
1791012780000,0.3353,0.3354,0.3353,0.3353,9072.1
1791012840000,0.3354,0.3354,0.3353,0.3353,13718.4
1791012900000,0.3354,0.3354,0.3353,0.3354,12484.2
1791012960000,0.3354,0.3354,0.3353,0.3354,12000.7
1791013020000,0.3354,0.3354,0.3353,0.3354,18294.9
1791013080000,0.3353,0.3354,0.3353,0.3354,10044.1
1791013140000,0.3353,0.3354,0.3353,0.3353,21346.8
1791013200000,0.3353,0.3354,0.3353,0.3354,7291.2
1791013260000,0.3353,0.3353,0.3352,0.3352,77649.0
1791013320000,0.3353,0.3353,0.3352,0.3353,18962.4
1791013380000,0.3353,0.3353,0.3352,0.3353,5293.0
1791013440000,0.3353,0.3353,0.3352,0.3353,9529.7
1791013500000,0.3353,0.3353,0.3352,0.3352,38072.2
1791013560000,0.3352,0.3353,0.3352,0.3353,7457.3
1791013620000,0.3352,0.3353,0.3352,0.3353,9587.9
1791013680000,0.3353,0.3353,0.3352,0.3352,6278.4
1791013740000,0.3353,0.3353,0.3352,0.3353,18424.6
1791013800000,0.3353,0.3353,0.3352,0.3353,7477.5
1791013860000,0.3353,0.3353,0.3352,0.3353,8983.3
1791013920000,0.3353,0.3353,0.3352,0.3352,11275.4
1791013980000,0.3353,0.3353,0.3352,0.3352,5220.3
1791014040000,0.3352,0.3353,0.3351,0.3352,382596.7
1791014100000,0.3352,0.3353,0.3352,0.3353,8030.8
1791014160000,0.3353,0.3353,0.3352,0.3353,12209.3
1791014220000,0.3353,0.3353,0.3352,0.3353,6557.2
1791014280000,0.3353,0.3353,0.3352,0.3352,28672.4
1791014340000,0.3352,0.3353,0.3352,0.3353,21920.0
1791014400000,0.3353,0.3354,0.3352,0.3353,22025.0
1791014460000,0.3354,0.3354,0.3353,0.3354,13884.5
1791014520000,0.3354,0.3354,0.3353,0.3354,9648.8
1791014580000,0.3354,0.3354,0.3351,0.3352,210648.8
1791014640000,0.3352,0.3355,0.3352,0.3354,44235.0
1791014700000,0.3355,0.3355,0.3354,0.3354,20114.5
1791014760000,0.3355,0.3355,0.3354,0.3355,12024.0
1791014820000,0.3355,0.3355,0.3354,0.3355,17140.4
1791014880000,0.3355,0.3355,0.3354,0.3354,10688.5
1791014940000,0.3355,0.3355,0.3354,0.3354,8808.7
1791015000000,0.3354,0.3355,0.3354,0.3355,114479.5
1791015060000,0.3355,0.3355,0.3354,0.3354,52000.5
1791015120000,0.3355,0.3355,0.3353,0.3354,22398.1
1791015180000,0.3353,0.3354,0.3353,0.3354,8550.1
1791015240000,0.3354,0.3354,0.3353,0.3354,17522.5
1791015300000,0.3354,0.3354,0.3353,0.3353,12051.5
1791015360000,0.3354,0.3354,0.3353,0.3353,15209.3
1791015420000,0.3354,0.3354,0.3353,0.3354,4456.6
1791015480000,0.3353,0.3354,0.3353,0.3354,10084.5
1791015540000,0.3353,0.3354,0.3353,0.3354,6441.6
1791015600000,0.3354,0.3354,0.3353,0.3354,11234.2
1791015660000,0.3353,0.3355,0.3353,0.3355,102055.2
1791015720000,0.3355,0.3355,0.3354,0.3354,26421.6
1791015780000,0.3355,0.3355,0.3354,0.3355,12114.3
1791015840000,0.3355,0.3355,0.3354,0.3355,8241.3
1791015900000,0.3355,0.3355,0.3354,0.3355,6467.5
1791015960000,0.3354,0.3355,0.3354,0.3355,19311.8
1791016020000,0.3354,0.3355,0.3354,0.3355,7637.1
1791016080000,0.3354,0.3355,0.3354,0.3354,7914.5
1791016140000,0.3355,0.3355,0.3354,0.3355,14141.7
1791016200000,0.3354,0.3355,0.3354,0.3354,36551.0
1791016260000,0.3354,0.3355,0.3354,0.3355,9401.2
1791016320000,0.3355,0.3355,0.3354,0.3355,9057.0
1791016380000,0.3355,0.3355,0.3354,0.3355,43438.0
1791016440000,0.3355,0.3355,0.3354,0.3355,11926.8
1791016500000,0.3355,0.3355,0.3354,0.3355,26075.1
1791016560000,0.3355,0.3355,0.3354,0.3355,7695.9
1791016620000,0.3354,0.3355,0.3354,0.3354,13243.4
1791016680000,0.3355,0.3355,0.3354,0.3355,13807.2
1791016740000,0.3355,0.3355,0.3354,0.3354,6981.4
1791016800000,0.3355,0.3355,0.3354,0.3354,10388.3
1791016860000,0.3355,0.3355,0.3354,0.3355,19040.9
1791016920000,0.3355,0.3355,0.3354,0.3354,8632.6
1791016980000,0.3355,0.3355,0.3354,0.3355,28642.8
1791017040000,0.3354,0.3355,0.3354,0.3354,33218.3
1791017100000,0.3355,0.3355,0.3354,0.3354,10648.7
1791017160000,0.3354,0.3355,0.3354,0.3355,72791.8
1791017220000,0.3355,0.3355,0.3354,0.3354,18819.5
1791017280000,0.3355,0.3355,0.3354,0.3354,11130.1
1791017340000,0.3355,0.3355,0.3354,0.3355,17086.5
1791017400000,0.3354,0.3355,0.3354,0.3355,14767.6
1791017460000,0.3355,0.3355,0.3354,0.3354,14197.8
1791017520000,0.3355,0.3355,0.3354,0.3354,22016.5
1791017580000,0.3355,0.3355,0.3354,0.3355,9904.1
1791017640000,0.3354,0.3355,0.3354,0.3355,9491.1
1791017700000,0.3354,0.3355,0.3354,0.3355,7958.0
1791017760000,0.3355,0.3355,0.3354,0.3354,22579.9
1791017820000,0.3354,0.3355,0.3354,0.3354,12819.0
1791017880000,0.3354,0.3355,0.3354,0.3355,11986.2
1791017940000,0.3354,0.3355,0.3354,0.3355,9574.1
1791018000000,0.3354,0.3356,0.3354,0.3356,245392.3
1791018060000,0.3355,0.3356,0.3355,0.3356,18534.0
1791018120000,0.3356,0.3356,0.3355,0.3356,24149.8
1791018180000,0.3355,0.3356,0.3355,0.3356,16557.9
1791018240000,0.3355,0.3356,0.3355,0.3356,7758.2
1791018300000,0.3355,0.3356,0.3355,0.3356,14967.6
1791018360000,0.3355,0.3356,0.3355,0.3356,28541.6
1791018420000,0.3356,0.3356,0.3355,0.3356,30598.5
1791018480000,0.3356,0.3356,0.3355,0.3356,17980.4
1791018540000,0.3356,0.3356,0.3355,0.3356,39215.8
1791018600000,0.3355,0.3356,0.3355,0.3356,69421.6
1791018660000,0.3356,0.3356,0.3355,0.3356,24150.8
1791018720000,0.3356,0.3356,0.3355,0.3356,114329.5
1791018780000,0.3356,0.3356,0.3355,0.3356,32496.9
1791018840000,0.3356,0.3356,0.3355,0.3356,33993.7
1791018900000,0.3356,0.3357,0.3355,0.3356,475709.7
1791018960000,0.3356,0.3357,0.3356,0.3357,27807.4
1791019020000,0.3357,0.3357,0.3356,0.3356,62011.4
1791019080000,0.3356,0.336,0.3356,0.3359,1112183.9
1791019140000,0.336,0.336,0.3359,0.3359,73767.0
1791019200000,0.336,0.336,0.3359,0.3359,65242.7
1791019260000,0.3359,0.336,0.3359,0.3359,29290.0
1791019320000,0.336,0.336,0.3359,0.336,8830.9
1791019380000,0.3359,0.336,0.3359,0.336,24255.1
1791019440000,0.336,0.336,0.3359,0.336,14003.4
1791019500000,0.336,0.336,0.3359,0.336,9279.2
1791019560000,0.3359,0.336,0.3359,0.336,63071.9
1791019620000,0.336,0.336,0.3359,0.336,56761.5
1791019680000,0.336,0.336,0.3359,0.336,8980.9
1791019740000,0.3359,0.336,0.3359,0.336,6879.5
1791019800000,0.3359,0.336,0.3359,0.336,11104.5
1791019860000,0.336,0.336,0.3359,0.3359,9588.2
1791019920000,0.3359,0.336,0.3359,0.336,19992.7
1791019980000,0.336,0.336,0.3359,0.336,28041.3
1791020040000,0.3359,0.336,0.3359,0.336,15298.3
1791020100000,0.336,0.336,0.3359,0.336,16175.6
1791020160000,0.3359,0.336,0.3359,0.336,31406.6
1791020220000,0.3359,0.336,0.3359,0.336,24532.3
1791020280000,0.336,0.336,0.3359,0.3359,42109.2
1791020340000,0.336,0.336,0.3359,0.336,39354.9
1791020400000,0.336,0.336,0.3359,0.3359,28809.8
1791020460000,0.336,0.336,0.3359,0.336,23579.1
1791020520000,0.336,0.336,0.3359,0.336,21572.6
1791020580000,0.3359,0.336,0.3359,0.336,8330.1
1791020640000,0.336,0.336,0.3359,0.3359,23035.5
1791020700000,0.336,0.336,0.3359,0.336,37762.8
1791020760000,0.336,0.336,0.3359,0.336,13321.2
1791020820000,0.3359,0.336,0.3359,0.336,31028.0
1791020880000,0.336,0.336,0.3359,0.336,33707.4
1791020940000,0.336,0.336,0.3359,0.336,16380.7
1791021000000,0.336,0.336,0.3359,0.3359,19697.1
1791021060000,0.336,0.336,0.3359,0.336,23089.2
1791021120000,0.3359,0.336,0.3359,0.336,10517.8
1791021180000,0.336,0.336,0.3359,0.336,13086.6
1791021240000,0.336,0.336,0.3359,0.336,13581.8
1791021300000,0.336,0.336,0.3359,0.336,7313.2
1791021360000,0.336,0.3361,0.336,0.3361,148352.8
1791021420000,0.3361,0.3361,0.336,0.3361,37675.9
1791021480000,0.3361,0.3361,0.336,0.3361,18546.4
1791021540000,0.3361,0.3361,0.336,0.336,40331.2
1791021600000,0.3361,0.3362,0.3361,0.3361,377769.3
1791021660000,0.3362,0.3362,0.3361,0.3362,53970.3
1791021720000,0.3362,0.3362,0.3361,0.3362,28046.0
1791021780000,0.3362,0.3362,0.3361,0.3362,62748.7
1791021840000,0.3362,0.3362,0.3361,0.3362,147381.1
1791021900000,0.3362,0.3362,0.3361,0.3362,38327.1
1791021960000,0.3362,0.3362,0.3361,0.3362,15673.5
1791022020000,0.3362,0.3362,0.3361,0.3362,44329.1
1791022080000,0.3362,0.3362,0.3361,0.3362,35688.2
1791022140000,0.3362,0.3362,0.3361,0.3362,254506.4
1791022200000,0.3362,0.3362,0.3361,0.3362,15591.2
1791022260000,0.3362,0.3362,0.3361,0.3361,9641.8
1791022320000,0.3361,0.3363,0.3361,0.3363,136066.8
1791022380000,0.3363,0.3363,0.3362,0.3362,17780.9
1791022440000,0.3362,0.3364,0.3362,0.3364,696357.8
1791022500000,0.3364,0.3365,0.3363,0.3365,324143.8
1791022560000,0.3365,0.3365,0.3364,0.3365,36235.4
1791022620000,0.3365,0.3365,0.3364,0.3365,21833.3
1791022680000,0.3365,0.3365,0.3364,0.3364,66826.3
1791022740000,0.3364,0.3366,0.3364,0.3366,800876.9
1791022800000,0.3365,0.3366,0.3365,0.3366,187150.1
1791022860000,0.3366,0.3366,0.3365,0.3366,42449.2
1791022920000,0.3366,0.3366,0.3365,0.3366,27558.0
1791022980000,0.3366,0.3366,0.3365,0.3366,21263.7
1791023040000,0.3366,0.3366,0.3365,0.3366,33455.0
1791023100000,0.3366,0.3367,0.3365,0.3367,59325.8
1791023160000,0.3367,0.3367,0.3366,0.3366,108397.9
1791023220000,0.3366,0.3367,0.3366,0.3367,18416.5
1791023280000,0.3367,0.3367,0.3366,0.3367,20563.9
1791023340000,0.3366,0.3368,0.3366,0.3367,298206.6
1791023400000,0.3367,0.3368,0.3367,0.3368,20399.2
1791023460000,0.3367,0.3368,0.3367,0.3367,129958.4
1791023520000,0.3367,0.3367,0.3366,0.3367,22079.7
1791023580000,0.3366,0.3367,0.3366,0.3367,19469.5
1791023640000,0.3366,0.3367,0.3366,0.3367,13455.1
1791023700000,0.3366,0.3367,0.3366,0.3367,30863.4
1791023760000,0.3367,0.3367,0.3366,0.3367,79459.4
1791023820000,0.3366,0.3367,0.3366,0.3367,20550.9
1791023880000,0.3366,0.3366,0.3365,0.3365,13351.6
1791023940000,0.3366,0.3367,0.3365,0.3367,77996.5
1791024000000,0.3366,0.3367,0.3366,0.3367,7940.1
1791024060000,0.3366,0.3367,0.3366,0.3367,31092.4
1791024120000,0.3366,0.3367,0.3366,0.3367,11996.4
1791024180000,0.3366,0.3367,0.3366,0.3366,31054.3
1791024240000,0.3366,0.3368,0.3366,0.3367,118781.3
1791024300000,0.3367,0.3368,0.3367,0.3367,6755.0
1791024360000,0.3368,0.3368,0.3367,0.3367,16199.1
1791024420000,0.3368,0.3368,0.3367,0.3368,27815.5
1791024480000,0.3368,0.3368,0.3367,0.3368,9458.4
1791024540000,0.3368,0.3368,0.3367,0.3368,15947.9
1791024600000,0.3367,0.3368,0.3367,0.3368,37617.7
1791024660000,0.3368,0.3368,0.3367,0.3368,16858.3
1791024720000,0.3367,0.3368,0.3367,0.3368,14261.2
1791024780000,0.3368,0.3368,0.3367,0.3367,8992.9
1791024840000,0.3368,0.3368,0.3367,0.3367,20694.0
1791024900000,0.3367,0.3368,0.3367,0.3368,38190.8
1791024960000,0.3367,0.3368,0.3367,0.3368,37075.1
1791025020000,0.3368,0.3368,0.3367,0.3368,25407.7
1791025080000,0.3367,0.3368,0.3367,0.3368,26931.0
1791025140000,0.3368,0.337,0.3367,0.337,1141953.6
1791025200000,0.337,0.3372,0.3369,0.3372,521815.9
1791025260000,0.3371,0.3372,0.3371,0.3372,205905.5
1791025320000,0.3372,0.3372,0.3371,0.3371,18761.2
1791025380000,0.3371,0.3372,0.3371,0.3371,10962.9
1791025440000,0.3372,0.3372,0.3371,0.3372,12363.0
1791025500000,0.3371,0.3372,0.3371,0.3371,23047.9
1791025560000,0.3372,0.3372,0.3371,0.3371,20664.4
1791025620000,0.3372,0.3372,0.3371,0.3371,10155.8
1791025680000,0.3372,0.3372,0.3371,0.3372,11780.5
1791025740000,0.3371,0.3372,0.3371,0.3372,10463.6
1791025800000,0.3371,0.3372,0.3371,0.3372,10232.9
1791025860000,0.3371,0.3372,0.3371,0.3372,14941.7
1791025920000,0.3372,0.3372,0.3371,0.3372,11184.9
1791025980000,0.3371,0.3372,0.3371,0.3371,14866.5
1791026040000,0.3372,0.3372,0.3371,0.3371,6845.9
1791026100000,0.3372,0.3372,0.3371,0.3372,241146.3
1791026160000,0.3372,0.3373,0.3371,0.3373,793589.4
1791026220000,0.3373,0.3373,0.3372,0.3373,28606.5
1791026280000,0.3373,0.3373,0.3372,0.3373,15899.3
1791026340000,0.3373,0.3373,0.3372,0.3373,101324.6
1791026400000,0.3373,0.3373,0.3372,0.3372,4528.5
1791026460000,0.3373,0.3373,0.3372,0.3373,14422.4
1791026520000,0.3373,0.3374,0.3372,0.3374,229335.4
1791026580000,0.3373,0.3374,0.3373,0.3373,25146.6
1791026640000,0.3374,0.3374,0.3371,0.3372,66897.3
1791026700000,0.3371,0.3372,0.3371,0.3372,17538.9
1791026760000,0.3372,0.3372,0.3371,0.3372,8303.2
1791026820000,0.3372,0.3372,0.3371,0.3372,6109.2
1791026880000,0.3372,0.3372,0.3371,0.3372,16640.7
1791026940000,0.3371,0.3372,0.3371,0.3372,10530.9
1791027000000,0.3372,0.3372,0.3368,0.3369,276294.2
1791027060000,0.3368,0.3369,0.3368,0.3369,6797.6
1791027120000,0.3368,0.3369,0.3368,0.3369,32472.6
1791027180000,0.3369,0.3369,0.3368,0.3369,31173.7
1791027240000,0.3369,0.3369,0.3368,0.3369,27586.6
1791027300000,0.3369,0.3369,0.3367,0.3368,36710.5
1791027360000,0.3368,0.3368,0.3366,0.3367,54442.7
1791027420000,0.3366,0.3367,0.3366,0.3366,42364.8
1791027480000,0.3366,0.3367,0.3366,0.3367,8560.4
1791027540000,0.3367,0.3369,0.3366,0.3369,182255.3
1791027600000,0.3369,0.3369,0.3368,0.3369,13841.5
1791027660000,0.3369,0.3369,0.3368,0.3368,15118.9
1791027720000,0.3368,0.3369,0.3368,0.3368,10052.6
1791027780000,0.3368,0.3369,0.3368,0.3369,9966.1
1791027840000,0.3369,0.3369,0.3368,0.3369,17832.2
1791027900000,0.3368,0.3369,0.3368,0.3368,9207.7
1791027960000,0.3369,0.3369,0.3368,0.3369,9621.3
1791028020000,0.3369,0.3369,0.3368,0.3368,60287.7
1791028080000,0.3369,0.3369,0.3368,0.3369,14525.3
1791028140000,0.3369,0.3369,0.3368,0.3368,7289.7
1791028200000,0.3368,0.3368,0.3365,0.3366,352734.5
1791028260000,0.3365,0.3366,0.3365,0.3366,7718.0
1791028320000,0.3365,0.3366,0.3365,0.3366,26670.2
1791028380000,0.3366,0.3366,0.3365,0.3366,22535.7
1791028440000,0.3366,0.3366,0.3365,0.3366,10443.9
1791028500000,0.3366,0.3366,0.3365,0.3366,63335.1
1791028560000,0.3366,0.3366,0.3365,0.3366,16219.3
1791028620000,0.3366,0.3366,0.3365,0.3365,24806.5
1791028680000,0.3366,0.3366,0.3365,0.3366,25076.7
1791028740000,0.3365,0.3366,0.3365,0.3365,16430.2
1791028800000,0.3366,0.3367,0.3365,0.3367,22698.5
1791028860000,0.3367,0.3367,0.3366,0.3367,24841.6
1791028920000,0.3367,0.3367,0.3365,0.3365,90601.9
1791028980000,0.3366,0.3366,0.3365,0.3366,244456.0
1791029040000,0.3366,0.3366,0.3365,0.3365,24074.8
1791029100000,0.3365,0.3366,0.3365,0.3365,16691.2
1791029160000,0.3366,0.3366,0.3365,0.3366,13384.6
1791029220000,0.3366,0.3366,0.3365,0.3366,46399.0
1791029280000,0.3366,0.3366,0.3365,0.3366,8283.5
1791029340000,0.3366,0.3366,0.3365,0.3366,28450.4
1791029400000,0.3366,0.3366,0.3365,0.3365,16922.8
1791029460000,0.3365,0.3366,0.3365,0.3366,11039.9
1791029520000,0.3366,0.3366,0.3365,0.3365,8531.9
1791029580000,0.3365,0.3366,0.3365,0.3366,20519.3
1791029640000,0.3365,0.3366,0.3365,0.3366,17048.9
1791029700000,0.3365,0.3366,0.3365,0.3366,6790.7
1791029760000,0.3366,0.3366,0.3365,0.3366,9026.9
1791029820000,0.3366,0.3366,0.3365,0.3366,13237.9
1791029880000,0.3366,0.3366,0.3365,0.3366,6939.2
1791029940000,0.3366,0.3366,0.3365,0.3366,8209.7
1791030000000,0.3366,0.3366,0.3364,0.3365,19230.4
1791030060000,0.3364,0.3365,0.3364,0.3364,77141.9
1791030120000,0.3365,0.3365,0.3364,0.3364,9495.9
1791030180000,0.3365,0.3365,0.3364,0.3364,13253.7
1791030240000,0.3365,0.3365,0.3364,0.3365,6781.2
1791030300000,0.3364,0.3365,0.3364,0.3364,23508.9
1791030360000,0.3365,0.3365,0.3364,0.3365,6705.1
1791030420000,0.3365,0.3365,0.3364,0.3364,22616.5
1791030480000,0.3365,0.3365,0.3364,0.3365,6890.6
1791030540000,0.3365,0.3365,0.3364,0.3364,23740.0
1791030600000,0.3365,0.3365,0.3364,0.3364,8574.3
1791030660000,0.3365,0.3365,0.3364,0.3364,6904.0
1791030720000,0.3365,0.3365,0.3364,0.3365,7809.1
1791030780000,0.3365,0.3365,0.3364,0.3365,6016.9
1791030840000,0.3364,0.3365,0.3364,0.3364,118325.2
1791030900000,0.3365,0.3365,0.3364,0.3365,11782.3
1791030960000,0.3364,0.3365,0.3364,0.3365,21120.0
1791031020000,0.3364,0.3365,0.3364,0.3365,193513.2
1791031080000,0.3364,0.3365,0.3363,0.3363,160092.1
1791031140000,0.3364,0.3364,0.3363,0.3364,13180.9
1791031200000,0.3364,0.3364,0.3363,0.3364,8190.4
1791031260000,0.3364,0.3364,0.3363,0.3364,9537.4
1791031320000,0.3364,0.3364,0.3363,0.3364,9979.2
1791031380000,0.3363,0.3364,0.3363,0.3363,6476.8
1791031440000,0.3364,0.3364,0.3363,0.3364,38151.6
1791031500000,0.3364,0.3364,0.3362,0.3362,189387.0
1791031560000,0.3363,0.3363,0.3362,0.3363,9906.1
1791031620000,0.3363,0.3363,0.3362,0.3363,27417.5
1791031680000,0.3363,0.3363,0.3362,0.3363,15716.5
1791031740000,0.3363,0.3363,0.3362,0.3363,13853.7
1791031800000,0.3362,0.3363,0.3362,0.3363,29948.8
1791031860000,0.3363,0.3363,0.3362,0.3362,21438.6
1791031920000,0.3363,0.3363,0.3362,0.3362,6420.6
1791031980000,0.3363,0.3363,0.3362,0.3363,40928.7
1791032040000,0.3362,0.3362,0.3361,0.3361,477864.1
1791032100000,0.3361,0.3362,0.336,0.3361,338457.4
1791032160000,0.3361,0.3361,0.336,0.3361,15338.1
1791032220000,0.3361,0.3361,0.3359,0.336,542499.5
1791032280000,0.3359,0.336,0.3359,0.336,292674.7
1791032340000,0.3359,0.336,0.3359,0.336,47908.0
1791032400000,0.3359,0.336,0.3359,0.3359,54429.3
1791032460000,0.3359,0.336,0.3358,0.3359,525406.9
1791032520000,0.3359,0.3359,0.3357,0.3358,750163.4
1791032580000,0.3357,0.3358,0.3356,0.3357,61806.5
1791032640000,0.3357,0.3357,0.3356,0.3357,15125.9
1791032700000,0.3357,0.3357,0.3356,0.3356,30605.5
1791032760000,0.3356,0.3357,0.3356,0.3357,15005.3
1791032820000,0.3356,0.3357,0.3356,0.3357,25659.9
1791032880000,0.3357,0.3357,0.3356,0.3357,27029.2
1791032940000,0.3357,0.3357,0.3356,0.3357,60655.9
1791033000000,0.3357,0.3357,0.3356,0.3357,14269.2
1791033060000,0.3357,0.3358,0.3356,0.3358,11434.8
1791033120000,0.3358,0.3358,0.3357,0.3358,12967.3
1791033180000,0.3358,0.3359,0.3358,0.3358,69784.0
1791033240000,0.3359,0.336,0.3358,0.3359,179942.9
1791033300000,0.3358,0.3359,0.3358,0.3358,35872.4
1791033360000,0.3359,0.3359,0.3358,0.3359,18360.7
1791033420000,0.3358,0.3359,0.3358,0.3359,9075.2
1791033480000,0.3359,0.3359,0.3358,0.3358,15335.1
1791033540000,0.3358,0.3359,0.3358,0.3359,30229.4
1791033600000,0.3359,0.3359,0.3358,0.3359,12247.9
1791033660000,0.3359,0.336,0.3358,0.3359,105237.6
1791033720000,0.3359,0.3359,0.3358,0.3359,30265.1
1791033780000,0.3359,0.3359,0.3358,0.3358,10454.2
1791033840000,0.3358,0.336,0.3358,0.336,94417.9
1791033900000,0.3359,0.336,0.3359,0.3359,25529.2
1791033960000,0.336,0.336,0.3359,0.3359,28288.1
1791034020000,0.3359,0.336,0.3359,0.336,8968.0
1791034080000,0.336,0.336,0.3359,0.336,13179.8
1791034140000,0.336,0.336,0.3359,0.3359,14439.9
1791034200000,0.3359,0.336,0.3359,0.336,6071.2
1791034260000,0.3359,0.336,0.3358,0.3358,27055.2
1791034320000,0.3358,0.3359,0.3358,0.3359,5409.7
1791034380000,0.3359,0.3359,0.3358,0.3359,8152.4
1791034440000,0.3358,0.3359,0.3358,0.3358,12953.5
1791034500000,0.3359,0.3359,0.3358,0.3359,23623.3
1791034560000,0.3358,0.3359,0.3358,0.3358,31595.2
1791034620000,0.3359,0.3359,0.3358,0.3359,6427.8
1791034680000,0.3359,0.3359,0.3358,0.3359,16580.1
1791034740000,0.3358,0.3359,0.3358,0.3359,13583.7
1791034800000,0.3359,0.3359,0.3358,0.3359,11291.2
1791034860000,0.3359,0.3359,0.3358,0.3358,133758.2
1791034920000,0.3358,0.3358,0.3357,0.3358,7626.7
1791034980000,0.3357,0.3358,0.3357,0.3358,9902.3
1791035040000,0.3358,0.3358,0.3357,0.3357,7860.6
1791035100000,0.3358,0.3358,0.3357,0.3357,10036.2
1791035160000,0.3358,0.3358,0.3357,0.3358,9610.1
1791035220000,0.3358,0.3358,0.3357,0.3358,11728.5
1791035280000,0.3358,0.3358,0.3357,0.3357,7480.4
1791035340000,0.3358,0.3358,0.3357,0.3358,10999.6
1791035400000,0.3357,0.3358,0.3357,0.3358,11567.5
1791035460000,0.3358,0.3358,0.3357,0.3357,17728.9
1791035520000,0.3358,0.3358,0.3357,0.3358,50562.3
1791035580000,0.3358,0.3359,0.3358,0.3359,102514.4
1791035640000,0.3359,0.336,0.3359,0.336,14764.8
1791035700000,0.3359,0.336,0.3359,0.336,18628.6
1791035760000,0.3359,0.336,0.3359,0.336,10914.2
1791035820000,0.336,0.336,0.3359,0.336,12088.2
1791035880000,0.336,0.336,0.3359,0.3359,14011.9
1791035940000,0.336,0.336,0.3359,0.336,8130.6
1791036000000,0.3359,0.3361,0.3359,0.3361,24720.1
1791036060000,0.336,0.3361,0.336,0.3361,18198.4
1791036120000,0.336,0.3361,0.336,0.336,19730.2
1791036180000,0.3361,0.3361,0.336,0.336,17333.2
1791036240000,0.3361,0.3361,0.336,0.3361,7839.3
1791036300000,0.3361,0.3361,0.336,0.3361,14963.1
1791036360000,0.3361,0.3361,0.336,0.336,30385.7
1791036420000,0.3361,0.3361,0.3359,0.336,9846.8
1791036480000,0.336,0.336,0.3359,0.336,14709.6
1791036540000,0.336,0.3361,0.3359,0.336,27885.5
1791036600000,0.3361,0.3361,0.336,0.336,16023.2
1791036660000,0.3361,0.3361,0.336,0.3361,33631.4
1791036720000,0.3361,0.3361,0.336,0.336,24244.2
1791036780000,0.336,0.3361,0.336,0.3361,5810.6
1791036840000,0.3361,0.3361,0.336,0.3361,99094.5
1791036900000,0.3361,0.3361,0.336,0.3361,11315.4
1791036960000,0.3361,0.3361,0.336,0.336,7533.8
1791037020000,0.3361,0.3361,0.336,0.336,7235.8
1791037080000,0.336,0.3361,0.336,0.3361,11331.1
1791037140000,0.336,0.3361,0.336,0.3361,10920.6
1791037200000,0.336,0.3361,0.336,0.336,20229.9
1791037260000,0.3361,0.3361,0.336,0.3361,12524.9
1791037320000,0.3361,0.3361,0.336,0.336,13325.1
1791037380000,0.3361,0.3361,0.336,0.3361,5822.6
1791037440000,0.3361,0.3361,0.3359,0.336,49923.9
1791037500000,0.336,0.336,0.3359,0.336,6639.6
1791037560000,0.3359,0.336,0.3359,0.336,10972.2
1791037620000,0.3359,0.336,0.3359,0.336,7462.6
1791037680000,0.336,0.336,0.3359,0.3359,46113.8
1791037740000,0.3359,0.336,0.3359,0.3359,16196.8
1791037800000,0.336,0.336,0.3359,0.336,16885.2
1791037860000,0.3359,0.336,0.3359,0.336,8044.3
1791037920000,0.336,0.336,0.3359,0.336,54425.5
1791037980000,0.336,0.336,0.3359,0.336,10080.4
1791038040000,0.336,0.3365,0.3359,0.3364,1730027.9
1791038100000,0.3365,0.3365,0.3364,0.3365,38728.6
1791038160000,0.3364,0.3365,0.3364,0.3364,34615.8
1791038220000,0.3365,0.3365,0.3364,0.3365,145975.3
1791038280000,0.3365,0.3365,0.3364,0.3365,10342.8
1791038340000,0.3365,0.3365,0.3364,0.3365,7289.3
1791038400000,0.3365,0.3365,0.3363,0.3364,392231.2
1791038460000,0.3364,0.3364,0.3363,0.3364,34906.5
1791038520000,0.3364,0.3369,0.3363,0.3368,1758357.3
1791038580000,0.3369,0.3369,0.3368,0.3369,188917.0
1791038640000,0.3369,0.3369,0.3368,0.3369,12974.1
1791038700000,0.3369,0.3369,0.3368,0.3369,19363.7
1791038760000,0.3369,0.3369,0.3368,0.3369,17417.5
1791038820000,0.3368,0.3369,0.3368,0.3369,10209.6
1791038880000,0.3369,0.3369,0.3368,0.3369,8923.7
1791038940000,0.3369,0.3369,0.3368,0.3369,31566.9
1791039000000,0.3369,0.3369,0.3368,0.3368,11765.0
1791039060000,0.3369,0.3369,0.3368,0.3369,18070.8
1791039120000,0.3369,0.3369,0.3368,0.3369,8179.8
1791039180000,0.3369,0.3369,0.3368,0.3369,16580.6
1791039240000,0.3369,0.3369,0.3368,0.3369,19053.3
1791039300000,0.3368,0.3369,0.3368,0.3369,20849.6
1791039360000,0.3368,0.3369,0.3368,0.3369,31416.0
1791039420000,0.3368,0.3369,0.3368,0.3368,8449.2
1791039480000,0.3369,0.3369,0.3368,0.3368,12575.1
1791039540000,0.3369,0.3369,0.3368,0.3369,5387.2
1791039600000,0.3368,0.3369,0.3368,0.3369,5560.7
1791039660000,0.3368,0.3369,0.3368,0.3368,14130.2
1791039720000,0.3369,0.3369,0.3368,0.3368,6067.5
1791039780000,0.3369,0.3369,0.3368,0.3369,7795.1
1791039840000,0.3369,0.337,0.3369,0.337,26511.3
1791039900000,0.337,0.337,0.3369,0.337,42506.4
1791039960000,0.337,0.337,0.3369,0.337,25386.2
1791040020000,0.337,0.337,0.3369,0.337,12383.2
1791040080000,0.3369,0.337,0.3369,0.337,35840.8
1791040140000,0.337,0.337,0.3369,0.337,12532.8
1791040200000,0.337,0.337,0.3369,0.337,20509.3
1791040260000,0.337,0.337,0.3369,0.337,22711.3
1791040320000,0.337,0.337,0.3369,0.337,88306.8
1791040380000,0.337,0.337,0.3369,0.337,343684.0
1791040440000,0.337,0.337,0.3369,0.337,13874.8
1791040500000,0.337,0.337,0.3369,0.337,61775.8
1791040560000,0.337,0.337,0.3369,0.3369,23162.7
1791040620000,0.337,0.337,0.3369,0.337,10743.3
1791040680000,0.3369,0.337,0.3369,0.3369,7962.1
1791040740000,0.3369,0.337,0.3369,0.337,6999.1
1791040800000,0.337,0.337,0.3368,0.3369,38684.6
1791040860000,0.3368,0.3369,0.3368,0.3368,4259.8
1791040920000,0.3369,0.3369,0.3368,0.3369,23167.8
1791040980000,0.3369,0.3369,0.3368,0.3369,22363.3
1791041040000,0.3368,0.3369,0.3367,0.3368,47863.9
1791041100000,0.3368,0.3368,0.3366,0.3366,28861.5
1791041160000,0.3367,0.3367,0.3366,0.3367,18843.2
1791041220000,0.3367,0.3368,0.3366,0.3368,62269.1
1791041280000,0.3367,0.3368,0.3367,0.3368,10887.2
1791041340000,0.3367,0.3368,0.3367,0.3368,7446.1
1791041400000,0.3367,0.3368,0.3367,0.3368,8723.4
1791041460000,0.3368,0.3368,0.3367,0.3367,9030.1
1791041520000,0.3368,0.3368,0.3367,0.3368,6899.2
1791041580000,0.3368,0.3368,0.3367,0.3367,7147.6
1791041640000,0.3368,0.3368,0.3367,0.3368,6506.2
1791041700000,0.3368,0.3368,0.3367,0.3367,27966.8
1791041760000,0.3368,0.3368,0.3367,0.3368,12471.9
1791041820000,0.3367,0.3368,0.3367,0.3368,7689.3
1791041880000,0.3368,0.3369,0.3367,0.3369,38402.7
1791041940000,0.3369,0.3369,0.3368,0.3369,10186.3
1791042000000,0.3369,0.3369,0.3368,0.3368,12171.1
1791042060000,0.3369,0.3369,0.3367,0.3369,11541.6
1791042120000,0.3369,0.3369,0.3368,0.3368,13009.3
1791042180000,0.3369,0.3369,0.3368,0.3368,10063.0
1791042240000,0.3368,0.3369,0.3368,0.3369,18530.9
1791042300000,0.3368,0.3369,0.3368,0.3369,8300.3
1791042360000,0.3368,0.3369,0.3368,0.3369,31499.8
1791042420000,0.3368,0.3369,0.3368,0.3369,10857.8
1791042480000,0.3369,0.3369,0.3368,0.3369,8547.3
1791042540000,0.3368,0.3369,0.3368,0.3369,8072.4
1791042600000,0.3368,0.3369,0.3368,0.3368,31998.1
1791042660000,0.3368,0.3369,0.3368,0.3368,15358.7
1791042720000,0.3369,0.3369,0.3368,0.3369,15637.3
1791042780000,0.3369,0.3369,0.3368,0.3369,11053.8
1791042840000,0.3368,0.3368,0.3367,0.3368,8126.0
1791042900000,0.3368,0.3368,0.3367,0.3368,18912.6
1791042960000,0.3368,0.3368,0.3367,0.3367,6241.7
1791043020000,0.3367,0.3368,0.3367,0.3368,10782.6
1791043080000,0.3367,0.3368,0.3367,0.3368,8739.4
1791043140000,0.3368,0.3368,0.3367,0.3368,14482.3
1791043200000,0.3368,0.3368,0.3367,0.3367,44211.1
1791043260000,0.3368,0.3368,0.3367,0.3367,8943.1
1791043320000,0.3367,0.3368,0.3367,0.3368,11253.4
1791043380000,0.3368,0.3368,0.3367,0.3368,7323.7
1791043440000,0.3367,0.3368,0.3367,0.3367,28312.2
1791043500000,0.3368,0.3368,0.3367,0.3367,12617.3
1791043560000,0.3367,0.3368,0.3367,0.3368,15687.8
1791043620000,0.3367,0.3369,0.3367,0.3369,19674.0
1791043680000,0.3369,0.3369,0.3367,0.3368,8748.4
1791043740000,0.3368,0.3369,0.3367,0.3368,184523.8
1791043800000,0.3369,0.3369,0.3367,0.3368,16202.1
1791043860000,0.3368,0.3369,0.3368,0.3369,27842.8
1791043920000,0.3369,0.3369,0.3368,0.3369,4563.7
1791043980000,0.3368,0.3369,0.3368,0.3369,32310.2
1791044040000,0.3369,0.3369,0.3368,0.3369,11663.9
1791044100000,0.3368,0.3369,0.3368,0.3369,21873.6
1791044160000,0.3368,0.3369,0.3368,0.3369,8725.2
1791044220000,0.3368,0.3369,0.3368,0.3369,10451.8
1791044280000,0.3369,0.337,0.3368,0.337,54921.5
1791044340000,0.337,0.337,0.3369,0.337,126645.2
1791044400000,0.337,0.337,0.3369,0.337,42062.8
1791044460000,0.337,0.337,0.3369,0.337,45225.3
1791044520000,0.337,0.337,0.3369,0.3369,30508.5
1791044580000,0.337,0.337,0.3369,0.337,34960.5
1791044640000,0.337,0.337,0.3369,0.3369,30221.1
1791044700000,0.337,0.337,0.3369,0.337,77555.5
1791044760000,0.337,0.3371,0.3369,0.3371,185417.3
1791044820000,0.337,0.3372,0.337,0.3371,549805.7
1791044880000,0.3371,0.3372,0.3371,0.3372,57367.7
1791044940000,0.3371,0.3372,0.3371,0.3372,36588.3
1791045000000,0.3372,0.3372,0.3371,0.3372,26435.1
1791045060000,0.3371,0.3372,0.3371,0.3372,28986.2
1791045120000,0.3372,0.3372,0.3371,0.3372,33736.9
1791045180000,0.3372,0.3372,0.3371,0.3372,23517.0
1791045240000,0.3372,0.3372,0.3371,0.3372,30619.9
1791045300000,0.3371,0.3372,0.3371,0.3372,23994.0
1791045360000,0.3372,0.3372,0.3371,0.3372,51692.8
1791045420000,0.3371,0.3372,0.3371,0.3372,44658.2
1791045480000,0.3372,0.3373,0.3371,0.3373,152316.6
1791045540000,0.3373,0.3373,0.3372,0.3373,34163.5
1791045600000,0.3373,0.3373,0.3372,0.3373,45044.7
1791045660000,0.3373,0.3373,0.3372,0.3373,37636.5
1791045720000,0.3373,0.3373,0.3372,0.3373,31275.8
1791045780000,0.3373,0.3374,0.3372,0.3373,495990.7
1791045840000,0.3373,0.3374,0.3373,0.3374,40382.3
1791045900000,0.3374,0.3375,0.3374,0.3375,286335.3
1791045960000,0.3374,0.3375,0.3374,0.3374,42443.4
1791046020000,0.3375,0.3375,0.3374,0.3375,11379.7
1791046080000,0.3374,0.3375,0.3374,0.3375,36897.8
1791046140000,0.3375,0.3375,0.3372,0.3372,56393.7
1791046200000,0.3373,0.3373,0.3372,0.3372,17039.3
1791046260000,0.3372,0.3373,0.3372,0.3373,13705.4
1791046320000,0.3373,0.3374,0.3372,0.3373,53928.7
1791046380000,0.3373,0.3374,0.3373,0.3373,7289.0
1791046440000,0.3374,0.3374,0.3373,0.3373,11396.4
1791046500000,0.3373,0.3374,0.3373,0.3373,13327.9
1791046560000,0.3374,0.3374,0.3373,0.3373,13469.9
1791046620000,0.3374,0.3374,0.3372,0.3372,42091.7
1791046680000,0.3372,0.3373,0.3372,0.3372,13655.6
1791046740000,0.3373,0.3373,0.337,0.3371,49491.6
1791046800000,0.3371,0.3371,0.337,0.3371,32248.9
1791046860000,0.337,0.3371,0.337,0.3371,11996.9
1791046920000,0.3371,0.3371,0.337,0.337,8775.1
1791046980000,0.3371,0.3371,0.3368,0.3369,65056.6
1791047040000,0.3368,0.3369,0.3368,0.3369,7232.1
1791047100000,0.3369,0.3369,0.3368,0.3369,27540.3
1791047160000,0.3369,0.3369,0.3368,0.3368,6610.8
1791047220000,0.3369,0.3369,0.3368,0.3368,30048.0
1791047280000,0.3369,0.3369,0.3368,0.3369,13784.8
1791047340000,0.3369,0.3369,0.3368,0.3368,64372.2
1791047400000,0.3369,0.3369,0.3368,0.3369,12053.8
1791047460000,0.3369,0.3369,0.3368,0.3368,30450.9
1791047520000,0.3368,0.3369,0.3368,0.3369,28949.7
1791047580000,0.3369,0.3369,0.3368,0.3368,8598.0
1791047640000,0.3369,0.3369,0.3368,0.3369,6831.3
1791047700000,0.3369,0.3369,0.3368,0.3368,9885.0
1791047760000,0.3368,0.3369,0.3364,0.3365,518722.7
1791047820000,0.3365,0.3365,0.3364,0.3364,9741.1
1791047880000,0.3365,0.3365,0.3364,0.3364,17025.8
1791047940000,0.3365,0.3365,0.3364,0.3365,15236.4
1791048000000,0.3364,0.3365,0.3364,0.3365,19153.6
1791048060000,0.3365,0.3365,0.3364,0.3364,17992.2
1791048120000,0.3365,0.3365,0.3364,0.3364,13099.1
1791048180000,0.3365,0.3365,0.3364,0.3365,10469.9
1791048240000,0.3365,0.3365,0.3364,0.3365,8479.1
1791048300000,0.3365,0.3365,0.3364,0.3364,11559.5
1791048360000,0.3365,0.3365,0.3364,0.3364,7004.7
1791048420000,0.3364,0.3365,0.3364,0.3364,12913.5
1791048480000,0.3364,0.3365,0.3364,0.3365,7621.9
1791048540000,0.3365,0.3365,0.3364,0.3364,20472.8
1791048600000,0.3364,0.3365,0.3364,0.3364,31751.5
1791048660000,0.3364,0.3365,0.3363,0.3363,266645.8
1791048720000,0.3363,0.3364,0.3363,0.3364,10615.3
1791048780000,0.3364,0.3364,0.3363,0.3364,12375.9
1791048840000,0.3364,0.3365,0.3363,0.3365,51012.9
1791048900000,0.3364,0.3365,0.3364,0.3365,6526.9
1791048960000,0.3364,0.3365,0.3364,0.3365,8206.2
1791049020000,0.3364,0.3364,0.3363,0.3364,53440.4
1791049080000,0.3364,0.3364,0.3363,0.3364,7312.6
1791049140000,0.3364,0.3364,0.3363,0.3364,6191.0
1791049200000,0.3363,0.3364,0.3363,0.3364,12508.8
1791049260000,0.3364,0.3364,0.3363,0.3363,6737.0
1791049320000,0.3363,0.3364,0.3363,0.3364,86837.9
1791049380000,0.3363,0.3364,0.3363,0.3364,29090.6
1791049440000,0.3363,0.3364,0.3363,0.3363,40228.8
1791049500000,0.3364,0.3364,0.3363,0.3364,8422.4
1791049560000,0.3364,0.3364,0.3363,0.3364,8453.9
1791049620000,0.3364,0.3364,0.3363,0.3363,6736.4
1791049680000,0.3364,0.3364,0.3363,0.3364,22139.7
1791049740000,0.3364,0.3364,0.3362,0.3363,47822.7
1791049800000,0.3363,0.3363,0.3362,0.3362,24117.4
1791049860000,0.3363,0.3363,0.3361,0.3362,318406.4
1791049920000,0.3361,0.3362,0.3361,0.3361,15306.5
1791049980000,0.3362,0.3362,0.3361,0.3362,11843.4
1791050040000,0.3362,0.3362,0.3361,0.3362,7286.1
1791050100000,0.3361,0.3362,0.336,0.3361,566837.4
1791050160000,0.3361,0.3362,0.336,0.3362,121086.3
1791050220000,0.3362,0.3362,0.3361,0.3362,7427.2
1791050280000,0.3362,0.3362,0.3361,0.3362,7368.5
1791050340000,0.3362,0.3362,0.3361,0.3361,13209.7
1791050400000,0.3361,0.3361,0.336,0.336,56200.9
1791050460000,0.3361,0.3361,0.336,0.336,10890.0
1791050520000,0.3361,0.3361,0.336,0.336,15585.0
1791050580000,0.3361,0.3361,0.336,0.3361,6756.8
1791050640000,0.3361,0.3361,0.336,0.3361,7269.0
1791050700000,0.3361,0.3361,0.336,0.3361,9813.3
1791050760000,0.3361,0.3361,0.336,0.3361,4779.6
1791050820000,0.336,0.3361,0.336,0.3361,9128.4
1791050880000,0.3361,0.3361,0.336,0.3361,17546.6
1791050940000,0.336,0.3361,0.336,0.3361,7238.8
1791051000000,0.336,0.3361,0.336,0.3361,18575.1
1791051060000,0.336,0.3361,0.336,0.336,37664.4
1791051120000,0.336,0.3361,0.336,0.336,46856.6
1791051180000,0.336,0.3361,0.336,0.336,7352.2
1791051240000,0.3361,0.3361,0.336,0.336,20515.3
1791051300000,0.336,0.3361,0.336,0.3361,18034.9
1791051360000,0.3361,0.3361,0.336,0.3361,71181.7
1791051420000,0.3361,0.3361,0.336,0.3361,6342.1
1791051480000,0.3361,0.3361,0.336,0.336,9904.1
1791051540000,0.3361,0.3361,0.336,0.3361,30314.7
1791051600000,0.336,0.3361,0.336,0.336,15564.5
1791051660000,0.3361,0.3361,0.336,0.3361,10081.9
1791051720000,0.3361,0.3361,0.336,0.3361,11882.2
1791051780000,0.336,0.3361,0.336,0.3361,16601.8
1791051840000,0.3361,0.3361,0.336,0.3361,7492.2
1791051900000,0.3361,0.3361,0.336,0.3361,7696.6
1791051960000,0.3361,0.3361,0.336,0.3361,7885.1
1791052020000,0.336,0.3361,0.336,0.3361,5626.0
1791052080000,0.336,0.3361,0.336,0.3361,9336.6
1791052140000,0.3361,0.3361,0.336,0.3361,9559.2
1791052200000,0.336,0.3361,0.336,0.336,22843.9
1791052260000,0.336,0.3361,0.336,0.3361,14097.1
1791052320000,0.336,0.3361,0.336,0.336,8201.7
1791052380000,0.336,0.3361,0.3359,0.336,366758.1
1791052440000,0.3359,0.336,0.3359,0.3359,119047.8
1791052500000,0.3359,0.336,0.3359,0.3359,17547.8
1791052560000,0.336,0.336,0.3359,0.336,29930.7
1791052620000,0.3359,0.336,0.3359,0.3359,28553.3
1791052680000,0.3359,0.336,0.3359,0.336,16573.1
1791052740000,0.3359,0.336,0.3359,0.336,8297.5
1791052800000,0.3359,0.336,0.3359,0.336,31777.8
1791052860000,0.3359,0.336,0.3359,0.3359,83590.6
1791052920000,0.3359,0.336,0.3359,0.3359,19604.4
1791052980000,0.336,0.336,0.3359,0.3359,14403.8
1791053040000,0.336,0.336,0.3359,0.3359,9832.3
1791053100000,0.3359,0.336,0.3359,0.3359,5861.8
1791053160000,0.3359,0.336,0.3359,0.336,8860.4
1791053220000,0.336,0.336,0.3359,0.3359,11023.3
1791053280000,0.336,0.336,0.3359,0.3359,9408.1
1791053340000,0.336,0.336,0.3359,0.336,15057.2
1791053400000,0.336,0.336,0.3359,0.336,9455.0
1791053460000,0.3359,0.336,0.3359,0.3359,12329.1
1791053520000,0.336,0.336,0.3359,0.336,8814.6
1791053580000,0.336,0.336,0.3359,0.336,15736.2
1791053640000,0.336,0.336,0.3359,0.336,7033.4
1791053700000,0.336,0.336,0.3359,0.336,5724.5
1791053760000,0.3359,0.336,0.3359,0.336,8255.6
1791053820000,0.3359,0.336,0.3359,0.3359,21347.8
1791053880000,0.336,0.336,0.3359,0.336,15663.3
1791053940000,0.3359,0.336,0.3359,0.336,28130.9
1791054000000,0.336,0.336,0.3359,0.3359,18040.8
1791054060000,0.3359,0.336,0.3359,0.3359,9090.4
1791054120000,0.3359,0.336,0.3359,0.3359,4628.2
1791054180000,0.336,0.336,0.3359,0.336,17911.1
1791054240000,0.3359,0.336,0.3359,0.336,9008.3
1791054300000,0.3359,0.336,0.3359,0.3359,11164.6
1791054360000,0.336,0.336,0.3359,0.336,19940.9
1791054420000,0.336,0.336,0.3359,0.336,9610.2
1791054480000,0.3359,0.336,0.3359,0.3359,6409.1
1791054540000,0.3359,0.336,0.3359,0.336,15485.9
1791054600000,0.3359,0.3359,0.3358,0.3358,142769.3
1791054660000,0.3359,0.3359,0.3358,0.3358,4485.4
1791054720000,0.3358,0.3359,0.3358,0.3358,20489.0
1791054780000,0.3358,0.3359,0.3358,0.3359,5046.5
1791054840000,0.3359,0.3359,0.3358,0.3358,8068.6
1791054900000,0.3359,0.3359,0.3358,0.3359,13515.9
1791054960000,0.3358,0.3359,0.3358,0.3358,7857.3
1791055020000,0.3358,0.3359,0.3358,0.3358,29699.6
1791055080000,0.3358,0.3359,0.3358,0.3358,7717.3
1791055140000,0.3358,0.3359,0.3358,0.3359,7977.7
1791055200000,0.3358,0.3359,0.3358,0.3359,5582.0
1791055260000,0.3359,0.3359,0.3358,0.3358,10179.2
1791055320000,0.3359,0.3359,0.3358,0.3359,5289.9
1791055380000,0.3358,0.3359,0.3358,0.3359,4229.0
1791055440000,0.3359,0.3359,0.3358,0.3359,5235.4
1791055500000,0.3359,0.3359,0.3358,0.3359,11739.0
1791055560000,0.3358,0.336,0.3358,0.336,15795.0
1791055620000,0.3359,0.336,0.3359,0.3359,15646.4
1791055680000,0.3359,0.336,0.3359,0.336,18375.0
1791055740000,0.3359,0.336,0.3359,0.336,4761.3
1791055800000,0.336,0.336,0.3359,0.3359,7255.1
1791055860000,0.3359,0.336,0.3359,0.3359,13674.9
1791055920000,0.3359,0.336,0.3359,0.336,9268.0
1791055980000,0.3359,0.336,0.3359,0.336,13286.9
1791056040000,0.3359,0.336,0.3359,0.3359,13241.7
1791056100000,0.3359,0.336,0.3359,0.3359,13892.3
1791056160000,0.336,0.336,0.3358,0.3358,24265.5
1791056220000,0.3358,0.3359,0.3358,0.3359,17460.9
1791056280000,0.3358,0.3359,0.3358,0.3358,7060.5
1791056340000,0.3358,0.3359,0.3358,0.3359,6820.4
1791056400000,0.3358,0.3359,0.3358,0.3358,3634.6
1791056460000,0.3359,0.3359,0.3358,0.3358,10082.7
1791056520000,0.3359,0.3359,0.3358,0.3359,7334.3
1791056580000,0.3359,0.3359,0.3358,0.3358,5629.3
1791056640000,0.3359,0.3359,0.3358,0.3359,6564.7
1791056700000,0.3359,0.3359,0.3358,0.3359,6616.9
1791056760000,0.3359,0.3359,0.3358,0.3358,19206.2
1791056820000,0.3359,0.3359,0.3358,0.3359,96419.6
1791056880000,0.3358,0.3359,0.3358,0.3358,4618.6
1791056940000,0.3359,0.3359,0.3358,0.3358,13450.5
1791057000000,0.3358,0.3359,0.3358,0.3359,10152.4
1791057060000,0.3359,0.3359,0.3358,0.3359,10792.3
1791057120000,0.3359,0.3359,0.3358,0.3359,3805.3
1791057180000,0.3359,0.3359,0.3358,0.3359,14618.5
1791057240000,0.3358,0.3359,0.3358,0.3358,27460.6
1791057300000,0.3358,0.3359,0.3358,0.3359,5261.1
1791057360000,0.3358,0.3359,0.3358,0.3359,5969.6
1791057420000,0.3358,0.3359,0.3358,0.3359,8968.3
1791057480000,0.3359,0.3359,0.3358,0.3359,35052.4
1791057540000,0.3359,0.3359,0.3358,0.3358,11061.1
1791057600000,0.3359,0.3359,0.3358,0.3359,7114.3
1791057660000,0.3359,0.3359,0.3358,0.3358,14875.4
1791057720000,0.3359,0.3359,0.3358,0.3358,18342.2
1791057780000,0.3359,0.3359,0.3358,0.3359,4674.9
1791057840000,0.3359,0.3359,0.3358,0.3358,23001.6
1791057900000,0.3359,0.3359,0.3358,0.3359,15516.6
1791057960000,0.3358,0.3359,0.3358,0.3358,51754.0
1791058020000,0.3359,0.3359,0.3358,0.3359,28087.2
1791058080000,0.3359,0.3359,0.3358,0.3359,13350.0
1791058140000,0.3358,0.3359,0.3358,0.3359,9119.7
1791058200000,0.3359,0.3359,0.3358,0.3359,9852.7
1791058260000,0.3359,0.3359,0.3358,0.3359,3685.1
1791058320000,0.3359,0.3359,0.3358,0.3358,9770.4
1791058380000,0.3358,0.3359,0.3358,0.3358,30804.1
1791058440000,0.3359,0.3359,0.3358,0.3359,5312.6
1791058500000,0.3359,0.3359,0.3358,0.3358,4825.5
1791058560000,0.3358,0.3359,0.3358,0.3359,10089.8
1791058620000,0.3358,0.3359,0.3358,0.3359,8391.8
1791058680000,0.3358,0.3359,0.3358,0.3358,13262.5
1791058740000,0.3359,0.3359,0.3358,0.3358,20165.1
1791058800000,0.3359,0.3359,0.3358,0.3358,13288.1
1791058860000,0.3359,0.3359,0.3358,0.3358,9695.7
1791058920000,0.3358,0.3359,0.3358,0.3359,14889.0
1791058980000,0.3358,0.3359,0.3358,0.3358,14836.2
1791059040000,0.3359,0.3359,0.3358,0.3358,12498.5
1791059100000,0.3359,0.3359,0.3357,0.3358,22050.3
1791059160000,0.3357,0.3358,0.3357,0.3358,54959.2
1791059220000,0.3358,0.3358,0.3357,0.3357,11891.3
1791059280000,0.3357,0.3358,0.3357,0.3357,10674.0
1791059340000,0.3357,0.3358,0.3357,0.3357,16066.2
1791059400000,0.3357,0.3358,0.3357,0.3357,9621.7
1791059460000,0.3357,0.3358,0.3357,0.3358,15956.9
1791059520000,0.3358,0.3358,0.3357,0.3358,19790.7
1791059580000,0.3358,0.3358,0.3357,0.3357,7709.3
1791059640000,0.3357,0.3358,0.3357,0.3357,16642.9
1791059700000,0.3357,0.3358,0.3357,0.3357,11033.2
1791059760000,0.3357,0.3358,0.3357,0.3357,6423.4
1791059820000,0.3357,0.3358,0.3357,0.3358,12390.8
1791059880000,0.3357,0.3358,0.3357,0.3357,13268.2
1791059940000,0.3358,0.3358,0.3357,0.3357,17352.5
1791060000000,0.3358,0.3358,0.3357,0.3357,13394.3
1791060060000,0.3358,0.3358,0.3357,0.3357,18947.8
1791060120000,0.3357,0.3358,0.3357,0.3357,14286.4
1791060180000,0.3357,0.3358,0.3357,0.3357,9389.9
1791060240000,0.3357,0.3358,0.3357,0.3357,20090.7
1791060300000,0.3358,0.3358,0.3357,0.3358,8877.6
1791060360000,0.3358,0.3358,0.3357,0.3358,14519.4
1791060420000,0.3358,0.3358,0.3357,0.3357,12015.0
1791060480000,0.3357,0.3358,0.3357,0.3358,9126.9
1791060540000,0.3357,0.3358,0.3357,0.3357,23089.3
1791060600000,0.3357,0.3358,0.3357,0.3358,8487.3
1791060660000,0.3357,0.3358,0.3357,0.3357,99308.1
1791060720000,0.3358,0.3358,0.3357,0.3357,9733.9
1791060780000,0.3358,0.3358,0.3357,0.3358,15659.0
1791060840000,0.3358,0.3358,0.3357,0.3357,14024.9
1791060900000,0.3357,0.3358,0.3357,0.3358,19879.2
1791060960000,0.3358,0.3358,0.3357,0.3357,16153.2
1791061020000,0.3358,0.3358,0.3357,0.3357,12040.2
1791061080000,0.3358,0.3358,0.3357,0.3357,12033.1
1791061140000,0.3358,0.3358,0.3357,0.3357,7152.5
1791061200000,0.3358,0.3358,0.3357,0.3357,14995.1
1791061260000,0.3358,0.3358,0.3357,0.3358,11108.0
1791061320000,0.3357,0.3358,0.3357,0.3358,11926.7
1791061380000,0.3357,0.3358,0.3357,0.3357,23460.2
1791061440000,0.3357,0.3358,0.3356,0.3356,336837.2
1791061500000,0.3356,0.3357,0.3356,0.3356,128785.9
1791061560000,0.3356,0.3357,0.3356,0.3356,242110.8
1791061620000,0.3356,0.3357,0.3356,0.3356,40183.3
1791061680000,0.3357,0.3357,0.3356,0.3356,21103.7
1791061740000,0.3357,0.3357,0.3356,0.3356,46233.8
1791061800000,0.3357,0.3357,0.3356,0.3357,43990.3
1791061860000,0.3356,0.3357,0.3356,0.3356,18422.2
1791061920000,0.3357,0.3357,0.3356,0.3356,20620.3
1791061980000,0.3356,0.3357,0.3356,0.3357,14557.2
1791062040000,0.3357,0.3357,0.3356,0.3356,34106.9
1791062100000,0.3357,0.3357,0.3355,0.3355,85202.9
1791062160000,0.3355,0.3356,0.3355,0.3355,11306.4
1791062220000,0.3356,0.3356,0.3355,0.3355,10286.6
1791062280000,0.3356,0.3356,0.3355,0.3356,21394.2
1791062340000,0.3356,0.3356,0.3355,0.3356,8970.1
1791062400000,0.3355,0.3356,0.3355,0.3355,12075.8
1791062460000,0.3355,0.3356,0.3355,0.3356,10041.9
1791062520000,0.3355,0.3356,0.3355,0.3355,33556.3
1791062580000,0.3355,0.3356,0.3355,0.3355,34582.9
1791062640000,0.3356,0.3356,0.3355,0.3355,7951.7
1791062700000,0.3355,0.3356,0.3355,0.3356,13420.3
1791062760000,0.3356,0.3356,0.3354,0.3354,381963.8
1791062820000,0.3355,0.3355,0.3354,0.3354,15400.3
1791062880000,0.3354,0.3355,0.3354,0.3354,8369.7
1791062940000,0.3355,0.3355,0.3354,0.3355,97445.4
1791063000000,0.3354,0.3355,0.3354,0.3354,22813.9
1791063060000,0.3355,0.3355,0.3354,0.3355,23582.5
1791063120000,0.3355,0.3355,0.3354,0.3354,14098.2
1791063180000,0.3354,0.3355,0.3354,0.3354,27776.1
1791063240000,0.3354,0.3355,0.3354,0.3354,75695.1
1791063300000,0.3355,0.3355,0.3354,0.3354,7990.3
1791063360000,0.3354,0.3355,0.3354,0.3355,32631.6
1791063420000,0.3355,0.3355,0.3354,0.3354,16030.2
1791063480000,0.3354,0.3355,0.3354,0.3354,14410.1
1791063540000,0.3354,0.3355,0.3354,0.3354,10944.4
1791063600000,0.3354,0.3355,0.3354,0.3354,22733.5
1791063660000,0.3354,0.3355,0.3354,0.3354,10934.8
1791063720000,0.3354,0.3355,0.3353,0.3353,328116.0
1791063780000,0.3353,0.3354,0.3353,0.3353,57262.9
1791063840000,0.3353,0.3354,0.3353,0.3354,21510.6
1791063900000,0.3354,0.3354,0.3353,0.3353,7118.3
1791063960000,0.3353,0.3354,0.3353,0.3353,5221.7
1791064020000,0.3353,0.3354,0.3353,0.3353,10638.4
1791064080000,0.3353,0.3354,0.3353,0.3353,61137.0
1791064140000,0.3354,0.3354,0.3353,0.3354,5752.2
1791064200000,0.3353,0.3354,0.3353,0.3353,4919.8
1791064260000,0.3354,0.3354,0.3353,0.3354,7465.5
1791064320000,0.3354,0.3354,0.3353,0.3353,6315.2
1791064380000,0.3353,0.3354,0.3353,0.3354,9213.1
1791064440000,0.3354,0.3354,0.3353,0.3354,15286.1
1791064500000,0.3353,0.3354,0.3353,0.3353,15105.7
1791064560000,0.3353,0.3354,0.3353,0.3354,6861.7
1791064620000,0.3354,0.3354,0.3353,0.3354,10997.4
1791064680000,0.3353,0.3354,0.3353,0.3354,10052.0
1791064740000,0.3354,0.3354,0.3353,0.3353,3876.7
1791064800000,0.3354,0.3354,0.3353,0.3353,6432.2
1791064860000,0.3353,0.3354,0.3353,0.3353,4820.0
1791064920000,0.3353,0.3354,0.3353,0.3353,19295.0
1791064980000,0.3354,0.3354,0.3353,0.3354,21192.5
1791065040000,0.3354,0.3354,0.3353,0.3353,17682.8
1791065100000,0.3354,0.3354,0.3353,0.3354,12773.1
1791065160000,0.3353,0.3354,0.3353,0.3354,26625.0
1791065220000,0.3354,0.3355,0.3353,0.3355,38911.6
1791065280000,0.3355,0.3355,0.3354,0.3355,4942.7
1791065340000,0.3355,0.3356,0.3354,0.3356,19058.2
1791065400000,0.3356,0.3356,0.3355,0.3355,14619.9
1791065460000,0.3355,0.3356,0.3355,0.3356,11397.4
1791065520000,0.3356,0.3356,0.3355,0.3355,8926.9
1791065580000,0.3356,0.3356,0.3355,0.3356,6010.4
1791065640000,0.3355,0.3356,0.3355,0.3355,5121.2
1791065700000,0.3356,0.3356,0.3355,0.3355,6328.1
1791065760000,0.3356,0.3356,0.3355,0.3355,8983.1
1791065820000,0.3355,0.3356,0.3355,0.3355,23000.3
1791065880000,0.3356,0.3356,0.3355,0.3355,8409.1
1791065940000,0.3355,0.3356,0.3355,0.3355,13038.5
1791066000000,0.3356,0.3356,0.3355,0.3355,8392.7
1791066060000,0.3356,0.3356,0.3354,0.3354,156393.7
1791066120000,0.3355,0.3355,0.3354,0.3355,37884.8
1791066180000,0.3354,0.3355,0.3354,0.3354,8118.4
1791066240000,0.3355,0.3355,0.3354,0.3354,5731.7
1791066300000,0.3354,0.3355,0.3354,0.3354,101853.2
1791066360000,0.3355,0.3356,0.3354,0.3356,9783.5
1791066420000,0.3356,0.3356,0.3355,0.3355,9692.5
1791066480000,0.3356,0.3356,0.3355,0.3355,45655.2
1791066540000,0.3356,0.3356,0.3354,0.3354,51084.7
1791066600000,0.3354,0.3355,0.3354,0.3354,27142.2
1791066660000,0.3355,0.3355,0.3354,0.3355,7851.4
1791066720000,0.3355,0.3355,0.3354,0.3354,7908.7
1791066780000,0.3354,0.3355,0.3354,0.3354,6769.2
1791066840000,0.3354,0.3355,0.3353,0.3354,109283.6
1791066900000,0.3354,0.3355,0.3354,0.3354,99864.0
1791066960000,0.3354,0.3354,0.3353,0.3354,36907.4
1791067020000,0.3353,0.3354,0.3353,0.3354,35407.1
1791067080000,0.3354,0.3355,0.3353,0.3355,159392.2
1791067140000,0.3354,0.3355,0.3354,0.3355,6379.7
1791067200000,0.3355,0.3355,0.3354,0.3355,9350.0
1791067260000,0.3354,0.3355,0.3354,0.3355,7365.5
1791067320000,0.3355,0.3355,0.3354,0.3354,7185.0
1791067380000,0.3355,0.3355,0.3354,0.3354,7141.3
1791067440000,0.3354,0.3355,0.3354,0.3355,7839.5
1791067500000,0.3354,0.3355,0.3354,0.3354,20445.1
1791067560000,0.3354,0.3355,0.3354,0.3355,23515.2
1791067620000,0.3354,0.3355,0.3354,0.3354,4590.0
1791067680000,0.3354,0.3355,0.3354,0.3355,5099.1
1791067740000,0.3355,0.3355,0.3354,0.3355,8885.5
1791067800000,0.3355,0.3355,0.3354,0.3354,9526.8
1791067860000,0.3355,0.3355,0.3354,0.3355,3544.3
1791067920000,0.3354,0.3355,0.3354,0.3355,6527.9
1791067980000,0.3355,0.3355,0.3354,0.3354,7208.4
1791068040000,0.3354,0.3355,0.3354,0.3354,6092.6
1791068100000,0.3355,0.3355,0.3354,0.3355,43391.6
1791068160000,0.3355,0.3355,0.3354,0.3355,7978.3
1791068220000,0.3354,0.3355,0.3354,0.3355,3766.0
1791068280000,0.3354,0.3355,0.3354,0.3354,6515.4
1791068340000,0.3355,0.3355,0.3354,0.3355,6258.2
1791068400000,0.3355,0.3355,0.3354,0.3354,3262.7
1791068460000,0.3354,0.3355,0.3354,0.3355,5164.9
1791068520000,0.3354,0.3355,0.3354,0.3355,7922.8
1791068580000,0.3355,0.3355,0.3354,0.3355,17524.7
1791068640000,0.3354,0.3355,0.3354,0.3354,11199.8
1791068700000,0.3354,0.3355,0.3354,0.3354,20972.3
1791068760000,0.3354,0.3355,0.3354,0.3354,17748.8
1791068820000,0.3354,0.3355,0.3354,0.3354,10843.3
1791068880000,0.3355,0.3355,0.3354,0.3355,26022.2
1791068940000,0.3355,0.3355,0.3354,0.3354,7040.6
1791069000000,0.3355,0.3355,0.3354,0.3355,10508.6
1791069060000,0.3354,0.3355,0.3354,0.3354,16315.7
1791069120000,0.3354,0.3355,0.3354,0.3355,12353.2
1791069180000,0.3354,0.3355,0.3354,0.3354,6298.2
1791069240000,0.3354,0.3355,0.3354,0.3355,6067.0
1791069300000,0.3354,0.3355,0.3354,0.3354,15431.0
1791069360000,0.3354,0.3355,0.3354,0.3354,14685.3
1791069420000,0.3354,0.3355,0.3354,0.3354,13660.4
1791069480000,0.3354,0.3355,0.3354,0.3354,9653.5
1791069540000,0.3355,0.3355,0.3354,0.3354,8276.4
1791069600000,0.3354,0.3355,0.3354,0.3355,8387.6
1791069660000,0.3355,0.3355,0.3354,0.3354,4994.0
1791069720000,0.3354,0.3355,0.3354,0.3354,3645.2
1791069780000,0.3354,0.3355,0.3354,0.3355,7786.5
1791069840000,0.3354,0.3355,0.3354,0.3355,10591.5
1791069900000,0.3354,0.3355,0.3354,0.3355,4497.5
1791069960000,0.3354,0.3355,0.3354,0.3355,12021.5
1791070020000,0.3354,0.3355,0.3354,0.3354,20441.9
1791070080000,0.3355,0.3355,0.3354,0.3355,8517.8
1791070140000,0.3354,0.3355,0.3354,0.3355,7931.7
1791070200000,0.3354,0.3355,0.3354,0.3355,5690.1
1791070260000,0.3354,0.3355,0.3354,0.3354,7853.5
1791070320000,0.3355,0.3355,0.3353,0.3355,189939.0
1791070380000,0.3355,0.3355,0.3354,0.3355,10347.7
1791070440000,0.3355,0.3355,0.3354,0.3354,8308.8
1791070500000,0.3355,0.3355,0.3354,0.3354,3244.6
1791070560000,0.3355,0.3355,0.3354,0.3354,7941.2
1791070620000,0.3355,0.3355,0.3354,0.3355,7167.0
1791070680000,0.3354,0.3355,0.3354,0.3354,4014.0
1791070740000,0.3354,0.3355,0.3354,0.3354,4721.9
1791070800000,0.3355,0.3355,0.3354,0.3354,4674.4
1791070860000,0.3355,0.3355,0.3354,0.3354,14557.0
1791070920000,0.3354,0.3355,0.3354,0.3354,4682.2
1791070980000,0.3355,0.3355,0.3354,0.3355,7161.8
1791071040000,0.3355,0.3355,0.3354,0.3355,3885.8
1791071100000,0.3355,0.3355,0.3354,0.3354,6699.0
1791071160000,0.3354,0.3355,0.3354,0.3354,4621.1
1791071220000,0.3354,0.3356,0.3354,0.3356,71625.9
1791071280000,0.3355,0.3356,0.3355,0.3356,10004.8
1791071340000,0.3356,0.3356,0.3355,0.3355,44326.3
1791071400000,0.3355,0.3356,0.3355,0.3356,4612.7
1791071460000,0.3356,0.3356,0.3355,0.3356,4793.6
1791071520000,0.3356,0.3356,0.3355,0.3355,4348.5
1791071580000,0.3355,0.3356,0.3355,0.3356,4643.0
1791071640000,0.3356,0.3356,0.3355,0.3355,6390.5
1791071700000,0.3355,0.3356,0.3354,0.3354,14350.8
1791071760000,0.3354,0.3355,0.3354,0.3354,38061.3
1791071820000,0.3354,0.3355,0.3354,0.3355,8091.2
1791071880000,0.3355,0.3355,0.3354,0.3354,10135.0
1791071940000,0.3355,0.3355,0.3354,0.3354,5363.1
1791072000000,0.3354,0.3355,0.3354,0.3355,44619.4
1791072060000,0.3355,0.3356,0.3354,0.3356,94449.9
1791072120000,0.3356,0.3357,0.3356,0.3357,50349.5
1791072180000,0.3357,0.3358,0.3356,0.3358,22671.9
1791072240000,0.3358,0.3359,0.3358,0.3358,346777.5
1791072300000,0.3359,0.3359,0.3358,0.3359,32554.4
1791072360000,0.3359,0.3359,0.3358,0.3358,12684.3
1791072420000,0.3359,0.3359,0.3358,0.3358,5365.7
1791072480000,0.3359,0.3359,0.3358,0.3358,6414.0
1791072540000,0.3358,0.3359,0.3358,0.3359,28578.0
1791072600000,0.3358,0.3359,0.3358,0.3359,18449.4
1791072660000,0.3359,0.3359,0.3358,0.3358,59999.3
1791072720000,0.3358,0.3359,0.3358,0.3358,13196.3
1791072780000,0.3359,0.3359,0.3358,0.3358,27143.6
1791072840000,0.3359,0.336,0.3358,0.336,92564.9
1791072900000,0.336,0.336,0.3359,0.3359,27499.2
1791072960000,0.336,0.336,0.3358,0.3359,160512.1
1791073020000,0.3358,0.3359,0.3356,0.3357,98529.7
1791073080000,0.3357,0.3357,0.3356,0.3356,8866.8
1791073140000,0.3357,0.3357,0.3356,0.3357,10848.3
1791073200000,0.3357,0.3357,0.3356,0.3357,14649.9
1791073260000,0.3357,0.3357,0.3356,0.3357,7314.7
1791073320000,0.3357,0.3357,0.3356,0.3356,5871.2
1791073380000,0.3357,0.3357,0.3356,0.3357,17616.4
1791073440000,0.3357,0.3357,0.3356,0.3357,26850.1
1791073500000,0.3356,0.3357,0.3356,0.3357,25679.3
1791073560000,0.3357,0.3357,0.3355,0.3355,55831.5
1791073620000,0.3356,0.3356,0.3355,0.3356,7152.6
1791073680000,0.3356,0.3356,0.3355,0.3356,43847.3
1791073740000,0.3355,0.3356,0.3355,0.3356,28271.1
1791073800000,0.3355,0.3356,0.3355,0.3355,22109.8
1791073860000,0.3356,0.3356,0.3355,0.3355,76407.3
1791073920000,0.3355,0.3356,0.3355,0.3355,80457.1
1791073980000,0.3355,0.3356,0.3355,0.3355,4633.7
1791074040000,0.3355,0.3356,0.3355,0.3356,10168.6
1791074100000,0.3356,0.3356,0.3355,0.3355,8832.1
1791074160000,0.3355,0.3356,0.3355,0.3356,52506.8
1791074220000,0.3356,0.3356,0.3355,0.3356,6182.7
1791074280000,0.3355,0.3356,0.3355,0.3355,14605.1
1791074340000,0.3356,0.3356,0.3355,0.3355,23295.7
1791074400000,0.3356,0.3356,0.3355,0.3355,37566.4
1791074460000,0.3356,0.3356,0.3355,0.3355,31327.1
1791074520000,0.3356,0.3356,0.3355,0.3355,87381.1
1791074580000,0.3355,0.3356,0.3354,0.3354,303185.9
1791074640000,0.3355,0.3355,0.3354,0.3355,7613.7
1791074700000,0.3355,0.3355,0.3354,0.3355,3531.2
1791074760000,0.3354,0.3355,0.3354,0.3355,5249.8
1791074820000,0.3354,0.3355,0.3354,0.3354,26819.8
1791074880000,0.3354,0.3355,0.3354,0.3354,54916.2
1791074940000,0.3355,0.3355,0.3354,0.3354,16043.1
1791075000000,0.3354,0.3355,0.3354,0.3354,7807.2
1791075060000,0.3354,0.3355,0.3354,0.3355,13816.7
1791075120000,0.3355,0.3355,0.3354,0.3354,3816.6
1791075180000,0.3355,0.3355,0.3354,0.3354,18247.4
1791075240000,0.3354,0.3355,0.3354,0.3355,48269.8
1791075300000,0.3354,0.3355,0.3353,0.3354,239380.6
1791075360000,0.3353,0.3355,0.3353,0.3355,88538.7
1791075420000,0.3355,0.3355,0.3354,0.3354,15593.6
1791075480000,0.3354,0.3355,0.3354,0.3355,43893.9
1791075540000,0.3355,0.3357,0.3354,0.3357,42471.2
1791075600000,0.3357,0.3358,0.3357,0.3357,22876.3
1791075660000,0.3357,0.3358,0.3357,0.3357,13511.4
1791075720000,0.3357,0.3358,0.3356,0.3357,24250.4
1791075780000,0.3357,0.3357,0.3356,0.3357,8320.0
1791075840000,0.3357,0.3357,0.3356,0.3356,8242.4
1791075900000,0.3356,0.3357,0.3356,0.3356,5298.3
1791075960000,0.3356,0.3357,0.3356,0.3357,3182.0
1791076020000,0.3357,0.3357,0.3356,0.3356,7520.0
1791076080000,0.3357,0.3357,0.3356,0.3357,35262.6
1791076140000,0.3358,0.3358,0.3357,0.3358,5398.8
1791076200000,0.3358,0.3358,0.3357,0.3358,5037.5
1791076260000,0.3358,0.3358,0.3357,0.3357,6675.0
1791076320000,0.3357,0.3358,0.3357,0.3358,5434.0
1791076380000,0.3358,0.3358,0.3357,0.3358,81088.9
1791076440000,0.3358,0.3358,0.3357,0.3357,4471.5
1791076500000,0.3358,0.3358,0.3357,0.3358,17403.2
1791076560000,0.3357,0.3358,0.3357,0.3358,13966.9
1791076620000,0.3357,0.3358,0.3357,0.3357,11040.2
1791076680000,0.3358,0.3358,0.3357,0.3358,10260.7
1791076740000,0.3358,0.3358,0.3357,0.3358,9591.6
1791076800000,0.3358,0.3358,0.3357,0.3358,11814.8
1791076860000,0.3358,0.3358,0.3357,0.3358,9274.2
1791076920000,0.3358,0.3358,0.3357,0.3358,19370.6
1791076980000,0.3358,0.3358,0.3357,0.3357,3460.8
1791077040000,0.3358,0.3358,0.3357,0.3357,11243.4
1791077100000,0.3358,0.3358,0.3357,0.3358,48252.9
1791077160000,0.3358,0.3358,0.3357,0.3358,9130.8
1791077220000,0.3358,0.3358,0.3357,0.3358,15859.5
1791077280000,0.3358,0.3358,0.3357,0.3357,4999.5
1791077340000,0.3358,0.3358,0.3357,0.3357,7083.0
1791077400000,0.3358,0.3358,0.3357,0.3358,34405.8
1791077460000,0.3358,0.3358,0.3357,0.3358,31594.2
1791077520000,0.3358,0.3358,0.3357,0.3358,7014.6
1791077580000,0.3358,0.3358,0.3357,0.3358,8753.3
1791077640000,0.3358,0.3358,0.3357,0.3357,24453.9
1791077700000,0.3358,0.3358,0.3357,0.3358,16176.4
1791077760000,0.3358,0.3358,0.3357,0.3358,6276.5
1791077820000,0.3358,0.3358,0.3357,0.3357,6319.3
1791077880000,0.3358,0.3358,0.3357,0.3357,21764.1
1791077940000,0.3357,0.3358,0.3357,0.3357,3962.3
1791078000000,0.3358,0.3358,0.3357,0.3358,5624.9
1791078060000,0.3357,0.3358,0.3357,0.3357,8208.5
1791078120000,0.3358,0.3358,0.3357,0.3358,4508.1
1791078180000,0.3358,0.3358,0.3357,0.3357,15891.0
1791078240000,0.3358,0.3358,0.3357,0.3357,4036.2
1791078300000,0.3357,0.3358,0.3357,0.3357,4530.3
1791078360000,0.3358,0.3358,0.3357,0.3357,6363.8
1791078420000,0.3358,0.3358,0.3357,0.3357,4282.5
1791078480000,0.3358,0.3358,0.3357,0.3358,4826.5
1791078540000,0.3358,0.3358,0.3357,0.3357,20317.1
1791078600000,0.3358,0.3358,0.3357,0.3357,3939.5
1791078660000,0.3358,0.3358,0.3357,0.3357,4030.9
1791078720000,0.3358,0.3358,0.3357,0.3357,5685.9
1791078780000,0.3357,0.3358,0.3357,0.3357,14836.9
1791078840000,0.3358,0.3358,0.3357,0.3358,6145.1
1791078900000,0.3358,0.3358,0.3357,0.3357,10189.0
1791078960000,0.3357,0.3358,0.3357,0.3357,13634.0
1791079020000,0.3357,0.3358,0.3357,0.3357,7505.3
1791079080000,0.3358,0.3358,0.3357,0.3357,8430.6
1791079140000,0.3357,0.3358,0.3357,0.3358,7666.6
1791079200000,0.3357,0.3358,0.3357,0.3357,4744.9
1791079260000,0.3358,0.3358,0.3356,0.3356,172683.8
1791079320000,0.3357,0.3357,0.3356,0.3357,5517.3
1791079380000,0.3357,0.3357,0.3356,0.3356,5521.5
1791079440000,0.3357,0.3357,0.3356,0.3357,10116.0
1791079500000,0.3357,0.3357,0.3356,0.3357,4474.3
1791079560000,0.3356,0.3357,0.3356,0.3357,15593.4
1791079620000,0.3357,0.3357,0.3355,0.3355,4701.3
1791079680000,0.3356,0.3356,0.3355,0.3356,8024.9
1791079740000,0.3356,0.3356,0.3355,0.3356,9729.1
1791079800000,0.3355,0.3356,0.3355,0.3355,4217.9
1791079860000,0.3355,0.3356,0.3355,0.3355,3567.1
1791079920000,0.3356,0.3356,0.3355,0.3355,15935.1
1791079980000,0.3356,0.3356,0.3355,0.3356,7039.5
1791080040000,0.3355,0.3356,0.3355,0.3356,7845.1
1791080100000,0.3356,0.3356,0.3355,0.3355,9912.2
1791080160000,0.3355,0.3356,0.3355,0.3355,7856.3
1791080220000,0.3355,0.3356,0.3355,0.3356,10253.0
1791080280000,0.3355,0.3355,0.3354,0.3354,139574.0
1791080340000,0.3354,0.3355,0.3354,0.3355,10209.2
1791080400000,0.3355,0.3355,0.3354,0.3355,8080.1
1791080460000,0.3354,0.3355,0.3354,0.3355,14696.2
1791080520000,0.3355,0.3355,0.3354,0.3354,27774.4
1791080580000,0.3355,0.3355,0.3354,0.3355,6210.8
1791080640000,0.3355,0.3355,0.3354,0.3355,4994.6
1791080700000,0.3355,0.3355,0.3354,0.3355,18029.8
1791080760000,0.3355,0.3355,0.3354,0.3354,10612.4
1791080820000,0.3354,0.3355,0.3354,0.3354,2632.1
1791080880000,0.3354,0.3355,0.3354,0.3354,3706.5
1791080940000,0.3354,0.3355,0.3354,0.3354,41244.1
1791081000000,0.3355,0.3355,0.3354,0.3354,6680.4
1791081060000,0.3354,0.3355,0.3354,0.3354,3905.3
1791081120000,0.3354,0.3355,0.3354,0.3354,8723.4
1791081180000,0.3354,0.3355,0.3354,0.3354,6424.0
1791081240000,0.3355,0.3355,0.3354,0.3354,7441.7
1791081300000,0.3355,0.3355,0.3354,0.3354,5448.5
1791081360000,0.3355,0.3355,0.3354,0.3354,8730.0
1791081420000,0.3355,0.3355,0.3354,0.3355,16046.0
1791081480000,0.3354,0.3355,0.3354,0.3355,4878.1
1791081540000,0.3355,0.3355,0.3354,0.3355,9051.9
1791081600000,0.3355,0.3355,0.3354,0.3354,8648.8
1791081660000,0.3354,0.3355,0.3354,0.3354,4448.4
1791081720000,0.3355,0.3355,0.3354,0.3355,5046.3
1791081780000,0.3355,0.3355,0.3354,0.3354,4419.4
1791081840000,0.3354,0.3355,0.3354,0.3354,11359.6
1791081900000,0.3355,0.3355,0.3354,0.3355,5876.4
1791081960000,0.3355,0.3355,0.3354,0.3355,15856.8
1791082020000,0.3355,0.3355,0.3354,0.3354,7930.9
1791082080000,0.3355,0.3355,0.3354,0.3355,4127.6
1791082140000,0.3354,0.3355,0.3354,0.3355,6059.0
1791082200000,0.3355,0.3355,0.3354,0.3354,13234.4
1791082260000,0.3354,0.3355,0.3354,0.3355,27091.6
1791082320000,0.3355,0.3355,0.3354,0.3355,3901.1
1791082380000,0.3355,0.3355,0.3354,0.3354,27569.5
1791082440000,0.3354,0.3355,0.3354,0.3354,3488.3
1791082500000,0.3354,0.3355,0.3354,0.3355,3659.2
1791082560000,0.3355,0.3355,0.3354,0.3355,6894.9
1791082620000,0.3354,0.3355,0.3354,0.3355,23368.9
1791082680000,0.3354,0.3355,0.3354,0.3355,26132.1
1791082740000,0.3355,0.3355,0.3354,0.3355,3001.0
1791082800000,0.3354,0.3355,0.3354,0.3355,24736.8
1791082860000,0.3354,0.3356,0.3354,0.3355,169102.7
1791082920000,0.3356,0.3356,0.3355,0.3355,6419.3
1791082980000,0.3356,0.3356,0.3355,0.3355,17054.4
1791083040000,0.3355,0.3356,0.3354,0.3354,43584.6
1791083100000,0.3354,0.3355,0.3354,0.3355,8343.6
1791083160000,0.3355,0.3355,0.3354,0.3355,9497.7
1791083220000,0.3354,0.3355,0.3354,0.3354,4849.7
1791083280000,0.3354,0.3355,0.3354,0.3355,5292.3
1791083340000,0.3355,0.3355,0.3354,0.3354,5549.0
1791083400000,0.3355,0.3356,0.3354,0.3355,19214.3
1791083460000,0.3355,0.3356,0.3355,0.3356,27453.8
1791083520000,0.3356,0.3356,0.3355,0.3356,4886.9
1791083580000,0.3356,0.3356,0.3355,0.3355,4417.6
1791083640000,0.3356,0.3356,0.3355,0.3356,5445.9
1791083700000,0.3355,0.3356,0.3355,0.3355,6690.6
1791083760000,0.3355,0.3356,0.3355,0.3355,6681.3
1791083820000,0.3356,0.3356,0.3355,0.3355,26578.9
1791083880000,0.3355,0.3356,0.3355,0.3355,16768.8
1791083940000,0.3355,0.3356,0.3355,0.3356,6924.5
1791084000000,0.3355,0.3356,0.3355,0.3355,3451.7
1791084060000,0.3355,0.3356,0.3355,0.3356,11718.7
1791084120000,0.3355,0.3356,0.3355,0.3356,9372.9
1791084180000,0.3355,0.3356,0.3355,0.3356,3895.6
1791084240000,0.3355,0.3356,0.3355,0.3356,6218.6
1791084300000,0.3355,0.3356,0.3355,0.3356,4925.4
1791084360000,0.3356,0.3356,0.3355,0.3356,4215.3
1791084420000,0.3355,0.3356,0.3355,0.3355,7638.4
1791084480000,0.3355,0.3356,0.3355,0.3355,9348.3
1791084540000,0.3356,0.3356,0.3355,0.3356,136223.5
1791084600000,0.3356,0.3356,0.3355,0.3356,5745.3
1791084660000,0.3356,0.3356,0.3355,0.3356,6906.0
1791084720000,0.3355,0.3356,0.3355,0.3355,27519.8
1791084780000,0.3355,0.3356,0.3355,0.3356,13269.3
1791084840000,0.3356,0.3356,0.3355,0.3355,8637.3
1791084900000,0.3356,0.3356,0.3355,0.3355,8053.2
1791084960000,0.3356,0.3356,0.3354,0.3354,60273.5
1791085020000,0.3354,0.3355,0.3354,0.3355,10487.4
1791085080000,0.3354,0.3355,0.3354,0.3355,25790.5
1791085140000,0.3355,0.3355,0.3354,0.3355,4982.5
1791085200000,0.3354,0.3355,0.3354,0.3355,8888.3
1791085260000,0.3355,0.3355,0.3354,0.3355,7920.8
1791085320000,0.3355,0.3356,0.3354,0.3356,33869.7
1791085380000,0.3355,0.3356,0.3355,0.3356,5738.6
1791085440000,0.3355,0.3355,0.3354,0.3355,30987.7
1791085500000,0.3355,0.3355,0.3354,0.3354,4741.6
1791085560000,0.3354,0.3355,0.3354,0.3355,4337.8
1791085620000,0.3354,0.3355,0.3354,0.3354,8610.4
1791085680000,0.3354,0.3355,0.3354,0.3355,36183.3
1791085740000,0.3354,0.3355,0.3354,0.3355,5462.5
1791085800000,0.3355,0.3355,0.3354,0.3354,13988.9
1791085860000,0.3354,0.3355,0.3354,0.3354,30191.4
1791085920000,0.3355,0.3355,0.3354,0.3355,4673.9
1791085980000,0.3354,0.3355,0.3354,0.3354,5661.1
1791086040000,0.3354,0.3355,0.3354,0.3355,9936.7
1791086100000,0.3355,0.3355,0.3354,0.3354,8777.0
1791086160000,0.3355,0.3355,0.3354,0.3355,9564.2
1791086220000,0.3354,0.3355,0.3354,0.3355,6207.3
1791086280000,0.3354,0.3355,0.3354,0.3355,4518.8
1791086340000,0.3355,0.3355,0.3354,0.3355,7892.5
1791086400000,0.3355,0.3355,0.3354,0.3354,11140.2
1791086460000,0.3355,0.3355,0.3354,0.3354,4656.1
1791086520000,0.3354,0.3355,0.3354,0.3355,43948.3
1791086580000,0.3355,0.3355,0.3354,0.3355,6619.7
1791086640000,0.3354,0.3355,0.3354,0.3354,5623.0
1791086700000,0.3354,0.3355,0.3354,0.3355,9840.5
1791086760000,0.3354,0.3355,0.3354,0.3355,36289.3
1791086820000,0.3355,0.3356,0.3355,0.3355,8383.0
1791086880000,0.3355,0.3356,0.3355,0.3356,33504.1
1791086940000,0.3356,0.3356,0.3355,0.3355,8800.2
1791087000000,0.3355,0.3356,0.3355,0.3355,7479.0
1791087060000,0.3356,0.3356,0.3355,0.3356,64203.1
1791087120000,0.3355,0.3356,0.3355,0.3355,4513.8
1791087180000,0.3355,0.3356,0.3355,0.3355,4414.6
1791087240000,0.3356,0.3356,0.3355,0.3355,4923.4
1791087300000,0.3356,0.3356,0.3355,0.3355,12072.0
1791087360000,0.3355,0.3356,0.3355,0.3355,16461.3
1791087420000,0.3356,0.3356,0.3355,0.3355,18253.8
1791087480000,0.3355,0.3356,0.3354,0.3355,125982.3
1791087540000,0.3354,0.3355,0.3354,0.3354,17758.9
1791087600000,0.3355,0.3355,0.3354,0.3355,28620.1
1791087660000,0.3354,0.3355,0.3354,0.3355,16545.6
1791087720000,0.3354,0.3356,0.3354,0.3356,31478.7
1791087780000,0.3355,0.3356,0.3355,0.3355,18592.7
1791087840000,0.3355,0.3356,0.3355,0.3356,4906.4
1791087900000,0.3355,0.3356,0.3355,0.3355,10129.4
1791087960000,0.3355,0.3356,0.3354,0.3354,28275.5
1791088020000,0.3354,0.3355,0.3354,0.3354,10551.7
1791088080000,0.3354,0.3355,0.3354,0.3355,5373.8
1791088140000,0.3354,0.3355,0.3354,0.3355,10330.1
1791088200000,0.3354,0.3355,0.3354,0.3354,9464.6
1791088260000,0.3354,0.3355,0.3354,0.3355,5882.2
1791088320000,0.3355,0.3355,0.3354,0.3354,9743.8
1791088380000,0.3355,0.3355,0.3354,0.3355,9078.5
1791088440000,0.3355,0.3355,0.3354,0.3355,30552.9
1791088500000,0.3355,0.3355,0.3354,0.3354,7089.5
1791088560000,0.3355,0.3355,0.3354,0.3355,4313.2
1791088620000,0.3355,0.3355,0.3354,0.3355,12478.6
1791088680000,0.3355,0.3355,0.3354,0.3355,10693.1
1791088740000,0.3355,0.3355,0.3354,0.3355,5490.8
1791088800000,0.3354,0.3355,0.3354,0.3355,6776.8
1791088860000,0.3355,0.3355,0.3354,0.3354,12108.9
1791088920000,0.3354,0.3355,0.3354,0.3354,9485.9
1791088980000,0.3355,0.3355,0.3354,0.3354,7065.1
1791089040000,0.3355,0.3355,0.3354,0.3354,3519.2
1791089100000,0.3354,0.3355,0.3354,0.3355,3764.4
1791089160000,0.3355,0.3355,0.3354,0.3355,4755.4
1791089220000,0.3355,0.3355,0.3354,0.3354,11684.8
1791089280000,0.3354,0.3355,0.3354,0.3354,6769.4
1791089340000,0.3355,0.3355,0.3354,0.3355,5222.1
1791089400000,0.3355,0.3355,0.3354,0.3355,2783.7
1791089460000,0.3354,0.3355,0.3354,0.3355,6193.8
1791089520000,0.3355,0.3355,0.3354,0.3355,3801.5
1791089580000,0.3355,0.3355,0.3354,0.3354,12583.3
1791089640000,0.3354,0.3355,0.3354,0.3355,3623.8
1791089700000,0.3354,0.3355,0.3354,0.3354,8446.8
1791089760000,0.3354,0.3355,0.3354,0.3355,11267.3
1791089820000,0.3354,0.3355,0.3354,0.3354,4786.0
1791089880000,0.3355,0.3355,0.3354,0.3354,4465.4
1791089940000,0.3355,0.3355,0.3354,0.3354,8221.6
1791090000000,0.3354,0.3355,0.3354,0.3354,11390.3
1791090060000,0.3355,0.3355,0.3354,0.3355,5312.4
1791090120000,0.3355,0.3355,0.3354,0.3355,9637.5
1791090180000,0.3355,0.3355,0.3354,0.3355,12239.7
1791090240000,0.3354,0.3355,0.3354,0.3354,9099.3
1791090300000,0.3355,0.3355,0.3354,0.3355,8478.9
1791090360000,0.3355,0.3355,0.3354,0.3355,13439.4
1791090420000,0.3355,0.3355,0.3354,0.3355,20935.1
1791090480000,0.3354,0.3355,0.3354,0.3354,7243.4
1791090540000,0.3355,0.3355,0.3354,0.3355,4065.9
1791090600000,0.3354,0.3355,0.3354,0.3354,20061.2
1791090660000,0.3355,0.3355,0.3354,0.3355,10824.7
1791090720000,0.3354,0.3355,0.3354,0.3354,4172.2
1791090780000,0.3354,0.3355,0.3354,0.3355,96221.3
1791090840000,0.3355,0.3355,0.3354,0.3355,7110.1
1791090900000,0.3354,0.3355,0.3354,0.3354,22558.7
1791090960000,0.3355,0.3355,0.3354,0.3354,3933.3
1791091020000,0.3355,0.3355,0.3354,0.3355,7563.2
1791091080000,0.3354,0.3355,0.3354,0.3354,5419.2
1791091140000,0.3355,0.3355,0.3354,0.3354,10508.3
1791091200000,0.3354,0.3355,0.3354,0.3355,11531.1
1791091260000,0.3354,0.3355,0.3354,0.3355,6811.3
1791091320000,0.3354,0.3355,0.3354,0.3355,7108.9
1791091380000,0.3355,0.3355,0.3354,0.3355,9569.8
1791091440000,0.3354,0.3355,0.3354,0.3354,14100.4
1791091500000,0.3354,0.3355,0.3354,0.3354,5906.3
1791091560000,0.3354,0.3355,0.3354,0.3354,7309.4
1791091620000,0.3354,0.3355,0.3354,0.3355,4405.8
1791091680000,0.3355,0.3355,0.3354,0.3355,4345.1
1791091740000,0.3354,0.3355,0.3354,0.3354,5660.7
1791091800000,0.3355,0.3355,0.3354,0.3354,14420.6
1791091860000,0.3355,0.3355,0.3354,0.3355,21010.6
1791091920000,0.3355,0.3355,0.3354,0.3354,5314.2
1791091980000,0.3355,0.3355,0.3354,0.3355,10017.7
1791092040000,0.3354,0.3355,0.3354,0.3354,9665.0
1791092100000,0.3355,0.3355,0.3354,0.3355,11307.8
1791092160000,0.3355,0.3355,0.3354,0.3355,6338.3
1791092220000,0.3354,0.3355,0.3354,0.3355,11130.0
1791092280000,0.3354,0.3355,0.3354,0.3355,6310.3
1791092340000,0.3355,0.3355,0.3354,0.3355,15941.5
1791092400000,0.3354,0.3355,0.3354,0.3354,8153.8
1791092460000,0.3355,0.3355,0.3354,0.3355,13628.6
1791092520000,0.3355,0.3355,0.3354,0.3354,9818.4
1791092580000,0.3354,0.3355,0.3354,0.3355,7474.0
1791092640000,0.3355,0.3355,0.3354,0.3355,14159.7
1791092700000,0.3354,0.3355,0.3354,0.3355,9368.3
1791092760000,0.3354,0.3355,0.3354,0.3355,7482.0
1791092820000,0.3354,0.3355,0.3354,0.3355,4757.3
1791092880000,0.3354,0.3355,0.3354,0.3355,7023.9
1791092940000,0.3355,0.3355,0.3354,0.3355,5391.1
1791093000000,0.3354,0.3355,0.3354,0.3355,6669.4
1791093060000,0.3355,0.3355,0.3354,0.3354,4067.8
1791093120000,0.3354,0.3355,0.3354,0.3354,5359.1
1791093180000,0.3354,0.3355,0.3354,0.3355,6846.0
1791093240000,0.3355,0.3355,0.3354,0.3355,3860.4
1791093300000,0.3354,0.3355,0.3354,0.3354,9882.0
1791093360000,0.3354,0.3355,0.3354,0.3354,5170.7
1791093420000,0.3354,0.3355,0.3354,0.3355,4979.2
1791093480000,0.3354,0.3355,0.3354,0.3355,8445.7
1791093540000,0.3355,0.3355,0.3354,0.3355,18031.5
1791093600000,0.3355,0.3355,0.3354,0.3354,5478.0
1791093660000,0.3355,0.3355,0.3354,0.3354,5837.5
1791093720000,0.3355,0.3355,0.3354,0.3354,6460.0
1791093780000,0.3354,0.3355,0.3354,0.3355,14094.2
1791093840000,0.3354,0.3355,0.3354,0.3354,36109.6
1791093900000,0.3354,0.3355,0.3354,0.3354,60332.7
1791093960000,0.3354,0.3354,0.3353,0.3354,28842.1
1791094020000,0.3354,0.3354,0.3353,0.3353,12479.5
1791094080000,0.3354,0.3354,0.3353,0.3354,14239.9
1791094140000,0.3354,0.3354,0.3353,0.3354,7550.2
1791094200000,0.3354,0.3354,0.3353,0.3354,21600.6
1791094260000,0.3354,0.3354,0.3353,0.3353,4916.8
1791094320000,0.3354,0.3354,0.3353,0.3353,6369.2
1791094380000,0.3354,0.3354,0.3353,0.3353,6252.2
1791094440000,0.3354,0.3354,0.3353,0.3353,9885.8
1791094500000,0.3354,0.3354,0.3353,0.3354,24598.3
1791094560000,0.3354,0.3354,0.3353,0.3354,13673.7
1791094620000,0.3353,0.3354,0.3353,0.3354,63477.2
1791094680000,0.3353,0.3354,0.3353,0.3354,13254.9
1791094740000,0.3353,0.3354,0.3353,0.3353,9017.9
1791094800000,0.3354,0.3354,0.3353,0.3353,3968.6
1791094860000,0.3353,0.3354,0.3353,0.3353,8160.4
1791094920000,0.3354,0.3354,0.3353,0.3354,71373.3
1791094980000,0.3353,0.3354,0.3353,0.3353,31687.2
1791095040000,0.3353,0.3354,0.3353,0.3353,13842.9
1791095100000,0.3353,0.3354,0.3353,0.3354,3310.2
1791095160000,0.3354,0.3354,0.3353,0.3354,13177.0
1791095220000,0.3354,0.3354,0.3353,0.3354,7007.2
1791095280000,0.3354,0.3354,0.3353,0.3353,7020.6
1791095340000,0.3354,0.3354,0.3353,0.3354,15938.2
1791095400000,0.3353,0.3354,0.3353,0.3353,5571.0
1791095460000,0.3354,0.3354,0.3353,0.3353,113079.8
1791095520000,0.3354,0.3354,0.3353,0.3353,7819.0
1791095580000,0.3353,0.3354,0.3353,0.3353,6795.8
1791095640000,0.3353,0.3354,0.3353,0.3353,3735.4
1791095700000,0.3354,0.3354,0.3353,0.3353,6495.8
1791095760000,0.3354,0.3354,0.3353,0.3354,9228.7
1791095820000,0.3353,0.3354,0.3353,0.3353,5987.3
1791095880000,0.3354,0.3354,0.3353,0.3354,5775.3
1791095940000,0.3354,0.3354,0.3353,0.3353,9205.8
1791096000000,0.3354,0.3354,0.3353,0.3353,6874.1
1791096060000,0.3354,0.3354,0.3353,0.3353,6872.6
1791096120000,0.3353,0.3354,0.3353,0.3354,5313.8
1791096180000,0.3353,0.3354,0.3353,0.3354,14359.2
1791096240000,0.3353,0.3354,0.3353,0.3354,9783.5
1791096300000,0.3354,0.3354,0.3353,0.3354,6592.2
1791096360000,0.3354,0.3354,0.3353,0.3354,11267.6
1791096420000,0.3354,0.3354,0.3353,0.3354,6212.5
1791096480000,0.3354,0.3354,0.3353,0.3354,8905.1
1791096540000,0.3354,0.3354,0.3353,0.3353,3293.0
1791096600000,0.3353,0.3354,0.3353,0.3354,24311.2
1791096660000,0.3354,0.3354,0.3353,0.3354,5363.2
1791096720000,0.3354,0.3354,0.3353,0.3354,5498.1
1791096780000,0.3354,0.3354,0.3353,0.3354,4083.3
1791096840000,0.3354,0.3354,0.3353,0.3354,12466.6
1791096900000,0.3354,0.3354,0.3353,0.3354,32039.8
1791096960000,0.3353,0.3354,0.3353,0.3353,30022.6
1791097020000,0.3354,0.3354,0.3353,0.3354,6513.8
1791097080000,0.3354,0.3354,0.3353,0.3354,26335.5
1791097140000,0.3354,0.3354,0.3353,0.3354,8275.6
1791097200000,0.3354,0.3354,0.3353,0.3353,15939.7
1791097260000,0.3354,0.3354,0.3353,0.3353,9525.1
1791097320000,0.3354,0.3354,0.3353,0.3354,19505.6
1791097380000,0.3353,0.3354,0.3353,0.3354,21642.4
1791097440000,0.3353,0.3354,0.3353,0.3353,6910.3
1791097500000,0.3353,0.3354,0.3353,0.3353,7985.9
1791097560000,0.3353,0.3354,0.3353,0.3354,5977.9
1791097620000,0.3353,0.3354,0.3353,0.3354,15049.1
1791097680000,0.3353,0.3354,0.3352,0.3352,31555.9
1791097740000,0.3353,0.3353,0.3352,0.3352,15274.1
1791097800000,0.3352,0.3353,0.3352,0.3352,17020.4
1791097860000,0.3353,0.3353,0.3352,0.3352,11796.9
1791097920000,0.3353,0.3354,0.3353,0.3353,90333.3
1791097980000,0.3354,0.3354,0.3353,0.3353,6355.9
1791098040000,0.3354,0.3354,0.3353,0.3353,7333.7
1791098100000,0.3353,0.3354,0.3353,0.3353,6701.0
1791098160000,0.3354,0.3354,0.3353,0.3353,14641.2
1791098220000,0.3353,0.3354,0.3353,0.3353,5760.1
1791098280000,0.3353,0.3354,0.3353,0.3354,19403.1
1791098340000,0.3354,0.3354,0.3353,0.3354,16980.3
1791098400000,0.3353,0.3354,0.3353,0.3353,4526.7
1791098460000,0.3353,0.3354,0.3353,0.3354,26069.2
1791098520000,0.3353,0.3354,0.3353,0.3354,3984.1
1791098580000,0.3353,0.3354,0.3353,0.3354,10603.3
1791098640000,0.3354,0.3354,0.3353,0.3354,16883.3
1791098700000,0.3354,0.3354,0.3353,0.3354,7025.1
1791098760000,0.3354,0.3354,0.3353,0.3354,45609.8
1791098820000,0.3354,0.3354,0.3353,0.3354,7705.4
1791098880000,0.3353,0.3354,0.3353,0.3353,11497.4
1791098940000,0.3353,0.3354,0.3353,0.3354,7385.9
1791099000000,0.3353,0.3354,0.3353,0.3354,21738.1
1791099060000,0.3353,0.3354,0.3353,0.3353,6021.5
1791099120000,0.3353,0.3354,0.3353,0.3353,5472.7
1791099180000,0.3354,0.3355,0.3353,0.3354,14324.6
1791099240000,0.3354,0.3355,0.3354,0.3355,5312.6
1791099300000,0.3355,0.3355,0.3354,0.3354,15144.0
1791099360000,0.3354,0.3355,0.3354,0.3354,7265.5
1791099420000,0.3355,0.3355,0.3354,0.3354,8721.9
1791099480000,0.3355,0.3355,0.3354,0.3354,9115.5
1791099540000,0.3354,0.3355,0.3354,0.3354,11782.3
1791099600000,0.3355,0.3355,0.3354,0.3354,12760.1
1791099660000,0.3354,0.3355,0.3354,0.3354,5285.2
1791099720000,0.3355,0.3355,0.3354,0.3354,13070.7
1791099780000,0.3354,0.3355,0.3354,0.3354,8488.8
1791099840000,0.3355,0.3355,0.3354,0.3354,9631.9
1791099900000,0.3354,0.3355,0.3354,0.3354,12292.1
1791099960000,0.3355,0.3355,0.3354,0.3354,18036.5
1791100020000,0.3355,0.3355,0.3354,0.3355,19829.3
1791100080000,0.3355,0.3355,0.3354,0.3354,8919.7
1791100140000,0.3354,0.3355,0.3354,0.3354,17015.0
1791100200000,0.3355,0.3355,0.3354,0.3354,4152.6
1791100260000,0.3355,0.3355,0.3354,0.3354,22231.6
1791100320000,0.3354,0.3354,0.3351,0.3352,392827.6
1791100380000,0.3351,0.3352,0.3351,0.3351,19078.6
1791100440000,0.3352,0.3352,0.3351,0.3351,14810.0
1791100500000,0.3352,0.3352,0.3351,0.3352,19325.2
1791100560000,0.3351,0.3352,0.3351,0.3352,25137.5
1791100620000,0.3351,0.3352,0.3351,0.3352,28604.0
1791100680000,0.3352,0.3352,0.335,0.3351,491515.5
1791100740000,0.335,0.3352,0.335,0.3352,58131.2
1791100800000,0.3352,0.3353,0.3351,0.3352,16300.4
1791100860000,0.3352,0.3353,0.3351,0.3353,12319.2
1791100920000,0.3353,0.3353,0.3351,0.3351,18659.9
1791100980000,0.3352,0.3352,0.3351,0.3351,6471.5
1791101040000,0.3352,0.3352,0.3351,0.3351,16368.5
1791101100000,0.3352,0.3352,0.3351,0.3352,6533.4
1791101160000,0.3352,0.3352,0.3351,0.3352,16392.7
1791101220000,0.3352,0.3352,0.3351,0.3352,9166.6
1791101280000,0.3352,0.3352,0.3351,0.3351,6525.9
1791101340000,0.3352,0.3352,0.3351,0.3352,16161.1
1791101400000,0.3352,0.3352,0.3351,0.3352,14872.4
1791101460000,0.3352,0.3352,0.3351,0.3352,15021.3
1791101520000,0.3352,0.3352,0.3351,0.3352,7809.8
1791101580000,0.3351,0.3352,0.3351,0.3351,8808.8
1791101640000,0.3352,0.3352,0.3351,0.3352,22364.6
1791101700000,0.3351,0.3352,0.3351,0.3351,26986.3
1791101760000,0.3351,0.3352,0.3351,0.3352,20303.2
1791101820000,0.3352,0.3352,0.3351,0.3352,15330.9
1791101880000,0.3352,0.3352,0.3351,0.3351,7772.2
1791101940000,0.3351,0.3352,0.3351,0.3351,21578.4
1791102000000,0.3352,0.3352,0.3351,0.3352,12854.6
1791102060000,0.3352,0.3352,0.3351,0.3351,15926.2
1791102120000,0.3351,0.3352,0.3351,0.3351,27898.1
1791102180000,0.3352,0.3352,0.3351,0.3351,7795.4
1791102240000,0.3352,0.3353,0.3351,0.3352,58928.0
1791102300000,0.3352,0.3352,0.3351,0.3351,42291.6
1791102360000,0.3352,0.3352,0.3351,0.3351,6060.2
1791102420000,0.3352,0.3352,0.3351,0.3351,12893.3
1791102480000,0.3352,0.3352,0.3351,0.3351,24010.1
1791102540000,0.3352,0.3352,0.3351,0.3351,9890.6
1791102600000,0.3352,0.3352,0.3351,0.3352,26956.7
1791102660000,0.3352,0.3352,0.3351,0.3351,5128.2
1791102720000,0.3352,0.3352,0.3351,0.3351,20021.7
1791102780000,0.3352,0.3352,0.3351,0.3351,5425.3
1791102840000,0.3352,0.3352,0.3351,0.3351,6065.3
1791102900000,0.3352,0.3352,0.3351,0.3352,7256.5
1791102960000,0.3351,0.3352,0.3351,0.3352,9596.2
1791103020000,0.3352,0.3352,0.3351,0.3351,13119.9
1791103080000,0.3352,0.3352,0.3351,0.3351,9638.8
1791103140000,0.3352,0.3352,0.3351,0.3351,17536.6
1791103200000,0.3352,0.3352,0.335,0.335,13826.1
1791103260000,0.3351,0.3351,0.335,0.335,19854.7
1791103320000,0.3351,0.3351,0.335,0.335,106930.0
1791103380000,0.335,0.3351,0.335,0.335,15977.8
1791103440000,0.335,0.3351,0.335,0.3351,10509.9
1791103500000,0.335,0.3351,0.335,0.3351,5633.2
1791103560000,0.3351,0.3351,0.335,0.335,41476.9
1791103620000,0.3351,0.3351,0.335,0.335,7516.8
1791103680000,0.3351,0.3351,0.335,0.335,26292.4
1791103740000,0.3351,0.3351,0.335,0.335,14855.7
1791103800000,0.335,0.3351,0.335,0.335,10031.1
1791103860000,0.3351,0.3351,0.335,0.3351,9120.2
1791103920000,0.3351,0.3351,0.335,0.3351,15267.2
1791103980000,0.335,0.3351,0.335,0.335,4354.7
1791104040000,0.335,0.3351,0.335,0.3351,21028.6
1791104100000,0.3351,0.3351,0.335,0.3351,6388.5
1791104160000,0.3351,0.3351,0.335,0.335,7170.9
1791104220000,0.335,0.3351,0.335,0.335,18924.0
1791104280000,0.3351,0.3351,0.335,0.335,8153.0
1791104340000,0.335,0.3351,0.335,0.335,14817.2
1791104400000,0.335,0.3351,0.335,0.335,16744.4
1791104460000,0.335,0.3351,0.335,0.335,58200.1
1791104520000,0.335,0.3351,0.335,0.3351,17222.7
1791104580000,0.3351,0.3351,0.335,0.335,7334.0
1791104640000,0.3351,0.3351,0.335,0.335,9924.5
1791104700000,0.335,0.3351,0.335,0.335,11367.3
1791104760000,0.3351,0.3351,0.335,0.3351,8040.4
1791104820000,0.335,0.3351,0.335,0.335,19124.1
1791104880000,0.3351,0.3351,0.335,0.3351,15395.7
1791104940000,0.3351,0.3351,0.335,0.3351,67066.5
1791105000000,0.3351,0.3351,0.335,0.335,67708.0
1791105060000,0.3351,0.3351,0.335,0.3351,19653.6
1791105120000,0.3351,0.3351,0.335,0.335,10602.4
1791105180000,0.3351,0.3351,0.335,0.3351,8078.7
1791105240000,0.3351,0.3351,0.335,0.335,10855.8
1791105300000,0.335,0.3351,0.335,0.335,4767.8
1791105360000,0.3351,0.3351,0.335,0.335,15279.3
1791105420000,0.335,0.3351,0.335,0.3351,11481.9
1791105480000,0.3351,0.3351,0.335,0.3351,5832.7
1791105540000,0.3351,0.3352,0.335,0.3351,16349.0
1791105600000,0.3352,0.3352,0.3351,0.3352,4894.1
1791105660000,0.3352,0.3352,0.3351,0.3351,8692.6
1791105720000,0.3352,0.3352,0.3351,0.3352,13801.6
1791105780000,0.3352,0.3352,0.3351,0.3351,7534.8
1791105840000,0.3352,0.3352,0.3351,0.3352,12675.8
1791105900000,0.3352,0.3352,0.3351,0.3352,9940.6
1791105960000,0.3351,0.3352,0.3351,0.3352,20616.1
1791106020000,0.3352,0.3352,0.3351,0.3351,8659.1
1791106080000,0.3352,0.3352,0.3351,0.3352,13882.6
1791106140000,0.3352,0.3352,0.3351,0.3352,13080.6
1791106200000,0.3352,0.3352,0.3351,0.3352,16134.8
1791106260000,0.3352,0.3352,0.3351,0.3352,7314.8
1791106320000,0.3351,0.3352,0.3351,0.3351,8154.7
1791106380000,0.3352,0.3352,0.3351,0.3351,5864.4
1791106440000,0.3351,0.3352,0.3351,0.3352,16436.4
1791106500000,0.3352,0.3352,0.3351,0.3351,5877.7
1791106560000,0.3352,0.3352,0.3351,0.3352,9912.2
1791106620000,0.3351,0.3352,0.3351,0.3352,51023.0
1791106680000,0.3352,0.3352,0.3351,0.3352,13564.7
1791106740000,0.3352,0.3352,0.3351,0.3352,13598.7
1791106800000,0.3352,0.3352,0.3351,0.3351,18808.3
1791106860000,0.3352,0.3353,0.3351,0.3352,221895.7
1791106920000,0.3353,0.3357,0.3353,0.3356,780699.2
1791106980000,0.3356,0.3357,0.3356,0.3357,119766.5
1791107040000,0.3357,0.3357,0.3356,0.3357,9910.0
1791107100000,0.3357,0.3357,0.3356,0.3356,24911.3
1791107160000,0.3357,0.3357,0.3356,0.3356,61242.2
1791107220000,0.3357,0.3357,0.3356,0.3357,6360.4
1791107280000,0.3357,0.3357,0.3356,0.3357,38442.6
1791107340000,0.3357,0.3357,0.3356,0.3357,9679.8
1791107400000,0.3357,0.3357,0.3356,0.3357,11247.4
1791107460000,0.3357,0.3357,0.3356,0.3356,20589.1
1791107520000,0.3357,0.3357,0.3356,0.3356,9500.6
1791107580000,0.3357,0.3357,0.3356,0.3356,7487.9
1791107640000,0.3357,0.3357,0.3356,0.3357,5889.0
1791107700000,0.3356,0.3357,0.3356,0.3356,11243.2
1791107760000,0.3357,0.3357,0.3356,0.3356,37968.7
1791107820000,0.3356,0.3357,0.3356,0.3356,8438.5
1791107880000,0.3357,0.3357,0.3356,0.3357,16530.3
1791107940000,0.3357,0.3358,0.3356,0.3356,168813.1
1791108000000,0.3357,0.3357,0.3356,0.3357,15047.7
1791108060000,0.3356,0.3357,0.3356,0.3357,15635.6
1791108120000,0.3356,0.3357,0.3356,0.3356,8504.2
1791108180000,0.3357,0.3357,0.3356,0.3356,9517.3
1791108240000,0.3356,0.3356,0.3355,0.3356,49631.4
1791108300000,0.3356,0.3356,0.3355,0.3355,18676.4
1791108360000,0.3355,0.3356,0.3355,0.3356,36344.4
1791108420000,0.3356,0.3356,0.3355,0.3355,39061.9
1791108480000,0.3356,0.3356,0.3355,0.3355,4422.6
1791108540000,0.3356,0.3356,0.3355,0.3356,24554.0
1791108600000,0.3355,0.3356,0.3355,0.3355,6592.6
1791108660000,0.3355,0.3356,0.3355,0.3356,7174.0
1791108720000,0.3356,0.3356,0.3355,0.3355,13232.0
1791108780000,0.3356,0.3356,0.3355,0.3355,5766.3
1791108840000,0.3356,0.3356,0.3355,0.3356,8626.0
1791108900000,0.3356,0.3356,0.3355,0.3356,12519.5
1791108960000,0.3356,0.3357,0.3356,0.3356,17049.9
1791109020000,0.3356,0.3357,0.3356,0.3357,4853.7
1791109080000,0.3357,0.3357,0.3356,0.3357,12207.5
1791109140000,0.3356,0.3357,0.3356,0.3357,7371.6
1791109200000,0.3356,0.3357,0.3356,0.3356,13722.4
1791109260000,0.3357,0.3357,0.3356,0.3356,29080.7
1791109320000,0.3357,0.3357,0.3356,0.3357,11300.7
1791109380000,0.3356,0.3357,0.3356,0.3357,14984.5
1791109440000,0.3356,0.3357,0.3356,0.3357,10688.1
1791109500000,0.3357,0.3358,0.3356,0.3358,383089.0
1791109560000,0.3358,0.3358,0.3357,0.3358,12779.6
1791109620000,0.3358,0.3358,0.3357,0.3358,339779.2
1791109680000,0.3357,0.3358,0.3357,0.3358,9778.2
1791109740000,0.3357,0.3358,0.3357,0.3357,13235.2
1791109800000,0.3358,0.3358,0.3357,0.3357,13727.4
1791109860000,0.3358,0.3358,0.3357,0.3358,6493.2
1791109920000,0.3358,0.3358,0.3357,0.3358,36306.1
1791109980000,0.3357,0.3358,0.3357,0.3358,8018.3
1791110040000,0.3357,0.3358,0.3356,0.3357,151698.1
1791110100000,0.3357,0.3357,0.3356,0.3356,12612.5
1791110160000,0.3356,0.3357,0.3356,0.3357,8041.2
1791110220000,0.3357,0.3357,0.3356,0.3356,29311.2
1791110280000,0.3356,0.3356,0.3355,0.3356,6504.1
1791110340000,0.3356,0.3356,0.3355,0.3355,5106.2
1791110400000,0.3356,0.3356,0.3355,0.3356,11951.0
1791110460000,0.3356,0.3356,0.3355,0.3356,18082.8
1791110520000,0.3356,0.3356,0.3355,0.3355,4481.0
1791110580000,0.3356,0.3356,0.3355,0.3356,10442.0
1791110640000,0.3356,0.3356,0.3355,0.3356,18625.6
1791110700000,0.3356,0.3356,0.3355,0.3356,10505.5
1791110760000,0.3356,0.3357,0.3355,0.3355,110110.0
1791110820000,0.3356,0.3356,0.3355,0.3356,8936.6
1791110880000,0.3356,0.3356,0.3355,0.3356,20393.0
1791110940000,0.3355,0.3356,0.3354,0.3354,738982.6
1791111000000,0.3355,0.3355,0.3354,0.3355,8515.9
1791111060000,0.3355,0.3355,0.3354,0.3355,21148.9
1791111120000,0.3355,0.3355,0.3354,0.3355,46554.8
1791111180000,0.3355,0.3356,0.3354,0.3355,25724.3
1791111240000,0.3356,0.3356,0.3355,0.3356,30065.9
1791111300000,0.3356,0.3356,0.3355,0.3356,14679.2
1791111360000,0.3355,0.3356,0.3355,0.3356,8656.5
1791111420000,0.3356,0.3357,0.3355,0.3356,23829.5
1791111480000,0.3357,0.3357,0.3355,0.3356,12398.6
1791111540000,0.3355,0.3356,0.3355,0.3356,16663.0
1791111600000,0.3356,0.3356,0.3355,0.3356,21668.2
1791111660000,0.3355,0.3356,0.3355,0.3356,9003.2
1791111720000,0.3356,0.3356,0.3355,0.3356,35092.7
1791111780000,0.3356,0.3356,0.3355,0.3356,79729.8
1791111840000,0.3355,0.3356,0.3355,0.3355,10058.6
1791111900000,0.3356,0.3356,0.3355,0.3356,11590.2
1791111960000,0.3356,0.3357,0.3356,0.3357,11820.5
1791112020000,0.3357,0.3357,0.3356,0.3356,11410.8
1791112080000,0.3357,0.3357,0.3356,0.3357,14300.1
1791112140000,0.3356,0.3357,0.3356,0.3356,12405.1
1791112200000,0.3356,0.3357,0.3356,0.3357,16686.1
1791112260000,0.3357,0.3357,0.3356,0.3357,51025.3
1791112320000,0.3357,0.3357,0.3356,0.3356,12611.9
1791112380000,0.3357,0.3357,0.3356,0.3356,5592.9
1791112440000,0.3357,0.3358,0.3356,0.3358,124300.4
1791112500000,0.3358,0.3361,0.3357,0.3361,1107246.4
1791112560000,0.336,0.3361,0.336,0.3361,86632.0
1791112620000,0.3361,0.3361,0.336,0.336,4321.8
1791112680000,0.3361,0.3361,0.336,0.3361,8108.6
1791112740000,0.336,0.3361,0.336,0.336,9133.8
1791112800000,0.336,0.3361,0.336,0.3361,23689.2
1791112860000,0.3361,0.3361,0.336,0.3361,66979.6
1791112920000,0.3361,0.3361,0.336,0.336,15423.0
1791112980000,0.3361,0.3361,0.336,0.3361,120061.4
1791113040000,0.3361,0.3361,0.336,0.3361,61804.1
1791113100000,0.3361,0.3361,0.336,0.336,6396.7
1791113160000,0.3361,0.3361,0.336,0.336,11178.9
1791113220000,0.3361,0.3361,0.336,0.3361,25317.9
1791113280000,0.336,0.3361,0.336,0.3361,18617.6
1791113340000,0.3361,0.3362,0.336,0.3362,348390.2
1791113400000,0.3362,0.3362,0.3361,0.3361,34287.8
1791113460000,0.3362,0.3362,0.3361,0.3362,94429.4
1791113520000,0.3362,0.3362,0.3361,0.3361,4692.5
1791113580000,0.3362,0.3362,0.3361,0.3361,28445.8
1791113640000,0.3362,0.3362,0.3361,0.3361,14023.6
1791113700000,0.3362,0.3362,0.3361,0.3362,21266.9
1791113760000,0.3361,0.3362,0.3361,0.3362,7081.2
1791113820000,0.3362,0.3362,0.3361,0.3361,9233.9
1791113880000,0.3362,0.3362,0.3361,0.3361,22163.6
1791113940000,0.3361,0.3362,0.3361,0.3362,12992.4
1791114000000,0.3362,0.3362,0.3361,0.3362,10819.1
1791114060000,0.3362,0.3362,0.3361,0.3361,13309.4
1791114120000,0.3362,0.3362,0.3361,0.3362,15472.8
1791114180000,0.3362,0.3362,0.3361,0.3362,4923.2
1791114240000,0.3362,0.3362,0.3361,0.3361,6835.7
1791114300000,0.3361,0.3362,0.3361,0.3361,11393.4
1791114360000,0.3362,0.3362,0.3361,0.3361,10224.1
1791114420000,0.3362,0.3362,0.336,0.3361,10162.4
1791114480000,0.3361,0.3361,0.336,0.336,8825.0
1791114540000,0.3361,0.3361,0.336,0.336,8129.9
1791114600000,0.3361,0.3361,0.336,0.3361,23599.8
1791114660000,0.3361,0.3361,0.336,0.336,12491.7
1791114720000,0.3361,0.3361,0.336,0.3361,16280.9
1791114780000,0.3361,0.3362,0.336,0.3361,20216.9
1791114840000,0.3361,0.3362,0.3361,0.3361,11495.0
1791114900000,0.3361,0.3362,0.3361,0.3361,8952.5
1791114960000,0.3362,0.3362,0.3361,0.3361,20992.4
1791115020000,0.3362,0.3362,0.3361,0.3361,17689.9
1791115080000,0.3362,0.3362,0.3361,0.3361,51125.0
1791115140000,0.3362,0.3362,0.3361,0.3361,10842.1
1791115200000,0.3362,0.3364,0.3362,0.3364,492799.4
1791115260000,0.3363,0.3364,0.3363,0.3364,19496.5
1791115320000,0.3363,0.3364,0.3363,0.3364,13201.4
1791115380000,0.3364,0.3364,0.3363,0.3364,10452.7
1791115440000,0.3363,0.3364,0.3363,0.3364,179347.7
1791115500000,0.3364,0.3364,0.3363,0.3364,80085.0
1791115560000,0.3363,0.3364,0.3363,0.3364,78792.0
1791115620000,0.3364,0.3364,0.3363,0.3363,82657.1
1791115680000,0.3364,0.3364,0.3363,0.3363,10424.9
1791115740000,0.3364,0.3364,0.3363,0.3364,7429.6
1791115800000,0.3364,0.3364,0.3362,0.3362,79362.1
1791115860000,0.3362,0.3363,0.3362,0.3363,11116.9
1791115920000,0.3362,0.3363,0.336,0.3361,15581.0
1791115980000,0.3361,0.3361,0.336,0.336,8699.0
1791116040000,0.3361,0.3361,0.336,0.336,7630.0
1791116100000,0.3361,0.3364,0.336,0.3363,407428.0
1791116160000,0.3363,0.3363,0.3362,0.3362,55834.9
1791116220000,0.3363,0.3363,0.3362,0.3362,14361.3
1791116280000,0.3363,0.3363,0.3362,0.3362,22507.7
1791116340000,0.3363,0.3363,0.3362,0.3362,7488.4
1791116400000,0.3363,0.3363,0.3362,0.3363,9022.2
1791116460000,0.3362,0.3363,0.3362,0.3363,10342.1
1791116520000,0.3363,0.3363,0.3362,0.3362,18842.7
1791116580000,0.3363,0.3363,0.3362,0.3363,16891.3
1791116640000,0.3363,0.3363,0.3362,0.3363,32176.9
1791116700000,0.3363,0.3363,0.3362,0.3363,8678.9
1791116760000,0.3363,0.3363,0.3362,0.3363,19766.4
1791116820000,0.3363,0.3363,0.3362,0.3362,15855.1
1791116880000,0.3363,0.3363,0.3362,0.3363,7640.2
1791116940000,0.3363,0.3363,0.3362,0.3363,16301.2
1791117000000,0.3363,0.3364,0.3362,0.3363,17511.0
1791117060000,0.3363,0.3364,0.3363,0.3363,9902.0
1791117120000,0.3364,0.3364,0.3363,0.3364,12705.1
1791117180000,0.3364,0.3364,0.3363,0.3363,9032.8
1791117240000,0.3364,0.3364,0.3363,0.3363,5209.3
1791117300000,0.3364,0.3364,0.3363,0.3364,10975.3
1791117360000,0.3364,0.3364,0.3363,0.3364,29914.7
1791117420000,0.3363,0.3364,0.3363,0.3363,10602.7
1791117480000,0.3364,0.3364,0.3363,0.3363,25416.4
1791117540000,0.3364,0.3364,0.3363,0.3364,7199.1
1791117600000,0.3364,0.3364,0.3363,0.3363,7771.1
1791117660000,0.3364,0.3364,0.3363,0.3364,12827.8
1791117720000,0.3363,0.3364,0.3363,0.3363,7071.6
1791117780000,0.3364,0.3364,0.3363,0.3364,18579.6
1791117840000,0.3364,0.3364,0.3363,0.3363,11311.8
1791117900000,0.3363,0.3364,0.3363,0.3364,12772.6
1791117960000,0.3364,0.3364,0.3363,0.3363,17851.6
1791118020000,0.3364,0.3364,0.3363,0.3364,6512.5
1791118080000,0.3364,0.3364,0.3363,0.3364,11080.3
1791118140000,0.3364,0.3364,0.3363,0.3363,5411.1
1791118200000,0.3363,0.3364,0.3363,0.3363,7564.0
1791118260000,0.3363,0.3364,0.3363,0.3363,4115.7
1791118320000,0.3363,0.3364,0.3363,0.3363,10436.1
1791118380000,0.3364,0.3364,0.3363,0.3363,12286.4
1791118440000,0.3364,0.3364,0.3363,0.3364,9362.7
1791118500000,0.3364,0.3364,0.3362,0.3363,21772.1
1791118560000,0.3363,0.3363,0.3362,0.3362,9643.1
1791118620000,0.3363,0.3363,0.3361,0.3361,22939.5
1791118680000,0.3362,0.3362,0.3361,0.3361,22197.0
1791118740000,0.3362,0.3362,0.3361,0.3362,14907.3
1791118800000,0.3362,0.3362,0.3361,0.3362,26325.2
1791118860000,0.3362,0.3362,0.3361,0.3361,6741.6
1791118920000,0.3362,0.3362,0.3361,0.3361,5126.1
1791118980000,0.3362,0.3362,0.3361,0.3361,8072.6
1791119040000,0.3362,0.3362,0.3361,0.3361,4989.0
1791119100000,0.3362,0.3362,0.3361,0.3361,13046.8
1791119160000,0.3362,0.3362,0.3361,0.3361,31021.5
1791119220000,0.3362,0.3363,0.3362,0.3363,45993.8
1791119280000,0.3363,0.3363,0.3362,0.3362,12257.7
1791119340000,0.3363,0.3363,0.3362,0.3362,10692.3
1791119400000,0.3363,0.3364,0.3362,0.3363,154622.6
1791119460000,0.3364,0.3364,0.3363,0.3364,24325.7
1791119520000,0.3363,0.3365,0.3363,0.3364,15035.3
1791119580000,0.3365,0.3365,0.3364,0.3364,5272.2
1791119640000,0.3365,0.3365,0.3364,0.3364,9540.7
1791119700000,0.3365,0.3365,0.3364,0.3364,50454.2
1791119760000,0.3364,0.3365,0.3364,0.3365,6492.7
1791119820000,0.3365,0.3365,0.3364,0.3365,5842.8
1791119880000,0.3365,0.3365,0.3364,0.3364,45902.9
1791119940000,0.3364,0.3364,0.3363,0.3363,46021.7
1791120000000,0.3364,0.3364,0.3363,0.3363,11573.5
1791120060000,0.3363,0.3364,0.3363,0.3364,23198.4
1791120120000,0.3364,0.3364,0.3363,0.3363,46074.4
1791120180000,0.3363,0.3364,0.3363,0.3364,8007.5
1791120240000,0.3363,0.3365,0.3363,0.3364,17109.7
1791120300000,0.3365,0.3365,0.3364,0.3364,9082.6
1791120360000,0.3364,0.3365,0.3364,0.3364,13507.3
1791120420000,0.3365,0.3365,0.3364,0.3364,5649.2
1791120480000,0.3365,0.3365,0.3364,0.3364,15862.6
1791120540000,0.3365,0.3365,0.3364,0.3365,10688.8
1791120600000,0.3365,0.3365,0.3359,0.336,1111037.2
1791120660000,0.3361,0.3361,0.336,0.336,24799.7
1791120720000,0.336,0.3361,0.336,0.3361,8257.4
1791120780000,0.3361,0.3361,0.336,0.336,8964.7
1791120840000,0.3361,0.3361,0.336,0.3361,5201.3
1791120900000,0.3361,0.3361,0.3359,0.336,272338.8
1791120960000,0.336,0.336,0.3359,0.336,8870.1
1791121020000,0.336,0.336,0.3358,0.3359,43702.7
1791121080000,0.3359,0.3359,0.3358,0.3359,9126.9
1791121140000,0.3359,0.3359,0.3358,0.3358,10990.9
1791121200000,0.3359,0.3359,0.3358,0.3359,9793.4
1791121260000,0.3359,0.3359,0.3358,0.3359,8372.4
1791121320000,0.3359,0.3359,0.3358,0.3359,13167.1
1791121380000,0.3359,0.3359,0.3358,0.3358,13125.7
1791121440000,0.3359,0.3359,0.3358,0.3359,31450.1
1791121500000,0.3359,0.3359,0.3357,0.3357,116539.2
1791121560000,0.3358,0.3358,0.3356,0.3357,146280.0
1791121620000,0.3356,0.3357,0.3356,0.3357,17596.6
1791121680000,0.3357,0.3357,0.3356,0.3357,42809.7
1791121740000,0.3357,0.3357,0.3356,0.3357,15331.0
1791121800000,0.3357,0.3357,0.3356,0.3356,6351.9
1791121860000,0.3357,0.3357,0.3356,0.3356,5623.7
1791121920000,0.3357,0.3357,0.3356,0.3356,341739.6
1791121980000,0.3356,0.3357,0.3356,0.3356,15203.5
1791122040000,0.3357,0.3357,0.3356,0.3357,17742.7
1791122100000,0.3357,0.3357,0.3356,0.3357,11888.4
1791122160000,0.3356,0.3357,0.3356,0.3357,10989.6
1791122220000,0.3357,0.3357,0.3356,0.3357,100217.8
1791122280000,0.3357,0.3357,0.3356,0.3356,6266.1
1791122340000,0.3356,0.3357,0.3356,0.3356,14038.0
1791122400000,0.3357,0.3357,0.3356,0.3357,27108.2
1791122460000,0.3357,0.3357,0.3356,0.3357,12891.7
1791122520000,0.3357,0.3357,0.3356,0.3357,10857.2
1791122580000,0.3356,0.3357,0.3356,0.3357,8458.1
1791122640000,0.3357,0.3357,0.3356,0.3357,27060.3
1791122700000,0.3357,0.3357,0.3356,0.3357,28791.5
1791122760000,0.3357,0.3357,0.3356,0.3356,18142.5
1791122820000,0.3356,0.3357,0.3356,0.3357,9931.4
1791122880000,0.3356,0.3359,0.3356,0.3358,8838.9
1791122940000,0.3359,0.3359,0.3358,0.3358,8128.9
1791123000000,0.3359,0.3359,0.3357,0.3357,26411.6
1791123060000,0.3358,0.3358,0.3357,0.3357,5593.6
1791123120000,0.3357,0.3358,0.3357,0.3357,6105.0
1791123180000,0.3358,0.3358,0.3357,0.3358,19588.3
1791123240000,0.3358,0.3358,0.3357,0.3357,5766.1
1791123300000,0.3357,0.3358,0.3357,0.3357,17955.5
1791123360000,0.3358,0.3358,0.3357,0.3358,17675.0
1791123420000,0.3358,0.3358,0.3357,0.3358,58614.8
1791123480000,0.3357,0.3358,0.3357,0.3358,8941.0
1791123540000,0.3358,0.3358,0.3357,0.3357,26482.1
1791123600000,0.3358,0.3358,0.3357,0.3358,5035.4
1791123660000,0.3358,0.3358,0.3357,0.3357,12183.3
1791123720000,0.3358,0.3358,0.3357,0.3357,10488.8
1791123780000,0.3358,0.3358,0.3357,0.3357,11421.8
1791123840000,0.3358,0.3358,0.3357,0.3358,5827.0
1791123900000,0.3358,0.3358,0.3357,0.3357,8491.7
1791123960000,0.3358,0.3358,0.3357,0.3358,11285.9
1791124020000,0.3358,0.3358,0.3357,0.3357,25695.2
1791124080000,0.3358,0.3358,0.3357,0.3358,6504.4
1791124140000,0.3357,0.3358,0.3357,0.3357,5255.9
1791124200000,0.3358,0.3358,0.3357,0.3357,16720.3
1791124260000,0.3358,0.3358,0.3357,0.3358,11247.0
1791124320000,0.3357,0.3358,0.3357,0.3358,25319.6
1791124380000,0.3358,0.3358,0.3357,0.3357,10921.9
1791124440000,0.3357,0.3358,0.3357,0.3358,6868.8
1791124500000,0.3358,0.3358,0.3357,0.3357,12643.3
1791124560000,0.3358,0.3358,0.3357,0.3357,5653.0
1791124620000,0.3358,0.3358,0.3356,0.3356,61863.1
1791124680000,0.3357,0.3357,0.3356,0.3356,81508.5
1791124740000,0.3357,0.3357,0.3356,0.3356,18140.6
1791124800000,0.3357,0.3357,0.3356,0.3356,17006.5
1791124860000,0.3357,0.3357,0.3356,0.3357,34479.2
1791124920000,0.3357,0.3357,0.3356,0.3357,16128.2
1791124980000,0.3357,0.3357,0.3356,0.3357,10003.0
1791125040000,0.3357,0.3357,0.3356,0.3357,10480.3
1791125100000,0.3357,0.3357,0.3356,0.3356,20863.2
1791125160000,0.3357,0.3357,0.3356,0.3357,18115.0
1791125220000,0.3357,0.3357,0.3356,0.3356,22501.9
1791125280000,0.3357,0.3357,0.3356,0.3357,21149.9
1791125340000,0.3356,0.3357,0.3356,0.3356,9340.8
1791125400000,0.3357,0.3357,0.3356,0.3357,59130.2
1791125460000,0.3357,0.3357,0.3356,0.3357,10551.8
1791125520000,0.3357,0.3357,0.3356,0.3357,15305.9
1791125580000,0.3357,0.3357,0.3356,0.3356,17721.8
1791125640000,0.3357,0.3357,0.3356,0.3357,19246.9
1791125700000,0.3357,0.336,0.3357,0.336,176801.4
1791125760000,0.336,0.336,0.3359,0.336,391441.8
1791125820000,0.336,0.336,0.3359,0.3359,29430.1
1791125880000,0.3359,0.336,0.3359,0.336,21330.6
1791125940000,0.3359,0.336,0.3359,0.336,7621.6
1791126000000,0.336,0.336,0.3359,0.336,7653.0
1791126060000,0.336,0.336,0.3359,0.3359,15372.9
1791126120000,0.336,0.336,0.3359,0.3359,49916.5
1791126180000,0.3359,0.3359,0.3358,0.3359,16473.3
1791126240000,0.3359,0.3359,0.3358,0.3358,13236.8
1791126300000,0.3359,0.3359,0.3358,0.3358,9117.1
1791126360000,0.3359,0.3359,0.3358,0.3358,4519.4
1791126420000,0.3359,0.3359,0.3358,0.3358,11497.6
1791126480000,0.3358,0.3359,0.3358,0.3359,8260.4
1791126540000,0.3359,0.3359,0.3358,0.3359,17604.4
1791126600000,0.3359,0.3359,0.3358,0.3359,13844.6
1791126660000,0.3359,0.3359,0.3358,0.3358,16727.2
1791126720000,0.3358,0.3359,0.3357,0.3357,82727.0
1791126780000,0.3357,0.3358,0.3357,0.3358,6760.5
1791126840000,0.3358,0.3358,0.3357,0.3358,6507.3
1791126900000,0.3358,0.3358,0.3357,0.3357,6426.6
1791126960000,0.3358,0.3358,0.3357,0.3357,8328.1
1791127020000,0.3358,0.3358,0.3357,0.3358,27350.0
1791127080000,0.3358,0.3358,0.3357,0.3358,10734.4
1791127140000,0.3358,0.3358,0.3357,0.3358,11691.3
1791127200000,0.3358,0.3358,0.3357,0.3357,20876.8
1791127260000,0.3358,0.3358,0.3357,0.3358,13851.3
1791127320000,0.3358,0.3358,0.3357,0.3358,12352.0
1791127380000,0.3358,0.3358,0.3356,0.3357,29377.5
1791127440000,0.3357,0.3357,0.3356,0.3356,15820.9
1791127500000,0.3356,0.3357,0.3356,0.3357,163903.2
1791127560000,0.3357,0.3357,0.3356,0.3357,35561.6
1791127620000,0.3357,0.3358,0.3356,0.3358,32457.1
1791127680000,0.3357,0.3358,0.3357,0.3358,15034.0
1791127740000,0.3358,0.3358,0.3357,0.3358,22524.5
1791127800000,0.3358,0.3358,0.3357,0.3358,10424.8
1791127860000,0.3358,0.3358,0.3356,0.3356,11005.4
1791127920000,0.3357,0.3358,0.3357,0.3358,58749.6
1791127980000,0.3358,0.3358,0.3357,0.3358,5948.0
1791128040000,0.3358,0.3358,0.3357,0.3358,8030.5
1791128100000,0.3358,0.3358,0.3357,0.3358,16618.0
1791128160000,0.3358,0.3358,0.3357,0.3358,15108.3
1791128220000,0.3358,0.3358,0.3357,0.3358,7013.7
1791128280000,0.3358,0.3358,0.3357,0.3358,23736.4
1791128340000,0.3358,0.3358,0.3357,0.3358,14866.8
1791128400000,0.3358,0.3358,0.3357,0.3358,8998.3
1791128460000,0.3358,0.3358,0.3357,0.3358,9716.3
1791128520000,0.3358,0.3358,0.3357,0.3358,34594.6
1791128580000,0.3358,0.3358,0.3357,0.3357,30576.4
1791128640000,0.3358,0.3358,0.3357,0.3357,13436.8
1791128700000,0.3358,0.3358,0.3357,0.3357,16163.8
1791128760000,0.3358,0.3358,0.3357,0.3358,10645.3
1791128820000,0.3358,0.3358,0.3357,0.3357,32286.6
1791128880000,0.3357,0.3358,0.3357,0.3358,6542.0
1791128940000,0.3358,0.3358,0.3357,0.3358,4377.8
1791129000000,0.3358,0.3358,0.3357,0.3358,9832.0
1791129060000,0.3358,0.3358,0.3357,0.3358,19243.8
1791129120000,0.3358,0.3358,0.3357,0.3357,22130.4
1791129180000,0.3358,0.3358,0.3357,0.3357,20464.7
1791129240000,0.3358,0.3358,0.3357,0.3358,13991.1
1791129300000,0.3357,0.3358,0.3357,0.3357,23322.8
1791129360000,0.3358,0.3358,0.3357,0.3357,17236.4
1791129420000,0.3358,0.3358,0.3357,0.3357,13594.0
1791129480000,0.3358,0.3358,0.3357,0.3358,8898.1
1791129540000,0.3358,0.3358,0.3357,0.3358,20635.0
1791129600000,0.3358,0.3358,0.3357,0.3357,7211.2
1791129660000,0.3358,0.3359,0.3358,0.3358,28871.5
1791129720000,0.3359,0.3359,0.3357,0.3358,44145.2
1791129780000,0.3358,0.3358,0.3356,0.3357,32829.5
1791129840000,0.3357,0.3357,0.3356,0.3357,8254.8
1791129900000,0.3357,0.3357,0.3356,0.3357,11341.7
1791129960000,0.3357,0.3357,0.3356,0.3357,13603.9
1791130020000,0.3356,0.3357,0.3356,0.3357,7585.8
1791130080000,0.3356,0.3358,0.3356,0.3358,39315.9
1791130140000,0.3358,0.3358,0.3357,0.3357,14823.4
1791130200000,0.3358,0.3358,0.3357,0.3358,21893.4
1791130260000,0.3358,0.3358,0.3356,0.3357,20394.2
1791130320000,0.3357,0.3357,0.3356,0.3357,8114.5
1791130380000,0.3357,0.3357,0.3356,0.3357,9918.9
1791130440000,0.3357,0.3357,0.3356,0.3357,11273.2
1791130500000,0.3356,0.3357,0.3356,0.3357,12387.9
1791130560000,0.3357,0.3357,0.3356,0.3357,10819.1
1791130620000,0.3357,0.3357,0.3356,0.3357,13452.1
1791130680000,0.3357,0.3357,0.3356,0.3357,28959.1
1791130740000,0.3357,0.3357,0.3356,0.3356,70282.8
1791130800000,0.3356,0.3357,0.3356,0.3357,9487.8
1791130860000,0.3356,0.3357,0.3356,0.3357,19306.5
1791130920000,0.3357,0.3359,0.3356,0.3358,73412.2
1791130980000,0.3359,0.3359,0.3358,0.3358,108872.3
1791131040000,0.3358,0.3359,0.3358,0.3358,6372.3
1791131100000,0.3358,0.3359,0.3357,0.3357,58541.4
1791131160000,0.3357,0.3358,0.3357,0.3358,7473.2
1791131220000,0.3358,0.3358,0.3357,0.3358,6023.8
1791131280000,0.3357,0.3358,0.3357,0.3357,10792.1
1791131340000,0.3358,0.3358,0.3357,0.3357,25426.6
1791131400000,0.3358,0.3358,0.3357,0.3358,9784.1
1791131460000,0.3358,0.3358,0.3357,0.3358,5911.3
1791131520000,0.3358,0.3358,0.3357,0.3358,26640.5
1791131580000,0.3357,0.3358,0.3357,0.3358,7123.9
1791131640000,0.3358,0.3358,0.3357,0.3358,12485.8
1791131700000,0.3358,0.3358,0.3357,0.3358,11533.1
1791131760000,0.3357,0.3358,0.3357,0.3358,19793.7
1791131820000,0.3358,0.3358,0.3357,0.3358,8435.1
1791131880000,0.3358,0.3358,0.3357,0.3357,11452.0
1791131940000,0.3357,0.3358,0.3357,0.3358,20415.8
1791132000000,0.3357,0.3358,0.3357,0.3358,12346.8
1791132060000,0.3358,0.3358,0.3357,0.3358,12301.0
1791132120000,0.3357,0.3358,0.3357,0.3357,49671.1
1791132180000,0.3357,0.3358,0.3356,0.3356,14770.5
1791132240000,0.3356,0.3357,0.3356,0.3357,26577.1
1791132300000,0.3357,0.3357,0.3356,0.3357,9999.6
1791132360000,0.3357,0.3357,0.3356,0.3357,9236.5
1791132420000,0.3357,0.3357,0.3356,0.3357,13732.8
1791132480000,0.3357,0.3357,0.3356,0.3356,5584.6
1791132540000,0.3357,0.3358,0.3357,0.3358,25715.1
1791132600000,0.3357,0.3358,0.3356,0.3357,24041.1
1791132660000,0.3357,0.3357,0.3356,0.3357,8516.5
1791132720000,0.3357,0.3357,0.3356,0.3357,16603.6
1791132780000,0.3357,0.3357,0.3356,0.3356,7249.6
1791132840000,0.3357,0.3357,0.3355,0.3355,26980.3
1791132900000,0.3356,0.3356,0.3355,0.3356,11193.2
1791132960000,0.3356,0.3356,0.3355,0.3355,9932.5
1791133020000,0.3356,0.3356,0.3355,0.3356,8895.5
1791133080000,0.3356,0.3356,0.3355,0.3356,4848.3
1791133140000,0.3356,0.3356,0.3355,0.3356,18859.4
1791133200000,0.3356,0.3356,0.3355,0.3355,11534.3
1791133260000,0.3356,0.3356,0.3355,0.3356,14312.0
1791133320000,0.3355,0.3356,0.3355,0.3356,11818.8
1791133380000,0.3356,0.3356,0.3355,0.3355,19802.5
1791133440000,0.3356,0.3356,0.3355,0.3356,7166.7
1791133500000,0.3356,0.3356,0.3355,0.3355,33814.0
1791133560000,0.3356,0.3356,0.3355,0.3355,13334.4
1791133620000,0.3356,0.3356,0.3355,0.3356,6986.8
1791133680000,0.3356,0.3356,0.3355,0.3355,4802.3
1791133740000,0.3356,0.3356,0.3355,0.3355,13369.3
1791133800000,0.3356,0.3356,0.3355,0.3355,14875.9
1791133860000,0.3356,0.3356,0.3355,0.3356,24699.6
1791133920000,0.3356,0.3356,0.3355,0.3355,16139.1
1791133980000,0.3355,0.3356,0.3355,0.3356,46057.9
1791134040000,0.3355,0.3356,0.3354,0.3355,35065.3
1791134100000,0.3355,0.3355,0.3354,0.3354,8313.5
1791134160000,0.3355,0.3355,0.3354,0.3354,12455.0
1791134220000,0.3354,0.3355,0.3354,0.3354,34905.6
1791134280000,0.3355,0.3355,0.3354,0.3355,4672.7
1791134340000,0.3355,0.3355,0.3354,0.3355,10743.9
1791134400000,0.3355,0.3355,0.3354,0.3355,13629.1
1791134460000,0.3355,0.3355,0.3354,0.3355,13250.4
1791134520000,0.3355,0.3355,0.3354,0.3355,38167.5
1791134580000,0.3355,0.3355,0.3354,0.3355,15473.5
1791134640000,0.3355,0.3355,0.3354,0.3355,25697.8
1791134700000,0.3355,0.3355,0.3354,0.3355,12750.4
1791134760000,0.3355,0.3355,0.3354,0.3355,5698.6
1791134820000,0.3355,0.3355,0.3354,0.3355,14189.4
1791134880000,0.3355,0.3355,0.3354,0.3355,11307.6
1791134940000,0.3355,0.3355,0.3354,0.3355,10670.0
1791135000000,0.3354,0.3355,0.3354,0.3354,8641.1
1791135060000,0.3355,0.3355,0.3354,0.3355,22627.7
1791135120000,0.3355,0.3355,0.3354,0.3355,6211.7
1791135180000,0.3355,0.3355,0.3354,0.3355,34056.2
1791135240000,0.3355,0.3355,0.3354,0.3354,8382.8
1791135300000,0.3355,0.3355,0.3354,0.3354,18615.5
1791135360000,0.3355,0.3355,0.3354,0.3355,18453.1
1791135420000,0.3355,0.3355,0.3354,0.3355,8391.3
1791135480000,0.3354,0.3355,0.3354,0.3355,23688.0
1791135540000,0.3355,0.3355,0.3354,0.3354,17869.8
1791135600000,0.3355,0.3355,0.3354,0.3354,5237.1
1791135660000,0.3355,0.3355,0.3354,0.3354,14676.4
1791135720000,0.3354,0.3355,0.3354,0.3355,42937.5
1791135780000,0.3354,0.3355,0.3354,0.3355,11060.1
1791135840000,0.3355,0.3355,0.3354,0.3355,10404.4
1791135900000,0.3355,0.3355,0.3354,0.3354,10625.0
1791135960000,0.3355,0.3355,0.3354,0.3355,23423.5
1791136020000,0.3355,0.3355,0.3354,0.3355,6855.5
1791136080000,0.3355,0.3355,0.3354,0.3354,53273.2
1791136140000,0.3354,0.3355,0.3353,0.3354,312997.0
1791136200000,0.3354,0.3354,0.3353,0.3354,27670.9
1791136260000,0.3354,0.3356,0.3353,0.3355,8578.4
1791136320000,0.3356,0.3356,0.3353,0.3353,79156.2
1791136380000,0.3354,0.3354,0.3353,0.3354,15096.8
1791136440000,0.3354,0.3354,0.3353,0.3353,12522.5
1791136500000,0.3354,0.3354,0.3353,0.3353,13598.9
1791136560000,0.3353,0.3354,0.3353,0.3354,14566.0
1791136620000,0.3354,0.3354,0.3353,0.3353,12507.4
1791136680000,0.3353,0.3354,0.3353,0.3354,8462.6
1791136740000,0.3353,0.3354,0.3353,0.3354,11633.0
1791136800000,0.3353,0.3354,0.3353,0.3353,8407.3
1791136860000,0.3353,0.3354,0.3353,0.3354,54433.0
1791136920000,0.3353,0.3354,0.3353,0.3354,21352.6
1791136980000,0.3353,0.3354,0.3353,0.3354,9646.8
1791137040000,0.3354,0.3354,0.3353,0.3353,14595.2
1791137100000,0.3354,0.3354,0.3353,0.3353,9019.2
1791137160000,0.3354,0.3354,0.3353,0.3354,6960.6
1791137220000,0.3354,0.3354,0.3353,0.3354,8905.6
1791137280000,0.3354,0.3354,0.3353,0.3354,10757.4
1791137340000,0.3354,0.3354,0.3353,0.3354,11413.5
1791137400000,0.3353,0.3354,0.3353,0.3354,7161.1
1791137460000,0.3353,0.3354,0.3353,0.3353,9471.0
1791137520000,0.3354,0.3354,0.3353,0.3353,7026.1
1791137580000,0.3354,0.3354,0.3353,0.3353,13585.8
1791137640000,0.3354,0.3354,0.3353,0.3354,12483.9
1791137700000,0.3353,0.3354,0.3353,0.3354,23151.5
1791137760000,0.3354,0.3354,0.3353,0.3354,6742.3
1791137820000,0.3354,0.3354,0.3353,0.3354,8787.8
1791137880000,0.3354,0.3354,0.3353,0.3354,10734.5
1791137940000,0.3354,0.3354,0.3353,0.3354,75738.4
1791138000000,0.3354,0.3354,0.3353,0.3353,21055.9
1791138060000,0.3354,0.3354,0.3353,0.3354,7378.1
1791138120000,0.3354,0.3354,0.3353,0.3354,5901.6
1791138180000,0.3354,0.3354,0.3353,0.3354,5502.2
1791138240000,0.3354,0.3354,0.3353,0.3353,5508.4
1791138300000,0.3354,0.3354,0.3353,0.3354,24975.7
1791138360000,0.3354,0.3354,0.3353,0.3353,18534.1
1791138420000,0.3353,0.3354,0.3353,0.3354,5497.7
1791138480000,0.3353,0.3354,0.3353,0.3353,6526.7
1791138540000,0.3354,0.3354,0.3353,0.3354,8224.9
1791138600000,0.3353,0.3354,0.3353,0.3354,12645.0
1791138660000,0.3354,0.3354,0.3353,0.3354,8393.1
1791138720000,0.3354,0.3354,0.3353,0.3354,6800.5
1791138780000,0.3354,0.3354,0.3353,0.3354,7682.8
1791138840000,0.3353,0.3354,0.3353,0.3354,9669.6
1791138900000,0.3354,0.3354,0.3353,0.3354,34687.8
1791138960000,0.3354,0.3354,0.3353,0.3354,12765.4
1791139020000,0.3354,0.3354,0.3353,0.3353,4107.4
1791139080000,0.3354,0.3354,0.3353,0.3354,13115.8
1791139140000,0.3353,0.3354,0.3353,0.3354,6355.6
1791139200000,0.3353,0.3354,0.3353,0.3353,7626.3
1791139260000,0.3354,0.3354,0.3353,0.3354,5603.3
1791139320000,0.3354,0.3354,0.3353,0.3353,9094.8
1791139380000,0.3354,0.3354,0.3353,0.3354,11718.3
1791139440000,0.3354,0.3354,0.3353,0.3354,14182.0
1791139500000,0.3354,0.3354,0.3353,0.3354,15019.7
1791139560000,0.3354,0.3354,0.3353,0.3353,5216.6
1791139620000,0.3354,0.3354,0.3353,0.3353,5339.1
1791139680000,0.3353,0.3354,0.3353,0.3353,11568.7
1791139740000,0.3354,0.3354,0.3353,0.3353,6976.6
1791139800000,0.3353,0.3354,0.3353,0.3353,14482.3
1791139860000,0.3354,0.3354,0.3353,0.3354,7513.1
1791139920000,0.3353,0.3354,0.3353,0.3353,4892.1
1791139980000,0.3353,0.3354,0.3353,0.3354,12625.2
1791140040000,0.3354,0.3354,0.3353,0.3354,4051.8
1791140100000,0.3354,0.3354,0.3353,0.3354,7658.7
1791140160000,0.3354,0.3354,0.3353,0.3354,9772.9
1791140220000,0.3354,0.3354,0.3353,0.3354,55100.7
1791140280000,0.3353,0.3355,0.3353,0.3354,87934.5
1791140340000,0.3355,0.3355,0.3354,0.3355,17028.8
1791140400000,0.3355,0.3355,0.3354,0.3355,48957.9
1791140460000,0.3354,0.3355,0.3354,0.3355,19243.3
1791140520000,0.3355,0.3355,0.3354,0.3355,7272.3
1791140580000,0.3355,0.3355,0.3354,0.3354,8160.1
1791140640000,0.3355,0.3355,0.3353,0.3354,24353.2
1791140700000,0.3354,0.3354,0.3353,0.3353,9377.3
1791140760000,0.3353,0.3354,0.3353,0.3354,8428.4
1791140820000,0.3354,0.3354,0.3353,0.3353,20940.8
1791140880000,0.3354,0.3354,0.3353,0.3354,95725.9
1791140940000,0.3354,0.3354,0.3353,0.3354,5511.0
1791141000000,0.3354,0.3354,0.3353,0.3354,19023.6
1791141060000,0.3353,0.3354,0.3353,0.3353,6140.3
1791141120000,0.3353,0.3354,0.3353,0.3354,5206.7
1791141180000,0.3353,0.3354,0.3353,0.3354,16641.9
1791141240000,0.3354,0.3354,0.3353,0.3354,6958.4
1791141300000,0.3354,0.3355,0.3353,0.3355,110829.6
1791141360000,0.3355,0.3355,0.3354,0.3354,58074.1
1791141420000,0.3355,0.3356,0.3354,0.3355,285327.1
1791141480000,0.3355,0.3356,0.3355,0.3356,14506.5
1791141540000,0.3356,0.3356,0.3355,0.3356,17961.8
1791141600000,0.3356,0.3356,0.3355,0.3356,6941.2
1791141660000,0.3355,0.3356,0.3355,0.3356,10165.2
1791141720000,0.3356,0.3356,0.3355,0.3356,6666.7
1791141780000,0.3356,0.3356,0.3355,0.3356,6478.3
1791141840000,0.3356,0.3356,0.3355,0.3355,19047.1
1791141900000,0.3356,0.3358,0.3355,0.3356,623960.5
1791141960000,0.3357,0.3358,0.3355,0.3358,534649.1
1791142020000,0.3357,0.3358,0.3357,0.3358,15984.7
1791142080000,0.3358,0.3358,0.3357,0.3358,31756.9
1791142140000,0.3358,0.3358,0.3357,0.3357,10681.7
1791142200000,0.3358,0.3358,0.3357,0.3358,11135.3
1791142260000,0.3358,0.3358,0.3357,0.3358,7418.6
1791142320000,0.3358,0.3358,0.3357,0.3357,7224.7
1791142380000,0.3357,0.3358,0.3357,0.3357,8975.0
1791142440000,0.3358,0.3358,0.3356,0.3357,13905.0
1791142500000,0.3356,0.3357,0.3356,0.3357,6214.7
1791142560000,0.3356,0.3357,0.3356,0.3357,8932.8
1791142620000,0.3356,0.3357,0.3356,0.3357,17829.0
1791142680000,0.3357,0.3357,0.3356,0.3356,6703.3
1791142740000,0.3357,0.3357,0.3356,0.3356,4904.9
1791142800000,0.3356,0.3357,0.3356,0.3357,10618.1
1791142860000,0.3356,0.3357,0.3356,0.3357,6931.0
1791142920000,0.3357,0.3357,0.3356,0.3356,11863.4
1791142980000,0.3357,0.3357,0.3356,0.3356,7931.7
1791143040000,0.3356,0.3357,0.3356,0.3357,10734.9
1791143100000,0.3356,0.3357,0.3356,0.3357,14867.9
1791143160000,0.3357,0.3357,0.3356,0.3357,11141.3
1791143220000,0.3357,0.3357,0.3356,0.3357,20703.1
1791143280000,0.3356,0.3357,0.3356,0.3357,17935.6
1791143340000,0.3357,0.3357,0.3356,0.3357,36139.4
1791143400000,0.3357,0.3357,0.3356,0.3357,10178.5
1791143460000,0.3357,0.3357,0.3356,0.3357,6044.2
1791143520000,0.3356,0.3357,0.3356,0.3357,11920.5
1791143580000,0.3357,0.3357,0.3355,0.3356,24021.8
1791143640000,0.3355,0.3356,0.3355,0.3355,5560.1
1791143700000,0.3355,0.3356,0.3355,0.3355,18508.1
1791143760000,0.3356,0.3356,0.3354,0.3355,13716.9
1791143820000,0.3355,0.3355,0.3354,0.3355,24122.8
1791143880000,0.3354,0.3355,0.3354,0.3355,9247.7
1791143940000,0.3355,0.3355,0.3354,0.3354,10951.3
1791144000000,0.3355,0.3355,0.3354,0.3354,8342.5
1791144060000,0.3355,0.3355,0.3354,0.3355,11472.0
1791144120000,0.3354,0.3355,0.3354,0.3355,5378.0
1791144180000,0.3355,0.3356,0.3355,0.3356,93377.6
1791144240000,0.3356,0.3356,0.3355,0.3356,9369.5
1791144300000,0.3355,0.3356,0.3355,0.3356,5397.5
1791144360000,0.3356,0.3356,0.3355,0.3356,7789.0
1791144420000,0.3355,0.3356,0.3355,0.3356,16202.0
1791144480000,0.3356,0.3356,0.3355,0.3356,8525.5
1791144540000,0.3356,0.3356,0.3355,0.3355,6876.1
1791144600000,0.3356,0.3356,0.3355,0.3356,5760.2
1791144660000,0.3356,0.3356,0.3355,0.3356,8102.0
1791144720000,0.3356,0.3356,0.3355,0.3356,7119.0
1791144780000,0.3356,0.3356,0.3355,0.3355,4412.0
1791144840000,0.3356,0.3356,0.3355,0.3356,10389.1
1791144900000,0.3355,0.3357,0.3355,0.3357,36639.4
1791144960000,0.3356,0.3357,0.3356,0.3357,5610.3
1791145020000,0.3356,0.3357,0.3356,0.3357,67611.9
1791145080000,0.3357,0.3357,0.3356,0.3356,13143.1
1791145140000,0.3356,0.3357,0.3356,0.3356,8113.7
1791145200000,0.3357,0.3357,0.3356,0.3356,5004.2
1791145260000,0.3357,0.3357,0.3356,0.3357,11065.1
1791145320000,0.3356,0.3357,0.3356,0.3356,3832.5
1791145380000,0.3357,0.3357,0.3356,0.3357,6695.0
1791145440000,0.3356,0.3357,0.3356,0.3356,4579.9
1791145500000,0.3356,0.3357,0.3356,0.3357,4571.3
1791145560000,0.3357,0.3357,0.3356,0.3357,17348.7
1791145620000,0.3357,0.3357,0.3356,0.3356,6596.7
1791145680000,0.3356,0.3357,0.3356,0.3356,6711.4
1791145740000,0.3357,0.3357,0.3356,0.3357,3960.5
1791145800000,0.3357,0.3357,0.3356,0.3357,16694.3
1791145860000,0.3357,0.3357,0.3356,0.3356,5152.6
1791145920000,0.3356,0.3357,0.3355,0.3356,4861.4
1791145980000,0.3356,0.3356,0.3355,0.3355,4695.3
1791146040000,0.3356,0.3356,0.3355,0.3355,6578.3
1791146100000,0.3355,0.3356,0.3355,0.3356,10671.5
1791146160000,0.3356,0.3356,0.3355,0.3356,8538.8
1791146220000,0.3356,0.3356,0.3355,0.3356,9284.9
1791146280000,0.3356,0.3356,0.3355,0.3355,5677.6
1791146340000,0.3356,0.3356,0.3355,0.3356,13293.1
1791146400000,0.3356,0.3356,0.3355,0.3356,8080.1
1791146460000,0.3356,0.3356,0.3355,0.3356,11020.2
1791146520000,0.3356,0.3356,0.3355,0.3356,4980.8
1791146580000,0.3356,0.3356,0.3355,0.3356,6052.3
1791146640000,0.3355,0.3356,0.3355,0.3355,6021.6
1791146700000,0.3356,0.3356,0.3355,0.3356,4823.1
1791146760000,0.3356,0.3356,0.3355,0.3355,17488.6
1791146820000,0.3356,0.3356,0.3355,0.3356,6758.9
1791146880000,0.3356,0.3356,0.3355,0.3356,10478.4
1791146940000,0.3356,0.3356,0.3355,0.3355,21718.3
1791147000000,0.3356,0.3356,0.3355,0.3356,5085.3
1791147060000,0.3356,0.3356,0.3355,0.3355,8753.7
1791147120000,0.3355,0.3356,0.3355,0.3356,6948.2
1791147180000,0.3356,0.3356,0.3355,0.3355,22564.5
1791147240000,0.3356,0.3356,0.3355,0.3356,7101.1
1791147300000,0.3356,0.3356,0.3355,0.3355,7445.3
1791147360000,0.3356,0.3356,0.3355,0.3356,5449.3
1791147420000,0.3356,0.3356,0.3355,0.3356,6713.0
1791147480000,0.3356,0.3356,0.3355,0.3355,18325.2
1791147540000,0.3355,0.3356,0.3355,0.3356,6945.3
1791147600000,0.3356,0.3356,0.3355,0.3356,7380.8
1791147660000,0.3356,0.3356,0.3355,0.3355,36476.1
1791147720000,0.3356,0.3356,0.3355,0.3356,9941.5
1791147780000,0.3356,0.3356,0.3355,0.3355,5793.5
1791147840000,0.3355,0.3356,0.3355,0.3356,6782.8
1791147900000,0.3356,0.3356,0.3355,0.3355,35155.0
1791147960000,0.3356,0.3357,0.3355,0.3356,133898.9
1791148020000,0.3357,0.3357,0.3356,0.3356,277173.3
1791148080000,0.3357,0.3357,0.3356,0.3356,6707.5
1791148140000,0.3357,0.3358,0.3356,0.3358,424376.4
1791148200000,0.3358,0.3358,0.3357,0.3358,87004.1
1791148260000,0.3358,0.3358,0.3357,0.3358,23845.6
1791148320000,0.3358,0.3358,0.3357,0.3358,5721.6
1791148380000,0.3358,0.3358,0.3356,0.3357,64316.5
1791148440000,0.3356,0.3357,0.3356,0.3357,3795.2
1791148500000,0.3357,0.3357,0.3356,0.3356,6988.5
1791148560000,0.3357,0.3357,0.3356,0.3357,14839.8
1791148620000,0.3356,0.3357,0.3356,0.3357,8150.5
1791148680000,0.3357,0.3357,0.3356,0.3357,4094.3
1791148740000,0.3357,0.3357,0.3356,0.3357,9313.7
1791148800000,0.3357,0.3357,0.3356,0.3357,9737.6
1791148860000,0.3357,0.3357,0.3356,0.3357,70547.4
1791148920000,0.3357,0.3357,0.3356,0.3356,10775.0
1791148980000,0.3357,0.3358,0.3357,0.3358,39535.7
1791149040000,0.3358,0.3358,0.3357,0.3358,10985.5
1791149100000,0.3358,0.3358,0.3357,0.3358,5369.3
1791149160000,0.3358,0.3358,0.3357,0.3358,9484.7
1791149220000,0.3358,0.3358,0.3357,0.3358,6857.4
1791149280000,0.3358,0.3358,0.3357,0.3358,17374.8
1791149340000,0.3358,0.3358,0.3357,0.3357,24320.4
1791149400000,0.3357,0.3358,0.3357,0.3357,13671.1
1791149460000,0.3358,0.3358,0.3357,0.3358,8946.0
1791149520000,0.3357,0.3358,0.3357,0.3357,3733.3
1791149580000,0.3358,0.3358,0.3356,0.3357,12386.6
1791149640000,0.3357,0.3357,0.3356,0.3357,3745.4
1791149700000,0.3357,0.3357,0.3356,0.3357,6959.4
1791149760000,0.3357,0.3357,0.3356,0.3357,8963.5
1791149820000,0.3357,0.3357,0.3356,0.3356,5802.2
1791149880000,0.3356,0.3357,0.3356,0.3357,4839.0
1791149940000,0.3357,0.3357,0.3356,0.3356,18260.3
1791150000000,0.3357,0.3358,0.3356,0.3357,8597.8
1791150060000,0.3358,0.3358,0.3357,0.3358,8931.6
1791150120000,0.3357,0.3358,0.3357,0.3357,6627.8
1791150180000,0.3358,0.3358,0.3357,0.3357,35134.6
1791150240000,0.3357,0.3358,0.3357,0.3358,12492.4
1791150300000,0.3358,0.3358,0.3357,0.3358,5934.6
1791150360000,0.3358,0.3358,0.3357,0.3358,9390.2
1791150420000,0.3358,0.3358,0.3357,0.3357,18652.2
1791150480000,0.3358,0.3358,0.3357,0.3358,3780.0
1791150540000,0.3358,0.3358,0.3357,0.3358,24340.3
1791150600000,0.3357,0.3358,0.3357,0.3358,40625.4
1791150660000,0.3358,0.3358,0.3357,0.3358,9596.7
1791150720000,0.3357,0.3358,0.3357,0.3357,10762.5
1791150780000,0.3358,0.3358,0.3357,0.3358,7306.0
1791150840000,0.3357,0.3358,0.3357,0.3358,6374.8
1791150900000,0.3357,0.3358,0.3357,0.3357,7780.5
1791150960000,0.3358,0.3358,0.3357,0.3358,8998.9
1791151020000,0.3357,0.3358,0.3357,0.3357,31036.4
1791151080000,0.3357,0.3357,0.3356,0.3357,6525.7
1791151140000,0.3356,0.3357,0.3356,0.3357,42504.8
1791151200000,0.3357,0.3357,0.3356,0.3357,59680.6
1791151260000,0.3357,0.3357,0.3356,0.3356,10284.4
1791151320000,0.3357,0.3358,0.3356,0.3357,86926.2
1791151380000,0.3358,0.3358,0.3356,0.3356,12201.6
1791151440000,0.3357,0.3358,0.3356,0.3358,150851.1
1791151500000,0.3357,0.3358,0.3357,0.3358,7609.2
1791151560000,0.3357,0.3358,0.3356,0.3357,312009.0
1791151620000,0.3357,0.3357,0.3356,0.3357,7659.6
1791151680000,0.3357,0.3357,0.3356,0.3357,4540.1
1791151740000,0.3356,0.3357,0.3356,0.3357,8891.6
1791151800000,0.3357,0.3357,0.3356,0.3357,14333.1
1791151860000,0.3357,0.3357,0.3356,0.3356,3787.4
1791151920000,0.3356,0.3357,0.3356,0.3357,4185.2
1791151980000,0.3356,0.3357,0.3356,0.3357,8471.4
1791152040000,0.3357,0.3357,0.3356,0.3356,14086.2
1791152100000,0.3357,0.3357,0.3356,0.3356,27192.3
1791152160000,0.3357,0.3358,0.3356,0.3358,143301.3
1791152220000,0.3357,0.3358,0.3357,0.3358,8672.5
1791152280000,0.3358,0.3358,0.3357,0.3358,5859.6
1791152340000,0.3358,0.3358,0.3357,0.3358,27484.7
1791152400000,0.3358,0.3358,0.3357,0.3358,22495.9
1791152460000,0.3358,0.3358,0.3357,0.3358,4322.6
1791152520000,0.3358,0.3358,0.3357,0.3357,13523.2
1791152580000,0.3358,0.3358,0.3357,0.3358,8471.4
1791152640000,0.3358,0.3358,0.3357,0.3358,21192.0
1791152700000,0.3358,0.3358,0.3357,0.3357,10920.0
1791152760000,0.3358,0.3358,0.3357,0.3358,10342.0
1791152820000,0.3358,0.3358,0.3357,0.3357,6420.8
1791152880000,0.3358,0.3358,0.3357,0.3357,21372.0
1791152940000,0.3358,0.3358,0.3357,0.3358,11654.8
1791153000000,0.3358,0.3358,0.3356,0.3356,61798.3
1791153060000,0.3356,0.3357,0.3356,0.3357,7685.3
1791153120000,0.3357,0.3357,0.3356,0.3356,27727.3
1791153180000,0.3356,0.3357,0.3356,0.3356,17640.3
1791153240000,0.3357,0.3358,0.3356,0.3358,27602.3
1791153300000,0.3358,0.3359,0.3357,0.3359,110937.4
1791153360000,0.3359,0.3359,0.3358,0.3359,11185.0
1791153420000,0.3359,0.3359,0.3358,0.3359,10196.5
1791153480000,0.3359,0.3359,0.3358,0.3359,11825.1
1791153540000,0.3358,0.3359,0.3358,0.3358,6476.1
1791153600000,0.3359,0.3359,0.3358,0.3358,34009.2
1791153660000,0.3358,0.3359,0.3358,0.3359,4963.3
1791153720000,0.3358,0.3359,0.3358,0.3359,11019.6
1791153780000,0.3359,0.3359,0.3358,0.3359,31959.0
1791153840000,0.3358,0.3359,0.3358,0.3358,6471.7
1791153900000,0.3358,0.3359,0.3358,0.3359,10585.8
1791153960000,0.3358,0.3359,0.3358,0.3358,24416.6
1791154020000,0.3359,0.3359,0.3358,0.3359,43323.0
1791154080000,0.3358,0.3359,0.3358,0.3359,17805.6
1791154140000,0.3359,0.3359,0.3358,0.3359,11904.9
1791154200000,0.3358,0.3359,0.3358,0.3358,17601.0
1791154260000,0.3358,0.3359,0.3358,0.3358,18147.2
1791154320000,0.3358,0.3359,0.3358,0.3359,9776.9
1791154380000,0.3359,0.3359,0.3358,0.3358,6463.7
1791154440000,0.3359,0.3359,0.3358,0.3358,6184.2
1791154500000,0.3359,0.3359,0.3358,0.3358,5746.6
1791154560000,0.3359,0.3359,0.3357,0.3358,55713.2
1791154620000,0.3358,0.3358,0.3357,0.3358,12399.3
1791154680000,0.3357,0.3358,0.3357,0.3357,11166.0
1791154740000,0.3358,0.3358,0.3357,0.3357,11676.5
1791154800000,0.3357,0.3359,0.3357,0.3358,89933.0
1791154860000,0.3359,0.3359,0.3358,0.3358,4816.6
1791154920000,0.3359,0.3359,0.3358,0.3358,12151.6
1791154980000,0.3358,0.3359,0.3358,0.3359,12433.8
1791155040000,0.3359,0.3359,0.3358,0.3359,8337.6
1791155100000,0.3358,0.3359,0.3358,0.3359,10032.5
1791155160000,0.3359,0.3359,0.3358,0.3359,8530.9
1791155220000,0.3358,0.3359,0.3358,0.3359,9408.6
1791155280000,0.3359,0.3359,0.3358,0.3359,8103.5
1791155340000,0.3358,0.3359,0.3358,0.3358,29447.6
1791155400000,0.3358,0.3359,0.3358,0.3359,6193.0
1791155460000,0.3358,0.3359,0.3358,0.3358,9460.4
1791155520000,0.3359,0.3359,0.3358,0.3359,8177.6
1791155580000,0.3359,0.3359,0.3358,0.3359,7913.2
1791155640000,0.3359,0.3359,0.3358,0.3358,9832.1
1791155700000,0.3359,0.3359,0.3358,0.3358,5468.3
1791155760000,0.3359,0.3359,0.3358,0.3359,7927.6
1791155820000,0.3359,0.3359,0.3358,0.3359,8078.3
1791155880000,0.3358,0.3359,0.3358,0.3359,9632.1
1791155940000,0.3359,0.3359,0.3358,0.3359,4845.0
1791156000000,0.3358,0.3359,0.3358,0.3359,20454.0
1791156060000,0.3359,0.3359,0.3358,0.3359,12173.9
1791156120000,0.3359,0.3359,0.3358,0.3359,4547.6
1791156180000,0.3359,0.3359,0.3358,0.3359,3715.8
1791156240000,0.3359,0.3359,0.3358,0.3359,20477.6
1791156300000,0.3359,0.3359,0.3358,0.3359,5370.8
1791156360000,0.3359,0.3359,0.3358,0.3359,11734.5
1791156420000,0.3359,0.3359,0.3358,0.3358,44541.8
1791156480000,0.3359,0.3359,0.3358,0.3358,126853.3
1791156540000,0.3359,0.3359,0.3357,0.3358,37156.8
1791156600000,0.3357,0.3358,0.3357,0.3357,6760.2
1791156660000,0.3358,0.3358,0.3357,0.3357,13630.6
1791156720000,0.3357,0.3358,0.3357,0.3358,10861.3
1791156780000,0.3358,0.3358,0.3357,0.3358,6789.5
1791156840000,0.3358,0.3358,0.3357,0.3357,39656.4
1791156900000,0.3358,0.3358,0.3357,0.3357,19435.4
1791156960000,0.3357,0.3358,0.3357,0.3357,59455.3
1791157020000,0.3356,0.3357,0.3356,0.3356,11693.1
1791157080000,0.3357,0.3357,0.3356,0.3357,6945.3
1791157140000,0.3356,0.3357,0.3356,0.3357,12540.7
1791157200000,0.3357,0.3357,0.3356,0.3356,10520.1
1791157260000,0.3357,0.3357,0.3356,0.3357,14761.2
1791157320000,0.3357,0.3358,0.3356,0.3358,64778.9
1791157380000,0.3358,0.3358,0.3357,0.3358,10578.9
1791157440000,0.3358,0.3358,0.3357,0.3358,28476.0
1791157500000,0.3358,0.3358,0.3357,0.3357,17898.0
1791157560000,0.3358,0.3358,0.3357,0.3358,8327.5
1791157620000,0.3358,0.3358,0.3357,0.3357,18821.5
1791157680000,0.3358,0.3358,0.3357,0.3358,5597.4
1791157740000,0.3358,0.3358,0.3357,0.3358,8248.2
1791157800000,0.3358,0.3358,0.3357,0.3358,3722.3
1791157860000,0.3358,0.3358,0.3357,0.3358,19955.3
1791157920000,0.3357,0.3358,0.3357,0.3357,8594.9
1791157980000,0.3357,0.3357,0.3356,0.3356,56208.1
1791158040000,0.3356,0.3357,0.3356,0.3357,11938.6
1791158100000,0.3357,0.3357,0.3356,0.3356,6588.8
1791158160000,0.3357,0.3357,0.3356,0.3357,9591.9
1791158220000,0.3357,0.3357,0.3356,0.3357,10236.8
1791158280000,0.3357,0.3357,0.3356,0.3356,16599.5
1791158340000,0.3356,0.3357,0.3356,0.3357,19319.9
1791158400000,0.3357,0.3357,0.3356,0.3357,7162.3
1791158460000,0.3356,0.3357,0.3356,0.3356,16338.7
1791158520000,0.3357,0.3357,0.3356,0.3356,21452.3
1791158580000,0.3356,0.3357,0.3356,0.3357,45124.0
1791158640000,0.3356,0.3357,0.3356,0.3357,34652.0
1791158700000,0.3357,0.3357,0.3356,0.3357,23988.6
1791158760000,0.3357,0.3357,0.3356,0.3356,10462.6
1791158820000,0.3357,0.3357,0.3356,0.3356,7493.7
1791158880000,0.3356,0.3357,0.3356,0.3357,16442.2
1791158940000,0.3356,0.3357,0.3356,0.3356,359177.5
1791159000000,0.3356,0.3356,0.3355,0.3356,43690.5
1791159060000,0.3355,0.3356,0.3355,0.3356,7658.0
1791159120000,0.3356,0.3356,0.3355,0.3355,14057.6
1791159180000,0.3355,0.3356,0.3355,0.3356,13331.0
1791159240000,0.3355,0.3356,0.3355,0.3355,37345.7
1791159300000,0.3355,0.3356,0.3355,0.3355,21051.1
1791159360000,0.3355,0.3356,0.3355,0.3355,8255.3
1791159420000,0.3356,0.3356,0.3355,0.3356,9285.0
1791159480000,0.3356,0.3356,0.3355,0.3356,50070.8
1791159540000,0.3356,0.3356,0.3354,0.3354,110454.1
1791159600000,0.3355,0.3355,0.3354,0.3354,33963.7
1791159660000,0.3354,0.3355,0.3353,0.3353,391453.1
1791159720000,0.3353,0.3354,0.3353,0.3353,218000.2
1791159780000,0.3354,0.3354,0.3353,0.3354,225443.0
1791159840000,0.3353,0.3354,0.3353,0.3353,43782.7
1791159900000,0.3353,0.3354,0.3353,0.3353,35555.8
1791159960000,0.3354,0.3354,0.3353,0.3353,20159.9
1791160020000,0.3354,0.3354,0.3353,0.3354,9495.7
1791160080000,0.3354,0.3354,0.3352,0.3352,114502.8
1791160140000,0.3353,0.3353,0.3352,0.3352,21063.8
1791160200000,0.3352,0.3353,0.3352,0.3352,29195.4
1791160260000,0.3352,0.3353,0.3352,0.3352,69218.4
1791160320000,0.3352,0.3353,0.3352,0.3352,38692.5
1791160380000,0.3353,0.3353,0.3352,0.3353,10084.1
1791160440000,0.3353,0.3353,0.3352,0.3353,14233.0
1791160500000,0.3352,0.3353,0.3352,0.3353,64361.9
1791160560000,0.3353,0.3354,0.3352,0.3354,84466.6
1791160620000,0.3354,0.3354,0.3353,0.3354,8116.1
1791160680000,0.3353,0.3354,0.3353,0.3353,29813.6
1791160740000,0.3353,0.3354,0.3353,0.3353,7128.9
1791160800000,0.3353,0.3357,0.3353,0.3356,989052.6
1791160860000,0.3356,0.3357,0.3356,0.3357,24295.3
1791160920000,0.3356,0.3357,0.3356,0.3356,32531.3
1791160980000,0.3356,0.3357,0.3356,0.3356,9703.4
1791161040000,0.3356,0.3357,0.3356,0.3356,10172.9
1791161100000,0.3356,0.3357,0.3355,0.3356,17726.0
1791161160000,0.3356,0.3356,0.3355,0.3355,11337.9
1791161220000,0.3356,0.3356,0.3355,0.3355,15422.5
1791161280000,0.3355,0.3356,0.3355,0.3355,29376.8
1791161340000,0.3356,0.3357,0.3355,0.3356,60863.3
1791161400000,0.3357,0.3358,0.3357,0.3357,226121.2
1791161460000,0.3357,0.3358,0.3357,0.3357,6180.1
1791161520000,0.3358,0.3358,0.3357,0.3357,13232.3
1791161580000,0.3358,0.3358,0.3357,0.3357,65696.9
1791161640000,0.3358,0.3358,0.3357,0.3358,10620.5
1791161700000,0.3358,0.3358,0.3357,0.3358,17511.7
1791161760000,0.3358,0.3359,0.3358,0.3358,420351.5
1791161820000,0.3359,0.3359,0.3357,0.3357,29285.5
1791161880000,0.3358,0.3359,0.3357,0.3358,16638.6
1791161940000,0.3359,0.3359,0.3358,0.3358,8001.6
1791162000000,0.3359,0.3359,0.3358,0.3358,8869.2
1791162060000,0.3359,0.3359,0.3358,0.3358,14522.3
1791162120000,0.3358,0.3359,0.3358,0.3359,4405.0
1791162180000,0.3359,0.3359,0.3358,0.3358,22940.9
1791162240000,0.3359,0.3359,0.3358,0.3358,25314.3
1791162300000,0.3359,0.3359,0.3358,0.3359,15704.2
1791162360000,0.3359,0.3361,0.3359,0.3361,537895.9
1791162420000,0.336,0.3361,0.336,0.336,9050.9
1791162480000,0.336,0.3361,0.336,0.3361,8752.6
1791162540000,0.3361,0.3361,0.336,0.336,4023.3
1791162600000,0.336,0.3361,0.336,0.336,8174.3
1791162660000,0.3361,0.3361,0.336,0.3361,4676.9
1791162720000,0.3361,0.3361,0.336,0.336,22822.7
1791162780000,0.3361,0.3361,0.336,0.3361,6065.8
1791162840000,0.3361,0.3361,0.336,0.336,4435.7
1791162900000,0.3361,0.3361,0.336,0.336,8033.6
1791162960000,0.3361,0.3361,0.336,0.336,24653.3
1791163020000,0.3361,0.3361,0.336,0.3361,50426.7
1791163080000,0.3361,0.3364,0.336,0.3363,1393516.4
1791163140000,0.3364,0.3364,0.3363,0.3363,21710.4
1791163200000,0.3363,0.3364,0.3363,0.3364,12630.9
1791163260000,0.3363,0.3364,0.3362,0.3362,9063.0
1791163320000,0.3362,0.3364,0.3362,0.3363,39293.0
1791163380000,0.3363,0.3364,0.3362,0.3363,36736.2
1791163440000,0.3362,0.3363,0.3362,0.3362,4405.8
1791163500000,0.3363,0.3363,0.3362,0.3362,17688.7
1791163560000,0.3363,0.3364,0.3362,0.3364,56922.4
1791163620000,0.3364,0.3364,0.3363,0.3363,3908.3
1791163680000,0.3364,0.3365,0.3363,0.3363,96298.0
1791163740000,0.3363,0.3364,0.3363,0.3363,4569.6
1791163800000,0.3364,0.3364,0.3363,0.3364,86335.2
1791163860000,0.3364,0.3364,0.3363,0.3364,16782.5
1791163920000,0.3363,0.3364,0.3363,0.3364,13299.9
1791163980000,0.3363,0.3364,0.3363,0.3363,38001.6
1791164040000,0.3363,0.3364,0.3363,0.3364,6047.2
1791164100000,0.3363,0.3364,0.3363,0.3363,7328.1
1791164160000,0.3363,0.3364,0.3363,0.3364,13000.2
1791164220000,0.3363,0.3364,0.3362,0.3362,14160.3
1791164280000,0.3363,0.3363,0.3362,0.3363,4145.9
1791164340000,0.3363,0.3364,0.3363,0.3364,44322.7
1791164400000,0.3364,0.3364,0.3363,0.3364,7361.1
1791164460000,0.3363,0.3364,0.3363,0.3364,29009.2
1791164520000,0.3363,0.3364,0.3362,0.3362,5390.9
1791164580000,0.3362,0.3363,0.3362,0.3362,21888.9
1791164640000,0.3363,0.3363,0.3362,0.3363,10315.4
1791164700000,0.3362,0.3363,0.3362,0.3362,5215.9
1791164760000,0.3363,0.3363,0.3362,0.3362,7123.8
1791164820000,0.3363,0.3363,0.3362,0.3363,4793.0
1791164880000,0.3363,0.3363,0.3362,0.3362,10727.0
1791164940000,0.3363,0.3363,0.3362,0.3362,16801.0
1791165000000,0.3362,0.3363,0.3362,0.3363,7259.8
1791165060000,0.3363,0.3363,0.3362,0.3363,34259.6
1791165120000,0.3363,0.3363,0.3362,0.3363,3775.0
1791165180000,0.3362,0.3363,0.3362,0.3363,17496.1
1791165240000,0.3363,0.3363,0.3362,0.3362,8815.1
1791165300000,0.3362,0.3363,0.3362,0.3362,7433.9
1791165360000,0.3363,0.3363,0.3361,0.3362,49651.4
1791165420000,0.3362,0.3362,0.3361,0.3362,4143.9
1791165480000,0.3362,0.3362,0.3361,0.3362,3506.3
1791165540000,0.3361,0.3362,0.3361,0.3362,7940.7
1791165600000,0.3361,0.3362,0.3361,0.3361,4547.3
1791165660000,0.3361,0.3362,0.3361,0.3362,44707.5
1791165720000,0.3362,0.3362,0.3361,0.3362,4702.6
1791165780000,0.3361,0.3363,0.3361,0.3363,26392.5
1791165840000,0.3362,0.3363,0.3362,0.3362,35638.1
1791165900000,0.3363,0.3363,0.3362,0.3363,11110.7
1791165960000,0.3363,0.3363,0.3362,0.3363,8060.6
1791166020000,0.3363,0.3363,0.3362,0.3363,3897.8
1791166080000,0.3362,0.3363,0.3362,0.3363,6899.9
1791166140000,0.3363,0.3363,0.3362,0.3362,5361.1
1791166200000,0.3363,0.3363,0.3362,0.3362,4366.5
1791166260000,0.3363,0.3363,0.3362,0.3363,7511.1
1791166320000,0.3362,0.3363,0.3362,0.3362,8032.2
1791166380000,0.3363,0.3363,0.3362,0.3362,9199.7
1791166440000,0.3363,0.3363,0.3362,0.3363,16885.0
1791166500000,0.3362,0.3363,0.3362,0.3363,27878.7
1791166560000,0.3363,0.3363,0.3362,0.3363,7195.2
1791166620000,0.3363,0.3363,0.3362,0.3363,13544.8
1791166680000,0.3363,0.3363,0.3361,0.3361,125503.1
1791166740000,0.3362,0.3362,0.3361,0.3362,6674.3
1791166800000,0.3362,0.3362,0.3361,0.3362,12762.8
1791166860000,0.3361,0.3362,0.3361,0.3362,5137.3
1791166920000,0.3362,0.3362,0.3361,0.3362,5267.5
1791166980000,0.3362,0.3362,0.3361,0.3362,2658.9
1791167040000,0.3361,0.3362,0.3361,0.3361,21011.2
1791167100000,0.3361,0.3362,0.3361,0.3362,17038.0
1791167160000,0.3362,0.3362,0.3361,0.3362,24025.1
1791167220000,0.3361,0.3362,0.3361,0.3361,20967.3
1791167280000,0.3362,0.3362,0.3361,0.3362,4167.3
1791167340000,0.3362,0.3362,0.3361,0.3361,7150.0
1791167400000,0.3362,0.3362,0.3361,0.3361,10678.9
1791167460000,0.3362,0.3362,0.3361,0.3362,9166.0
1791167520000,0.3362,0.3362,0.3361,0.3362,6280.5
1791167580000,0.3362,0.3362,0.3361,0.3362,7343.7
1791167640000,0.3362,0.3362,0.3361,0.3362,42709.2
1791167700000,0.3362,0.3362,0.3361,0.3362,8930.3
1791167760000,0.3362,0.3362,0.3361,0.3361,3355.6
1791167820000,0.3361,0.3362,0.3361,0.3362,8625.4
1791167880000,0.3362,0.3362,0.3361,0.3361,5936.3
1791167940000,0.3362,0.3362,0.3361,0.3361,23257.1
1791168000000,0.3361,0.3362,0.3361,0.3362,12988.9
1791168060000,0.3362,0.3362,0.3361,0.3362,13571.9
1791168120000,0.3361,0.3362,0.3361,0.3361,5302.2
1791168180000,0.3361,0.3362,0.3361,0.3361,6536.7
1791168240000,0.3362,0.3362,0.336,0.336,69275.1
1791168300000,0.336,0.3361,0.336,0.3361,14928.5
1791168360000,0.3361,0.3361,0.336,0.3361,9355.3
1791168420000,0.336,0.3361,0.336,0.3361,7118.9
1791168480000,0.3361,0.3361,0.336,0.336,5913.3
1791168540000,0.3361,0.3361,0.3359,0.336,268642.2
1791168600000,0.336,0.336,0.3359,0.336,3956.1
1791168660000,0.336,0.336,0.3359,0.336,12712.8
1791168720000,0.336,0.336,0.3359,0.336,5770.8
1791168780000,0.3359,0.336,0.3359,0.336,10164.4
1791168840000,0.3359,0.336,0.3359,0.336,13208.4
1791168900000,0.336,0.336,0.3359,0.336,6402.2
1791168960000,0.336,0.336,0.3359,0.336,5055.5
1791169020000,0.3359,0.336,0.3359,0.3359,12204.4
1791169080000,0.336,0.336,0.3359,0.3359,11525.1
1791169140000,0.3359,0.336,0.3359,0.3359,20159.3
1791169200000,0.336,0.336,0.3359,0.336,3399.8
1791169260000,0.336,0.336,0.3359,0.336,4346.8
1791169320000,0.3359,0.336,0.3358,0.3359,165206.9
1791169380000,0.3359,0.3359,0.3358,0.3358,7385.7
1791169440000,0.3359,0.3359,0.3358,0.3359,15262.7
1791169500000,0.3358,0.3359,0.3358,0.3358,16208.9
1791169560000,0.3359,0.3359,0.3358,0.3359,10591.4
1791169620000,0.3359,0.3359,0.3358,0.3359,5308.5
1791169680000,0.3358,0.3359,0.3358,0.3359,10701.4
1791169740000,0.3358,0.3359,0.3358,0.3359,13985.6
1791169800000,0.3358,0.3359,0.3358,0.3359,11205.3
1791169860000,0.3358,0.3359,0.3358,0.3359,7934.2
1791169920000,0.3359,0.3359,0.3358,0.3358,17344.6
1791169980000,0.3359,0.3359,0.3358,0.3358,6167.7
1791170040000,0.3358,0.3359,0.3358,0.3358,13950.3
1791170100000,0.3358,0.3359,0.3358,0.3359,8127.5
1791170160000,0.3359,0.3359,0.3358,0.3359,12758.6
1791170220000,0.3359,0.3359,0.3358,0.3359,4555.9
1791170280000,0.3359,0.3359,0.3358,0.3359,5959.6
1791170340000,0.3359,0.3359,0.3358,0.3358,5928.5
1791170400000,0.3359,0.3359,0.3358,0.3359,3291.1
1791170460000,0.3359,0.3359,0.3358,0.3359,19232.2
1791170520000,0.3358,0.3359,0.3358,0.3358,61685.3
1791170580000,0.3358,0.3358,0.3357,0.3358,93465.6
1791170640000,0.3358,0.3358,0.3357,0.3358,12762.5
1791170700000,0.3358,0.3358,0.3357,0.3358,2532.8
1791170760000,0.3358,0.3358,0.3357,0.3358,62604.8
1791170820000,0.3357,0.3358,0.3357,0.3358,6220.3
1791170880000,0.3357,0.3358,0.3357,0.3357,11881.7
1791170940000,0.3358,0.3358,0.3357,0.3358,7680.8
1791171000000,0.3358,0.3358,0.3357,0.3358,4477.7
1791171060000,0.3357,0.3358,0.3357,0.3357,9323.5
1791171120000,0.3358,0.3358,0.3357,0.3358,7717.3
1791171180000,0.3357,0.3358,0.3357,0.3358,12842.7
1791171240000,0.3358,0.3358,0.3357,0.3357,15996.0
1791171300000,0.3357,0.3358,0.3357,0.3357,9310.3
1791171360000,0.3357,0.3358,0.3357,0.3358,15855.3
1791171420000,0.3357,0.3358,0.3357,0.3358,9898.4
1791171480000,0.3357,0.3358,0.3357,0.3358,14694.8
1791171540000,0.3358,0.3358,0.3357,0.3358,26319.3
1791171600000,0.3357,0.3358,0.3357,0.3357,13628.0
1791171660000,0.3358,0.336,0.3358,0.3359,196374.6
1791171720000,0.3358,0.3359,0.3358,0.3359,16887.9
1791171780000,0.3358,0.3358,0.3357,0.3357,21627.0
1791171840000,0.3357,0.3357,0.3356,0.3357,7203.7
1791171900000,0.3356,0.3357,0.3356,0.3357,9604.7
1791171960000,0.3357,0.3357,0.3356,0.3356,6009.9
1791172020000,0.3356,0.3357,0.3356,0.3357,6017.5
1791172080000,0.3356,0.3357,0.3356,0.3356,7707.7
1791172140000,0.3356,0.3357,0.3356,0.3356,8329.8
1791172200000,0.3356,0.3357,0.3356,0.3356,18374.1
1791172260000,0.3357,0.3357,0.3356,0.3356,9337.7
1791172320000,0.3357,0.3357,0.3355,0.3355,339905.2
1791172380000,0.3355,0.3356,0.3355,0.3355,13173.0
1791172440000,0.3355,0.3356,0.3355,0.3356,116561.4
1791172500000,0.3356,0.3356,0.3355,0.3356,7174.1
1791172560000,0.3355,0.3356,0.3355,0.3355,31994.2
1791172620000,0.3355,0.3356,0.3355,0.3355,7263.9
1791172680000,0.3355,0.3356,0.3355,0.3355,29779.4
1791172740000,0.3355,0.3356,0.3355,0.3355,16827.8
1791172800000,0.3355,0.3356,0.3354,0.3355,155784.8
1791172860000,0.3354,0.3355,0.3354,0.3355,17248.4
1791172920000,0.3354,0.3355,0.3354,0.3354,3789.5
1791172980000,0.3355,0.3355,0.3354,0.3355,5688.9
1791173040000,0.3355,0.3355,0.3354,0.3354,19014.1
1791173100000,0.3354,0.3355,0.3354,0.3354,12160.5
1791173160000,0.3354,0.3355,0.3354,0.3354,7313.1
1791173220000,0.3355,0.3355,0.3354,0.3355,6058.3
1791173280000,0.3354,0.3355,0.3354,0.3354,17599.6
1791173340000,0.3354,0.3355,0.3354,0.3355,10627.1
1791173400000,0.3354,0.3355,0.3354,0.3355,20433.8
1791173460000,0.3354,0.3355,0.3354,0.3354,11938.0
1791173520000,0.3354,0.3355,0.3354,0.3354,16273.1
1791173580000,0.3354,0.3355,0.3354,0.3354,13131.4
1791173640000,0.3354,0.3355,0.3354,0.3354,12259.0
1791173700000,0.3355,0.3355,0.3354,0.3354,54559.6
1791173760000,0.3355,0.3355,0.3354,0.3354,249588.2
1791173820000,0.3354,0.3355,0.3354,0.3354,50388.0
1791173880000,0.3355,0.3355,0.3354,0.3355,17904.2
1791173940000,0.3354,0.3355,0.3354,0.3354,26587.8
1791174000000,0.3355,0.3355,0.3354,0.3354,28824.6
1791174060000,0.3354,0.3355,0.3354,0.3354,21840.4
1791174120000,0.3354,0.3354,0.3353,0.3353,220488.5
1791174180000,0.3353,0.3354,0.3353,0.3353,36415.8
1791174240000,0.3353,0.3354,0.3353,0.3353,10807.6
1791174300000,0.3353,0.3354,0.3353,0.3354,20278.4
1791174360000,0.3353,0.3354,0.3353,0.3353,17014.2
1791174420000,0.3353,0.3354,0.3353,0.3353,30785.4
1791174480000,0.3354,0.3354,0.3353,0.3353,11397.0
1791174540000,0.3353,0.3354,0.3353,0.3354,14842.0
1791174600000,0.3353,0.3354,0.3353,0.3354,11888.7
1791174660000,0.3354,0.3354,0.3353,0.3353,19300.2
1791174720000,0.3353,0.3354,0.3352,0.3352,644923.8
1791174780000,0.3352,0.3353,0.3352,0.3352,135123.9
1791174840000,0.3353,0.3353,0.3352,0.3353,14431.6
1791174900000,0.3352,0.3353,0.3352,0.3352,37099.0
1791174960000,0.3352,0.3353,0.3352,0.3352,48432.3
1791175020000,0.3352,0.3352,0.3351,0.3351,61148.5
1791175080000,0.3352,0.3352,0.3351,0.3351,17347.4
1791175140000,0.3351,0.3352,0.3351,0.3352,8102.7
1791175200000,0.3352,0.3352,0.3351,0.3352,29312.0
1791175260000,0.3351,0.3352,0.3351,0.3352,4355.6
1791175320000,0.3351,0.3352,0.3351,0.3352,9942.0
1791175380000,0.3351,0.3352,0.3351,0.3352,79286.5
1791175440000,0.3351,0.3352,0.3351,0.3352,19642.5
1791175500000,0.3352,0.3352,0.3351,0.3351,8322.4
1791175560000,0.3351,0.3352,0.3351,0.3352,36263.1
1791175620000,0.3352,0.3352,0.3351,0.3352,58516.3
1791175680000,0.3352,0.3352,0.3351,0.3352,8978.4
1791175740000,0.3351,0.3352,0.3351,0.3352,4313.2
1791175800000,0.3352,0.3352,0.3351,0.3352,9904.0
1791175860000,0.3351,0.3352,0.3351,0.3351,12794.6
1791175920000,0.3351,0.3352,0.3351,0.3351,25207.8
1791175980000,0.3352,0.3352,0.3351,0.3351,39952.2
1791176040000,0.3351,0.3352,0.3351,0.3352,47311.6
1791176100000,0.3351,0.3352,0.3351,0.3352,16368.1
1791176160000,0.3352,0.3352,0.3351,0.3351,4334.6
1791176220000,0.3352,0.3352,0.3351,0.3352,8691.3
1791176280000,0.3352,0.3352,0.3351,0.3352,4587.1
1791176340000,0.3352,0.3352,0.3351,0.3351,12503.8
1791176400000,0.3352,0.3352,0.3351,0.3352,7709.1
1791176460000,0.3352,0.3352,0.3351,0.3351,10396.3
1791176520000,0.3351,0.3352,0.3351,0.3352,7760.2
1791176580000,0.3351,0.3352,0.3351,0.3352,12823.8
1791176640000,0.3352,0.3352,0.3351,0.3352,13345.2
1791176700000,0.3352,0.3352,0.3351,0.3352,20067.2
1791176760000,0.3351,0.3352,0.3351,0.3352,13708.5
1791176820000,0.3352,0.3352,0.3351,0.3352,16074.9
1791176880000,0.3352,0.3352,0.3351,0.3351,52791.2
1791176940000,0.3352,0.3352,0.3351,0.3351,15841.9
1791177000000,0.3352,0.3352,0.3351,0.3352,55936.2
1791177060000,0.3352,0.3352,0.3351,0.3352,8201.1
1791177120000,0.3352,0.3352,0.3351,0.3351,6157.9
1791177180000,0.3351,0.3352,0.3351,0.3352,9249.4
1791177240000,0.3352,0.3352,0.3351,0.3352,4950.6
1791177300000,0.3352,0.3352,0.3351,0.3352,7496.2
1791177360000,0.3352,0.3352,0.3351,0.3351,46375.4
