open_time_ms,open,high,low,close,volume
1790877480000,1.499,1.4993,1.4982,1.4983,96003.2
1790877540000,1.4982,1.5003,1.498,1.5002,162128.9
1790877600000,1.5002,1.5002,1.4971,1.4983,91828.6
1790877660000,1.4982,1.5014,1.4975,1.5014,301970.1
1790877720000,1.5014,1.5015,1.4994,1.4999,77072.0
1790877780000,1.5,1.5,1.4985,1.4985,47908.2
1790877840000,1.4984,1.4992,1.4982,1.4986,54846.9
1790877900000,1.4987,1.499,1.4974,1.4975,70315.0
1790877960000,1.4974,1.4979,1.4968,1.4972,30689.2
1790878020000,1.4972,1.4985,1.4965,1.4985,59022.9
1790878080000,1.4985,1.4992,1.4979,1.4988,74582.7
1790878140000,1.4988,1.5008,1.4988,1.5008,62633.8
1790878200000,1.5008,1.5019,1.5001,1.5006,98552.0
1790878260000,1.5007,1.5023,1.5002,1.502,112178.1
1790878320000,1.502,1.5027,1.5019,1.5027,60140.3
1790878380000,1.5026,1.5036,1.5023,1.5026,119348.2
1790878440000,1.5026,1.5026,1.5012,1.5014,56019.3
1790878500000,1.5014,1.5016,1.4999,1.4999,288043.5
1790878560000,1.5,1.5006,1.4999,1.5003,50581.4
1790878620000,1.5004,1.5009,1.4996,1.5001,178321.1
1790878680000,1.5002,1.5022,1.5001,1.5021,65157.4
1790878740000,1.502,1.5021,1.4999,1.5004,49907.9
1790878800000,1.5003,1.5008,1.4997,1.5002,65563.2
1790878860000,1.5002,1.5005,1.4996,1.4997,118465.6
1790878920000,1.4997,1.4997,1.4988,1.4997,88798.1
1790878980000,1.4996,1.5021,1.4993,1.5021,95772.4
1790879040000,1.502,1.5029,1.5019,1.5019,210897.9
1790879100000,1.5018,1.5033,1.5014,1.5031,267208.0
1790879160000,1.5031,1.504,1.503,1.5033,408905.0
1790879220000,1.5032,1.5034,1.5017,1.5017,65409.6
1790879280000,1.5017,1.5024,1.5014,1.5016,18673.3
1790879340000,1.5015,1.5021,1.5009,1.5011,56018.2
1790879400000,1.5011,1.5012,1.5005,1.5012,50500.7
1790879460000,1.5011,1.5012,1.5,1.5009,55431.1
1790879520000,1.5008,1.5022,1.5006,1.5016,53923.4
1790879580000,1.5016,1.5026,1.5012,1.5025,149724.3
1790879640000,1.5024,1.5056,1.5023,1.5055,255693.1
1790879700000,1.5054,1.5071,1.5049,1.5065,210807.7
1790879760000,1.5064,1.5065,1.5041,1.5048,80475.9
1790879820000,1.5048,1.5057,1.5033,1.5057,191198.8
1790879880000,1.5057,1.509,1.5056,1.5086,510269.1
1790879940000,1.5086,1.5094,1.5073,1.5075,154033.0
1790880000000,1.5075,1.5076,1.5042,1.5042,103479.0
1790880060000,1.5042,1.5058,1.5039,1.5054,77103.0
1790880120000,1.5055,1.5063,1.5047,1.5047,41611.1
1790880180000,1.5048,1.5049,1.5036,1.5037,42658.1
1790880240000,1.5037,1.505,1.5037,1.5048,53400.7
1790880300000,1.5048,1.5053,1.5045,1.5049,21838.8
1790880360000,1.505,1.5052,1.5044,1.5045,37956.5
1790880420000,1.5045,1.5045,1.5027,1.5029,162912.3
1790880480000,1.5029,1.5033,1.5017,1.5019,82064.1
1790880540000,1.5019,1.5019,1.5009,1.5009,53685.6
1790880600000,1.5009,1.501,1.5002,1.5008,87302.8
1790880660000,1.5007,1.5012,1.5007,1.5007,21520.1
1790880720000,1.5007,1.501,1.4995,1.4997,44354.4
1790880780000,1.4997,1.5012,1.4997,1.5011,78364.4
1790880840000,1.5011,1.5011,1.5005,1.501,46003.9
1790880900000,1.501,1.5013,1.5003,1.5006,25266.4
1790880960000,1.5007,1.5008,1.5004,1.5005,16593.1
1790881020000,1.5004,1.501,1.5004,1.5009,50530.2
1790881080000,1.501,1.5019,1.5009,1.5018,64217.4
1790881140000,1.5018,1.5018,1.5011,1.5013,18373.6
1790881200000,1.5012,1.5017,1.5012,1.5014,19891.5
1790881260000,1.5015,1.5015,1.498,1.4983,91519.2
1790881320000,1.4983,1.4984,1.4974,1.4976,42614.7
1790881380000,1.4977,1.4982,1.4968,1.4982,21612.6
1790881440000,1.4982,1.4986,1.4975,1.4986,49371.9
1790881500000,1.4985,1.4994,1.4982,1.4994,21396.0
1790881560000,1.4993,1.5001,1.4987,1.5001,39787.6
1790881620000,1.5002,1.5019,1.5,1.5013,56495.0
1790881680000,1.5013,1.5027,1.5005,1.5027,29523.8
1790881740000,1.5027,1.5033,1.5027,1.5033,20123.4
1790881800000,1.5034,1.5042,1.5034,1.5038,22892.1
1790881860000,1.5037,1.5037,1.5025,1.5027,43208.7
1790881920000,1.5027,1.5028,1.5016,1.5016,30690.9
1790881980000,1.5017,1.5027,1.5014,1.5027,23326.0
1790882040000,1.5026,1.503,1.502,1.5023,26908.7
1790882100000,1.5023,1.5028,1.5019,1.5028,11820.2
1790882160000,1.5028,1.5029,1.5019,1.5023,23308.3
1790882220000,1.5023,1.5024,1.5002,1.5002,28428.5
1790882280000,1.5001,1.5003,1.4993,1.5001,41177.8
1790882340000,1.5001,1.5008,1.5,1.5002,15395.0
1790882400000,1.5002,1.5002,1.4993,1.4996,39763.9
1790882460000,1.4996,1.5002,1.4992,1.4996,14962.0
1790882520000,1.4995,1.4995,1.498,1.498,28874.5
1790882580000,1.498,1.498,1.4972,1.4976,40320.7
1790882640000,1.4976,1.4976,1.4971,1.4973,27946.1
1790882700000,1.4972,1.4985,1.4972,1.4979,27677.9
1790882760000,1.4979,1.4988,1.4978,1.4984,28560.7
1790882820000,1.4983,1.4983,1.4957,1.4959,176069.3
1790882880000,1.4958,1.4961,1.495,1.495,28947.2
1790882940000,1.4951,1.4957,1.4934,1.4937,84495.8
1790883000000,1.4938,1.495,1.4929,1.4948,91506.5
1790883060000,1.4948,1.4971,1.4948,1.4964,28846.4
1790883120000,1.4963,1.4975,1.4962,1.4969,16890.7
1790883180000,1.497,1.4977,1.4963,1.4966,25096.3
1790883240000,1.4966,1.4968,1.4946,1.4959,19630.5
1790883300000,1.4958,1.4958,1.4949,1.4957,22219.3
1790883360000,1.4957,1.4963,1.4952,1.4953,15107.6
1790883420000,1.4953,1.4953,1.4936,1.4938,31305.8
1790883480000,1.4938,1.4949,1.4937,1.4947,34079.0
1790883540000,1.4948,1.4961,1.4947,1.4957,48703.0
1790883600000,1.4957,1.4958,1.4942,1.4958,105681.1
1790883660000,1.4959,1.4979,1.4959,1.4974,59077.1
1790883720000,1.4974,1.4974,1.4968,1.4969,23611.4
1790883780000,1.4969,1.4976,1.4968,1.4975,11385.8
1790883840000,1.4975,1.4977,1.4971,1.4971,84940.9
1790883900000,1.497,1.4983,1.4969,1.4982,22095.0
1790883960000,1.4983,1.4995,1.4979,1.4994,130380.0
1790884020000,1.4995,1.4997,1.4989,1.499,15746.6
1790884080000,1.499,1.499,1.4972,1.4972,24294.0
1790884140000,1.4972,1.4989,1.4972,1.4982,31426.4
1790884200000,1.4981,1.5007,1.4981,1.5007,76805.9
1790884260000,1.5008,1.5018,1.5008,1.5014,82538.9
1790884320000,1.5014,1.5014,1.4996,1.501,52878.1
1790884380000,1.5009,1.5009,1.4997,1.4999,33268.3
1790884440000,1.4999,1.5003,1.4983,1.4986,38779.7
1790884500000,1.4986,1.4986,1.4968,1.498,120561.8
1790884560000,1.498,1.4991,1.4978,1.4991,44118.0
1790884620000,1.4991,1.4996,1.4991,1.4994,19285.7
1790884680000,1.4994,1.5004,1.4992,1.5004,121955.6
1790884740000,1.5003,1.5023,1.5003,1.5012,324619.4
1790884800000,1.5011,1.5037,1.5011,1.5032,196972.8
1790884860000,1.5031,1.5036,1.5022,1.5035,77291.5
1790884920000,1.5036,1.5038,1.503,1.5034,17430.6
1790884980000,1.5033,1.5039,1.503,1.5032,69063.0
1790885040000,1.5033,1.505,1.5032,1.5044,77522.0
1790885100000,1.5045,1.5053,1.5043,1.5043,68634.1
1790885160000,1.5044,1.5049,1.5042,1.5049,29423.7
1790885220000,1.5049,1.5054,1.503,1.5031,186918.2
1790885280000,1.5032,1.5037,1.5027,1.5031,74855.4
1790885340000,1.503,1.5036,1.5027,1.503,65030.4
1790885400000,1.503,1.503,1.5021,1.5023,31777.9
1790885460000,1.5022,1.503,1.5019,1.5025,26528.0
1790885520000,1.5025,1.5028,1.5017,1.5023,29885.3
1790885580000,1.5023,1.5036,1.5023,1.5035,29167.0
1790885640000,1.5034,1.5038,1.5028,1.5028,41716.3
1790885700000,1.5029,1.5045,1.5029,1.5039,34308.5
1790885760000,1.5039,1.505,1.5037,1.5037,86626.4
1790885820000,1.5038,1.5045,1.5037,1.5038,75534.3
1790885880000,1.5037,1.504,1.5033,1.5037,49579.2
1790885940000,1.5037,1.5045,1.5036,1.5045,43492.6
1790886000000,1.5045,1.5058,1.5045,1.5055,168533.5
1790886060000,1.5056,1.5059,1.5044,1.5044,93381.2
1790886120000,1.5044,1.5048,1.5041,1.5048,67428.2
1790886180000,1.5047,1.5048,1.5037,1.5038,20676.5
1790886240000,1.5038,1.504,1.5036,1.5038,32546.7
1790886300000,1.5037,1.504,1.5037,1.5039,9165.3
1790886360000,1.504,1.5044,1.5033,1.5034,22975.6
1790886420000,1.5033,1.5044,1.5033,1.5043,9710.9
1790886480000,1.5043,1.5045,1.504,1.504,30345.6
1790886540000,1.504,1.5041,1.5035,1.5036,13785.7
1790886600000,1.5036,1.5041,1.5034,1.5036,43590.8
1790886660000,1.5036,1.5037,1.5033,1.5033,16939.2
1790886720000,1.5034,1.5037,1.5033,1.5034,15197.5
1790886780000,1.5033,1.5033,1.5019,1.502,106178.2
1790886840000,1.5019,1.502,1.5014,1.5014,30265.9
1790886900000,1.5015,1.5015,1.5009,1.5009,24606.6
1790886960000,1.5009,1.5012,1.5008,1.5008,12155.9
1790887020000,1.5008,1.5012,1.4998,1.5011,46497.6
1790887080000,1.5011,1.5012,1.5003,1.5004,71658.9
1790887140000,1.5004,1.5004,1.4998,1.4998,18053.1
1790887200000,1.4998,1.5,1.499,1.4997,63194.1
1790887260000,1.4996,1.4997,1.4985,1.4985,10588.8
1790887320000,1.4985,1.4985,1.4978,1.4984,55131.4
1790887380000,1.4984,1.4995,1.4983,1.499,47513.8
1790887440000,1.499,1.4998,1.4989,1.4991,33217.4
1790887500000,1.4991,1.4991,1.4966,1.4967,58672.8
1790887560000,1.4966,1.4989,1.4966,1.4984,223429.4
1790887620000,1.4984,1.4994,1.4984,1.4994,26948.5
1790887680000,1.4994,1.4994,1.4986,1.4986,19173.4
1790887740000,1.4985,1.4994,1.4979,1.4981,30600.8
1790887800000,1.498,1.499,1.4976,1.499,19715.2
1790887860000,1.499,1.5,1.4984,1.4987,43709.5
1790887920000,1.4987,1.4998,1.4987,1.4996,19478.0
1790887980000,1.4996,1.4996,1.4992,1.4992,19983.8
1790888040000,1.4991,1.4991,1.4983,1.4989,30063.6
1790888100000,1.4989,1.5,1.4988,1.4998,24145.3
1790888160000,1.4998,1.5,1.4983,1.4986,32813.3
1790888220000,1.4985,1.4991,1.4985,1.4991,11404.5
1790888280000,1.499,1.499,1.4985,1.4985,80849.3
1790888340000,1.4984,1.4985,1.4984,1.4985,6992.3
1790888400000,1.4984,1.4985,1.4982,1.4983,23481.8
1790888460000,1.4982,1.4983,1.4976,1.4976,13573.2
1790888520000,1.4976,1.4987,1.4973,1.498,44531.6
1790888580000,1.498,1.4983,1.4976,1.4976,15610.2
1790888640000,1.4976,1.4977,1.4975,1.4976,20742.5
1790888700000,1.4977,1.4981,1.4974,1.4981,24022.2
1790888760000,1.4981,1.4987,1.498,1.4987,8160.6
1790888820000,1.4986,1.4986,1.4978,1.4979,15841.3
1790888880000,1.4978,1.4978,1.4974,1.4975,7672.0
1790888940000,1.4975,1.4975,1.4973,1.4973,8339.2
1790889000000,1.4973,1.4973,1.4969,1.4969,20617.0
1790889060000,1.4969,1.4969,1.4956,1.4957,35834.1
1790889120000,1.4956,1.4963,1.4956,1.4958,12884.8
1790889180000,1.4958,1.4961,1.495,1.4951,29247.3
1790889240000,1.4951,1.4956,1.495,1.4951,41369.7
1790889300000,1.495,1.495,1.4937,1.4943,115062.0
1790889360000,1.4943,1.4943,1.4932,1.4941,33036.1
1790889420000,1.4941,1.4954,1.4941,1.4947,30269.5
1790889480000,1.4946,1.4947,1.4937,1.4945,83006.0
1790889540000,1.4946,1.4946,1.4942,1.4946,30347.0
1790889600000,1.4946,1.4973,1.4946,1.4966,237925.9
1790889660000,1.4966,1.4967,1.4954,1.4954,24135.0
1790889720000,1.4955,1.4957,1.4949,1.4956,41025.0
1790889780000,1.4956,1.4957,1.4952,1.4952,8967.0
1790889840000,1.4952,1.4952,1.4947,1.4947,16978.9
1790889900000,1.4948,1.4948,1.4945,1.4945,5788.0
1790889960000,1.4945,1.4949,1.4944,1.4949,28003.5
1790890020000,1.4948,1.4953,1.4942,1.4945,122057.0
1790890080000,1.4945,1.4945,1.4934,1.4935,14236.4
1790890140000,1.4935,1.4935,1.4922,1.4923,89997.4
1790890200000,1.4922,1.4923,1.4917,1.4917,194399.0
1790890260000,1.4916,1.4918,1.4911,1.4918,52509.8
1790890320000,1.4918,1.4933,1.4913,1.4922,100927.8
1790890380000,1.4922,1.4922,1.4917,1.4917,19095.5
1790890440000,1.4918,1.4918,1.4911,1.4911,37191.1
1790890500000,1.491,1.4922,1.4905,1.4922,121433.8
1790890560000,1.4922,1.4923,1.4919,1.4919,27227.0
1790890620000,1.4919,1.4919,1.4895,1.49,337257.6
1790890680000,1.49,1.4901,1.4893,1.4897,135422.4
1790890740000,1.4898,1.4898,1.4887,1.4895,295077.2
1790890800000,1.4894,1.4894,1.4871,1.4883,419719.9
1790890860000,1.4883,1.4892,1.4882,1.4892,95226.2
1790890920000,1.4891,1.4892,1.4881,1.489,25671.6
1790890980000,1.4891,1.4893,1.4887,1.4889,51793.5
1790891040000,1.489,1.489,1.4882,1.4883,13318.6
1790891100000,1.4883,1.494,1.4883,1.4934,502909.3
1790891160000,1.4933,1.4933,1.4917,1.4917,31454.6
1790891220000,1.4918,1.4922,1.4917,1.492,22052.3
1790891280000,1.492,1.492,1.4916,1.4917,53096.9
1790891340000,1.4918,1.4922,1.4915,1.4916,28671.1
1790891400000,1.4915,1.4917,1.4915,1.4916,12127.9
1790891460000,1.4916,1.4916,1.4911,1.4911,22303.5
1790891520000,1.491,1.4911,1.4907,1.4907,20866.3
1790891580000,1.4907,1.4907,1.4902,1.4904,36924.7
1790891640000,1.4905,1.4916,1.4904,1.4908,45431.7
1790891700000,1.4908,1.4909,1.4908,1.4909,1161.7
1790891760000,1.4908,1.4917,1.4908,1.4913,133646.9
1790891820000,1.4913,1.4913,1.49,1.4912,228218.7
1790891880000,1.4912,1.4915,1.4912,1.4915,17745.5
1790891940000,1.4915,1.4915,1.4904,1.4904,72988.9
1790892000000,1.4903,1.4924,1.49,1.4924,101561.4
1790892060000,1.4925,1.4938,1.4924,1.4938,142139.2
1790892120000,1.4937,1.4954,1.4937,1.4946,323608.5
1790892180000,1.4947,1.4954,1.4942,1.4942,43406.7
1790892240000,1.4941,1.4957,1.4927,1.4955,147618.4
1790892300000,1.4955,1.4958,1.4947,1.495,95951.0
1790892360000,1.495,1.4965,1.4945,1.4962,236572.7
1790892420000,1.4961,1.4969,1.4953,1.4958,97888.5
1790892480000,1.4957,1.4957,1.494,1.4943,32133.8
1790892540000,1.4944,1.4947,1.4931,1.4936,66671.3
1790892600000,1.4937,1.4971,1.4937,1.4969,20363.5
1790892660000,1.4968,1.4968,1.4948,1.4948,29055.8
1790892720000,1.4947,1.4961,1.4942,1.4947,32400.4
1790892780000,1.4947,1.4952,1.4943,1.4949,19812.7
1790892840000,1.4949,1.4951,1.4942,1.4943,19498.7
1790892900000,1.4942,1.4942,1.4935,1.4941,16928.6
1790892960000,1.494,1.4945,1.4937,1.4937,14970.7
1790893020000,1.4937,1.4959,1.4937,1.4957,23005.6
1790893080000,1.4956,1.4957,1.4939,1.4939,34143.4
1790893140000,1.494,1.4945,1.4937,1.4939,66899.6
1790893200000,1.4939,1.4949,1.4935,1.4937,122272.1
1790893260000,1.4938,1.4954,1.4938,1.4954,32376.0
1790893320000,1.4955,1.4955,1.4946,1.4948,51438.1
1790893380000,1.4948,1.4948,1.4936,1.4939,37622.0
1790893440000,1.4938,1.4945,1.4938,1.4944,16466.9
1790893500000,1.4945,1.4945,1.4939,1.4942,4940.1
1790893560000,1.4942,1.4949,1.4941,1.4945,9570.4
1790893620000,1.4945,1.4945,1.4935,1.494,17180.2
1790893680000,1.494,1.4947,1.4939,1.4945,19749.1
1790893740000,1.4944,1.4944,1.4941,1.4941,65933.3
1790893800000,1.4941,1.4947,1.4937,1.4944,103842.8
1790893860000,1.4943,1.4944,1.4938,1.4941,18956.8
1790893920000,1.4941,1.4944,1.4939,1.494,10707.6
1790893980000,1.4941,1.4941,1.4926,1.4927,47487.1
1790894040000,1.4928,1.4931,1.4927,1.4931,5022.0
1790894100000,1.4931,1.4944,1.4931,1.4943,13304.9
1790894160000,1.4943,1.4946,1.4937,1.4938,32906.5
1790894220000,1.4939,1.4944,1.4938,1.4943,4557.2
1790894280000,1.4942,1.4948,1.4942,1.4943,4480.8
1790894340000,1.4942,1.4942,1.4937,1.4937,7292.5
1790894400000,1.4938,1.4939,1.4932,1.4933,10040.3
1790894460000,1.4932,1.4937,1.4932,1.4935,7871.5
1790894520000,1.4936,1.4937,1.493,1.4932,26300.3
1790894580000,1.4931,1.4932,1.4919,1.492,65283.0
1790894640000,1.492,1.4921,1.4912,1.4913,18875.0
1790894700000,1.4913,1.4913,1.4902,1.4902,15299.0
1790894760000,1.4901,1.4904,1.4896,1.4897,29822.0
1790894820000,1.4897,1.4897,1.4895,1.4896,6170.6
1790894880000,1.4896,1.4898,1.4895,1.4898,43197.8
1790894940000,1.4897,1.4898,1.4896,1.4898,17905.0
1790895000000,1.4897,1.4898,1.4897,1.4898,1127.8
1790895060000,1.4897,1.4897,1.4891,1.4892,57270.8
1790895120000,1.4893,1.4923,1.4893,1.4923,72904.8
1790895180000,1.4923,1.4929,1.4923,1.4929,19762.4
1790895240000,1.4929,1.494,1.4929,1.4937,152366.6
1790895300000,1.4936,1.4943,1.4936,1.4937,22386.8
1790895360000,1.4938,1.4944,1.4936,1.4936,10927.4
1790895420000,1.4936,1.4938,1.4933,1.4934,14402.4
1790895480000,1.4935,1.4942,1.4934,1.4942,6675.0
1790895540000,1.4941,1.4944,1.494,1.4941,70531.6
1790895600000,1.494,1.4941,1.4926,1.4927,66156.9
1790895660000,1.4927,1.4927,1.4914,1.4924,8328.2
1790895720000,1.4924,1.4926,1.4911,1.4918,17586.3
1790895780000,1.4918,1.4931,1.4918,1.4927,21065.7
1790895840000,1.4927,1.4932,1.4919,1.4919,12051.8
1790895900000,1.4919,1.4922,1.4911,1.4913,7853.4
1790895960000,1.4913,1.4918,1.4909,1.4914,25408.9
1790896020000,1.4915,1.4918,1.4904,1.4905,7826.8
1790896080000,1.4905,1.4909,1.4903,1.4904,9805.3
1790896140000,1.4905,1.4905,1.4903,1.4905,15091.8
1790896200000,1.4906,1.4907,1.4905,1.4907,973.6
1790896260000,1.4906,1.4909,1.4905,1.4909,6892.5
1790896320000,1.491,1.4911,1.491,1.4911,2154.6
1790896380000,1.4911,1.4911,1.491,1.4911,1819.0
1790896440000,1.491,1.4911,1.4906,1.4909,86578.6
1790896500000,1.4909,1.4911,1.4903,1.4903,10814.9
1790896560000,1.4903,1.4916,1.4903,1.4916,29213.1
1790896620000,1.4916,1.4925,1.4916,1.4918,35114.3
1790896680000,1.4918,1.4927,1.4918,1.4924,28490.2
1790896740000,1.4924,1.4928,1.4924,1.4927,33975.0
1790896800000,1.4927,1.4928,1.4921,1.4926,39292.1
1790896860000,1.4926,1.4927,1.4923,1.4924,11564.2
1790896920000,1.4924,1.4926,1.4924,1.4926,8158.0
1790896980000,1.4926,1.4926,1.4923,1.4923,11662.4
1790897040000,1.4922,1.4924,1.4922,1.4923,3959.0
1790897100000,1.4924,1.4925,1.4923,1.4925,4665.9
1790897160000,1.4926,1.4926,1.4925,1.4926,1337.7
1790897220000,1.4926,1.493,1.4925,1.4929,10581.7
1790897280000,1.4929,1.4929,1.4926,1.4927,23900.4
1790897340000,1.4927,1.4929,1.4923,1.4924,49395.0
1790897400000,1.4924,1.4924,1.4918,1.4919,12210.2
1790897460000,1.4919,1.4924,1.4918,1.4923,15074.9
1790897520000,1.4924,1.4931,1.4924,1.4929,13344.6
1790897580000,1.4929,1.4934,1.4928,1.4934,23716.4
1790897640000,1.4935,1.4942,1.4935,1.4938,15279.9
1790897700000,1.4937,1.495,1.4937,1.4946,68282.7
1790897760000,1.4945,1.4946,1.4945,1.4946,2281.2
1790897820000,1.4945,1.4945,1.4937,1.4937,7464.3
1790897880000,1.4937,1.4952,1.4932,1.495,214153.7
1790897940000,1.4951,1.4952,1.4943,1.4943,24384.7
1790898000000,1.4943,1.4943,1.4936,1.4941,35442.6
1790898060000,1.4941,1.4941,1.4937,1.4937,4945.5
1790898120000,1.4937,1.4938,1.4936,1.4938,6474.8
1790898180000,1.4939,1.4941,1.4938,1.4941,9444.1
1790898240000,1.4941,1.4941,1.4934,1.4934,10956.2
1790898300000,1.4933,1.4933,1.4921,1.4921,19752.3
1790898360000,1.4921,1.4922,1.4919,1.492,25030.0
1790898420000,1.4919,1.4924,1.4919,1.4924,27044.8
1790898480000,1.4925,1.4925,1.4924,1.4925,4584.0
1790898540000,1.4924,1.4946,1.4924,1.4943,59337.2
1790898600000,1.4943,1.4947,1.494,1.4944,33788.5
1790898660000,1.4943,1.4947,1.4941,1.4945,21433.2
1790898720000,1.4945,1.4945,1.4932,1.4938,7672.1
1790898780000,1.4938,1.4948,1.4938,1.4948,11204.0
1790898840000,1.4947,1.4947,1.4941,1.4944,24390.8
1790898900000,1.4945,1.4945,1.494,1.494,3816.9
1790898960000,1.4941,1.4943,1.4941,1.4942,4002.2
1790899020000,1.4942,1.4947,1.4942,1.4947,7023.8
1790899080000,1.4948,1.495,1.4945,1.4949,17243.2
1790899140000,1.495,1.495,1.4939,1.4939,34656.3
1790899200000,1.494,1.4942,1.4935,1.4936,19559.3
1790899260000,1.4935,1.4956,1.4932,1.4954,203255.1
1790899320000,1.4954,1.4954,1.4948,1.4952,8013.8
1790899380000,1.4952,1.4952,1.4946,1.4947,16301.9
1790899440000,1.4946,1.4946,1.4933,1.4935,77158.8
1790899500000,1.4934,1.4954,1.4934,1.4954,67853.7
1790899560000,1.4955,1.4957,1.4947,1.4954,14483.8
1790899620000,1.4954,1.4959,1.4945,1.4946,10540.5
1790899680000,1.4946,1.4947,1.4938,1.494,5667.8
1790899740000,1.4939,1.4944,1.4938,1.4938,6014.9
1790899800000,1.4938,1.4955,1.4938,1.4954,6485.6
1790899860000,1.4954,1.4955,1.4941,1.4941,24199.4
1790899920000,1.4942,1.4945,1.4942,1.4944,16178.4
1790899980000,1.4945,1.496,1.4945,1.4952,50203.1
1790900040000,1.4952,1.496,1.4952,1.4952,15861.8
1790900100000,1.4952,1.4973,1.4945,1.4972,136414.0
1790900160000,1.4973,1.4978,1.495,1.496,37195.5
1790900220000,1.496,1.4986,1.496,1.4972,50765.0
1790900280000,1.4972,1.4982,1.497,1.498,131114.1
1790900340000,1.498,1.4982,1.498,1.4981,6819.7
1790900400000,1.4981,1.4982,1.4977,1.4982,70665.1
1790900460000,1.4982,1.4989,1.4973,1.4973,89894.0
1790900520000,1.4973,1.4977,1.4971,1.4976,27077.9
1790900580000,1.4976,1.4985,1.4976,1.4985,40698.9
1790900640000,1.4985,1.4988,1.4982,1.4983,33549.5
1790900700000,1.4982,1.4982,1.4971,1.4974,71346.1
1790900760000,1.4973,1.4976,1.496,1.4963,50622.1
1790900820000,1.4963,1.4965,1.4956,1.496,32777.6
1790900880000,1.496,1.496,1.4953,1.4954,20915.6
1790900940000,1.4954,1.4958,1.4953,1.4955,28445.7
1790901000000,1.4954,1.4955,1.4936,1.4936,63586.6
1790901060000,1.4936,1.4942,1.4934,1.4935,43022.2
1790901120000,1.4935,1.4942,1.4934,1.4939,41469.9
1790901180000,1.4939,1.4943,1.4923,1.4925,146797.6
1790901240000,1.4925,1.4929,1.4921,1.4927,61617.5
1790901300000,1.4928,1.4928,1.4924,1.4928,22642.1
1790901360000,1.4928,1.4936,1.4927,1.4933,42535.3
1790901420000,1.4932,1.4932,1.4924,1.4925,47585.5
1790901480000,1.4925,1.4925,1.4922,1.4922,11724.9
1790901540000,1.4922,1.493,1.4921,1.4927,47716.5
1790901600000,1.4926,1.4954,1.4923,1.4949,107223.6
1790901660000,1.4949,1.496,1.4945,1.4948,93490.2
1790901720000,1.4947,1.4954,1.4947,1.4954,39684.6
1790901780000,1.4955,1.4965,1.4955,1.4965,91663.5
1790901840000,1.4964,1.4968,1.4961,1.4962,120076.8
1790901900000,1.4962,1.4965,1.4955,1.4955,54239.5
1790901960000,1.4954,1.4965,1.4947,1.4965,53434.0
1790902020000,1.4965,1.4971,1.496,1.497,38850.8
1790902080000,1.4971,1.4977,1.497,1.4977,67165.2
1790902140000,1.4977,1.4978,1.4971,1.4971,24624.0
1790902200000,1.497,1.497,1.4958,1.4958,36246.0
1790902260000,1.4959,1.4965,1.4959,1.4965,33742.1
1790902320000,1.4965,1.4965,1.4956,1.4956,24037.5
1790902380000,1.4955,1.4959,1.4955,1.4956,24666.3
1790902440000,1.4956,1.4958,1.4954,1.4958,23176.1
1790902500000,1.4958,1.4961,1.4946,1.4946,35184.7
1790902560000,1.4947,1.4947,1.4941,1.4945,25198.3
1790902620000,1.4944,1.4959,1.4942,1.4958,53765.0
1790902680000,1.4959,1.4959,1.4953,1.4953,7912.3
1790902740000,1.4953,1.4954,1.4944,1.495,80587.2
1790902800000,1.495,1.495,1.494,1.4941,16398.6
1790902860000,1.4941,1.4944,1.4939,1.4939,22456.3
1790902920000,1.4939,1.4941,1.4935,1.4937,24355.7
1790902980000,1.4937,1.4937,1.4932,1.4932,16941.2
1790903040000,1.4932,1.4937,1.4931,1.4931,31274.7
1790903100000,1.4931,1.4939,1.4929,1.4937,39089.2
1790903160000,1.4936,1.4936,1.4923,1.4923,32158.9
1790903220000,1.4923,1.4924,1.4922,1.4922,16321.8
1790903280000,1.4922,1.4934,1.4922,1.4933,130569.2
1790903340000,1.4933,1.4933,1.4918,1.4919,25919.2
1790903400000,1.4919,1.492,1.4917,1.492,19955.2
1790903460000,1.4919,1.492,1.4911,1.4919,83071.4
1790903520000,1.4919,1.4927,1.4913,1.4913,56854.6
1790903580000,1.4912,1.4912,1.4909,1.491,13778.9
1790903640000,1.491,1.4915,1.4905,1.4905,93313.0
1790903700000,1.4906,1.4913,1.4906,1.4911,40592.0
1790903760000,1.4912,1.4929,1.4911,1.4929,41806.8
1790903820000,1.4929,1.4933,1.4924,1.4927,75642.4
1790903880000,1.4927,1.4927,1.4914,1.4917,32244.7
1790903940000,1.4917,1.4917,1.4905,1.4905,31685.5
1790904000000,1.4905,1.4905,1.4875,1.4877,246329.9
1790904060000,1.4877,1.4884,1.4873,1.4884,133586.8
1790904120000,1.4883,1.4891,1.4878,1.4891,88032.1
1790904180000,1.4891,1.4905,1.4891,1.4904,63723.1
1790904240000,1.4903,1.492,1.4902,1.492,47371.8
1790904300000,1.492,1.4925,1.4909,1.4911,72913.3
1790904360000,1.4911,1.4912,1.489,1.4899,86290.0
1790904420000,1.4899,1.4907,1.4893,1.4895,95575.5
1790904480000,1.4894,1.4894,1.4889,1.4891,26368.7
1790904540000,1.4892,1.4898,1.489,1.4897,44743.1
1790904600000,1.4896,1.491,1.4896,1.4898,113346.6
1790904660000,1.4898,1.4906,1.4892,1.4906,93403.6
1790904720000,1.4907,1.4908,1.4896,1.4897,90185.2
1790904780000,1.4898,1.4908,1.4896,1.4908,59609.9
1790904840000,1.4908,1.4912,1.4895,1.4896,346118.8
1790904900000,1.4895,1.4895,1.4881,1.4884,499485.4
1790904960000,1.4883,1.4885,1.4876,1.4876,402030.4
1790905020000,1.4877,1.4893,1.4875,1.4876,228959.9
1790905080000,1.4876,1.488,1.4872,1.4877,186960.0
1790905140000,1.4876,1.4879,1.4863,1.4872,168705.1
1790905200000,1.4871,1.4875,1.4869,1.487,194343.4
1790905260000,1.4869,1.487,1.4861,1.4862,179278.7
1790905320000,1.4862,1.4868,1.4859,1.486,51168.2
1790905380000,1.486,1.4867,1.486,1.4867,31518.5
1790905440000,1.4867,1.4867,1.4864,1.4866,20006.7
1790905500000,1.4866,1.4871,1.4866,1.4871,56026.0
1790905560000,1.4871,1.4876,1.4869,1.4876,52543.7
1790905620000,1.4876,1.4876,1.4867,1.4875,209609.8
1790905680000,1.4875,1.4877,1.487,1.4873,97050.5
1790905740000,1.4873,1.4877,1.4866,1.4868,134992.4
1790905800000,1.4868,1.4896,1.4867,1.4896,83465.3
1790905860000,1.4896,1.4928,1.4896,1.4925,135005.7
1790905920000,1.4924,1.4932,1.4906,1.4924,440777.9
1790905980000,1.4924,1.4965,1.4924,1.4959,158505.9
1790906040000,1.4958,1.4959,1.4932,1.4935,103803.1
1790906100000,1.4936,1.497,1.4929,1.4968,337325.7
1790906160000,1.4968,1.4979,1.4967,1.497,211698.9
1790906220000,1.497,1.4977,1.4967,1.4977,75479.3
1790906280000,1.4977,1.498,1.4971,1.4972,30416.0
1790906340000,1.4973,1.4975,1.4962,1.4966,65578.3
1790906400000,1.4966,1.4971,1.4956,1.4967,80140.7
1790906460000,1.4967,1.4978,1.4964,1.4966,80849.7
1790906520000,1.4967,1.4981,1.4967,1.4979,67134.3
1790906580000,1.498,1.4986,1.4971,1.4975,122655.4
1790906640000,1.4974,1.4991,1.497,1.4991,39945.5
1790906700000,1.4991,1.5007,1.4991,1.5002,143896.7
1790906760000,1.5002,1.5005,1.4996,1.5003,61408.6
1790906820000,1.5002,1.5003,1.4994,1.4996,34305.3
1790906880000,1.4997,1.5016,1.4997,1.5013,100172.7
1790906940000,1.5012,1.5025,1.5006,1.5025,167529.0
1790907000000,1.5024,1.5025,1.5012,1.5012,62373.1
1790907060000,1.5013,1.5013,1.4999,1.4999,86408.4
1790907120000,1.4998,1.5003,1.4996,1.4997,53858.9
1790907180000,1.4998,1.5015,1.4997,1.5015,66717.9
1790907240000,1.5014,1.5019,1.5014,1.5014,55169.9
1790907300000,1.5014,1.502,1.501,1.5019,108721.7
1790907360000,1.5019,1.502,1.501,1.5011,51173.7
1790907420000,1.5011,1.5013,1.5001,1.5001,148264.8
1790907480000,1.5001,1.5001,1.4989,1.499,25862.6
1790907540000,1.499,1.5006,1.499,1.4996,87477.5
1790907600000,1.4996,1.4997,1.4988,1.4989,29199.6
1790907660000,1.499,1.499,1.4972,1.4975,62389.0
1790907720000,1.4974,1.4978,1.4957,1.4963,113056.8
1790907780000,1.4964,1.4982,1.4959,1.4981,111126.6
1790907840000,1.498,1.498,1.4953,1.4953,74963.7
1790907900000,1.4954,1.4964,1.4953,1.4961,50568.3
1790907960000,1.4961,1.4977,1.4961,1.4971,71135.0
1790908020000,1.4971,1.498,1.4968,1.4971,55238.7
1790908080000,1.4971,1.4975,1.4963,1.4967,21949.6
1790908140000,1.4967,1.4972,1.4965,1.4969,48373.6
1790908200000,1.4969,1.4979,1.4962,1.4963,86587.6
1790908260000,1.4963,1.4972,1.4959,1.496,104362.3
1790908320000,1.496,1.4963,1.4952,1.4963,60183.3
1790908380000,1.4963,1.4978,1.4963,1.4978,132229.4
1790908440000,1.4978,1.4981,1.4957,1.4957,89191.6
1790908500000,1.4956,1.4969,1.4954,1.4968,41835.5
1790908560000,1.4967,1.4969,1.496,1.4968,48862.3
1790908620000,1.4968,1.497,1.4959,1.4969,85493.9
1790908680000,1.4968,1.4971,1.4961,1.4965,85798.9
1790908740000,1.4965,1.4966,1.4962,1.4964,45457.1
1790908800000,1.4963,1.4963,1.4957,1.496,35010.2
1790908860000,1.4961,1.4965,1.4961,1.4962,47037.2
1790908920000,1.4962,1.4964,1.4958,1.496,43803.8
1790908980000,1.496,1.4973,1.496,1.4972,64216.3
1790909040000,1.4972,1.4975,1.4972,1.4973,24836.5
1790909100000,1.4973,1.498,1.4969,1.4975,91072.7
1790909160000,1.4975,1.4977,1.497,1.4971,47707.9
1790909220000,1.4972,1.4983,1.4972,1.4983,35958.2
1790909280000,1.4983,1.4988,1.4983,1.4988,51999.7
1790909340000,1.4988,1.5014,1.4987,1.5014,181932.9
1790909400000,1.5013,1.5025,1.5007,1.5023,179595.8
1790909460000,1.5023,1.5023,1.5005,1.5005,106055.8
1790909520000,1.5006,1.5026,1.5003,1.5025,94960.0
1790909580000,1.5026,1.5026,1.5005,1.5007,80727.0
1790909640000,1.5006,1.5011,1.5003,1.5005,55215.3
1790909700000,1.5005,1.5027,1.5005,1.5026,115776.0
1790909760000,1.5027,1.5028,1.5018,1.5027,101354.5
1790909820000,1.5027,1.503,1.5027,1.503,159584.0
1790909880000,1.503,1.5036,1.5025,1.5026,92070.7
1790909940000,1.5026,1.5027,1.5023,1.5024,31982.8
1790910000000,1.5023,1.5032,1.5021,1.5032,66038.5
1790910060000,1.5032,1.5054,1.5031,1.5054,161683.6
1790910120000,1.5053,1.5083,1.5053,1.5063,287933.5
1790910180000,1.5062,1.508,1.5053,1.5053,99196.5
1790910240000,1.5053,1.5057,1.5034,1.5056,191950.5
1790910300000,1.5056,1.5066,1.5039,1.5039,117453.2
1790910360000,1.5039,1.5047,1.5026,1.5026,156399.5
1790910420000,1.5026,1.5038,1.5024,1.5033,63560.0
1790910480000,1.5032,1.5032,1.5017,1.5017,74342.0
1790910540000,1.5017,1.5024,1.5012,1.5013,103290.6
1790910600000,1.5013,1.5028,1.5012,1.5023,77865.5
1790910660000,1.5024,1.5032,1.5024,1.5027,22696.3
1790910720000,1.5027,1.5027,1.5012,1.5012,26975.1
1790910780000,1.5012,1.5053,1.5012,1.505,149194.9
1790910840000,1.5049,1.5049,1.5025,1.5025,41994.4
1790910900000,1.5025,1.5036,1.5025,1.5034,53134.2
1790910960000,1.5034,1.5038,1.503,1.503,38950.3
1790911020000,1.5031,1.5034,1.5022,1.5022,63675.2
1790911080000,1.5022,1.5025,1.5021,1.5024,34471.8
1790911140000,1.5023,1.5024,1.5018,1.502,19258.2
1790911200000,1.502,1.5023,1.5014,1.5018,19120.5
1790911260000,1.5019,1.5036,1.5018,1.5027,32635.3
1790911320000,1.5026,1.5032,1.5023,1.5025,34997.1
1790911380000,1.5025,1.5025,1.5016,1.5016,19041.8
1790911440000,1.5015,1.5016,1.5012,1.5016,52497.9
1790911500000,1.5016,1.5019,1.5014,1.5015,33343.0
1790911560000,1.5015,1.5019,1.5008,1.5008,74593.2
1790911620000,1.5008,1.5011,1.5008,1.5011,10001.3
1790911680000,1.5011,1.5013,1.501,1.5011,14979.8
1790911740000,1.501,1.5012,1.5009,1.501,33154.8
1790911800000,1.501,1.5016,1.5008,1.5016,66447.7
1790911860000,1.5016,1.504,1.5016,1.5039,118681.9
1790911920000,1.504,1.5058,1.503,1.5049,164491.9
1790911980000,1.5049,1.5061,1.5047,1.5052,170439.4
1790912040000,1.5051,1.5056,1.5041,1.505,115991.5
1790912100000,1.5051,1.507,1.5045,1.5066,141012.4
1790912160000,1.5066,1.5067,1.5033,1.5034,48603.2
1790912220000,1.5034,1.5037,1.5012,1.502,68645.1
1790912280000,1.502,1.5038,1.502,1.5034,84164.3
1790912340000,1.5034,1.5046,1.5033,1.5046,46535.3
1790912400000,1.5046,1.5059,1.5039,1.5058,62454.7
1790912460000,1.5059,1.506,1.5049,1.5054,86865.0
1790912520000,1.5054,1.5063,1.5054,1.5058,147420.8
1790912580000,1.5058,1.5064,1.5056,1.5056,49095.3
1790912640000,1.5057,1.5064,1.5056,1.506,32867.0
1790912700000,1.506,1.5071,1.5056,1.5056,110172.6
1790912760000,1.5055,1.5068,1.5053,1.5059,275969.3
1790912820000,1.5059,1.5067,1.5058,1.5062,59786.9
1790912880000,1.5063,1.5065,1.5053,1.5054,52925.3
1790912940000,1.5054,1.5054,1.5044,1.5044,47031.4
1790913000000,1.5044,1.5051,1.504,1.5041,49665.2
1790913060000,1.5041,1.5041,1.5037,1.5038,23229.0
1790913120000,1.5038,1.504,1.5037,1.504,26796.6
1790913180000,1.504,1.5072,1.504,1.5072,206848.7
1790913240000,1.5071,1.508,1.5069,1.5071,144637.1
1790913300000,1.5072,1.5089,1.5072,1.5087,138296.5
1790913360000,1.5087,1.5093,1.507,1.5093,177262.5
1790913420000,1.5092,1.5099,1.5084,1.5098,141013.6
1790913480000,1.5098,1.5099,1.5088,1.5089,61741.5
1790913540000,1.5089,1.5093,1.5085,1.5087,106061.6
1790913600000,1.5088,1.51,1.5088,1.51,182377.3
1790913660000,1.5099,1.5115,1.5099,1.5114,254453.3
1790913720000,1.5114,1.5115,1.5089,1.5102,265187.4
1790913780000,1.5101,1.5108,1.5099,1.5106,65392.3
1790913840000,1.5105,1.5106,1.5098,1.5103,131894.6
1790913900000,1.5103,1.5104,1.5087,1.5087,159188.7
1790913960000,1.5087,1.5091,1.5064,1.5066,138784.5
1790914020000,1.5066,1.508,1.5066,1.5073,111090.1
1790914080000,1.5072,1.5072,1.5066,1.5071,71411.7
1790914140000,1.507,1.5077,1.507,1.5072,47458.5
1790914200000,1.5072,1.5075,1.5068,1.5068,44027.1
1790914260000,1.5069,1.507,1.5062,1.5062,40720.4
1790914320000,1.5062,1.5064,1.5056,1.5057,90422.1
1790914380000,1.5058,1.5058,1.5052,1.5053,13131.2
1790914440000,1.5053,1.5053,1.5045,1.5048,20212.1
1790914500000,1.5048,1.5059,1.5047,1.5058,84302.9
1790914560000,1.5059,1.507,1.5059,1.507,156545.0
1790914620000,1.507,1.507,1.5051,1.5051,107992.1
1790914680000,1.5051,1.5064,1.5051,1.5062,73133.8
1790914740000,1.5063,1.5118,1.5063,1.51,294655.1
1790914800000,1.5099,1.5187,1.5096,1.5171,774856.0
1790914860000,1.517,1.521,1.5166,1.5195,1143110.1
1790914920000,1.5194,1.5208,1.5164,1.5172,355105.6
1790914980000,1.5171,1.5229,1.5167,1.5226,523824.1
1790915040000,1.5225,1.523,1.5202,1.5223,305690.7
1790915100000,1.5223,1.526,1.5223,1.5249,626021.4
1790915160000,1.5249,1.5285,1.5248,1.5276,623287.8
1790915220000,1.5276,1.5287,1.5265,1.5287,436303.3
1790915280000,1.5286,1.529,1.5272,1.5281,207781.1
1790915340000,1.5281,1.5293,1.5275,1.5289,451744.3
1790915400000,1.5288,1.5304,1.5278,1.5302,731469.7
1790915460000,1.5302,1.5316,1.5278,1.5279,538983.1
1790915520000,1.5279,1.5283,1.5244,1.5244,187478.6
1790915580000,1.5243,1.5253,1.5233,1.5234,301880.9
1790915640000,1.5234,1.5241,1.5215,1.5227,347226.3
1790915700000,1.5228,1.5228,1.5206,1.5207,205818.8
1790915760000,1.5207,1.522,1.5207,1.521,309698.3
1790915820000,1.521,1.524,1.521,1.5225,249657.2
1790915880000,1.5224,1.5235,1.5223,1.5232,215353.9
1790915940000,1.5232,1.5249,1.5228,1.5248,143558.2
1790916000000,1.5249,1.5261,1.5226,1.5229,318581.4
1790916060000,1.5228,1.5232,1.5199,1.5231,608452.4
1790916120000,1.5231,1.5245,1.5229,1.5243,192259.3
1790916180000,1.5243,1.5245,1.5241,1.5243,128183.1
1790916240000,1.5243,1.5248,1.5234,1.5241,192990.6
1790916300000,1.5242,1.5242,1.5226,1.5226,116420.6
1790916360000,1.5226,1.5256,1.5226,1.5256,187963.3
1790916420000,1.5255,1.527,1.5241,1.527,364113.2
1790916480000,1.527,1.5292,1.5266,1.529,284329.5
1790916540000,1.529,1.5323,1.5289,1.5306,694328.4
1790916600000,1.5305,1.5321,1.5301,1.5309,306113.9
1790916660000,1.531,1.5329,1.5295,1.5319,283997.8
1790916720000,1.5319,1.5328,1.5316,1.5327,204627.5
1790916780000,1.5326,1.5337,1.5322,1.5326,219952.2
1790916840000,1.5326,1.5331,1.5304,1.5313,153014.5
1790916900000,1.5314,1.5319,1.5304,1.5305,202650.9
1790916960000,1.5304,1.5312,1.5296,1.531,233397.2
1790917020000,1.5309,1.5313,1.5302,1.5308,74875.4
1790917080000,1.5308,1.5308,1.5296,1.5298,95571.4
1790917140000,1.5299,1.5309,1.5297,1.5304,92497.3
1790917200000,1.5303,1.5304,1.5281,1.5283,151062.9
1790917260000,1.5283,1.5292,1.5279,1.5285,199702.4
1790917320000,1.5285,1.5285,1.526,1.5263,175958.4
1790917380000,1.5264,1.5266,1.5257,1.5265,96546.9
1790917440000,1.5265,1.5266,1.5251,1.5252,104621.7
1790917500000,1.5251,1.5259,1.5238,1.5251,134666.6
1790917560000,1.525,1.5265,1.5246,1.5264,138456.3
1790917620000,1.5264,1.5268,1.5253,1.5256,119664.5
1790917680000,1.5255,1.5269,1.5254,1.5266,155697.6
1790917740000,1.5266,1.5267,1.5248,1.5248,113723.9
1790917800000,1.5248,1.526,1.5242,1.5249,395510.2
1790917860000,1.5249,1.5269,1.5245,1.5265,93759.1
1790917920000,1.5266,1.5269,1.5255,1.5264,125160.1
1790917980000,1.5264,1.5264,1.5248,1.5256,82897.5
1790918040000,1.5257,1.5258,1.5253,1.5253,58776.5
1790918100000,1.5254,1.5256,1.5247,1.5249,67208.4
1790918160000,1.5248,1.5249,1.5229,1.523,201240.9
1790918220000,1.523,1.5236,1.5225,1.5231,128092.7
1790918280000,1.5231,1.5246,1.5225,1.5231,115196.9
1790918340000,1.5231,1.5235,1.5212,1.5224,198559.8
1790918400000,1.5223,1.5232,1.5218,1.5221,67243.0
1790918460000,1.522,1.5221,1.52,1.5202,118938.2
1790918520000,1.5203,1.5224,1.5203,1.5222,111849.2
1790918580000,1.5221,1.5225,1.522,1.5224,54202.9
1790918640000,1.5224,1.5224,1.5212,1.5213,50718.5
1790918700000,1.5212,1.5213,1.5202,1.5202,78578.7
1790918760000,1.5203,1.5213,1.5202,1.5203,108336.1
1790918820000,1.5204,1.521,1.5203,1.5207,56398.7
1790918880000,1.5208,1.5218,1.5203,1.5203,140065.9
1790918940000,1.5202,1.5219,1.5202,1.5218,87747.8
1790919000000,1.5219,1.522,1.5203,1.5216,140813.6
1790919060000,1.5215,1.5232,1.521,1.523,175152.6
1790919120000,1.5231,1.5232,1.5226,1.5228,97229.8
1790919180000,1.5228,1.5228,1.5209,1.5212,198049.6
1790919240000,1.5211,1.5226,1.521,1.5218,77916.0
1790919300000,1.5217,1.5219,1.5206,1.5212,50598.6
1790919360000,1.5212,1.5212,1.5195,1.5196,140792.0
1790919420000,1.5197,1.5199,1.5172,1.5185,415943.6
1790919480000,1.5185,1.5186,1.5162,1.5162,96285.7
1790919540000,1.5163,1.5171,1.5128,1.5129,180660.3
1790919600000,1.5128,1.5147,1.5116,1.5142,237626.8
1790919660000,1.5142,1.516,1.5142,1.5157,150223.7
1790919720000,1.5156,1.5173,1.5154,1.5173,141072.5
1790919780000,1.5173,1.5181,1.517,1.5179,50026.3
1790919840000,1.518,1.5188,1.518,1.5186,49030.3
1790919900000,1.5187,1.519,1.5163,1.5164,146505.5
1790919960000,1.5164,1.5175,1.5164,1.5169,103984.6
1790920020000,1.5169,1.5169,1.5153,1.5154,71229.6
1790920080000,1.5155,1.517,1.5152,1.5168,117199.7
1790920140000,1.5168,1.5168,1.516,1.5165,94911.3
1790920200000,1.5164,1.517,1.5164,1.517,38059.1
1790920260000,1.5169,1.5183,1.5169,1.5183,103431.6
1790920320000,1.5183,1.5183,1.5164,1.5164,72396.2
1790920380000,1.5164,1.5165,1.5151,1.5158,95173.8
1790920440000,1.5158,1.5158,1.5149,1.5156,58558.9
1790920500000,1.5155,1.5173,1.5155,1.5166,39843.1
1790920560000,1.5166,1.517,1.5166,1.517,23089.0
1790920620000,1.517,1.5171,1.5161,1.517,87172.8
1790920680000,1.517,1.5177,1.5168,1.5176,63619.9
1790920740000,1.5176,1.5178,1.5169,1.5169,23963.0
1790920800000,1.517,1.5177,1.5152,1.5165,56364.5
1790920860000,1.5164,1.519,1.5164,1.5189,70295.2
1790920920000,1.519,1.5203,1.5187,1.5203,245666.0
1790920980000,1.5203,1.5218,1.52,1.5203,162076.6
1790921040000,1.5204,1.522,1.5201,1.5215,188752.5
1790921100000,1.5215,1.5226,1.5215,1.5223,194279.6
1790921160000,1.5224,1.5244,1.5224,1.5226,293616.6
1790921220000,1.5227,1.5244,1.5223,1.5244,245031.6
1790921280000,1.5244,1.5247,1.522,1.5228,137691.9
1790921340000,1.5227,1.5232,1.522,1.5227,159996.9
1790921400000,1.5227,1.5262,1.5222,1.5262,131199.1
1790921460000,1.5261,1.5275,1.5247,1.5248,343089.1
1790921520000,1.5247,1.5259,1.5229,1.5234,70230.4
1790921580000,1.5234,1.5236,1.5227,1.5231,74159.6
1790921640000,1.5231,1.5232,1.522,1.5224,34221.9
1790921700000,1.5224,1.5237,1.5214,1.5234,177617.4
1790921760000,1.5234,1.5242,1.5222,1.5222,160057.8
1790921820000,1.5223,1.5233,1.5213,1.5229,36761.9
1790921880000,1.523,1.523,1.5217,1.5219,142882.9
1790921940000,1.5218,1.5222,1.5206,1.5217,45206.0
1790922000000,1.5217,1.5235,1.5214,1.5235,137670.1
1790922060000,1.5235,1.5248,1.5234,1.5245,33190.5
1790922120000,1.5245,1.5252,1.5231,1.5231,47775.3
1790922180000,1.5232,1.5244,1.5229,1.5242,56066.5
1790922240000,1.5241,1.5249,1.5238,1.5249,70844.6
1790922300000,1.5249,1.5256,1.5246,1.525,180387.9
1790922360000,1.5251,1.5254,1.5233,1.5244,153694.7
1790922420000,1.5244,1.525,1.5242,1.5249,74625.7
1790922480000,1.5249,1.5256,1.5247,1.5255,69735.9
1790922540000,1.5256,1.5258,1.5248,1.5249,63022.9
1790922600000,1.5249,1.5257,1.5244,1.5249,46674.3
1790922660000,1.525,1.5251,1.5241,1.5246,103295.2
1790922720000,1.5245,1.5268,1.5245,1.5264,107604.9
1790922780000,1.5265,1.5274,1.5263,1.5274,30503.1
1790922840000,1.5274,1.5279,1.5267,1.5269,123471.4
1790922900000,1.527,1.5276,1.5241,1.5242,145598.6
1790922960000,1.5243,1.5249,1.5234,1.5245,101432.3
1790923020000,1.5245,1.5248,1.524,1.5242,22992.2
1790923080000,1.5242,1.5248,1.5235,1.524,56964.2
1790923140000,1.524,1.5264,1.524,1.5263,11134.7
1790923200000,1.5263,1.5267,1.5252,1.5254,79032.7
1790923260000,1.5253,1.5254,1.5242,1.5245,80722.0
1790923320000,1.5245,1.5245,1.5237,1.5242,13076.6
1790923380000,1.5242,1.5242,1.5234,1.5242,33137.5
1790923440000,1.5241,1.5242,1.5235,1.5235,26092.7
1790923500000,1.5235,1.5236,1.5227,1.5227,55182.9
1790923560000,1.5228,1.5238,1.5228,1.5238,30448.6
1790923620000,1.5238,1.5239,1.5224,1.5225,32705.4
1790923680000,1.5224,1.5225,1.5221,1.5223,28749.4
1790923740000,1.5224,1.5232,1.5223,1.5227,94620.7
1790923800000,1.5228,1.5242,1.5227,1.5241,38223.2
1790923860000,1.5242,1.5249,1.5233,1.5235,88703.4
1790923920000,1.5234,1.5234,1.5217,1.5223,81925.4
1790923980000,1.5223,1.5227,1.5219,1.5224,32797.4
1790924040000,1.5223,1.5239,1.5223,1.5239,44569.7
1790924100000,1.524,1.5249,1.524,1.5249,90934.6
1790924160000,1.525,1.525,1.5238,1.5239,140967.8
1790924220000,1.5238,1.5239,1.5232,1.5235,44384.4
1790924280000,1.5235,1.5244,1.5229,1.5236,159112.3
1790924340000,1.5237,1.5238,1.5229,1.5231,58614.7
1790924400000,1.5231,1.5235,1.5221,1.5222,88684.0
1790924460000,1.5222,1.525,1.5221,1.5238,210833.3
1790924520000,1.5237,1.5237,1.5222,1.5228,34880.9
1790924580000,1.5228,1.5242,1.522,1.5242,120560.6
1790924640000,1.5241,1.5249,1.5225,1.5225,103803.5
1790924700000,1.5224,1.5242,1.5222,1.5241,81577.1
1790924760000,1.5241,1.5262,1.5241,1.5261,190453.2
1790924820000,1.5261,1.5264,1.5246,1.5248,147679.1
1790924880000,1.5249,1.5253,1.5245,1.5245,63427.1
1790924940000,1.5245,1.5245,1.5239,1.5242,85339.8
1790925000000,1.5242,1.5244,1.5239,1.5244,50680.0
1790925060000,1.5244,1.525,1.524,1.5247,59393.9
1790925120000,1.5248,1.5249,1.5237,1.5239,33609.6
1790925180000,1.5239,1.5252,1.5239,1.5244,44319.5
1790925240000,1.5245,1.525,1.5239,1.5239,81138.7
1790925300000,1.524,1.524,1.5224,1.5236,46426.0
1790925360000,1.5235,1.5241,1.5216,1.5216,87839.9
1790925420000,1.5216,1.5224,1.5215,1.5222,39912.6
1790925480000,1.5223,1.523,1.522,1.523,34866.6
1790925540000,1.523,1.523,1.5217,1.5217,17669.2
1790925600000,1.5216,1.5216,1.5211,1.5214,22325.5
1790925660000,1.5213,1.5223,1.5212,1.5223,30041.8
1790925720000,1.5223,1.5229,1.5217,1.5222,134400.9
1790925780000,1.5221,1.5222,1.5213,1.5215,41280.5
1790925840000,1.5214,1.5221,1.5212,1.5216,59225.9
1790925900000,1.5217,1.5229,1.5217,1.5225,28653.4
1790925960000,1.5226,1.5228,1.522,1.5227,37887.0
1790926020000,1.5227,1.5234,1.5222,1.5222,134055.3
1790926080000,1.5222,1.5227,1.5221,1.5225,64370.3
1790926140000,1.5225,1.5228,1.5221,1.5222,23671.3
1790926200000,1.5222,1.5222,1.5195,1.5199,169964.1
1790926260000,1.5198,1.5208,1.5196,1.5204,103568.8
1790926320000,1.5205,1.522,1.5205,1.5213,53449.0
1790926380000,1.5212,1.5218,1.5209,1.5212,37060.1
1790926440000,1.5212,1.5216,1.521,1.5213,65495.0
1790926500000,1.5214,1.5224,1.5214,1.5221,84663.2
1790926560000,1.5222,1.5225,1.522,1.5224,52266.5
1790926620000,1.5224,1.5237,1.5216,1.5216,211594.2
1790926680000,1.5216,1.5217,1.521,1.5215,64030.2
1790926740000,1.5214,1.5222,1.5213,1.5216,36491.1
1790926800000,1.5217,1.5224,1.5216,1.5219,145280.2
1790926860000,1.5219,1.5229,1.5217,1.5226,105036.8
1790926920000,1.5226,1.5239,1.5226,1.5238,68612.4
1790926980000,1.5239,1.5243,1.5237,1.5239,57089.4
1790927040000,1.5239,1.5244,1.5233,1.5242,130292.4
1790927100000,1.5242,1.5272,1.5242,1.5271,181541.5
1790927160000,1.5271,1.5299,1.5271,1.5279,359587.8
1790927220000,1.5279,1.5281,1.5265,1.5281,50488.8
1790927280000,1.5282,1.529,1.5276,1.5276,71282.7
1790927340000,1.5276,1.5292,1.5276,1.5292,29833.1
1790927400000,1.5292,1.5294,1.528,1.5292,107977.3
1790927460000,1.5293,1.53,1.5292,1.5299,21784.8
1790927520000,1.5299,1.53,1.5287,1.5287,80898.6
1790927580000,1.5287,1.53,1.5287,1.5299,69592.8
1790927640000,1.5299,1.531,1.5299,1.5309,197767.6
1790927700000,1.5309,1.5317,1.5305,1.5317,317479.1
1790927760000,1.5316,1.5334,1.5316,1.5332,185826.5
1790927820000,1.5332,1.534,1.5323,1.5339,238222.2
1790927880000,1.5339,1.5344,1.531,1.5313,128356.7
1790927940000,1.5312,1.5319,1.5312,1.5319,53064.3
1790928000000,1.532,1.5333,1.5311,1.5323,86354.0
1790928060000,1.5324,1.5341,1.532,1.5335,199578.6
1790928120000,1.5335,1.535,1.5334,1.5348,305549.3
1790928180000,1.5348,1.536,1.5345,1.5357,435200.3
1790928240000,1.5357,1.5357,1.5338,1.5342,179345.7
1790928300000,1.5342,1.5342,1.5327,1.5332,106045.4
1790928360000,1.5332,1.535,1.5332,1.5344,145275.6
1790928420000,1.5344,1.5353,1.5332,1.5339,60851.6
1790928480000,1.5338,1.5345,1.5327,1.5327,48208.7
1790928540000,1.5327,1.5334,1.5327,1.5328,63016.7
1790928600000,1.5329,1.5336,1.5329,1.533,73525.6
1790928660000,1.533,1.5337,1.5314,1.5336,236217.7
1790928720000,1.5336,1.5337,1.5324,1.5324,139959.0
1790928780000,1.5325,1.533,1.5319,1.533,41422.0
1790928840000,1.5329,1.533,1.5323,1.5324,64451.4
1790928900000,1.5324,1.5332,1.5321,1.5331,102474.2
1790928960000,1.5331,1.5353,1.5331,1.5352,83968.7
1790929020000,1.5352,1.5409,1.5352,1.5404,829199.8
1790929080000,1.5403,1.542,1.5375,1.5385,431742.9
1790929140000,1.5385,1.5402,1.5385,1.5402,135844.4
1790929200000,1.5402,1.5404,1.5379,1.5393,205296.1
1790929260000,1.5393,1.5422,1.5384,1.5384,385704.5
1790929320000,1.5384,1.5384,1.5362,1.5363,83889.1
1790929380000,1.5363,1.5364,1.5354,1.5354,100840.7
1790929440000,1.5353,1.5356,1.5351,1.5354,50252.6
1790929500000,1.5354,1.5365,1.5352,1.5363,127746.7
1790929560000,1.5362,1.5378,1.5362,1.5366,81217.1
1790929620000,1.5366,1.5366,1.5356,1.5356,46709.8
1790929680000,1.5356,1.5359,1.5354,1.5354,81688.7
1790929740000,1.5354,1.5359,1.5352,1.5359,118490.1
1790929800000,1.5359,1.538,1.5355,1.5373,96755.8
1790929860000,1.5373,1.5385,1.5359,1.5382,82682.2
1790929920000,1.5381,1.5381,1.5345,1.5346,256170.0
1790929980000,1.5346,1.5356,1.5339,1.534,212770.1
1790930040000,1.5339,1.5356,1.5331,1.5356,114571.9
1790930100000,1.5355,1.5356,1.5343,1.5356,71384.1
1790930160000,1.5355,1.5384,1.5355,1.5373,147138.0
1790930220000,1.5373,1.5391,1.5372,1.5391,66551.7
1790930280000,1.539,1.5394,1.5384,1.5386,96458.5
1790930340000,1.5385,1.5392,1.5385,1.539,54047.7
1790930400000,1.5389,1.5408,1.5386,1.5408,203423.8
1790930460000,1.5408,1.5419,1.5406,1.5412,176501.0
1790930520000,1.5412,1.5412,1.5402,1.5402,60858.4
1790930580000,1.5401,1.5404,1.5394,1.54,106099.9
1790930640000,1.54,1.5401,1.5389,1.539,62758.1
1790930700000,1.539,1.539,1.5371,1.5377,140764.8
1790930760000,1.5377,1.5383,1.5375,1.5375,36840.1
1790930820000,1.5375,1.5377,1.5367,1.5376,57016.7
1790930880000,1.5376,1.5376,1.5356,1.5362,269530.3
1790930940000,1.5361,1.5375,1.5361,1.5374,36714.2
1790931000000,1.5374,1.5391,1.5374,1.5391,102626.9
1790931060000,1.539,1.5395,1.5375,1.5382,139021.1
1790931120000,1.5382,1.5386,1.5372,1.5374,228563.3
1790931180000,1.5374,1.5374,1.5359,1.5369,156134.9
1790931240000,1.5369,1.537,1.5357,1.5357,123404.5
1790931300000,1.5358,1.5395,1.5357,1.5395,202651.6
1790931360000,1.5395,1.5396,1.538,1.5381,78058.5
1790931420000,1.538,1.5384,1.5376,1.5377,66877.3
1790931480000,1.5377,1.5377,1.5369,1.5369,29379.6
1790931540000,1.537,1.5371,1.5361,1.5368,49538.4
1790931600000,1.5369,1.537,1.5356,1.5356,53091.7
1790931660000,1.5356,1.5356,1.5338,1.534,168888.8
1790931720000,1.5339,1.5345,1.5329,1.5342,71364.2
1790931780000,1.5341,1.5341,1.5331,1.5331,59301.3
1790931840000,1.5331,1.5346,1.5325,1.5346,57375.0
1790931900000,1.5345,1.5358,1.5342,1.5342,86972.8
1790931960000,1.5342,1.535,1.5337,1.534,178385.4
1790932020000,1.534,1.535,1.534,1.5348,73045.4
1790932080000,1.5349,1.5349,1.534,1.5344,76286.3
1790932140000,1.5344,1.536,1.5344,1.5359,46164.0
1790932200000,1.5359,1.5394,1.5359,1.5394,212182.0
1790932260000,1.5394,1.5406,1.5394,1.5395,429151.6
1790932320000,1.5396,1.54,1.5394,1.5399,115903.9
1790932380000,1.54,1.5414,1.5399,1.5409,246513.8
1790932440000,1.5409,1.541,1.5387,1.5387,103948.4
1790932500000,1.5387,1.5389,1.538,1.5388,107583.2
1790932560000,1.5388,1.5398,1.5385,1.5389,82402.8
1790932620000,1.5389,1.5407,1.5387,1.5399,126396.2
1790932680000,1.54,1.54,1.5378,1.538,64824.8
1790932740000,1.538,1.5383,1.5375,1.5379,69906.5
1790932800000,1.538,1.5382,1.5372,1.5375,38576.4
1790932860000,1.5376,1.5387,1.5374,1.5375,88944.8
1790932920000,1.5375,1.5376,1.5369,1.5371,77074.1
1790932980000,1.5372,1.5376,1.5364,1.5364,55039.1
1790933040000,1.5364,1.5364,1.536,1.536,71084.0
1790933100000,1.536,1.536,1.5354,1.5355,56474.3
1790933160000,1.5355,1.5358,1.5355,1.5356,31445.3
1790933220000,1.5356,1.5356,1.5348,1.5348,40174.9
1790933280000,1.5349,1.5355,1.5346,1.5346,131424.7
1790933340000,1.5345,1.5358,1.5344,1.5358,40117.4
1790933400000,1.5359,1.5359,1.5347,1.5358,134945.1
1790933460000,1.5358,1.538,1.535,1.5378,660175.8
1790933520000,1.5378,1.5382,1.537,1.537,135620.1
1790933580000,1.537,1.5378,1.5361,1.5361,38145.2
1790933640000,1.5361,1.5384,1.5358,1.5376,78126.3
1790933700000,1.5376,1.5376,1.536,1.5364,87846.5
1790933760000,1.5363,1.5371,1.5358,1.5359,55114.6
1790933820000,1.5359,1.5372,1.5359,1.5363,66711.3
1790933880000,1.5364,1.5375,1.5364,1.5375,48023.8
1790933940000,1.5375,1.5383,1.5375,1.5381,68645.1
1790934000000,1.5381,1.5389,1.5381,1.5388,57869.9
1790934060000,1.5389,1.5391,1.5382,1.5382,107179.6
1790934120000,1.5382,1.5383,1.5372,1.5376,183278.9
1790934180000,1.5377,1.5381,1.5366,1.5373,127047.8
1790934240000,1.5372,1.5372,1.5363,1.5365,58741.8
1790934300000,1.5366,1.5368,1.5362,1.5367,101554.4
1790934360000,1.5368,1.538,1.5359,1.5364,113163.3
1790934420000,1.5364,1.5365,1.5353,1.5356,67195.0
1790934480000,1.5356,1.5377,1.5356,1.5376,47502.4
1790934540000,1.5376,1.5391,1.5366,1.5367,119966.1
1790934600000,1.5367,1.5384,1.5363,1.5383,161605.5
1790934660000,1.5384,1.5388,1.5382,1.5386,112847.7
1790934720000,1.5386,1.54,1.5386,1.5399,87602.9
1790934780000,1.5399,1.5412,1.5399,1.5407,292289.1
1790934840000,1.5407,1.5413,1.5401,1.5401,108625.0
1790934900000,1.5402,1.5413,1.5401,1.5411,190989.8
1790934960000,1.541,1.5418,1.541,1.5415,82343.8
1790935020000,1.5415,1.5415,1.5401,1.5401,83884.7
1790935080000,1.5402,1.5402,1.5387,1.5388,88363.1
1790935140000,1.5389,1.5395,1.5389,1.539,62021.9
1790935200000,1.5389,1.54,1.5387,1.54,157042.7
1790935260000,1.5399,1.54,1.5387,1.5391,34559.1
1790935320000,1.539,1.5394,1.5386,1.539,42801.4
1790935380000,1.5389,1.5406,1.5389,1.5405,57208.9
1790935440000,1.5405,1.5412,1.5403,1.5412,96704.4
1790935500000,1.5412,1.5436,1.5411,1.5432,192748.1
1790935560000,1.5432,1.5432,1.54,1.54,62978.9
1790935620000,1.5401,1.5431,1.5401,1.5406,78870.2
1790935680000,1.5406,1.541,1.5404,1.5408,47784.0
1790935740000,1.5408,1.5409,1.5396,1.5396,122580.7
1790935800000,1.5396,1.5396,1.5384,1.5385,40648.2
1790935860000,1.5384,1.5388,1.5371,1.5371,81076.7
1790935920000,1.5371,1.5379,1.5371,1.5376,95156.4
1790935980000,1.5377,1.5377,1.5363,1.5365,96806.6
1790936040000,1.5364,1.5372,1.5364,1.5372,89319.3
1790936100000,1.5372,1.538,1.5372,1.5379,55048.2
1790936160000,1.538,1.5399,1.538,1.5395,77635.0
1790936220000,1.5395,1.5399,1.5382,1.539,58945.9
1790936280000,1.539,1.5408,1.5387,1.5391,195817.7
1790936340000,1.5391,1.5401,1.5387,1.5397,65990.4
1790936400000,1.5398,1.5405,1.5392,1.5395,74759.0
1790936460000,1.5395,1.5395,1.5382,1.539,61530.9
1790936520000,1.539,1.5403,1.5372,1.5375,117368.7
1790936580000,1.5375,1.5375,1.5365,1.5365,106307.5
1790936640000,1.5366,1.537,1.5353,1.5362,76573.1
1790936700000,1.5361,1.5372,1.5356,1.536,168475.2
1790936760000,1.536,1.5387,1.5358,1.5385,161800.4
1790936820000,1.5385,1.5402,1.5376,1.5402,137684.3
1790936880000,1.5402,1.5463,1.5398,1.5463,370219.6
1790936940000,1.5463,1.5463,1.5437,1.5437,254316.8
1790937000000,1.5437,1.5441,1.5405,1.5417,438627.8
1790937060000,1.5418,1.5439,1.5413,1.5436,161236.6
1790937120000,1.5435,1.5449,1.5429,1.5432,216848.5
1790937180000,1.5432,1.5448,1.5429,1.5435,220478.6
1790937240000,1.5436,1.5456,1.5434,1.5434,152449.9
1790937300000,1.5434,1.5464,1.5433,1.5463,85239.2
1790937360000,1.5463,1.5463,1.5455,1.546,223064.9
1790937420000,1.546,1.5463,1.5441,1.5441,94952.8
1790937480000,1.5442,1.5471,1.544,1.5469,139334.0
1790937540000,1.547,1.55,1.5466,1.55,356496.1
1790937600000,1.5499,1.55,1.5486,1.5493,303125.4
1790937660000,1.5494,1.5496,1.547,1.5483,244308.5
1790937720000,1.5483,1.5486,1.5468,1.5468,57846.8
1790937780000,1.5468,1.5473,1.5451,1.5452,113732.4
1790937840000,1.5452,1.5459,1.5446,1.5456,99983.2
1790937900000,1.5455,1.5459,1.5453,1.5453,49567.6
1790937960000,1.5452,1.5453,1.5445,1.5447,60244.5
1790938020000,1.5447,1.5447,1.5436,1.5438,43375.4
1790938080000,1.5438,1.5438,1.5425,1.5425,279724.0
1790938140000,1.5426,1.5428,1.5422,1.5423,286644.7
1790938200000,1.5423,1.5423,1.5405,1.5405,100321.3
1790938260000,1.5405,1.5406,1.5395,1.54,101051.8
1790938320000,1.54,1.54,1.5391,1.5391,48090.9
1790938380000,1.5391,1.5392,1.5385,1.5389,53508.9
1790938440000,1.5389,1.541,1.5389,1.5405,330881.7
1790938500000,1.5404,1.5415,1.5388,1.5388,79438.3
1790938560000,1.5387,1.5399,1.5387,1.5392,65578.0
1790938620000,1.5393,1.5395,1.5391,1.5394,21514.2
1790938680000,1.5395,1.5399,1.5393,1.5396,31710.8
1790938740000,1.5396,1.5397,1.539,1.539,29750.1
1790938800000,1.5391,1.5399,1.5379,1.538,62211.2
1790938860000,1.5379,1.5394,1.5372,1.5383,72526.1
1790938920000,1.5384,1.5404,1.5384,1.5397,93117.6
1790938980000,1.5396,1.5396,1.538,1.539,97684.1
1790939040000,1.539,1.5409,1.539,1.5408,98296.2
1790939100000,1.5409,1.5416,1.5405,1.5415,147368.7
1790939160000,1.5414,1.5429,1.5414,1.5426,52102.2
1790939220000,1.5425,1.5432,1.5415,1.5416,45795.9
1790939280000,1.5416,1.5425,1.5405,1.5425,87824.1
1790939340000,1.5426,1.5439,1.5426,1.5434,137043.8
1790939400000,1.5434,1.5436,1.5422,1.5426,57584.7
1790939460000,1.5426,1.5426,1.5415,1.5415,217592.6
1790939520000,1.5415,1.5415,1.5405,1.5407,62100.4
1790939580000,1.5408,1.5415,1.5404,1.5408,174260.6
1790939640000,1.5408,1.5408,1.54,1.5407,91699.4
1790939700000,1.5407,1.5421,1.5406,1.5415,106108.8
1790939760000,1.5416,1.5416,1.5394,1.5394,70321.6
1790939820000,1.5394,1.5404,1.5393,1.5403,65357.0
1790939880000,1.5403,1.5404,1.5391,1.5393,80853.2
1790939940000,1.5392,1.5398,1.5392,1.5398,54043.4
1790940000000,1.5397,1.5398,1.5391,1.5398,66907.0
1790940060000,1.5397,1.5398,1.5381,1.5381,57817.6
1790940120000,1.5382,1.5389,1.5382,1.5385,40409.3
1790940180000,1.5384,1.5387,1.5382,1.5384,29553.2
1790940240000,1.5384,1.5384,1.537,1.5376,175825.2
1790940300000,1.5376,1.5377,1.5358,1.5374,118756.7
1790940360000,1.5374,1.5374,1.5364,1.5367,150095.1
1790940420000,1.5368,1.5368,1.5356,1.5357,90760.5
1790940480000,1.5357,1.5357,1.5352,1.5355,144260.1
1790940540000,1.5355,1.5362,1.5355,1.5359,244317.8
1790940600000,1.5359,1.5362,1.5348,1.5348,163758.4
1790940660000,1.5348,1.5361,1.5346,1.5354,746641.8
1790940720000,1.5354,1.5368,1.5346,1.5366,1882734.0
1790940780000,1.5366,1.5367,1.5355,1.5358,112931.5
1790940840000,1.5358,1.5364,1.5353,1.5354,83447.5
1790940900000,1.5355,1.5363,1.5355,1.5356,50506.4
1790940960000,1.5356,1.5363,1.5355,1.5363,70329.6
1790941020000,1.5362,1.5363,1.5353,1.5355,57885.1
1790941080000,1.5354,1.5355,1.5343,1.5343,70403.6
1790941140000,1.5344,1.5346,1.5343,1.5345,60467.2
1790941200000,1.5345,1.5346,1.5332,1.5335,93817.5
1790941260000,1.5334,1.5346,1.5332,1.5338,138351.4
1790941320000,1.5338,1.5348,1.5337,1.5348,82310.2
1790941380000,1.5348,1.5353,1.5334,1.5336,58153.0
1790941440000,1.5335,1.5339,1.5328,1.5337,142964.8
1790941500000,1.5338,1.5351,1.5328,1.5349,84161.3
1790941560000,1.5348,1.5352,1.5344,1.5344,49118.6
1790941620000,1.5344,1.5344,1.5334,1.5337,32915.4
1790941680000,1.5338,1.534,1.5335,1.5336,92967.6
1790941740000,1.5336,1.5337,1.5327,1.5331,199248.1
1790941800000,1.5331,1.5331,1.5325,1.5326,88904.4
1790941860000,1.5326,1.533,1.5324,1.5327,111911.9
1790941920000,1.5327,1.5343,1.5327,1.5343,84827.4
1790941980000,1.5342,1.5345,1.5324,1.5325,133851.1
1790942040000,1.5325,1.533,1.5322,1.533,55936.5
1790942100000,1.533,1.5331,1.5302,1.5312,183627.0
1790942160000,1.5311,1.5329,1.5311,1.5328,85444.7
1790942220000,1.5329,1.5329,1.5328,1.5328,15720.3
1790942280000,1.5329,1.5333,1.5328,1.5333,46599.7
1790942340000,1.5332,1.5335,1.5319,1.5319,73984.1
1790942400000,1.5319,1.5329,1.5315,1.5325,59060.4
1790942460000,1.5324,1.5324,1.5287,1.53,270846.7
1790942520000,1.5299,1.5299,1.5272,1.5279,223662.7
1790942580000,1.5278,1.5298,1.5278,1.5284,150420.4
1790942640000,1.5284,1.5304,1.5284,1.5295,105704.4
1790942700000,1.5295,1.5311,1.5293,1.5298,113406.4
1790942760000,1.5298,1.5316,1.5297,1.5316,44646.4
1790942820000,1.5316,1.533,1.5313,1.5327,59095.4
1790942880000,1.5326,1.5334,1.5317,1.5334,109138.4
1790942940000,1.5333,1.534,1.5333,1.5336,62827.7
1790943000000,1.5336,1.5347,1.5331,1.5347,105152.2
1790943060000,1.5347,1.5349,1.5336,1.5339,75990.2
1790943120000,1.534,1.5345,1.533,1.5342,73587.1
1790943180000,1.5341,1.5342,1.5322,1.5329,85196.4
1790943240000,1.5328,1.5329,1.532,1.5325,57211.1
1790943300000,1.5324,1.5352,1.532,1.5348,88984.0
1790943360000,1.5347,1.5362,1.5347,1.5353,81936.6
1790943420000,1.5353,1.536,1.5351,1.5359,34357.4
1790943480000,1.5359,1.5365,1.5358,1.5363,74517.3
1790943540000,1.5364,1.5388,1.5359,1.538,181250.3
1790943600000,1.538,1.5389,1.5377,1.5386,53284.0
1790943660000,1.5387,1.5392,1.538,1.5386,78601.7
1790943720000,1.5386,1.5388,1.5381,1.5383,40545.8
1790943780000,1.5382,1.5382,1.5363,1.5368,107630.0
1790943840000,1.5368,1.5375,1.5348,1.5356,108842.5
1790943900000,1.5356,1.5376,1.5349,1.5375,194715.9
1790943960000,1.5374,1.5379,1.5363,1.5379,62021.3
1790944020000,1.5379,1.5386,1.5377,1.5385,78966.4
1790944080000,1.5386,1.5386,1.5373,1.5384,118490.4
1790944140000,1.5385,1.5405,1.5385,1.5389,154779.4
1790944200000,1.5389,1.5491,1.537,1.5476,1970977.5
1790944260000,1.5475,1.555,1.5445,1.5454,1329379.0
1790944320000,1.5455,1.55,1.5445,1.5488,608192.1
1790944380000,1.5487,1.5487,1.5429,1.5451,243126.9
1790944440000,1.5452,1.5468,1.5424,1.5454,266607.7
1790944500000,1.5453,1.5459,1.5438,1.5451,254927.5
1790944560000,1.545,1.5479,1.5433,1.5474,292608.0
1790944620000,1.5474,1.5483,1.546,1.5477,310474.3
1790944680000,1.5476,1.5482,1.5461,1.547,207332.9
1790944740000,1.5469,1.5475,1.5456,1.5459,179145.5
1790944800000,1.5459,1.5461,1.5433,1.5445,163578.3
1790944860000,1.5445,1.5446,1.5391,1.5407,181782.0
1790944920000,1.5407,1.5424,1.5387,1.5409,227162.6
1790944980000,1.5408,1.541,1.5367,1.5374,185926.8
1790945040000,1.5375,1.5398,1.5367,1.5373,202571.5
1790945100000,1.5372,1.5397,1.5364,1.5396,137565.7
1790945160000,1.5395,1.5443,1.5395,1.5435,185646.3
1790945220000,1.5435,1.545,1.542,1.5448,147704.5
1790945280000,1.5448,1.5449,1.5423,1.5425,90451.3
1790945340000,1.5425,1.5441,1.5419,1.5423,101795.7
1790945400000,1.5423,1.5449,1.5412,1.5431,128185.5
1790945460000,1.5432,1.5434,1.5416,1.5422,103536.6
1790945520000,1.5422,1.5448,1.5422,1.5436,80642.3
1790945580000,1.5436,1.5441,1.5427,1.5429,82356.4
1790945640000,1.543,1.5442,1.5428,1.5442,87777.5
1790945700000,1.5441,1.5457,1.5441,1.5454,258886.2
1790945760000,1.5454,1.5468,1.5453,1.5455,268899.5
1790945820000,1.5456,1.5456,1.5438,1.5442,128884.8
1790945880000,1.5442,1.5442,1.5427,1.5428,131016.4
1790945940000,1.5428,1.5428,1.5417,1.5421,123640.3
1790946000000,1.5421,1.5423,1.5406,1.5418,157841.5
1790946060000,1.5419,1.5445,1.5419,1.5429,183243.3
1790946120000,1.5429,1.5439,1.542,1.5426,202274.0
1790946180000,1.5426,1.545,1.5422,1.545,125304.2
1790946240000,1.5449,1.5456,1.5449,1.5451,210709.9
1790946300000,1.5451,1.5457,1.5425,1.5428,211315.7
1790946360000,1.5427,1.5442,1.5422,1.5423,163812.2
1790946420000,1.5423,1.543,1.5418,1.5429,155155.3
1790946480000,1.5429,1.5439,1.5426,1.5427,107322.5
1790946540000,1.5428,1.5434,1.5422,1.5428,119748.6
1790946600000,1.5428,1.5437,1.5428,1.5432,72118.5
1790946660000,1.5432,1.5432,1.5401,1.5406,155261.5
1790946720000,1.5406,1.541,1.54,1.5408,96601.4
1790946780000,1.5408,1.5408,1.5401,1.5403,61910.3
1790946840000,1.5403,1.5411,1.5393,1.5393,74668.0
1790946900000,1.5393,1.5399,1.5379,1.5399,107180.1
1790946960000,1.54,1.5414,1.54,1.541,77343.6
1790947020000,1.5409,1.541,1.5379,1.5384,182363.9
1790947080000,1.5385,1.5392,1.5376,1.5377,82920.6
1790947140000,1.5376,1.5392,1.5374,1.5384,149297.7
1790947200000,1.5383,1.5386,1.5375,1.5386,138001.3
1790947260000,1.5386,1.5392,1.5379,1.5379,103475.5
1790947320000,1.538,1.5395,1.5374,1.5392,87821.8
1790947380000,1.5392,1.5392,1.5382,1.5391,54108.5
1790947440000,1.539,1.539,1.5378,1.5387,82556.9
1790947500000,1.5387,1.54,1.538,1.5395,91087.0
1790947560000,1.5395,1.5403,1.5381,1.5383,91391.7
1790947620000,1.5384,1.5385,1.5364,1.538,193693.3
1790947680000,1.538,1.5394,1.538,1.5386,68738.8
1790947740000,1.5386,1.5386,1.5375,1.5375,102944.5
1790947800000,1.5375,1.5393,1.5369,1.5392,132029.1
1790947860000,1.5393,1.5424,1.5387,1.5422,166019.0
1790947920000,1.5421,1.5439,1.542,1.5432,147772.2
1790947980000,1.5431,1.5446,1.543,1.544,170905.1
1790948040000,1.5441,1.5454,1.5431,1.5449,212361.4
1790948100000,1.5449,1.5476,1.5449,1.5465,328717.2
1790948160000,1.5465,1.548,1.5458,1.548,198773.9
1790948220000,1.548,1.5501,1.5477,1.5479,311679.0
1790948280000,1.5479,1.5494,1.5453,1.5468,179893.1
1790948340000,1.5468,1.5485,1.5462,1.5476,224404.2
1790948400000,1.5475,1.5481,1.5461,1.5462,101808.2
1790948460000,1.5462,1.5463,1.5432,1.5439,113421.1
1790948520000,1.544,1.544,1.5416,1.5418,182116.5
1790948580000,1.5417,1.5439,1.5415,1.5419,144550.6
1790948640000,1.5418,1.5418,1.5394,1.5405,223871.7
1790948700000,1.5405,1.5421,1.5395,1.5417,155649.3
1790948760000,1.5417,1.542,1.5395,1.5395,142208.7
1790948820000,1.5395,1.5398,1.5381,1.5383,125149.1
1790948880000,1.5384,1.5386,1.5331,1.5353,422711.4
1790948940000,1.5353,1.5364,1.5346,1.5346,263994.0
1790949000000,1.5345,1.535,1.5321,1.5328,443761.2
1790949060000,1.5328,1.5328,1.5291,1.5305,571498.0
1790949120000,1.5306,1.5339,1.5305,1.5338,291300.8
1790949180000,1.5338,1.5366,1.5323,1.5366,254267.6
1790949240000,1.5365,1.5369,1.5342,1.5342,173196.7
1790949300000,1.5343,1.5361,1.5325,1.5348,261343.8
1790949360000,1.5349,1.5369,1.5316,1.5316,130688.8
1790949420000,1.5317,1.5334,1.5293,1.5315,317665.6
1790949480000,1.5316,1.5339,1.5314,1.5338,150471.7
1790949540000,1.5338,1.5338,1.5311,1.5318,303708.1
1790949600000,1.5319,1.5322,1.5301,1.5319,200071.7
1790949660000,1.5319,1.5333,1.5301,1.5333,200600.4
1790949720000,1.5333,1.535,1.5327,1.5344,151510.7
1790949780000,1.5344,1.5347,1.5325,1.5337,94901.2
1790949840000,1.5336,1.5365,1.5335,1.5365,51488.0
1790949900000,1.5365,1.5378,1.5347,1.5347,128532.9
1790949960000,1.5347,1.5351,1.5324,1.5327,612483.3
1790950020000,1.5327,1.5327,1.5277,1.5278,444969.7
1790950080000,1.5278,1.5286,1.5261,1.5275,303457.7
1790950140000,1.5275,1.5303,1.5274,1.528,255004.5
1790950200000,1.5279,1.53,1.5269,1.5277,159826.6
1790950260000,1.5277,1.5285,1.5256,1.527,190834.7
1790950320000,1.5269,1.5294,1.5265,1.5288,113961.2
1790950380000,1.5287,1.5302,1.5285,1.5297,120120.3
1790950440000,1.5297,1.5297,1.5278,1.5285,59374.4
1790950500000,1.5285,1.529,1.5253,1.526,224141.8
1790950560000,1.526,1.5281,1.5252,1.5279,243123.9
1790950620000,1.5279,1.5298,1.5278,1.5294,163745.2
1790950680000,1.5293,1.5316,1.5293,1.5296,148907.0
1790950740000,1.5296,1.5315,1.5293,1.5314,453666.6
1790950800000,1.5313,1.533,1.5304,1.5329,111931.8
1790950860000,1.533,1.5352,1.5324,1.5349,105178.0
1790950920000,1.5348,1.5349,1.5319,1.5331,254423.5
1790950980000,1.533,1.5335,1.5322,1.533,57259.0
1790951040000,1.533,1.5342,1.5329,1.5329,145690.8
1790951100000,1.533,1.5335,1.5296,1.5296,97317.4
1790951160000,1.5297,1.5311,1.5287,1.5301,149139.8
1790951220000,1.53,1.531,1.527,1.5273,114980.7
1790951280000,1.5274,1.5296,1.5273,1.529,117882.8
1790951340000,1.5289,1.5289,1.5259,1.5259,67228.2
1790951400000,1.526,1.5262,1.5236,1.526,204185.4
1790951460000,1.5259,1.5278,1.5251,1.5257,112954.7
1790951520000,1.5256,1.5285,1.5252,1.5272,106388.2
1790951580000,1.5272,1.5273,1.5234,1.525,242120.3
1790951640000,1.525,1.525,1.5211,1.524,396286.6
1790951700000,1.524,1.5277,1.5235,1.5272,216119.3
1790951760000,1.5273,1.5277,1.5245,1.5265,158951.4
1790951820000,1.5266,1.5267,1.5229,1.5231,123379.7
1790951880000,1.5232,1.526,1.5231,1.525,180793.4
1790951940000,1.5251,1.5256,1.5245,1.5256,104224.1
1790952000000,1.5256,1.5256,1.524,1.5246,218491.4
1790952060000,1.5245,1.5264,1.5233,1.5264,146710.0
1790952120000,1.5264,1.5277,1.5264,1.527,118805.8
1790952180000,1.527,1.5275,1.5263,1.5264,43014.1
1790952240000,1.5263,1.5272,1.5247,1.527,96373.7
1790952300000,1.527,1.5273,1.5254,1.5259,121264.3
1790952360000,1.5259,1.5285,1.5259,1.5282,105595.5
1790952420000,1.5282,1.5293,1.5276,1.5288,109917.9
1790952480000,1.5288,1.5289,1.5277,1.5285,87210.9
1790952540000,1.5284,1.5285,1.527,1.5273,96070.8
1790952600000,1.5273,1.5273,1.5257,1.526,124809.0
1790952660000,1.526,1.526,1.5234,1.5242,151247.8
1790952720000,1.5243,1.5243,1.5216,1.524,122856.2
1790952780000,1.524,1.5245,1.5205,1.5206,285616.2
1790952840000,1.5206,1.5207,1.5123,1.5129,898444.6
1790952900000,1.5128,1.5131,1.5056,1.5117,1656028.8
1790952960000,1.5116,1.5143,1.51,1.5141,419482.7
1790953020000,1.514,1.5144,1.513,1.5135,142859.0
1790953080000,1.5136,1.5139,1.512,1.5128,164725.2
1790953140000,1.5128,1.5134,1.5123,1.5132,128178.2
1790953200000,1.5132,1.5145,1.5131,1.5131,228228.5
1790953260000,1.5131,1.5147,1.5125,1.5145,191702.4
1790953320000,1.5144,1.5146,1.5108,1.5109,209725.9
1790953380000,1.5108,1.5122,1.5094,1.5105,168484.6
1790953440000,1.5106,1.511,1.5087,1.5092,268989.9
1790953500000,1.5092,1.51,1.5053,1.5064,476669.2
1790953560000,1.5064,1.5065,1.5037,1.5064,399110.6
1790953620000,1.5065,1.5072,1.5036,1.5039,276172.3
1790953680000,1.504,1.5079,1.5037,1.5072,192376.4
1790953740000,1.5072,1.5087,1.506,1.5084,186508.1
1790953800000,1.5084,1.5125,1.5084,1.5118,330718.7
1790953860000,1.5119,1.5123,1.5101,1.5118,104769.6
1790953920000,1.5118,1.5127,1.5099,1.5103,168612.2
1790953980000,1.5103,1.5124,1.5099,1.5124,147899.5
1790954040000,1.5123,1.5135,1.5123,1.5133,72585.3
1790954100000,1.5133,1.515,1.5123,1.5125,223520.8
1790954160000,1.5125,1.5125,1.5097,1.5098,130841.2
1790954220000,1.5099,1.5122,1.5098,1.5112,231700.0
1790954280000,1.5112,1.5137,1.5112,1.5136,75641.0
1790954340000,1.5137,1.5146,1.5114,1.5123,173454.6
1790954400000,1.5124,1.513,1.5109,1.511,107855.8
1790954460000,1.511,1.5123,1.5108,1.5115,87858.9
1790954520000,1.5116,1.5124,1.51,1.5101,86374.3
1790954580000,1.51,1.5107,1.5093,1.5102,78250.9
1790954640000,1.5103,1.5106,1.5072,1.5077,155651.7
1790954700000,1.5078,1.5088,1.5068,1.5085,105539.4
1790954760000,1.5084,1.5115,1.5082,1.5113,114928.6
1790954820000,1.5112,1.5127,1.5111,1.512,263837.6
1790954880000,1.5119,1.5129,1.5119,1.5122,64759.5
1790954940000,1.5122,1.5122,1.51,1.5118,73113.3
1790955000000,1.5117,1.5129,1.5097,1.5104,113476.6
1790955060000,1.5104,1.5117,1.509,1.5091,53463.6
1790955120000,1.509,1.5098,1.5073,1.5084,145500.5
1790955180000,1.5083,1.5104,1.5076,1.5102,99563.1
1790955240000,1.5101,1.5107,1.5077,1.5081,60357.6
1790955300000,1.5081,1.5095,1.5072,1.5088,65190.1
1790955360000,1.5088,1.509,1.5072,1.5078,104056.9
1790955420000,1.5078,1.5091,1.5062,1.5067,132047.1
1790955480000,1.5068,1.5073,1.506,1.5071,67790.8
1790955540000,1.5071,1.5072,1.5057,1.5067,109834.2
1790955600000,1.5066,1.5066,1.5046,1.5049,126675.3
1790955660000,1.5048,1.506,1.5041,1.5057,52209.3
1790955720000,1.5056,1.5088,1.5054,1.5087,104887.0
1790955780000,1.5088,1.5093,1.5055,1.5055,78319.1
1790955840000,1.5055,1.506,1.5054,1.5059,57893.0
1790955900000,1.506,1.5063,1.5038,1.5042,93697.8
1790955960000,1.5042,1.5046,1.5029,1.5044,81169.8
1790956020000,1.5045,1.5059,1.504,1.5048,88853.3
1790956080000,1.5048,1.5071,1.5047,1.5052,120401.0
1790956140000,1.5052,1.5064,1.5051,1.5064,58502.7
1790956200000,1.5065,1.5072,1.505,1.5067,132152.4
1790956260000,1.5068,1.508,1.5063,1.5067,232317.0
1790956320000,1.5067,1.5071,1.5048,1.505,92587.3
1790956380000,1.5051,1.5053,1.5041,1.5042,99656.5
1790956440000,1.5042,1.5058,1.503,1.5034,90731.2
1790956500000,1.5033,1.5038,1.5015,1.5038,285363.0
1790956560000,1.5038,1.5065,1.5038,1.5061,132810.3
1790956620000,1.506,1.5068,1.506,1.5064,100779.8
1790956680000,1.5064,1.5069,1.506,1.5062,23072.1
1790956740000,1.5061,1.5072,1.506,1.5069,42360.6
1790956800000,1.5068,1.5074,1.506,1.507,116760.3
1790956860000,1.507,1.5099,1.5069,1.5099,295961.5
1790956920000,1.51,1.5106,1.5085,1.5101,194854.0
1790956980000,1.5101,1.5101,1.5092,1.5096,73799.4
1790957040000,1.5096,1.51,1.5087,1.51,61133.8
1790957100000,1.51,1.5106,1.5081,1.5081,138892.4
1790957160000,1.5081,1.5092,1.5073,1.5075,99982.9
1790957220000,1.5075,1.5088,1.5068,1.5068,136676.8
1790957280000,1.5068,1.5081,1.506,1.5073,66325.3
1790957340000,1.5072,1.5075,1.5062,1.5067,65787.2
1790957400000,1.5068,1.5074,1.505,1.505,74109.2
1790957460000,1.5051,1.5056,1.5039,1.5039,91132.6
1790957520000,1.504,1.5045,1.5033,1.5038,57237.1
1790957580000,1.5037,1.5061,1.5035,1.5049,70829.3
1790957640000,1.505,1.5062,1.5047,1.506,46348.0
1790957700000,1.5059,1.5074,1.5057,1.5067,92849.8
1790957760000,1.5066,1.5082,1.5063,1.5082,34020.0
1790957820000,1.5082,1.5091,1.5078,1.5083,47961.1
1790957880000,1.5083,1.5099,1.508,1.5089,60725.5
1790957940000,1.5089,1.5105,1.5089,1.5101,101385.8
1790958000000,1.5102,1.5102,1.5087,1.5094,52405.2
1790958060000,1.5093,1.5103,1.5091,1.5099,34711.8
1790958120000,1.5099,1.51,1.5078,1.5078,105752.1
1790958180000,1.5077,1.5077,1.5054,1.5056,65403.6
1790958240000,1.5057,1.5059,1.5031,1.5038,376189.2
1790958300000,1.5038,1.506,1.5038,1.5046,172420.3
1790958360000,1.5045,1.505,1.503,1.5036,226465.9
1790958420000,1.5036,1.5057,1.5031,1.5053,84237.1
1790958480000,1.5053,1.5053,1.5042,1.5042,43741.9
1790958540000,1.5042,1.5042,1.503,1.5035,55504.6
1790958600000,1.5036,1.505,1.5035,1.5043,142447.2
1790958660000,1.5042,1.5042,1.5028,1.5032,39321.3
1790958720000,1.5033,1.5042,1.5027,1.5034,59706.4
1790958780000,1.5035,1.5046,1.5035,1.5041,61245.4
1790958840000,1.504,1.5052,1.5036,1.5037,73300.6
1790958900000,1.5038,1.5048,1.5031,1.5033,32522.2
1790958960000,1.5033,1.5046,1.5032,1.5044,52896.4
1790959020000,1.5043,1.5046,1.5031,1.5031,89313.5
1790959080000,1.5032,1.504,1.5019,1.5025,207375.0
1790959140000,1.5025,1.5027,1.5016,1.5018,65031.5
1790959200000,1.5019,1.5023,1.5011,1.5011,95166.9
1790959260000,1.501,1.5015,1.4988,1.4992,593818.1
1790959320000,1.4992,1.4997,1.4986,1.4997,136699.5
1790959380000,1.4997,1.5017,1.4997,1.5015,165241.9
1790959440000,1.5015,1.5039,1.5015,1.5039,73067.6
1790959500000,1.504,1.506,1.5039,1.5058,81762.4
1790959560000,1.5058,1.5062,1.5052,1.5052,85795.5
1790959620000,1.5053,1.5063,1.5043,1.5043,153791.3
1790959680000,1.5044,1.5048,1.5032,1.5036,31354.5
1790959740000,1.5035,1.504,1.5032,1.5036,47273.4
1790959800000,1.5036,1.5037,1.5026,1.5033,83175.9
1790959860000,1.5033,1.5051,1.5024,1.5029,107670.3
1790959920000,1.503,1.5032,1.5016,1.5016,44590.5
1790959980000,1.5016,1.5025,1.5013,1.5018,44080.8
1790960040000,1.5019,1.5025,1.5009,1.501,17215.7
1790960100000,1.5009,1.5017,1.5005,1.5005,34072.5
1790960160000,1.5005,1.501,1.4996,1.501,35276.1
1790960220000,1.501,1.5026,1.5009,1.5021,89522.1
1790960280000,1.5021,1.5033,1.5021,1.5027,15578.4
1790960340000,1.5027,1.5035,1.5025,1.5034,36170.9
1790960400000,1.5033,1.5044,1.5031,1.5042,13748.4
1790960460000,1.5042,1.5054,1.5041,1.5054,40803.1
1790960520000,1.5053,1.5054,1.5052,1.5053,6312.9
1790960580000,1.5053,1.5053,1.5047,1.5048,41181.3
1790960640000,1.5048,1.5048,1.503,1.5031,49360.6
1790960700000,1.503,1.5043,1.5027,1.5033,45830.7
1790960760000,1.5034,1.5037,1.5016,1.5017,38086.0
1790960820000,1.5017,1.5018,1.5006,1.5007,89382.1
1790960880000,1.5007,1.5021,1.5007,1.5008,31809.2
1790960940000,1.5008,1.5009,1.5,1.5007,48925.7
1790961000000,1.5007,1.501,1.5003,1.5008,11667.1
1790961060000,1.5007,1.5008,1.4998,1.5002,48382.7
1790961120000,1.5001,1.5012,1.4996,1.501,37323.3
1790961180000,1.5011,1.5012,1.4988,1.4993,94508.0
1790961240000,1.4993,1.4996,1.4971,1.4981,331898.8
1790961300000,1.4982,1.4985,1.495,1.4952,397200.1
1790961360000,1.4952,1.4986,1.4951,1.4986,279536.9
1790961420000,1.4985,1.499,1.4977,1.4986,153386.3
1790961480000,1.4986,1.5005,1.4986,1.5002,16622.2
1790961540000,1.5002,1.5019,1.5001,1.5019,25555.0
1790961600000,1.5018,1.5019,1.4999,1.5006,50607.6
1790961660000,1.5007,1.5007,1.4987,1.5,83733.4
1790961720000,1.4999,1.5014,1.4999,1.5006,77742.3
1790961780000,1.5005,1.5008,1.4997,1.4997,53360.3
1790961840000,1.4996,1.4997,1.4969,1.4982,263116.4
1790961900000,1.4983,1.499,1.4972,1.4987,196133.7
1790961960000,1.4986,1.4995,1.498,1.4985,140112.1
1790962020000,1.4986,1.4986,1.4976,1.4982,118325.0
1790962080000,1.4981,1.4983,1.4978,1.4979,48982.1
1790962140000,1.4979,1.4987,1.4978,1.4981,52993.2
1790962200000,1.4982,1.4997,1.498,1.4987,100210.3
1790962260000,1.4986,1.5,1.4984,1.4986,92590.9
1790962320000,1.4986,1.4991,1.4972,1.4991,69591.8
1790962380000,1.4991,1.4999,1.4989,1.4997,45188.6
1790962440000,1.4996,1.5005,1.4996,1.5001,57366.6
1790962500000,1.5002,1.5002,1.4991,1.4998,112087.4
1790962560000,1.4997,1.5004,1.4983,1.4984,165086.2
1790962620000,1.4984,1.4989,1.4971,1.4971,34098.8
1790962680000,1.4971,1.4984,1.4963,1.4971,138540.9
1790962740000,1.4971,1.4971,1.495,1.4958,244442.5
1790962800000,1.4958,1.4966,1.4953,1.4955,150369.3
1790962860000,1.4956,1.496,1.4946,1.4953,263116.1
1790962920000,1.4953,1.4953,1.4941,1.4943,103059.5
1790962980000,1.4943,1.4943,1.4925,1.4941,476670.3
1790963040000,1.4942,1.4952,1.494,1.4949,120449.1
1790963100000,1.4948,1.4957,1.4934,1.4936,101179.2
1790963160000,1.4936,1.4942,1.4928,1.4942,115983.4
1790963220000,1.4943,1.4952,1.4942,1.4951,65625.3
1790963280000,1.4951,1.4961,1.4949,1.4961,44330.7
1790963340000,1.496,1.4977,1.496,1.4977,78104.7
1790963400000,1.4976,1.4991,1.4957,1.4974,170728.4
1790963460000,1.4975,1.4986,1.4969,1.4985,78850.1
1790963520000,1.4986,1.5026,1.4985,1.4997,618333.1
1790963580000,1.4997,1.4999,1.4982,1.4985,72891.0
1790963640000,1.4985,1.4989,1.4982,1.4989,50754.4
1790963700000,1.4989,1.4989,1.4981,1.4981,19345.2
1790963760000,1.4981,1.4983,1.498,1.4981,47271.5
1790963820000,1.498,1.4983,1.4975,1.4976,51965.8
1790963880000,1.4975,1.4975,1.497,1.4974,79321.2
1790963940000,1.4973,1.4989,1.4973,1.4979,44755.6
1790964000000,1.4978,1.5007,1.4976,1.4999,141780.6
1790964060000,1.4998,1.5002,1.4988,1.4991,56090.8
1790964120000,1.499,1.4993,1.4987,1.4991,39656.5
1790964180000,1.499,1.499,1.4981,1.4981,43160.3
1790964240000,1.4981,1.499,1.4977,1.4982,127491.5
1790964300000,1.4982,1.4982,1.4966,1.4966,53258.2
1790964360000,1.4967,1.4967,1.4954,1.4964,113724.3
1790964420000,1.4963,1.4968,1.4958,1.4965,170517.2
1790964480000,1.4966,1.4966,1.4956,1.4957,38555.9
1790964540000,1.4958,1.4958,1.4945,1.4946,90461.9
1790964600000,1.4946,1.4952,1.4946,1.4952,46714.6
1790964660000,1.4952,1.4966,1.4952,1.4964,104793.4
1790964720000,1.4964,1.497,1.4958,1.4958,39489.1
1790964780000,1.4959,1.4973,1.4958,1.497,72641.9
1790964840000,1.497,1.4988,1.4969,1.4984,61650.2
1790964900000,1.4984,1.4984,1.4977,1.4977,85066.4
1790964960000,1.4978,1.4981,1.4937,1.4938,194713.0
1790965020000,1.4937,1.4946,1.4926,1.494,220700.5
1790965080000,1.494,1.4945,1.4922,1.4924,154209.0
1790965140000,1.4924,1.4927,1.492,1.4921,108386.4
1790965200000,1.492,1.4926,1.4911,1.4915,68599.8
1790965260000,1.4915,1.4917,1.4905,1.4906,257039.2
1790965320000,1.4906,1.4906,1.49,1.4901,225255.3
1790965380000,1.49,1.4905,1.4894,1.4895,454196.5
1790965440000,1.4895,1.4897,1.4885,1.4897,452792.7
1790965500000,1.4896,1.4899,1.4884,1.4885,188940.7
1790965560000,1.4885,1.4886,1.4872,1.4873,440272.3
1790965620000,1.4873,1.4873,1.4865,1.487,227032.6
1790965680000,1.487,1.4888,1.487,1.4884,95011.6
1790965740000,1.4883,1.489,1.4876,1.4877,63176.0
1790965800000,1.4878,1.4883,1.486,1.4861,624341.5
1790965860000,1.4861,1.4862,1.4832,1.4839,1227713.5
1790965920000,1.4839,1.4845,1.4824,1.4833,345911.7
1790965980000,1.4833,1.4833,1.4802,1.4823,484576.3
1790966040000,1.4823,1.4826,1.4811,1.4818,206559.0
1790966100000,1.4818,1.482,1.479,1.4812,1116839.2
1790966160000,1.4812,1.482,1.4801,1.4815,484267.5
1790966220000,1.4815,1.4826,1.4788,1.4803,582644.2
1790966280000,1.4803,1.4803,1.478,1.478,419483.3
1790966340000,1.478,1.4781,1.4458,1.4471,8145847.6
1790966400000,1.4471,1.4677,1.4467,1.466,4408908.6
1790966460000,1.4659,1.4686,1.4576,1.4615,708648.5
1790966520000,1.4614,1.4635,1.4569,1.4632,899516.0
1790966580000,1.4632,1.4651,1.4563,1.4565,3415072.7
1790966640000,1.4564,1.4609,1.4539,1.4602,1392335.5
1790966700000,1.4601,1.4607,1.458,1.4585,704125.8
1790966760000,1.4584,1.4613,1.4572,1.4595,912547.3
1790966820000,1.4595,1.4595,1.448,1.4517,1174711.7
1790966880000,1.4516,1.4542,1.4515,1.4526,632087.1
1790966940000,1.4527,1.4549,1.4521,1.4523,869679.5
1790967000000,1.4522,1.454,1.4516,1.4529,614142.3
1790967060000,1.4529,1.4604,1.452,1.4601,513394.6
1790967120000,1.46,1.4629,1.4599,1.4609,552676.1
1790967180000,1.4609,1.4622,1.4594,1.4611,459994.6
1790967240000,1.4611,1.4632,1.4607,1.4632,375779.6
1790967300000,1.4632,1.4632,1.4608,1.4617,270739.3
1790967360000,1.4616,1.4621,1.4602,1.4611,263723.1
1790967420000,1.461,1.4636,1.4604,1.4625,228651.1
1790967480000,1.4624,1.4648,1.4613,1.4643,213792.6
1790967540000,1.4642,1.465,1.464,1.4643,166161.2
1790967600000,1.4643,1.4663,1.4638,1.4663,241581.7
1790967660000,1.4663,1.4685,1.4663,1.4683,209842.7
1790967720000,1.4683,1.4684,1.4659,1.4676,421247.6
1790967780000,1.4675,1.4682,1.4661,1.4672,204759.6
1790967840000,1.4671,1.4683,1.4668,1.4681,221398.7
1790967900000,1.4682,1.4697,1.4682,1.469,275896.8
1790967960000,1.4689,1.4703,1.4689,1.4699,382921.3
1790968020000,1.4699,1.4705,1.4684,1.4698,441517.5
1790968080000,1.4699,1.4699,1.4678,1.468,258862.1
1790968140000,1.468,1.468,1.4658,1.4668,419607.7
1790968200000,1.4668,1.4671,1.4654,1.4661,270852.3
1790968260000,1.4661,1.4681,1.4657,1.4667,255188.0
1790968320000,1.4667,1.4667,1.4649,1.4649,374839.0
1790968380000,1.465,1.4663,1.4634,1.4662,224242.3
1790968440000,1.4663,1.4663,1.4635,1.4652,156697.6
1790968500000,1.4652,1.4681,1.4649,1.4667,289483.0
1790968560000,1.4667,1.4667,1.4627,1.4645,339558.7
1790968620000,1.4646,1.4678,1.4631,1.4639,300178.6
1790968680000,1.4639,1.4668,1.4627,1.4667,239808.5
1790968740000,1.4666,1.4666,1.4652,1.4652,150250.2
1790968800000,1.4652,1.4659,1.4635,1.4636,280583.1
1790968860000,1.4636,1.4665,1.4626,1.4655,255999.4
1790968920000,1.4654,1.4662,1.465,1.4656,162819.0
1790968980000,1.4656,1.4662,1.464,1.4653,264084.1
1790969040000,1.4653,1.4691,1.4653,1.4686,149937.1
1790969100000,1.4685,1.4692,1.4658,1.4661,225054.6
1790969160000,1.4661,1.4683,1.4661,1.4674,139751.3
1790969220000,1.4674,1.4688,1.4672,1.468,121009.1
1790969280000,1.4681,1.469,1.4677,1.469,97428.5
1790969340000,1.469,1.469,1.4672,1.4679,147071.6
1790969400000,1.468,1.4712,1.4679,1.4706,191803.2
1790969460000,1.4705,1.4709,1.4702,1.4708,69750.3
1790969520000,1.4708,1.471,1.4699,1.4703,175664.1
1790969580000,1.4703,1.4703,1.4691,1.4698,100672.0
1790969640000,1.4697,1.4711,1.4681,1.4711,153742.3
1790969700000,1.4711,1.472,1.4709,1.4718,82114.2
1790969760000,1.4718,1.472,1.471,1.4711,148510.7
1790969820000,1.4712,1.4721,1.471,1.471,130206.5
1790969880000,1.471,1.4719,1.471,1.471,106233.4
1790969940000,1.4711,1.4717,1.471,1.4712,70373.0
1790970000000,1.4713,1.4717,1.471,1.4713,41413.1
1790970060000,1.4713,1.4719,1.4713,1.4719,59220.2
1790970120000,1.4719,1.4726,1.471,1.4714,480812.1
1790970180000,1.4714,1.472,1.4714,1.4716,47746.7
1790970240000,1.4717,1.4727,1.4716,1.4725,100311.0
1790970300000,1.4726,1.4736,1.4718,1.4722,113648.7
1790970360000,1.4722,1.4732,1.4715,1.4732,108953.3
1790970420000,1.4731,1.4735,1.4706,1.4708,142602.3
1790970480000,1.4708,1.4708,1.4697,1.4699,143951.1
1790970540000,1.4699,1.4712,1.4693,1.4699,189203.7
1790970600000,1.4698,1.4702,1.468,1.4687,70216.3
1790970660000,1.4688,1.471,1.4686,1.4702,127796.6
1790970720000,1.4702,1.4703,1.4692,1.47,66820.7
1790970780000,1.47,1.4704,1.4696,1.4697,41838.6
1790970840000,1.4697,1.4703,1.4695,1.4698,162750.0
1790970900000,1.4699,1.4713,1.4699,1.4709,123674.9
1790970960000,1.4709,1.471,1.4698,1.4699,34330.7
1790971020000,1.4698,1.4699,1.469,1.4695,80320.2
1790971080000,1.4696,1.4713,1.4695,1.4698,163026.2
1790971140000,1.4698,1.4711,1.4684,1.47,412213.1
1790971200000,1.47,1.4729,1.47,1.4727,140299.0
1790971260000,1.4727,1.4739,1.4719,1.4737,146875.3
1790971320000,1.4738,1.4739,1.472,1.4723,147773.1
1790971380000,1.4721,1.4726,1.4714,1.4722,230853.4
1790971440000,1.4722,1.4726,1.4714,1.4725,68626.2
1790971500000,1.4726,1.4733,1.472,1.4733,93476.8
1790971560000,1.4733,1.4739,1.4723,1.4727,208978.8
1790971620000,1.4726,1.4731,1.4721,1.4731,130879.5
1790971680000,1.473,1.4735,1.472,1.473,101283.4
1790971740000,1.473,1.473,1.4717,1.472,132891.5
1790971800000,1.4719,1.4737,1.4719,1.4737,94327.1
1790971860000,1.4738,1.4755,1.4737,1.4749,121757.6
1790971920000,1.4748,1.4756,1.4735,1.4737,128303.4
1790971980000,1.4736,1.4744,1.4729,1.4736,80920.6
1790972040000,1.4736,1.4741,1.4731,1.4735,196933.0
1790972100000,1.4734,1.4741,1.4731,1.4736,48495.2
1790972160000,1.4735,1.4736,1.4724,1.4729,88082.4
1790972220000,1.4728,1.4734,1.4726,1.4727,26576.1
1790972280000,1.4727,1.4738,1.472,1.473,131833.1
1790972340000,1.473,1.4745,1.4726,1.4727,79623.4
1790972400000,1.4726,1.4734,1.4725,1.4733,60623.9
1790972460000,1.4734,1.4734,1.4726,1.4732,29512.4
1790972520000,1.4731,1.4742,1.4728,1.4741,35902.4
1790972580000,1.4741,1.4754,1.4738,1.4754,91608.4
1790972640000,1.4753,1.4756,1.4743,1.4755,110887.0
1790972700000,1.4755,1.4756,1.4747,1.4749,81898.0
1790972760000,1.4748,1.4759,1.4748,1.4752,65254.1
1790972820000,1.4752,1.478,1.474,1.4746,445981.9
1790972880000,1.4746,1.4746,1.4736,1.474,64536.7
1790972940000,1.4741,1.475,1.474,1.4749,32421.5
1790973000000,1.4749,1.4749,1.4742,1.4747,42781.2
1790973060000,1.4748,1.4753,1.4745,1.4752,45517.9
1790973120000,1.4753,1.4763,1.4753,1.4762,65378.4
1790973180000,1.4763,1.4768,1.4762,1.4766,62768.6
1790973240000,1.4766,1.4768,1.4758,1.4758,29717.0
1790973300000,1.4759,1.4759,1.4752,1.4753,137839.0
1790973360000,1.4753,1.4758,1.4753,1.4755,38628.0
1790973420000,1.4755,1.4756,1.4752,1.4756,32354.1
1790973480000,1.4755,1.476,1.4751,1.476,68232.8
1790973540000,1.476,1.4761,1.4751,1.4751,144680.4
1790973600000,1.4751,1.4751,1.4736,1.4743,311239.1
1790973660000,1.4743,1.4743,1.4724,1.4725,311900.5
1790973720000,1.4726,1.4728,1.4717,1.4719,217255.2
1790973780000,1.4719,1.4727,1.4717,1.4725,218914.3
1790973840000,1.4726,1.4726,1.4715,1.4721,188942.9
1790973900000,1.4721,1.4727,1.4715,1.4726,181091.0
1790973960000,1.4726,1.4735,1.4715,1.4733,216276.8
1790974020000,1.4733,1.4734,1.472,1.4727,172782.1
1790974080000,1.4728,1.4728,1.4718,1.4721,106809.3
1790974140000,1.472,1.4722,1.472,1.4721,17575.3
1790974200000,1.472,1.4738,1.472,1.4737,58943.0
1790974260000,1.4738,1.4747,1.4731,1.4747,46849.3
1790974320000,1.4746,1.4752,1.4743,1.4752,73128.5
1790974380000,1.4752,1.4752,1.4734,1.474,148705.1
1790974440000,1.474,1.4741,1.4733,1.4734,31693.6
1790974500000,1.4734,1.4734,1.4722,1.4722,90740.9
1790974560000,1.4722,1.4726,1.4717,1.472,203125.0
1790974620000,1.472,1.4724,1.472,1.4724,12946.7
1790974680000,1.4724,1.4734,1.4724,1.4732,92518.9
1790974740000,1.4732,1.4738,1.4722,1.4723,152317.2
1790974800000,1.4723,1.4733,1.4721,1.4733,73518.9
1790974860000,1.4734,1.4749,1.4734,1.4749,48784.1
1790974920000,1.475,1.4757,1.4743,1.4744,75527.6
1790974980000,1.4743,1.4746,1.4736,1.4741,84120.2
1790975040000,1.474,1.4743,1.4737,1.4742,51676.3
1790975100000,1.4741,1.4742,1.4737,1.4741,41035.9
1790975160000,1.474,1.474,1.4729,1.4732,179682.7
1790975220000,1.4732,1.4734,1.4727,1.4728,66829.7
1790975280000,1.4727,1.4729,1.4727,1.4728,26441.7
1790975340000,1.4727,1.4732,1.4727,1.4732,58658.3
1790975400000,1.4732,1.4737,1.4732,1.4737,45086.8
1790975460000,1.4737,1.474,1.4737,1.4738,81720.9
1790975520000,1.4739,1.4739,1.4738,1.4739,5446.6
1790975580000,1.4738,1.4738,1.4726,1.4726,81694.4
1790975640000,1.4726,1.473,1.4724,1.4729,58484.3
1790975700000,1.4729,1.4741,1.4729,1.4741,68082.2
1790975760000,1.4741,1.4743,1.4739,1.4742,37695.7
1790975820000,1.4743,1.4744,1.4742,1.4744,42301.7
1790975880000,1.4745,1.4751,1.4744,1.4747,78515.9
1790975940000,1.4746,1.4747,1.474,1.474,48629.7
1790976000000,1.474,1.4744,1.474,1.4744,65210.5
1790976060000,1.4743,1.4744,1.4743,1.4743,30077.1
1790976120000,1.4744,1.4749,1.4744,1.4749,56163.0
1790976180000,1.4748,1.4749,1.4735,1.4736,267312.1
1790976240000,1.4736,1.4736,1.473,1.4731,110666.7
1790976300000,1.4731,1.4732,1.4723,1.4725,105069.6
1790976360000,1.4725,1.4728,1.4716,1.4717,98933.4
1790976420000,1.4718,1.4718,1.4715,1.4717,53621.0
1790976480000,1.4717,1.4724,1.4712,1.4718,116430.2
1790976540000,1.4717,1.4718,1.4714,1.4718,65048.8
1790976600000,1.4717,1.4718,1.4715,1.4715,55660.2
1790976660000,1.4715,1.4726,1.4715,1.4726,60164.2
1790976720000,1.4726,1.4732,1.472,1.4721,121420.5
1790976780000,1.4721,1.4726,1.4718,1.4726,63604.9
1790976840000,1.4726,1.4734,1.4726,1.4731,91640.7
1790976900000,1.4731,1.4737,1.4729,1.4736,74204.1
1790976960000,1.4736,1.4743,1.4736,1.4742,18893.3
1790977020000,1.4742,1.4746,1.4741,1.4745,51669.7
1790977080000,1.4745,1.4745,1.4737,1.4738,36507.1
1790977140000,1.4738,1.4742,1.4738,1.4742,43949.7
1790977200000,1.4741,1.4741,1.4734,1.4735,64217.4
1790977260000,1.4736,1.4738,1.4735,1.4737,26092.7
1790977320000,1.4737,1.4741,1.4737,1.474,62195.0
1790977380000,1.4741,1.4745,1.4739,1.474,72029.7
1790977440000,1.474,1.4745,1.4739,1.4745,32705.7
1790977500000,1.4746,1.4757,1.4745,1.4752,67195.5
1790977560000,1.4753,1.4758,1.4753,1.4757,30249.7
1790977620000,1.4757,1.4758,1.4754,1.4757,14475.3
1790977680000,1.4757,1.4759,1.4756,1.4759,10460.6
1790977740000,1.4758,1.4763,1.4758,1.4759,32923.9
1790977800000,1.4759,1.4762,1.4753,1.4754,61778.6
1790977860000,1.4754,1.4757,1.4754,1.4757,43085.8
1790977920000,1.4757,1.4764,1.4757,1.4764,29859.4
1790977980000,1.4763,1.4765,1.4763,1.4764,30448.0
1790978040000,1.4764,1.4771,1.4762,1.4766,113452.3
1790978100000,1.4765,1.4765,1.4763,1.4764,22587.5
1790978160000,1.4764,1.4764,1.4762,1.4763,18250.9
1790978220000,1.4762,1.4763,1.4762,1.4763,17197.2
1790978280000,1.4763,1.4765,1.4762,1.4765,34002.4
1790978340000,1.4765,1.4768,1.4765,1.4765,36448.1
1790978400000,1.4766,1.4771,1.4765,1.4768,38395.5
1790978460000,1.4769,1.4773,1.4765,1.4766,47597.4
1790978520000,1.4765,1.4765,1.4747,1.4751,459060.7
1790978580000,1.4751,1.4768,1.4751,1.4763,94062.8
1790978640000,1.4762,1.4766,1.4751,1.4753,149103.5
1790978700000,1.4752,1.4753,1.4748,1.4751,39756.2
1790978760000,1.475,1.4754,1.4747,1.4753,84874.9
1790978820000,1.4754,1.4768,1.4754,1.4767,54946.9
1790978880000,1.4767,1.4767,1.4758,1.476,54260.1
1790978940000,1.4759,1.476,1.4757,1.4759,33480.1
1790979000000,1.4758,1.4761,1.4758,1.4761,24098.2
1790979060000,1.4761,1.4761,1.4752,1.4756,55766.0
1790979120000,1.4757,1.4758,1.4741,1.4741,132088.2
1790979180000,1.4742,1.4745,1.4737,1.474,93964.3
1790979240000,1.474,1.4743,1.474,1.4741,17638.2
1790979300000,1.4741,1.4743,1.4739,1.474,25445.0
1790979360000,1.4739,1.474,1.4735,1.4739,42383.0
1790979420000,1.474,1.4747,1.4736,1.4741,102722.4
1790979480000,1.474,1.474,1.4733,1.4736,47333.9
1790979540000,1.4737,1.4745,1.4732,1.4745,151279.5
1790979600000,1.4746,1.4751,1.4744,1.4747,96353.6
1790979660000,1.4747,1.4756,1.4747,1.4755,50591.0
1790979720000,1.4755,1.4755,1.4747,1.4751,47136.8
1790979780000,1.475,1.4755,1.4745,1.4751,67840.4
1790979840000,1.4751,1.4766,1.4751,1.4766,55836.7
1790979900000,1.4766,1.4766,1.476,1.476,39381.2
1790979960000,1.4761,1.4765,1.476,1.4761,24613.6
1790980020000,1.4761,1.4761,1.4756,1.4759,45077.3
1790980080000,1.476,1.4766,1.4758,1.4766,33817.9
1790980140000,1.4765,1.4771,1.4765,1.4769,41803.7
1790980200000,1.477,1.4771,1.4769,1.4771,30024.7
1790980260000,1.4771,1.4779,1.4771,1.4779,57000.9
1790980320000,1.4779,1.478,1.4779,1.478,16134.4
1790980380000,1.4779,1.4783,1.4779,1.4783,16834.5
1790980440000,1.4782,1.4793,1.4782,1.479,49834.9
1790980500000,1.479,1.4793,1.4788,1.4792,74086.7
1790980560000,1.4791,1.4793,1.4791,1.4791,43590.3
1790980620000,1.4791,1.4791,1.479,1.4791,8902.9
1790980680000,1.479,1.4791,1.4784,1.4785,73644.1
1790980740000,1.4784,1.4784,1.4771,1.4771,128644.0
1790980800000,1.4772,1.4772,1.4766,1.4768,69753.2
1790980860000,1.4768,1.4778,1.4768,1.4777,40848.4
1790980920000,1.4778,1.4778,1.4775,1.4777,22868.4
1790980980000,1.4778,1.4785,1.4777,1.4785,20985.8
1790981040000,1.4785,1.479,1.4785,1.479,51407.8
1790981100000,1.479,1.48,1.4789,1.4799,124302.2
1790981160000,1.4799,1.48,1.4793,1.4794,37937.4
1790981220000,1.4794,1.4799,1.4794,1.4796,25658.3
1790981280000,1.4796,1.48,1.4795,1.4798,75428.5
1790981340000,1.4799,1.48,1.4798,1.48,64226.2
1790981400000,1.48,1.48,1.4794,1.4797,73358.8
1790981460000,1.4797,1.4799,1.4797,1.4799,10347.2
1790981520000,1.4799,1.4802,1.4799,1.4801,234555.3
1790981580000,1.4801,1.4802,1.4794,1.4797,84089.7
1790981640000,1.4797,1.48,1.4794,1.4799,15739.2
1790981700000,1.48,1.4807,1.4799,1.4804,45723.5
1790981760000,1.4804,1.4804,1.4799,1.4799,34952.8
1790981820000,1.4798,1.4799,1.4795,1.4798,22342.2
1790981880000,1.4798,1.4803,1.4796,1.4802,25668.2
1790981940000,1.4802,1.4806,1.4799,1.4805,24407.4
1790982000000,1.4805,1.4815,1.4805,1.4813,51946.1
1790982060000,1.4812,1.4813,1.4797,1.4802,460381.1
1790982120000,1.4801,1.4809,1.4799,1.4809,39527.0
1790982180000,1.4809,1.4814,1.4809,1.4814,6268.4
1790982240000,1.4813,1.4814,1.4811,1.4812,18209.5
1790982300000,1.4812,1.4813,1.481,1.4813,17014.5
1790982360000,1.4813,1.4816,1.4813,1.4815,6604.7
1790982420000,1.4815,1.4815,1.481,1.4812,24938.0
1790982480000,1.4811,1.4812,1.481,1.481,10321.4
1790982540000,1.481,1.4812,1.481,1.4812,12455.4
1790982600000,1.4811,1.4811,1.481,1.481,6341.3
1790982660000,1.481,1.4811,1.4808,1.4809,37373.8
1790982720000,1.4809,1.4809,1.4808,1.4809,3241.6
1790982780000,1.4809,1.4812,1.4809,1.4812,5580.4
1790982840000,1.4812,1.4812,1.4811,1.4811,7623.3
1790982900000,1.4811,1.4812,1.4811,1.4811,4794.1
1790982960000,1.4811,1.4817,1.4811,1.4814,24043.7
1790983020000,1.4814,1.4814,1.4812,1.4813,5279.2
1790983080000,1.4813,1.4831,1.4812,1.4828,67582.4
1790983140000,1.4827,1.4833,1.4827,1.4832,16751.7
1790983200000,1.4832,1.4834,1.4831,1.4834,23384.5
1790983260000,1.4833,1.4833,1.4825,1.4827,62023.7
1790983320000,1.4828,1.483,1.4828,1.4828,2706.5
1790983380000,1.4829,1.4829,1.4828,1.4829,982.5
1790983440000,1.4829,1.4831,1.4828,1.4831,31466.0
1790983500000,1.4831,1.4832,1.483,1.4831,12042.5
1790983560000,1.4832,1.4848,1.4832,1.4845,185221.1
1790983620000,1.4845,1.4846,1.4834,1.4835,70163.7
1790983680000,1.4835,1.4842,1.4835,1.4841,30321.0
1790983740000,1.4841,1.4842,1.4833,1.484,50528.6
1790983800000,1.484,1.4843,1.484,1.4841,47097.2
1790983860000,1.4842,1.4849,1.484,1.4846,127340.6
1790983920000,1.4846,1.485,1.4842,1.4843,129627.6
1790983980000,1.4843,1.4844,1.4837,1.4837,37109.4
1790984040000,1.4838,1.4845,1.4836,1.4844,17489.1
1790984100000,1.4845,1.4856,1.4844,1.4855,95176.4
1790984160000,1.4855,1.4856,1.4853,1.4853,9811.9
1790984220000,1.4853,1.4855,1.4851,1.4851,78628.3
1790984280000,1.4851,1.4851,1.4845,1.4848,18602.4
1790984340000,1.4848,1.4851,1.4846,1.4849,21935.4
1790984400000,1.485,1.4851,1.4849,1.4851,33207.7
1790984460000,1.4852,1.4858,1.4851,1.4858,51882.6
1790984520000,1.4857,1.4858,1.4857,1.4858,6815.5
1790984580000,1.4857,1.4864,1.4857,1.4863,123267.1
1790984640000,1.4863,1.4864,1.4859,1.486,61012.9
1790984700000,1.486,1.4862,1.4859,1.4859,10894.5
1790984760000,1.486,1.4861,1.4859,1.4861,14138.7
1790984820000,1.4861,1.4863,1.4861,1.4862,14931.7
1790984880000,1.4862,1.4864,1.4862,1.4862,24747.8
1790984940000,1.4863,1.487,1.4862,1.4863,18377.6
1790985000000,1.4862,1.4863,1.486,1.486,16314.0
1790985060000,1.486,1.486,1.4853,1.4858,78257.2
1790985120000,1.4859,1.4859,1.4858,1.4859,4616.5
1790985180000,1.4859,1.4862,1.4858,1.4862,8279.9
1790985240000,1.4861,1.4863,1.4861,1.4863,11030.1
1790985300000,1.4863,1.4863,1.4855,1.4856,51474.6
1790985360000,1.4855,1.4856,1.4848,1.4848,40315.2
1790985420000,1.4848,1.4849,1.4844,1.4847,48401.7
1790985480000,1.4847,1.4851,1.4847,1.4849,19905.2
1790985540000,1.4848,1.4849,1.4847,1.4847,30339.9
1790985600000,1.4848,1.4855,1.4844,1.4846,79539.4
1790985660000,1.4845,1.4846,1.4835,1.484,143456.3
1790985720000,1.4839,1.4844,1.4839,1.4841,38942.0
1790985780000,1.4841,1.4848,1.4841,1.4848,52332.4
1790985840000,1.4848,1.4849,1.4839,1.484,18630.2
1790985900000,1.484,1.4845,1.484,1.4842,27977.9
1790985960000,1.4842,1.4848,1.4838,1.4838,69087.0
1790986020000,1.4839,1.4839,1.4834,1.4835,26091.0
1790986080000,1.4835,1.4835,1.4829,1.483,24691.0
1790986140000,1.483,1.4834,1.4829,1.4834,48362.4
1790986200000,1.4833,1.4847,1.4829,1.4847,92190.3
1790986260000,1.4847,1.4847,1.4842,1.4843,29166.9
1790986320000,1.4843,1.4853,1.4843,1.4853,72817.8
1790986380000,1.4853,1.4856,1.4849,1.485,13665.3
1790986440000,1.4849,1.4858,1.4844,1.485,61641.5
1790986500000,1.485,1.486,1.485,1.4856,23667.7
1790986560000,1.4856,1.487,1.4855,1.487,40498.8
1790986620000,1.487,1.487,1.4862,1.4863,48521.0
1790986680000,1.4863,1.4869,1.4861,1.4864,15973.0
1790986740000,1.4864,1.4865,1.4854,1.4863,26398.0
1790986800000,1.4863,1.4863,1.4858,1.4859,6278.3
1790986860000,1.4858,1.4859,1.485,1.4854,20041.3
1790986920000,1.4855,1.487,1.4855,1.487,24352.1
1790986980000,1.4869,1.4875,1.4868,1.4868,17091.2
1790987040000,1.4869,1.4884,1.4868,1.4882,158398.6
1790987100000,1.4882,1.4886,1.488,1.4885,214077.9
1790987160000,1.4884,1.4888,1.4884,1.4887,14251.2
1790987220000,1.4887,1.4892,1.4887,1.4891,65847.5
1790987280000,1.489,1.4895,1.4888,1.4894,135021.3
1790987340000,1.4893,1.4895,1.4889,1.4893,64305.8
1790987400000,1.4893,1.4898,1.4892,1.4898,37311.0
1790987460000,1.4897,1.4905,1.4896,1.4898,71988.8
1790987520000,1.4898,1.4902,1.4898,1.4902,60266.4
1790987580000,1.4901,1.4902,1.4897,1.4898,36292.4
1790987640000,1.4898,1.4905,1.4895,1.4904,39771.8
1790987700000,1.4903,1.4906,1.4902,1.4902,13900.3
1790987760000,1.4903,1.491,1.4901,1.4909,28579.1
1790987820000,1.4909,1.4915,1.4909,1.4909,53127.2
1790987880000,1.491,1.491,1.4888,1.4888,113681.3
1790987940000,1.4889,1.4897,1.4888,1.4896,23545.7
1790988000000,1.4896,1.4901,1.4896,1.4898,19937.5
1790988060000,1.4898,1.4904,1.4898,1.4899,14020.7
1790988120000,1.4899,1.4907,1.4899,1.4901,47971.1
1790988180000,1.4901,1.4901,1.4896,1.4898,22268.6
1790988240000,1.4898,1.4906,1.4897,1.4902,17373.9
1790988300000,1.4901,1.4905,1.4897,1.4897,11767.0
1790988360000,1.4897,1.4903,1.4897,1.4898,27316.2
1790988420000,1.4899,1.4903,1.4898,1.4902,59984.7
1790988480000,1.4903,1.4903,1.4902,1.4903,4590.9
1790988540000,1.4903,1.4912,1.4903,1.4911,16054.3
1790988600000,1.491,1.4914,1.4908,1.4911,23883.8
1790988660000,1.491,1.4911,1.4902,1.4907,38294.7
1790988720000,1.4906,1.4908,1.4902,1.4902,16787.4
1790988780000,1.4903,1.4903,1.49,1.49,26260.9
1790988840000,1.49,1.49,1.4897,1.4898,14041.2
1790988900000,1.4897,1.4898,1.4888,1.4891,33083.5
1790988960000,1.4891,1.4893,1.4889,1.4892,12058.9
1790989020000,1.4892,1.4892,1.4883,1.4883,35874.8
1790989080000,1.4883,1.4885,1.4875,1.4884,35948.5
1790989140000,1.4884,1.4893,1.4884,1.4891,52185.5
1790989200000,1.489,1.489,1.4881,1.4881,7600.8
1790989260000,1.4881,1.4881,1.4874,1.488,57430.2
1790989320000,1.488,1.4882,1.4873,1.4873,22197.4
1790989380000,1.4873,1.4873,1.4867,1.4872,47274.2
1790989440000,1.4872,1.4891,1.4871,1.4886,111415.6
1790989500000,1.4886,1.489,1.4881,1.4887,92847.9
1790989560000,1.4887,1.4902,1.4887,1.4902,51552.2
1790989620000,1.4901,1.4902,1.4898,1.4901,15082.7
1790989680000,1.4901,1.4913,1.4901,1.4913,22918.3
1790989740000,1.4914,1.4917,1.4909,1.4909,43199.1
1790989800000,1.4909,1.4913,1.4908,1.4911,21028.6
1790989860000,1.4911,1.4919,1.4903,1.4908,39216.4
1790989920000,1.4909,1.4911,1.4903,1.4903,38352.6
1790989980000,1.4903,1.4909,1.4899,1.49,43546.1
1790990040000,1.49,1.4905,1.4894,1.4904,28636.5
1790990100000,1.4905,1.4919,1.4905,1.4917,16322.6
1790990160000,1.4918,1.4931,1.4918,1.4931,153999.5
1790990220000,1.493,1.4934,1.4906,1.4907,155156.8
1790990280000,1.4906,1.4907,1.4896,1.4903,70566.3
1790990340000,1.4903,1.4904,1.4897,1.4898,38519.4
1790990400000,1.4898,1.4902,1.4897,1.4902,16559.0
1790990460000,1.4901,1.4901,1.4893,1.4893,33964.3
1790990520000,1.4892,1.4906,1.4892,1.4898,18692.0
1790990580000,1.4899,1.4905,1.4899,1.4905,22853.6
1790990640000,1.4905,1.4916,1.4905,1.4914,54888.1
1790990700000,1.4913,1.4918,1.4912,1.4915,37435.0
1790990760000,1.4915,1.4916,1.4914,1.4916,11262.1
1790990820000,1.4916,1.4917,1.4915,1.4916,21807.3
1790990880000,1.4917,1.492,1.4912,1.4913,88936.4
1790990940000,1.4913,1.4919,1.491,1.4919,32681.9
1790991000000,1.4919,1.4921,1.4913,1.4913,38870.3
1790991060000,1.4913,1.4926,1.4913,1.4926,21339.7
1790991120000,1.4926,1.4932,1.4925,1.4925,17871.5
1790991180000,1.4924,1.4925,1.4916,1.4917,44279.0
1790991240000,1.4917,1.4917,1.4913,1.4913,35650.0
1790991300000,1.4913,1.4922,1.4913,1.4922,98777.1
1790991360000,1.4922,1.4923,1.4917,1.4917,20145.9
1790991420000,1.4918,1.4926,1.4916,1.4917,69226.9
1790991480000,1.4917,1.4925,1.4914,1.4918,32337.6
1790991540000,1.4918,1.4935,1.4918,1.4929,331824.8
1790991600000,1.4929,1.4929,1.4923,1.4923,52240.7
1790991660000,1.4922,1.4926,1.4921,1.4922,28243.3
1790991720000,1.4922,1.4929,1.4921,1.4922,56205.0
1790991780000,1.4922,1.4923,1.4915,1.4919,160017.9
1790991840000,1.492,1.492,1.4917,1.4918,15138.8
1790991900000,1.4918,1.4918,1.4909,1.4909,15056.1
1790991960000,1.491,1.4911,1.4906,1.4906,17355.2
1790992020000,1.4906,1.4909,1.4905,1.4909,18324.7
1790992080000,1.4909,1.4911,1.4906,1.4907,13468.5
1790992140000,1.4907,1.4907,1.4898,1.4902,57124.5
1790992200000,1.4902,1.4902,1.4901,1.4901,10942.7
1790992260000,1.4901,1.4901,1.4894,1.4895,15046.2
1790992320000,1.4895,1.4897,1.4893,1.4893,7557.4
1790992380000,1.4894,1.4895,1.4889,1.4893,23831.0
1790992440000,1.4893,1.4895,1.4893,1.4895,6153.8
1790992500000,1.4895,1.4896,1.4892,1.4896,8972.6
1790992560000,1.4896,1.4899,1.4895,1.4899,8212.4
1790992620000,1.4899,1.4899,1.4898,1.4898,2302.2
1790992680000,1.4897,1.4897,1.4894,1.4897,4395.3
1790992740000,1.4898,1.4899,1.4895,1.4897,12433.9
1790992800000,1.4897,1.4897,1.4894,1.4894,19581.6
1790992860000,1.4894,1.4899,1.4894,1.4899,13222.9
1790992920000,1.4899,1.491,1.4899,1.4903,32069.1
1790992980000,1.4902,1.4903,1.4898,1.4902,8678.7
1790993040000,1.4902,1.4903,1.49,1.4902,9855.1
1790993100000,1.4902,1.4903,1.4896,1.4897,7457.6
1790993160000,1.4896,1.4896,1.4882,1.4886,49189.7
1790993220000,1.4886,1.489,1.4881,1.489,6116.1
1790993280000,1.4889,1.4891,1.4887,1.4891,34916.8
1790993340000,1.4891,1.4891,1.4885,1.4888,29217.0
1790993400000,1.4888,1.4891,1.4886,1.4886,36885.3
1790993460000,1.4886,1.4887,1.4884,1.4887,10471.8
1790993520000,1.4887,1.4898,1.4887,1.4898,21118.0
1790993580000,1.4898,1.4898,1.4893,1.4897,2796.0
1790993640000,1.4897,1.49,1.4897,1.49,13513.2
1790993700000,1.49,1.4902,1.4899,1.4902,19045.8
1790993760000,1.4902,1.4903,1.49,1.4902,16335.6
1790993820000,1.4903,1.4908,1.4903,1.4905,52673.3
1790993880000,1.4905,1.4912,1.4904,1.4908,26603.0
1790993940000,1.4909,1.4912,1.4908,1.4908,15026.0
1790994000000,1.4909,1.4909,1.4902,1.4904,20798.6
1790994060000,1.4905,1.4908,1.49,1.49,11879.6
1790994120000,1.49,1.4903,1.49,1.4903,3985.5
1790994180000,1.4903,1.4903,1.4896,1.4897,15280.9
1790994240000,1.4897,1.4897,1.4896,1.4896,3326.8
1790994300000,1.4897,1.4897,1.4891,1.4891,9339.1
1790994360000,1.4891,1.4899,1.4891,1.4897,21596.3
1790994420000,1.4897,1.49,1.4897,1.49,12431.0
1790994480000,1.4899,1.49,1.4893,1.4896,37565.1
1790994540000,1.4895,1.4897,1.489,1.489,40034.7
1790994600000,1.489,1.4891,1.4887,1.4889,13995.4
1790994660000,1.4889,1.4891,1.4888,1.489,7786.2
1790994720000,1.489,1.4896,1.4889,1.4896,16725.1
1790994780000,1.4895,1.4896,1.489,1.489,22604.4
1790994840000,1.4889,1.489,1.4889,1.4889,6884.8
1790994900000,1.4888,1.4889,1.4882,1.4885,18267.7
1790994960000,1.4884,1.4885,1.4884,1.4884,6384.6
1790995020000,1.4884,1.4885,1.4882,1.4883,7945.4
1790995080000,1.4883,1.4885,1.4881,1.4884,16411.6
1790995140000,1.4884,1.4888,1.4882,1.4886,19524.6
1790995200000,1.4887,1.4887,1.488,1.4883,35315.5
1790995260000,1.4884,1.4888,1.4883,1.4888,10981.8
1790995320000,1.4889,1.4892,1.4888,1.4891,23104.3
1790995380000,1.4891,1.4891,1.4881,1.4881,25964.5
1790995440000,1.4881,1.489,1.4874,1.4885,97735.1
1790995500000,1.4884,1.4885,1.4876,1.4876,27267.5
1790995560000,1.4876,1.4876,1.487,1.487,32829.9
1790995620000,1.4871,1.4873,1.4871,1.4872,10537.4
1790995680000,1.4871,1.4872,1.4868,1.487,28876.8
1790995740000,1.487,1.4873,1.487,1.4872,5682.4
1790995800000,1.4873,1.488,1.4873,1.4877,74339.7
1790995860000,1.4876,1.4876,1.4869,1.4876,53234.8
1790995920000,1.4876,1.4876,1.487,1.487,10860.1
1790995980000,1.4871,1.4872,1.487,1.4871,2904.3
1790996040000,1.4871,1.4872,1.487,1.4871,6803.2
1790996100000,1.4871,1.4871,1.4864,1.4866,77078.5
1790996160000,1.4865,1.4866,1.486,1.486,16179.9
1790996220000,1.486,1.4861,1.4857,1.4857,16390.5
1790996280000,1.4857,1.4857,1.4853,1.4854,44777.0
1790996340000,1.4854,1.4856,1.4854,1.4856,22737.6
1790996400000,1.4855,1.4859,1.4851,1.4859,29016.1
1790996460000,1.4859,1.4867,1.4859,1.4862,11998.8
1790996520000,1.4862,1.487,1.4861,1.487,31459.9
1790996580000,1.4869,1.4869,1.4859,1.4859,20271.6
1790996640000,1.4859,1.4859,1.4857,1.4857,9053.1
1790996700000,1.4856,1.4858,1.485,1.485,45555.1
1790996760000,1.485,1.4857,1.485,1.4856,16489.4
1790996820000,1.4856,1.4856,1.4852,1.4854,42442.4
1790996880000,1.4855,1.4858,1.4854,1.4857,26354.6
1790996940000,1.4856,1.4861,1.4856,1.486,14041.8
1790997000000,1.4861,1.4861,1.4854,1.4859,21989.5
1790997060000,1.4859,1.486,1.4857,1.4858,8198.9
1790997120000,1.4857,1.4857,1.4851,1.4851,30604.3
1790997180000,1.4852,1.4856,1.4852,1.4856,8837.5
1790997240000,1.4856,1.4857,1.4855,1.4857,31364.0
1790997300000,1.4857,1.4875,1.4854,1.4874,138139.6
1790997360000,1.4874,1.4875,1.4871,1.4872,32688.7
1790997420000,1.4872,1.4875,1.4866,1.4866,34820.1
1790997480000,1.4867,1.4868,1.4863,1.4863,33934.4
1790997540000,1.4863,1.4863,1.486,1.4863,22747.2
1790997600000,1.4862,1.4862,1.4857,1.4861,16242.7
1790997660000,1.4862,1.4865,1.486,1.4865,33415.4
1790997720000,1.4864,1.4864,1.4857,1.4859,14380.9
1790997780000,1.486,1.4861,1.4856,1.486,9206.3
1790997840000,1.486,1.4869,1.486,1.4869,40986.5
1790997900000,1.4869,1.4869,1.4865,1.4866,9445.4
1790997960000,1.4866,1.4874,1.4865,1.4867,25195.7
1790998020000,1.4867,1.4867,1.4858,1.4862,19141.9
1790998080000,1.4862,1.4863,1.4859,1.486,21605.6
1790998140000,1.486,1.486,1.4856,1.4858,11764.2
1790998200000,1.4858,1.4859,1.4855,1.4858,26699.9
1790998260000,1.4858,1.4862,1.4856,1.4862,22798.2
1790998320000,1.4863,1.4863,1.4858,1.4859,5481.2
1790998380000,1.4859,1.4866,1.4859,1.4865,9278.9
1790998440000,1.4865,1.4869,1.4865,1.4869,2496.3
1790998500000,1.4868,1.4869,1.4865,1.4865,15098.8
1790998560000,1.4866,1.4868,1.4865,1.4867,40373.1
1790998620000,1.4866,1.4867,1.4866,1.4866,2134.1
1790998680000,1.4866,1.487,1.4866,1.4866,30291.0
1790998740000,1.4865,1.487,1.4865,1.4868,9929.2
1790998800000,1.4867,1.4867,1.4865,1.4865,10929.2
1790998860000,1.4865,1.4868,1.4865,1.4867,7539.1
1790998920000,1.4868,1.4872,1.4868,1.4872,5899.0
1790998980000,1.4872,1.4873,1.487,1.487,21064.2
1790999040000,1.487,1.4871,1.487,1.4871,8380.2
1790999100000,1.487,1.4871,1.4868,1.4871,7756.1
1790999160000,1.4871,1.4876,1.4871,1.4875,23459.5
1790999220000,1.4874,1.4874,1.4873,1.4873,10232.3
1790999280000,1.4874,1.4885,1.4874,1.4885,42545.2
1790999340000,1.4886,1.4887,1.4883,1.4886,45601.6
1790999400000,1.4887,1.4887,1.4883,1.4887,22276.5
1790999460000,1.4888,1.4892,1.4888,1.4892,14299.3
1790999520000,1.4893,1.4896,1.4892,1.4895,12700.8
1790999580000,1.4895,1.4901,1.4895,1.4901,63354.4
1790999640000,1.4901,1.4903,1.49,1.4901,27063.8
1790999700000,1.4901,1.4902,1.4899,1.4901,76743.0
1790999760000,1.4901,1.4902,1.4901,1.4901,12470.5
1790999820000,1.4902,1.4903,1.4902,1.4903,8877.6
1790999880000,1.4903,1.4903,1.4898,1.4898,36025.2
1790999940000,1.4898,1.4898,1.4892,1.4895,20422.0
1791000000000,1.4895,1.4898,1.4895,1.4897,10112.3
1791000060000,1.4897,1.4897,1.4896,1.4897,672.4
1791000120000,1.4896,1.49,1.4895,1.4899,6335.6
1791000180000,1.4899,1.4902,1.4899,1.4901,25640.3
1791000240000,1.4901,1.4904,1.49,1.49,9807.3
1791000300000,1.4901,1.4901,1.4892,1.4893,44640.2
1791000360000,1.4893,1.4893,1.4892,1.4893,6820.9
1791000420000,1.4892,1.4893,1.4885,1.4885,22449.1
1791000480000,1.4885,1.4885,1.4868,1.4869,13761.1
1791000540000,1.4869,1.4869,1.4865,1.4867,21188.6
1791000600000,1.4867,1.4868,1.4865,1.4867,2522.5
1791000660000,1.4866,1.4871,1.4864,1.487,12189.7
1791000720000,1.4871,1.4875,1.4868,1.4869,12154.6
1791000780000,1.487,1.4871,1.4868,1.4871,6772.7
1791000840000,1.4871,1.4874,1.487,1.4874,15184.8
1791000900000,1.4874,1.4877,1.4866,1.4866,44772.5
1791000960000,1.4865,1.4865,1.4856,1.4858,64640.5
1791001020000,1.4859,1.4871,1.4857,1.487,12408.3
1791001080000,1.487,1.4874,1.4869,1.4873,9156.9
1791001140000,1.4872,1.4872,1.486,1.4861,24455.5
1791001200000,1.4861,1.4861,1.4856,1.4857,16211.8
1791001260000,1.4857,1.4864,1.4856,1.4864,10798.8
1791001320000,1.4863,1.4865,1.4858,1.4858,15806.4
1791001380000,1.4858,1.4868,1.4858,1.4866,8124.1
1791001440000,1.4866,1.4872,1.4866,1.4867,9890.2
1791001500000,1.4868,1.4868,1.4864,1.4868,10634.8
1791001560000,1.4868,1.4868,1.4865,1.4865,2920.6
1791001620000,1.4864,1.4864,1.4857,1.4858,19038.8
1791001680000,1.4858,1.4861,1.4857,1.4857,24381.3
1791001740000,1.4858,1.4858,1.4856,1.4857,2799.4
1791001800000,1.4856,1.4857,1.4855,1.4855,6343.6
1791001860000,1.4855,1.4858,1.4851,1.4856,52281.9
1791001920000,1.4857,1.4865,1.4856,1.4864,21406.2
1791001980000,1.4863,1.4863,1.4855,1.4855,7484.1
1791002040000,1.4855,1.4855,1.4848,1.4849,13792.2
1791002100000,1.4849,1.4849,1.4836,1.4838,53557.9
1791002160000,1.4838,1.4838,1.4828,1.4829,124331.9
1791002220000,1.4828,1.483,1.4821,1.4826,61996.2
1791002280000,1.4827,1.4829,1.4826,1.4827,27009.9
1791002340000,1.4828,1.4836,1.4827,1.4831,17139.6
1791002400000,1.4831,1.4831,1.4824,1.4829,7072.4
1791002460000,1.4829,1.4833,1.4825,1.4829,38960.1
1791002520000,1.4829,1.4829,1.4822,1.4825,10616.9
1791002580000,1.4826,1.4838,1.4825,1.4836,50550.3
1791002640000,1.4836,1.4844,1.4836,1.4844,16258.6
1791002700000,1.4844,1.4848,1.4843,1.4846,14989.2
1791002760000,1.4846,1.4852,1.4842,1.4852,23226.4
1791002820000,1.4851,1.4857,1.4851,1.4857,13379.8
1791002880000,1.4857,1.4858,1.4854,1.4856,21813.7
1791002940000,1.4856,1.4859,1.4856,1.4859,4730.5
1791003000000,1.486,1.486,1.485,1.485,12505.6
1791003060000,1.4851,1.4852,1.4843,1.4848,24042.5
1791003120000,1.4848,1.486,1.4848,1.486,14970.1
1791003180000,1.4861,1.4862,1.4855,1.4855,64162.0
1791003240000,1.4856,1.4858,1.4855,1.4856,8224.5
1791003300000,1.4856,1.4857,1.4855,1.4856,15935.2
1791003360000,1.4857,1.4859,1.4856,1.4856,21770.6
1791003420000,1.4857,1.4857,1.4854,1.4855,17712.9
1791003480000,1.4855,1.486,1.4855,1.4857,13761.4
1791003540000,1.4857,1.486,1.4857,1.4857,13156.2
1791003600000,1.4858,1.4858,1.4853,1.4853,5454.5
1791003660000,1.4854,1.4855,1.4849,1.4849,13869.2
1791003720000,1.4849,1.4851,1.4848,1.4849,1097.5
1791003780000,1.4849,1.4853,1.4849,1.4852,5800.0
1791003840000,1.4852,1.4859,1.4852,1.4859,11456.1
1791003900000,1.4859,1.4862,1.4856,1.4858,21831.9
1791003960000,1.4859,1.4865,1.4857,1.4864,40849.2
1791004020000,1.4865,1.4865,1.4864,1.4865,8793.2
1791004080000,1.4865,1.487,1.4864,1.487,12919.8
1791004140000,1.487,1.4881,1.487,1.4881,8440.8
1791004200000,1.4881,1.4888,1.4872,1.4872,61186.7
1791004260000,1.4872,1.4875,1.4872,1.4874,4992.4
1791004320000,1.4875,1.4875,1.4872,1.4873,11294.7
1791004380000,1.4873,1.4874,1.4873,1.4873,4970.5
1791004440000,1.4874,1.4882,1.4874,1.4882,3337.3
1791004500000,1.4882,1.4884,1.4881,1.4881,3527.6
1791004560000,1.4882,1.4886,1.4881,1.4885,2260.1
1791004620000,1.4885,1.4894,1.4885,1.4891,9353.6
1791004680000,1.489,1.489,1.4889,1.489,6086.4
1791004740000,1.4889,1.489,1.4889,1.4889,602.0
1791004800000,1.489,1.489,1.4885,1.4885,42331.3
1791004860000,1.4886,1.4887,1.4885,1.4887,11675.8
1791004920000,1.4887,1.4889,1.4886,1.4887,16464.0
1791004980000,1.4887,1.4889,1.4887,1.4888,11929.4
1791005040000,1.4888,1.489,1.4886,1.4886,27289.6
1791005100000,1.4887,1.4887,1.488,1.4885,19693.8
1791005160000,1.4885,1.489,1.4885,1.4889,4411.9
1791005220000,1.4889,1.489,1.4888,1.4888,9539.6
1791005280000,1.4889,1.4889,1.4885,1.4885,6794.0
1791005340000,1.4885,1.4886,1.488,1.4881,7036.0
1791005400000,1.4881,1.4888,1.488,1.4888,20005.3
1791005460000,1.4888,1.489,1.4878,1.4884,23888.3
1791005520000,1.4884,1.4885,1.4878,1.4884,30277.2
1791005580000,1.4885,1.4889,1.488,1.488,44299.1
1791005640000,1.488,1.488,1.4875,1.4878,24273.4
1791005700000,1.4879,1.4884,1.4876,1.4877,22366.5
1791005760000,1.4876,1.488,1.4873,1.4879,36338.2
1791005820000,1.4879,1.4887,1.4875,1.4875,75546.4
1791005880000,1.4876,1.4881,1.4876,1.4878,49405.3
1791005940000,1.4877,1.4879,1.4876,1.4877,16521.9
1791006000000,1.4876,1.4877,1.4876,1.4877,4365.4
1791006060000,1.4876,1.4876,1.4875,1.4875,1926.6
1791006120000,1.4876,1.4876,1.4874,1.4874,3901.1
1791006180000,1.4875,1.4876,1.4874,1.4875,15713.9
1791006240000,1.4876,1.4876,1.4874,1.4876,28095.0
1791006300000,1.4875,1.4878,1.4875,1.4877,14404.9
1791006360000,1.4877,1.4878,1.4874,1.4877,39613.3
1791006420000,1.4877,1.4879,1.4869,1.487,61160.0
1791006480000,1.487,1.4874,1.4853,1.4858,107618.0
1791006540000,1.4859,1.4859,1.4852,1.4854,32408.9
1791006600000,1.4853,1.4854,1.4844,1.4844,77737.7
1791006660000,1.4844,1.4866,1.4843,1.4856,101716.8
1791006720000,1.4855,1.4856,1.4854,1.4854,5301.5
1791006780000,1.4854,1.4854,1.4849,1.4851,53475.4
1791006840000,1.4851,1.4854,1.485,1.4854,35313.1
1791006900000,1.4854,1.4854,1.4853,1.4853,1106.2
1791006960000,1.4854,1.486,1.4851,1.486,62857.9
1791007020000,1.4859,1.486,1.4858,1.4858,22630.6
1791007080000,1.4858,1.4859,1.4852,1.4853,10576.5
1791007140000,1.4853,1.4859,1.4852,1.4859,17389.0
1791007200000,1.4859,1.486,1.4856,1.4856,29240.5
1791007260000,1.4857,1.4874,1.4857,1.4874,78277.0
1791007320000,1.4875,1.4883,1.4874,1.4876,97457.5
1791007380000,1.4876,1.4882,1.487,1.4882,65573.4
1791007440000,1.4881,1.4881,1.4867,1.4868,17645.4
1791007500000,1.4867,1.4867,1.4859,1.4862,17667.6
1791007560000,1.4861,1.4866,1.486,1.4862,64329.6
1791007620000,1.4861,1.4861,1.4859,1.486,4640.4
1791007680000,1.486,1.4869,1.486,1.4863,71682.8
1791007740000,1.4863,1.4871,1.4862,1.4862,53106.4
1791007800000,1.4861,1.4865,1.4853,1.4853,152580.1
1791007860000,1.4853,1.4856,1.485,1.4856,51653.5
1791007920000,1.4857,1.4865,1.4854,1.4858,108781.6
1791007980000,1.4858,1.4858,1.4852,1.4855,17674.5
1791008040000,1.4855,1.4858,1.4854,1.4858,45638.7
1791008100000,1.4858,1.4859,1.4855,1.4859,67958.5
1791008160000,1.4858,1.4858,1.4853,1.4854,3265.0
1791008220000,1.4854,1.4856,1.4849,1.4851,76423.8
1791008280000,1.4852,1.4853,1.4844,1.4847,95611.4
1791008340000,1.4847,1.485,1.4846,1.4846,33089.8
1791008400000,1.4846,1.4846,1.4845,1.4846,14759.1
1791008460000,1.4846,1.4847,1.4844,1.4846,43717.2
1791008520000,1.4847,1.4847,1.4837,1.4837,103921.9
1791008580000,1.4838,1.4842,1.4837,1.4841,99284.4
1791008640000,1.4841,1.4841,1.4838,1.4838,14288.6
1791008700000,1.4838,1.484,1.4837,1.4839,46504.9
1791008760000,1.484,1.4858,1.484,1.4858,129843.0
1791008820000,1.4859,1.4859,1.4853,1.4858,62695.4
1791008880000,1.4859,1.486,1.4848,1.4859,178250.5
1791008940000,1.4859,1.4859,1.4849,1.485,108851.4
1791009000000,1.485,1.4855,1.485,1.4855,78496.4
1791009060000,1.4855,1.4855,1.4851,1.4855,28088.3
1791009120000,1.4855,1.4861,1.4855,1.4861,49242.4
1791009180000,1.4861,1.4862,1.485,1.485,58434.5
1791009240000,1.485,1.4854,1.4846,1.4854,11801.8
1791009300000,1.4854,1.4855,1.4849,1.4851,7682.0
1791009360000,1.4851,1.4855,1.4841,1.4854,127804.8
1791009420000,1.4854,1.4861,1.4851,1.486,19734.2
1791009480000,1.486,1.4863,1.4858,1.4858,13974.7
1791009540000,1.4859,1.4863,1.4859,1.4861,8595.0
1791009600000,1.4862,1.4864,1.4862,1.4864,12358.9
1791009660000,1.4864,1.4868,1.4863,1.4864,24553.6
1791009720000,1.4864,1.4864,1.486,1.4862,13084.1
1791009780000,1.4863,1.4864,1.4852,1.4855,44984.4
1791009840000,1.4856,1.4863,1.4856,1.4859,38590.9
1791009900000,1.4859,1.4859,1.4857,1.4857,3646.5
1791009960000,1.4857,1.4857,1.485,1.4855,62141.1
1791010020000,1.4854,1.4863,1.4854,1.4863,9808.7
1791010080000,1.4862,1.4868,1.4862,1.4865,60355.1
1791010140000,1.4866,1.4867,1.4854,1.4861,68366.6
1791010200000,1.4862,1.4862,1.4856,1.4858,40701.1
1791010260000,1.4859,1.4859,1.4855,1.4857,22526.0
1791010320000,1.4856,1.4866,1.4856,1.4865,13313.5
1791010380000,1.4865,1.4871,1.4865,1.4866,19391.8
1791010440000,1.4865,1.4865,1.4856,1.4859,15568.2
1791010500000,1.4859,1.4865,1.4858,1.4858,4641.3
1791010560000,1.4858,1.4858,1.4855,1.4856,12701.6
1791010620000,1.4855,1.4858,1.4854,1.4858,4003.9
1791010680000,1.4857,1.4858,1.4855,1.4857,2594.1
1791010740000,1.4858,1.4861,1.4857,1.486,19622.1
1791010800000,1.486,1.486,1.4853,1.4854,7519.5
1791010860000,1.4854,1.4856,1.4854,1.4856,1825.2
1791010920000,1.4856,1.4856,1.485,1.4852,13784.7
1791010980000,1.4852,1.4854,1.4849,1.485,7406.4
1791011040000,1.485,1.4851,1.4845,1.4846,9656.3
1791011100000,1.4845,1.4846,1.484,1.484,31055.8
1791011160000,1.4841,1.4842,1.4841,1.4841,27885.7
1791011220000,1.4842,1.4842,1.484,1.484,16839.6
1791011280000,1.484,1.4841,1.484,1.4841,21873.1
1791011340000,1.4841,1.4842,1.4838,1.4839,31070.8
1791011400000,1.4839,1.4845,1.4838,1.4844,19833.7
1791011460000,1.4844,1.4845,1.4841,1.4842,11550.1
1791011520000,1.4843,1.4848,1.4843,1.4843,23581.3
1791011580000,1.4842,1.4843,1.4841,1.4843,9775.5
1791011640000,1.4843,1.4844,1.4838,1.4838,20386.9
1791011700000,1.4839,1.4843,1.4837,1.4843,11258.4
1791011760000,1.4842,1.4844,1.4838,1.4843,11950.6
1791011820000,1.4842,1.4846,1.4842,1.4845,51641.1
1791011880000,1.4844,1.4844,1.4841,1.4841,2040.3
1791011940000,1.4841,1.4845,1.484,1.4844,55465.5
1791012000000,1.4844,1.4844,1.4841,1.4841,4354.4
1791012060000,1.4841,1.4844,1.4836,1.4836,8580.1
1791012120000,1.4837,1.4837,1.4833,1.4833,18264.7
1791012180000,1.4832,1.4832,1.4831,1.4832,1580.5
1791012240000,1.4832,1.4833,1.4831,1.4832,14581.1
1791012300000,1.4833,1.4838,1.4832,1.4837,9891.5
1791012360000,1.4837,1.4837,1.4832,1.4832,15580.8
1791012420000,1.4833,1.4833,1.4832,1.4833,3241.1
1791012480000,1.4832,1.4833,1.4832,1.4833,10408.7
1791012540000,1.4833,1.4834,1.4832,1.4834,23051.5
1791012600000,1.4834,1.4834,1.4832,1.4832,7739.5
1791012660000,1.4833,1.4835,1.483,1.483,9615.5
1791012720000,1.483,1.4837,1.4824,1.4824,74754.4
1791012780000,1.4825,1.4825,1.482,1.4821,5223.4
1791012840000,1.482,1.4824,1.4818,1.4821,75600.8
1791012900000,1.4821,1.483,1.4821,1.483,42599.2
1791012960000,1.483,1.4832,1.482,1.482,18122.0
1791013020000,1.482,1.4821,1.4813,1.4818,25586.9
1791013080000,1.4818,1.4821,1.4817,1.4821,26146.6
1791013140000,1.482,1.4821,1.4809,1.4814,53268.7
1791013200000,1.4814,1.4814,1.4808,1.4809,10093.4
1791013260000,1.4809,1.4809,1.4805,1.4807,38836.3
1791013320000,1.4806,1.481,1.4797,1.4799,357356.8
1791013380000,1.48,1.4804,1.4798,1.4804,25053.8
1791013440000,1.4803,1.4804,1.4797,1.4797,14722.4
1791013500000,1.4796,1.4803,1.4795,1.4802,20981.3
1791013560000,1.4802,1.4816,1.4799,1.481,93284.4
1791013620000,1.4811,1.4819,1.4811,1.4816,9738.9
1791013680000,1.4815,1.4818,1.4813,1.4815,8848.2
1791013740000,1.4816,1.4816,1.4815,1.4816,2317.1
1791013800000,1.4815,1.4821,1.4815,1.4821,13935.0
1791013860000,1.4821,1.4827,1.4819,1.4819,9208.6
1791013920000,1.482,1.482,1.4819,1.4819,11799.8
1791013980000,1.4819,1.4821,1.4815,1.4815,34370.7
1791014040000,1.4814,1.4819,1.4811,1.4819,9832.5
1791014100000,1.482,1.4823,1.4818,1.4819,40296.8
1791014160000,1.4819,1.4821,1.4817,1.4821,15689.9
1791014220000,1.4822,1.4827,1.4822,1.4826,9373.5
1791014280000,1.4826,1.4827,1.4823,1.4825,195155.8
1791014340000,1.4825,1.4828,1.4823,1.4824,9924.7
1791014400000,1.4824,1.4829,1.4823,1.4829,19519.9
1791014460000,1.483,1.4834,1.4823,1.4823,29570.5
1791014520000,1.4823,1.4825,1.482,1.482,556131.4
1791014580000,1.482,1.482,1.4805,1.4811,666679.4
1791014640000,1.4811,1.4819,1.481,1.4817,46842.8
1791014700000,1.4818,1.4826,1.4818,1.4826,20478.4
1791014760000,1.4826,1.4832,1.4825,1.4829,25533.7
1791014820000,1.4828,1.483,1.4825,1.4826,17799.2
1791014880000,1.4826,1.4842,1.4826,1.4842,36374.3
1791014940000,1.4842,1.4842,1.4829,1.4832,99242.4
1791015000000,1.4832,1.4838,1.4831,1.4838,16440.8
1791015060000,1.4837,1.4842,1.4837,1.4842,5858.2
1791015120000,1.4842,1.4843,1.4839,1.4839,55520.7
1791015180000,1.4839,1.4841,1.4839,1.4841,19829.3
1791015240000,1.4841,1.4842,1.484,1.4842,4402.3
1791015300000,1.4841,1.4842,1.4835,1.4841,54396.6
1791015360000,1.4841,1.4847,1.4834,1.4847,15564.0
1791015420000,1.4847,1.4848,1.4843,1.4844,30810.1
1791015480000,1.4844,1.4849,1.4844,1.4848,26929.7
1791015540000,1.4849,1.4851,1.4849,1.4849,20424.6
1791015600000,1.4848,1.4848,1.483,1.483,49361.1
1791015660000,1.483,1.4831,1.4824,1.4828,17459.1
1791015720000,1.4828,1.4828,1.4827,1.4827,8908.4
1791015780000,1.4827,1.4827,1.4821,1.4822,57492.3
1791015840000,1.4822,1.4825,1.4821,1.4822,9671.2
1791015900000,1.4821,1.4822,1.4815,1.4815,4770.5
1791015960000,1.4815,1.4817,1.4813,1.4813,34232.9
1791016020000,1.4813,1.4828,1.4813,1.4827,57441.8
1791016080000,1.4828,1.4828,1.4822,1.4822,12425.0
1791016140000,1.4822,1.4831,1.4822,1.4824,13347.9
1791016200000,1.4824,1.4827,1.4822,1.4822,8014.9
1791016260000,1.4822,1.4822,1.4814,1.482,23237.6
1791016320000,1.482,1.4822,1.4819,1.4822,9565.1
1791016380000,1.4821,1.4822,1.4817,1.4818,4009.7
1791016440000,1.4818,1.4824,1.4818,1.4821,11003.9
1791016500000,1.4822,1.4826,1.4822,1.4826,27961.7
1791016560000,1.4826,1.4834,1.4825,1.4833,29472.4
1791016620000,1.4833,1.4835,1.483,1.483,45049.8
1791016680000,1.4831,1.4831,1.4828,1.4828,7664.8
1791016740000,1.4829,1.4831,1.4828,1.4831,12775.8
1791016800000,1.483,1.483,1.4828,1.4829,4441.7
1791016860000,1.4829,1.483,1.4829,1.483,331.1
1791016920000,1.483,1.4833,1.483,1.483,11449.5
1791016980000,1.4831,1.4837,1.483,1.4837,19900.2
1791017040000,1.4836,1.4837,1.4836,1.4837,6030.4
1791017100000,1.4836,1.484,1.4836,1.484,9994.8
1791017160000,1.484,1.4842,1.484,1.4841,8290.2
1791017220000,1.4841,1.4842,1.4836,1.4836,79173.5
1791017280000,1.4836,1.4838,1.4833,1.4833,36658.2
1791017340000,1.4834,1.4835,1.4833,1.4834,10340.2
1791017400000,1.4835,1.4835,1.4832,1.4833,4967.9
1791017460000,1.4832,1.4834,1.4831,1.4832,14228.6
1791017520000,1.4831,1.4834,1.4831,1.4832,15646.0
1791017580000,1.4831,1.4834,1.4831,1.4834,30853.8
1791017640000,1.4834,1.4834,1.4831,1.4833,8102.9
1791017700000,1.4833,1.4836,1.4833,1.4835,3491.8
1791017760000,1.4835,1.4835,1.4832,1.4833,4724.0
1791017820000,1.4833,1.4833,1.483,1.4831,11583.8
1791017880000,1.4831,1.4831,1.4823,1.4823,12912.6
1791017940000,1.4824,1.4824,1.4817,1.4817,63615.3
1791018000000,1.4818,1.4826,1.4818,1.4825,53650.1
1791018060000,1.4825,1.4827,1.4825,1.4827,23728.6
1791018120000,1.4827,1.4833,1.4827,1.4832,16007.8
1791018180000,1.4832,1.484,1.4831,1.484,27207.8
1791018240000,1.4839,1.4839,1.4836,1.4839,27664.9
1791018300000,1.4838,1.4842,1.4838,1.4839,11994.2
1791018360000,1.484,1.4841,1.4836,1.4836,5462.2
1791018420000,1.4837,1.4837,1.4835,1.4836,5026.7
1791018480000,1.4836,1.4841,1.4836,1.484,9573.7
1791018540000,1.4841,1.4853,1.4841,1.4853,19326.1
1791018600000,1.4853,1.4859,1.4853,1.4859,37144.3
1791018660000,1.486,1.4861,1.4857,1.486,19932.6
1791018720000,1.4861,1.4861,1.4858,1.4859,9921.6
1791018780000,1.4859,1.4859,1.4854,1.4854,27045.9
1791018840000,1.4855,1.4855,1.4851,1.4851,9560.3
1791018900000,1.4851,1.4851,1.4845,1.4846,12546.7
1791018960000,1.4845,1.4845,1.4839,1.4843,10349.5
1791019020000,1.4844,1.485,1.4844,1.4845,29006.6
1791019080000,1.4845,1.4846,1.4843,1.4844,14405.9
1791019140000,1.4844,1.4861,1.4836,1.4838,233699.0
1791019200000,1.4838,1.4839,1.4837,1.4837,4468.2
1791019260000,1.4836,1.4836,1.4827,1.483,20881.3
1791019320000,1.483,1.4832,1.4829,1.4831,16404.4
1791019380000,1.483,1.4831,1.4827,1.4828,38337.3
1791019440000,1.4827,1.4828,1.4827,1.4828,16997.6
1791019500000,1.4828,1.4828,1.4827,1.4827,11286.5
1791019560000,1.4827,1.4827,1.4825,1.4826,5596.0
1791019620000,1.4826,1.483,1.4826,1.4829,10912.8
1791019680000,1.4829,1.4829,1.4828,1.4828,3881.2
1791019740000,1.4829,1.4829,1.4824,1.4825,7122.2
1791019800000,1.4825,1.4825,1.4822,1.4822,3637.5
1791019860000,1.4822,1.4823,1.4822,1.4822,15710.2
1791019920000,1.4823,1.4826,1.482,1.4825,10690.7
1791019980000,1.4826,1.4828,1.4825,1.4828,10666.7
1791020040000,1.4828,1.4831,1.4828,1.4829,5878.7
1791020100000,1.4828,1.4829,1.4822,1.4825,13104.0
1791020160000,1.4824,1.4825,1.4822,1.4825,7244.0
1791020220000,1.4824,1.4825,1.4824,1.4825,463.0
1791020280000,1.4824,1.4825,1.4824,1.4825,1524.9
1791020340000,1.4825,1.4825,1.4824,1.4824,2541.4
1791020400000,1.4824,1.4832,1.4824,1.483,15149.8
1791020460000,1.483,1.4833,1.483,1.4833,1550.3
1791020520000,1.4833,1.4835,1.4832,1.4833,5798.2
1791020580000,1.4832,1.4835,1.4831,1.4834,3616.1
1791020640000,1.4835,1.4835,1.4834,1.4834,1000.1
1791020700000,1.4834,1.4835,1.4833,1.4833,4241.8
1791020760000,1.4834,1.4834,1.4833,1.4834,7175.9
1791020820000,1.4835,1.4838,1.4835,1.4838,5934.4
1791020880000,1.4838,1.4838,1.4833,1.4833,3930.6
1791020940000,1.4833,1.4834,1.4833,1.4833,1764.5
1791021000000,1.4834,1.4834,1.4833,1.4833,11709.5
1791021060000,1.4834,1.4843,1.4834,1.4843,14328.0
1791021120000,1.4843,1.4843,1.4839,1.4842,32310.9
1791021180000,1.4842,1.4842,1.4838,1.4838,5451.0
1791021240000,1.4837,1.4837,1.4833,1.4834,3502.1
1791021300000,1.4834,1.4841,1.4834,1.4841,11905.2
1791021360000,1.484,1.4842,1.484,1.4842,4595.9
1791021420000,1.4843,1.4843,1.4839,1.4839,6283.4
1791021480000,1.4839,1.484,1.4832,1.4835,17470.2
1791021540000,1.4836,1.4837,1.4832,1.4832,35652.4
1791021600000,1.4832,1.4833,1.4832,1.4833,6198.3
1791021660000,1.4833,1.4833,1.483,1.483,5339.0
1791021720000,1.483,1.4831,1.4829,1.4829,2178.9
1791021780000,1.483,1.483,1.4829,1.483,5312.5
1791021840000,1.483,1.4836,1.4829,1.4836,18357.2
1791021900000,1.4835,1.4835,1.4831,1.4831,20204.4
1791021960000,1.4832,1.4835,1.4831,1.4833,2890.1
1791022020000,1.4834,1.4836,1.483,1.483,40618.5
1791022080000,1.483,1.483,1.4829,1.483,17822.7
1791022140000,1.4829,1.4835,1.4829,1.4835,27977.1
1791022200000,1.4836,1.4837,1.4836,1.4837,6339.0
1791022260000,1.4836,1.4841,1.4836,1.484,12175.4
1791022320000,1.4841,1.4841,1.4839,1.484,1835.7
1791022380000,1.4839,1.4841,1.4839,1.4839,7653.6
1791022440000,1.484,1.484,1.4837,1.4838,3937.6
1791022500000,1.4837,1.4837,1.4832,1.4833,6327.6
1791022560000,1.4833,1.4837,1.4832,1.4837,7825.8
1791022620000,1.4837,1.4838,1.4836,1.4837,5359.2
1791022680000,1.4837,1.4838,1.4837,1.4838,2127.3
1791022740000,1.4838,1.484,1.4832,1.4833,72273.7
1791022800000,1.4833,1.4833,1.483,1.483,5289.5
1791022860000,1.4831,1.4831,1.483,1.4831,1376.7
1791022920000,1.4831,1.4831,1.483,1.4831,4276.5
1791022980000,1.483,1.4831,1.483,1.483,6277.9
1791023040000,1.4831,1.4831,1.483,1.483,507.3
1791023100000,1.483,1.4832,1.483,1.4832,11897.9
1791023160000,1.4831,1.4832,1.483,1.483,9055.6
1791023220000,1.483,1.4836,1.483,1.4836,10580.7
1791023280000,1.4837,1.4844,1.4837,1.4844,38051.2
1791023340000,1.4845,1.4845,1.484,1.484,14507.9
1791023400000,1.484,1.4841,1.4838,1.4839,3077.6
1791023460000,1.4839,1.4845,1.4838,1.4844,49576.5
1791023520000,1.4844,1.4845,1.484,1.4841,67459.6
1791023580000,1.4841,1.4842,1.4841,1.4842,12636.2
1791023640000,1.4842,1.4847,1.4842,1.4845,5250.9
1791023700000,1.4844,1.4846,1.4838,1.4839,40553.9
1791023760000,1.4839,1.4843,1.4838,1.4843,15281.6
1791023820000,1.4842,1.4846,1.484,1.4846,11460.7
1791023880000,1.4847,1.4847,1.4844,1.4844,8606.1
1791023940000,1.4844,1.4845,1.4843,1.4844,6428.9
1791024000000,1.4843,1.4844,1.4843,1.4843,3067.0
1791024060000,1.4844,1.4847,1.4844,1.4845,13819.1
1791024120000,1.4846,1.4846,1.4843,1.4843,23659.4
1791024180000,1.4843,1.4844,1.484,1.484,23957.5
1791024240000,1.4841,1.4844,1.4841,1.4844,13229.0
1791024300000,1.4843,1.4845,1.4843,1.4844,5337.1
1791024360000,1.4844,1.4846,1.4844,1.4845,17106.3
1791024420000,1.4845,1.4846,1.4845,1.4846,3913.9
1791024480000,1.4845,1.4846,1.4845,1.4845,10282.4
1791024540000,1.4845,1.4845,1.4841,1.4841,15494.6
1791024600000,1.4842,1.4843,1.4841,1.4842,46641.3
1791024660000,1.4842,1.4844,1.4842,1.4843,1517.0
1791024720000,1.4844,1.4849,1.4844,1.4849,23588.1
1791024780000,1.4849,1.4849,1.4848,1.4849,22866.2
1791024840000,1.4848,1.4849,1.4844,1.4844,11279.4
1791024900000,1.4844,1.4845,1.4843,1.4844,12916.0
1791024960000,1.4845,1.4845,1.4843,1.4843,9352.6
1791025020000,1.4844,1.4844,1.4843,1.4844,3694.7
1791025080000,1.4844,1.4847,1.4844,1.4845,34979.1
1791025140000,1.4845,1.4846,1.484,1.4841,26177.4
1791025200000,1.4841,1.4842,1.4841,1.4842,5443.5
1791025260000,1.4841,1.4842,1.4838,1.4838,14122.7
1791025320000,1.4838,1.4839,1.4831,1.4831,34635.7
1791025380000,1.4831,1.4835,1.4831,1.4833,20672.4
1791025440000,1.4833,1.4835,1.4827,1.4834,53001.5
1791025500000,1.4834,1.4834,1.4828,1.4828,86512.5
1791025560000,1.4829,1.4836,1.4829,1.4835,23920.8
1791025620000,1.4836,1.4839,1.4835,1.4838,9573.1
1791025680000,1.4837,1.4838,1.4828,1.4828,6634.0
1791025740000,1.4829,1.4837,1.4828,1.4833,13728.4
1791025800000,1.4832,1.4832,1.4829,1.483,34114.1
1791025860000,1.483,1.4837,1.483,1.4833,26629.3
1791025920000,1.4834,1.484,1.4833,1.4835,61644.3
1791025980000,1.4836,1.4836,1.4831,1.4831,8247.2
1791026040000,1.483,1.483,1.4829,1.483,7346.3
1791026100000,1.4829,1.4829,1.4828,1.4828,20689.7
1791026160000,1.4829,1.483,1.4828,1.4829,8020.7
1791026220000,1.4828,1.4833,1.4826,1.4829,11702.9
1791026280000,1.4829,1.4837,1.4827,1.4836,139803.6
1791026340000,1.4835,1.4836,1.4832,1.4833,4808.9
1791026400000,1.4832,1.4833,1.4828,1.4829,9904.4
1791026460000,1.4828,1.4829,1.4828,1.4828,5660.6
1791026520000,1.4827,1.4828,1.4824,1.4825,9421.9
1791026580000,1.4824,1.4824,1.4822,1.4823,8952.3
1791026640000,1.4822,1.4823,1.4822,1.4823,7909.1
1791026700000,1.4823,1.4827,1.4822,1.4826,31369.8
1791026760000,1.4827,1.4827,1.4826,1.4826,8158.0
1791026820000,1.4826,1.4827,1.4826,1.4826,8253.8
1791026880000,1.4827,1.4831,1.4827,1.4831,10966.0
1791026940000,1.4831,1.4835,1.4831,1.4834,7056.4
1791027000000,1.4835,1.484,1.4834,1.4839,11340.4
1791027060000,1.484,1.4841,1.484,1.484,4988.2
1791027120000,1.4841,1.4841,1.4839,1.4839,21091.5
1791027180000,1.4839,1.484,1.4836,1.4839,91094.7
1791027240000,1.484,1.4846,1.484,1.4846,24259.0
1791027300000,1.4846,1.4863,1.4846,1.4862,46108.6
1791027360000,1.4862,1.4863,1.4854,1.4854,27566.2
1791027420000,1.4854,1.4857,1.4853,1.4856,30191.8
1791027480000,1.4857,1.4861,1.4856,1.486,20600.3
1791027540000,1.4861,1.4886,1.4861,1.4873,473049.4
1791027600000,1.4873,1.4883,1.487,1.4873,81779.0
1791027660000,1.4873,1.4873,1.4866,1.4866,71945.7
1791027720000,1.4867,1.4867,1.4856,1.4856,17315.4
1791027780000,1.4857,1.486,1.4856,1.4856,24033.6
1791027840000,1.4856,1.486,1.4856,1.4859,16390.1
1791027900000,1.4858,1.486,1.4858,1.4859,19395.5
1791027960000,1.486,1.4868,1.486,1.4868,32567.6
1791028020000,1.4868,1.4869,1.4867,1.4868,5207.6
1791028080000,1.4868,1.4876,1.4867,1.4873,49477.7
1791028140000,1.4874,1.4874,1.4862,1.4862,35255.4
1791028200000,1.4861,1.4864,1.4861,1.4863,20199.5
1791028260000,1.4863,1.4863,1.4859,1.486,3298.3
1791028320000,1.4859,1.4863,1.4859,1.4861,6708.4
1791028380000,1.4861,1.4865,1.486,1.4864,15362.5
1791028440000,1.4863,1.4863,1.486,1.4861,4793.0
1791028500000,1.486,1.4866,1.486,1.4865,10520.8
1791028560000,1.4866,1.4869,1.4862,1.4863,47051.0
1791028620000,1.4863,1.4863,1.4862,1.4863,2999.0
1791028680000,1.4863,1.4863,1.4862,1.4862,15451.6
1791028740000,1.4863,1.4863,1.4862,1.4863,4945.3
1791028800000,1.4863,1.4867,1.4863,1.4863,10463.1
1791028860000,1.4864,1.4872,1.4863,1.4871,11152.3
1791028920000,1.4872,1.4872,1.4867,1.4868,5473.4
1791028980000,1.4868,1.4876,1.4868,1.4875,8333.2
1791029040000,1.4875,1.4876,1.487,1.4876,12682.8
1791029100000,1.4877,1.4881,1.4877,1.488,25868.0
1791029160000,1.488,1.4887,1.488,1.4882,52393.8
1791029220000,1.4882,1.4889,1.4879,1.4886,72733.8
1791029280000,1.4887,1.489,1.4885,1.4887,12547.9
1791029340000,1.4887,1.4887,1.4883,1.4884,11697.9
1791029400000,1.4884,1.4884,1.4881,1.4882,10161.7
1791029460000,1.4882,1.4883,1.4881,1.4883,9006.9
1791029520000,1.4882,1.4883,1.4881,1.4881,8663.1
1791029580000,1.4882,1.4882,1.4879,1.4879,38455.7
1791029640000,1.488,1.4882,1.4879,1.488,35641.8
1791029700000,1.4881,1.4881,1.4868,1.4868,28669.0
1791029760000,1.4869,1.4869,1.4863,1.4867,26418.6
1791029820000,1.4866,1.487,1.4866,1.487,14923.8
1791029880000,1.487,1.4884,1.487,1.4883,29154.0
1791029940000,1.4883,1.4885,1.4881,1.4883,8458.9
1791030000000,1.4882,1.4884,1.4879,1.488,84997.0
1791030060000,1.4881,1.4889,1.4881,1.4888,49240.3
1791030120000,1.4888,1.4888,1.4876,1.4876,16500.7
1791030180000,1.4875,1.488,1.4871,1.4879,23967.9
1791030240000,1.4879,1.4881,1.4874,1.4875,57440.4
1791030300000,1.4875,1.4881,1.4866,1.4866,18108.2
1791030360000,1.4867,1.4868,1.4864,1.4865,58848.0
1791030420000,1.4866,1.4866,1.4854,1.4856,114785.3
1791030480000,1.4857,1.4866,1.4856,1.486,84644.2
1791030540000,1.4861,1.4861,1.4851,1.4852,135459.5
1791030600000,1.4853,1.4853,1.4852,1.4853,6364.3
1791030660000,1.4853,1.4857,1.4853,1.4854,22539.9
1791030720000,1.4854,1.4855,1.4851,1.4853,9984.2
1791030780000,1.4853,1.4858,1.4853,1.4854,18148.5
1791030840000,1.4853,1.4854,1.4851,1.4851,8793.3
1791030900000,1.4852,1.4854,1.485,1.485,52589.8
1791030960000,1.485,1.4851,1.4845,1.4849,58264.6
1791031020000,1.485,1.485,1.4845,1.4845,10403.6
1791031080000,1.4846,1.4846,1.4841,1.4843,9025.8
1791031140000,1.4843,1.4855,1.4839,1.4849,94292.5
1791031200000,1.4849,1.485,1.4845,1.4846,21480.4
1791031260000,1.4846,1.4846,1.4836,1.4837,47299.2
1791031320000,1.4837,1.4837,1.4826,1.4827,18871.4
1791031380000,1.4827,1.4832,1.4825,1.4828,69944.6
1791031440000,1.4828,1.483,1.4827,1.483,23789.1
1791031500000,1.483,1.4837,1.483,1.4833,30063.4
1791031560000,1.4833,1.4838,1.4833,1.4836,8781.3
1791031620000,1.4835,1.4845,1.4834,1.4842,12310.1
1791031680000,1.4842,1.4846,1.484,1.484,10588.6
1791031740000,1.484,1.484,1.4836,1.4838,7631.1
1791031800000,1.4838,1.4843,1.4838,1.4843,8786.2
1791031860000,1.4842,1.4842,1.4841,1.4842,6616.9
1791031920000,1.4842,1.4848,1.4842,1.4848,8107.0
1791031980000,1.4847,1.4847,1.4842,1.4846,8030.2
1791032040000,1.4846,1.4847,1.4844,1.4846,13242.4
1791032100000,1.4846,1.4855,1.4846,1.4855,8895.3
1791032160000,1.4855,1.4861,1.4855,1.4861,7753.3
1791032220000,1.4861,1.4861,1.4857,1.4858,73839.9
1791032280000,1.4857,1.4858,1.4853,1.4854,39083.5
1791032340000,1.4854,1.4858,1.4854,1.4855,13122.7
1791032400000,1.4855,1.4856,1.4851,1.4852,5698.5
1791032460000,1.4851,1.4859,1.4851,1.4858,3655.9
1791032520000,1.4859,1.4862,1.4857,1.4862,5910.5
1791032580000,1.4863,1.487,1.4863,1.487,12194.6
1791032640000,1.4869,1.4869,1.4857,1.4858,10793.5
1791032700000,1.4857,1.486,1.4856,1.4859,6502.8
1791032760000,1.486,1.4869,1.486,1.4867,5487.4
1791032820000,1.4866,1.4866,1.486,1.4861,3245.0
1791032880000,1.4861,1.4861,1.4857,1.4858,5428.5
1791032940000,1.4857,1.4858,1.4852,1.4858,26031.8
1791033000000,1.4858,1.4859,1.4855,1.4857,17301.2
1791033060000,1.4856,1.4857,1.4844,1.4845,9055.4
1791033120000,1.4845,1.4845,1.4841,1.4841,3973.3
1791033180000,1.4841,1.4846,1.4841,1.4846,18909.2
1791033240000,1.4846,1.4849,1.4846,1.4849,28251.8
1791033300000,1.4849,1.485,1.4844,1.4844,98552.3
1791033360000,1.4845,1.4849,1.4844,1.4846,18553.4
1791033420000,1.4845,1.4845,1.484,1.4841,10187.1
1791033480000,1.4842,1.4845,1.484,1.4841,5411.0
1791033540000,1.484,1.4841,1.484,1.4841,14477.3
1791033600000,1.484,1.484,1.4832,1.4832,24538.7
1791033660000,1.4833,1.4833,1.4828,1.4828,13460.3
1791033720000,1.4828,1.4829,1.4828,1.4829,6705.2
1791033780000,1.4829,1.4832,1.4829,1.483,46117.6
1791033840000,1.4831,1.4831,1.483,1.483,7746.6
1791033900000,1.4831,1.4838,1.4831,1.4832,26086.6
1791033960000,1.4833,1.4837,1.4832,1.4837,5443.8
1791034020000,1.4837,1.4839,1.4834,1.4835,13958.9
1791034080000,1.4835,1.4839,1.4835,1.4839,10066.0
1791034140000,1.4839,1.4841,1.4839,1.4841,531.4
1791034200000,1.4841,1.4841,1.4836,1.4837,5322.9
1791034260000,1.4838,1.484,1.4838,1.484,2444.7
1791034320000,1.4839,1.484,1.4839,1.484,1755.3
1791034380000,1.4841,1.4848,1.484,1.4847,7952.7
1791034440000,1.4848,1.486,1.4848,1.486,63893.7
1791034500000,1.4859,1.4865,1.4853,1.4856,66941.4
1791034560000,1.4856,1.486,1.4854,1.4854,10320.3
1791034620000,1.4855,1.4855,1.4846,1.4851,9384.3
1791034680000,1.4851,1.4858,1.4851,1.4855,21831.1
1791034740000,1.4855,1.4857,1.4854,1.4855,6388.1
1791034800000,1.4856,1.4859,1.4856,1.4858,18183.9
1791034860000,1.4859,1.4862,1.4859,1.4861,21636.9
1791034920000,1.486,1.486,1.4854,1.4858,75437.2
1791034980000,1.4858,1.486,1.4857,1.4858,7002.8
1791035040000,1.4859,1.4859,1.4828,1.4829,1610256.6
1791035100000,1.4829,1.4831,1.4828,1.4828,15107.9
1791035160000,1.4829,1.4833,1.4829,1.4833,11437.6
1791035220000,1.4833,1.485,1.4832,1.484,561179.8
1791035280000,1.484,1.4858,1.484,1.4856,342436.4
1791035340000,1.4856,1.4856,1.4854,1.4854,6504.1
1791035400000,1.4855,1.4859,1.4855,1.4857,10237.2
1791035460000,1.4857,1.4861,1.4857,1.4858,79204.1
1791035520000,1.4858,1.4862,1.4857,1.4862,11304.2
1791035580000,1.4861,1.4862,1.4861,1.4861,2944.1
1791035640000,1.4861,1.4862,1.4861,1.4862,15145.6
1791035700000,1.4861,1.4862,1.4861,1.4862,1942.0
1791035760000,1.4861,1.4862,1.4861,1.4862,3578.8
1791035820000,1.4862,1.4862,1.4861,1.4861,3590.4
1791035880000,1.4862,1.4862,1.4861,1.4862,2788.6
1791035940000,1.4861,1.4871,1.4861,1.4867,139228.9
1791036000000,1.4867,1.4867,1.4866,1.4867,15907.2
1791036060000,1.4866,1.4866,1.4862,1.4863,32558.0
1791036120000,1.4863,1.4863,1.4854,1.4854,11182.3
1791036180000,1.4855,1.487,1.4853,1.486,565241.2
1791036240000,1.486,1.4869,1.4851,1.4852,238124.4
1791036300000,1.4851,1.4856,1.4851,1.4851,33452.8
1791036360000,1.485,1.485,1.4838,1.4839,56511.6
1791036420000,1.4839,1.4847,1.4838,1.4847,90846.4
1791036480000,1.4847,1.4848,1.4844,1.4845,16576.4
1791036540000,1.4845,1.4845,1.4844,1.4845,4231.7
1791036600000,1.4844,1.4847,1.484,1.4841,18175.1
1791036660000,1.4841,1.4841,1.4831,1.4831,27158.4
1791036720000,1.4831,1.4833,1.483,1.4833,30533.5
1791036780000,1.4833,1.4836,1.4832,1.4835,11622.2
1791036840000,1.4835,1.4836,1.4833,1.4833,21581.7
1791036900000,1.4834,1.484,1.4833,1.4839,15366.4
1791036960000,1.484,1.4848,1.484,1.484,36247.1
1791037020000,1.4839,1.4842,1.4839,1.4841,7387.3
1791037080000,1.4841,1.4845,1.4841,1.4845,12503.9
1791037140000,1.4844,1.4845,1.4842,1.4843,17695.8
1791037200000,1.4843,1.4849,1.4843,1.4844,58867.6
1791037260000,1.4844,1.4845,1.4844,1.4844,10229.1
1791037320000,1.4845,1.4847,1.4844,1.4846,11046.9
1791037380000,1.4846,1.4848,1.4846,1.4848,11004.8
1791037440000,1.4848,1.4848,1.4847,1.4847,22751.3
1791037500000,1.4848,1.4848,1.4847,1.4848,16365.3
1791037560000,1.4847,1.4854,1.4847,1.4854,10863.6
1791037620000,1.4854,1.4858,1.4854,1.4854,18811.7
1791037680000,1.4854,1.486,1.4854,1.4856,21982.7
1791037740000,1.4855,1.4856,1.4854,1.4854,10941.1
1791037800000,1.4854,1.4858,1.4852,1.4852,36190.6
1791037860000,1.4852,1.4854,1.4852,1.4854,15380.6
1791037920000,1.4854,1.4857,1.485,1.4851,24998.4
1791037980000,1.4851,1.4858,1.485,1.4855,29947.4
1791038040000,1.4854,1.4857,1.4854,1.4855,7747.9
1791038100000,1.4854,1.4854,1.4844,1.4845,27576.0
1791038160000,1.4844,1.4848,1.4844,1.4847,4980.2
1791038220000,1.4847,1.485,1.4847,1.485,15088.8
1791038280000,1.485,1.485,1.4844,1.485,25739.9
1791038340000,1.485,1.4856,1.485,1.4852,30681.5
1791038400000,1.4852,1.4856,1.4852,1.4853,13051.0
1791038460000,1.4854,1.4858,1.4854,1.4858,16735.1
1791038520000,1.4857,1.4858,1.4857,1.4857,4505.2
1791038580000,1.4857,1.4859,1.4857,1.4858,5089.1
1791038640000,1.4859,1.4863,1.4859,1.4862,12214.7
1791038700000,1.4863,1.4875,1.4863,1.4875,43844.3
1791038760000,1.4876,1.4886,1.4876,1.4884,91326.0
1791038820000,1.4884,1.4891,1.4884,1.4891,170152.7
1791038880000,1.4891,1.4899,1.4891,1.4899,127200.5
1791038940000,1.4899,1.4916,1.4899,1.491,92862.5
1791039000000,1.491,1.4915,1.4903,1.4904,56586.3
1791039060000,1.4904,1.4906,1.4896,1.4896,25263.8
1791039120000,1.4897,1.4897,1.4893,1.4893,17476.5
1791039180000,1.4892,1.4893,1.4892,1.4893,12230.9
1791039240000,1.4894,1.4894,1.4892,1.4892,15773.6
1791039300000,1.4892,1.49,1.4892,1.4897,48129.8
1791039360000,1.4896,1.4905,1.4896,1.4902,18644.0
1791039420000,1.4902,1.4902,1.4891,1.4892,40852.3
1791039480000,1.4891,1.4898,1.4891,1.4895,29580.1
1791039540000,1.4896,1.4901,1.4895,1.4901,25552.6
1791039600000,1.49,1.49,1.4881,1.4882,118538.1
1791039660000,1.4882,1.4882,1.4874,1.4875,19522.2
1791039720000,1.4875,1.4881,1.4875,1.4881,20287.6
1791039780000,1.4881,1.4881,1.488,1.4881,12709.4
1791039840000,1.488,1.4887,1.488,1.4882,22601.6
1791039900000,1.4881,1.489,1.4881,1.4887,46548.3
1791039960000,1.4888,1.4891,1.4887,1.489,52121.8
1791040020000,1.4889,1.489,1.4879,1.4881,92924.3
1791040080000,1.4882,1.4889,1.4882,1.4886,57122.2
1791040140000,1.4886,1.4893,1.4886,1.4893,52913.2
1791040200000,1.4892,1.4892,1.4889,1.4889,30172.0
1791040260000,1.4889,1.4889,1.4877,1.4878,65397.1
1791040320000,1.4877,1.4878,1.4877,1.4877,5463.8
1791040380000,1.4877,1.4877,1.4875,1.4876,19753.1
1791040440000,1.4876,1.4891,1.4875,1.4891,92398.8
1791040500000,1.489,1.4895,1.4875,1.4875,36268.7
1791040560000,1.4876,1.4883,1.4875,1.4882,14247.2
1791040620000,1.4883,1.4889,1.4882,1.4888,4764.7
1791040680000,1.4888,1.4889,1.4882,1.4883,18837.2
1791040740000,1.4883,1.4888,1.4882,1.4886,13714.1
1791040800000,1.4886,1.4897,1.4886,1.4897,79279.2
1791040860000,1.4898,1.4909,1.4898,1.4902,154601.1
1791040920000,1.4902,1.4902,1.4899,1.49,20503.8
1791040980000,1.49,1.49,1.4896,1.4899,28083.2
1791041040000,1.49,1.4902,1.4895,1.4896,60723.3
1791041100000,1.4897,1.4897,1.4896,1.4896,30916.6
1791041160000,1.4897,1.49,1.4897,1.49,17107.7
1791041220000,1.4899,1.491,1.4899,1.4905,28057.0
1791041280000,1.4906,1.4907,1.4902,1.4902,24506.7
1791041340000,1.4902,1.4903,1.4902,1.4902,33628.1
1791041400000,1.4902,1.4908,1.4902,1.4908,28952.9
1791041460000,1.4907,1.4909,1.4901,1.4902,22990.6
1791041520000,1.4901,1.4919,1.4901,1.4916,49376.7
1791041580000,1.4916,1.4916,1.491,1.491,26162.4
1791041640000,1.4911,1.4913,1.4902,1.4912,65348.5
1791041700000,1.4912,1.4912,1.4903,1.4911,38408.6
1791041760000,1.4911,1.4912,1.4903,1.4903,29455.9
1791041820000,1.4903,1.4903,1.49,1.49,9146.6
1791041880000,1.4901,1.4918,1.4901,1.4913,68186.3
1791041940000,1.4913,1.4913,1.4909,1.4911,14570.3
1791042000000,1.4911,1.4917,1.491,1.4916,27458.9
1791042060000,1.4916,1.4921,1.4912,1.4921,23738.9
1791042120000,1.4921,1.4922,1.491,1.491,36037.5
1791042180000,1.4911,1.492,1.491,1.492,21928.9
1791042240000,1.4919,1.4922,1.4915,1.4915,33909.8
1791042300000,1.4916,1.4926,1.4916,1.4925,50114.0
1791042360000,1.4926,1.4926,1.4925,1.4925,4440.8
1791042420000,1.4925,1.4925,1.4918,1.492,74138.9
1791042480000,1.4919,1.4921,1.4914,1.4921,31396.8
1791042540000,1.4921,1.4925,1.4921,1.4925,16883.5
1791042600000,1.4925,1.4925,1.492,1.492,22378.9
1791042660000,1.492,1.492,1.4917,1.4917,10758.6
1791042720000,1.4917,1.4917,1.4909,1.491,17405.9
1791042780000,1.491,1.4911,1.4909,1.4909,21298.9
1791042840000,1.4908,1.4909,1.4908,1.4909,10265.9
1791042900000,1.4908,1.4909,1.4907,1.4908,4805.1
1791042960000,1.4907,1.4908,1.4906,1.4907,12690.2
1791043020000,1.4906,1.4907,1.4906,1.4906,2478.5
1791043080000,1.4907,1.4907,1.4903,1.4903,31644.7
1791043140000,1.4904,1.4904,1.49,1.49,45932.6
1791043200000,1.49,1.49,1.4891,1.4892,26541.1
1791043260000,1.4892,1.4892,1.4882,1.4882,44945.2
1791043320000,1.4883,1.4885,1.4878,1.4879,61238.9
1791043380000,1.4879,1.4882,1.4879,1.4881,11714.8
1791043440000,1.4882,1.4888,1.4882,1.4888,22368.5
1791043500000,1.4887,1.4887,1.4882,1.4885,25858.2
1791043560000,1.4884,1.4885,1.4879,1.4879,17646.9
1791043620000,1.4879,1.4883,1.4879,1.4882,14415.1
1791043680000,1.4883,1.489,1.4882,1.489,28227.7
1791043740000,1.4891,1.4891,1.4883,1.4883,11843.2
1791043800000,1.4884,1.4884,1.4883,1.4883,1788.7
1791043860000,1.4884,1.4884,1.4882,1.4883,2680.2
1791043920000,1.4883,1.4892,1.4883,1.4892,74593.6
1791043980000,1.4891,1.4891,1.4881,1.4881,15808.9
1791044040000,1.4882,1.4882,1.488,1.488,23014.1
1791044100000,1.488,1.4881,1.488,1.4881,1534.4
1791044160000,1.488,1.4881,1.487,1.4871,44708.8
1791044220000,1.487,1.487,1.4861,1.4861,18229.0
1791044280000,1.4862,1.4871,1.4861,1.4868,81023.0
1791044340000,1.4867,1.4871,1.4867,1.487,21954.3
1791044400000,1.4871,1.4879,1.4871,1.4875,45748.3
1791044460000,1.4876,1.488,1.4875,1.4876,9905.1
1791044520000,1.4876,1.4877,1.4876,1.4877,9075.0
1791044580000,1.4876,1.4877,1.4876,1.4876,2805.2
1791044640000,1.4876,1.4877,1.4876,1.4876,2183.3
1791044700000,1.4876,1.4877,1.4874,1.4875,9416.0
1791044760000,1.4875,1.4875,1.4874,1.4874,3269.5
1791044820000,1.4875,1.4877,1.4875,1.4877,16931.0
1791044880000,1.4876,1.4878,1.4876,1.4877,11544.6
1791044940000,1.4878,1.4887,1.4878,1.4886,29051.1
1791045000000,1.4887,1.4897,1.4887,1.4897,7212.2
1791045060000,1.4896,1.49,1.4896,1.4899,13616.8
1791045120000,1.49,1.49,1.489,1.4899,95857.0
1791045180000,1.49,1.49,1.4897,1.49,35331.7
1791045240000,1.4899,1.4903,1.4898,1.4899,21119.4
1791045300000,1.4898,1.4899,1.489,1.4892,15481.6
1791045360000,1.4893,1.4894,1.489,1.4893,11513.9
1791045420000,1.4893,1.4893,1.489,1.4891,4164.3
1791045480000,1.4891,1.4898,1.489,1.4896,42694.0
1791045540000,1.4897,1.4912,1.4897,1.491,52138.9
1791045600000,1.491,1.4911,1.491,1.4911,2594.0
1791045660000,1.491,1.4915,1.4909,1.4914,122877.6
1791045720000,1.4914,1.4914,1.4905,1.4906,38671.3
1791045780000,1.4906,1.4906,1.4903,1.4904,42416.5
1791045840000,1.4905,1.4905,1.4901,1.4902,13331.5
1791045900000,1.4902,1.4905,1.4901,1.4901,13893.6
1791045960000,1.4902,1.4904,1.4896,1.4897,13958.5
1791046020000,1.4898,1.4903,1.4897,1.49,24929.1
1791046080000,1.4901,1.4901,1.4892,1.4892,9269.2
1791046140000,1.4893,1.4898,1.4893,1.4894,21778.4
1791046200000,1.4895,1.4898,1.4894,1.4894,11010.0
1791046260000,1.4895,1.4897,1.4894,1.4894,22656.3
1791046320000,1.4894,1.4895,1.4892,1.4892,8089.2
1791046380000,1.4892,1.4892,1.4887,1.4889,13697.0
1791046440000,1.4889,1.4891,1.4888,1.4891,4966.9
1791046500000,1.4891,1.4892,1.4891,1.4891,3022.5
1791046560000,1.4892,1.49,1.4892,1.49,79961.4
1791046620000,1.49,1.4904,1.4899,1.4901,19387.6
1791046680000,1.4901,1.4906,1.4901,1.4903,15153.1
1791046740000,1.4903,1.4904,1.4902,1.4903,7869.6
1791046800000,1.4904,1.4904,1.4896,1.4896,87027.4
1791046860000,1.4896,1.4897,1.4889,1.4889,41791.6
1791046920000,1.4889,1.4894,1.4886,1.4893,105987.0
1791046980000,1.4894,1.4897,1.489,1.4891,93442.2
1791047040000,1.489,1.4895,1.4888,1.4894,106204.5
1791047100000,1.4895,1.4906,1.4894,1.4905,118663.3
1791047160000,1.4905,1.4913,1.4905,1.4912,69713.2
1791047220000,1.4912,1.492,1.4912,1.4916,119899.9
1791047280000,1.4917,1.492,1.4917,1.492,4117.6
1791047340000,1.492,1.4936,1.492,1.4935,68670.7
1791047400000,1.4935,1.4947,1.4935,1.494,185885.5
1791047460000,1.494,1.4945,1.4938,1.4944,130006.2
1791047520000,1.4944,1.4945,1.494,1.4944,80337.7
1791047580000,1.4944,1.4945,1.4942,1.4943,81025.2
1791047640000,1.4943,1.4947,1.4931,1.4932,263918.6
1791047700000,1.4932,1.4936,1.4924,1.4936,447340.4
1791047760000,1.4935,1.4948,1.4935,1.4946,52897.1
1791047820000,1.4946,1.4946,1.493,1.4934,41707.8
1791047880000,1.4933,1.4948,1.4933,1.4948,11234.4
1791047940000,1.4948,1.495,1.4946,1.4946,20031.4
1791048000000,1.4947,1.4954,1.4947,1.4953,27111.1
1791048060000,1.4953,1.496,1.4942,1.4945,65730.2
1791048120000,1.4945,1.4957,1.4944,1.4955,67038.4
1791048180000,1.4955,1.4955,1.4952,1.4955,26327.2
1791048240000,1.4954,1.4955,1.495,1.495,16418.0
1791048300000,1.495,1.4954,1.4941,1.4944,44854.6
1791048360000,1.4943,1.4947,1.4942,1.4943,15898.0
1791048420000,1.4942,1.4943,1.4933,1.4937,63078.0
1791048480000,1.4937,1.4937,1.4929,1.4929,19140.8
1791048540000,1.4929,1.4932,1.4928,1.4928,15699.5
1791048600000,1.4928,1.4929,1.4914,1.4914,30469.5
1791048660000,1.4915,1.4916,1.4904,1.4905,22429.2
1791048720000,1.4904,1.4916,1.4901,1.4911,52920.1
1791048780000,1.4911,1.4911,1.4904,1.4904,13981.7
1791048840000,1.4904,1.4911,1.49,1.4911,31734.2
1791048900000,1.4911,1.4914,1.4905,1.4905,18458.8
1791048960000,1.4906,1.491,1.4902,1.491,13029.1
1791049020000,1.491,1.4921,1.4907,1.4921,14905.2
1791049080000,1.492,1.492,1.4907,1.491,28744.6
1791049140000,1.4911,1.4924,1.491,1.4923,8286.9
1791049200000,1.4923,1.4925,1.4921,1.4921,19780.7
1791049260000,1.4921,1.4924,1.4917,1.4924,51226.4
1791049320000,1.4924,1.4926,1.4919,1.4924,31682.3
1791049380000,1.4924,1.493,1.492,1.4929,23623.8
1791049440000,1.4929,1.4939,1.4929,1.4933,28283.6
1791049500000,1.4934,1.4934,1.4915,1.4917,32674.6
1791049560000,1.4917,1.4927,1.4916,1.4927,38912.6
1791049620000,1.4928,1.4928,1.4916,1.4916,23941.3
1791049680000,1.4916,1.4918,1.4912,1.4914,12609.2
1791049740000,1.4914,1.4915,1.4911,1.4914,23503.6
1791049800000,1.4914,1.4936,1.4914,1.4936,72129.6
1791049860000,1.4935,1.4935,1.4925,1.4929,34017.2
1791049920000,1.4928,1.4942,1.4927,1.4942,33593.9
1791049980000,1.4942,1.4942,1.4919,1.492,74551.9
1791050040000,1.4921,1.4928,1.492,1.4927,27040.5
1791050100000,1.4928,1.4928,1.4922,1.4923,14248.9
1791050160000,1.4924,1.4925,1.4923,1.4925,17020.5
1791050220000,1.4925,1.493,1.4923,1.4929,60979.2
1791050280000,1.4928,1.493,1.4925,1.4928,60610.9
1791050340000,1.4928,1.4941,1.4928,1.4936,109257.3
1791050400000,1.4937,1.4937,1.4928,1.4932,65638.9
1791050460000,1.4933,1.4946,1.4933,1.4946,34348.9
1791050520000,1.4947,1.4948,1.4943,1.4946,99331.1
1791050580000,1.4946,1.4948,1.4941,1.4945,52656.4
1791050640000,1.4944,1.4944,1.4939,1.4943,42683.6
1791050700000,1.4944,1.4944,1.494,1.4941,11260.4
1791050760000,1.4941,1.4945,1.4939,1.4945,28195.4
1791050820000,1.4945,1.4946,1.494,1.4943,18841.3
1791050880000,1.4942,1.4942,1.4936,1.4937,14518.4
1791050940000,1.4937,1.4945,1.4937,1.4942,13028.6
1791051000000,1.4941,1.4947,1.4925,1.4928,179656.1
1791051060000,1.4928,1.4928,1.492,1.492,53433.3
1791051120000,1.492,1.4925,1.4916,1.4924,47753.3
1791051180000,1.4923,1.4926,1.4921,1.4922,23956.8
1791051240000,1.4922,1.4924,1.4919,1.4923,47668.1
1791051300000,1.4923,1.4928,1.4921,1.4928,37815.4
1791051360000,1.4928,1.4933,1.4928,1.4928,68254.8
1791051420000,1.4928,1.4928,1.4917,1.4917,16064.5
1791051480000,1.4917,1.4917,1.4911,1.4912,48447.7
1791051540000,1.4913,1.4913,1.491,1.4913,15031.8
1791051600000,1.4913,1.4913,1.4912,1.4913,2316.7
1791051660000,1.4912,1.4913,1.4912,1.4913,3066.9
1791051720000,1.4912,1.4913,1.4908,1.4911,67694.7
1791051780000,1.4911,1.4915,1.491,1.4914,34362.2
1791051840000,1.4914,1.4919,1.4914,1.4919,74804.4
1791051900000,1.4918,1.4922,1.4918,1.4922,12987.3
1791051960000,1.4921,1.4922,1.4921,1.4922,7184.1
1791052020000,1.4922,1.4922,1.4921,1.4921,3258.3
1791052080000,1.4922,1.4929,1.4922,1.4929,16566.6
1791052140000,1.4929,1.4929,1.4925,1.4928,21902.9
1791052200000,1.4929,1.4933,1.4921,1.4922,19474.7
1791052260000,1.4921,1.4923,1.4921,1.4922,8212.5
1791052320000,1.4923,1.4926,1.4922,1.4926,9327.4
1791052380000,1.4926,1.4926,1.4925,1.4925,830.4
1791052440000,1.4926,1.4926,1.4921,1.4924,27277.9
1791052500000,1.4924,1.4924,1.4923,1.4924,1544.3
1791052560000,1.4923,1.493,1.4922,1.493,101597.3
1791052620000,1.4931,1.4935,1.4928,1.4929,26726.1
1791052680000,1.4928,1.4935,1.4928,1.4929,44389.1
1791052740000,1.493,1.4931,1.4924,1.4924,82154.0
1791052800000,1.4924,1.4931,1.4924,1.4929,51410.7
1791052860000,1.4929,1.4929,1.4915,1.4919,78596.6
1791052920000,1.492,1.4927,1.492,1.4926,42870.5
1791052980000,1.4927,1.493,1.4926,1.4927,48585.2
1791053040000,1.4926,1.4927,1.4923,1.4923,23815.8
1791053100000,1.4924,1.4924,1.4914,1.4916,14870.9
1791053160000,1.4916,1.4919,1.4915,1.4917,20649.2
1791053220000,1.4917,1.4917,1.4909,1.4909,31295.7
1791053280000,1.4909,1.491,1.4902,1.4903,19723.4
1791053340000,1.4902,1.4903,1.4895,1.4898,32123.7
1791053400000,1.4898,1.4899,1.4898,1.4898,4296.9
1791053460000,1.4898,1.4899,1.4892,1.4895,28443.9
1791053520000,1.4895,1.4897,1.4895,1.4896,30867.2
1791053580000,1.4896,1.4897,1.4892,1.4893,19262.9
1791053640000,1.4894,1.4894,1.4885,1.4891,39445.4
1791053700000,1.4891,1.4893,1.4891,1.4892,27730.6
1791053760000,1.4891,1.4898,1.4891,1.4897,14147.7
1791053820000,1.4897,1.4902,1.4897,1.4902,9181.2
1791053880000,1.4902,1.491,1.4902,1.4903,40442.9
1791053940000,1.4903,1.4908,1.4901,1.4901,25852.3
1791054000000,1.49,1.4903,1.4896,1.4898,9765.7
1791054060000,1.4898,1.4902,1.4891,1.4891,47118.7
1791054120000,1.4892,1.4892,1.4885,1.4885,25708.5
1791054180000,1.4886,1.4886,1.4876,1.4876,44538.6
1791054240000,1.4877,1.4879,1.4876,1.4879,18028.3
1791054300000,1.4879,1.4879,1.4878,1.4878,11405.2
1791054360000,1.4879,1.4886,1.4878,1.4885,39067.7
1791054420000,1.4885,1.4887,1.4884,1.4886,9255.1
1791054480000,1.4886,1.4887,1.4881,1.4881,65075.6
1791054540000,1.4882,1.4882,1.488,1.488,19241.7
1791054600000,1.488,1.4881,1.4879,1.4881,13932.3
1791054660000,1.488,1.4881,1.4878,1.4878,25176.3
1791054720000,1.4879,1.4879,1.4878,1.4878,6912.5
1791054780000,1.4878,1.4879,1.4878,1.4878,5853.5
1791054840000,1.4878,1.4882,1.4878,1.4881,8987.9
1791054900000,1.4882,1.4885,1.4881,1.4884,18545.8
1791054960000,1.4885,1.4892,1.4885,1.4888,20502.1
1791055020000,1.4888,1.489,1.4883,1.4883,28478.6
1791055080000,1.4884,1.4884,1.488,1.488,43266.2
1791055140000,1.488,1.488,1.4873,1.4878,65906.5
1791055200000,1.4879,1.4879,1.4875,1.4875,29049.6
1791055260000,1.4876,1.4876,1.4874,1.4874,7887.4
1791055320000,1.4874,1.4876,1.4874,1.4875,32678.7
1791055380000,1.4874,1.4875,1.4874,1.4875,26310.6
1791055440000,1.4874,1.488,1.4874,1.4878,50277.3
1791055500000,1.4877,1.4878,1.4877,1.4878,6260.4
1791055560000,1.4878,1.488,1.4878,1.4879,15295.9
1791055620000,1.4879,1.4881,1.4879,1.488,3717.4
1791055680000,1.488,1.4881,1.488,1.488,5821.8
1791055740000,1.488,1.4882,1.4876,1.4876,22729.3
1791055800000,1.4876,1.4877,1.4875,1.4877,7392.6
1791055860000,1.4876,1.4885,1.4876,1.4883,17199.6
1791055920000,1.4884,1.4884,1.4877,1.4877,17850.7
1791055980000,1.4877,1.4878,1.4875,1.4875,11640.2
1791056040000,1.4875,1.488,1.4875,1.488,7912.8
1791056100000,1.4879,1.488,1.4879,1.488,6070.0
1791056160000,1.488,1.4882,1.4876,1.4877,27746.8
1791056220000,1.4877,1.4882,1.4877,1.4881,15366.5
1791056280000,1.4881,1.4887,1.4881,1.4886,10785.7
1791056340000,1.4886,1.4887,1.4879,1.4879,33749.8
1791056400000,1.4879,1.4882,1.4877,1.4878,67357.2
1791056460000,1.4879,1.489,1.4878,1.4889,64745.0
1791056520000,1.4888,1.4889,1.4886,1.4887,6782.3
1791056580000,1.4886,1.4886,1.4884,1.4884,6744.7
1791056640000,1.4885,1.4885,1.4881,1.4881,21405.1
1791056700000,1.4881,1.4881,1.488,1.4881,11870.3
1791056760000,1.488,1.4881,1.488,1.4881,5212.1
1791056820000,1.488,1.488,1.487,1.4875,48511.7
1791056880000,1.4875,1.4881,1.4875,1.488,18816.5
1791056940000,1.488,1.4881,1.4876,1.4876,11958.9
1791057000000,1.4877,1.4885,1.4876,1.4877,58149.3
1791057060000,1.4877,1.4881,1.4876,1.4881,32923.8
1791057120000,1.488,1.4881,1.4879,1.488,19725.9
1791057180000,1.488,1.4882,1.488,1.4881,17123.7
1791057240000,1.4881,1.489,1.4876,1.489,144980.1
1791057300000,1.489,1.4892,1.4887,1.4887,15371.9
1791057360000,1.4886,1.4887,1.4885,1.4885,6928.0
1791057420000,1.4885,1.4886,1.4884,1.4884,13437.9
1791057480000,1.4884,1.4889,1.4884,1.4889,11973.5
1791057540000,1.4888,1.4889,1.4884,1.4885,7839.3
1791057600000,1.4884,1.4895,1.4884,1.4895,7080.5
1791057660000,1.4895,1.4909,1.4895,1.4908,20467.7
1791057720000,1.4909,1.4918,1.4909,1.4917,8941.9
1791057780000,1.4918,1.492,1.4916,1.4918,14393.8
1791057840000,1.4918,1.4919,1.4911,1.4911,17089.7
1791057900000,1.491,1.4912,1.4905,1.4905,17193.5
1791057960000,1.4905,1.4905,1.49,1.4905,20572.1
1791058020000,1.4904,1.4908,1.4904,1.4905,9886.1
1791058080000,1.4906,1.4909,1.4905,1.4907,15990.7
1791058140000,1.4906,1.4907,1.4904,1.4904,10265.0
1791058200000,1.4904,1.4906,1.4898,1.4899,20163.4
1791058260000,1.4898,1.4902,1.4898,1.4901,6227.1
1791058320000,1.4901,1.4903,1.4893,1.4903,60150.7
1791058380000,1.4904,1.4905,1.4901,1.4904,16461.0
1791058440000,1.4905,1.4907,1.4904,1.4906,10406.2
1791058500000,1.4906,1.4906,1.4901,1.4904,44350.1
1791058560000,1.4905,1.4906,1.4901,1.4902,13511.7
1791058620000,1.4902,1.4904,1.4902,1.4904,8781.9
1791058680000,1.4904,1.4908,1.4903,1.4907,43322.0
1791058740000,1.4907,1.4918,1.4907,1.4914,58176.3
1791058800000,1.4914,1.4916,1.4908,1.4916,42929.1
1791058860000,1.4915,1.4915,1.4911,1.4911,26550.9
1791058920000,1.4911,1.4911,1.4896,1.4897,71446.6
1791058980000,1.4897,1.49,1.4897,1.49,11670.1
1791059040000,1.4901,1.4904,1.4901,1.4903,6313.1
1791059100000,1.4903,1.491,1.4903,1.4909,11687.5
1791059160000,1.4909,1.4913,1.4909,1.4912,2183.8
1791059220000,1.4912,1.4913,1.491,1.4911,15435.1
1791059280000,1.4912,1.4915,1.4911,1.4915,3826.6
1791059340000,1.4915,1.4915,1.4912,1.4912,9549.1
1791059400000,1.4912,1.4912,1.4905,1.4905,30922.3
1791059460000,1.4905,1.4908,1.4905,1.4907,1884.8
1791059520000,1.4908,1.4908,1.4903,1.4906,25826.8
1791059580000,1.4906,1.4907,1.4906,1.4907,5131.9
1791059640000,1.4906,1.4909,1.4906,1.4909,2528.7
1791059700000,1.4908,1.4912,1.4908,1.4909,32705.0
1791059760000,1.4909,1.4911,1.4909,1.4909,14909.8
1791059820000,1.4908,1.4909,1.4903,1.4904,13790.6
1791059880000,1.4904,1.4904,1.4903,1.4904,9178.0
1791059940000,1.4904,1.4908,1.4904,1.4904,19084.2
1791060000000,1.4905,1.4905,1.4904,1.4905,229.2
1791060060000,1.4905,1.4906,1.4903,1.4906,12622.3
1791060120000,1.4906,1.4909,1.4906,1.4908,7166.1
1791060180000,1.4909,1.4909,1.4906,1.4906,16101.6
1791060240000,1.4907,1.4908,1.4907,1.4908,4753.2
1791060300000,1.4908,1.491,1.4907,1.4909,13473.4
1791060360000,1.4909,1.4919,1.4909,1.4914,41898.9
1791060420000,1.4914,1.4915,1.4913,1.4915,47353.6
1791060480000,1.4914,1.4916,1.4911,1.4911,28480.4
1791060540000,1.4912,1.4912,1.4898,1.4908,116173.6
1791060600000,1.4907,1.4909,1.4903,1.4906,23642.7
1791060660000,1.4907,1.4909,1.489,1.4895,163201.0
1791060720000,1.4895,1.4897,1.4895,1.4896,11957.4
1791060780000,1.4897,1.4897,1.4896,1.4897,12778.4
1791060840000,1.4897,1.4897,1.4896,1.4897,2098.4
1791060900000,1.4897,1.4897,1.4896,1.4897,2303.3
1791060960000,1.4896,1.4903,1.4896,1.4902,7349.2
1791061020000,1.4902,1.4903,1.4902,1.4903,2741.3
1791061080000,1.4902,1.4903,1.4902,1.4902,1202.1
1791061140000,1.4902,1.4903,1.4902,1.4902,2266.1
1791061200000,1.4903,1.4903,1.4902,1.4903,473.0
1791061260000,1.4904,1.4914,1.4904,1.4914,6708.2
1791061320000,1.4913,1.4913,1.4904,1.4904,42509.7
1791061380000,1.4903,1.4903,1.4896,1.4897,16068.3
1791061440000,1.4896,1.4896,1.4892,1.4893,33156.6
1791061500000,1.4893,1.4893,1.4872,1.4874,188220.5
1791061560000,1.4875,1.4878,1.4873,1.4873,9759.4
1791061620000,1.4873,1.4876,1.4872,1.4876,8418.8
1791061680000,1.4875,1.4876,1.4869,1.487,21641.1
1791061740000,1.487,1.487,1.4868,1.4869,21630.3
1791061800000,1.4868,1.4879,1.4868,1.4878,61017.8
1791061860000,1.4878,1.4881,1.4878,1.488,11063.7
1791061920000,1.4881,1.489,1.488,1.489,35359.8
1791061980000,1.4889,1.4892,1.4887,1.4891,10350.8
1791062040000,1.4891,1.4893,1.4889,1.4893,64300.2
1791062100000,1.4893,1.4898,1.4892,1.4898,53457.0
1791062160000,1.4898,1.49,1.4898,1.4899,50546.2
1791062220000,1.4899,1.4902,1.4899,1.4902,19809.0
1791062280000,1.4902,1.4902,1.4896,1.4896,17846.4
1791062340000,1.4895,1.4895,1.4888,1.4888,14137.1
1791062400000,1.4889,1.4889,1.4884,1.4884,21986.1
1791062460000,1.4884,1.4885,1.4884,1.4884,8799.3
1791062520000,1.4884,1.4891,1.4884,1.4887,48314.3
1791062580000,1.4886,1.4887,1.4884,1.4884,39743.0
1791062640000,1.4885,1.4885,1.4878,1.4878,25209.4
1791062700000,1.4879,1.4882,1.4877,1.4877,15674.5
1791062760000,1.4877,1.4878,1.4874,1.4876,77947.9
1791062820000,1.4875,1.4876,1.4874,1.4875,16187.3
1791062880000,1.4874,1.4875,1.4874,1.4875,2115.6
1791062940000,1.4875,1.4875,1.4874,1.4875,29065.3
1791063000000,1.4876,1.4876,1.4875,1.4875,563.5
1791063060000,1.4875,1.4876,1.4875,1.4876,3009.2
1791063120000,1.4875,1.4876,1.4875,1.4875,1521.5
1791063180000,1.4875,1.4876,1.4875,1.4876,2531.2
1791063240000,1.4876,1.4886,1.4876,1.4883,109608.2
1791063300000,1.4883,1.4883,1.4874,1.4874,30856.5
1791063360000,1.4874,1.4875,1.4874,1.4874,2117.9
1791063420000,1.4875,1.4875,1.4874,1.4875,296.9
1791063480000,1.4874,1.4874,1.4864,1.4868,79959.4
1791063540000,1.4868,1.4874,1.4868,1.4873,20739.1
1791063600000,1.4873,1.4873,1.4868,1.487,11474.8
1791063660000,1.4869,1.487,1.4868,1.4868,6225.5
1791063720000,1.4868,1.487,1.4868,1.487,3410.4
1791063780000,1.487,1.487,1.4868,1.4869,17065.2
1791063840000,1.4869,1.4874,1.4865,1.4872,22234.3
1791063900000,1.4873,1.4879,1.4873,1.4878,13448.1
1791063960000,1.4879,1.488,1.4879,1.488,3662.4
1791064020000,1.4881,1.4884,1.488,1.4881,12076.4
1791064080000,1.4881,1.4882,1.4881,1.4881,9519.6
1791064140000,1.4881,1.4881,1.488,1.488,3697.1
1791064200000,1.488,1.488,1.487,1.4875,137815.1
1791064260000,1.4875,1.4877,1.4875,1.4876,29956.0
1791064320000,1.4877,1.4877,1.487,1.4871,41042.5
1791064380000,1.4872,1.4872,1.4871,1.4872,5598.1
1791064440000,1.4872,1.4872,1.4862,1.4864,55703.6
1791064500000,1.4864,1.4872,1.4864,1.4872,92993.5
1791064560000,1.4871,1.4873,1.4867,1.4867,102050.0
1791064620000,1.4868,1.487,1.4867,1.487,56766.3
1791064680000,1.487,1.487,1.4866,1.4868,39240.6
1791064740000,1.4868,1.4869,1.4867,1.4868,31495.8
1791064800000,1.4869,1.4869,1.4868,1.4869,7592.1
1791064860000,1.4869,1.4871,1.4868,1.4871,20357.1
1791064920000,1.4871,1.4874,1.4863,1.4863,113847.3
1791064980000,1.4864,1.4873,1.4842,1.4865,404019.3
1791065040000,1.4865,1.4879,1.4865,1.4876,82422.8
1791065100000,1.4875,1.4878,1.487,1.4875,48123.1
1791065160000,1.4875,1.4876,1.4862,1.4868,80685.0
1791065220000,1.4868,1.488,1.4868,1.4879,30257.5
1791065280000,1.4878,1.4882,1.4878,1.4881,11152.0
1791065340000,1.4882,1.4887,1.4882,1.4883,42648.3
1791065400000,1.4882,1.4887,1.4882,1.4887,18055.6
1791065460000,1.4887,1.489,1.4887,1.4889,16665.9
1791065520000,1.4888,1.4894,1.4887,1.4893,38455.4
1791065580000,1.4894,1.4895,1.4886,1.4887,86832.8
1791065640000,1.4888,1.4889,1.4886,1.4886,41772.5
1791065700000,1.4886,1.4889,1.4872,1.4873,169930.0
1791065760000,1.4872,1.4874,1.4869,1.4872,29638.4
1791065820000,1.4872,1.4877,1.4872,1.4874,16700.2
1791065880000,1.4874,1.4879,1.4873,1.4879,13718.5
1791065940000,1.4878,1.4879,1.4877,1.4878,2988.4
1791066000000,1.4878,1.488,1.4878,1.4879,10211.7
1791066060000,1.488,1.488,1.4877,1.4877,6860.9
1791066120000,1.4877,1.4878,1.4874,1.4875,4692.5
1791066180000,1.4875,1.4875,1.4874,1.4874,965.5
1791066240000,1.4874,1.4875,1.4871,1.4872,13207.5
1791066300000,1.4872,1.4872,1.4871,1.4872,641.0
1791066360000,1.4871,1.4871,1.4866,1.4866,11144.8
1791066420000,1.4867,1.4867,1.4866,1.4867,1653.4
1791066480000,1.4867,1.4874,1.4866,1.4874,42928.3
1791066540000,1.4873,1.4873,1.4868,1.4868,13670.1
1791066600000,1.4868,1.4871,1.4867,1.4871,5037.9
1791066660000,1.4871,1.4871,1.4868,1.4868,8474.7
1791066720000,1.4869,1.4875,1.4868,1.4875,3191.9
1791066780000,1.4875,1.4878,1.4873,1.4876,80983.6
1791066840000,1.4876,1.4877,1.4876,1.4877,7325.3
1791066900000,1.4876,1.4882,1.4876,1.4882,13914.7
1791066960000,1.4882,1.4882,1.4881,1.4881,1554.3
1791067020000,1.4882,1.4884,1.4881,1.4884,12496.1
1791067080000,1.4883,1.4885,1.4883,1.4884,1405.2
1791067140000,1.4883,1.4885,1.4883,1.4884,7890.4
1791067200000,1.4884,1.4885,1.4884,1.4884,2796.2
1791067260000,1.4885,1.4885,1.4881,1.4882,18777.5
1791067320000,1.4881,1.4882,1.4881,1.4881,17305.4
1791067380000,1.4882,1.4882,1.488,1.488,4871.9
1791067440000,1.488,1.4883,1.4877,1.4878,46017.9
1791067500000,1.4878,1.4882,1.4878,1.4882,16601.6
1791067560000,1.4881,1.4882,1.4877,1.4878,128671.7
1791067620000,1.4878,1.4886,1.4876,1.4876,77848.3
1791067680000,1.4876,1.4876,1.4873,1.4874,15945.8
1791067740000,1.4874,1.488,1.4873,1.4879,22306.0
1791067800000,1.4879,1.4879,1.4875,1.4875,12348.1
1791067860000,1.4875,1.4882,1.4875,1.4882,60591.0
1791067920000,1.4881,1.4881,1.4875,1.4877,5741.8
1791067980000,1.4877,1.4878,1.4874,1.4874,10026.7
1791068040000,1.4874,1.4874,1.4872,1.4872,1737.3
1791068100000,1.4872,1.4872,1.4866,1.487,10752.3
1791068160000,1.487,1.487,1.4867,1.4868,20507.5
1791068220000,1.4868,1.4868,1.4864,1.4864,4316.1
1791068280000,1.4865,1.4866,1.4865,1.4865,6003.3
1791068340000,1.4866,1.4866,1.4862,1.4865,49959.0
1791068400000,1.4866,1.4866,1.4865,1.4866,9034.4
1791068460000,1.4866,1.4866,1.4864,1.4864,12743.0
1791068520000,1.4864,1.4865,1.4864,1.4864,610.5
1791068580000,1.4864,1.4865,1.4864,1.4864,7788.1
1791068640000,1.4864,1.4864,1.486,1.4861,15344.0
1791068700000,1.4861,1.4861,1.4856,1.4856,40723.5
1791068760000,1.4855,1.4855,1.4849,1.485,15884.2
1791068820000,1.4849,1.4853,1.4849,1.4852,7192.9
1791068880000,1.4852,1.4853,1.4852,1.4852,2740.8
1791068940000,1.4853,1.4859,1.4852,1.4859,20983.5
1791069000000,1.486,1.486,1.4859,1.486,1606.9
1791069060000,1.486,1.4861,1.486,1.4861,2887.1
1791069120000,1.4861,1.4861,1.486,1.486,2888.0
1791069180000,1.486,1.4861,1.486,1.486,6429.2
1791069240000,1.4861,1.4867,1.486,1.4866,89980.3
1791069300000,1.4866,1.4866,1.4865,1.4866,2161.7
1791069360000,1.4866,1.4869,1.4866,1.4869,22412.6
1791069420000,1.4869,1.4877,1.4869,1.487,91788.6
1791069480000,1.4869,1.4871,1.4869,1.487,26770.6
1791069540000,1.4871,1.4871,1.4868,1.4869,55175.3
1791069600000,1.4869,1.4869,1.4868,1.4869,46826.3
1791069660000,1.4868,1.4869,1.4867,1.4868,8958.8
1791069720000,1.4867,1.4875,1.4867,1.4874,53202.5
1791069780000,1.4875,1.4875,1.4868,1.4869,8647.7
1791069840000,1.4869,1.4869,1.4868,1.4868,1979.3
1791069900000,1.4868,1.4869,1.4868,1.4868,7692.7
1791069960000,1.4868,1.4869,1.4862,1.4863,35244.6
1791070020000,1.4862,1.4863,1.4859,1.486,46299.1
1791070080000,1.4861,1.4861,1.4857,1.4858,14320.8
1791070140000,1.4857,1.4863,1.4857,1.4863,13624.3
1791070200000,1.4863,1.4864,1.4863,1.4864,2117.7
1791070260000,1.4863,1.4863,1.4861,1.4861,15958.1
1791070320000,1.4862,1.4867,1.4862,1.4867,14666.5
1791070380000,1.4867,1.4874,1.4867,1.4874,29978.2
1791070440000,1.4873,1.4874,1.4869,1.487,23455.2
1791070500000,1.4869,1.4869,1.4863,1.4864,35442.0
1791070560000,1.4863,1.4868,1.4863,1.4868,24374.2
1791070620000,1.4868,1.4868,1.4867,1.4867,983.1
1791070680000,1.4867,1.487,1.4867,1.4869,7850.8
1791070740000,1.4869,1.487,1.4869,1.487,1885.6
1791070800000,1.4869,1.4869,1.4864,1.4865,6124.9
1791070860000,1.4864,1.4865,1.4864,1.4865,1517.9
1791070920000,1.4865,1.4865,1.4864,1.4865,2474.4
1791070980000,1.4864,1.4867,1.4864,1.4866,11727.3
1791071040000,1.4867,1.4867,1.4866,1.4867,2951.3
1791071100000,1.4867,1.4867,1.4864,1.4865,7926.8
1791071160000,1.4864,1.4866,1.4864,1.4866,11358.1
1791071220000,1.4867,1.4869,1.4867,1.4868,51734.7
1791071280000,1.4868,1.4873,1.4867,1.4873,39864.9
1791071340000,1.4873,1.4873,1.4872,1.4873,2818.7
1791071400000,1.4872,1.4872,1.487,1.487,10842.1
1791071460000,1.487,1.4871,1.487,1.487,8771.9
1791071520000,1.4871,1.4871,1.4867,1.4867,6545.1
1791071580000,1.4867,1.4868,1.4867,1.4868,10312.3
1791071640000,1.4867,1.4868,1.4862,1.4862,14170.5
1791071700000,1.4862,1.4862,1.4861,1.4861,9021.0
1791071760000,1.4861,1.487,1.4861,1.4867,112889.2
1791071820000,1.4866,1.4868,1.4863,1.4863,21457.8
1791071880000,1.4863,1.4866,1.486,1.4863,45893.7
1791071940000,1.4864,1.4864,1.4862,1.4864,27965.4
1791072000000,1.4863,1.4864,1.486,1.4861,23598.5
1791072060000,1.486,1.4861,1.486,1.4861,20741.3
1791072120000,1.486,1.487,1.4857,1.487,151708.9
1791072180000,1.487,1.487,1.4869,1.4869,8298.6
1791072240000,1.487,1.487,1.4863,1.4863,19301.0
1791072300000,1.4863,1.4863,1.486,1.4861,3411.8
1791072360000,1.4861,1.4863,1.4859,1.4862,16682.4
1791072420000,1.4863,1.4863,1.4858,1.4858,37394.5
1791072480000,1.4858,1.486,1.4857,1.486,4055.5
1791072540000,1.4861,1.4861,1.486,1.486,4732.3
1791072600000,1.486,1.486,1.4856,1.4857,2426.9
1791072660000,1.4857,1.4861,1.4856,1.4861,5532.5
1791072720000,1.486,1.4861,1.486,1.4861,5170.7
1791072780000,1.4861,1.4868,1.4861,1.4868,13662.7
1791072840000,1.4867,1.4868,1.4867,1.4867,8478.8
1791072900000,1.4868,1.4868,1.4867,1.4867,4075.2
1791072960000,1.4867,1.4872,1.4866,1.4871,29245.3
1791073020000,1.4871,1.4874,1.4871,1.4873,3528.2
1791073080000,1.4874,1.4884,1.4869,1.4883,142079.7
1791073140000,1.4883,1.4884,1.4882,1.4883,28995.6
1791073200000,1.4883,1.4894,1.4883,1.489,112344.5
1791073260000,1.4891,1.4899,1.4891,1.4895,27123.3
1791073320000,1.4894,1.4898,1.4893,1.4898,9434.5
1791073380000,1.4898,1.4898,1.4895,1.4897,31474.8
1791073440000,1.4898,1.4898,1.4897,1.4898,7522.8
1791073500000,1.4897,1.4908,1.4897,1.4906,92801.9
1791073560000,1.4905,1.4911,1.4896,1.4897,45542.1
1791073620000,1.4896,1.4899,1.4894,1.4895,56309.9
1791073680000,1.4895,1.4897,1.4894,1.4894,5073.9
1791073740000,1.4895,1.4898,1.4894,1.4898,17561.5
1791073800000,1.4898,1.49,1.4898,1.4899,4753.1
1791073860000,1.4898,1.4898,1.4891,1.4891,14676.8
1791073920000,1.4891,1.4892,1.4891,1.4892,1414.1
1791073980000,1.4891,1.4892,1.4888,1.489,29714.7
1791074040000,1.4891,1.4908,1.4891,1.4905,197822.4
1791074100000,1.4905,1.4912,1.4904,1.4911,45911.8
1791074160000,1.4911,1.4912,1.4897,1.4897,88206.2
1791074220000,1.4897,1.4897,1.4894,1.4895,4489.0
1791074280000,1.4894,1.4895,1.4894,1.4895,3287.8
1791074340000,1.4894,1.4896,1.4894,1.4896,5355.8
1791074400000,1.4895,1.4895,1.4892,1.4892,7100.7
1791074460000,1.4893,1.4896,1.4891,1.4894,24829.1
1791074520000,1.4893,1.4897,1.4891,1.4895,10280.5
1791074580000,1.4894,1.4896,1.4894,1.4895,24930.8
1791074640000,1.4895,1.4898,1.4894,1.4895,5781.6
1791074700000,1.4895,1.4896,1.4894,1.4894,23522.7
1791074760000,1.4894,1.4895,1.4892,1.4892,6188.1
1791074820000,1.4892,1.4893,1.4891,1.4891,6558.6
1791074880000,1.4891,1.4891,1.4889,1.4889,20735.7
1791074940000,1.4889,1.4894,1.4889,1.4891,15511.9
1791075000000,1.4891,1.4891,1.4888,1.4888,4122.5
1791075060000,1.4888,1.4889,1.4888,1.4888,7840.9
1791075120000,1.4888,1.4889,1.4886,1.4886,14150.3
1791075180000,1.4886,1.4888,1.4885,1.4887,11226.5
1791075240000,1.4887,1.4887,1.4882,1.4883,23962.0
1791075300000,1.4883,1.4883,1.4874,1.4874,20878.4
1791075360000,1.4874,1.4877,1.4874,1.4877,7522.9
1791075420000,1.4877,1.4882,1.4876,1.4881,14012.2
1791075480000,1.4881,1.4894,1.4881,1.4887,139285.0
1791075540000,1.4886,1.4888,1.4881,1.4883,87012.9
1791075600000,1.4883,1.4887,1.4881,1.4887,12786.0
1791075660000,1.4887,1.4888,1.4877,1.4877,41369.9
1791075720000,1.4876,1.488,1.4876,1.4876,21030.1
1791075780000,1.4876,1.4878,1.4876,1.4876,7698.5
1791075840000,1.4876,1.4876,1.4874,1.4875,3834.4
1791075900000,1.4875,1.4876,1.4874,1.4874,14709.7
1791075960000,1.4874,1.4887,1.4874,1.488,133874.0
1791076020000,1.488,1.4881,1.4874,1.4875,13259.7
1791076080000,1.4875,1.4875,1.4874,1.4874,2442.6
1791076140000,1.4874,1.4876,1.4874,1.4876,17416.3
1791076200000,1.4875,1.4886,1.4875,1.4885,58635.4
1791076260000,1.4885,1.4899,1.4884,1.4892,142507.2
1791076320000,1.4892,1.4897,1.4892,1.4894,6950.3
1791076380000,1.4894,1.4895,1.4891,1.4895,9949.8
1791076440000,1.4895,1.4896,1.4891,1.4892,2269.4
1791076500000,1.4891,1.4891,1.488,1.488,12725.4
1791076560000,1.4881,1.4881,1.4878,1.4879,1450.7
1791076620000,1.4878,1.488,1.4877,1.4877,21108.7
1791076680000,1.4877,1.4878,1.4872,1.4872,20004.7
1791076740000,1.4873,1.4873,1.4871,1.4872,5347.1
1791076800000,1.4871,1.4873,1.4871,1.4873,3183.4
1791076860000,1.4873,1.488,1.4872,1.488,20624.4
1791076920000,1.488,1.4884,1.488,1.4882,11836.4
1791076980000,1.4881,1.4881,1.4877,1.4878,5102.6
1791077040000,1.4878,1.4882,1.4877,1.488,42689.6
1791077100000,1.4881,1.4882,1.4877,1.4877,14455.4
1791077160000,1.4877,1.4878,1.4876,1.4876,10395.6
1791077220000,1.4876,1.4877,1.487,1.4871,33174.6
1791077280000,1.4871,1.4876,1.4871,1.4875,2940.3
1791077340000,1.4875,1.4875,1.4874,1.4875,3266.8
1791077400000,1.4875,1.4876,1.4874,1.4874,16447.4
1791077460000,1.4874,1.4878,1.4874,1.4878,4896.4
1791077520000,1.4877,1.488,1.4876,1.4877,4858.8
1791077580000,1.4877,1.4879,1.4876,1.4879,2679.3
1791077640000,1.4879,1.4897,1.4879,1.4896,9858.6
1791077700000,1.4896,1.4896,1.4885,1.4894,92039.3
1791077760000,1.4894,1.4903,1.4894,1.4903,11404.8
1791077820000,1.4903,1.4903,1.4893,1.4894,72495.2
1791077880000,1.4893,1.4894,1.4886,1.4889,8239.2
1791077940000,1.4888,1.4889,1.4888,1.4888,2878.6
1791078000000,1.4889,1.4891,1.4888,1.4891,5173.6
1791078060000,1.4891,1.4892,1.4889,1.4889,2549.6
1791078120000,1.4888,1.489,1.4888,1.4889,7622.1
1791078180000,1.489,1.489,1.4886,1.4887,3941.5
1791078240000,1.4887,1.4888,1.4887,1.4888,2594.6
1791078300000,1.4888,1.4889,1.4884,1.4885,10195.7
1791078360000,1.4884,1.4887,1.4884,1.4887,4851.6
1791078420000,1.4887,1.4887,1.4883,1.4884,7982.1
1791078480000,1.4883,1.4884,1.4883,1.4883,1131.3
1791078540000,1.4883,1.4887,1.4883,1.4886,34752.7
1791078600000,1.4886,1.4887,1.4886,1.4886,7135.0
1791078660000,1.4887,1.4888,1.4887,1.4888,9444.5
1791078720000,1.4887,1.489,1.4886,1.4886,16038.5
1791078780000,1.4887,1.4889,1.4886,1.4888,17081.1
1791078840000,1.4888,1.4888,1.4887,1.4887,5535.4
1791078900000,1.4887,1.4888,1.4885,1.4886,23775.3
1791078960000,1.4886,1.4886,1.4884,1.4885,5317.8
1791079020000,1.4884,1.4885,1.4882,1.4885,32129.6
1791079080000,1.4884,1.4886,1.488,1.4881,78035.0
1791079140000,1.488,1.4882,1.488,1.4881,2618.6
1791079200000,1.4882,1.4888,1.4882,1.4888,21920.7
1791079260000,1.4888,1.49,1.4888,1.49,20748.4
1791079320000,1.49,1.4901,1.4895,1.49,89988.3
1791079380000,1.4899,1.4906,1.4898,1.4906,60025.9
1791079440000,1.4905,1.491,1.4905,1.491,19455.8
1791079500000,1.4909,1.4916,1.4909,1.4914,78037.1
1791079560000,1.4913,1.4913,1.4898,1.4898,31309.9
1791079620000,1.4899,1.49,1.489,1.489,9464.0
1791079680000,1.4889,1.4893,1.4887,1.4891,11048.2
1791079740000,1.4891,1.4891,1.4887,1.4888,14415.0
1791079800000,1.4888,1.4893,1.488,1.4893,117524.3
1791079860000,1.4894,1.4895,1.4893,1.4894,19884.6
1791079920000,1.4894,1.4896,1.4889,1.4891,16517.1
1791079980000,1.4892,1.4893,1.4888,1.4891,7753.0
1791080040000,1.4891,1.4901,1.4891,1.4899,29619.3
1791080100000,1.49,1.4901,1.4897,1.4898,7135.0
1791080160000,1.4898,1.4898,1.4893,1.4893,10420.2
1791080220000,1.4894,1.4895,1.489,1.4894,21114.7
1791080280000,1.4894,1.4901,1.4894,1.4898,26018.8
1791080340000,1.4898,1.4899,1.4895,1.4895,25933.1
1791080400000,1.4895,1.4896,1.4892,1.4892,14880.1
1791080460000,1.4893,1.4896,1.4891,1.4891,13618.5
1791080520000,1.4891,1.4893,1.489,1.4893,47314.0
1791080580000,1.4892,1.4899,1.4892,1.4892,28468.3
1791080640000,1.4892,1.4892,1.4891,1.4891,3260.2
1791080700000,1.4892,1.4893,1.4891,1.4893,3647.8
1791080760000,1.4893,1.4893,1.4892,1.4892,10775.1
1791080820000,1.4893,1.4893,1.4892,1.4892,8890.0
1791080880000,1.4892,1.4894,1.4891,1.4892,50770.7
1791080940000,1.4892,1.4896,1.4891,1.4895,24069.1
1791081000000,1.4895,1.4896,1.4894,1.4895,3551.7
1791081060000,1.4895,1.4898,1.4893,1.4897,59369.1
1791081120000,1.4897,1.4898,1.4897,1.4897,8600.4
1791081180000,1.4897,1.4903,1.4897,1.4902,37848.8
1791081240000,1.4902,1.4905,1.4898,1.4901,128679.3
1791081300000,1.4901,1.4902,1.49,1.4901,25140.0
1791081360000,1.4901,1.4902,1.49,1.49,40423.0
1791081420000,1.4899,1.49,1.4894,1.4894,17556.2
1791081480000,1.4895,1.4895,1.4894,1.4895,8753.6
1791081540000,1.4894,1.4901,1.4893,1.4896,126007.7
1791081600000,1.4896,1.4896,1.4891,1.4892,34208.7
1791081660000,1.4891,1.4894,1.4891,1.4893,26193.1
1791081720000,1.4893,1.4901,1.4892,1.4901,82175.8
1791081780000,1.49,1.4901,1.49,1.49,30246.5
1791081840000,1.49,1.4901,1.4896,1.4896,84845.3
1791081900000,1.4896,1.4897,1.4893,1.4895,14704.2
1791081960000,1.4895,1.4895,1.4894,1.4894,4622.2
1791082020000,1.4894,1.4894,1.4891,1.4891,18773.4
1791082080000,1.4891,1.4902,1.4888,1.4901,141646.3
1791082140000,1.4901,1.4902,1.4899,1.4899,11508.3
1791082200000,1.49,1.4903,1.49,1.4902,21140.6
1791082260000,1.4903,1.4903,1.4898,1.4898,28391.6
1791082320000,1.4898,1.4898,1.4895,1.4895,11065.6
1791082380000,1.4896,1.4896,1.4893,1.4893,12852.8
1791082440000,1.4893,1.4893,1.4889,1.4892,28522.3
1791082500000,1.4892,1.4893,1.4892,1.4893,30895.9
1791082560000,1.4893,1.4894,1.4893,1.4893,9370.6
1791082620000,1.4894,1.4894,1.4893,1.4893,3809.2
1791082680000,1.4894,1.4894,1.4893,1.4894,11367.7
1791082740000,1.4894,1.4894,1.4893,1.4893,4343.9
1791082800000,1.4893,1.4894,1.489,1.4891,42515.0
1791082860000,1.489,1.4891,1.4889,1.4889,6744.8
1791082920000,1.4889,1.489,1.4889,1.4889,3621.2
1791082980000,1.4889,1.4889,1.4881,1.4882,98906.7
1791083040000,1.4882,1.4886,1.4881,1.4885,30404.1
1791083100000,1.4886,1.4886,1.488,1.488,21968.9
1791083160000,1.4881,1.4884,1.488,1.4884,8626.9
1791083220000,1.4885,1.4885,1.4884,1.4884,3497.8
1791083280000,1.4885,1.4889,1.4885,1.4887,18374.8
1791083340000,1.4886,1.489,1.4886,1.4889,6025.2
1791083400000,1.489,1.4894,1.489,1.4893,7188.7
1791083460000,1.4894,1.4896,1.4893,1.4896,6688.9
1791083520000,1.4895,1.4896,1.4895,1.4896,12400.8
1791083580000,1.4896,1.4897,1.4896,1.4896,1640.9
1791083640000,1.4897,1.4897,1.4896,1.4896,3961.9
1791083700000,1.4896,1.4897,1.4891,1.4891,15039.9
1791083760000,1.4891,1.4891,1.4889,1.4889,6605.3
1791083820000,1.4889,1.489,1.4885,1.4885,3259.9
1791083880000,1.4885,1.489,1.4879,1.4879,80623.0
1791083940000,1.4879,1.4879,1.4878,1.4878,28685.2
1791084000000,1.4879,1.4879,1.4878,1.4878,11709.3
1791084060000,1.4878,1.4885,1.4876,1.4883,83819.0
1791084120000,1.4884,1.4889,1.4883,1.4887,27231.9
1791084180000,1.4888,1.4888,1.4887,1.4887,30926.7
1791084240000,1.4888,1.4888,1.4887,1.4887,37591.7
1791084300000,1.4888,1.4889,1.4883,1.4883,47249.4
1791084360000,1.4884,1.4884,1.488,1.4882,34304.3
1791084420000,1.4883,1.4883,1.4877,1.4879,122691.3
1791084480000,1.488,1.4882,1.4879,1.488,25566.9
1791084540000,1.4879,1.488,1.4878,1.4878,14359.1
1791084600000,1.4877,1.4878,1.4876,1.4878,17475.7
1791084660000,1.4879,1.488,1.4879,1.4879,5319.0
1791084720000,1.488,1.4883,1.4879,1.4883,23980.1
1791084780000,1.4883,1.4887,1.4882,1.4886,3816.9
1791084840000,1.4887,1.49,1.4887,1.49,26623.6
1791084900000,1.49,1.4916,1.4892,1.4892,127982.2
1791084960000,1.4893,1.4894,1.4888,1.4894,10073.2
1791085020000,1.4894,1.4898,1.4894,1.4896,21392.4
1791085080000,1.4896,1.4898,1.4895,1.4898,9142.3
1791085140000,1.4897,1.4898,1.4897,1.4898,2776.3
1791085200000,1.4897,1.4909,1.4897,1.4909,25023.2
1791085260000,1.4909,1.4917,1.4905,1.4905,30044.9
1791085320000,1.4906,1.491,1.4906,1.4908,10390.0
1791085380000,1.4908,1.4908,1.4903,1.4903,7410.7
1791085440000,1.4904,1.4904,1.4903,1.4904,1332.1
1791085500000,1.4903,1.4904,1.4903,1.4903,3136.1
1791085560000,1.4904,1.4904,1.4899,1.4899,8169.4
1791085620000,1.49,1.4903,1.4899,1.4903,2430.9
1791085680000,1.4903,1.4904,1.4902,1.4903,7394.4
1791085740000,1.4903,1.4903,1.4901,1.4901,10318.0
1791085800000,1.4902,1.4903,1.4901,1.4903,1887.0
1791085860000,1.4903,1.4907,1.4903,1.4907,36207.2
1791085920000,1.4906,1.4907,1.4901,1.4901,17929.7
1791085980000,1.4902,1.4902,1.4901,1.4902,35165.3
1791086040000,1.4902,1.4902,1.4897,1.4898,10423.9
1791086100000,1.4898,1.49,1.4897,1.49,11344.4
1791086160000,1.4899,1.49,1.4897,1.4898,20149.5
1791086220000,1.4898,1.4898,1.4897,1.4897,4939.6
1791086280000,1.4898,1.4898,1.4897,1.4898,6999.3
1791086340000,1.4897,1.49,1.4897,1.49,12687.6
1791086400000,1.49,1.49,1.4897,1.4897,7008.1
1791086460000,1.4897,1.4901,1.4897,1.49,13748.0
1791086520000,1.49,1.4907,1.49,1.4905,44371.0
1791086580000,1.4905,1.4911,1.4905,1.4911,34408.2
1791086640000,1.4911,1.4913,1.4909,1.491,14167.4
1791086700000,1.491,1.491,1.4909,1.491,8266.6
1791086760000,1.491,1.491,1.4909,1.491,4701.5
1791086820000,1.4909,1.4909,1.4902,1.4903,5943.1
1791086880000,1.4902,1.4902,1.4895,1.4895,11644.8
1791086940000,1.4895,1.4896,1.4894,1.4894,4553.9
1791087000000,1.4895,1.4895,1.4894,1.4895,790.5
1791087060000,1.4895,1.4895,1.4894,1.4894,2972.8
1791087120000,1.4895,1.4895,1.4889,1.4893,13742.5
1791087180000,1.4893,1.4894,1.4891,1.4891,7281.6
1791087240000,1.4892,1.4894,1.4892,1.4893,5548.2
1791087300000,1.4893,1.4899,1.4892,1.4899,27487.5
1791087360000,1.4898,1.4899,1.4898,1.4898,6387.3
1791087420000,1.4898,1.4901,1.4898,1.4901,6704.7
1791087480000,1.4902,1.4905,1.4901,1.4901,6522.4
1791087540000,1.4901,1.4908,1.4901,1.4908,12173.3
1791087600000,1.4907,1.4908,1.4905,1.4906,3502.2
1791087660000,1.4905,1.4908,1.4905,1.4907,4013.0
1791087720000,1.4908,1.4908,1.4907,1.4907,2933.7
1791087780000,1.4908,1.4912,1.4907,1.4912,10367.0
1791087840000,1.4911,1.4912,1.4909,1.4909,34189.5
1791087900000,1.4909,1.4911,1.4908,1.4911,10402.1
1791087960000,1.4911,1.4912,1.491,1.4912,15057.6
1791088020000,1.4911,1.4916,1.4911,1.4914,25951.9
1791088080000,1.4914,1.4914,1.4913,1.4914,1677.1
1791088140000,1.4914,1.4914,1.4913,1.4913,5660.8
1791088200000,1.4914,1.492,1.4913,1.4919,32033.7
1791088260000,1.4918,1.492,1.4918,1.4919,20634.3
1791088320000,1.492,1.492,1.4915,1.4915,12470.4
1791088380000,1.4916,1.4916,1.4915,1.4915,2663.4
1791088440000,1.4915,1.4916,1.4908,1.4908,7839.0
1791088500000,1.4908,1.4909,1.4908,1.4909,4627.3
1791088560000,1.4909,1.491,1.4908,1.4908,14708.4
1791088620000,1.4907,1.4907,1.4904,1.4905,3166.0
1791088680000,1.4905,1.4906,1.4905,1.4906,8330.1
1791088740000,1.4905,1.4908,1.4905,1.4908,7073.2
1791088800000,1.4907,1.4908,1.4906,1.4906,6654.0
1791088860000,1.4906,1.4906,1.4905,1.4905,8179.5
1791088920000,1.4906,1.4906,1.4904,1.4904,4854.5
1791088980000,1.4904,1.4905,1.4904,1.4905,4385.9
1791089040000,1.4905,1.4907,1.4905,1.4906,8127.9
1791089100000,1.4906,1.4907,1.4905,1.4905,4334.3
1791089160000,1.4906,1.4906,1.4905,1.4905,1813.9
1791089220000,1.4904,1.4905,1.4904,1.4904,3816.5
1791089280000,1.4905,1.4909,1.4905,1.4908,13473.5
1791089340000,1.4909,1.491,1.4908,1.491,9466.2
1791089400000,1.4909,1.491,1.4909,1.4909,2856.9
1791089460000,1.4909,1.4909,1.4907,1.4907,9556.2
1791089520000,1.4908,1.4908,1.4906,1.4906,4124.9
1791089580000,1.4906,1.4906,1.49,1.49,13874.2
1791089640000,1.4901,1.4901,1.49,1.49,1028.9
1791089700000,1.49,1.4901,1.49,1.4901,9305.5
1791089760000,1.4902,1.4905,1.4901,1.4905,7090.0
1791089820000,1.4904,1.4905,1.4904,1.4905,3985.5
1791089880000,1.4905,1.4911,1.4905,1.491,12032.2
1791089940000,1.4911,1.4914,1.491,1.4914,13509.9
1791090000000,1.4914,1.4918,1.4914,1.4917,8126.2
1791090060000,1.4918,1.4925,1.4918,1.4925,57230.7
1791090120000,1.4924,1.4925,1.4919,1.4919,23553.4
1791090180000,1.4919,1.492,1.4919,1.492,34370.1
1791090240000,1.4919,1.492,1.4919,1.492,15202.7
1791090300000,1.492,1.4922,1.4918,1.4918,25785.4
1791090360000,1.4918,1.4919,1.4916,1.4917,18720.7
1791090420000,1.4916,1.4919,1.4916,1.4918,17738.2
1791090480000,1.4918,1.4919,1.4915,1.4919,7412.8
1791090540000,1.4918,1.4919,1.4914,1.4914,17060.3
1791090600000,1.4914,1.4915,1.491,1.491,11209.8
1791090660000,1.491,1.491,1.4905,1.491,14742.8
1791090720000,1.491,1.491,1.4908,1.4909,20876.5
1791090780000,1.4908,1.491,1.4907,1.4907,8118.9
1791090840000,1.4907,1.4908,1.4905,1.4905,16363.3
1791090900000,1.4905,1.4908,1.4905,1.4907,11699.3
1791090960000,1.4907,1.4908,1.4906,1.4906,7376.5
1791091020000,1.4906,1.4906,1.4905,1.4906,3089.6
1791091080000,1.4907,1.4911,1.4907,1.491,13813.0
1791091140000,1.4911,1.4918,1.4911,1.4913,45964.0
1791091200000,1.4913,1.4914,1.4913,1.4913,10216.9
1791091260000,1.4913,1.4916,1.4913,1.4916,8199.4
1791091320000,1.4916,1.4917,1.4913,1.4913,12426.8
1791091380000,1.4914,1.4914,1.4912,1.4912,3406.5
1791091440000,1.4912,1.4917,1.4912,1.4916,3816.6
1791091500000,1.4916,1.4917,1.4915,1.4917,5139.9
1791091560000,1.4916,1.4919,1.4916,1.4919,32806.1
1791091620000,1.4918,1.4918,1.4916,1.4916,9951.5
1791091680000,1.4916,1.4917,1.4916,1.4916,5861.6
1791091740000,1.4916,1.4918,1.4916,1.4918,4497.9
1791091800000,1.4918,1.4918,1.4916,1.4916,47304.1
1791091860000,1.4916,1.4917,1.4916,1.4916,14516.4
1791091920000,1.4915,1.4916,1.4911,1.4913,13955.6
1791091980000,1.4913,1.4913,1.4912,1.4913,4058.4
1791092040000,1.4912,1.4913,1.4911,1.4911,10538.2
1791092100000,1.4912,1.4917,1.4911,1.4916,13533.3
1791092160000,1.4917,1.4921,1.4917,1.4921,15202.6
1791092220000,1.4921,1.4921,1.492,1.4921,5384.9
1791092280000,1.4921,1.4928,1.4921,1.4926,16531.1
1791092340000,1.4926,1.4927,1.4924,1.4924,34002.3
1791092400000,1.4924,1.4926,1.4924,1.4925,10287.2
1791092460000,1.4925,1.4928,1.4925,1.4928,12397.1
1791092520000,1.4927,1.4927,1.4924,1.4924,13358.4
1791092580000,1.4924,1.4926,1.4924,1.4926,5762.1
1791092640000,1.4926,1.4932,1.4925,1.4929,22502.8
1791092700000,1.4928,1.4929,1.4925,1.4926,24167.8
1791092760000,1.4925,1.4926,1.492,1.4921,5769.4
1791092820000,1.4921,1.4921,1.492,1.4921,3259.5
1791092880000,1.492,1.4921,1.4918,1.492,43354.9
1791092940000,1.4919,1.492,1.4919,1.492,3727.2
1791093000000,1.492,1.4922,1.492,1.4921,16642.7
1791093060000,1.4921,1.4922,1.4921,1.4921,2068.0
1791093120000,1.4922,1.4922,1.4921,1.4921,3356.3
1791093180000,1.4922,1.4922,1.4921,1.4922,4384.6
1791093240000,1.4922,1.4922,1.4921,1.4921,2927.0
1791093300000,1.4921,1.4924,1.4917,1.4921,45980.8
1791093360000,1.492,1.4923,1.492,1.4922,17940.3
1791093420000,1.4922,1.4922,1.4919,1.4921,8425.8
1791093480000,1.4921,1.4921,1.4918,1.4918,8042.6
1791093540000,1.4919,1.4919,1.4917,1.4917,2334.9
1791093600000,1.4918,1.4918,1.4916,1.4917,8590.2
1791093660000,1.4916,1.4918,1.4916,1.4917,7209.9
1791093720000,1.4917,1.4918,1.4917,1.4917,2496.3
1791093780000,1.4917,1.4917,1.4915,1.4915,22413.4
1791093840000,1.4915,1.4917,1.4914,1.4917,6309.4
1791093900000,1.4918,1.4926,1.4918,1.4924,6713.4
1791093960000,1.4925,1.4925,1.4923,1.4923,6930.0
1791094020000,1.4923,1.4923,1.4922,1.4922,7024.3
1791094080000,1.4923,1.4926,1.4922,1.4926,9389.3
1791094140000,1.4926,1.4926,1.4925,1.4925,6485.8
1791094200000,1.4925,1.4925,1.492,1.4921,11861.2
1791094260000,1.492,1.4921,1.4916,1.4916,5269.1
1791094320000,1.4917,1.4917,1.4916,1.4917,11770.3
1791094380000,1.4917,1.4917,1.4914,1.4914,18245.3
1791094440000,1.4914,1.4916,1.4912,1.4916,58582.4
1791094500000,1.4917,1.4924,1.4916,1.4924,20801.0
1791094560000,1.4924,1.4924,1.4917,1.4921,23996.2
1791094620000,1.492,1.4924,1.492,1.4922,20652.2
1791094680000,1.4922,1.4924,1.4921,1.4924,6005.3
1791094740000,1.4924,1.4933,1.4924,1.4933,32977.4
1791094800000,1.4933,1.4944,1.4933,1.4944,102430.7
1791094860000,1.4945,1.495,1.4944,1.4949,37222.1
1791094920000,1.4949,1.4958,1.4936,1.4936,274035.7
1791094980000,1.4935,1.4938,1.4933,1.4933,24490.9
1791095040000,1.4933,1.4934,1.4931,1.4933,22046.3
1791095100000,1.4934,1.4934,1.493,1.493,5992.2
1791095160000,1.493,1.493,1.4922,1.4923,21655.5
1791095220000,1.4923,1.4927,1.4922,1.4926,8703.0
1791095280000,1.4926,1.4927,1.4922,1.4923,9742.4
1791095340000,1.4923,1.4925,1.4919,1.4925,38765.5
1791095400000,1.4924,1.4924,1.492,1.4922,8323.0
1791095460000,1.4921,1.4921,1.4916,1.4917,22935.0
1791095520000,1.4916,1.4938,1.4916,1.4938,168858.5
1791095580000,1.4938,1.4945,1.4938,1.4943,48823.8
1791095640000,1.4943,1.4949,1.4943,1.4943,16301.6
1791095700000,1.4942,1.4943,1.4941,1.4943,48655.4
1791095760000,1.4943,1.4962,1.4942,1.4958,281959.1
1791095820000,1.4958,1.4959,1.4942,1.4943,17886.2
1791095880000,1.4942,1.4945,1.4936,1.4941,245435.1
1791095940000,1.494,1.494,1.4939,1.4939,7069.1
1791096000000,1.494,1.4942,1.494,1.4942,1884.9
1791096060000,1.4942,1.4943,1.4941,1.4942,2125.0
1791096120000,1.4943,1.4943,1.4941,1.4941,10450.1
1791096180000,1.4941,1.4942,1.4933,1.4934,25157.6
1791096240000,1.4934,1.4937,1.4934,1.4937,6134.4
1791096300000,1.4936,1.4936,1.4932,1.4934,9288.9
1791096360000,1.4934,1.4941,1.4934,1.4941,4437.0
1791096420000,1.4942,1.4945,1.4941,1.4944,5523.4
1791096480000,1.4945,1.4948,1.4945,1.4948,10221.0
1791096540000,1.4948,1.495,1.4948,1.495,9571.5
1791096600000,1.4949,1.495,1.4949,1.4949,4998.0
1791096660000,1.495,1.4958,1.495,1.4958,48217.2
1791096720000,1.4957,1.4967,1.4957,1.4964,55379.2
1791096780000,1.4964,1.4965,1.4963,1.4964,40736.8
1791096840000,1.4964,1.498,1.4963,1.498,242871.6
1791096900000,1.4979,1.4988,1.4979,1.4987,80542.0
1791096960000,1.4987,1.4993,1.4976,1.498,45405.9
1791097020000,1.4981,1.4982,1.4977,1.4978,33224.0
1791097080000,1.4977,1.498,1.4973,1.4974,43970.0
1791097140000,1.4974,1.4974,1.4968,1.4971,17986.4
1791097200000,1.497,1.4975,1.497,1.4974,5442.8
1791097260000,1.4974,1.4983,1.4974,1.4977,30577.1
1791097320000,1.4977,1.4984,1.4975,1.4983,7054.3
1791097380000,1.4982,1.4982,1.4979,1.4979,15825.7
1791097440000,1.4979,1.498,1.4979,1.498,3334.7
1791097500000,1.498,1.4998,1.4979,1.4996,161095.1
1791097560000,1.4996,1.4997,1.499,1.499,17080.0
1791097620000,1.499,1.4994,1.499,1.4991,52614.3
1791097680000,1.4991,1.4991,1.4979,1.498,15815.4
1791097740000,1.4979,1.4986,1.4976,1.4986,66860.4
1791097800000,1.4985,1.4989,1.4985,1.4988,27236.2
1791097860000,1.4988,1.4988,1.4978,1.4978,24157.8
1791097920000,1.4979,1.4981,1.4978,1.4981,16492.0
1791097980000,1.4981,1.4984,1.4973,1.4979,38175.7
1791098040000,1.4979,1.4981,1.4975,1.4975,19130.0
1791098100000,1.4975,1.4978,1.4972,1.4972,26469.3
1791098160000,1.4972,1.4988,1.4971,1.498,34499.0
1791098220000,1.498,1.498,1.4963,1.4965,34286.7
1791098280000,1.4965,1.4966,1.4961,1.4961,17042.6
1791098340000,1.496,1.4962,1.4958,1.4958,23081.8
1791098400000,1.4958,1.4966,1.4958,1.4966,14965.5
1791098460000,1.4967,1.5,1.4967,1.4985,699137.1
1791098520000,1.4986,1.4986,1.4979,1.4983,54454.2
1791098580000,1.4982,1.4983,1.4979,1.4982,6033.6
1791098640000,1.4982,1.4982,1.498,1.498,7114.0
1791098700000,1.498,1.499,1.4975,1.4979,361782.9
1791098760000,1.4979,1.4979,1.4972,1.4973,48252.3
1791098820000,1.4973,1.4973,1.4969,1.4969,8065.9
1791098880000,1.4969,1.4969,1.4968,1.4968,20673.0
1791098940000,1.4968,1.4969,1.4952,1.4953,41875.9
1791099000000,1.4953,1.4953,1.4941,1.4941,31372.6
1791099060000,1.494,1.4946,1.4936,1.4943,74145.5
1791099120000,1.4942,1.4942,1.4931,1.4932,19626.8
1791099180000,1.4932,1.4933,1.4926,1.4933,26664.9
1791099240000,1.4932,1.4938,1.4928,1.4935,56276.3
1791099300000,1.4935,1.4953,1.4933,1.4949,133837.4
1791099360000,1.495,1.4952,1.4946,1.495,27878.7
1791099420000,1.4949,1.4949,1.4944,1.4946,6626.5
1791099480000,1.4945,1.4947,1.4941,1.4945,14371.5
1791099540000,1.4944,1.4944,1.4941,1.4941,4144.8
1791099600000,1.4941,1.4948,1.4941,1.4948,10238.5
1791099660000,1.4947,1.4949,1.4946,1.4946,9228.8
1791099720000,1.4947,1.4953,1.4946,1.4947,9000.5
1791099780000,1.4948,1.4949,1.4945,1.4947,3032.1
1791099840000,1.4948,1.4952,1.4947,1.4952,5540.2
1791099900000,1.4952,1.4957,1.495,1.4953,11053.8
1791099960000,1.4953,1.4953,1.495,1.4951,7165.3
1791100020000,1.4951,1.496,1.495,1.496,11079.0
1791100080000,1.4959,1.4964,1.4959,1.4962,14639.1
1791100140000,1.4962,1.4974,1.4961,1.4974,32198.0
1791100200000,1.4973,1.4974,1.497,1.4971,3469.7
1791100260000,1.497,1.498,1.497,1.4975,16143.2
1791100320000,1.4974,1.4975,1.4971,1.4971,7997.5
1791100380000,1.4971,1.4975,1.4967,1.4969,79041.5
1791100440000,1.4969,1.4969,1.496,1.496,14034.7
1791100500000,1.4959,1.4965,1.4959,1.4963,9379.6
1791100560000,1.4963,1.4964,1.4958,1.4961,60493.2
1791100620000,1.4961,1.4981,1.4961,1.4971,160012.4
1791100680000,1.4971,1.4986,1.4971,1.4985,40589.0
1791100740000,1.4985,1.4993,1.4985,1.4992,33142.3
1791100800000,1.4993,1.4998,1.4982,1.4986,74840.2
1791100860000,1.4986,1.5011,1.4983,1.5001,315861.6
1791100920000,1.5,1.5008,1.4984,1.4987,82893.7
1791100980000,1.4987,1.4997,1.4977,1.4983,63070.9
1791101040000,1.4983,1.4991,1.4982,1.4982,65895.9
1791101100000,1.4983,1.499,1.4983,1.4983,62640.2
1791101160000,1.4983,1.4986,1.4981,1.4982,24548.0
1791101220000,1.4982,1.4983,1.4977,1.4977,10141.4
1791101280000,1.4977,1.4979,1.4973,1.4973,16390.7
1791101340000,1.4973,1.4984,1.4973,1.4982,24773.5
1791101400000,1.4982,1.4988,1.4979,1.4988,17673.6
1791101460000,1.4988,1.4988,1.4981,1.4982,3644.1
1791101520000,1.4982,1.4982,1.4976,1.4978,19173.0
1791101580000,1.4978,1.4982,1.4977,1.4979,33618.2
1791101640000,1.4979,1.4979,1.4971,1.4972,15827.1
1791101700000,1.4971,1.4973,1.4971,1.4973,4524.1
1791101760000,1.4973,1.4977,1.4973,1.4974,9405.2
1791101820000,1.4975,1.4979,1.4974,1.4979,3881.0
1791101880000,1.4979,1.4984,1.4977,1.4978,50507.2
1791101940000,1.4977,1.4978,1.4973,1.4973,7732.1
1791102000000,1.4973,1.4975,1.497,1.497,23412.9
1791102060000,1.497,1.497,1.4967,1.4967,5047.2
1791102120000,1.4966,1.4975,1.4965,1.4972,28743.9
1791102180000,1.4973,1.4973,1.4969,1.497,7032.6
1791102240000,1.497,1.4971,1.4969,1.4971,10060.9
1791102300000,1.4971,1.4977,1.4971,1.4975,17725.2
1791102360000,1.4976,1.4984,1.4973,1.4984,71781.4
1791102420000,1.4983,1.4984,1.4981,1.4982,83176.4
1791102480000,1.4982,1.4984,1.498,1.498,19049.0
1791102540000,1.4981,1.4981,1.4974,1.4975,19978.0
1791102600000,1.4975,1.4978,1.4971,1.4971,23224.1
1791102660000,1.4971,1.4973,1.4961,1.4964,72943.5
1791102720000,1.4964,1.4977,1.4964,1.4975,10713.9
1791102780000,1.4975,1.4975,1.4963,1.4965,19259.0
1791102840000,1.4965,1.4973,1.4965,1.4969,30629.5
1791102900000,1.497,1.497,1.4965,1.4966,13144.0
1791102960000,1.4965,1.497,1.4965,1.4967,14799.9
1791103020000,1.4967,1.4967,1.4961,1.4962,30295.8
1791103080000,1.4961,1.4961,1.4957,1.4957,19729.4
1791103140000,1.4957,1.4958,1.4955,1.4957,5808.7
1791103200000,1.4957,1.4967,1.4957,1.4966,20563.5
1791103260000,1.4967,1.4968,1.4967,1.4968,7031.2
1791103320000,1.4968,1.4968,1.4965,1.4968,16338.8
1791103380000,1.4967,1.4973,1.4967,1.497,8754.4
1791103440000,1.497,1.4971,1.4966,1.4966,17355.1
1791103500000,1.4966,1.4966,1.4963,1.4966,3104.8
1791103560000,1.4966,1.497,1.4966,1.4968,19754.9
1791103620000,1.4969,1.4977,1.4968,1.497,15717.2
1791103680000,1.4971,1.4971,1.4967,1.4967,9555.3
1791103740000,1.4968,1.4969,1.4963,1.4963,16368.5
1791103800000,1.4963,1.497,1.4962,1.4962,159618.6
1791103860000,1.4962,1.4963,1.4957,1.4959,76542.3
1791103920000,1.4959,1.4959,1.4958,1.4959,18039.8
1791103980000,1.4958,1.4959,1.4958,1.4959,6154.4
1791104040000,1.4958,1.4959,1.4958,1.4958,9098.4
1791104100000,1.4958,1.4958,1.4955,1.4956,8708.3
1791104160000,1.4955,1.4956,1.4954,1.4955,4753.7
1791104220000,1.4955,1.4955,1.4954,1.4954,12103.8
1791104280000,1.4954,1.4959,1.4952,1.4959,88347.0
1791104340000,1.4958,1.4959,1.4954,1.4954,12096.1
1791104400000,1.4954,1.4958,1.4953,1.4957,22718.4
1791104460000,1.4957,1.4958,1.4952,1.4953,11061.1
1791104520000,1.4952,1.4953,1.495,1.495,4993.4
1791104580000,1.495,1.495,1.4947,1.495,38238.2
1791104640000,1.495,1.495,1.4947,1.4948,38082.6
1791104700000,1.4948,1.4948,1.4944,1.4945,31632.5
1791104760000,1.4944,1.4945,1.4939,1.494,37346.4
1791104820000,1.4941,1.495,1.4941,1.495,23863.1
1791104880000,1.4949,1.4958,1.4949,1.4955,112453.8
1791104940000,1.4954,1.4959,1.4954,1.4958,16409.6
1791105000000,1.4958,1.4959,1.4958,1.4958,15603.6
1791105060000,1.4959,1.4966,1.4958,1.4965,42133.8
1791105120000,1.4965,1.4966,1.4963,1.4964,22499.1
1791105180000,1.4964,1.4966,1.4963,1.4964,13582.9
1791105240000,1.4964,1.4964,1.4962,1.4962,9359.1
1791105300000,1.4961,1.4966,1.4961,1.4965,20306.5
1791105360000,1.4965,1.4966,1.4965,1.4966,3673.0
1791105420000,1.4966,1.4966,1.4965,1.4965,5574.2
1791105480000,1.4966,1.4976,1.4966,1.4971,37912.0
1791105540000,1.4971,1.4971,1.497,1.4971,12042.2
1791105600000,1.4971,1.4974,1.4968,1.4968,54982.6
1791105660000,1.4968,1.497,1.4968,1.4969,3141.3
1791105720000,1.4969,1.4974,1.4969,1.4973,24471.8
1791105780000,1.4974,1.4982,1.4974,1.4982,33143.2
1791105840000,1.4983,1.5002,1.4983,1.5,142379.2
1791105900000,1.5001,1.5024,1.5001,1.5021,91521.7
1791105960000,1.5021,1.5021,1.5011,1.5012,45645.8
1791106020000,1.5012,1.5018,1.5008,1.5009,81776.7
1791106080000,1.5009,1.5014,1.5004,1.5005,16774.3
1791106140000,1.5005,1.5025,1.5005,1.5017,128183.1
1791106200000,1.5017,1.5021,1.5005,1.5007,295985.1
1791106260000,1.5008,1.5008,1.4997,1.4998,174788.8
1791106320000,1.4999,1.4999,1.4997,1.4998,35498.3
1791106380000,1.4998,1.4998,1.4994,1.4994,24903.1
1791106440000,1.4994,1.4996,1.4994,1.4996,12366.9
1791106500000,1.4996,1.4996,1.4984,1.4984,67358.5
1791106560000,1.4984,1.4994,1.4984,1.4992,32223.4
1791106620000,1.4992,1.4995,1.4992,1.4994,19183.3
1791106680000,1.4994,1.4994,1.499,1.4991,9403.3
1791106740000,1.4991,1.5,1.499,1.5,24172.1
1791106800000,1.5,1.5012,1.4999,1.5011,119766.0
1791106860000,1.5012,1.5014,1.5008,1.5012,31192.7
1791106920000,1.5013,1.5018,1.5012,1.5013,21372.0
1791106980000,1.5014,1.5014,1.5,1.5008,102494.0
1791107040000,1.5009,1.5014,1.5009,1.5009,30495.5
1791107100000,1.5009,1.5017,1.5009,1.5015,4399.7
1791107160000,1.5016,1.502,1.5012,1.502,19925.0
1791107220000,1.5019,1.5028,1.5017,1.5025,39698.6
1791107280000,1.5024,1.5029,1.5022,1.5027,22919.3
1791107340000,1.5026,1.5028,1.5,1.5001,166245.5
1791107400000,1.5001,1.5001,1.4994,1.4995,161016.4
1791107460000,1.4994,1.4995,1.499,1.4992,23413.8
1791107520000,1.4993,1.4995,1.4991,1.4995,26345.9
1791107580000,1.4995,1.4995,1.4994,1.4995,3954.9
1791107640000,1.4995,1.4995,1.4994,1.4994,11337.7
1791107700000,1.4994,1.4995,1.4994,1.4995,44541.9
1791107760000,1.4996,1.5,1.4994,1.4995,26315.8
1791107820000,1.4994,1.4996,1.4993,1.4996,14160.9
1791107880000,1.4996,1.5005,1.4994,1.4998,72785.7
1791107940000,1.4998,1.4998,1.4992,1.4996,15096.0
1791108000000,1.4996,1.5003,1.4995,1.5003,16244.3
1791108060000,1.5002,1.5002,1.4999,1.4999,30914.4
1791108120000,1.4999,1.5008,1.4999,1.5003,39460.4
1791108180000,1.5003,1.5016,1.5003,1.5014,47738.8
1791108240000,1.5013,1.502,1.5011,1.5019,28522.6
1791108300000,1.5019,1.5029,1.5019,1.5027,33890.8
1791108360000,1.5028,1.5034,1.5027,1.5028,70016.4
1791108420000,1.5028,1.5028,1.5015,1.5016,31452.2
1791108480000,1.5015,1.5016,1.5014,1.5014,13800.2
1791108540000,1.5015,1.5015,1.5011,1.5013,51257.4
1791108600000,1.5013,1.5014,1.5004,1.5004,28487.7
1791108660000,1.5005,1.5005,1.5002,1.5003,4345.1
1791108720000,1.5003,1.5003,1.5,1.5,15542.4
1791108780000,1.5001,1.5001,1.5,1.5001,2203.5
1791108840000,1.5001,1.5011,1.4999,1.5011,85780.2
1791108900000,1.501,1.5013,1.5006,1.5009,59702.1
1791108960000,1.501,1.5014,1.5008,1.5011,30128.5
1791109020000,1.5011,1.5011,1.5004,1.5006,18805.5
1791109080000,1.5006,1.5021,1.5002,1.5017,19981.4
1791109140000,1.5018,1.5025,1.5005,1.501,27008.1
1791109200000,1.5009,1.501,1.5003,1.5003,19463.0
1791109260000,1.5003,1.501,1.5003,1.501,17765.6
1791109320000,1.501,1.502,1.5008,1.5008,18342.5
1791109380000,1.5008,1.5008,1.5004,1.5004,39953.0
1791109440000,1.5004,1.5006,1.5002,1.5005,6772.1
1791109500000,1.5004,1.5006,1.5004,1.5006,3285.2
1791109560000,1.5005,1.5005,1.5002,1.5005,9945.3
1791109620000,1.5005,1.5015,1.5002,1.5009,152732.0
1791109680000,1.5008,1.5009,1.5004,1.5004,11813.7
1791109740000,1.5005,1.5006,1.5002,1.5002,15469.6
1791109800000,1.5002,1.5008,1.5,1.5,32921.4
1791109860000,1.5,1.5009,1.5,1.5009,19020.0
1791109920000,1.5009,1.5009,1.5002,1.5002,35399.1
1791109980000,1.5002,1.5013,1.5001,1.5009,35355.7
1791110040000,1.5008,1.5008,1.4997,1.4997,58463.4
1791110100000,1.4997,1.4997,1.4994,1.4995,90184.6
1791110160000,1.4995,1.4996,1.4992,1.4993,18697.4
1791110220000,1.4993,1.4994,1.4992,1.4992,6378.3
1791110280000,1.4993,1.4996,1.4993,1.4993,24907.8
1791110340000,1.4994,1.4996,1.499,1.4995,5358.1
1791110400000,1.4996,1.4996,1.499,1.499,8323.9
1791110460000,1.499,1.5012,1.499,1.5011,118080.7
1791110520000,1.5011,1.5011,1.5006,1.5011,8622.5
1791110580000,1.501,1.5012,1.501,1.5012,8421.5
1791110640000,1.5013,1.5013,1.5007,1.5013,9220.2
1791110700000,1.5014,1.5018,1.5013,1.5017,10072.7
1791110760000,1.5017,1.5017,1.5011,1.5011,13581.2
1791110820000,1.5011,1.5014,1.5006,1.5009,10958.6
1791110880000,1.5009,1.5014,1.5009,1.5009,11966.3
1791110940000,1.5009,1.501,1.5008,1.5009,2097.1
1791111000000,1.5008,1.5012,1.5008,1.5011,5397.4
1791111060000,1.5011,1.5019,1.5011,1.5018,6935.6
1791111120000,1.5018,1.5019,1.5018,1.5019,8823.9
1791111180000,1.5018,1.5019,1.5018,1.5019,7710.9
1791111240000,1.5018,1.5019,1.5018,1.5018,7926.9
1791111300000,1.5018,1.5019,1.5018,1.5019,6532.6
1791111360000,1.5019,1.5022,1.5018,1.5022,15775.6
1791111420000,1.5022,1.5022,1.5015,1.5015,16321.3
1791111480000,1.5015,1.502,1.5014,1.5019,10966.0
1791111540000,1.502,1.502,1.5013,1.5015,6296.3
1791111600000,1.5016,1.5017,1.5009,1.5009,50097.0
1791111660000,1.5008,1.5009,1.5,1.5,15401.2
1791111720000,1.5001,1.5001,1.499,1.4993,38590.3
1791111780000,1.4993,1.4995,1.4992,1.4993,11621.4
1791111840000,1.4993,1.4994,1.4991,1.4992,11478.0
1791111900000,1.4993,1.5002,1.4993,1.5002,49838.7
1791111960000,1.5001,1.5002,1.4999,1.4999,4369.7
1791112020000,1.4999,1.4999,1.4995,1.4995,9755.6
1791112080000,1.4996,1.4997,1.4995,1.4996,15219.2
1791112140000,1.4997,1.5002,1.4996,1.5001,20133.7
1791112200000,1.5001,1.5002,1.4999,1.5,10296.6
1791112260000,1.4999,1.5005,1.4999,1.5004,7129.2
1791112320000,1.5005,1.5005,1.4999,1.4999,4739.3
1791112380000,1.4998,1.4998,1.4996,1.4996,2505.9
1791112440000,1.4996,1.4997,1.4992,1.4992,6120.0
1791112500000,1.4992,1.4992,1.499,1.4991,9217.2
1791112560000,1.499,1.4991,1.499,1.499,2749.3
1791112620000,1.4991,1.4991,1.4987,1.4988,73233.3
1791112680000,1.4988,1.4991,1.4988,1.499,11840.7
1791112740000,1.499,1.4992,1.499,1.4991,26812.6
1791112800000,1.4992,1.5003,1.4991,1.5003,11713.6
1791112860000,1.5003,1.5008,1.4999,1.4999,7532.5
1791112920000,1.5,1.5,1.4996,1.4997,3412.3
1791112980000,1.4997,1.5001,1.4997,1.5001,10386.6
1791113040000,1.5002,1.5003,1.4999,1.5,7386.1
1791113100000,1.5001,1.5004,1.4999,1.5004,18847.0
1791113160000,1.5003,1.5007,1.5003,1.5007,1334.8
1791113220000,1.5006,1.5008,1.5004,1.5004,25771.1
1791113280000,1.5003,1.5004,1.4998,1.4998,22917.8
1791113340000,1.4998,1.4999,1.4995,1.4996,6039.1
1791113400000,1.4995,1.4996,1.4994,1.4996,12704.8
1791113460000,1.4996,1.4996,1.4991,1.4992,5660.0
1791113520000,1.4992,1.4992,1.4983,1.4986,20873.6
1791113580000,1.4986,1.4987,1.4985,1.4985,6783.4
1791113640000,1.4985,1.4986,1.4985,1.4985,4606.8
1791113700000,1.4985,1.4985,1.4983,1.4984,3397.3
1791113760000,1.4985,1.4986,1.4984,1.4986,1596.5
1791113820000,1.4986,1.4986,1.4985,1.4986,6295.6
1791113880000,1.4986,1.4986,1.4982,1.4982,26210.7
1791113940000,1.4983,1.4983,1.4982,1.4982,5113.8
1791114000000,1.4982,1.4983,1.498,1.498,10621.6
1791114060000,1.498,1.4981,1.498,1.4981,17620.9
1791114120000,1.498,1.498,1.4979,1.498,29902.5
1791114180000,1.4979,1.4981,1.4976,1.4976,49999.5
1791114240000,1.4976,1.4977,1.4974,1.4977,24154.2
1791114300000,1.4977,1.4978,1.4977,1.4978,5296.4
1791114360000,1.4977,1.4979,1.4977,1.4979,10674.6
1791114420000,1.4979,1.4979,1.4978,1.4978,2864.3
1791114480000,1.4978,1.4982,1.4978,1.4978,45187.5
1791114540000,1.4978,1.498,1.4978,1.498,30475.4
1791114600000,1.498,1.4984,1.498,1.4984,57653.2
1791114660000,1.4983,1.4984,1.4983,1.4984,7910.4
1791114720000,1.4983,1.4987,1.4983,1.4986,18291.2
1791114780000,1.4987,1.4991,1.4986,1.499,84058.8
1791114840000,1.499,1.4993,1.4988,1.4988,9052.7
1791114900000,1.4989,1.4993,1.4988,1.4993,5919.0
1791114960000,1.4993,1.4993,1.4992,1.4992,3391.0
1791115020000,1.4992,1.4993,1.4987,1.4987,27992.6
1791115080000,1.4987,1.4988,1.4987,1.4988,16981.7
1791115140000,1.4988,1.4988,1.4987,1.4987,3882.3
1791115200000,1.4988,1.4988,1.4987,1.4987,5132.3
1791115260000,1.4987,1.4998,1.4987,1.4998,47015.2
1791115320000,1.4998,1.5,1.4995,1.4999,90047.3
1791115380000,1.5,1.5,1.4997,1.5,14209.9
1791115440000,1.5,1.5005,1.4999,1.5003,24083.3
1791115500000,1.5002,1.5003,1.5002,1.5003,7090.7
1791115560000,1.5003,1.5016,1.5003,1.5016,96447.5
1791115620000,1.5016,1.5022,1.5016,1.5021,64190.3
1791115680000,1.5021,1.5021,1.5017,1.5018,13373.6
1791115740000,1.5017,1.5018,1.5011,1.5011,25041.9
1791115800000,1.5011,1.5011,1.501,1.5011,8962.8
1791115860000,1.5011,1.5011,1.5007,1.5008,5076.5
1791115920000,1.5007,1.5007,1.5001,1.5001,23915.7
1791115980000,1.5001,1.5001,1.4994,1.4995,6784.7
1791116040000,1.4995,1.4995,1.499,1.4991,7794.0
1791116100000,1.499,1.4991,1.4989,1.4989,35710.2
1791116160000,1.4988,1.4989,1.4983,1.4983,11610.2
1791116220000,1.4984,1.4989,1.4977,1.4988,37752.7
1791116280000,1.4988,1.5009,1.4988,1.5003,25988.1
1791116340000,1.5002,1.5002,1.4996,1.5002,23598.4
1791116400000,1.5002,1.5004,1.5001,1.5002,12201.6
1791116460000,1.5003,1.501,1.5002,1.501,10913.5
1791116520000,1.501,1.5014,1.501,1.5013,9575.4
1791116580000,1.5013,1.5013,1.5004,1.5012,21874.0
1791116640000,1.5012,1.5013,1.5006,1.5011,81146.7
1791116700000,1.5011,1.5015,1.5011,1.5015,13555.8
1791116760000,1.5015,1.5016,1.5012,1.5013,27939.1
1791116820000,1.5012,1.5014,1.5011,1.5014,9210.5
1791116880000,1.5014,1.5015,1.501,1.5014,32326.3
1791116940000,1.5014,1.5015,1.5012,1.5014,9904.5
1791117000000,1.5013,1.5016,1.5013,1.5016,8975.3
1791117060000,1.5016,1.5023,1.5016,1.5022,50212.2
1791117120000,1.5022,1.5025,1.5005,1.5007,92294.6
1791117180000,1.5006,1.5014,1.5006,1.5012,19757.5
1791117240000,1.5012,1.5012,1.5007,1.5012,15668.2
1791117300000,1.5013,1.5015,1.5012,1.5012,9386.7
1791117360000,1.5011,1.5012,1.501,1.501,3760.0
1791117420000,1.501,1.5012,1.5009,1.5009,10558.9
1791117480000,1.5008,1.5008,1.5002,1.5002,30588.5
1791117540000,1.5002,1.5002,1.4997,1.4998,24019.3
1791117600000,1.4998,1.5,1.4998,1.5,4944.3
1791117660000,1.4999,1.5004,1.4999,1.5003,15074.0
1791117720000,1.5004,1.5005,1.5003,1.5005,11261.5
1791117780000,1.5004,1.5004,1.5,1.5,10998.8
1791117840000,1.5,1.5001,1.4993,1.4993,8489.9
1791117900000,1.4994,1.4995,1.4993,1.4994,19245.7
1791117960000,1.4995,1.4996,1.499,1.4992,19926.3
1791118020000,1.4992,1.4995,1.499,1.499,11197.1
1791118080000,1.4989,1.4992,1.4989,1.499,22725.4
1791118140000,1.499,1.499,1.4989,1.499,13000.0
1791118200000,1.4991,1.4992,1.499,1.4992,22200.5
1791118260000,1.4992,1.4992,1.499,1.499,4117.8
1791118320000,1.4991,1.4993,1.499,1.4993,14608.0
1791118380000,1.4992,1.4993,1.4991,1.4992,11687.6
1791118440000,1.4991,1.4992,1.4982,1.4985,79865.5
1791118500000,1.4984,1.4985,1.4977,1.4978,157599.9
1791118560000,1.4979,1.498,1.497,1.4979,134234.1
1791118620000,1.4979,1.498,1.4977,1.4977,46757.7
1791118680000,1.4977,1.4983,1.4977,1.4979,40175.5
1791118740000,1.4978,1.4982,1.4978,1.4978,33665.0
1791118800000,1.4977,1.498,1.4976,1.4979,21210.0
1791118860000,1.498,1.4982,1.498,1.4982,23975.3
1791118920000,1.4982,1.4982,1.4978,1.498,39773.2
1791118980000,1.4979,1.4982,1.4979,1.4982,12335.6
1791119040000,1.4981,1.4986,1.4981,1.4986,5082.7
1791119100000,1.4985,1.4986,1.4985,1.4986,6264.5
1791119160000,1.4985,1.4989,1.4985,1.4989,15035.9
1791119220000,1.4988,1.4989,1.4985,1.4985,17242.8
1791119280000,1.4985,1.4988,1.4984,1.4988,14832.2
1791119340000,1.4988,1.4989,1.4987,1.4987,16912.0
1791119400000,1.4987,1.4989,1.4987,1.4989,24491.7
1791119460000,1.4989,1.499,1.4989,1.499,14626.1
1791119520000,1.499,1.4999,1.499,1.4998,9832.8
1791119580000,1.4999,1.4999,1.4998,1.4999,5302.4
1791119640000,1.4999,1.5,1.4998,1.5,1502.7
1791119700000,1.5,1.5006,1.4999,1.5006,11543.6
1791119760000,1.5005,1.5013,1.5005,1.5013,56517.1
1791119820000,1.5013,1.5013,1.5009,1.5009,12951.3
1791119880000,1.5008,1.5008,1.5005,1.5005,13115.0
1791119940000,1.5006,1.5006,1.4998,1.4998,11298.0
1791120000000,1.4997,1.4999,1.4997,1.4999,7433.3
1791120060000,1.4999,1.5005,1.4998,1.5004,10644.3
1791120120000,1.5004,1.5006,1.5004,1.5005,9708.2
1791120180000,1.5005,1.5006,1.5005,1.5006,2835.4
1791120240000,1.5005,1.5006,1.5005,1.5005,1245.0
1791120300000,1.5006,1.5011,1.5005,1.501,3929.1
1791120360000,1.501,1.5015,1.501,1.5012,10937.2
1791120420000,1.5012,1.5017,1.5012,1.5017,45125.9
1791120480000,1.5017,1.5017,1.5014,1.5015,25390.2
1791120540000,1.5016,1.5017,1.5015,1.5017,6480.8
1791120600000,1.5017,1.5017,1.5016,1.5016,6013.6
1791120660000,1.5017,1.5025,1.5017,1.502,33986.8
1791120720000,1.502,1.502,1.5017,1.5017,6520.8
1791120780000,1.5017,1.502,1.5017,1.5019,8555.7
1791120840000,1.5019,1.502,1.5019,1.5019,29143.0
1791120900000,1.5019,1.502,1.5014,1.5015,61697.5
1791120960000,1.5014,1.503,1.5013,1.5026,112064.6
1791121020000,1.5026,1.505,1.5026,1.505,353972.2
1791121080000,1.5049,1.505,1.5033,1.5041,302651.3
1791121140000,1.5041,1.5041,1.5033,1.5034,65840.6
1791121200000,1.5034,1.5034,1.5027,1.5028,15639.0
1791121260000,1.5027,1.5028,1.5023,1.5025,21165.6
1791121320000,1.5025,1.5025,1.5018,1.5018,12568.6
1791121380000,1.5019,1.5031,1.5019,1.5023,87322.9
1791121440000,1.5022,1.5022,1.5018,1.5018,4407.0
1791121500000,1.5018,1.5019,1.5015,1.5015,6122.8
1791121560000,1.5015,1.5027,1.501,1.5025,99447.4
1791121620000,1.5025,1.503,1.5022,1.5024,26877.6
1791121680000,1.5024,1.5032,1.5024,1.5032,2408.7
1791121740000,1.5031,1.5037,1.5031,1.5034,9192.5
1791121800000,1.5034,1.5034,1.5029,1.503,5552.8
1791121860000,1.5029,1.503,1.5027,1.5029,8776.6
1791121920000,1.503,1.503,1.5028,1.5028,40413.9
1791121980000,1.5029,1.503,1.5028,1.5028,20147.2
1791122040000,1.5029,1.5029,1.5028,1.5028,8381.0
1791122100000,1.5028,1.5028,1.5019,1.5019,24555.3
1791122160000,1.502,1.502,1.5019,1.5019,4765.1
1791122220000,1.5019,1.5024,1.5016,1.5016,38968.4
1791122280000,1.5016,1.5016,1.5009,1.501,14421.4
1791122340000,1.5009,1.5012,1.5009,1.5012,27936.7
1791122400000,1.5011,1.5012,1.5002,1.5003,25593.1
1791122460000,1.5003,1.5006,1.5,1.5,45582.3
1791122520000,1.5,1.5001,1.4996,1.4997,42531.3
1791122580000,1.4996,1.4997,1.4993,1.4997,26714.1
1791122640000,1.4997,1.5002,1.4997,1.5001,18323.1
1791122700000,1.5001,1.5006,1.5,1.5005,9097.9
1791122760000,1.5006,1.5006,1.4999,1.4999,9102.2
1791122820000,1.4999,1.5,1.4995,1.4996,25217.7
1791122880000,1.4995,1.4997,1.4995,1.4996,21050.1
1791122940000,1.4996,1.4997,1.4991,1.4996,87966.5
1791123000000,1.4995,1.5004,1.4993,1.4993,126604.6
1791123060000,1.4993,1.4993,1.4987,1.4991,26489.2
1791123120000,1.4991,1.5002,1.499,1.5,91274.2
1791123180000,1.5,1.5001,1.4995,1.4999,13185.5
1791123240000,1.4999,1.5004,1.4999,1.5,13385.7
1791123300000,1.5001,1.5003,1.4998,1.4998,9280.9
1791123360000,1.4997,1.4997,1.4996,1.4996,1358.5
1791123420000,1.4997,1.5,1.4996,1.4999,8465.2
1791123480000,1.4999,1.5002,1.4996,1.4999,65260.7
1791123540000,1.4999,1.5,1.4992,1.4993,16184.3
1791123600000,1.4993,1.4993,1.4979,1.498,57990.6
1791123660000,1.4981,1.4982,1.498,1.498,15339.2
1791123720000,1.4981,1.4993,1.498,1.4988,84483.6
1791123780000,1.4988,1.4992,1.4988,1.4992,2514.1
1791123840000,1.4992,1.4995,1.4991,1.4993,35743.0
1791123900000,1.4993,1.4999,1.4993,1.4999,3812.0
1791123960000,1.4999,1.5002,1.4998,1.4999,24496.3
1791124020000,1.4998,1.5007,1.4998,1.5006,6799.1
1791124080000,1.5006,1.5007,1.5,1.5,22557.5
1791124140000,1.5,1.5,1.4999,1.4999,1497.6
1791124200000,1.5,1.5001,1.4999,1.5001,21802.0
1791124260000,1.5001,1.501,1.5001,1.5009,58084.8
1791124320000,1.5009,1.5013,1.5005,1.5013,87942.5
1791124380000,1.5013,1.5013,1.5007,1.5009,15942.1
1791124440000,1.5009,1.5011,1.5006,1.5007,32009.6
1791124500000,1.5007,1.502,1.5007,1.502,15111.7
1791124560000,1.502,1.502,1.5003,1.5003,62186.4
1791124620000,1.5003,1.5003,1.499,1.4994,49382.4
1791124680000,1.4994,1.4994,1.4993,1.4994,5239.5
1791124740000,1.4994,1.4994,1.4992,1.4992,10765.7
1791124800000,1.4993,1.4993,1.4991,1.4991,22977.0
1791124860000,1.4991,1.4996,1.4989,1.4996,42458.9
1791124920000,1.4996,1.4999,1.4996,1.4999,28524.6
1791124980000,1.4999,1.4999,1.4997,1.4997,9478.8
1791125040000,1.4997,1.4998,1.4995,1.4995,17560.8
1791125100000,1.4996,1.5,1.4994,1.5,63621.6
1791125160000,1.5,1.5,1.4995,1.4995,12418.4
1791125220000,1.4996,1.5014,1.4991,1.5006,117624.7
1791125280000,1.5007,1.5017,1.5007,1.5012,16033.4
1791125340000,1.5011,1.5012,1.5009,1.5012,8276.4
1791125400000,1.5012,1.5013,1.5011,1.5012,30369.5
1791125460000,1.5013,1.5013,1.501,1.5013,26005.2
1791125520000,1.5013,1.5024,1.5013,1.5024,36456.6
1791125580000,1.5024,1.5024,1.5021,1.5024,38571.6
1791125640000,1.5024,1.5027,1.5024,1.5027,5838.4
1791125700000,1.5027,1.5033,1.5027,1.5031,160352.7
1791125760000,1.503,1.5031,1.5024,1.5025,18945.8
1791125820000,1.5024,1.5025,1.5022,1.5023,9238.4
1791125880000,1.5023,1.5023,1.5022,1.5022,9619.0
1791125940000,1.5022,1.5023,1.5022,1.5023,8483.8
1791126000000,1.5022,1.5026,1.5022,1.5025,18048.3
1791126060000,1.5025,1.5025,1.5012,1.5015,63482.5
1791126120000,1.5014,1.5026,1.5014,1.5026,57571.8
1791126180000,1.5026,1.5039,1.5026,1.5039,29839.2
1791126240000,1.5039,1.5074,1.5039,1.5053,391711.8
1791126300000,1.5053,1.5058,1.5046,1.5047,27315.0
1791126360000,1.5047,1.5047,1.5038,1.504,17816.8
1791126420000,1.504,1.5045,1.504,1.5045,44017.6
1791126480000,1.5044,1.5044,1.5031,1.5038,27054.5
1791126540000,1.5038,1.5042,1.5035,1.504,10285.8
1791126600000,1.5041,1.5048,1.5038,1.5047,64731.0
1791126660000,1.5047,1.5054,1.5045,1.5053,29695.2
1791126720000,1.5054,1.5054,1.5046,1.505,18264.7
1791126780000,1.5051,1.5065,1.505,1.5063,42320.6
1791126840000,1.5062,1.5063,1.5055,1.506,18543.1
1791126900000,1.5061,1.5062,1.5052,1.5057,161567.0
1791126960000,1.5057,1.5065,1.5056,1.5063,25439.6
1791127020000,1.5063,1.5076,1.506,1.5073,98784.4
1791127080000,1.5073,1.5073,1.5062,1.5069,250559.0
1791127140000,1.507,1.5084,1.5069,1.5082,59458.8
1791127200000,1.5081,1.5085,1.5071,1.5085,43419.1
1791127260000,1.5085,1.51,1.5075,1.5075,195004.2
1791127320000,1.5076,1.5078,1.5066,1.5076,103464.1
1791127380000,1.5076,1.5077,1.5066,1.5068,16537.8
1791127440000,1.5068,1.5069,1.5061,1.5061,8755.3
1791127500000,1.5061,1.5062,1.5049,1.505,30588.7
1791127560000,1.5049,1.5052,1.5041,1.5044,74616.7
1791127620000,1.5043,1.5062,1.5043,1.506,138083.8
1791127680000,1.5059,1.5061,1.5054,1.5061,16833.5
1791127740000,1.5061,1.5061,1.5053,1.5053,13726.5
1791127800000,1.5053,1.5058,1.505,1.5054,38986.9
1791127860000,1.5055,1.5061,1.505,1.5061,20905.6
1791127920000,1.506,1.5063,1.5056,1.5057,16338.9
1791127980000,1.5056,1.5057,1.505,1.5055,16871.6
1791128040000,1.5054,1.5056,1.5049,1.505,25877.2
1791128100000,1.5049,1.505,1.5045,1.5045,3327.2
1791128160000,1.5044,1.5044,1.504,1.504,26133.8
1791128220000,1.5041,1.5041,1.5035,1.5037,19421.0
1791128280000,1.5037,1.5039,1.5034,1.5034,10949.7
1791128340000,1.5034,1.5036,1.5033,1.5036,14260.2
1791128400000,1.5035,1.5048,1.5035,1.5047,16116.5
1791128460000,1.5048,1.505,1.5045,1.5047,17942.6
1791128520000,1.5047,1.505,1.5046,1.5049,10595.3
1791128580000,1.505,1.505,1.5041,1.5041,65437.8
1791128640000,1.5041,1.5044,1.5031,1.5044,131235.5
1791128700000,1.5044,1.5044,1.5036,1.5036,43496.0
1791128760000,1.5037,1.504,1.5037,1.5039,7294.2
1791128820000,1.5039,1.5039,1.5033,1.5038,17408.9
1791128880000,1.5039,1.5056,1.5038,1.5048,126864.3
1791128940000,1.5048,1.5048,1.5042,1.5042,13180.0
1791129000000,1.5042,1.5047,1.5041,1.5047,11210.9
1791129060000,1.5048,1.5048,1.5041,1.5043,10359.0
1791129120000,1.5043,1.5043,1.504,1.504,39011.4
1791129180000,1.5041,1.5062,1.5041,1.5062,85898.0
1791129240000,1.5061,1.5065,1.5058,1.5058,103878.6
1791129300000,1.5059,1.506,1.5051,1.5052,111957.2
1791129360000,1.5051,1.5058,1.5051,1.5057,26182.2
1791129420000,1.5058,1.5058,1.5057,1.5058,2944.9
1791129480000,1.5057,1.506,1.5055,1.5057,37020.0
1791129540000,1.5057,1.5058,1.5047,1.5048,17153.3
1791129600000,1.5048,1.5056,1.5048,1.5056,27026.5
1791129660000,1.5057,1.5057,1.5041,1.5041,11148.1
1791129720000,1.504,1.504,1.5027,1.503,18613.4
1791129780000,1.5031,1.5031,1.5019,1.5019,121430.8
1791129840000,1.5019,1.5025,1.5019,1.5024,8523.0
1791129900000,1.5024,1.5024,1.5018,1.5019,22915.2
1791129960000,1.5018,1.5018,1.5015,1.5016,21813.5
1791130020000,1.5016,1.5027,1.5016,1.5026,11911.6
1791130080000,1.5026,1.5035,1.5026,1.5032,15991.6
1791130140000,1.5032,1.5039,1.5027,1.5038,24717.7
1791130200000,1.5037,1.5046,1.5037,1.5039,77042.3
1791130260000,1.5039,1.5039,1.503,1.5039,11344.4
1791130320000,1.5038,1.504,1.5038,1.5038,24653.3
1791130380000,1.5038,1.504,1.5035,1.504,13377.5
1791130440000,1.504,1.5046,1.5038,1.5044,57657.6
1791130500000,1.5045,1.5055,1.5044,1.505,32327.2
1791130560000,1.505,1.5055,1.5044,1.5054,22629.8
1791130620000,1.5054,1.5055,1.5044,1.5045,28670.5
1791130680000,1.5045,1.5052,1.5044,1.505,10393.2
1791130740000,1.5051,1.5052,1.5049,1.5049,12734.7
1791130800000,1.5049,1.505,1.5033,1.5034,41990.4
1791130860000,1.5033,1.5033,1.5025,1.5026,22034.0
1791130920000,1.5025,1.5027,1.5018,1.5018,13646.3
1791130980000,1.5018,1.5021,1.5012,1.502,13329.6
1791131040000,1.5021,1.5025,1.5021,1.5024,11007.7
1791131100000,1.5025,1.5025,1.5013,1.5022,12325.2
1791131160000,1.5023,1.5025,1.5014,1.5014,40508.6
1791131220000,1.5014,1.5015,1.5005,1.5009,49883.9
1791131280000,1.5009,1.5013,1.5009,1.5011,43655.4
1791131340000,1.501,1.5012,1.501,1.5012,31092.7
1791131400000,1.5013,1.5022,1.5012,1.5018,23205.6
1791131460000,1.5018,1.5024,1.5018,1.5022,12141.6
1791131520000,1.5021,1.5025,1.5021,1.5024,21785.5
1791131580000,1.5023,1.5032,1.502,1.5032,10121.5
1791131640000,1.5032,1.5035,1.5031,1.5034,12495.5
1791131700000,1.5035,1.5038,1.5034,1.5036,7801.9
1791131760000,1.5037,1.504,1.5036,1.5039,18417.7
1791131820000,1.504,1.5045,1.5036,1.5036,14148.7
1791131880000,1.5035,1.5036,1.5024,1.5029,9029.0
1791131940000,1.5029,1.5036,1.5026,1.5026,20571.3
1791132000000,1.5026,1.5027,1.5022,1.5022,27208.0
1791132060000,1.5022,1.503,1.5022,1.5029,10425.0
1791132120000,1.5029,1.5034,1.5028,1.5034,8504.5
1791132180000,1.5034,1.5039,1.5032,1.5039,5098.4
1791132240000,1.5038,1.5044,1.5036,1.5036,128093.4
1791132300000,1.5035,1.5036,1.5024,1.5032,181231.4
1791132360000,1.5031,1.5037,1.5021,1.5021,59889.9
1791132420000,1.5022,1.5034,1.5022,1.5033,31856.1
1791132480000,1.5033,1.504,1.5032,1.504,46499.0
1791132540000,1.5039,1.5056,1.5039,1.5052,160196.9
1791132600000,1.5051,1.5051,1.5039,1.5048,88666.6
1791132660000,1.5048,1.5058,1.5047,1.5051,21249.3
1791132720000,1.5051,1.5051,1.5044,1.5046,27074.9
1791132780000,1.5046,1.5052,1.5044,1.5045,9183.2
1791132840000,1.5044,1.5045,1.504,1.5041,8139.5
1791132900000,1.5041,1.5045,1.504,1.5045,9424.3
1791132960000,1.5045,1.505,1.5045,1.5045,10868.4
1791133020000,1.5044,1.5044,1.504,1.5043,2911.9
1791133080000,1.5043,1.5043,1.504,1.5041,765.1
1791133140000,1.5041,1.5041,1.5034,1.5034,6179.4
1791133200000,1.5035,1.5035,1.503,1.5035,20310.5
1791133260000,1.5035,1.5039,1.5033,1.5033,10553.5
1791133320000,1.5032,1.5034,1.503,1.5031,9932.2
1791133380000,1.5031,1.5035,1.5028,1.5035,8379.4
1791133440000,1.5036,1.5038,1.5035,1.5035,16301.2
1791133500000,1.5036,1.5043,1.5036,1.5042,23826.3
1791133560000,1.5042,1.5042,1.5041,1.5042,1852.6
1791133620000,1.5041,1.5044,1.5034,1.5034,22330.8
1791133680000,1.5034,1.5039,1.5028,1.5039,21188.1
1791133740000,1.5039,1.5041,1.5029,1.503,15624.0
1791133800000,1.503,1.5031,1.5025,1.5025,54799.0
1791133860000,1.5026,1.5028,1.5025,1.5026,4945.3
1791133920000,1.5025,1.5025,1.5019,1.5022,6483.0
1791133980000,1.5022,1.5023,1.5022,1.5023,7675.2
1791134040000,1.5023,1.5023,1.5017,1.5017,16816.5
1791134100000,1.5017,1.5017,1.5015,1.5015,28460.2
1791134160000,1.5016,1.5016,1.5011,1.5012,5353.1
1791134220000,1.5012,1.5022,1.5012,1.5022,19077.3
1791134280000,1.5021,1.5021,1.5011,1.5011,4257.9
1791134340000,1.501,1.501,1.5007,1.5009,10606.6
1791134400000,1.5008,1.5009,1.5008,1.5009,5190.5
1791134460000,1.5008,1.5009,1.5007,1.5007,8798.5
1791134520000,1.5006,1.5006,1.5001,1.5002,4716.6
1791134580000,1.5001,1.5013,1.5001,1.5007,87549.5
1791134640000,1.5007,1.5008,1.5004,1.5006,5199.0
1791134700000,1.5005,1.5008,1.5003,1.5006,17674.9
1791134760000,1.5005,1.501,1.5005,1.501,12293.5
1791134820000,1.501,1.5011,1.501,1.5011,3988.5
1791134880000,1.5011,1.5011,1.5004,1.5004,9400.2
1791134940000,1.5004,1.5005,1.5004,1.5005,10136.8
1791135000000,1.5004,1.5007,1.5004,1.5004,28001.7
1791135060000,1.5005,1.5005,1.5001,1.5001,8329.9
1791135120000,1.5001,1.5005,1.5001,1.5001,5637.3
1791135180000,1.5002,1.5003,1.5001,1.5003,22117.4
1791135240000,1.5003,1.5004,1.5001,1.5004,32112.1
1791135300000,1.5003,1.5006,1.5003,1.5006,16906.8
1791135360000,1.5005,1.5005,1.5003,1.5003,7124.3
1791135420000,1.5003,1.5004,1.5003,1.5004,2097.1
1791135480000,1.5004,1.5004,1.5,1.5001,14434.1
1791135540000,1.5001,1.5005,1.5001,1.5002,7546.6
1791135600000,1.5003,1.5007,1.5002,1.5007,7237.3
1791135660000,1.5006,1.5012,1.5004,1.5005,15108.7
1791135720000,1.5006,1.5006,1.5004,1.5004,74876.9
1791135780000,1.5005,1.5018,1.5005,1.5016,28068.7
1791135840000,1.5015,1.503,1.5015,1.5029,10186.5
1791135900000,1.5029,1.504,1.5022,1.5039,39761.2
1791135960000,1.504,1.5047,1.5038,1.5038,67781.7
1791136020000,1.5039,1.5048,1.5039,1.5042,29112.8
1791136080000,1.5041,1.5043,1.503,1.5033,12026.2
1791136140000,1.5033,1.5037,1.5026,1.5027,15256.9
1791136200000,1.5027,1.5028,1.5023,1.5025,17824.3
1791136260000,1.5025,1.5025,1.5022,1.5025,10337.4
1791136320000,1.5024,1.5027,1.5016,1.5027,28011.2
1791136380000,1.5027,1.5027,1.5017,1.5017,10405.9
1791136440000,1.5018,1.5021,1.5015,1.5018,67737.6
1791136500000,1.5017,1.5021,1.5016,1.5019,14219.7
1791136560000,1.5018,1.5018,1.5016,1.5017,4781.3
1791136620000,1.5017,1.5021,1.5013,1.5013,9964.1
1791136680000,1.5013,1.5019,1.5013,1.5016,10193.9
1791136740000,1.5016,1.5018,1.5013,1.5013,8548.6
1791136800000,1.5012,1.5012,1.5003,1.5004,29213.8
1791136860000,1.5003,1.5004,1.5002,1.5004,6486.6
1791136920000,1.5003,1.5004,1.5,1.5002,29238.2
1791136980000,1.5002,1.5004,1.5002,1.5004,10163.3
1791137040000,1.5003,1.5003,1.5,1.5003,21025.1
1791137100000,1.5003,1.5012,1.5002,1.5011,13836.1
1791137160000,1.5011,1.5012,1.5006,1.5011,12492.5
1791137220000,1.5011,1.5015,1.5008,1.5008,48393.5
1791137280000,1.5007,1.501,1.5004,1.5005,13342.0
1791137340000,1.5005,1.5005,1.5001,1.5002,12166.6
1791137400000,1.5001,1.5002,1.5001,1.5001,3886.3
1791137460000,1.5001,1.5002,1.5001,1.5002,8616.6
1791137520000,1.5001,1.5002,1.5001,1.5001,18203.0
1791137580000,1.5002,1.5002,1.5001,1.5002,7047.4
1791137640000,1.5001,1.5002,1.5001,1.5002,9473.3
1791137700000,1.5002,1.5004,1.5001,1.5003,24296.8
1791137760000,1.5003,1.5006,1.5003,1.5005,15141.4
1791137820000,1.5006,1.5006,1.5002,1.5004,18315.1
1791137880000,1.5004,1.5005,1.5004,1.5004,20592.1
1791137940000,1.5005,1.5005,1.5002,1.5003,3916.9
1791138000000,1.5002,1.5002,1.5,1.5,26460.5
1791138060000,1.5,1.5001,1.5,1.5,8442.9
1791138120000,1.5,1.5,1.4991,1.4994,68363.3
1791138180000,1.4993,1.4993,1.4992,1.4992,6276.6
1791138240000,1.4993,1.4999,1.4993,1.4998,26208.6
1791138300000,1.4998,1.5007,1.4995,1.5007,26978.0
1791138360000,1.5006,1.5006,1.5,1.5,28573.0
1791138420000,1.4999,1.5004,1.4997,1.5003,14997.0
1791138480000,1.5003,1.5015,1.5003,1.5014,43623.3
1791138540000,1.5013,1.5016,1.501,1.5016,57646.7
1791138600000,1.5016,1.502,1.5015,1.502,19538.6
1791138660000,1.502,1.5026,1.502,1.5026,30691.4
1791138720000,1.5027,1.5027,1.5026,1.5027,4060.3
1791138780000,1.5026,1.5031,1.5025,1.5025,16540.9
1791138840000,1.5025,1.5028,1.5024,1.5024,14538.8
1791138900000,1.5025,1.5029,1.5025,1.5029,15376.8
1791138960000,1.5029,1.5034,1.5029,1.503,39442.7
1791139020000,1.503,1.503,1.5017,1.5019,18615.8
1791139080000,1.5019,1.5024,1.5019,1.5021,27543.2
1791139140000,1.5022,1.5022,1.5021,1.5021,3051.2
1791139200000,1.5022,1.5024,1.502,1.5024,49805.3
1791139260000,1.5024,1.5024,1.5021,1.5021,36653.4
1791139320000,1.5021,1.5027,1.502,1.5026,40527.3
1791139380000,1.5027,1.5027,1.5026,1.5026,4953.5
1791139440000,1.5026,1.5027,1.5021,1.5022,27758.3
1791139500000,1.5022,1.5026,1.5022,1.5025,10267.2
1791139560000,1.5025,1.5027,1.5024,1.5027,5268.1
1791139620000,1.5027,1.5027,1.5025,1.5026,1242.5
1791139680000,1.5025,1.5027,1.5022,1.5022,23747.8
1791139740000,1.5021,1.5021,1.5018,1.5019,6176.2
1791139800000,1.5018,1.5019,1.5018,1.5018,6597.0
1791139860000,1.5019,1.5019,1.5018,1.5018,14518.5
1791139920000,1.5018,1.5019,1.5018,1.5018,8887.2
1791139980000,1.5019,1.5025,1.5018,1.5025,24811.7
1791140040000,1.5026,1.5026,1.5022,1.5022,13214.5
1791140100000,1.5023,1.5029,1.5023,1.5029,11563.6
1791140160000,1.5029,1.5029,1.5028,1.5028,8667.6
1791140220000,1.5029,1.5033,1.5029,1.5033,25099.3
1791140280000,1.5032,1.5035,1.5032,1.5033,41065.2
1791140340000,1.5033,1.5033,1.5023,1.5023,91716.6
1791140400000,1.5024,1.5028,1.5024,1.5028,38817.1
1791140460000,1.5028,1.5042,1.5022,1.504,94220.6
1791140520000,1.5039,1.505,1.5039,1.5044,59588.3
1791140580000,1.5044,1.5047,1.5044,1.5045,27237.7
1791140640000,1.5046,1.5058,1.5046,1.5054,107484.6
1791140700000,1.5055,1.5061,1.5055,1.506,84526.5
1791140760000,1.5061,1.5065,1.506,1.506,69217.2
1791140820000,1.506,1.506,1.5032,1.5044,191536.5
1791140880000,1.5045,1.505,1.5045,1.5046,9381.6
1791140940000,1.5047,1.5051,1.5046,1.505,27528.1
1791141000000,1.505,1.5054,1.505,1.5054,19944.8
1791141060000,1.5053,1.5054,1.5051,1.5051,11808.2
1791141120000,1.505,1.5053,1.505,1.505,2165.9
1791141180000,1.5051,1.5054,1.505,1.5053,12667.3
1791141240000,1.5054,1.5055,1.5053,1.5054,9491.3
1791141300000,1.5054,1.5064,1.5053,1.5064,70581.8
1791141360000,1.5063,1.5068,1.5063,1.5067,32646.9
1791141420000,1.5067,1.5072,1.5067,1.5072,34168.9
1791141480000,1.5071,1.5085,1.5071,1.5077,92101.2
1791141540000,1.5077,1.5082,1.5076,1.5076,32073.3
1791141600000,1.5076,1.5084,1.5073,1.5074,41786.3
1791141660000,1.5074,1.5084,1.5074,1.5078,42956.9
1791141720000,1.5077,1.5077,1.5072,1.5075,14074.1
1791141780000,1.5075,1.5075,1.5069,1.5072,25750.9
1791141840000,1.5072,1.5075,1.5071,1.5074,4604.3
1791141900000,1.5075,1.5079,1.5073,1.5075,11925.3
1791141960000,1.5075,1.508,1.5066,1.5066,8966.0
1791142020000,1.5066,1.5073,1.5063,1.5073,28558.7
1791142080000,1.5074,1.5074,1.507,1.5071,24458.1
1791142140000,1.507,1.5078,1.507,1.5072,15705.8
1791142200000,1.5073,1.508,1.5072,1.5079,13135.1
1791142260000,1.5079,1.5098,1.5079,1.5093,139827.9
1791142320000,1.5092,1.5097,1.5079,1.5079,39728.4
1791142380000,1.508,1.5089,1.507,1.5075,93008.0
1791142440000,1.5076,1.5093,1.5076,1.508,100907.7
1791142500000,1.508,1.5082,1.5074,1.5074,28228.6
1791142560000,1.5075,1.5075,1.5073,1.5074,42668.0
1791142620000,1.5074,1.5074,1.5066,1.5067,3687.8
1791142680000,1.5067,1.5067,1.5063,1.5064,67439.6
1791142740000,1.5065,1.5067,1.5062,1.5067,77708.5
1791142800000,1.5066,1.5067,1.5052,1.5059,79143.6
1791142860000,1.5059,1.5064,1.5049,1.505,187664.6
1791142920000,1.505,1.5052,1.5046,1.5046,19536.9
1791142980000,1.5046,1.5061,1.5046,1.5061,74480.0
1791143040000,1.506,1.5062,1.5057,1.5062,36918.5
1791143100000,1.5062,1.5064,1.5059,1.5059,74563.0
1791143160000,1.506,1.506,1.5055,1.5059,24296.0
1791143220000,1.506,1.5067,1.506,1.5064,50085.3
1791143280000,1.5064,1.5064,1.5063,1.5063,3270.8
1791143340000,1.5064,1.5074,1.5063,1.5067,34408.2
1791143400000,1.5068,1.5073,1.5053,1.5058,143454.2
1791143460000,1.5058,1.5059,1.5052,1.5055,59036.8
1791143520000,1.5055,1.5056,1.5052,1.5054,35779.2
1791143580000,1.5055,1.5055,1.5051,1.5054,96222.1
1791143640000,1.5054,1.5055,1.505,1.5051,18411.9
1791143700000,1.5051,1.5081,1.505,1.507,356034.0
1791143760000,1.507,1.5074,1.5067,1.5068,93623.6
1791143820000,1.5067,1.5072,1.5067,1.5071,12387.1
1791143880000,1.5071,1.5073,1.5069,1.507,16999.9
1791143940000,1.5069,1.507,1.5065,1.5065,69535.0
1791144000000,1.5066,1.5068,1.5061,1.5066,43880.7
1791144060000,1.5065,1.5065,1.5044,1.5047,48025.2
1791144120000,1.5046,1.5072,1.5046,1.5066,273828.9
1791144180000,1.5066,1.507,1.5064,1.5065,28276.7
1791144240000,1.5066,1.5066,1.5064,1.5064,7667.3
1791144300000,1.5064,1.5064,1.5058,1.5058,11827.2
1791144360000,1.5058,1.5058,1.5056,1.5056,3407.8
1791144420000,1.5057,1.5057,1.5051,1.5052,8099.5
1791144480000,1.5051,1.5052,1.505,1.505,3966.0
1791144540000,1.5051,1.5051,1.505,1.505,2493.9
1791144600000,1.505,1.5054,1.505,1.5054,13002.7
1791144660000,1.5054,1.5056,1.5051,1.5056,7342.6
1791144720000,1.5057,1.5058,1.5053,1.5057,7371.2
1791144780000,1.5057,1.5061,1.5057,1.5061,6870.3
1791144840000,1.506,1.5062,1.506,1.5062,9983.1
1791144900000,1.5062,1.5066,1.5062,1.5066,9172.4
1791144960000,1.5065,1.5068,1.5065,1.5067,24852.0
1791145020000,1.5066,1.5068,1.5066,1.5066,32398.2
1791145080000,1.5065,1.5066,1.5064,1.5065,16810.3
1791145140000,1.5065,1.5065,1.5058,1.5061,35660.5
1791145200000,1.5061,1.5068,1.506,1.5068,3904.9
1791145260000,1.5068,1.5068,1.5064,1.5064,4706.9
1791145320000,1.5063,1.5063,1.5058,1.5061,8695.3
1791145380000,1.506,1.506,1.5057,1.5057,64233.3
1791145440000,1.5058,1.5058,1.5051,1.5052,57680.7
1791145500000,1.5052,1.5053,1.5026,1.5046,428067.6
1791145560000,1.5045,1.5046,1.504,1.5042,83450.6
1791145620000,1.5042,1.5045,1.5042,1.5045,24177.5
1791145680000,1.5044,1.5056,1.5044,1.5054,100111.0
1791145740000,1.5053,1.5054,1.5053,1.5053,23715.4
1791145800000,1.5052,1.5053,1.5042,1.5042,83107.2
1791145860000,1.5043,1.5047,1.504,1.5041,42120.1
1791145920000,1.5042,1.5042,1.5041,1.5042,21779.0
1791145980000,1.5041,1.506,1.5041,1.5059,165558.4
1791146040000,1.5059,1.5067,1.5058,1.5067,83901.6
1791146100000,1.5066,1.5072,1.5065,1.5065,320054.4
1791146160000,1.5066,1.5066,1.5059,1.506,258374.9
1791146220000,1.506,1.5062,1.5059,1.5059,295804.7
1791146280000,1.5059,1.5059,1.5037,1.5042,309125.8
1791146340000,1.5041,1.5041,1.4959,1.5031,1542773.2
1791146400000,1.5031,1.5039,1.5031,1.5037,25260.4
1791146460000,1.5038,1.5038,1.5031,1.5031,119683.2
1791146520000,1.5031,1.5032,1.5028,1.5028,55699.7
1791146580000,1.5029,1.504,1.5023,1.5039,69845.6
1791146640000,1.5039,1.5039,1.5029,1.503,78895.6
1791146700000,1.5029,1.5029,1.502,1.502,174536.3
1791146760000,1.5021,1.5029,1.5021,1.5022,41006.2
1791146820000,1.5022,1.505,1.5022,1.5046,294114.2
1791146880000,1.5045,1.5049,1.5044,1.5049,24879.5
1791146940000,1.5048,1.5048,1.5033,1.5034,113077.7
1791147000000,1.5035,1.5036,1.5034,1.5035,73803.2
1791147060000,1.5035,1.5036,1.5034,1.5035,72196.9
1791147120000,1.5035,1.504,1.5034,1.504,58773.0
1791147180000,1.504,1.504,1.5034,1.5035,42272.8
1791147240000,1.5035,1.5042,1.5035,1.5041,103867.6
1791147300000,1.5042,1.5053,1.5041,1.5053,14139.0
1791147360000,1.5053,1.5064,1.5053,1.5064,12628.3
1791147420000,1.5063,1.5064,1.5063,1.5063,32288.7
1791147480000,1.5063,1.5064,1.506,1.5062,24212.6
1791147540000,1.5061,1.5062,1.5059,1.5059,8181.9
1791147600000,1.5059,1.5065,1.5056,1.5056,34060.8
1791147660000,1.5057,1.5059,1.5053,1.5059,19388.5
1791147720000,1.5058,1.5067,1.5057,1.5066,17309.2
1791147780000,1.5067,1.507,1.5063,1.5064,24541.2
1791147840000,1.5064,1.5066,1.5063,1.5065,56608.2
1791147900000,1.5064,1.5067,1.5062,1.5066,14490.6
1791147960000,1.5066,1.5067,1.5066,1.5067,3970.3
1791148020000,1.5067,1.5068,1.5064,1.5067,21015.9
1791148080000,1.5067,1.5085,1.5067,1.5084,83164.0
1791148140000,1.5083,1.509,1.5083,1.509,50099.5
1791148200000,1.509,1.5099,1.5089,1.5097,45460.0
1791148260000,1.5097,1.5118,1.5096,1.5113,316759.3
1791148320000,1.5113,1.5113,1.5103,1.5103,28881.7
1791148380000,1.5103,1.5109,1.5096,1.5107,125643.5
1791148440000,1.5105,1.5111,1.5103,1.5106,46833.0
1791148500000,1.5105,1.5105,1.5096,1.5099,63268.0
1791148560000,1.51,1.5115,1.5099,1.5115,25118.9
1791148620000,1.5114,1.5116,1.5108,1.5108,139190.5
1791148680000,1.5107,1.5112,1.5106,1.5106,26139.8
1791148740000,1.5106,1.511,1.5103,1.5108,95428.1
1791148800000,1.5108,1.5108,1.509,1.509,58919.9
1791148860000,1.5091,1.5099,1.5083,1.5086,141553.6
1791148920000,1.5086,1.5091,1.5082,1.5091,36119.7
1791148980000,1.5091,1.5098,1.5089,1.5098,57477.9
1791149040000,1.5097,1.5109,1.5097,1.5104,43323.8
1791149100000,1.5105,1.5115,1.5105,1.5106,55961.3
1791149160000,1.5106,1.5111,1.5106,1.5108,43901.6
1791149220000,1.5108,1.5108,1.5103,1.5104,13400.2
1791149280000,1.5104,1.5104,1.5103,1.5104,6888.8
1791149340000,1.5103,1.5105,1.5103,1.5104,20062.6
1791149400000,1.5104,1.5127,1.5104,1.5124,144618.5
1791149460000,1.5124,1.5126,1.5118,1.5126,39304.3
1791149520000,1.5126,1.5133,1.5123,1.513,60994.3
1791149580000,1.513,1.513,1.5119,1.5123,59178.9
1791149640000,1.5122,1.5124,1.512,1.5121,18957.8
1791149700000,1.5121,1.5121,1.5109,1.5112,52541.3
1791149760000,1.5111,1.5112,1.5111,1.5112,5407.9
1791149820000,1.5111,1.5112,1.511,1.5111,80217.8
1791149880000,1.5111,1.5117,1.5111,1.5116,61154.9
1791149940000,1.5116,1.5116,1.5106,1.5107,31460.9
1791150000000,1.5106,1.5111,1.5101,1.5101,99075.5
1791150060000,1.5102,1.5102,1.51,1.5101,48818.5
1791150120000,1.51,1.5101,1.5094,1.5096,62204.6
1791150180000,1.5095,1.5098,1.5094,1.5098,61821.9
1791150240000,1.5098,1.5106,1.5097,1.5103,50504.0
1791150300000,1.5103,1.5105,1.5103,1.5105,8165.2
1791150360000,1.5105,1.5109,1.5105,1.5109,21507.4
1791150420000,1.5109,1.5116,1.5106,1.5106,43128.5
1791150480000,1.5106,1.5106,1.5104,1.5104,9164.1
1791150540000,1.5104,1.5104,1.5099,1.51,32588.6
1791150600000,1.51,1.5112,1.5099,1.5112,104705.6
1791150660000,1.5113,1.5113,1.511,1.511,17108.6
1791150720000,1.511,1.5126,1.5107,1.5126,85732.3
1791150780000,1.5126,1.5128,1.5117,1.5117,73155.4
1791150840000,1.5117,1.5117,1.5102,1.5102,65229.6
1791150900000,1.5101,1.5101,1.5089,1.509,89986.9
1791150960000,1.5089,1.51,1.5089,1.5098,25997.2
1791151020000,1.5098,1.5098,1.508,1.5081,66610.7
1791151080000,1.508,1.5081,1.5068,1.5077,106854.6
1791151140000,1.5076,1.5083,1.5069,1.5083,33378.8
1791151200000,1.5084,1.5124,1.5084,1.5112,164074.1
1791151260000,1.5113,1.5124,1.5111,1.5124,123207.2
1791151320000,1.5124,1.5182,1.5124,1.5175,852563.8
1791151380000,1.5175,1.5187,1.5149,1.5176,165798.6
1791151440000,1.5175,1.52,1.5171,1.5196,226827.1
1791151500000,1.5195,1.5196,1.5174,1.5186,111532.9
1791151560000,1.5185,1.5209,1.5183,1.519,327205.8
1791151620000,1.5189,1.519,1.517,1.5171,136760.3
1791151680000,1.5171,1.5177,1.5162,1.5175,98572.1
1791151740000,1.5176,1.5182,1.5168,1.5169,44106.4
1791151800000,1.5169,1.5172,1.5164,1.5169,67613.4
1791151860000,1.517,1.5183,1.5162,1.5182,182711.7
1791151920000,1.5183,1.5183,1.5178,1.5178,62959.7
1791151980000,1.5179,1.5205,1.5179,1.5201,66916.1
1791152040000,1.5201,1.5209,1.5196,1.5203,121683.0
1791152100000,1.5202,1.5205,1.5196,1.5205,50434.2
1791152160000,1.5205,1.5239,1.5191,1.5205,935618.7
1791152220000,1.5205,1.5224,1.52,1.5213,225509.0
1791152280000,1.5212,1.5222,1.5198,1.5205,134889.2
1791152340000,1.5204,1.5221,1.5201,1.5206,47465.2
1791152400000,1.5206,1.5225,1.5206,1.5218,132738.0
1791152460000,1.5219,1.5221,1.5198,1.5217,55463.2
1791152520000,1.5217,1.522,1.5208,1.5219,101681.3
1791152580000,1.5219,1.5219,1.5202,1.5208,78396.1
1791152640000,1.5208,1.5211,1.52,1.5202,46471.5
1791152700000,1.5202,1.5219,1.5195,1.5219,124120.2
1791152760000,1.5219,1.5219,1.5197,1.5205,67307.1
1791152820000,1.5206,1.5206,1.5183,1.5185,70901.0
1791152880000,1.5184,1.5184,1.5168,1.5171,88572.6
1791152940000,1.517,1.5171,1.5157,1.516,72615.7
1791153000000,1.5159,1.5168,1.5153,1.5167,76083.8
1791153060000,1.5166,1.5177,1.5164,1.517,145916.4
1791153120000,1.5169,1.5182,1.5167,1.5176,164009.3
1791153180000,1.5176,1.5181,1.5159,1.516,59300.5
1791153240000,1.516,1.5174,1.5159,1.5171,59487.0
1791153300000,1.517,1.519,1.517,1.5185,123555.6
1791153360000,1.5185,1.5204,1.5184,1.5199,156027.3
1791153420000,1.52,1.5204,1.5191,1.5191,103249.2
1791153480000,1.5191,1.5201,1.5181,1.5183,57302.8
1791153540000,1.5182,1.5183,1.517,1.517,69386.2
1791153600000,1.5171,1.5179,1.5165,1.5171,90809.9
1791153660000,1.5171,1.5181,1.5168,1.5181,61556.1
1791153720000,1.5182,1.52,1.5182,1.52,70763.9
1791153780000,1.52,1.5212,1.5195,1.5196,192931.4
1791153840000,1.5197,1.5201,1.5192,1.5193,63643.6
1791153900000,1.5193,1.5196,1.519,1.519,72697.0
1791153960000,1.5189,1.5189,1.5183,1.5183,69166.1
1791154020000,1.5183,1.5188,1.5178,1.5187,80438.7
1791154080000,1.5188,1.5189,1.5187,1.5187,65106.3
1791154140000,1.5188,1.5188,1.5179,1.5179,42314.2
1791154200000,1.5179,1.5179,1.517,1.5172,69696.3
1791154260000,1.5172,1.5175,1.5166,1.5175,26558.4
1791154320000,1.5176,1.5183,1.5175,1.5183,22932.2
1791154380000,1.5183,1.5196,1.5182,1.5195,85598.9
1791154440000,1.5195,1.5197,1.5191,1.5196,71604.6
1791154500000,1.5197,1.5197,1.5192,1.5195,58780.9
1791154560000,1.5196,1.5203,1.5196,1.5196,36665.7
1791154620000,1.5195,1.5196,1.5187,1.5188,21689.6
1791154680000,1.5188,1.5188,1.518,1.5186,31642.8
1791154740000,1.5186,1.5187,1.5185,1.5186,16351.0
1791154800000,1.5187,1.5202,1.5182,1.519,68553.0
1791154860000,1.5189,1.5193,1.5179,1.5189,66525.2
1791154920000,1.5189,1.5192,1.5176,1.5176,44970.5
1791154980000,1.5176,1.5191,1.5176,1.519,21970.1
1791155040000,1.519,1.5197,1.5188,1.5197,25361.2
1791155100000,1.5197,1.5201,1.519,1.5197,18555.5
1791155160000,1.5196,1.5199,1.5196,1.5199,18624.6
1791155220000,1.5198,1.5198,1.5184,1.5187,11062.7
1791155280000,1.5186,1.5197,1.5186,1.5197,6061.0
1791155340000,1.5196,1.5196,1.5184,1.5184,61087.1
1791155400000,1.5185,1.5209,1.5184,1.5203,68868.1
1791155460000,1.5203,1.5204,1.5192,1.5199,37226.1
1791155520000,1.5199,1.5209,1.5198,1.5208,45659.6
1791155580000,1.5208,1.5211,1.5201,1.5208,133244.2
1791155640000,1.5208,1.5209,1.5201,1.5202,99405.7
1791155700000,1.5202,1.5209,1.52,1.5202,41181.8
1791155760000,1.5201,1.521,1.5196,1.5209,17739.0
1791155820000,1.5209,1.5229,1.5209,1.5211,129446.4
1791155880000,1.521,1.5213,1.519,1.519,58981.8
1791155940000,1.5191,1.5206,1.5191,1.5204,72928.1
1791156000000,1.5204,1.5217,1.5203,1.5211,97128.5
1791156060000,1.521,1.5213,1.5206,1.5211,140486.5
1791156120000,1.5211,1.5211,1.5198,1.5198,75420.6
1791156180000,1.5198,1.5202,1.5197,1.5201,78696.9
1791156240000,1.5201,1.5212,1.5201,1.5203,100533.6
1791156300000,1.5203,1.5208,1.5203,1.5208,38911.3
1791156360000,1.5208,1.522,1.5207,1.5217,37365.9
1791156420000,1.5217,1.5232,1.5206,1.5228,101504.5
1791156480000,1.5227,1.5241,1.5227,1.5231,215234.2
1791156540000,1.5231,1.5249,1.5231,1.5249,430878.8
1791156600000,1.5248,1.5263,1.5248,1.5256,273013.2
1791156660000,1.5256,1.5268,1.5242,1.5243,164728.1
1791156720000,1.5242,1.5243,1.5233,1.5234,301647.4
1791156780000,1.5234,1.5245,1.5234,1.5237,27962.5
1791156840000,1.5237,1.5237,1.5224,1.5228,41823.4
1791156900000,1.5227,1.5228,1.5221,1.5226,23894.1
1791156960000,1.5225,1.5232,1.5211,1.5212,55785.6
1791157020000,1.5211,1.5217,1.5209,1.5215,60489.4
1791157080000,1.5215,1.5215,1.5198,1.5203,371356.3
1791157140000,1.5204,1.5213,1.5204,1.5211,42387.1
1791157200000,1.5211,1.5229,1.5211,1.5228,60897.1
1791157260000,1.5227,1.5227,1.5218,1.522,47939.9
1791157320000,1.5221,1.5223,1.5213,1.5222,113912.2
1791157380000,1.5223,1.5228,1.5216,1.5222,102554.1
1791157440000,1.5222,1.5224,1.5222,1.5223,5681.7
1791157500000,1.5223,1.5224,1.5209,1.5209,119136.3
1791157560000,1.5209,1.5212,1.5209,1.5212,44568.0
1791157620000,1.5211,1.5215,1.5208,1.5211,30137.1
1791157680000,1.5212,1.5212,1.5206,1.5206,49327.2
1791157740000,1.5206,1.5214,1.5205,1.5214,174054.9
1791157800000,1.5214,1.5217,1.5209,1.5212,62293.3
1791157860000,1.5212,1.5216,1.5205,1.5205,26913.2
1791157920000,1.5205,1.5211,1.5204,1.5204,16863.4
1791157980000,1.5203,1.5204,1.5196,1.5197,68303.9
1791158040000,1.5198,1.5201,1.5195,1.52,17675.0
1791158100000,1.52,1.5203,1.5198,1.52,25392.6
1791158160000,1.52,1.5206,1.52,1.5204,54985.9
1791158220000,1.5204,1.5205,1.5197,1.5197,19153.1
1791158280000,1.5197,1.5203,1.5194,1.5199,58159.8
1791158340000,1.5199,1.5206,1.5199,1.5206,28715.5
1791158400000,1.5205,1.5205,1.5185,1.5185,130719.9
1791158460000,1.5186,1.5188,1.5167,1.5173,205654.0
1791158520000,1.5173,1.5175,1.5162,1.5166,66895.0
1791158580000,1.5166,1.5177,1.5163,1.5172,51790.9
1791158640000,1.5171,1.5184,1.5171,1.518,64198.6
1791158700000,1.5179,1.5186,1.5179,1.5183,46499.6
1791158760000,1.5182,1.5187,1.5181,1.5185,53231.0
1791158820000,1.5185,1.5185,1.5175,1.5175,39773.4
1791158880000,1.5176,1.5186,1.5176,1.5184,84237.1
1791158940000,1.5184,1.5184,1.5174,1.5174,95028.3
1791159000000,1.5173,1.5185,1.5169,1.5185,72284.6
1791159060000,1.5186,1.5194,1.5184,1.5184,55076.1
1791159120000,1.5183,1.5183,1.5168,1.5171,145783.4
1791159180000,1.517,1.5189,1.517,1.5189,59686.2
1791159240000,1.5189,1.5189,1.5181,1.5185,64472.5
1791159300000,1.5185,1.5193,1.5182,1.5186,162740.4
1791159360000,1.5187,1.5191,1.5187,1.5188,58201.2
1791159420000,1.5189,1.5191,1.5184,1.5187,46235.1
1791159480000,1.5188,1.519,1.518,1.519,37356.6
1791159540000,1.5189,1.5199,1.5186,1.5198,65293.6
1791159600000,1.5198,1.52,1.5195,1.5199,50569.5
1791159660000,1.5198,1.52,1.5189,1.5189,22783.0
1791159720000,1.5188,1.5188,1.5178,1.518,71184.8
1791159780000,1.518,1.5183,1.5177,1.5177,37080.1
1791159840000,1.5177,1.5178,1.5163,1.5168,130827.5
1791159900000,1.5168,1.5168,1.5149,1.5156,76613.1
1791159960000,1.5156,1.5159,1.515,1.515,43532.7
1791160020000,1.515,1.5155,1.5149,1.5155,19394.2
1791160080000,1.5155,1.5158,1.5143,1.5143,27219.0
1791160140000,1.5142,1.5142,1.5137,1.5141,53443.1
1791160200000,1.5142,1.5143,1.5134,1.5135,33405.0
1791160260000,1.5134,1.5137,1.5126,1.5136,172238.5
1791160320000,1.5136,1.5145,1.5135,1.5144,81784.5
1791160380000,1.5145,1.5153,1.5137,1.5153,98933.8
1791160440000,1.5152,1.5154,1.5144,1.5144,68907.0
1791160500000,1.5144,1.5148,1.5139,1.5147,48678.8
1791160560000,1.5147,1.5155,1.5147,1.5154,40829.4
1791160620000,1.5154,1.5155,1.5143,1.5143,42547.5
1791160680000,1.5143,1.5147,1.5143,1.5146,35749.5
1791160740000,1.5146,1.5162,1.5146,1.5161,92182.8
1791160800000,1.5161,1.5177,1.5161,1.5176,148645.9
1791160860000,1.5176,1.519,1.5171,1.5189,50554.5
1791160920000,1.5189,1.5204,1.5188,1.5203,98338.1
1791160980000,1.5202,1.5209,1.5196,1.5199,77519.3
1791161040000,1.5198,1.5205,1.5197,1.5205,28429.9
1791161100000,1.5204,1.522,1.5202,1.5215,220842.3
1791161160000,1.5214,1.5223,1.5209,1.5214,103692.4
1791161220000,1.5213,1.5222,1.5207,1.5222,31992.1
1791161280000,1.5222,1.5241,1.5222,1.5235,112652.6
1791161340000,1.5234,1.5239,1.5226,1.5236,49827.0
1791161400000,1.5236,1.5236,1.5228,1.5228,81954.7
1791161460000,1.5229,1.5249,1.5229,1.5232,275045.4
1791161520000,1.5232,1.5238,1.5228,1.5238,30442.6
1791161580000,1.5237,1.5244,1.523,1.523,71901.8
1791161640000,1.5229,1.5229,1.5216,1.522,67931.4
1791161700000,1.522,1.523,1.5217,1.5225,64331.5
1791161760000,1.5224,1.5231,1.522,1.5221,54957.7
1791161820000,1.522,1.5228,1.522,1.5228,68258.5
1791161880000,1.5228,1.5245,1.5228,1.5238,106527.1
1791161940000,1.5237,1.524,1.5229,1.523,42188.8
1791162000000,1.523,1.523,1.5217,1.5219,76040.1
1791162060000,1.522,1.5224,1.5215,1.5222,98591.6
1791162120000,1.5221,1.5223,1.5213,1.5216,71691.6
1791162180000,1.5216,1.5223,1.5209,1.5215,71018.1
1791162240000,1.5215,1.5228,1.5215,1.5228,49328.5
1791162300000,1.5227,1.5231,1.5222,1.5231,52264.5
1791162360000,1.523,1.5232,1.5224,1.5224,62539.7
1791162420000,1.5225,1.5227,1.5211,1.5213,94467.7
1791162480000,1.5212,1.5222,1.5207,1.5217,65606.2
1791162540000,1.5218,1.5218,1.5212,1.5213,34274.9
1791162600000,1.5212,1.522,1.5211,1.522,35660.6
1791162660000,1.522,1.5233,1.522,1.5228,84274.4
1791162720000,1.5228,1.5238,1.5225,1.5226,80002.2
1791162780000,1.5225,1.5242,1.5225,1.5241,51262.2
1791162840000,1.524,1.5257,1.5236,1.5256,97340.1
1791162900000,1.5256,1.5268,1.525,1.5259,336774.1
1791162960000,1.5259,1.5269,1.5255,1.5268,172460.2
1791163020000,1.5268,1.5289,1.5268,1.5286,453591.8
1791163080000,1.5285,1.5295,1.5265,1.5268,203652.5
1791163140000,1.5268,1.5278,1.5268,1.5277,89970.7
1791163200000,1.5277,1.5291,1.5274,1.529,197924.1
1791163260000,1.529,1.53,1.5282,1.5288,246203.2
1791163320000,1.5288,1.53,1.5271,1.5271,168313.9
1791163380000,1.527,1.5274,1.5261,1.5272,82665.3
1791163440000,1.5272,1.5294,1.5272,1.5286,113836.4
1791163500000,1.5285,1.5293,1.5285,1.5289,104574.8
1791163560000,1.5289,1.5294,1.5282,1.5287,103092.3
1791163620000,1.5287,1.5289,1.5282,1.5288,51056.5
1791163680000,1.5288,1.531,1.5288,1.5309,492538.6
1791163740000,1.5309,1.5309,1.5286,1.5286,83571.7
1791163800000,1.5286,1.5286,1.5253,1.5256,206185.8
1791163860000,1.5255,1.5255,1.5231,1.5233,155250.3
1791163920000,1.5234,1.5237,1.5225,1.5229,93404.6
1791163980000,1.523,1.5235,1.5224,1.5228,69799.6
1791164040000,1.5229,1.5229,1.5215,1.5222,132410.2
1791164100000,1.5222,1.5228,1.5217,1.5222,70579.8
1791164160000,1.5222,1.5226,1.5214,1.522,83182.0
1791164220000,1.5219,1.5226,1.5216,1.5221,45055.0
1791164280000,1.5221,1.5226,1.5215,1.5226,51680.7
1791164340000,1.5225,1.5228,1.5221,1.5228,65383.1
1791164400000,1.5228,1.5234,1.5228,1.5229,31591.2
1791164460000,1.5228,1.5242,1.5228,1.5239,61662.3
1791164520000,1.5238,1.5238,1.523,1.5231,47759.8
1791164580000,1.5232,1.5232,1.522,1.522,48413.0
1791164640000,1.5221,1.5224,1.522,1.5222,48078.1
1791164700000,1.5222,1.523,1.5222,1.5229,41079.7
1791164760000,1.523,1.5234,1.523,1.5234,67113.6
1791164820000,1.5233,1.5237,1.5232,1.5233,50461.8
1791164880000,1.5234,1.5241,1.5233,1.5238,29849.6
1791164940000,1.5238,1.5238,1.5233,1.5233,31035.7
1791165000000,1.5232,1.5236,1.5223,1.5223,19290.7
1791165060000,1.5224,1.5226,1.5219,1.5223,42639.7
1791165120000,1.5222,1.5231,1.5219,1.5231,46439.0
1791165180000,1.523,1.523,1.5213,1.5213,74253.6
1791165240000,1.5212,1.5212,1.52,1.52,61422.7
1791165300000,1.5201,1.5203,1.5197,1.5202,30796.7
1791165360000,1.5203,1.5203,1.5201,1.5202,9156.8
1791165420000,1.5201,1.5203,1.5199,1.5202,25581.8
1791165480000,1.5203,1.5205,1.5202,1.5205,23838.3
1791165540000,1.5204,1.5208,1.5204,1.5205,21681.3
1791165600000,1.5205,1.5216,1.5205,1.5216,103052.3
1791165660000,1.5216,1.522,1.5205,1.5209,56344.5
1791165720000,1.5209,1.5216,1.5209,1.5216,51414.4
1791165780000,1.5217,1.5224,1.5213,1.5224,55698.8
1791165840000,1.5224,1.5233,1.522,1.5221,51906.7
1791165900000,1.5221,1.5237,1.5221,1.5237,77282.1
1791165960000,1.5237,1.524,1.5235,1.524,42239.3
1791166020000,1.524,1.5243,1.5232,1.524,62631.1
1791166080000,1.524,1.5242,1.5239,1.5241,31917.3
1791166140000,1.524,1.5248,1.524,1.5247,35202.1
1791166200000,1.5248,1.5259,1.5248,1.5257,93489.8
1791166260000,1.5256,1.5263,1.5256,1.5262,106374.1
1791166320000,1.5262,1.5262,1.5253,1.5256,30317.6
1791166380000,1.5256,1.5264,1.5253,1.5264,103923.4
1791166440000,1.5263,1.5268,1.5258,1.5265,75658.5
1791166500000,1.5264,1.5285,1.5261,1.5284,91145.1
1791166560000,1.5284,1.5289,1.5282,1.5282,107013.1
1791166620000,1.5283,1.5283,1.5269,1.5269,127032.1
1791166680000,1.5269,1.5273,1.5264,1.5272,95771.8
1791166740000,1.5272,1.5272,1.5241,1.5248,89940.3
1791166800000,1.5249,1.5254,1.5248,1.5249,84297.7
1791166860000,1.5248,1.5248,1.5233,1.5239,84614.4
1791166920000,1.5239,1.5244,1.5234,1.5244,54847.1
1791166980000,1.5244,1.5244,1.5237,1.5239,30112.9
1791167040000,1.5239,1.5243,1.5235,1.5242,33403.1
1791167100000,1.5242,1.5252,1.524,1.5248,117759.5
1791167160000,1.5249,1.5252,1.5235,1.5238,54743.3
1791167220000,1.5237,1.5244,1.5235,1.5238,69435.3
1791167280000,1.5238,1.5238,1.5232,1.5233,65172.3
1791167340000,1.5233,1.5233,1.5219,1.5219,92698.9
1791167400000,1.5219,1.5219,1.5214,1.5218,49245.0
1791167460000,1.5218,1.5221,1.5206,1.5206,120361.2
1791167520000,1.5205,1.5215,1.5205,1.5214,96314.7
1791167580000,1.5214,1.522,1.5209,1.5209,64090.2
1791167640000,1.521,1.5214,1.5209,1.5211,24053.4
1791167700000,1.521,1.5233,1.5207,1.523,384028.4
1791167760000,1.5231,1.5231,1.5217,1.5217,472358.0
1791167820000,1.5216,1.5232,1.5208,1.5229,66819.8
1791167880000,1.5229,1.5235,1.5223,1.5225,324682.2
1791167940000,1.5224,1.524,1.5223,1.5231,181511.0
1791168000000,1.5231,1.5237,1.5231,1.5237,114301.7
1791168060000,1.5237,1.5249,1.5234,1.5242,82660.3
1791168120000,1.5243,1.525,1.5232,1.5238,104925.6
1791168180000,1.5238,1.5238,1.5223,1.5232,88782.4
1791168240000,1.5232,1.5237,1.5231,1.5233,51731.6
1791168300000,1.5232,1.5249,1.5232,1.5238,339041.3
1791168360000,1.5238,1.5243,1.5234,1.524,71819.1
1791168420000,1.524,1.524,1.5228,1.5228,17455.5
1791168480000,1.5228,1.5228,1.5218,1.5218,226140.5
1791168540000,1.5219,1.5219,1.5208,1.5208,50099.1
1791168600000,1.5208,1.5208,1.5205,1.5206,21409.3
1791168660000,1.5206,1.5207,1.5205,1.5205,9267.2
1791168720000,1.5205,1.5208,1.5205,1.5208,25981.8
1791168780000,1.5207,1.5215,1.5207,1.5214,42299.4
1791168840000,1.5214,1.5215,1.5212,1.5212,32556.3
1791168900000,1.5213,1.5213,1.5199,1.5201,119307.5
1791168960000,1.5202,1.5204,1.5201,1.5203,29589.6
1791169020000,1.5204,1.5204,1.52,1.52,55988.8
1791169080000,1.52,1.5202,1.5198,1.5198,35996.8
1791169140000,1.5198,1.5198,1.5185,1.5188,162278.7
1791169200000,1.5188,1.5189,1.5178,1.5181,69039.9
1791169260000,1.5181,1.5185,1.5179,1.5179,73379.6
1791169320000,1.5179,1.5179,1.5171,1.5173,106637.5
1791169380000,1.5173,1.5176,1.5169,1.5171,97079.5
1791169440000,1.517,1.5171,1.5162,1.5164,36370.3
1791169500000,1.5165,1.5175,1.5163,1.5169,138274.6
1791169560000,1.5169,1.517,1.5165,1.5168,71368.3
1791169620000,1.5169,1.5169,1.5165,1.5169,52700.2
1791169680000,1.5168,1.517,1.5166,1.517,27388.3
1791169740000,1.517,1.517,1.5166,1.5169,36906.9
1791169800000,1.5169,1.5179,1.5166,1.5178,54513.2
1791169860000,1.5178,1.5186,1.5175,1.5183,130632.7
1791169920000,1.5182,1.5183,1.5179,1.518,29639.0
1791169980000,1.518,1.5181,1.5179,1.5179,13606.3
1791170040000,1.518,1.5198,1.5179,1.5193,169213.5
1791170100000,1.5193,1.5196,1.5173,1.5176,170801.3
1791170160000,1.5176,1.5183,1.5174,1.5183,106506.9
1791170220000,1.5184,1.5188,1.5175,1.5175,59982.9
1791170280000,1.5175,1.5176,1.5172,1.5174,47862.1
1791170340000,1.5175,1.5177,1.5171,1.5171,50953.8
1791170400000,1.5171,1.5171,1.5159,1.5161,67917.1
1791170460000,1.5161,1.5161,1.5147,1.5148,98834.6
1791170520000,1.5148,1.515,1.5136,1.5136,127118.6
1791170580000,1.5136,1.5158,1.512,1.5157,572322.7
1791170640000,1.5157,1.5157,1.5152,1.5156,63945.2
1791170700000,1.5157,1.517,1.5157,1.5162,135494.0
1791170760000,1.5162,1.5171,1.5159,1.5167,63005.4
1791170820000,1.5166,1.5169,1.5166,1.5166,21269.2
1791170880000,1.5166,1.5168,1.5166,1.5168,27908.5
1791170940000,1.5168,1.5171,1.5168,1.5171,13593.5
1791171000000,1.5171,1.5171,1.5164,1.5168,40138.6
1791171060000,1.5167,1.5171,1.5164,1.5167,140227.8
1791171120000,1.5168,1.5173,1.5167,1.5169,35470.4
1791171180000,1.5169,1.5169,1.5165,1.5166,35737.5
1791171240000,1.5166,1.5168,1.5165,1.5166,75184.1
1791171300000,1.5166,1.5166,1.5161,1.5161,78352.3
1791171360000,1.5161,1.5161,1.5135,1.5137,55730.8
1791171420000,1.5137,1.5137,1.5126,1.5132,210708.6
1791171480000,1.5133,1.5141,1.5129,1.514,70654.9
1791171540000,1.5141,1.5156,1.514,1.5156,68675.9
1791171600000,1.5157,1.5163,1.5152,1.5156,102387.2
1791171660000,1.5155,1.5156,1.5146,1.5156,63873.0
1791171720000,1.5155,1.5157,1.5148,1.5149,60603.1
1791171780000,1.5149,1.5156,1.514,1.5141,63448.5
1791171840000,1.514,1.5144,1.5139,1.5141,73799.7
1791171900000,1.5141,1.5148,1.514,1.5148,73479.9
1791171960000,1.5147,1.515,1.5145,1.5148,39732.1
1791172020000,1.5148,1.515,1.5145,1.5148,45491.5
1791172080000,1.5148,1.5148,1.5141,1.5143,95477.3
1791172140000,1.5143,1.5148,1.5135,1.5136,60960.7
1791172200000,1.5136,1.5136,1.5123,1.5123,44976.1
1791172260000,1.5123,1.5127,1.5122,1.5125,47482.0
1791172320000,1.5125,1.5126,1.5116,1.5125,79874.9
1791172380000,1.5126,1.5127,1.5123,1.5125,73783.6
1791172440000,1.5124,1.5125,1.5119,1.5125,64111.2
1791172500000,1.5125,1.5129,1.5124,1.5124,44714.6
1791172560000,1.5123,1.5124,1.5123,1.5124,29718.3
1791172620000,1.5123,1.5124,1.5094,1.5095,171849.4
1791172680000,1.5095,1.5124,1.5094,1.5102,303652.3
1791172740000,1.5102,1.5116,1.5091,1.5112,273210.7
1791172800000,1.5112,1.5119,1.5094,1.5101,178915.3
1791172860000,1.51,1.5113,1.5094,1.5113,145641.2
1791172920000,1.5112,1.5122,1.5104,1.5104,117967.3
1791172980000,1.5104,1.5114,1.5096,1.5113,176042.0
1791173040000,1.5113,1.5113,1.51,1.51,117306.0
1791173100000,1.51,1.51,1.5093,1.5093,75061.4
1791173160000,1.5092,1.5119,1.5088,1.5118,67706.2
1791173220000,1.5118,1.5124,1.5107,1.5107,77965.2
1791173280000,1.5107,1.5115,1.5088,1.5108,87381.4
1791173340000,1.5109,1.5118,1.5102,1.5113,61966.0
1791173400000,1.5113,1.5115,1.5097,1.5101,60996.6
1791173460000,1.5101,1.511,1.5099,1.5108,99261.4
1791173520000,1.5107,1.5115,1.5106,1.5115,23231.9
1791173580000,1.5115,1.5118,1.5115,1.5116,15707.0
1791173640000,1.5116,1.5119,1.511,1.5113,85182.0
1791173700000,1.5113,1.5116,1.511,1.5116,32311.9
1791173760000,1.5116,1.5116,1.5101,1.5111,65438.3
1791173820000,1.5112,1.5114,1.5091,1.5091,87211.7
1791173880000,1.5091,1.5092,1.508,1.5083,106927.9
1791173940000,1.5083,1.5087,1.5073,1.5083,152181.1
1791174000000,1.5083,1.5087,1.5074,1.5075,41417.5
1791174060000,1.5075,1.5075,1.5062,1.5068,93559.6
1791174120000,1.5068,1.5074,1.505,1.5073,152997.7
1791174180000,1.5074,1.5085,1.5074,1.5082,157786.7
1791174240000,1.5081,1.5099,1.5081,1.5099,64190.8
1791174300000,1.51,1.5127,1.5099,1.5108,129581.2
1791174360000,1.5107,1.5112,1.5087,1.5097,84978.6
1791174420000,1.5097,1.5098,1.5088,1.5091,60818.0
1791174480000,1.5092,1.5093,1.5081,1.5082,24930.2
1791174540000,1.5081,1.5083,1.5076,1.508,43091.1
1791174600000,1.5081,1.5086,1.5074,1.5078,68464.0
1791174660000,1.5077,1.5084,1.507,1.507,43413.2
1791174720000,1.5069,1.5069,1.5013,1.5014,315698.2
1791174780000,1.5013,1.5041,1.5,1.504,337421.7
1791174840000,1.5039,1.5039,1.5021,1.5021,86088.4
1791174900000,1.5021,1.5021,1.5004,1.5005,107621.0
1791174960000,1.5005,1.5018,1.5,1.5012,463818.4
1791175020000,1.5012,1.5028,1.501,1.5022,80302.7
1791175080000,1.5022,1.5023,1.5007,1.5009,77429.6
1791175140000,1.5008,1.501,1.4992,1.5007,227736.9
1791175200000,1.5008,1.5014,1.5002,1.5009,72606.4
1791175260000,1.501,1.5026,1.5001,1.5026,86644.9
1791175320000,1.5026,1.5036,1.5023,1.5033,62083.6
1791175380000,1.5033,1.5036,1.5032,1.5032,21853.0
1791175440000,1.5033,1.5043,1.5033,1.5043,30303.9
1791175500000,1.5042,1.5071,1.5036,1.5071,192573.4
1791175560000,1.507,1.507,1.5055,1.5062,59512.1
1791175620000,1.5063,1.5069,1.5063,1.5068,29655.5
1791175680000,1.5068,1.5075,1.5068,1.5075,20338.6
1791175740000,1.5075,1.508,1.5061,1.5063,240038.4
1791175800000,1.5062,1.5062,1.5037,1.5037,39770.5
1791175860000,1.5038,1.5046,1.5034,1.5046,71081.7
1791175920000,1.5046,1.5046,1.5028,1.5028,65104.4
1791175980000,1.5028,1.5029,1.5025,1.5027,53143.4
1791176040000,1.5026,1.5034,1.5026,1.5033,23148.8
1791176100000,1.5034,1.5048,1.5034,1.5043,52517.4
1791176160000,1.5042,1.5046,1.5034,1.5042,19050.7
1791176220000,1.5043,1.5052,1.5043,1.5052,5721.4
1791176280000,1.5051,1.5052,1.5043,1.5043,47997.7
1791176340000,1.5043,1.5046,1.5039,1.504,32187.9
1791176400000,1.5039,1.5042,1.5029,1.5036,33146.5
1791176460000,1.5035,1.5035,1.5027,1.5028,64189.7
1791176520000,1.5027,1.5031,1.5016,1.5017,88342.3
1791176580000,1.5017,1.5025,1.5015,1.5023,106093.0
1791176640000,1.5023,1.5033,1.5022,1.503,51471.0
1791176700000,1.503,1.5053,1.503,1.5049,158486.9
1791176760000,1.5048,1.5049,1.5042,1.5046,40419.5
1791176820000,1.5045,1.5047,1.5041,1.5041,31743.1
1791176880000,1.5041,1.5042,1.5034,1.5039,62236.9
1791176940000,1.5039,1.5045,1.5039,1.5041,21190.8
1791177000000,1.5042,1.5042,1.5029,1.5029,97369.4
1791177060000,1.503,1.503,1.5022,1.5024,32238.8
1791177120000,1.5025,1.5031,1.5024,1.5031,26782.8
1791177180000,1.5031,1.5037,1.5028,1.5029,21636.4
1791177240000,1.5028,1.5028,1.5022,1.5023,61233.6
1791177300000,1.5023,1.5029,1.5021,1.5021,19583.0
1791177360000,1.5021,1.5027,1.502,1.5026,7782.2
